file_index,event,is_marley,is_main_track,is_es_interaction,pos_x,pos_y,pos_z,momentum_x,momentum_y,momentum_z,cluster_energy,particle_energy,plane_id,match_id,true_label,prediction_prob,predicted_label
0,40,1,0,1,-17.463194,572.5144,18.66985,-0.0064269938,-0.0009025038,0.004389268,4.3460836,4.3316665,2,-1,0,0.98588157,1
0,40,1,1,1,-17.463194,572.5144,18.66985,-0.0064269938,-0.0009025038,0.004389268,4.9030066,4.8244443,2,0,1,0.94274193,1
0,5,0,0,0,0.0,0.0,0.0,0.0,0.0,0.0,3.528153,3.5013888,2,-1,0,0.58182305,1
0,13,1,1,1,-45.30417,600.7972,453.14957,-0.014264251,0.004991653,0.012998656,7.5967503,7.688889,2,2,1,0.9430366,1
0,4,1,1,1,56.972683,-74.250984,238.02156,-0.023434572,0.0059719607,0.020079164,25.262785,25.108334,2,3,1,0.9819177,1
0,29,1,1,1,-54.41015,-393.2235,455.87463,-0.01072312,0.0018018942,0.010108294,17.355988,17.52111,2,4,1,0.99320316,1
0,1,1,1,1,-58.226997,330.14255,130.70145,-0.023271274,0.0028092633,0.016651263,22.740881,22.748888,2,5,1,0.99446577,1
0,21,1,1,1,-58.979286,-105.03905,97.619736,-0.005712638,-0.00012882773,0.0058247824,9.262639,9.3,2,6,1,0.99682766,1
0,1,1,0,1,-58.226997,330.14255,130.70145,-0.023271274,0.0028092633,0.016651263,6.0501666,6.2008333,2,-1,0,0.9827079,1
0,15,0,0,0,0.0,0.0,0.0,0.0,0.0,0.0,2.9307501,2.9019444,2,-1,0,0.50462234,1
0,15,1,1,1,-101.77118,492.53894,158.39833,-0.010751817,0.005011686,0.0069859773,15.761722,15.811389,2,7,1,0.98738,1
0,19,1,1,1,-113.80648,-50.53041,250.87299,-0.0017465217,0.00014273677,0.0026102578,2.9929514,2.9938889,2,8,1,0.6440334,1
0,25,1,1,1,118.82292,108.256035,382.27338,-0.015317654,0.002743843,0.01157547,17.353895,17.513056,2,9,1,0.9970452,1
0,30,1,1,1,-135.7386,-208.26419,342.00647,-0.0070236814,0.0007907745,0.0047763814,9.2190485,9.269444,2,10,1,0.92273366,1
0,8,1,1,1,146.94049,183.20468,403.8402,-0.010280842,0.0015579994,0.0048949257,12.586326,12.7625,2,11,1,0.9814742,1
0,36,1,1,1,-181.75821,245.46552,170.32875,-0.0075486,0.00069185224,0.007079456,11.382784,11.360833,2,12,1,0.9749535,1
0,33,1,1,1,191.9022,-318.16266,435.1929,-0.0066392394,0.00038144927,0.0026814882,7.497312,7.4427776,2,13,1,0.99696004,1
0,5,1,1,1,203.14845,-72.63534,97.44254,-0.01429377,0.0058320137,0.010196486,12.014694,12.073889,2,14,1,0.98763204,1
0,5,1,0,1,203.14845,-72.63534,97.44254,-0.01429377,0.0058320137,0.010196486,6.710528,6.7658334,2,-1,0,0.9874107,1
0,2,1,1,1,-204.36522,266.03125,211.87488,-0.004387917,0.0010972297,0.0060780398,7.7274303,7.6830554,2,15,1,0.98739517,1
0,27,1,1,1,-218.96913,-253.32562,436.1587,-0.0048383777,0.0030373095,0.0031558536,6.255028,6.2380557,2,16,1,0.96265674,1
0,28,1,1,1,-256.12238,546.60736,317.9562,-0.0069739376,0.0008229615,0.0029124822,7.9603333,7.8152776,2,-1,1,0.9969189,1
0,17,1,1,1,-261.53723,183.98122,316.36716,-0.004340146,-0.0006263316,0.0041988087,5.8074718,5.8791666,2,17,1,0.9767322,1
0,23,1,1,1,274.83417,-439.94846,160.40117,-0.009531849,0.0032534327,0.0071943267,12.575626,12.699166,2,18,1,0.9546688,1
0,11,1,1,1,-282.4074,-114.18584,241.14853,-0.012169489,0.0035279,0.012444535,13.588911,13.734722,2,19,1,0.9614136,1
0,11,1,0,1,-282.4074,-114.18584,241.14853,-0.012169489,0.0035279,0.012444535,3.818778,3.7147222,2,-1,0,0.9087286,1
0,26,1,1,1,-301.56192,124.47937,181.04514,-0.0094642695,0.0031234727,0.0044492134,4.923514,4.9108334,2,21,1,0.97221506,1
0,32,1,1,1,310.73813,196.80971,353.55212,-0.0077655157,0.00285172,0.004215888,9.172083,9.142222,2,-1,1,0.98826164,1
0,20,0,0,0,0.0,0.0,0.0,0.0,0.0,0.0,3.1606944,3.1575,2,-1,0,0.74252486,1
0,12,1,1,1,344.334,286.38406,373.65137,-0.008172488,0.0024277375,0.0037073495,8.9453335,8.94,2,22,1,0.9402315,1
0,9,1,1,1,347.53708,72.48968,441.1305,-0.004182828,0.0024360816,0.004289317,5.030153,4.9402776,2,23,1,0.9851223,1
0,3,1,1,1,-354.83533,493.6321,194.95686,-0.010920959,0.0025369797,0.006760393,8.244666,8.189445,2,24,1,0.98389935,1
1,15,1,1,1,8.149951,-385.11597,183.7396,-0.024325479,0.005762482,0.018926237,10.554909,10.359445,2,0,1,0.9968437,1
1,27,1,1,1,-19.63809,-536.7378,365.72324,-0.007058711,0.00064893544,0.005818359,10.819744,10.801389,2,1,1,0.99352974,1
1,19,1,1,1,-30.5698,-5.37351,112.24219,-0.02190815,0.004490998,0.018998554,34.611874,34.577778,2,2,1,0.9823941,1
1,24,1,1,1,43.903248,-21.26285,426.6055,-0.003288812,-0.00096006214,0.0014615586,3.9417431,4.038889,2,3,1,0.8843439,1
1,23,1,1,1,69.59032,-445.61945,293.29816,-0.010519791,0.004668256,0.008577265,16.670334,16.674444,2,4,1,0.9452728,1
1,40,1,1,1,85.29307,566.8532,189.95769,-0.0063581606,0.0005011596,0.0021236741,7.3329167,7.409167,2,5,1,0.95744944,1
1,18,1,1,1,-85.02646,86.910736,170.91689,-0.02157853,0.0067424146,0.017231688,30.808693,30.568333,2,6,1,0.9972103,1
1,30,1,1,1,89.077866,96.18447,147.1552,-0.007620281,0.0012020272,0.003259193,7.1943326,7.1666665,2,7,1,0.9938531,1
1,20,1,1,1,99.42742,-573.4663,31.15573,-0.028317554,0.00572522,0.020576801,35.493057,35.635,2,8,1,0.9756816,1
1,38,1,1,1,106.21311,313.569,127.78505,-0.011642378,0.0012314765,0.0067799236,14.966632,15.2097225,2,9,1,0.99482924,1
1,2,1,1,1,-105.532936,410.83923,353.1855,-0.016942892,0.0020529036,0.010382244,16.847876,16.755556,2,10,1,0.9953193,1
1,4,1,0,1,134.00873,-150.03857,54.012894,-0.026949938,0.007060751,0.018698353,17.40989,17.508888,2,-1,0,0.9700457,1
1,2,1,0,1,-105.532936,410.83923,353.1855,-0.016942892,0.0020529036,0.010382244,5.5474377,5.3744445,2,-1,0,0.9673616,1
1,4,1,1,1,134.00873,-150.03857,54.012894,-0.026949938,0.007060751,0.018698353,18.583109,18.655277,2,11,1,0.8794794,1
1,37,1,1,1,-138.09111,599.8489,274.18143,-0.008301311,0.0005455226,0.008808243,4.4777985,4.5016665,2,12,1,0.9878634,1
1,6,1,1,1,-141.70741,-74.32399,386.51862,-0.010761882,0.0015044722,0.0052318033,12.698431,12.4580555,2,13,1,0.95851624,1
1,16,1,1,1,144.08347,307.82584,79.76937,-0.0017668235,-0.00017240668,0.0022946969,2.5820138,2.6005557,2,14,1,0.57564396,1
1,37,1,0,1,-138.09111,599.8489,274.18143,-0.008301311,0.0005455226,0.008808243,3.4048474,3.32,2,-1,0,0.8766964,1
1,33,1,1,1,-160.89226,-315.19995,418.04678,-0.018226292,0.0051745176,0.011048074,8.320201,8.286111,2,15,1,0.99067545,1
1,33,1,0,1,-160.89226,-315.19995,418.04678,-0.018226292,0.0051745176,0.011048074,3.217972,3.301389,2,-1,0,0.9604247,1
1,5,1,1,1,165.06763,-300.73947,319.7656,-0.0028496096,0.0025452257,0.0025627508,4.6806946,4.623611,2,16,1,0.98155826,1
1,12,1,1,1,-175.01395,220.25847,65.78817,-0.010270702,0.0026250058,0.008820816,13.393473,13.390278,2,17,1,0.91734576,1
1,11,1,1,1,-188.5646,230.30746,0.04868964,-0.011546561,0.004671764,0.008646935,14.494937,14.32,2,18,1,0.97450453,1
1,33,1,0,1,-160.89226,-315.19995,418.04678,-0.018226292,0.0051745176,0.011048074,5.932313,5.830278,2,-1,0,0.9761356,1
1,22,1,1,1,-208.71313,-232.48871,139.69772,-0.009351268,0.00019458547,0.004065564,10.832556,10.9175,2,19,1,0.91542405,1
1,29,1,1,1,-226.48317,485.63278,286.25967,-0.0063117463,0.0027517555,0.0063634156,9.254834,9.1877775,2,20,1,0.99709404,1
1,10,1,1,1,241.79015,452.1808,337.50113,-0.017914118,0.0020979277,0.010772076,15.398577,15.383333,2,21,1,0.96102023,1
1,10,1,0,1,241.79015,452.1808,337.50113,-0.017914118,0.0020979277,0.010772076,6.589653,6.5336113,2,-1,0,0.9291542,1
1,25,0,0,0,0.0,0.0,0.0,0.0,0.0,0.0,3.2874029,3.203889,2,-1,0,0.6044777,1
1,8,1,1,1,-247.7833,-48.75176,277.91895,-0.007986283,0.0031585402,0.006502501,10.658646,10.737223,2,23,1,0.98551995,1
1,28,1,1,1,-254.57137,-372.18372,450.38132,-0.0027156672,0.001746288,0.0042934734,4.7796736,4.7475,2,24,1,0.97492653,1
1,7,1,1,1,261.72626,442.74353,412.54468,-0.01966738,0.0052012373,0.015964195,19.135534,18.900555,2,25,1,0.99983275,1
1,14,1,1,1,-260.4798,225.15033,224.90314,-0.025456434,0.0074178316,0.017406382,19.947,20.014723,2,26,1,0.9989465,1
1,13,1,1,1,-261.0152,367.47983,55.642853,-0.00424452,0.002609383,0.005245306,6.9115624,6.878889,2,27,1,0.9641093,1
1,3,1,1,1,277.12015,579.28485,292.22873,-0.008911478,0.0013645847,0.009934584,13.344271,13.32,2,28,1,0.9218181,1
1,39,1,1,1,-289.00354,196.63567,365.72284,-0.014307617,0.00013545332,0.0106235305,15.3764105,15.381667,2,29,1,0.9808349,1
1,21,1,1,1,315.28528,343.92072,214.8242,-0.009342939,0.0029640466,0.0039611105,10.080451,10.168333,2,30,1,0.97278553,1
1,34,1,1,1,317.1267,563.1081,438.64142,-0.005410205,0.0020518135,0.0058072703,7.608354,7.7230554,2,31,1,0.9865275,1
1,35,1,1,1,323.4732,-453.86203,327.495,-0.003513543,0.0026865092,0.002070092,4.4903955,4.4780555,2,32,1,0.9718635,1
1,25,1,1,1,-337.20544,-504.99097,301.22733,-0.003926476,-0.001009891,0.0037811615,4.797167,4.857222,2,33,1,0.97554284,1
1,39,0,0,0,0.0,0.0,0.0,0.0,0.0,0.0,2.9761112,2.925,2,-1,0,0.52523965,1
1,32,1,0,1,-357.71524,-373.29797,93.41522,-0.01781072,0.002072801,0.013741495,7.7416387,7.895,2,-1,0,0.88826126,1
1,32,1,1,1,-357.71524,-373.29797,93.41522,-0.01781072,0.002072801,0.013741495,12.407465,12.379723,2,34,1,0.98897517,1
2,21,1,1,1,29.791945,-255.60939,232.82994,-0.0046547204,-0.00055592135,0.0045208987,6.2523894,6.252222,2,0,1,0.989186,1
2,36,1,1,1,34.4104,-114.359085,206.61488,-0.002169845,-0.00085728127,0.0025066282,3.6378267,3.5347223,2,1,1,0.9652111,1
2,20,1,1,1,40.6743,525.2563,370.1193,-0.005231663,0.0016360458,0.006555612,10.141465,10.007778,2,2,1,0.9998734,1
2,34,1,0,1,-74.18967,-272.3177,57.8499,-0.028620457,0.004508251,0.016826898,3.567847,3.6502779,2,-1,0,0.8825769,1
2,34,1,0,1,-74.18967,-272.3177,57.8499,-0.028620457,0.004508251,0.016826898,12.339,12.351666,2,-1,0,0.85064113,1
2,37,1,1,1,-78.08055,11.161753,290.13898,-0.003745761,-0.0010608269,0.0031294073,5.519056,5.5369444,2,3,1,0.9957327,1
2,34,1,1,1,-74.18967,-272.3177,57.8499,-0.028620457,0.004508251,0.016826898,17.95143,17.8875,2,4,1,0.94710946,1
2,30,0,0,0,0.0,0.0,0.0,0.0,0.0,0.0,5.592833,-1.0,2,-1,0,0.9694588,1
2,16,1,1,1,95.7405,585.73175,134.82181,-0.009106817,0.0012622605,0.0066130636,12.365479,12.4275,2,5,1,0.996662,1
2,10,1,1,1,94.58479,-564.22205,265.2831,-0.0045993933,0.00034745608,0.005351138,5.196986,5.188611,2,6,1,0.9891305,1
2,18,1,1,1,-97.1827,-547.43207,121.61822,-0.0021124284,-0.0008907326,0.0021687774,3.0129724,3.0516667,2,7,1,0.69518703,1
2,39,1,1,1,-98.25298,376.96033,120.97042,-0.009904196,0.0032027287,0.010141206,11.779271,11.781389,2,8,1,0.99757296,1
2,39,1,0,1,-98.25298,376.96033,120.97042,-0.009904196,0.0032027287,0.010141206,4.812889,4.8744445,2,-1,0,0.98322874,1
2,9,1,1,1,116.51925,-19.496655,266.40723,-0.012148753,0.0028901715,0.011408812,14.97241,14.950833,2,9,1,0.98904806,1
2,7,1,1,1,-112.379715,492.20102,431.62482,-0.006573869,0.0033791913,0.004551149,9.608444,9.498055,2,10,1,0.9919789,1
2,9,1,0,1,116.51925,-19.496655,266.40723,-0.012148753,0.0028901715,0.011408812,3.586889,3.5891666,2,-1,0,0.9270901,1
2,36,0,0,0,0.0,0.0,0.0,0.0,0.0,0.0,3.0204306,2.9658334,2,-1,0,0.6378584,1
2,29,1,1,1,-140.60075,-522.95624,289.46533,-0.011071005,0.0023831874,0.008984923,15.349055,15.3975,2,11,1,0.9164315,1
2,17,1,1,1,153.38905,-98.054886,96.28586,-0.03004563,0.007789373,0.02450889,33.140785,32.789165,2,12,1,0.9845882,1
2,17,1,0,1,153.38905,-98.054886,96.28586,-0.03004563,0.007789373,0.02450889,6.897,6.8744445,2,-1,0,0.968134,1
2,23,1,1,1,154.76224,-257.2858,398.7139,-0.019449573,0.0026786944,0.011914453,25.545122,25.48889,2,13,1,0.99943763,1
2,5,1,1,1,-182.58435,293.13727,79.147896,-0.02044772,0.0024956907,0.014406716,14.056174,14.198611,2,15,1,0.9554774,1
2,5,1,0,1,-182.58435,293.13727,79.147896,-0.02044772,0.0024956907,0.014406716,7.0885763,7.0941668,2,-1,0,0.9886592,1
2,32,1,1,1,-204.73444,109.75977,34.756172,-0.0031402747,-1.849125e-05,0.0046837465,5.476639,5.463889,2,16,1,0.9893063,1
2,19,1,1,1,-220.94011,-222.15567,436.26862,-0.01351747,0.0029595504,0.010074883,18.060688,18.064444,2,17,1,0.97006375,1
2,3,1,1,1,248.91714,-453.67282,76.69149,-0.0050361655,-0.0010379727,0.0037178567,3.198354,3.2213888,2,18,1,0.9223607,1
2,5,1,0,1,-182.58435,293.13727,79.147896,-0.02044772,0.0024956907,0.014406716,2.9919446,3.041389,2,-1,0,0.7109943,1
2,31,1,1,1,-241.61028,-523.86707,301.19604,-0.002211295,-2.876176e-05,0.0032548688,3.2322707,3.1502779,2,20,1,0.5463679,1
2,38,1,0,1,254.92505,580.9392,62.233982,-0.009807154,0.0031469727,0.005043966,3.3635833,3.4983332,2,-1,0,0.9438135,1
2,13,1,1,1,-249.33083,350.74493,438.96478,-0.00435272,-0.0010259592,0.0031564531,5.261889,5.2127776,2,21,1,0.9753348,1
2,38,1,1,1,254.92505,580.9392,62.233982,-0.009807154,0.0031469727,0.005043966,6.0021667,6.0077777,2,22,1,0.97708774,1
2,8,1,1,1,-255.45882,-415.4806,291.05038,-0.0107470015,0.0050164526,0.0063697365,13.983292,13.8527775,2,23,1,0.9532562,1
2,6,1,1,1,-255.85957,568.87225,24.228737,-0.003647024,-0.0002957853,0.004355803,5.636389,5.6822224,2,24,1,0.99412525,1
2,33,1,1,1,271.13876,-300.9265,306.03046,-0.013353232,0.0017031886,0.007196893,12.873624,12.914722,2,25,1,0.94873685,1
2,12,1,1,1,274.93527,34.04707,305.459,-0.004216949,-0.0002502968,0.005045084,6.144736,6.166111,2,26,1,0.97949743,1
2,35,1,1,1,-277.07074,-300.3399,361.07513,-0.028541148,0.0052412995,0.016940933,27.692724,27.976667,2,27,1,0.8847391,1
2,35,1,0,1,-277.07074,-300.3399,361.07513,-0.028541148,0.0052412995,0.016940933,5.4046874,5.4069443,2,-1,0,0.92812735,1
2,2,1,1,1,-288.47513,386.1018,235.85332,-0.014672478,0.0009453232,0.009463667,14.134979,14.060555,2,28,1,0.9966929,1
2,4,1,1,1,298.49222,-263.37845,197.05618,-0.013341221,0.0056230435,0.011068581,16.770819,16.776388,2,29,1,0.948988,1
2,1,1,1,1,303.07864,-575.4466,46.184254,-0.00466991,0.00093975005,0.0021922893,3.4286947,3.4830556,2,30,1,0.92499566,1
2,26,1,1,1,-318.50623,-54.532753,396.2356,-0.0024291808,-0.00018855705,0.0034858638,3.7424788,3.7180555,2,31,1,0.9792588,1
2,14,1,1,1,-319.54565,-469.00238,318.9761,-0.003081559,0.0018197801,0.0042876895,5.159618,5.1675,2,32,1,0.9789747,1
2,28,1,1,1,325.4843,-267.14877,323.73843,-0.005205845,0.0028734712,0.003834599,6.3668475,6.356389,2,33,1,0.9532584,1
3,18,0,1,1,10.318983,393.91586,35.344154,-0.0049664364,0.001169571,0.0013413558,6.5223613,6.214722,2,0,1,0.9650939,1
3,37,1,1,1,36.620922,-448.61038,438.3931,-0.002529299,0.0021924276,0.0013786743,3.6230974,3.7325,2,1,1,0.95438653,1
3,6,1,1,1,74.825905,194.00522,27.475866,-0.0114008635,0.0051158383,0.007603701,17.821215,17.859444,2,2,1,0.9988961,1
3,33,1,1,1,91.54204,-556.65845,18.266071,-0.0073506096,-0.00065907085,0.005055784,9.929326,9.913055,2,3,1,0.9953129,1
3,39,1,1,1,-100.1837,499.1776,378.65857,-0.00933572,0.0017648556,0.0049759583,11.471222,11.575833,2,-1,1,0.92508745,1
3,13,1,1,1,-103.82691,23.939842,35.830013,-0.0071359454,0.0019634978,0.0029521708,8.776597,8.830556,2,4,1,0.9980884,1
3,29,1,1,1,-115.14698,-369.8534,91.97791,-0.0071300874,0.0030516176,0.003084586,9.264215,9.181111,2,5,1,0.9791556,1
3,32,1,1,1,-135.69511,517.5051,83.451294,-0.009983718,0.003998111,0.0058794254,10.740868,10.898334,2,7,1,0.9909072,1
3,26,1,1,1,144.9838,293.4827,336.44986,-0.020391956,0.003379278,0.014035522,25.764229,25.679445,2,8,1,0.9932581,1
3,16,1,1,1,177.00185,469.35532,261.37033,-0.0052320105,0.001907652,0.0014101379,5.6308055,5.6205554,2,9,1,0.9993666,1
3,19,1,1,1,-183.02045,-93.90134,279.9741,-0.011999374,0.0012351061,0.0067956024,13.145499,13.058888,2,10,1,0.99084026,1
3,38,1,1,1,-188.07744,-255.19333,410.7568,-0.0048740767,0.00027862666,0.0045383037,6.7006874,6.5430555,2,11,1,0.9610938,1
3,24,1,1,1,189.43706,165.395,52.05511,-0.002834509,0.0018584271,0.0043237666,5.3612084,5.1808333,2,12,1,0.9781722,1
3,15,1,1,1,-191.51927,-210.63396,242.5081,-0.00869388,0.0016249681,0.007447512,12.691611,12.588889,2,13,1,0.9999422,1
3,7,1,1,1,199.8929,-226.58505,306.42215,-0.009687161,0.0034074723,0.010745052,16.178972,16.0725,2,14,1,0.9953791,1
3,25,1,1,1,-199.30463,-194.36963,122.393105,-0.01079704,0.0034842126,0.009473809,14.912756,15.072222,2,15,1,0.9689553,1
3,10,1,0,1,-206.21783,-431.61002,198.90839,-0.010853935,0.0021803232,0.00666093,6.1997848,6.180278,2,-1,0,0.92280716,1
3,10,1,1,1,-206.21783,-431.61002,198.90839,-0.010853935,0.0021803232,0.00666093,6.811313,6.7305555,2,16,1,0.97684115,1
3,20,1,1,1,208.07967,378.88763,48.37269,-0.003951786,9.0319474e-05,0.005168339,6.695,6.773611,2,17,1,0.9949811,1
3,27,1,1,1,216.61316,469.0164,391.9488,-0.012349901,0.0022237967,0.01042708,14.978048,14.876945,2,18,1,0.98853356,1
3,35,1,1,1,238.2676,-369.47458,404.4879,-0.009211952,0.0038723582,0.007567397,13.257014,13.110278,2,19,1,0.9889053,1
3,5,1,1,1,240.7665,-384.46286,387.8744,-0.005443398,0.003422815,0.004278208,7.5765414,7.5961113,2,20,1,0.9868439,1
3,1,1,1,1,-240.83026,-386.24368,296.36456,-0.0042161252,0.0021219885,0.0041741785,5.8872914,6.0666666,2,21,1,0.9636901,1
3,30,1,1,1,-268.13776,555.3904,203.71959,-0.014140888,0.004457422,0.007951513,17.50745,17.442778,2,22,1,0.99655163,1
3,12,1,1,1,278.83847,383.4838,352.34216,-0.009762356,0.003327658,0.0042784447,11.82984,11.786389,2,23,1,0.97121453,1
3,14,1,1,1,-289.1542,-178.26653,166.79527,-0.0066196695,0.0008844852,0.004203941,7.982521,7.847778,2,25,1,0.9838796,1
3,34,1,1,1,-293.04462,498.6363,212.67929,-0.009343542,0.0022012382,0.0037416772,9.444667,9.451389,2,26,1,0.9489046,1
3,3,1,1,1,-295.1533,553.226,245.9031,-0.0076786783,0.0024709816,0.008582979,9.059118,9.218889,2,27,1,0.9767729,1
3,28,1,1,1,360.12326,-561.13806,242.95894,-0.01570152,0.005080176,0.012626387,19.76329,19.927778,2,29,1,0.97012717,1
4,13,1,1,1,24.820618,326.03787,395.62408,-0.022638751,0.0023404255,0.016441945,17.84873,18.010834,2,0,1,0.9952787,1
4,22,1,1,1,-31.801039,533.9994,276.26913,-0.010766237,0.0022900852,0.010395736,16.795895,16.745556,2,1,1,0.99942315,1
4,12,1,1,1,-41.20354,-344.29703,0.3900746,-0.01657354,0.0021733758,0.01150928,18.501917,18.784721,2,2,1,0.9966492,1
4,3,0,0,0,0.0,0.0,0.0,0.0,0.0,0.0,15.375354,-1.0,2,-1,0,0.9798049,1
4,26,1,1,1,54.97869,-404.36105,85.15158,-0.0076841954,0.0013696478,0.0029219068,6.953,7.062222,2,3,1,0.97535,1
4,8,1,1,1,-53.662266,-195.34706,315.05127,-0.011428661,0.0027636802,0.00520957,10.574306,10.451667,2,4,1,0.94074744,1
4,8,1,0,1,-53.662266,-195.34706,315.05127,-0.011428661,0.0027636802,0.00520957,4.5464163,4.4655557,2,-1,0,0.97509605,1
4,14,1,1,1,-63.423447,-497.26498,369.1215,-0.015550101,0.0038019037,0.013767191,19.674423,19.634722,2,5,1,0.99391574,1
4,16,1,1,1,67.626335,291.9563,213.06218,-0.011570185,0.000328908,0.0076732137,10.489458,10.4372225,2,6,1,0.96088374,1
4,16,1,0,1,67.626335,291.9563,213.06218,-0.011570185,0.000328908,0.0076732137,6.318299,6.3627777,2,-1,0,0.97497636,1
4,35,1,0,1,-67.056046,-232.54617,155.92253,-0.01278888,0.0030237054,0.007263081,8.285889,8.186389,2,-1,0,0.9725609,1
4,14,1,0,1,-63.423447,-497.26498,369.1215,-0.015550101,0.0038019037,0.013767191,5.5551877,5.631111,2,-1,0,0.99887115,1
4,35,1,1,1,-67.056046,-232.54617,155.92253,-0.01278888,0.0030237054,0.007263081,9.395799,9.282222,2,7,1,0.9916061,1
4,4,1,1,1,-85.5029,219.63364,46.43871,-0.008458106,-0.00042365407,0.005263383,11.355368,11.321111,2,8,1,0.9884737,1
4,30,0,0,0,0.0,0.0,0.0,0.0,0.0,0.0,2.6692362,2.6722221,2,-1,0,0.5758822,1
4,31,1,1,1,94.38688,419.78256,378.75504,-0.0071042594,0.0026400336,0.007430166,11.789202,11.841111,2,9,1,0.9948961,1
4,24,1,1,1,96.72455,178.22789,218.97838,-0.011761931,-0.00027378363,0.007937791,12.956938,13.090555,2,10,1,0.9873498,1
4,30,1,1,1,95.56363,153.30862,70.1329,-0.009093356,0.0030215064,0.008818536,8.896569,8.799444,2,11,1,0.99975306,1
4,36,1,1,1,-107.57378,-65.38814,371.70062,-0.004624579,-0.0010691263,0.003507124,6.500493,6.2469444,2,12,1,0.9680578,1
4,28,1,1,1,150.81285,589.17145,86.018265,-0.0027127648,0.0022984548,0.0029951679,4.8230557,4.8697224,2,13,1,0.9913754,1
4,21,1,1,1,171.7251,-380.9662,89.96589,-0.011248696,-0.00029612295,0.009440314,16.168411,16.335278,2,14,1,0.9742332,1
4,29,1,1,1,173.35196,-463.82785,72.754684,-0.008240806,0.0047106515,0.0062684244,10.014473,9.947222,2,15,1,0.98675215,1
4,1,1,1,1,-206.53587,-293.02557,285.64554,-0.015164723,0.0012097642,0.009855322,15.746896,15.769444,2,16,1,0.9473463,1
4,33,1,1,1,-209.07994,344.04575,335.47144,-0.01184582,0.0012279197,0.00753543,11.4911585,11.585834,2,17,1,0.99396956,1
4,15,1,1,1,-243.18285,395.5078,177.16238,-0.0084561445,0.0025378766,0.005056416,9.183854,9.308056,2,18,1,0.9731713,1
4,20,1,1,1,262.34808,-149.85089,153.1228,-0.0023026085,0.0020048316,0.0020171998,3.3193889,3.4905555,2,19,1,0.88688207,1
4,40,1,1,1,283.8126,-266.21548,318.81448,-0.015686074,0.0023103897,0.0083651105,9.418564,9.397778,2,20,1,0.98614603,1
4,40,1,0,1,283.8126,-266.21548,318.81448,-0.015686074,0.0023103897,0.0083651105,7.8987155,7.900833,2,-1,0,0.9624886,1
4,34,1,1,1,-283.65112,-572.31146,21.662085,-0.0046879775,-0.00010345701,0.0056879935,7.2575836,7.2555556,2,-1,1,0.9870991,1
4,2,1,1,1,-296.87146,-225.87782,306.0773,-0.0043128193,0.0023730134,0.0022880528,4.930278,4.9558334,2,-1,1,0.96800965,1
4,11,1,1,1,-302.17496,-410.0838,241.6443,-0.0054274253,0.0008246846,0.0015176641,5.252625,5.2163887,2,21,1,0.99125075,1
4,27,1,1,1,316.1968,-440.81766,48.84673,-0.011289358,0.0033155323,0.011308856,15.081875,14.8375,2,22,1,0.96354043,1
4,38,1,1,1,-318.39868,361.04028,305.83936,-0.017889928,0.0059361,0.013947604,11.107235,11.038889,2,23,1,0.8904378,1
4,38,1,0,1,-318.39868,361.04028,305.83936,-0.017889928,0.0059361,0.013947604,7.424715,7.4855556,2,-1,0,0.97123754,1
4,19,1,0,1,362.2029,161.9126,47.183544,-0.013545943,0.003349864,0.009260002,3.2747917,3.2441666,2,-1,0,0.97387886,1
4,18,0,0,0,0.0,0.0,0.0,0.0,0.0,0.0,2.7064307,2.653889,2,-1,0,0.54056096,1
4,38,1,0,1,-318.39868,361.04028,305.83936,-0.017889928,0.0059361,0.013947604,4.3209095,4.321944,2,-1,0,0.98324436,1
4,18,1,1,1,-356.11185,68.96468,138.11171,-0.004819887,-0.0006113347,0.002183287,3.944236,3.8711112,2,25,1,0.97864383,1
4,19,1,1,1,362.2029,161.9126,47.183544,-0.013545943,0.003349864,0.009260002,8.771494,8.744722,2,26,1,0.9841982,1
5,7,1,1,1,-7.1866975,570.0939,132.74397,-0.0041611884,0.0023610536,0.0022168553,6.152167,6.1941667,2,0,1,0.9417817,1
5,34,1,1,1,34.413765,446.88123,9.786655,-0.004303229,0.0009579809,0.003850688,6.8192844,6.8202777,2,1,1,0.9991549,1
5,11,1,1,1,-38.61712,-552.9099,172.92137,-0.020311277,0.0058024856,0.016298678,24.222807,24.37111,2,2,1,0.9998062,1
5,6,1,1,1,-38.96988,328.67603,286.3886,-0.004602456,-0.00068551727,0.0018127998,5.4734306,5.3880553,2,3,1,0.9968682,1
5,39,1,1,1,-39.75658,167.41327,320.77933,-0.013440879,0.0042804847,0.008101876,17.622534,17.550833,2,4,1,0.9782981,1
5,29,1,1,1,-41.053555,243.05482,386.7316,-0.00567288,0.0021486427,0.0062823766,10.22434,10.349444,2,5,1,0.980472,1
5,27,1,1,1,-48.133976,-159.76544,32.265884,-0.0029744043,0.0010489634,0.00067929114,3.4172776,3.3425,2,6,1,0.562599,1
5,4,1,1,1,-52.368603,263.21066,385.01505,-0.015017177,0.0036255722,0.012027246,20.176626,20.112223,2,7,1,0.9996377,1
5,38,1,1,1,66.89588,455.85278,244.48714,-0.021988574,0.004798398,0.017981626,32.55049,32.935,2,8,1,0.99550265,1
5,37,1,1,1,63.674778,-208.08298,408.4301,-0.008868562,0.0013827883,0.003955688,9.900778,9.943889,2,9,1,0.9782988,1
5,13,1,1,1,66.19828,-182.21646,59.159237,-0.0054149604,-0.0009745947,0.004370647,7.8185906,7.9347224,2,10,1,0.9898595,1
5,23,1,1,1,72.015465,-294.22696,98.11405,-0.0037323935,-0.00093920133,0.0036733313,5.6165624,5.6425,2,11,1,0.98461217,1
5,28,1,1,1,-74.41583,373.62946,216.16699,-0.008390659,-0.0006223501,0.0063806963,9.326639,9.415833,2,12,1,0.97950315,1
5,8,1,1,1,81.696976,71.072464,269.48404,-0.012561346,0.0027208384,0.0066273804,14.8868685,14.7288885,2,13,1,0.99050903,1
5,11,1,0,1,-38.61712,-552.9099,172.92137,-0.020311277,0.0058024856,0.016298678,6.630958,6.790278,2,-1,0,0.95824105,1
5,15,1,1,1,-87.81318,524.80066,220.15266,-0.0024680893,6.7011926e-05,0.0034457047,4.578035,4.4719443,2,14,1,0.9847115,1
5,26,1,1,1,102.212616,333.26846,303.91434,-0.011011641,0.00044943718,0.005543463,13.884833,14.035556,2,15,1,0.9946555,1
5,5,1,1,1,-127.00922,526.2376,109.31632,-0.012178382,-4.4902168e-05,0.006618822,14.087653,14.114445,2,-1,1,0.9758093,1
5,36,1,1,1,149.74426,116.83071,411.4961,-0.0085485205,0.0012231804,0.006700535,11.855972,11.786944,2,17,1,0.9882278,1
5,14,1,1,1,161.08029,74.432594,337.6357,-0.01179876,0.004001842,0.0069029233,13.976889,14.005,2,18,1,0.9803392,1
5,25,1,0,1,-163.45808,-581.93506,63.405514,-0.016923182,0.006073783,0.014123966,4.785861,4.786389,2,-1,0,0.84080607,1
5,25,1,0,1,-163.45808,-581.93506,63.405514,-0.016923182,0.006073783,0.014123966,9.117576,9.335556,2,-1,0,0.97037077,1
5,25,1,1,1,-163.45808,-581.93506,63.405514,-0.016923182,0.006073783,0.014123966,10.983625,10.919723,2,19,1,0.9928766,1
5,18,1,1,1,-189.35423,-145.96051,348.57486,-0.004582375,0.0010936152,0.005388003,7.664361,7.698889,2,20,1,0.9469318,1
5,19,1,1,1,203.50967,-165.5626,191.81194,-0.018261554,0.0046637547,0.00942354,21.825127,21.782223,2,21,1,0.97833383,1
5,31,1,1,1,-205.2348,530.6715,145.308,-0.0058492837,0.001928635,0.006334316,9.344917,9.301666,2,22,1,0.99868697,1
5,9,1,1,1,-218.5593,-413.9249,420.3601,-0.020897686,0.0045527495,0.013830152,10.947958,11.014167,2,23,1,0.995301,1
5,10,1,1,1,244.19527,-472.45602,346.72852,-0.0060445303,0.003332344,0.0036471759,5.9996667,5.979722,2,24,1,0.97161114,1
5,30,1,1,1,-258.01392,216.34483,365.75528,-0.016908804,0.004186014,0.008449797,12.220354,12.354167,2,25,1,0.98748827,1
5,40,1,1,1,-263.49716,-130.60329,282.38864,-0.0029871284,0.00010387543,0.0036382936,4.082736,4.1219444,2,26,1,0.98102635,1
5,21,1,1,1,-272.1712,349.65182,12.680959,-0.009706062,0.002622484,0.0040117386,10.194896,10.213611,2,27,1,0.98754346,1
5,30,1,0,1,-258.01392,216.34483,365.75528,-0.016908804,0.004186014,0.008449797,6.781528,6.705278,2,-1,0,0.98847765,1
5,3,1,1,1,300.62515,-471.43073,140.82721,-0.008837354,-0.000141897,0.008350201,11.909611,11.905556,2,29,1,0.98263687,1
5,12,1,1,1,-321.3678,212.86987,440.49777,-0.015172894,0.0016512617,0.012964027,19.602057,19.435278,2,30,1,0.9975925,1
5,17,1,1,1,332.49554,-364.4956,231.36269,-0.010472234,0.0021346768,0.0050052246,6.234757,6.201667,2,31,1,0.9820378,1
5,35,1,1,1,-345.2643,-361.53244,200.28687,-0.007583293,0.0024593158,0.004540625,8.18068,8.105,2,32,1,0.9773128,1
5,27,0,0,0,0.0,0.0,0.0,0.0,0.0,0.0,2.865,2.7997222,2,-1,0,0.5040351,1
6,23,1,1,1,13.086789,-121.08643,447.5753,-0.010490151,0.004974475,0.0088718925,14.453847,14.4597225,2,0,1,0.990657,1
6,33,1,1,1,-32.145935,-598.88806,278.7548,-0.018043293,0.0006629068,0.013643985,9.795021,9.975278,2,2,1,0.975176,1
6,1,1,1,1,-33.006298,-456.17563,294.92877,-0.0065663545,0.0038040532,0.005714465,11.372181,11.351389,2,3,1,0.92139536,1
6,33,1,0,1,-32.145935,-598.88806,278.7548,-0.018043293,0.0006629068,0.013643985,7.948896,7.951389,2,-1,0,0.95685804,1
6,2,0,0,0,0.0,0.0,0.0,0.0,0.0,0.0,3.6301665,3.6597223,2,-1,0,0.977765,1
6,15,1,1,1,65.992516,454.50177,110.897285,-0.011893522,0.0015035218,0.00792747,16.564259,16.43,2,4,1,0.9992416,1
6,33,1,0,1,-32.145935,-598.88806,278.7548,-0.018043293,0.0006629068,0.013643985,4.959312,5.1716666,2,-1,0,0.9954236,1
6,18,1,1,1,-76.57687,279.03894,171.05247,-0.02210393,0.006898764,0.017597994,32.410187,31.885,2,5,1,0.9997826,1
6,12,1,1,1,82.99146,-386.7287,398.6483,-0.004721376,-0.00010717921,0.0018032908,5.6344304,5.5016665,2,6,1,0.9627026,1
6,5,1,1,1,86.647285,-117.99894,261.3228,-0.002511576,0.00014909859,0.0038763145,4.7959723,4.8294444,2,7,1,0.9525165,1
6,35,1,1,1,113.892715,262.54004,391.60724,-0.014907643,0.0034285479,0.009271096,20.786411,20.698055,2,8,1,0.9879776,1
6,9,1,1,1,111.59156,323.24448,308.4862,-0.0063077235,0.0003137983,0.007274718,9.911749,9.860556,2,9,1,0.9993901,1
6,19,1,1,1,117.49684,-376.01553,150.01114,-0.007196883,0.00091656134,0.0062142937,10.7693815,10.691667,2,10,1,0.95536196,1
6,34,1,1,1,-118.214714,283.20633,337.86743,-0.027757496,0.0054090237,0.020957895,20.333084,20.358889,2,11,1,0.9942509,1
6,24,1,1,1,-119.14349,460.9221,31.342537,-0.016135247,0.005296521,0.014300388,22.132475,22.427778,2,12,1,0.99601245,1
6,24,1,0,1,-119.14349,460.9221,31.342537,-0.016135247,0.005296521,0.014300388,3.979764,3.9580555,2,-1,0,0.9901933,1
6,3,1,0,1,150.27641,-137.56581,187.94809,-0.02530408,0.004213778,0.020695068,5.2695975,5.192222,2,-1,0,0.93637645,1
6,34,1,0,1,-118.214714,283.20633,337.86743,-0.027757496,0.0054090237,0.020957895,10.490819,10.598889,2,-1,0,0.9948584,1
6,3,1,0,1,150.27641,-137.56581,187.94809,-0.02530408,0.004213778,0.020695068,4.556847,4.7119446,2,-1,0,0.96799135,1
6,17,1,1,1,143.87093,-598.3364,387.09924,-0.0029961516,0.00012458795,0.0042745993,5.3367224,5.456389,2,13,1,0.9791965,1
6,3,1,1,1,150.27641,-137.56581,187.94809,-0.02530408,0.004213778,0.020695068,19.044445,19.075,2,14,1,0.8914681,1
6,38,1,1,1,-158.33356,153.98889,133.80814,-0.014519672,0.0039031561,0.012231654,17.3915,17.258612,2,15,1,0.9952858,1
6,38,1,0,1,-158.33356,153.98889,133.80814,-0.014519672,0.0039031561,0.012231654,3.5670834,3.5683334,2,-1,0,0.9210209,1
6,11,1,1,1,166.27829,76.062325,5.9295564,-0.009797285,0.0031868527,0.00830571,12.547819,12.379723,2,16,1,0.997914,1
6,6,1,1,1,-175.11824,-506.71286,281.7732,-0.01618285,0.0061358307,0.014353928,14.497889,14.63,2,17,1,0.9580244,1
6,25,1,1,1,-184.77373,458.83676,397.17612,-0.014588187,0.0040157405,0.009759992,15.02784,14.906111,2,18,1,0.9925021,1
6,30,1,1,1,198.57368,-361.6968,337.993,-0.019232644,0.001525617,0.012409816,25.31862,25.483334,2,19,1,0.9565919,1
6,6,1,0,1,-175.11824,-506.71286,281.7732,-0.01618285,0.0061358307,0.014353928,5.396105,5.3791666,2,-1,0,0.9951167,1
6,37,1,1,1,-197.97946,-402.1317,120.76136,-0.007988991,-4.3349657e-05,0.004893296,7.349611,7.447222,2,20,1,0.9820655,1
6,25,1,0,1,-184.77373,458.83676,397.17612,-0.014588187,0.0040157405,0.009759992,3.7546668,3.7505555,2,-1,0,0.9188221,1
6,32,1,1,1,-220.99232,381.08054,29.186403,-0.0058614146,-0.0006403452,0.005219591,7.4843054,7.4508333,2,21,1,0.9823383,1
6,39,1,1,1,236.65045,30.970285,340.54056,-0.0095997285,0.0014040197,0.0037094245,10.659277,10.698334,2,22,1,0.9845389,1
6,8,1,0,1,239.7453,159.15584,228.35411,-0.015005714,0.003170565,0.013133834,4.522598,4.635,2,-1,0,0.9710362,1
6,40,1,1,1,239.78789,500.90866,393.97235,-0.015570713,0.0021722193,0.010026807,9.428624,9.618611,2,23,1,0.9810053,1
6,40,1,0,1,239.78789,500.90866,393.97235,-0.015570713,0.0021722193,0.010026807,7.450153,7.4227777,2,-1,0,0.99024546,1
6,8,1,1,1,239.7453,159.15584,228.35411,-0.015005714,0.003170565,0.013133834,7.897257,8.036111,2,24,1,0.9769205,1
6,22,1,1,1,258.4031,167.80615,374.83295,-0.004966685,0.00014555462,0.005464576,7.2293468,7.1869445,2,25,1,0.99527764,1
6,27,0,0,0,0.0,0.0,0.0,0.0,0.0,0.0,3.5879097,-1.0,2,-1,0,0.83798903,1
6,20,1,1,1,270.47906,520.48114,83.828255,-0.0039619193,6.504052e-05,0.0008746534,3.399993,3.3508334,2,26,1,0.9455736,1
6,4,0,0,0,0.0,0.0,0.0,0.0,0.0,0.0,2.951486,2.8255556,2,-1,0,0.7984426,1
6,16,1,1,1,-309.92896,-188.5013,373.21075,-0.016704,0.006409191,0.010765936,8.031764,8.095555,2,27,1,0.97568935,1
6,16,1,0,1,-309.92896,-188.5013,373.21075,-0.016704,0.006409191,0.010765936,4.442264,4.4686112,2,-1,0,0.9435062,1
6,13,1,1,1,329.33508,-405.37396,264.25076,-0.012770318,0.005050097,0.009165327,16.123888,15.964167,2,28,1,0.9816476,1
6,4,1,1,1,-334.85806,-69.79601,31.676374,-0.0075384267,0.0001261715,0.004738947,8.404674,8.588056,2,29,1,0.9521351,1
6,14,1,1,1,338.38,240.84763,227.42308,-0.004414168,0.0017161402,0.0012183157,4.280632,4.3722224,2,30,1,0.97944427,1
6,7,1,1,1,-354.7827,247.3229,185.77788,-0.013908365,0.0043082647,0.009442105,15.874244,15.803056,2,31,1,0.9856045,1
6,10,1,1,1,-358.6562,-41.7456,383.23703,-0.0058024023,0.0027910455,0.0066465675,8.68075,8.787222,2,32,1,0.9653423,1
7,19,1,1,1,17.009823,-117.305435,331.81326,-0.010063888,0.001673183,0.009346096,16.67259,16.6275,2,0,1,0.9587682,1
7,8,1,1,1,28.489193,-206.81998,319.27768,-0.016784703,0.004960214,0.009175821,23.68243,23.5625,2,1,1,0.98948777,1
7,15,1,1,1,-31.62214,394.05682,66.295425,-0.015483078,0.004037355,0.010220563,17.828604,17.938334,2,2,1,0.9996915,1
7,25,1,1,1,54.971092,-441.37592,325.8793,-0.006747566,0.00213281,0.0022234656,6.9011664,6.9141665,2,3,1,0.96652937,1
7,33,1,1,1,-57.937393,270.81973,420.73196,-0.016094932,0.006340886,0.011125181,24.296799,24.692223,2,4,1,0.97952795,1
7,6,1,1,1,-67.27472,-497.56985,132.99805,-0.011299171,0.005080364,0.0075329365,12.251035,12.1275,2,5,1,0.9630471,1
7,6,1,0,1,-67.27472,-497.56985,132.99805,-0.011299171,0.005080364,0.0075329365,4.1091666,4.1255555,2,-1,0,0.9378252,1
7,35,1,1,1,-84.944435,582.9651,306.51675,-0.010105904,0.0008043834,0.009017941,14.787791,14.850278,2,6,1,0.9899582,1
7,30,1,1,1,109.6661,349.61053,395.11795,-0.014364718,0.0023623616,0.007321767,17.748535,17.773333,2,7,1,0.9975561,1
7,37,1,1,1,106.71149,482.76285,248.77274,-0.0053333933,0.0016551437,0.0015234501,5.332028,5.4058332,2,8,1,0.9675327,1
7,40,1,1,1,-119.98461,468.99872,290.4991,-0.0066364235,0.0024494191,0.0070023653,6.6988125,6.6525,2,9,1,0.9891489,1
7,23,1,0,1,137.2426,-447.34,124.05116,-0.01927735,0.0051473076,0.017177574,4.0436664,4.1586113,2,-1,0,0.91132677,1
7,23,1,1,1,137.2426,-447.34,124.05116,-0.01927735,0.0051473076,0.017177574,22.600006,22.37889,2,10,1,0.9889874,1
7,11,1,1,1,132.65742,406.76544,453.66858,-0.0031016283,-0.0010961232,0.0020085645,3.9579096,4.023611,2,11,1,0.95705533,1
7,39,1,1,1,-138.33401,-36.151684,43.323112,-0.0050191474,0.0018770018,0.0055655255,8.900312,8.907778,2,12,1,0.9997942,1
7,31,1,1,1,-140.49281,53.49583,199.84445,-0.018895995,0.0036476923,0.011828278,24.371723,24.5975,2,13,1,0.99937844,1
7,29,1,1,1,-148.63855,-313.37082,435.5443,-0.0022427936,0.0018564368,0.0017985579,3.371868,3.2733333,2,14,1,0.94266075,1
7,24,1,1,1,160.1583,262.02667,142.53864,-0.007862895,0.0015862451,0.0027113205,9.046819,9.055833,2,15,1,0.97267973,1
7,14,1,1,1,-162.96158,-332.78558,18.254305,-0.004786111,0.000424556,0.0054265917,7.2884445,7.292778,2,16,1,0.9398254,1
7,10,1,1,1,167.15437,353.5221,203.391,-0.012486038,0.0038372607,0.006230755,14.503819,14.3575,2,17,1,0.6634621,1
7,38,1,1,1,247.01869,-508.37463,9.977785,-0.008448189,0.0034975803,0.0058753733,10.04325,10.0275,2,19,1,0.99778664,1
7,26,1,1,1,250.9539,-476.91208,288.6473,-0.011518163,0.004124769,0.010939875,16.90082,16.979723,2,20,1,0.99999106,1
7,7,1,1,1,260.23148,-370.79178,35.389015,-0.02448023,0.004477097,0.017301265,30.509487,30.7575,2,21,1,0.97252595,1
7,27,1,1,1,-255.03133,-125.67842,45.268806,-0.0018002298,-0.00057184004,0.0027335302,3.001111,2.9933333,2,-1,1,0.7037619,1
7,3,1,1,1,-265.37735,214.18993,9.48079,-0.0039296974,0.0010315768,0.0056733517,5.663375,5.7083335,2,22,1,0.9928514,1
7,20,1,1,1,271.8909,-239.30722,459.37997,-0.0040418557,-8.8086425e-05,0.0048333206,5.88116,5.99,2,23,1,0.97806996,1
7,16,0,0,0,0.0,0.0,0.0,0.0,0.0,0.0,2.8791525,2.7980556,2,-1,0,0.50698227,1
7,21,1,1,1,-316.92215,-124.18342,415.1441,-0.009748896,0.0041870233,0.0064105336,8.216049,8.329445,2,25,1,0.96369517,1
7,18,1,1,1,-317.31265,-183.37129,334.20212,-0.01572022,0.0017996219,0.014674611,16.996223,16.65611,2,26,1,0.9894371,1
7,13,1,1,1,-318.0538,-288.88736,22.145737,-0.003591621,0.0021819943,0.0037868312,5.2258887,5.1983333,2,27,1,0.9909202,1
7,21,1,0,1,-316.92215,-124.18342,415.1441,-0.009748896,0.0041870233,0.0064105336,3.7716525,3.7733333,2,-1,0,0.9912116,1
7,18,1,0,1,-317.31265,-183.37129,334.20212,-0.01572022,0.0017996219,0.014674611,3.947646,4.0111113,2,-1,0,0.83690476,1
7,1,1,0,1,338.76743,-118.66377,54.0288,-0.01728121,0.0055533433,0.015568008,9.775917,9.754167,2,-1,0,0.9458681,1
7,1,1,1,1,338.76743,-118.66377,54.0288,-0.01728121,0.0055533433,0.015568008,11.820917,11.768333,2,-1,1,0.9511837,1
7,32,1,1,1,352.85123,-89.02088,436.25064,-0.024666717,0.006513816,0.014057185,18.170006,18.178612,2,28,1,0.999044,1
7,36,1,1,1,-357.1172,-396.99112,16.712414,-0.014291845,0.004843002,0.009119158,15.043819,14.943055,2,29,1,0.94456434,1
8,2,1,1,1,4.0224466,371.10382,373.1605,-0.020551728,0.0035133732,0.0120320665,5.097854,5.0475,2,0,1,0.9863349,1
8,16,1,1,1,20.307806,415.56726,181.96812,-0.0030707526,-0.0002950016,0.004078908,5.6116242,5.746111,2,1,1,0.98953515,1
8,39,1,1,1,-29.339226,-423.73,5.9103265,-0.017399551,0.0068541584,0.013536448,10.942132,11.086945,2,2,1,0.9751022,1
8,39,1,0,1,-29.339226,-423.73,5.9103265,-0.017399551,0.0068541584,0.013536448,11.087521,10.953333,2,-1,0,0.9975217,1
8,12,1,1,1,-39.623962,-252.01631,391.96255,-0.026717097,0.005780803,0.018746242,19.034653,19.0375,2,3,1,0.98837215,1
8,9,1,1,1,43.57381,42.33305,214.19977,-0.008010995,0.00093867874,0.0047929822,10.612993,10.5525,2,4,1,0.98246,1
8,12,1,0,1,-39.623962,-252.01631,391.96255,-0.026717097,0.005780803,0.018746242,15.464806,15.428611,2,-1,0,0.997542,1
8,32,1,1,1,47.832764,-143.20232,206.16527,-0.005975384,0.002170995,0.0029253152,8.102701,8.130555,2,5,1,0.98993915,1
8,35,1,1,1,61.740177,-553.51013,394.57794,-0.0065261177,0.0016573343,0.00811667,12.059986,12.215555,2,6,1,0.99795234,1
8,24,1,1,1,-63.374084,159.6079,437.28403,-0.006065397,0.0022603387,0.0070093013,9.230695,9.29,2,7,1,0.9702048,1
8,29,1,1,1,-66.022766,147.27002,224.92108,-0.018793374,0.0035368572,0.010357087,8.121375,8.314722,2,8,1,0.99875355,1
8,13,1,0,1,-68.168724,100.27684,382.5642,-0.018483954,0.0025905003,0.010100272,5.9487367,5.927778,2,-1,0,0.98215854,1
8,7,1,1,1,76.415215,-236.63243,7.2042775,-0.0018568474,2.1030847e-07,0.002726169,3.6809862,3.5825,2,9,1,0.7751519,1
8,29,1,0,1,-66.022766,147.27002,224.92108,-0.018793374,0.0035368572,0.010357087,7.7747087,7.753889,2,-1,0,0.98739713,1
8,13,1,1,1,-68.168724,100.27684,382.5642,-0.018483954,0.0025905003,0.010100272,12.541673,12.415833,2,10,1,0.9842568,1
8,26,1,1,1,-85.72208,476.89554,126.3827,-0.008663708,-0.0006494464,0.0051968778,10.235903,10.303333,2,11,1,0.97744316,1
8,25,1,1,1,121.034004,301.50485,208.57655,-0.010499941,0.0011737599,0.008969063,10.623611,10.534722,2,12,1,0.9704084,1
8,8,1,1,1,-107.168625,315.47153,107.06183,-0.0039369436,7.411395e-05,0.0014283307,4.609083,4.6058335,2,13,1,0.98699886,1
8,25,1,0,1,121.034004,301.50485,208.57655,-0.010499941,0.0011737599,0.008969063,3.6105142,3.6525,2,-1,0,0.97239316,1
8,31,1,1,1,141.66743,579.89795,285.58484,-0.008417251,-0.0006541622,0.007335662,10.653326,10.689722,2,14,1,0.9957184,1
8,36,1,1,1,-148.38579,373.36896,340.9333,-0.0052518556,0.00030605865,0.00568319,6.7288055,6.734722,2,15,1,0.9562025,1
8,30,1,1,1,-163.62106,416.10574,148.94566,-0.016716374,0.006045266,0.01067962,22.619207,22.876667,2,16,1,0.997436,1
8,40,1,0,1,180.71634,55.023285,126.88705,-0.022761794,0.004584328,0.01814454,11.69959,11.616111,2,-1,0,0.98652434,1
8,40,1,1,1,180.71634,55.023285,126.88705,-0.022761794,0.004584328,0.01814454,18.02755,18.196388,2,17,1,0.98869425,1
8,20,1,0,1,201.59572,-60.223343,320.29602,-0.025397029,0.006654691,0.021453604,10.343333,10.341945,2,-1,0,0.9716172,1
8,20,1,1,1,201.59572,-60.223343,320.29602,-0.025397029,0.006654691,0.021453604,25.538671,25.603611,2,18,1,0.86048365,1
8,3,1,1,1,-207.55373,-370.85117,433.39365,-0.0034090814,-0.0009521409,0.003294818,4.4799376,4.5558333,2,19,1,0.99706346,1
8,18,1,1,1,217.72092,282.13257,120.12304,-0.009736831,0.0037964163,0.0080624055,13.097814,13.228333,2,20,1,0.9724043,1
8,34,1,1,1,215.57259,-400.96075,341.33176,-0.0027331852,-0.00088419934,0.0028585286,3.876639,3.8830554,2,-1,1,0.94971097,1
8,15,1,1,1,-240.12181,530.23315,242.47585,-0.004012538,-0.00060668157,0.0021474436,3.697979,3.728611,2,21,1,0.94563925,1
8,5,1,1,1,258.42044,-455.68286,408.58893,-0.008779661,0.0016935868,0.0068206755,9.70193,9.671945,2,23,1,0.9847637,1
8,22,1,1,1,285.30917,-129.23654,335.79575,-0.010702302,0.0019189977,0.007202,6.085292,6.0019445,2,24,1,0.9899782,1
8,22,1,0,1,285.30917,-129.23654,335.79575,-0.010702302,0.0019189977,0.007202,5.310882,5.369167,2,-1,0,0.96799034,1
8,38,1,1,1,-284.62857,389.27805,178.31487,-0.0078909695,0.0020096083,0.005440099,9.582556,9.733055,2,26,1,0.97430813,1
8,33,1,1,1,286.83768,-550.23376,217.36069,-0.0037495804,-0.0010108362,0.0023089317,2.8335,2.8180556,2,27,1,0.7329825,1
8,10,1,1,1,-335.73804,-335.73935,431.92603,-0.0045084585,-0.0010273198,0.003908946,4.21075,4.2305555,2,28,1,0.9227004,1
8,6,1,1,1,-336.08438,-319.53586,28.945057,-0.013845228,0.0052895118,0.009279275,14.854722,14.756667,2,29,1,0.98321253,1
8,27,1,1,1,338.7889,483.0711,238.87079,-0.0034652844,-0.0006714359,0.0026951118,3.4453473,3.4552777,2,30,1,0.9411035,1
8,11,1,1,1,-343.71402,-63.03561,418.3462,-0.0070577348,0.0012263614,0.0021944067,4.8479586,4.756111,2,31,1,0.96950513,1
9,38,1,1,1,-16.312025,591.9414,401.7145,-0.0077660233,0.00045918635,0.003132267,9.286827,9.361111,2,0,1,0.9942688,1
9,34,1,0,1,-22.169043,-119.55639,71.04724,-0.007859801,0.00022023871,0.004067797,4.9907007,4.9272223,2,-1,0,0.972637,1
9,34,1,1,1,-22.169043,-119.55639,71.04724,-0.007859801,0.00022023871,0.004067797,5.7965903,5.471389,2,1,1,0.9104027,1
9,30,1,1,1,-31.17562,-214.35696,206.86124,-0.0028500108,-0.0008059857,0.0028266208,4.8194933,4.730278,2,2,1,0.9521475,1
9,10,1,1,1,52.15331,-197.53458,22.463015,-0.03534709,0.009515054,0.025768558,50.687885,50.94472,2,3,1,0.99773645,1
9,21,1,1,1,-47.73508,330.528,45.273247,-0.01813775,0.0068777837,0.013572472,28.593737,28.42639,2,4,1,0.9999782,1
9,23,1,1,1,-70.804985,-446.5716,291.3963,-0.021848828,0.004375813,0.016483625,23.561277,23.47611,2,5,1,0.99485457,1
9,8,1,0,1,127.25924,283.644,204.20935,-0.016019715,0.0020684476,0.0147669865,9.288916,9.130278,2,-1,0,0.9983382,1
9,23,1,0,1,-70.804985,-446.5716,291.3963,-0.021848828,0.004375813,0.016483625,6.924528,6.913889,2,-1,0,0.97961515,1
9,5,1,1,1,-77.4163,37.313194,272.0216,-0.01826209,0.005479502,0.011904935,17.345346,17.456112,2,6,1,0.99597025,1
9,5,1,0,1,-77.4163,37.313194,272.0216,-0.01826209,0.005479502,0.011904935,4.92659,4.8072224,2,-1,0,0.98928285,1
9,24,1,1,1,94.388855,228.4909,239.31187,-0.00396683,0.0012947231,0.0009828284,3.4015555,3.3258333,2,7,1,0.89236325,1
9,22,1,0,1,-96.295135,558.71936,120.91507,-0.011473113,0.0035748775,0.011488935,3.6276042,3.547778,2,-1,0,0.96921575,1
9,13,1,1,1,101.07324,203.29883,294.89185,-0.0048568114,0.0034269309,0.0038155597,7.800583,7.811389,2,8,1,0.9916224,1
9,22,1,1,1,-96.295135,558.71936,120.91507,-0.011473113,0.0035748775,0.011488935,14.453431,14.300834,2,9,1,0.98482263,1
9,33,1,1,1,108.416885,300.93167,55.459385,-0.015261725,0.004552451,0.0134963365,23.622013,23.796667,2,10,1,0.9970503,1
9,8,1,1,1,127.25924,283.644,204.20935,-0.016019715,0.0020684476,0.0147669865,15.223333,15.339723,2,11,1,0.9983064,1
9,29,1,1,1,-134.13425,480.8924,437.3949,-0.014609152,0.0028080104,0.011022519,21.080868,20.987778,2,12,1,0.99662125,1
9,12,1,1,1,-137.19795,115.25309,247.37,-0.016894884,0.0035314995,0.015234555,19.80484,19.949722,2,13,1,0.99358505,1
9,12,1,0,1,-137.19795,115.25309,247.37,-0.016894884,0.0035314995,0.015234555,4.30975,4.2741666,2,-1,0,0.9525168,1
9,4,1,1,1,151.16805,-557.39197,9.623867,-0.011658967,0.00039797855,0.009895837,16.256306,16.059166,2,14,1,0.98127675,1
9,18,1,1,1,-190.31583,557.40924,329.3772,-0.018010525,0.005928648,0.013132847,23.282696,23.440556,2,15,1,0.99284184,1
9,35,1,1,1,-212.89854,-4.9818597,129.5477,-0.008808465,0.0025499738,0.005779132,12.211489,11.840555,2,16,1,0.98995346,1
9,36,1,1,1,231.42545,33.874924,156.03062,-0.01378038,0.0026709565,0.011016809,16.401993,16.244444,2,17,1,0.99377394,1
9,25,1,1,1,242.2076,-268.73538,316.31458,-0.010773393,0.0053147534,0.007260237,12.876152,12.9775,2,18,1,0.91815585,1
9,27,1,1,1,252.31422,333.64246,71.16223,-0.011499089,0.0054150503,0.0085009895,15.786438,15.7675,2,20,1,0.9974009,1
9,1,1,1,1,254.09071,-332.30878,329.20178,-0.003662544,0.0027425603,0.002082042,5.098972,4.925833,2,21,1,0.9940692,1
9,14,1,1,1,275.0756,270.9226,109.44147,-0.008925732,0.004764313,0.00725879,12.656465,12.717778,2,23,1,0.9881682,1
9,11,1,1,1,-273.93814,-349.0696,303.22995,-0.023790164,0.004467796,0.013355476,10.17491,10.144444,2,24,1,0.9914449,1
9,11,1,0,1,-273.93814,-349.0696,303.22995,-0.023790164,0.004467796,0.013355476,7.1981664,7.175833,2,-1,0,0.97687745,1
9,6,1,1,1,-276.3607,69.04133,25.537214,-0.0049121054,1.5429654e-06,0.0055477284,6.248208,6.2083335,2,25,1,0.95045936,1
9,16,1,1,1,-278.9901,-4.0809894,137.07127,-0.0052798796,0.00021873009,0.006296832,8.223862,8.135,2,26,1,0.971753,1
9,11,1,0,1,-273.93814,-349.0696,303.22995,-0.023790164,0.004467796,0.013355476,4.051375,4.025,2,-1,0,0.9622598,1
9,11,1,0,1,-273.93814,-349.0696,303.22995,-0.023790164,0.004467796,0.013355476,4.1022086,4.068611,2,-1,0,0.9593728,1
9,9,1,1,1,-311.1921,192.16817,102.99223,-0.01607442,0.0046720076,0.00947635,18.310452,18.075556,2,27,1,0.9912641,1
9,20,1,1,1,-319.81763,-50.542927,0.5455993,-0.00672701,0.003920339,0.0070941844,10.626632,10.633611,2,28,1,0.99843615,1
9,7,1,1,1,332.86697,-306.791,121.96693,-0.021236286,0.0030635304,0.012264246,22.486187,22.664444,2,29,1,0.94318235,1
9,15,1,1,1,346.9914,467.36185,419.4825,-0.016847435,0.0016916139,0.015066256,15.178327,15.282222,2,30,1,0.999998,1
9,15,1,0,1,346.9914,467.36185,419.4825,-0.016847435,0.0016916139,0.015066256,7.031167,7.0105557,2,-1,0,0.9127266,1
9,39,1,1,1,-344.75534,215.9914,195.36383,-0.009152152,-0.00041628946,0.005598326,7.884451,8.005834,2,31,1,0.9836369,1
9,3,1,1,1,346.2356,92.027306,131.88626,-0.0014895608,0.0003284395,0.0030273339,2.814257,2.771111,2,32,1,0.8597058,1
10,10,1,1,0,9.8742,11.762084,252.265,0.007953042,-6.347208e-05,-0.007101577,12.423166,12.501111,2,0,1,0.98650336,1
10,10,1,0,0,9.8742,11.762084,252.265,0.007953042,-6.347208e-05,-0.007101577,3.355611,3.4519444,2,-1,0,0.5011879,1
10,32,1,1,0,-34.633034,87.01303,429.08688,-0.008389129,-0.0029316007,0.005285438,10.127215,10.345,2,1,1,0.9798094,1
10,4,1,1,0,41.586983,440.1565,435.04398,0.006936417,0.0017410592,-0.017618652,16.74077,7.9297223,2,2,1,0.9959462,1
10,40,0,0,0,0.0,0.0,0.0,0.0,0.0,0.0,25.019722,-1.0,2,-1,0,0.9998764,1
10,31,1,1,0,-80.878525,544.3024,270.7395,-0.01632723,-0.008021976,0.0033350498,17.511084,17.568056,2,3,1,0.99903667,1
10,25,1,1,0,-89.74205,-88.51221,196.30367,-0.00023435136,-0.0054158955,-0.0017592756,5.234222,5.2219443,2,4,1,0.9935614,1
10,8,1,1,0,96.36193,350.12726,49.93055,0.0146270525,0.0043994645,-0.028904626,24.952097,24.808332,2,5,1,0.997684,1
10,33,0,0,0,0.0,0.0,0.0,0.0,0.0,0.0,2.889514,2.7697222,2,-1,0,0.6654676,1
10,8,1,0,0,96.36193,350.12726,49.93055,0.0146270525,0.0043994645,-0.028904626,12.2746525,11.879723,2,-1,0,0.99885,1
10,11,1,1,0,-109.56041,48.580227,222.84476,0.0034498933,-0.008861871,-0.010457159,14.9494505,14.869722,2,6,1,0.9941958,1
10,34,0,0,0,0.0,0.0,0.0,0.0,0.0,0.0,12.947055,-1.0,2,-1,0,0.88697344,1
10,34,0,0,0,0.0,0.0,0.0,0.0,0.0,0.0,12.880777,-1.0,2,-1,0,0.98843956,1
10,5,1,1,0,-146.21454,-64.77747,281.58502,-0.013343695,-0.00048974645,0.015137238,20.390404,20.198889,2,7,1,0.98798233,1
10,7,1,0,0,147.78935,244.63095,86.658165,0.029913181,-0.0013559025,0.04095331,16.03527,14.406111,2,-1,0,0.9682939,1
10,35,1,1,0,161.12128,1.7502812,103.94983,-0.020212702,0.024461633,0.018531514,38.803074,39.059444,2,8,1,0.9999924,1
10,27,1,1,0,163.133,607.78516,29.851929,0.012135485,0.021072306,0.011138169,2.89825,2.9905555,2,9,1,0.59081745,1
10,19,1,0,0,178.75934,420.98032,434.25693,0.017431188,-0.010259176,0.0031500638,7.758111,7.6927776,2,-1,0,0.99511296,1
10,13,1,0,0,166.93889,-430.3491,266.22415,0.009347183,0.041841935,0.01633952,5.3630137,5.4141665,2,-1,0,0.9547227,1
10,14,1,1,0,164.60739,-411.7867,310.64334,-0.0065793353,-0.02610355,-0.0045603965,29.542105,29.294445,2,10,1,0.99985445,1
10,14,1,0,0,164.60739,-411.7867,310.64334,-0.0065793353,-0.02610355,-0.0045603965,3.8889995,3.1436112,2,-1,0,0.9941772,1
10,13,1,1,0,166.93889,-430.3491,266.22415,0.009347183,0.041841935,0.01633952,32.996784,28.038334,2,11,1,0.9995196,1
10,7,1,0,0,147.78935,244.63095,86.658165,0.029913181,-0.0013559025,0.04095331,3.3713195,3.391389,2,-1,0,0.9326649,1
10,7,1,1,0,147.78935,244.63095,86.658165,0.029913181,-0.0013559025,0.04095331,25.158854,25.134167,2,12,1,0.99885297,1
10,1,1,1,0,-177.52135,-315.18243,1.5235299,-0.026499368,-0.003934694,0.012706128,19.920689,19.950556,2,13,1,0.86474806,1
10,19,1,1,0,178.75934,420.98032,434.25693,0.017431188,-0.010259176,0.0031500638,17.728355,17.843334,2,14,1,0.999233,1
10,40,0,0,0,0.0,0.0,0.0,0.0,0.0,0.0,7.590722,-1.0,2,-1,0,0.99190545,1
10,1,1,0,0,-177.52135,-315.18243,1.5235299,-0.026499368,-0.003934694,0.012706128,7.397222,7.423611,2,-1,0,0.99304384,1
10,13,1,0,0,166.93889,-430.3491,266.22415,0.009347183,0.041841935,0.01633952,13.330521,13.138056,2,-1,0,0.9783167,1
10,19,1,0,0,178.75934,420.98032,434.25693,0.017431188,-0.010259176,0.0031500638,2.9473891,3.0727777,2,-1,0,0.7991941,1
10,1,1,0,0,-177.52135,-315.18243,1.5235299,-0.026499368,-0.003934694,0.012706128,3.6594026,3.7033334,2,-1,0,0.91736394,1
10,24,1,1,0,-193.98903,-523.2243,90.54094,-0.006476927,0.0024825712,-0.0069856457,10.329757,10.324445,2,-1,1,0.98320824,1
10,6,1,1,0,198.1638,-120.23585,209.42087,0.006140115,0.025821537,-0.006542342,27.29716,26.975,2,15,1,0.9953532,1
10,28,1,1,0,210.03369,-51.332592,40.484837,0.0015939334,0.012124665,-0.0025161558,10.718319,11.010834,2,16,1,0.9966807,1
10,20,1,0,0,-216.62752,-365.5962,415.95413,0.025526961,0.01326694,-0.016990801,12.452042,12.424444,2,-1,0,0.9716079,1
10,20,1,1,0,-216.62752,-365.5962,415.95413,0.025526961,0.01326694,-0.016990801,20.250652,20.236944,2,17,1,0.9556299,1
10,39,1,1,0,220.17305,417.08765,104.64976,-0.011812838,0.02921302,0.005775529,34.3041,34.213333,2,18,1,0.94224685,1
10,33,1,1,0,-221.28587,446.36118,216.6893,0.012133772,0.0148754995,-0.010822959,19.90129,19.5175,2,19,1,0.9945985,1
10,3,1,1,0,229.3093,-37.534573,342.48944,-0.0032165097,0.003131371,-0.021150505,23.351215,23.471111,2,20,1,0.9906427,1
10,9,1,1,0,-236.98521,-490.54678,24.155615,0.026703302,0.020085374,0.007941445,23.923508,23.774445,2,21,1,0.99999976,1
10,9,1,0,0,-236.98521,-490.54678,24.155615,0.026703302,0.020085374,0.007941445,5.624173,5.5275,2,-1,0,0.88049775,1
10,29,1,1,0,-265.7949,-155.20583,80.98484,-0.010444584,-0.0068790633,-0.009402747,12.8147,11.337222,2,22,1,0.9946445,1
10,29,1,0,0,-265.7949,-155.20583,80.98484,-0.010444584,-0.0068790633,-0.009402747,5.208778,5.347778,2,-1,0,0.94006807,1
10,21,1,1,0,-278.95618,250.86847,223.6169,0.012417438,0.0105080465,0.004267145,9.143736,9.2125,2,23,1,0.99869436,1
10,36,1,0,0,-351.0421,-370.281,121.43152,-0.009690472,0.00057757786,0.01889744,4.384611,4.411111,2,-1,0,0.9243963,1
10,30,1,1,0,288.01575,-101.637665,17.44425,0.0026779587,0.0069268816,0.010776216,9.198631,9.184167,2,24,1,0.9879964,1
10,30,1,0,0,288.01575,-101.637665,17.44425,0.0026779587,0.0069268816,0.010776216,4.422458,2.9630556,2,-1,0,0.9817344,1
10,37,1,1,0,-321.50006,-453.6199,463.2851,0.015507556,0.00092214806,0.00020324816,3.8148193,3.7855556,2,25,1,0.96298414,1
10,37,1,0,0,-321.50006,-453.6199,463.2851,0.015507556,0.00092214806,0.00020324816,2.9865484,2.9408333,2,-1,0,0.5906379,1
10,38,1,1,0,321.35098,33.42223,299.05875,-0.015253934,0.007693287,0.01958538,24.19312,23.964445,2,26,1,0.97413063,1
10,26,1,1,0,335.3098,-124.859886,383.99835,-0.030599952,-0.0119256405,-0.010157493,30.448746,30.363611,2,27,1,0.99325645,1
10,15,1,1,0,329.57492,332.75482,386.77103,0.00079333916,-0.024988037,-0.013234624,25.68176,25.773611,2,28,1,0.9976961,1
10,16,1,1,0,-331.5539,363.3139,98.56257,0.003778297,0.015506642,0.0019858808,16.29525,16.120556,2,29,1,0.9891139,1
10,2,1,1,0,334.17776,-475.6957,39.593903,0.0011577901,-0.026561335,0.022604201,24.453459,24.32361,2,30,1,0.99928075,1
10,36,1,1,0,-351.0421,-370.281,121.43152,-0.009690472,0.00057757786,0.01889744,21.600056,19.090279,2,31,1,0.99606836,1
10,36,1,0,0,-504.78644,-381.15472,198.64217,-0.009690472,0.00057757786,0.01889744,5.5112014,5.5005555,2,-1,0,0.9984409,1
10,12,1,1,0,-351.0813,488.38406,165.09856,-0.021681622,0.021599758,-0.0019225654,30.123138,30.022778,2,32,1,0.988953,1
10,22,1,0,0,357.01855,-305.8232,288.2232,-0.008266786,-0.012069161,0.038051065,15.279243,15.333333,2,-1,0,0.99991417,1
10,22,1,1,0,357.01855,-305.8232,288.2232,-0.008266786,-0.012069161,0.038051065,18.129292,18.153889,2,33,1,0.96761525,1
11,16,1,1,0,35.398045,410.63455,193.50818,0.0002190554,0.010081002,0.0068839346,10.186799,10.3075,2,0,1,0.97860956,1
11,16,1,0,0,35.398045,410.63455,193.50818,0.0002190554,0.010081002,0.0068839346,3.10375,2.9916666,2,-1,0,0.83994997,1
11,25,1,0,0,40.40562,402.47772,435.00897,-2.6450987e-05,0.017872844,-0.023373364,7.863507,7.8036113,2,-1,0,0.9856823,1
11,34,1,0,0,55.3958,-331.3709,196.40886,0.009775287,-0.014379694,0.004292053,4.4083476,4.466111,2,-1,0,0.9566878,1
11,25,1,1,0,40.40562,402.47772,435.00897,-2.6450987e-05,0.017872844,-0.023373364,22.219965,22.084723,2,1,1,0.9944477,1
11,9,0,0,0,0.0,0.0,0.0,0.0,0.0,0.0,19.593763,-1.0,2,-1,0,0.9902666,1
11,20,1,1,0,-45.252754,-456.6023,83.35448,0.0032756089,0.0033812465,0.01813718,9.195944,8.044723,2,2,1,0.99479795,1
11,20,1,0,0,-45.252754,-456.6023,83.35448,0.0032756089,0.0033812465,0.01813718,7.306187,7.1255555,2,-1,0,0.9968933,1
11,9,0,0,0,0.0,0.0,0.0,0.0,0.0,0.0,13.00934,-1.0,2,-1,0,0.9977063,1
11,20,1,0,0,-45.252754,-456.6023,83.35448,0.0032756089,0.0033812465,0.01813718,6.0994587,6.0313888,2,-1,0,0.97524023,1
11,38,1,0,0,50.250374,592.42755,246.24799,0.0027189448,-0.0030538102,-0.012310227,3.229903,3.1516666,2,-1,0,0.7356376,1
11,15,1,1,0,46.836926,571.2074,304.53293,0.014479458,-0.0013323481,-0.0044013625,14.1965275,5.498889,2,3,1,0.99640226,1
11,25,1,0,0,40.40562,402.47772,435.00897,-2.6450987e-05,0.017872844,-0.023373364,3.67375,3.7844443,2,-1,0,0.96260434,1
11,15,1,0,0,46.836926,571.2074,304.53293,0.014479458,-0.0013323481,-0.0044013625,3.7779443,3.5597222,2,-1,0,0.8900075,1
11,38,1,1,0,50.250374,592.42755,246.24799,0.0027189448,-0.0030538102,-0.012310227,7.3469863,7.4319444,2,4,1,0.9985536,1
11,29,1,0,0,62.43052,-360.15335,232.1663,-0.017856365,-0.018583294,0.014103922,3.5131667,3.5975,2,-1,0,0.95861906,1
11,34,1,1,0,55.3958,-331.3709,196.40886,0.009775287,-0.014379694,0.004292053,22.878286,14.825,2,5,1,0.996141,1
11,29,1,1,0,62.43052,-360.15335,232.1663,-0.017856365,-0.018583294,0.014103922,21.460423,21.650278,2,6,1,0.99352336,1
11,14,1,1,0,-140.41356,-449.90353,154.2572,0.033946443,-0.017763527,0.022765907,34.924908,34.69389,2,7,1,0.9996803,1
11,27,1,1,0,-82.14524,-117.36841,388.70807,0.017519837,-0.006415497,-0.017123234,25.13477,24.994722,2,8,1,0.991076,1
11,30,1,1,0,-80.053795,-481.454,107.73684,-0.015386542,0.002341396,-0.011874219,17.353672,17.29139,2,9,1,0.99797875,1
11,10,1,1,0,80.59855,284.2043,103.117424,-6.723024e-05,0.0022593285,-0.0027892306,3.7662222,3.7725,2,10,1,0.96570396,1
11,36,1,1,0,-91.111404,112.31919,231.06892,-0.0012102494,-0.0040425374,0.00926897,6.4498887,6.437778,2,11,1,0.96092224,1
11,24,1,0,0,-121.27617,-191.98317,303.93842,0.038899977,-0.017968748,0.004754049,4.5993056,4.7941666,2,-1,0,0.97656596,1
11,24,1,0,0,-121.27617,-191.98317,303.93842,0.038899977,-0.017968748,0.004754049,17.721228,17.741388,2,-1,0,0.97674847,1
11,24,1,1,0,-121.27617,-191.98317,303.93842,0.038899977,-0.017968748,0.004754049,19.741932,19.732779,2,12,1,0.99983454,1
11,28,1,1,0,-98.02157,246.51497,303.9578,0.013260476,0.015807103,-0.0039410884,24.316216,24.195278,2,13,1,0.99385333,1
11,24,1,0,0,-121.27617,-191.98317,303.93842,0.038899977,-0.017968748,0.004754049,9.746597,10.008333,2,-1,0,0.94784176,1
11,17,1,1,0,125.77217,-178.47792,384.35983,0.016977621,0.024203852,-0.026252283,20.120459,20.245556,2,14,1,0.9911907,1
11,17,1,0,0,125.77217,-178.47792,384.35983,0.016977621,0.024203852,-0.026252283,5.8071322,5.8194447,2,-1,0,0.97090125,1
11,14,0,0,0,0.0,0.0,0.0,0.0,0.0,0.0,3.7271318,-1.0,2,-1,0,0.94399524,1
11,37,1,0,0,-153.46793,115.9867,328.78928,0.024839044,-0.02969939,-0.023417508,4.134132,4.062778,2,-1,0,0.98017955,1
11,14,0,0,0,0.0,0.0,0.0,0.0,0.0,0.0,8.111818,-1.0,2,-1,0,0.95926464,1
11,37,1,1,0,-153.46793,115.9867,328.78928,0.024839044,-0.02969939,-0.023417508,43.858932,43.69639,2,15,1,0.99535686,1
11,17,1,0,0,125.77217,-178.47792,384.35983,0.016977621,0.024203852,-0.026252283,8.2283535,8.377222,2,-1,0,0.9599205,1
11,39,1,1,0,147.00125,295.03098,384.5864,0.014613495,-0.0030595863,0.005069271,19.162334,17.264166,2,16,1,0.95698786,1
11,37,1,0,0,-153.46793,115.9867,328.78928,0.024839044,-0.02969939,-0.023417508,4.7389097,4.7391667,2,-1,0,0.95622104,1
11,21,1,1,0,159.77463,-60.291416,323.7257,-0.016760474,-0.009762638,-0.0041329344,17.976675,18.002222,2,17,1,0.9943791,1
11,35,1,1,0,161.3483,-134.01825,21.745348,-0.025704341,0.0035830487,0.023418976,38.52732,38.31889,2,18,1,0.9817563,1
11,12,1,1,0,170.74043,-79.90779,207.5566,-0.0030044767,-0.002638705,-0.01609742,9.377848,9.399445,2,19,1,0.850597,1
11,12,1,0,0,170.74043,-79.90779,207.5566,-0.0030044767,-0.002638705,-0.01609742,5.3179307,5.3191667,2,-1,0,0.9687455,1
11,6,1,1,0,-175.39514,458.13852,260.63733,-0.0065828515,-0.005770955,-0.053618625,23.930103,23.996944,2,20,1,0.9836013,1
11,6,1,0,0,-175.39514,458.13852,260.63733,-0.0065828515,-0.005770955,-0.053618625,13.770736,13.704722,2,-1,0,0.99174833,1
11,6,1,0,0,-175.39514,458.13852,260.63733,-0.0065828515,-0.005770955,-0.053618625,7.967542,7.812778,2,-1,0,0.9651649,1
11,23,0,0,0,0.0,0.0,0.0,0.0,0.0,0.0,28.255335,-1.0,2,-1,0,0.9903808,1
11,18,1,1,0,-189.68163,203.89824,406.06717,0.005963643,-0.011524317,-0.002034253,14.581014,14.481944,2,21,1,0.9979467,1
11,23,0,0,0,0.0,0.0,0.0,0.0,0.0,0.0,4.1890974,-1.0,2,-1,0,0.9647951,1
11,22,1,1,0,195.69972,541.4306,294.68112,0.026066782,-0.0062385807,-0.008141206,14.909042,14.936944,2,22,1,0.9959132,1
11,22,1,0,0,195.69972,541.4306,294.68112,0.026066782,-0.0062385807,-0.008141206,7.5738606,7.5108333,2,-1,0,0.962236,1
11,11,1,1,0,-212.77281,309.38297,426.93176,-0.015012939,0.0048234635,-0.033702657,25.79966,25.938334,2,23,1,0.9406088,1
11,11,1,0,0,-212.77281,309.38297,426.93176,-0.015012939,0.0048234635,-0.033702657,8.459424,8.457222,2,-1,0,0.98768705,1
11,4,1,0,0,-226.67789,202.25166,108.21933,-0.009649535,0.012874487,-0.017885178,5.544868,5.6422224,2,-1,0,0.98700756,1
11,33,1,0,0,-228.95659,-580.89386,406.40826,-0.0008813755,0.004777514,0.0067254947,4.0779376,3.9430556,2,-1,0,0.97306687,1
11,4,1,1,0,-226.67789,202.25166,108.21933,-0.009649535,0.012874487,-0.017885178,12.169993,12.1925,2,24,1,0.9882295,1
11,33,1,1,0,-228.95659,-580.89386,406.40826,-0.0008813755,0.004777514,0.0067254947,8.372431,7.748889,2,25,1,0.99463,1
11,22,1,0,0,195.69972,541.4306,294.68112,0.026066782,-0.0062385807,-0.008141206,3.7794516,3.9102778,2,-1,0,0.9581184,1
11,27,0,0,0,0.0,0.0,0.0,0.0,0.0,0.0,3.3284028,3.2372222,2,-1,0,0.9011517,1
11,3,0,0,0,0.0,0.0,0.0,0.0,0.0,0.0,3.6120274,-1.0,2,-1,0,0.96988654,1
11,13,1,1,0,-263.30484,-369.1827,330.4125,0.022231575,0.018923286,0.0011169884,2.7822988,2.8111112,2,-1,1,0.7215322,1
11,4,1,0,0,-226.67789,202.25166,108.21933,-0.009649535,0.012874487,-0.017885178,3.712875,3.678611,2,-1,0,0.7222184,1
11,40,1,1,0,-283.48798,-485.9669,461.67252,-0.022791954,-0.010283156,0.012387886,4.3449306,2.4044445,2,-1,1,0.9610781,1
11,40,1,0,0,-283.48798,-485.9669,461.67252,-0.022791954,-0.010283156,0.012387886,3.4889789,3.5633333,2,-1,0,0.95155865,1
11,8,1,1,0,298.7631,-445.31363,427.72266,-0.003621629,0.022363393,0.005920204,11.863813,11.731112,2,26,1,0.8599542,1
11,7,1,1,0,-295.8218,190.74603,59.81587,-0.010852107,-0.007850087,-0.015097912,20.04602,18.641111,2,27,1,0.9907223,1
11,8,1,0,0,298.7631,-445.31363,427.72266,-0.003621629,0.022363393,0.005920204,10.007077,10.099444,2,-1,0,0.98859686,1
11,31,1,1,0,-299.72787,423.80194,208.98627,0.0006155362,0.0011679209,-0.012060586,10.030757,10.065833,2,28,1,0.98466057,1
11,5,1,1,0,-303.35278,-152.60968,305.1024,0.015059614,-0.002286377,-0.008978069,15.846993,15.222777,2,29,1,0.96849614,1
11,32,1,1,0,-308.07773,65.45343,251.29248,-0.015457826,0.005565999,-0.006571124,8.64491,8.513333,2,30,1,0.980142,1
11,32,1,0,0,-308.07773,65.45343,251.29248,-0.015457826,0.005565999,-0.006571124,8.035375,4.913889,2,-1,0,0.9902895,1
11,3,0,0,0,0.0,0.0,0.0,0.0,0.0,0.0,18.028952,-1.0,2,-1,0,0.99577636,1
11,1,1,1,0,335.35693,188.40417,367.76907,0.00038222616,0.027560504,-0.009671237,19.654423,16.786112,2,31,1,0.99769527,1
11,19,1,1,0,335.5099,142.11102,388.12646,0.00635185,0.041485008,0.01324513,38.726067,36.98528,2,32,1,0.9997788,1
11,2,1,1,0,348.5094,439.91092,314.9941,-0.009177551,0.013164844,0.036955927,36.231945,36.634167,2,33,1,0.9299725,1
11,26,1,1,0,-358.48996,82.21706,275.4999,0.006920324,-0.013257464,0.014899357,15.520925,15.543889,2,34,1,0.99987054,1
11,1,1,0,0,335.35693,188.40417,367.76907,0.00038222616,0.027560504,-0.009671237,3.8031182,3.889722,2,-1,0,0.9879354,1
12,21,1,1,0,13.534289,-288.77933,389.68842,-0.0077117877,-0.007048986,0.012244613,13.908327,13.465,2,0,1,0.99438196,1
12,10,1,1,0,-41.361458,-132.18927,321.90872,-0.017344384,-0.018084189,-0.013976126,23.836256,18.52,2,1,1,0.74173903,1
12,11,1,1,0,50.420914,-220.29718,66.16644,-0.0113763055,0.01502608,-0.016959546,31.206549,30.849445,2,2,1,0.9957408,1
12,22,1,1,0,66.32837,-332.56927,404.1993,-0.0038356902,0.007636124,-0.017082807,20.534939,20.518612,2,3,1,0.99691063,1
12,16,1,1,0,68.551994,-322.25418,356.39667,0.024388194,-0.02460105,0.0014138044,29.824896,29.972778,2,4,1,0.991126,1
12,10,1,0,0,-41.361458,-132.18927,321.90872,-0.017344384,-0.018084189,-0.013976126,10.265584,10.316389,2,-1,0,0.9982103,1
12,16,1,0,0,68.551994,-322.25418,356.39667,0.024388194,-0.02460105,0.0014138044,4.5165696,4.5736113,2,-1,0,0.974415,1
12,16,1,0,0,68.551994,-322.25418,356.39667,0.024388194,-0.02460105,0.0014138044,3.5983057,3.5330555,2,-1,0,0.8976681,1
12,17,1,1,0,78.995384,317.09894,94.305695,0.004281003,0.0001899257,0.0069447304,9.372292,7.3016667,2,5,1,0.988533,1
12,18,1,0,0,118.50063,-54.989716,304.6626,0.0066638663,0.016038176,-0.0054449164,3.998139,3.9502778,2,-1,0,0.9718541,1
12,12,1,1,0,-79.92254,195.38332,17.24532,-0.008794943,0.031141618,0.033396173,44.82557,43.078888,2,6,1,0.999295,1
12,25,1,1,0,85.99955,-495.83575,354.78616,-0.0195939,-0.013599513,-0.008859443,19.55534,19.4525,2,7,1,0.95711535,1
12,19,1,1,0,-84.264656,-122.40849,351.09637,0.0048163505,-0.0047094515,-0.00032770622,7.437396,7.4755554,2,8,1,0.9878225,1
12,25,1,0,0,85.99955,-495.83575,354.78616,-0.0195939,-0.013599513,-0.008859443,6.8830967,7.0475,2,-1,0,0.9751804,1
12,13,1,1,0,114.950775,-467.10397,55.86051,0.01357729,-0.0025930726,0.018232286,20.716856,18.948889,2,9,1,0.9975495,1
12,2,1,1,0,-119.06888,200.82019,196.20148,-0.003322266,0.007815074,-0.02923816,21.835136,22.034445,2,10,1,0.9959149,1
12,18,1,1,0,118.50063,-54.989716,304.6626,0.0066638663,0.016038176,-0.0054449164,13.362917,13.097222,2,11,1,0.9874794,1
12,2,1,0,0,-119.06888,200.82019,196.20148,-0.003322266,0.007815074,-0.02923816,4.977194,3.9394445,2,-1,0,0.9743595,1
12,18,1,0,0,118.50063,-54.989716,304.6626,0.0066638663,0.016038176,-0.0054449164,6.400625,6.3522224,2,-1,0,0.9968939,1
12,32,1,0,0,-127.15656,-452.05927,317.4587,-0.0016501523,-0.013321728,-0.019318338,3.1669586,3.1141667,2,-1,0,0.81744903,1
12,6,1,1,0,130.47943,-57.931168,144.68259,-0.01684537,-0.011658951,0.00426174,19.13518,18.994444,2,12,1,0.9955929,1
12,32,1,1,0,-127.15656,-452.05927,317.4587,-0.0016501523,-0.013321728,-0.019318338,23.072674,21.703888,2,13,1,0.9838321,1
12,6,1,0,0,130.47943,-57.931168,144.68259,-0.01684537,-0.011658951,0.00426174,5.5563607,5.513889,2,-1,0,0.9944035,1
12,2,1,0,0,-119.06888,200.82019,196.20148,-0.003322266,0.007815074,-0.02923816,6.5361395,5.3427777,2,-1,0,0.9797014,1
12,20,1,1,0,129.07306,257.74228,284.49713,0.010052191,-0.022010777,0.0084357895,18.063786,14.013889,2,14,1,0.94010997,1
12,23,1,0,0,146.93243,77.30327,375.84546,-0.0149064865,-0.005676402,-0.0051051243,3.7978263,3.7447221,2,-1,0,0.9977163,1
12,4,1,1,0,130.58344,-276.5449,411.61395,0.03185331,-0.010388872,-0.0005288036,22.063263,16.02389,2,15,1,0.9942367,1
12,20,1,0,0,129.07306,257.74228,284.49713,0.010052191,-0.022010777,0.0084357895,7.7867913,7.832778,2,-1,0,0.9919538,1
12,29,1,1,0,136.8871,250.03299,75.95839,0.009247819,0.0038966394,-0.0011433639,4.8930693,5.0747223,2,16,1,0.9053995,1
12,29,1,0,0,136.8871,250.03299,75.95839,0.009247819,0.0038966394,-0.0011433639,3.6448333,3.6644444,2,-1,0,0.886827,1
12,23,1,1,0,146.93243,77.30327,375.84546,-0.0149064865,-0.005676402,-0.0051051243,12.1502285,12.120833,2,17,1,0.9875165,1
12,4,1,0,0,130.58344,-276.5449,411.61395,0.03185331,-0.010388872,-0.0005288036,10.695979,10.576389,2,-1,0,0.96593237,1
12,13,1,0,0,114.950775,-467.10397,55.86051,0.01357729,-0.0025930726,0.018232286,3.1467013,3.1825,2,-1,0,0.8038138,1
12,24,1,1,0,-157.00104,-107.22853,261.3158,-0.004694332,0.0048241527,0.008873802,11.700465,11.9775,2,18,1,0.9993286,1
12,39,1,1,0,-166.11458,-358.82468,206.76773,-0.002554788,0.0010862008,-0.0069725974,8.153201,7.2022223,2,19,1,0.9857179,1
12,14,1,1,0,-170.24315,-416.09988,291.12817,-0.011966764,-0.0014068004,-0.0017686455,15.257562,12.9377775,2,20,1,0.99340725,1
12,36,1,0,0,170.60367,-434.79877,266.51392,0.015377473,0.017460478,-0.001021491,11.719194,0.58666664,2,-1,0,0.9969554,1
12,36,1,1,0,170.60367,-434.79877,266.51392,0.015377473,0.017460478,-0.001021491,14.292222,14.125,2,21,1,0.9995782,1
12,34,1,1,0,190.2014,291.66074,246.55812,0.0067968867,-0.010622478,0.0034397931,14.372792,4.7075,2,22,1,0.99986756,1
12,38,1,1,0,-197.62769,39.20186,447.18152,-0.0030932573,-0.019290838,0.04104978,12.682563,12.794444,2,23,1,0.97305524,1
12,38,1,0,0,-197.62769,39.20186,447.18152,-0.0030932573,-0.019290838,0.04104978,5.4302363,5.4380555,2,-1,0,0.96582496,1
12,28,0,0,0,0.0,0.0,0.0,0.0,0.0,0.0,13.235715,-1.0,2,-1,0,0.98529065,1
12,33,1,1,0,207.34348,174.24992,33.918484,0.008502002,-0.005224333,0.0042384183,11.84357,9.998889,2,24,1,0.99284345,1
12,8,1,1,0,214.22339,586.35,56.779793,0.02134567,-0.021195067,0.010216169,30.064735,29.973333,2,25,1,0.92735565,1
12,1,1,1,0,226.81627,-104.90406,88.91997,-0.006548228,0.0020174352,0.012199709,10.993528,11.029166,2,26,1,0.9863339,1
12,33,1,0,0,207.34348,174.24992,33.918484,0.008502002,-0.005224333,0.0042384183,3.9895763,4.11,2,-1,0,0.9214918,1
12,31,1,1,0,243.1303,-307.15546,360.97928,-0.0015064907,-0.0062057646,0.015177211,15.49375,15.275833,2,27,1,0.9556519,1
12,30,1,1,0,247.53137,-564.45294,251.26555,-0.005403711,0.0033380308,0.039083414,20.563833,20.613611,2,28,1,0.98748046,1
12,30,1,0,0,247.53137,-564.45294,251.26555,-0.005403711,0.0033380308,0.039083414,12.548146,12.4991665,2,-1,0,0.9987815,1
12,5,1,1,0,-255.3374,567.4779,410.86884,-0.018930506,0.0280385,0.016037157,31.203182,31.19139,2,29,1,0.99976534,1
12,3,1,1,0,-274.33453,-28.276466,129.0583,-0.002335432,-0.006438157,-0.010129109,11.975319,12.027778,2,30,1,0.99614894,1
12,37,1,0,0,-290.14172,-70.49285,30.858818,0.00087169453,0.009062125,0.014000608,6.786646,5.3269444,2,-1,0,0.97102994,1
12,37,1,1,0,-290.14172,-70.49285,30.858818,0.00087169453,0.009062125,0.014000608,7.8745694,7.933889,2,31,1,0.9911513,1
12,40,1,1,0,-302.27783,539.90405,457.90814,-0.01893124,0.018110901,0.019583717,18.733479,18.754444,2,32,1,0.9780386,1
12,9,1,1,0,-303.97433,50.395695,207.37975,-0.008450266,0.0069027934,-0.0020424153,10.623979,10.648056,2,33,1,0.88283724,1
12,35,1,1,0,-316.41312,468.29468,284.40106,0.024973936,-0.00044777148,0.0065718065,24.268805,24.165556,2,34,1,0.99998343,1
12,15,1,1,0,330.5911,268.14508,372.3981,-0.0038606331,-0.008773782,-0.008307083,12.149943,12.198334,2,35,1,0.98432595,1
12,7,1,1,0,347.06702,154.32338,210.00044,0.025610305,-0.004922978,0.02780315,33.466564,33.230835,2,36,1,0.9951208,1
12,27,1,1,0,349.77234,282.32153,26.095135,0.011018684,0.03426621,-0.0039305,32.06785,31.934723,2,37,1,0.9994417,1
12,27,1,0,0,349.77234,282.32153,26.095135,0.011018684,0.03426621,-0.0039305,3.2627153,3.2572222,2,-1,0,0.97862464,1
12,27,0,0,0,0.0,0.0,0.0,0.0,0.0,0.0,2.7230139,2.6144445,2,-1,0,0.7950864,1
13,9,1,0,0,24.752893,-11.440877,249.2073,0.010531403,0.005786106,0.002377891,4.9545336,4.870278,2,-1,0,0.99193394,1
13,9,1,1,0,24.752893,-11.440877,249.2073,0.010531403,0.005786106,0.002377891,13.361168,13.397778,2,0,1,0.93434495,1
13,25,0,0,0,0.0,0.0,0.0,0.0,0.0,0.0,2.629778,2.5716667,2,-1,0,0.75678724,1
13,17,1,1,0,29.433283,296.28912,335.60992,-0.005751135,-0.015259673,0.005395518,18.874735,3.1855555,2,1,1,0.99988127,1
13,16,1,1,0,49.301285,-506.60617,139.4865,-0.0007619887,-0.0072250976,0.021479743,18.936806,18.713888,2,2,1,0.989754,1
13,16,1,0,0,49.301285,-506.60617,139.4865,-0.0007619887,-0.0072250976,0.021479743,6.2698965,6.1530557,2,-1,0,0.91842395,1
13,20,1,1,0,65.39491,-489.538,406.94614,-0.007522298,0.016954323,-0.003955585,11.989382,11.865556,2,3,1,0.983403,1
13,20,0,0,0,0.0,0.0,0.0,0.0,0.0,0.0,3.001646,2.9372222,2,-1,0,0.8750928,1
13,20,1,0,0,65.39491,-489.538,406.94614,-0.007522298,0.016954323,-0.003955585,4.465285,4.4294443,2,-1,0,0.9869201,1
13,37,1,1,0,67.76036,-187.961,401.05188,0.0058394833,0.00018354088,-0.0062451633,5.3655415,5.3977776,2,4,1,0.944578,1
13,37,1,0,0,67.76036,-187.961,401.05188,0.0058394833,0.00018354088,-0.0062451633,4.4968057,4.4869447,2,-1,0,0.96344393,1
13,11,1,1,0,-77.933304,-405.2093,411.72256,-0.007876369,-0.0028994083,-0.0009450377,6.4556456,6.6066666,2,5,1,0.9698788,1
13,19,1,1,0,88.024284,401.08447,188.25012,0.024659501,-0.0021823198,-0.0053130533,29.247744,29.448055,2,6,1,0.9971769,1
13,21,0,0,0,0.0,0.0,0.0,0.0,0.0,0.0,2.8633056,2.911111,2,-1,0,0.5192835,1
13,2,1,1,0,-101.465164,-14.18842,177.38286,-0.00890876,-0.00047521494,0.00020308644,10.516333,6.479722,2,7,1,0.9507985,1
13,10,1,1,0,101.976776,-50.417446,0.18272766,0.0015195495,-0.004854927,0.019900847,18.616064,18.604723,2,8,1,0.99594754,1
13,28,1,1,0,108.14708,505.49533,282.22043,0.010938996,0.00067829824,0.01491258,21.573689,21.661667,2,9,1,0.9992101,1
13,10,1,0,0,101.976776,-50.417446,0.18272766,0.0015195495,-0.004854927,0.019900847,3.7933474,3.8444445,2,-1,0,0.9616044,1
13,23,1,1,0,-128.15102,287.06656,191.9426,0.005423544,-0.0028227973,-0.0026695812,7.4050837,7.3280554,2,10,1,0.9810158,1
13,5,1,1,0,156.12547,-173.2042,411.57144,0.005955432,0.0021636495,-0.019850213,14.93243,12.116111,2,11,1,0.99281454,1
13,23,1,0,0,-128.15102,287.06656,191.9426,0.005423544,-0.0028227973,-0.0026695812,4.0521317,4.0291667,2,-1,0,0.9732752,1
13,5,1,0,0,156.12547,-173.2042,411.57144,0.005955432,0.0021636495,-0.019850213,8.618626,8.584167,2,-1,0,0.99071103,1
13,22,1,0,0,159.86147,-136.15372,458.00235,0.015582758,0.014421247,-0.009531287,10.371014,10.438056,2,-1,0,0.98818433,1
13,35,1,1,0,160.58086,143.90373,436.8642,-0.0012610492,0.0049734865,0.026348755,22.436975,22.598333,2,12,1,0.99661833,1
13,22,1,1,0,159.86147,-136.15372,458.00235,0.015582758,0.014421247,-0.009531287,13.391923,13.435278,2,13,1,0.99723995,1
13,14,1,1,0,174.9894,-255.34486,412.29227,0.021852037,-0.0017478416,0.018610394,22.002062,21.976667,2,14,1,0.999337,1
13,1,1,1,0,-177.82927,-437.20972,314.9737,0.0123972995,-0.019248068,0.002291157,22.199785,22.048334,2,15,1,0.9977744,1
13,1,1,0,0,-177.82927,-437.20972,314.9737,0.0123972995,-0.019248068,0.002291157,5.1706805,5.1875,2,-1,0,0.967004,1
13,4,1,0,0,-186.4575,-597.3271,120.45335,0.015808001,0.00036322986,0.04952453,11.449951,11.4586115,2,-1,0,0.98448455,1
13,4,1,0,0,-186.4575,-597.3271,120.45335,0.015808001,0.00036322986,0.04952453,5.6410627,5.5761113,2,-1,0,0.9902568,1
13,4,1,0,0,-186.4575,-597.3271,120.45335,0.015808001,0.00036322986,0.04952453,13.731326,13.844722,2,-1,0,0.99521613,1
13,4,1,1,0,-186.4575,-597.3271,120.45335,0.015808001,0.00036322986,0.04952453,15.274382,15.201944,2,16,1,0.9902164,1
13,4,1,0,0,-186.4575,-597.3271,120.45335,0.015808001,0.00036322986,0.04952453,3.9075835,4.012778,2,-1,0,0.9748751,1
13,21,1,1,0,-201.51947,31.50696,291.18304,0.0225491,-0.011833358,-0.010391047,22.551605,22.8925,2,17,1,0.99046236,1
13,18,1,1,0,213.65244,193.13391,80.34121,0.01128622,0.035364393,-0.0023745145,28.823334,28.535,2,18,1,0.9880725,1
13,12,1,1,0,218.88673,-398.00827,124.49466,0.00046815284,-0.0023620445,0.005391622,5.551549,4.1069446,2,19,1,0.9921598,1
13,40,1,1,0,227.39911,-133.23306,319.50787,0.00052264414,0.02574524,-0.023521276,37.47311,37.085,2,20,1,0.9938811,1
13,7,1,1,0,-223.79976,597.57654,393.25427,0.0024086642,-0.0037366203,-0.014807901,14.318583,14.549723,2,21,1,0.984761,1
13,32,1,1,0,-224.64514,24.916183,433.3265,0.0035680777,-0.007826902,0.009946924,13.558709,13.418056,2,22,1,0.9949793,1
13,14,1,0,0,174.9894,-255.34486,412.29227,0.021852037,-0.0017478416,0.018610394,5.8061805,5.7091665,2,-1,0,0.98302656,1
13,29,1,1,0,-251.38208,84.24902,276.02914,-0.0040378636,-0.011431822,0.008689086,15.684063,5.6786113,2,23,1,0.9888952,1
13,18,1,0,0,213.65244,193.13391,80.34121,0.01128622,0.035364393,-0.0023745145,6.719028,6.6680555,2,-1,0,0.9950676,1
13,13,1,1,0,268.41992,101.82891,280.18167,0.0028548057,-0.0014636088,-0.0020124754,9.116458,9.259444,2,24,1,0.99568653,1
13,27,1,1,0,272.16995,-63.68435,97.05248,-0.01089055,-0.0008622683,0.013275998,16.757507,16.728333,2,25,1,0.9774663,1
13,34,1,1,0,278.573,-204.30597,408.3011,-0.00814556,-0.010245501,-0.0043550082,13.489729,13.515278,2,26,1,0.9670009,1
13,31,1,1,0,284.60532,101.23128,166.67488,-0.01228463,0.019677151,-0.0061298693,22.708431,22.748888,2,27,1,0.99900997,1
13,3,1,1,0,-285.29718,309.49445,451.52524,-0.018926736,0.012836667,-0.016511755,20.729221,20.801111,2,28,1,0.9729865,1
13,38,1,0,0,-293.45648,539.81006,26.809538,-0.0005335571,0.026156867,0.01868826,5.3077707,5.4438887,2,-1,0,0.9963193,1
13,39,1,1,0,-291.93167,-498.67993,338.8776,-0.012808449,-0.009521389,0.006183928,15.692597,15.509444,2,29,1,0.9905049,1
13,38,1,1,0,-293.45648,539.81006,26.809538,-0.0005335571,0.026156867,0.01868826,11.202105,11.118333,2,30,1,0.979078,1
13,38,1,0,0,-293.45648,539.81006,26.809538,-0.0005335571,0.026156867,0.01868826,3.3408334,3.3411112,2,-1,0,0.8618862,1
13,38,1,0,0,-293.45648,539.81006,26.809538,-0.0005335571,0.026156867,0.01868826,4.137722,4.088889,2,-1,0,0.97730947,1
13,39,1,0,0,-291.93167,-498.67993,338.8776,-0.012808449,-0.009521389,0.006183928,6.294875,6.358333,2,-1,0,0.97854304,1
13,26,1,1,0,308.35318,298.3677,194.88847,-0.00061443046,-0.008152936,-0.004800766,9.616987,8.827222,2,31,1,0.99301034,1
13,24,1,1,0,309.2105,-78.17287,101.05858,0.0065706945,0.006230011,-0.007237604,11.950264,8.788055,2,32,1,0.99427325,1
13,8,1,1,0,-311.99252,-343.28873,267.19864,-0.020602813,0.0022668452,0.008383942,19.752361,13.796389,2,33,1,0.97318786,1
13,3,1,0,0,-285.29718,309.49445,451.52524,-0.018926736,0.012836667,-0.016511755,4.401583,4.5030556,2,-1,0,0.9683755,1
13,25,1,1,0,-314.43005,-474.90366,2.3210444,-0.0013470736,-0.008511853,-0.005707236,9.605751,9.600833,2,34,1,0.9818495,1
13,30,1,1,0,-332.6265,516.7587,196.43091,-0.0008405426,-0.005015365,-0.0052181166,7.1978264,5.4519444,2,35,1,0.97812784,1
13,15,1,1,0,-345.88373,-583.85815,256.51794,0.0062578316,-0.024006935,-0.0050427355,15.768298,15.671111,2,36,1,0.9817545,1
13,6,1,0,0,355.45932,-538.2294,320.96564,0.005310161,-0.00064746593,-0.0028858227,3.4129167,3.4602778,2,-1,0,0.86722684,1
13,6,1,1,0,355.45932,-538.2294,320.96564,0.005310161,-0.00064746593,-0.0028858227,5.542194,5.575278,2,37,1,0.99033785,1
13,33,1,1,0,361.74722,573.8801,268.71255,-0.00021242183,-0.017035907,0.0034511513,7.42375,7.083889,2,38,1,0.9962915,1
14,37,1,0,0,10.654877,3.5503263,108.27144,0.0016214257,0.0155892875,-0.008435868,10.155306,10.266945,2,-1,0,0.977108,1
14,4,1,1,0,-8.524321,-178.01508,46.927048,-0.007174364,-0.0069130757,-0.007117782,13.528993,13.576944,2,0,1,0.99710506,1
14,37,1,1,0,10.654877,3.5503263,108.27144,0.0016214257,0.0155892875,-0.008435868,12.107181,11.935555,2,1,1,0.9951428,1
14,10,1,1,0,29.184053,323.8878,296.514,-0.02659285,-0.037932575,0.0048822593,27.781347,27.575556,2,2,1,0.9964228,1
14,10,1,0,0,29.184053,323.8878,296.514,-0.02659285,-0.037932575,0.0048822593,13.999583,13.859167,2,-1,0,0.9960969,1
14,10,1,0,0,29.184053,323.8878,296.514,-0.02659285,-0.037932575,0.0048822593,8.740631,8.8025,2,-1,0,0.99848574,1
14,35,1,1,0,-38.034668,-559.9679,346.3224,-0.011969589,0.0037741878,0.012960118,21.438368,13.694445,2,3,1,0.9565547,1
14,40,1,1,0,-51.772194,558.7556,398.0237,-0.0026486157,0.010260623,-0.008386368,7.8447504,7.938611,2,4,1,0.9667214,1
14,25,1,1,0,57.357033,-168.4535,142.86272,-0.0057963035,-0.002124834,-0.012365863,8.566472,8.631389,2,5,1,0.95194024,1
14,40,1,0,0,-51.772194,558.7556,398.0237,-0.0026486157,0.010260623,-0.008386368,6.7318053,6.8247223,2,-1,0,0.99736696,1
14,25,1,0,0,57.357033,-168.4535,142.86272,-0.0057963035,-0.002124834,-0.012365863,7.897576,7.8230557,2,-1,0,0.9814928,1
14,38,1,1,0,-58.427063,186.0215,350.78165,0.0005030492,-0.019900527,0.01399279,21.310057,21.213333,2,6,1,0.98949265,1
14,38,1,0,0,-58.427063,186.0215,350.78165,0.0005030492,-0.019900527,0.01399279,6.95848,7.0505557,2,-1,0,0.98586386,1
14,8,1,1,0,-70.54755,-421.4843,288.92395,0.013250074,0.008928881,0.015656527,24.559654,24.304167,2,7,1,0.9999852,1
14,22,1,1,0,-67.52459,2.8338928,316.17798,-0.021921748,-0.0067513655,0.01839781,13.510812,13.289722,2,8,1,0.9976891,1
14,22,1,0,0,-67.52459,2.8338928,316.17798,-0.021921748,-0.0067513655,0.01839781,12.063319,12.066667,2,-1,0,0.9858525,1
14,15,1,1,0,-77.31311,221.06853,185.11357,-0.00865195,-0.016642055,-0.0008642265,13.6455965,11.453055,2,9,1,0.9917092,1
14,15,1,0,0,-77.31311,221.06853,185.11357,-0.00865195,-0.016642055,-0.0008642265,11.643381,11.578889,2,-1,0,0.99636203,1
14,21,1,0,0,-105.90925,281.61993,158.48662,-0.016573818,0.02805271,0.019412536,6.219194,3.743611,2,-1,0,0.95089084,1
14,21,1,1,0,-105.90925,281.61993,158.48662,-0.016573818,0.02805271,0.019412536,26.249926,26.363333,2,10,1,0.83744437,1
14,5,1,1,0,110.52935,-302.21878,86.41787,-0.0073091174,0.0034702383,0.009290762,13.588049,13.661667,2,11,1,0.99564916,1
14,21,1,0,0,-105.90925,281.61993,158.48662,-0.016573818,0.02805271,0.019412536,3.8316112,3.8363888,2,-1,0,0.7792082,1
14,3,0,0,0,0.0,0.0,0.0,0.0,0.0,0.0,3.6490002,-1.0,2,-1,0,0.9827077,1
14,5,1,0,0,110.52935,-302.21878,86.41787,-0.0073091174,0.0034702383,0.009290762,5.8700347,5.928056,2,-1,0,0.9806127,1
14,21,1,0,0,-105.90925,281.61993,158.48662,-0.016573818,0.02805271,0.019412536,3.5002987,3.448611,2,-1,0,0.9402635,1
14,17,1,1,0,123.10971,-575.7889,377.06702,0.013298261,0.0074807503,0.021598544,18.773952,18.078888,2,12,1,0.998787,1
14,3,0,0,0,0.0,0.0,0.0,0.0,0.0,0.0,10.280153,-1.0,2,-1,0,0.9827739,1
14,17,1,0,0,123.10971,-575.7889,377.06702,0.013298261,0.0074807503,0.021598544,5.7297015,5.6655555,2,-1,0,0.99008393,1
14,34,1,1,0,148.7817,-343.49023,11.888318,0.005032435,0.0021609555,0.021614604,24.915995,24.618889,2,13,1,0.9962496,1
14,7,1,1,0,155.0655,396.98312,61.60951,0.016744751,-0.00969723,-0.033153772,39.936554,38.523335,2,14,1,0.9997837,1
14,12,1,1,0,158.7562,338.7252,257.51324,0.026655715,-0.010186367,-0.04290782,47.15282,45.58889,2,15,1,0.99745375,1
14,12,1,0,0,158.7562,338.7252,257.51324,0.026655715,-0.010186367,-0.04290782,8.415882,8.445833,2,-1,0,0.9909615,1
14,32,1,1,0,185.5071,-477.8561,288.8128,-0.025696727,-0.005678194,0.012855881,28.726007,28.701666,2,16,1,0.9690652,1
14,2,1,0,0,-208.05228,14.685965,284.27954,0.023560263,-0.0287348,0.035573944,9.318049,9.155278,2,-1,0,0.9945862,1
14,36,1,1,0,189.80829,252.24152,252.06448,-0.0010504597,-0.00088055566,-0.021616505,23.039951,23.209167,2,17,1,0.9931217,1
14,23,1,1,0,-191.79564,-531.9528,173.21693,-0.016014807,-0.0027571453,0.0006597244,18.59625,18.687778,2,18,1,0.9999989,1
14,2,1,1,0,-208.05228,14.685965,284.27954,0.023560263,-0.0287348,0.035573944,26.112291,25.867777,2,19,1,0.9950191,1
14,16,1,1,0,-203.4426,-49.319233,161.94994,-0.0059997956,0.01178839,-0.013332853,21.418776,18.838888,2,20,1,0.9872502,1
14,2,1,0,0,-208.05228,14.685965,284.27954,0.023560263,-0.0287348,0.035573944,16.675173,16.556389,2,-1,0,0.9665199,1
14,19,1,1,0,213.1371,459.16418,99.00168,-0.0045109256,-0.016704436,0.006640093,15.996376,16.285833,2,21,1,0.9985532,1
14,6,1,1,0,-213.03993,53.780674,45.412884,-0.004115723,0.009563104,-0.0026643479,11.9221945,5.0575,2,22,1,0.9984243,1
14,11,1,1,0,216.9976,217.77634,213.08527,0.018731304,-0.003275691,-0.012009726,18.967945,19.151667,2,23,1,0.9953153,1
14,33,1,1,0,221.27953,-116.31506,88.43363,0.011613199,0.008448318,0.013378261,19.449804,12.021944,2,24,1,0.9990458,1
14,11,1,0,0,216.9976,217.77634,213.08527,0.018731304,-0.003275691,-0.012009726,4.8700833,4.9183335,2,-1,0,0.9462143,1
14,11,1,0,0,216.9976,217.77634,213.08527,0.018731304,-0.003275691,-0.012009726,3.8553333,3.8544445,2,-1,0,0.9839701,1
14,30,1,1,0,-233.77818,597.6498,413.37827,0.021896752,-0.026813243,0.010105844,31.678272,31.779167,2,25,1,0.9965383,1
14,28,1,1,0,-237.42778,-83.95821,320.29153,0.013880726,0.0067991363,0.018153952,16.963526,16.784445,2,26,1,0.9688483,1
14,1,1,1,0,234.52087,116.10992,404.91055,0.0093503455,0.018889792,0.0036171328,9.244174,9.093611,2,27,1,0.9737265,1
14,26,0,0,0,0.0,0.0,0.0,0.0,0.0,0.0,3.317236,0.28138888,2,-1,0,0.6469375,1
14,1,1,0,0,234.52087,116.10992,404.91055,0.0093503455,0.018889792,0.0036171328,5.7791667,5.8247223,2,-1,0,0.99467516,1
14,1,1,0,0,234.52087,116.10992,404.91055,0.0093503455,0.018889792,0.0036171328,5.361743,5.291111,2,-1,0,0.99106205,1
14,18,1,0,0,289.26562,43.35655,397.9978,-0.017403131,0.017955547,-0.0020387955,6.7909303,6.8166666,2,-1,0,0.9890938,1
14,20,1,1,0,-271.06415,398.68906,404.47757,0.0032404016,-0.013863945,-0.0054512713,14.577139,14.551111,2,28,1,0.9986066,1
14,18,1,1,0,289.26562,43.35655,397.9978,-0.017403131,0.017955547,-0.0020387955,17.661612,16.956944,2,29,1,0.94676995,1
14,31,1,1,0,287.81656,526.30365,240.68307,-0.0035122966,-0.0019108029,8.795338e-05,5.0441666,4.865278,2,30,1,0.9649625,1
14,24,1,1,0,294.48602,-240.60759,326.24142,0.015614752,0.009183448,0.019493744,16.690897,16.585278,2,31,1,0.99024,1
14,24,1,0,0,294.48602,-240.60759,326.24142,0.015614752,0.009183448,0.019493744,3.7781458,3.7394445,2,-1,0,0.96158355,1
14,9,1,1,0,310.92267,323.39194,378.6999,0.014481147,-0.0556383,0.0136269005,21.817451,21.872778,2,32,1,0.9873319,1
14,9,1,0,0,310.92267,323.39194,378.6999,0.014481147,-0.0556383,0.0136269005,4.281507,4.196111,2,-1,0,0.990849,1
14,9,1,0,0,310.92267,323.39194,378.6999,0.014481147,-0.0556383,0.0136269005,20.01521,20.000278,2,-1,0,0.98946196,1
14,9,1,0,0,310.92267,323.39194,378.6999,0.014481147,-0.0556383,0.0136269005,5.449375,5.456389,2,-1,0,0.9834538,1
14,14,1,1,0,326.33398,-269.3692,413.3017,-0.017536364,0.001955786,0.022118632,28.007652,26.513334,2,33,1,0.97577703,1
14,29,1,1,0,-332.066,483.11163,77.79466,-0.032227255,-0.004366203,-0.0012978906,21.77662,28.299166,2,34,1,0.96657324,1
14,9,1,0,0,310.92267,323.39194,378.6999,0.014481147,-0.0556383,0.0136269005,3.3367085,3.2883334,2,-1,0,0.9309859,1
14,13,1,1,0,-350.36066,538.18134,151.8086,0.004013325,-0.014183152,-0.011441726,13.47834,13.547778,2,35,1,0.99195546,1
14,26,1,1,0,-352.42007,436.80637,236.0384,0.007583065,0.013550758,-0.007447658,17.251812,16.9775,2,36,1,0.993131,1
14,39,1,1,0,-349.62173,566.8456,99.375175,-0.017648002,-0.059405785,-0.03337992,14.972445,8.428889,2,37,1,0.99385357,1
14,39,1,0,0,-349.62173,566.8456,99.375175,-0.017648002,-0.059405785,-0.03337992,4.2087293,4.1880555,2,-1,0,0.9763664,1
15,17,1,1,0,8.173033,-543.0925,213.28792,0.0070987623,0.010290811,-0.009239684,9.272708,9.306945,2,0,1,0.97494817,1
15,6,1,1,0,14.638076,-414.23062,122.43313,0.0105276685,0.0018104599,-0.007570325,15.210376,15.043333,2,2,1,0.97914106,1
15,21,1,1,0,45.846863,262.95917,54.474087,-0.0037784807,0.005897454,0.003403028,6.2446117,6.1630554,2,3,1,0.9946325,1
15,21,1,0,0,45.846863,262.95917,54.474087,-0.0037784807,0.005897454,0.003403028,4.42818,4.4244447,2,-1,0,0.98173565,1
15,14,1,0,0,-59.378315,380.06363,233.25607,0.0040962244,0.008900468,0.03878028,8.862633,8.878889,2,-1,0,0.98993146,1
15,14,1,1,0,-59.378315,380.06363,233.25607,0.0040962244,0.008900468,0.03878028,18.149008,18.39611,2,4,1,0.9990189,1
15,14,1,0,0,-59.378315,380.06363,233.25607,0.0040962244,0.008900468,0.03878028,9.647049,9.625,2,-1,0,0.9843174,1
15,14,1,0,0,-59.378315,380.06363,233.25607,0.0040962244,0.008900468,0.03878028,3.5653405,3.49,2,-1,0,0.89603615,1
15,14,1,0,0,-59.378315,380.06363,233.25607,0.0040962244,0.008900468,0.03878028,3.8687916,3.8627777,2,-1,0,0.9548853,1
15,12,1,0,0,-96.69731,-561.4248,300.26477,0.0050767143,0.00836367,-0.005905093,4.212424,4.138889,2,-1,0,0.9666863,1
15,18,1,0,0,80.9081,-53.07795,21.533054,-0.01747846,0.001814387,-0.014253455,10.721853,9.565833,2,-1,0,0.979652,1
15,18,1,1,0,80.9081,-53.07795,21.533054,-0.01747846,0.001814387,-0.014253455,11.65552,11.676666,2,5,1,0.9670309,1
15,38,1,1,0,-91.87612,-89.18774,57.919537,-0.014179868,-0.0032254644,0.017272683,19.005903,17.856112,2,6,1,0.9933348,1
15,9,1,1,0,92.22137,-462.9591,319.18097,0.008615463,-0.012286689,-0.003334685,15.266187,15.157222,2,7,1,0.99404716,1
15,17,1,0,0,8.173033,-543.0925,213.28792,0.0070987623,0.010290811,-0.009239684,7.943458,8.013611,2,-1,0,0.98687416,1
15,12,1,1,0,-96.69731,-561.4248,300.26477,0.0050767143,0.00836367,-0.005905093,7.5937705,4.6105556,2,8,1,0.97174203,1
15,38,1,0,0,-91.87612,-89.18774,57.919537,-0.014179868,-0.0032254644,0.017272683,5.988084,6.1197224,2,-1,0,0.97161365,1
15,2,1,0,0,-254.53851,-310.4295,373.0273,-0.020080894,-0.017239561,-0.01397911,5.492424,5.3875,2,-1,0,0.9823001,1
15,5,1,1,0,-139.46399,-386.46924,265.0535,-0.014860191,-0.0125194965,0.004457083,17.450924,17.323889,2,9,1,0.9739318,1
15,28,1,0,0,-155.00185,-396.0512,377.84213,0.019641334,0.010193377,0.014637212,7.245729,7.185278,2,-1,0,0.9708303,1
15,28,1,1,0,-155.00185,-396.0512,377.84213,0.019641334,0.010193377,0.014637212,13.948278,14.265833,2,10,1,0.970167,1
15,20,1,1,0,-161.73615,187.04762,62.179314,0.017819345,-0.014405166,0.0056256377,22.758688,22.641388,2,11,1,0.9999944,1
15,26,1,1,0,169.34648,-124.84855,321.74924,0.005148662,-0.02513452,-0.0071236836,15.054375,6.273611,2,12,1,0.9239603,1
15,26,1,0,0,169.34648,-124.84855,321.74924,0.005148662,-0.02513452,-0.0071236836,9.404299,9.540833,2,-1,0,0.9885483,1
15,31,1,1,0,187.30385,-573.3887,189.33972,0.006348528,-0.009357913,0.009336444,16.291792,15.858334,2,13,1,0.95730424,1
15,11,1,1,0,198.7045,-66.789345,453.94925,-0.012754366,-0.026183948,0.014580404,25.929575,25.799166,2,14,1,0.9999931,1
15,8,1,0,0,-195.40338,339.07938,138.08258,-0.011023393,0.03146259,0.00207489,10.117007,10.017777,2,-1,0,0.9901316,1
15,27,1,0,0,-203.68932,384.6168,460.55063,0.009927834,0.019531898,-0.0038915214,3.2364442,3.2722223,2,-1,0,0.8900366,1
15,8,1,1,0,-195.40338,339.07938,138.08258,-0.011023393,0.03146259,0.00207489,25.711563,25.741388,2,15,1,0.9999449,1
15,25,1,1,0,-198.88103,52.71095,433.84253,-0.00091135415,-0.0033445377,0.01636575,12.146076,11.0002775,2,16,1,0.9797024,1
15,27,1,1,0,-203.68932,384.6168,460.55063,0.009927834,0.019531898,-0.0038915214,17.210354,16.151945,2,17,1,0.9971168,1
15,35,1,0,0,-211.6863,-245.62752,286.2325,-0.007862122,-0.012822774,0.008304809,5.003035,5.103611,2,-1,0,0.9827944,1
15,15,1,1,0,210.33995,-34.336338,92.71293,0.0173845,0.008115773,0.010855456,19.10493,18.991112,2,18,1,0.9905494,1
15,35,1,1,0,-211.6863,-245.62752,286.2325,-0.007862122,-0.012822774,0.008304809,12.5485,12.330556,2,19,1,0.99677545,1
15,37,1,0,0,261.63748,-151.78468,362.51993,-0.021776024,0.0022779508,0.016108112,2.9471319,2.9375,2,-1,0,0.54242414,1
15,28,1,0,0,-155.00185,-396.0512,377.84213,0.019641334,0.010193377,0.014637212,3.4913335,3.4905555,2,-1,0,0.903388,1
15,13,1,1,0,-235.20584,31.289358,415.57404,-0.0081427265,0.0020055966,0.0101782745,11.029389,9.101944,2,20,1,0.9802186,1
15,7,1,1,0,242.41232,-585.25476,50.402077,0.026130503,0.0057245586,0.0012644251,22.113403,22.13861,2,21,1,0.99988127,1
15,10,1,1,0,252.45018,440.963,199.92728,-0.00739249,-0.0080315685,0.028733827,32.090683,32.039722,2,22,1,0.99929273,1
15,2,1,1,0,-254.53851,-310.4295,373.0273,-0.020080894,-0.017239561,-0.01397911,23.165663,23.40611,2,23,1,0.98807156,1
15,16,1,1,0,-256.60132,535.9517,352.5677,-0.002832077,-0.019486818,0.024992777,20.629107,20.711111,2,24,1,0.9952152,1
15,16,1,0,0,-256.60132,535.9517,352.5677,-0.002832077,-0.019486818,0.024992777,8.682798,8.592222,2,-1,0,0.98818886,1
15,37,1,1,0,261.63748,-151.78468,362.51993,-0.021776024,0.0022779508,0.016108112,20.684034,20.695833,2,25,1,0.9676582,1
15,30,1,0,0,273.60294,-492.4381,120.38215,-0.02670649,0.0209628,-0.0295943,14.37086,13.946944,2,-1,0,0.99861693,1
15,2,1,0,0,-254.53851,-310.4295,373.0273,-0.020080894,-0.017239561,-0.01397911,3.503458,3.5638888,2,-1,0,0.885003,1
15,37,1,0,0,261.63748,-151.78468,362.51993,-0.021776024,0.0022779508,0.016108112,4.2232637,4.078889,2,-1,0,0.9148487,1
15,23,0,0,0,0.0,0.0,0.0,0.0,0.0,0.0,3.8831944,-1.0,2,-1,0,0.9254949,1
15,36,1,1,0,265.85968,-104.05146,0.6631736,-0.016068459,-0.01848141,-0.0032422144,6.4754515,6.235,2,26,1,0.95223224,1
15,23,1,1,0,267.83203,71.47162,309.5617,-0.0038180577,-0.0043111127,-0.011381997,10.828486,10.910833,2,27,1,0.9815275,1
15,30,1,1,0,273.60294,-492.4381,120.38215,-0.02670649,0.0209628,-0.0295943,28.825562,29.02111,2,28,1,0.98955077,1
15,32,1,1,0,-275.7767,571.0181,147.78128,-0.017032173,-0.0008849658,-0.019700788,22.185083,21.147778,2,29,1,0.9790046,1
15,3,1,1,0,282.18097,542.27673,98.086205,-0.005651998,0.007439465,0.0018156436,6.5933404,6.5769444,2,30,1,0.94451785,1
15,39,1,0,0,-324.14075,497.53458,119.17836,0.034291964,-0.019513968,-0.0054618376,5.318493,5.445833,2,-1,0,0.88987124,1
15,29,1,1,0,288.53763,373.6329,45.228134,0.00093475095,-0.00394173,-0.0046962323,6.322222,6.34,2,31,1,0.9784389,1
15,40,1,1,0,-307.15488,-380.99704,55.65966,-0.016480438,-0.008725209,-0.0015183565,10.751202,10.767777,2,32,1,0.96246225,1
15,34,1,1,0,-312.29785,-535.9842,185.96103,-0.0040068263,-0.008118576,-0.019078117,9.825805,9.743055,2,33,1,0.97021884,1
15,39,1,0,0,-324.14075,497.53458,119.17836,0.034291964,-0.019513968,-0.0054618376,7.0749164,7.0819445,2,-1,0,0.970721,1
15,34,1,0,0,-312.29785,-535.9842,185.96103,-0.0040068263,-0.008118576,-0.019078117,4.5538816,4.067222,2,-1,0,0.968597,1
15,40,1,0,0,-307.15488,-380.99704,55.65966,-0.016480438,-0.008725209,-0.0015183565,5.1400695,5.128889,2,-1,0,0.99419606,1
15,39,1,1,0,-324.14075,497.53458,119.17836,0.034291964,-0.019513968,-0.0054618376,23.971724,23.939722,2,34,1,0.99999535,1
15,22,1,1,0,320.20804,115.31418,251.78592,0.00019684745,-0.0034753955,0.004583425,5.641125,5.7269444,2,35,1,0.9982834,1
15,24,1,1,0,-332.31705,337.70566,405.5136,0.005317451,-0.00204011,-0.01354948,9.8377495,9.823334,2,36,1,0.9923815,1
15,4,1,1,0,344.2243,148.1926,46.905872,0.004777296,-0.007891312,0.015371934,7.7027287,7.721389,2,37,1,0.9935661,1
15,4,1,0,0,344.2243,148.1926,46.905872,0.004777296,-0.007891312,0.015371934,5.2622914,5.373889,2,-1,0,0.97239405,1
15,33,1,1,0,348.70676,-232.4109,282.05817,0.0010081483,-0.016236456,-0.0057801814,17.627424,17.603611,2,38,1,0.93473697,1
15,1,1,1,0,361.2247,353.1021,97.093025,0.020050827,0.02809473,-0.0039646705,5.2675,5.3494444,2,39,1,0.9836121,1
15,25,0,0,0,0.0,0.0,0.0,0.0,0.0,0.0,3.0114722,2.9469445,2,-1,0,0.6929221,1
16,14,1,1,0,-5.7366996,-107.55292,426.44882,-0.008494549,-0.0035350774,0.009072603,13.384861,13.380834,2,0,1,0.9953956,1
16,40,1,1,0,11.155776,217.87088,50.280514,0.003366435,-0.005682007,-0.013473548,19.42414,18.017778,2,1,1,0.99866986,1
16,19,1,0,0,20.023514,455.44077,36.92435,-0.007103491,0.016677244,0.022532798,3.828243,3.7780557,2,-1,0,0.9641111,1
16,21,1,1,0,-13.806252,524.48596,148.4509,0.0077061323,-0.012162867,0.013142727,25.890923,24.68361,2,2,1,0.99782264,1
16,4,1,1,0,18.289618,554.63135,446.10464,-0.029495599,0.011431883,-0.017236957,34.511723,34.614166,2,3,1,0.9817001,1
16,38,1,0,0,21.294468,501.00964,42.572937,-0.022890283,-0.0038113736,-0.0057903565,4.81607,4.7369447,2,-1,0,0.9850957,1
16,4,1,0,0,18.289618,554.63135,446.10464,-0.029495599,0.011431883,-0.017236957,8.052264,7.888889,2,-1,0,0.9956518,1
16,38,1,1,0,21.294468,501.00964,42.572937,-0.022890283,-0.0038113736,-0.0057903565,22.142653,21.965,2,4,1,0.9962366,1
16,19,1,1,0,20.023514,455.44077,36.92435,-0.007103491,0.016677244,0.022532798,15.594166,15.349444,2,5,1,0.9884052,1
16,19,1,0,0,20.023514,455.44077,36.92435,-0.007103491,0.016677244,0.022532798,13.003529,13.021667,2,-1,0,0.9991442,1
16,20,1,1,0,-21.976452,53.019352,67.74297,-0.006047703,0.011339016,-0.00014260369,15.275021,14.864722,2,6,1,0.9891706,1
16,8,1,1,0,-23.631332,96.236435,450.76624,-0.007971048,0.0020762421,-0.018831706,22.493347,22.487778,2,7,1,0.994194,1
16,31,1,1,0,42.629223,-257.23056,456.89706,0.0071632965,-0.009100032,-0.01786322,23.040972,23.13861,2,8,1,0.9974668,1
16,2,1,1,0,46.57653,-362.0808,275.79,-0.005337605,-0.004940697,-0.0010832152,8.629535,8.778334,2,9,1,0.9994116,1
16,39,0,0,0,0.0,0.0,0.0,0.0,0.0,0.0,3.419125,3.3408334,2,-1,0,0.8756261,1
16,5,1,0,0,102.79265,-543.79364,161.2257,-0.010534145,-0.013681933,0.021964006,11.519931,11.494722,2,-1,0,0.9840514,1
16,1,1,1,0,86.88947,-55.17288,105.74561,-0.017749349,-0.011961412,-0.016537746,24.6855,24.715834,2,10,1,0.97344196,1
16,9,1,1,0,-83.597786,-213.12672,250.30093,0.008498429,-0.0019243542,-0.00543744,13.4899435,13.465555,2,11,1,0.9776148,1
16,9,1,0,0,-83.597786,-213.12672,250.30093,0.008498429,-0.0019243542,-0.00543744,3.951486,3.9116666,2,-1,0,0.97024745,1
16,35,1,1,0,93.249214,238.85033,334.1646,0.003840127,-0.0048608407,0.024209103,14.561584,14.5575,2,12,1,0.9984415,1
16,35,1,0,0,93.249214,238.85033,334.1646,0.003840127,-0.0048608407,0.024209103,13.986701,12.534722,2,-1,0,0.9806104,1
16,5,1,1,0,102.79265,-543.79364,161.2257,-0.010534145,-0.013681933,0.021964006,17.90541,17.937778,2,13,1,0.99876875,1
16,17,1,1,0,-114.10501,-405.75018,300.16794,-0.02674708,-0.02102794,-0.02210396,24.08147,24.409445,2,14,1,0.9999602,1
16,28,1,0,0,131.8665,-320.41083,331.9722,0.0038384947,0.006488032,-0.018816652,5.0628614,4.964722,2,-1,0,0.9241647,1
16,6,1,0,0,134.14789,-387.85193,71.479675,0.0060361624,-0.014446936,0.006918655,3.0619586,2.9891667,2,-1,0,0.52191967,1
16,17,1,0,0,-114.10501,-405.75018,300.16794,-0.02674708,-0.02102794,-0.02210396,13.553528,13.523611,2,-1,0,0.9959985,1
16,17,1,0,0,-114.10501,-405.75018,300.16794,-0.02674708,-0.02102794,-0.02210396,3.5231667,3.5916667,2,-1,0,0.9713581,1
16,28,1,1,0,131.8665,-320.41083,331.9722,0.0038384947,0.006488032,-0.018816652,15.126499,15.175278,2,15,1,0.9923023,1
16,6,1,1,0,134.14789,-387.85193,71.479675,0.0060361624,-0.014446936,0.006918655,18.402695,16.316668,2,16,1,0.96751404,1
16,10,1,0,0,165.83305,17.79305,398.77927,0.010352475,0.011879294,0.0066265785,3.3980696,3.3294444,2,-1,0,0.9102308,1
16,3,1,1,0,170.04729,-555.36365,156.56386,-0.01697846,-0.009452154,-0.008277887,21.916111,22.008055,2,17,1,0.9930957,1
16,10,1,1,0,165.83305,17.79305,398.77927,0.010352475,0.011879294,0.0066265785,16.859362,16.711111,2,18,1,0.9853198,1
16,34,1,0,0,181.50131,-398.81332,249.4723,0.008572721,-0.028918741,-0.010049188,4.831681,4.757222,2,-1,0,0.9724388,1
16,34,1,1,0,181.50131,-398.81332,249.4723,0.008572721,-0.028918741,-0.010049188,29.075027,22.907223,2,19,1,0.9921874,1
16,16,1,1,0,-207.14749,-455.4809,388.21887,-0.011165022,0.016812686,0.017327253,23.65135,23.587223,2,20,1,0.9895606,1
16,18,1,1,0,218.81093,-52.884323,440.2894,0.01740045,0.018263573,-0.0065139984,27.884668,27.4525,2,21,1,0.99831957,1
16,29,1,0,0,-221.93613,-298.54053,38.68045,-0.021500584,0.02972381,0.016346404,5.354042,5.524722,2,-1,0,0.9527115,1
16,29,1,1,0,-221.93613,-298.54053,38.68045,-0.021500584,0.02972381,0.016346404,17.886494,17.851944,2,22,1,0.99859625,1
16,29,1,0,0,-221.93613,-298.54053,38.68045,-0.021500584,0.02972381,0.016346404,3.8447845,3.8322222,2,-1,0,0.96615654,1
16,29,1,0,0,-221.93613,-298.54053,38.68045,-0.021500584,0.02972381,0.016346404,8.380576,8.368055,2,-1,0,0.98016745,1
16,11,1,1,0,-240.84003,-382.39285,115.98206,-0.016002905,-0.00818567,-0.008081953,18.637459,18.806667,2,23,1,0.9992569,1
16,13,1,1,0,-257.3253,-113.585144,303.07373,0.014742055,0.01683574,-0.02259811,31.544666,31.73611,2,24,1,0.99982494,1
16,27,1,1,0,253.62292,328.9907,215.63428,0.010140592,-0.0028014486,0.0031725909,10.061271,6.8036113,2,25,1,0.98697996,1
16,25,1,1,0,257.23895,55.73252,89.33387,0.0003261793,0.008605866,-0.0032494671,10.364056,9.425834,2,26,1,0.99209,1
16,39,1,1,0,267.06113,471.4127,144.13077,0.012781517,-0.0007818715,-0.014929742,15.700202,15.613334,2,27,1,0.99348736,1
16,30,1,0,0,278.87927,156.22244,148.22446,-0.014639938,0.01793906,-0.005295577,4.450819,4.437222,2,-1,0,0.98152554,1
16,37,1,1,0,268.75568,-573.66614,383.34595,0.0036989078,0.01086348,-1.0183906e-05,9.675743,9.889722,2,28,1,0.99562657,1
16,30,1,1,0,278.87927,156.22244,148.22446,-0.014639938,0.01793906,-0.005295577,16.570492,16.564444,2,29,1,0.9978746,1
16,36,1,1,0,275.7341,258.22253,267.2215,0.0118447095,0.0026286657,-0.0056576994,14.26816,14.044167,2,30,1,0.9936953,1
16,33,1,1,0,-278.8616,358.12912,409.54013,-0.0178753,-0.0007545474,-0.010961642,11.761264,11.716389,2,31,1,0.9631864,1
16,36,1,0,0,275.7341,258.22253,267.2215,0.0118447095,0.0026286657,-0.0056576994,3.6778126,3.6425,2,-1,0,0.8165364,1
16,33,1,0,0,-278.8616,358.12912,409.54013,-0.0178753,-0.0007545474,-0.010961642,7.0443125,7.0102777,2,-1,0,0.98325515,1
16,15,1,1,0,303.58304,-106.82173,454.85608,0.006772121,-0.009738034,0.0016606821,12.323701,12.336111,2,32,1,0.9808741,1
16,32,1,1,0,-308.6261,250.38243,340.00415,-0.016897118,-0.02372272,0.0035900862,26.383007,4.798333,2,33,1,0.9829658,1
16,32,1,0,0,-308.6261,250.38243,340.00415,-0.016897118,-0.02372272,0.0035900862,2.7196875,2.7761111,2,-1,0,0.78035307,1
16,23,1,0,0,-341.42444,-149.05428,130.3729,0.0017811185,0.0014007703,0.0042857933,4.2483683,4.196111,2,-1,0,0.98987484,1
16,24,1,0,0,342.6336,98.93435,141.64421,-0.011685119,-0.0036859682,-0.018873004,8.131514,8.216389,2,-1,0,0.9727979,1
16,24,1,1,0,342.6336,98.93435,141.64421,-0.011685119,-0.0036859682,-0.018873004,11.687659,11.761389,2,34,1,0.9753701,1
16,23,1,1,0,-341.42444,-149.05428,130.3729,0.0017811185,0.0014007703,0.0042857933,4.810326,4.771111,2,35,1,0.9695155,1
16,12,1,1,0,360.91852,-32.754333,190.90445,0.034745093,-0.015348656,0.021253116,4.5239863,2.264722,2,-1,1,0.96710825,1
16,22,1,1,0,361.46127,1.7830138,329.08066,0.002403391,0.003990494,0.0037494944,5.285584,4.113333,2,36,1,0.98837507,1
17,35,1,1,0,-4.3792353,-336.04694,296.32336,-0.0008307984,0.016231282,0.014262333,17.677818,17.97889,2,0,1,0.993417,1
17,12,1,1,0,-8.987636,384.0484,403.54184,0.0026219387,-0.00055341376,0.012634843,11.871785,10.493889,2,1,1,0.9941472,1
17,29,1,1,0,-9.918829,-317.77747,194.19835,-0.0048443284,0.0126068285,-0.0036212367,18.549236,17.885555,2,2,1,0.9999459,1
17,12,1,0,0,-8.987636,384.0484,403.54184,0.0026219387,-0.00055341376,0.012634843,5.3637223,5.2472224,2,-1,0,0.96818805,1
17,29,1,0,0,-9.918829,-317.77747,194.19835,-0.0048443284,0.0126068285,-0.0036212367,3.001639,3.0327778,2,-1,0,0.614774,1
17,16,1,1,0,-15.927145,-596.74274,61.624584,0.0005945943,0.0043656398,0.0063742595,6.2694793,6.1419444,2,3,1,0.984672,1
17,6,1,0,0,23.315351,440.67578,408.30157,0.0063648517,-0.011923703,0.027204787,4.888125,4.9311113,2,-1,0,0.969327,1
17,6,1,1,0,23.315351,440.67578,408.30157,0.0063648517,-0.011923703,0.027204787,20.585348,20.641666,2,4,1,0.99301153,1
17,17,1,1,0,-21.187263,-249.51529,388.60785,-0.016716633,0.00093517255,-0.0010181419,20.243055,20.26,2,5,1,0.9922214,1
17,34,1,0,0,-48.69701,-67.95217,385.758,0.015890205,0.0034470344,-0.015075083,4.734722,4.8458333,2,-1,0,0.9785639,1
17,6,1,0,0,23.315351,440.67578,408.30157,0.0063648517,-0.011923703,0.027204787,4.6434517,3.1577778,2,-1,0,0.99021274,1
17,37,1,0,0,41.753628,-217.65157,139.95718,-0.024063496,0.013969021,0.002828869,3.9019792,3.9827778,2,-1,0,0.87360156,1
17,20,1,1,0,-37.507557,-134.13757,93.13055,0.0043812455,0.0145365335,0.0034605016,15.407118,15.622778,2,6,1,0.9975568,1
17,37,1,1,0,41.753628,-217.65157,139.95718,-0.024063496,0.013969021,0.002828869,31.076237,31.2025,2,7,1,0.99610704,1
17,34,1,1,0,-48.69701,-67.95217,385.758,0.015890205,0.0034470344,-0.015075083,18.772522,18.671389,2,8,1,0.99762183,1
17,39,1,1,0,-48.17618,571.3794,287.08636,-0.0070543713,0.024410987,0.014513805,15.632882,14.507778,2,9,1,0.9956267,1
17,39,1,0,0,-48.17618,571.3794,287.08636,-0.0070543713,0.024410987,0.014513805,7.101014,4.9863887,2,-1,0,0.9674307,1
17,39,1,0,0,-48.17618,571.3794,287.08636,-0.0070543713,0.024410987,0.014513805,5.6458125,5.592222,2,-1,0,0.9872131,1
17,36,1,1,0,53.023876,-232.784,161.88365,0.017877879,0.005452705,0.0072529023,22.43177,22.37139,2,10,1,0.98855036,1
17,21,1,1,0,61.19503,-136.12451,443.53088,-0.005685253,-0.008418909,-0.0072216773,14.511196,14.376945,2,11,1,0.99314547,1
17,36,1,0,0,53.023876,-232.784,161.88365,0.017877879,0.005452705,0.0072529023,4.4755554,4.5119443,2,-1,0,0.9901661,1
17,14,1,1,0,86.26781,-352.8929,338.1149,-0.008220144,0.014987696,-0.007922335,15.219965,15.486111,2,12,1,0.97975826,1
17,33,1,1,0,94.84041,109.03469,301.9626,-0.013289282,-0.013745366,0.0015769638,21.232925,21.168333,2,13,1,0.9993204,1
17,23,1,0,0,-97.02295,-577.071,252.18095,-0.006490648,0.028551243,0.008492131,8.897687,8.784445,2,-1,0,0.9904569,1
17,23,1,1,0,-97.02295,-577.071,252.18095,-0.006490648,0.028551243,0.008492131,24.577541,21.133612,2,14,1,0.9951845,1
17,15,1,0,0,99.62795,62.34102,296.80377,0.0028559987,0.0040449216,0.021821875,3.1511528,3.281389,2,-1,0,0.84743756,1
17,15,1,1,0,99.62795,62.34102,296.80377,0.0028559987,0.0040449216,0.021821875,13.091654,13.091389,2,15,1,0.99773693,1
17,15,1,0,0,99.62795,62.34102,296.80377,0.0028559987,0.0040449216,0.021821875,7.5297294,7.5605555,2,-1,0,0.98999316,1
17,31,1,1,0,99.90587,-88.387726,266.40466,0.02755939,0.012820943,-0.00634115,28.219141,30.90611,2,16,1,0.99984944,1
17,5,1,0,0,121.644264,96.94312,157.23392,0.014226508,-0.005649667,-0.001810291,3.059472,3.0058334,2,-1,0,0.69129455,1
17,3,1,1,0,111.01638,157.55035,407.42868,0.0033185647,-0.008665721,0.008050905,11.087389,8.820833,2,17,1,0.9980021,1
17,2,1,1,0,-121.893486,580.3569,168.69998,-0.0020792102,-0.008696229,0.0016344755,10.481917,10.673333,2,18,1,0.99161845,1
17,5,1,1,0,121.644264,96.94312,157.23392,0.014226508,-0.005649667,-0.001810291,14.36482,14.206111,2,19,1,0.98978806,1
17,8,1,1,0,137.63371,-216.64946,339.0187,0.010462477,0.010908236,-0.0020091252,12.946229,13.101944,2,20,1,0.9885622,1
17,8,1,0,0,137.63371,-216.64946,339.0187,0.010462477,0.010908236,-0.0020091252,3.4545834,3.4497223,2,-1,0,0.8175506,1
17,30,1,1,0,-156.80148,-288.6412,246.59145,-0.0028583396,0.012615189,0.0018773818,9.821556,9.934167,2,21,1,0.9970354,1
17,13,1,1,0,157.5168,219.12419,426.29895,0.0027966148,0.007960832,-0.021272598,10.985486,9.940278,2,22,1,0.99106616,1
17,13,1,0,0,157.5168,219.12419,426.29895,0.0027966148,0.007960832,-0.021272598,7.979903,7.8922224,2,-1,0,0.99879575,1
17,40,1,1,0,159.31842,60.59659,99.40104,0.023096107,-0.008379456,0.005762668,23.85862,22.648611,2,23,1,0.974361,1
17,7,1,0,0,167.89941,-372.11142,144.51094,-0.01585818,-0.0061823823,0.023004936,9.553861,9.385,2,-1,0,0.9888371,1
17,7,1,1,0,167.89941,-372.11142,144.51094,-0.01585818,-0.0061823823,0.023004936,21.49409,21.11389,2,24,1,0.9876875,1
17,22,1,1,0,173.83588,502.4874,255.52968,0.017058648,-0.014362457,0.001500555,21.021675,20.986666,2,25,1,0.9994814,1
17,26,1,0,0,-189.2662,88.17188,121.92552,-0.015130253,0.015071371,0.0029324512,5.535861,5.5055556,2,-1,0,0.9810658,1
17,30,0,0,0,0.0,0.0,0.0,0.0,0.0,0.0,3.6788747,-1.0,2,-1,0,0.9306059,1
17,11,1,0,0,180.99849,290.55606,99.75659,0.0014925405,-0.0017758792,0.018804435,3.880722,3.895,2,-1,0,0.9759394,1
17,11,1,1,0,180.99849,290.55606,99.75659,0.0014925405,-0.0017758792,0.018804435,20.843645,20.27,2,26,1,0.998934,1
17,18,1,0,0,-208.512,96.99847,126.40303,0.007963744,0.017994625,-0.025799993,6.60875,6.606111,2,-1,0,0.99570954,1
17,26,1,1,0,-189.2662,88.17188,121.92552,-0.015130253,0.015071371,0.0029324512,19.517317,19.387777,2,27,1,0.9604229,1
17,26,1,0,0,-189.2662,88.17188,121.92552,-0.015130253,0.015071371,0.0029324512,4.8276877,4.7755556,2,-1,0,0.97507906,1
17,18,1,1,0,-208.512,96.99847,126.40303,0.007963744,0.017994625,-0.025799993,21.625439,21.564722,2,28,1,0.9987796,1
17,18,1,0,0,-208.512,96.99847,126.40303,0.007963744,0.017994625,-0.025799993,3.1442916,3.1955554,2,-1,0,0.83126163,1
17,9,1,1,0,230.69098,69.53946,341.80286,-0.009599832,-0.0018626712,-0.00666874,11.154653,11.137777,2,29,1,0.9675886,1
17,25,1,1,0,209.23653,-352.43726,463.60132,0.022773486,-0.0038934706,-0.0018948278,4.0157914,3.9388888,2,30,1,0.9604484,1
17,1,1,0,0,-289.38962,476.6255,17.414831,-0.0018804399,0.011318089,0.013114086,3.3531113,3.2408333,2,-1,0,0.9091704,1
17,28,1,1,0,254.41914,343.6335,450.16626,0.0116246175,0.008750247,-0.011594658,19.0612,19.035555,2,31,1,0.98641694,1
17,10,1,0,0,-281.34753,-584.65765,94.72843,0.014547137,0.008108237,-0.027882084,4.225764,4.3441668,2,-1,0,0.9633708,1
17,10,1,0,0,-281.34753,-584.65765,94.72843,0.014547137,0.008108237,-0.027882084,3.923257,3.9741666,2,-1,0,0.979633,1
17,10,1,0,0,-281.34753,-584.65765,94.72843,0.014547137,0.008108237,-0.027882084,7.267028,7.2366667,2,-1,0,0.99486536,1
17,10,1,1,0,-281.34753,-584.65765,94.72843,0.014547137,0.008108237,-0.027882084,12.410855,12.418333,2,32,1,0.9837287,1
17,27,1,0,0,295.03302,265.7861,16.924816,-0.04644715,-0.0074187485,0.032287274,4.441035,4.4725,2,-1,0,0.995203,1
17,27,1,1,0,295.03302,265.7861,16.924816,-0.04644715,-0.0074187485,0.032287274,48.173996,48.204723,2,33,1,0.9999367,1
17,1,1,1,0,-289.38962,476.6255,17.414831,-0.0018804399,0.011318089,0.013114086,11.896083,11.47,2,34,1,0.9983204,1
17,1,1,0,0,-289.38962,476.6255,17.414831,-0.0018804399,0.011318089,0.013114086,3.8080697,3.8386111,2,-1,0,0.94029874,1
17,38,1,0,0,318.0584,-268.59235,155.9145,0.026407981,0.0061431336,-0.019613076,3.348007,3.3688889,2,-1,0,0.9547918,1
17,4,1,1,0,-308.97662,-405.4426,146.6976,-0.029707434,-0.007931454,-0.0049941516,26.751806,17.487778,2,35,1,0.96880215,1
17,38,1,1,0,318.0584,-268.59235,155.9145,0.026407981,0.0061431336,-0.019613076,29.942596,29.660555,2,36,1,0.9921864,1
17,32,1,1,0,-331.88748,52.325054,108.541504,0.009064775,0.0019874775,0.00084016146,8.093666,8.1025,2,37,1,0.969303,1
17,4,1,0,0,-308.97662,-405.4426,146.6976,-0.029707434,-0.007931454,-0.0049941516,4.7725554,4.6597223,2,-1,0,0.9838027,1
17,19,1,1,0,-334.9485,-17.045145,332.0407,-9.1351016e-05,0.023716561,0.012040005,14.64,14.726944,2,38,1,0.995119,1
17,31,1,0,0,379.2522,390.92157,400.7798,0.02755939,0.012820943,-0.00634115,6.5967083,6.8016667,2,-1,0,0.98955756,1
18,17,1,1,0,-2.8735566,142.28514,382.37076,-0.008407241,-0.0018101508,0.0009795537,3.3285832,3.3372223,2,0,1,0.7415001,1
18,30,1,1,0,-13.588836,599.3556,331.4245,0.025174104,-0.03458618,-0.008869774,23.337162,23.245,2,1,1,0.9726983,1
18,9,1,1,0,2.9934971,334.17178,174.07454,-0.0018215352,-0.0030588512,0.0028423378,3.903889,3.9177778,2,2,1,0.9056637,1
18,5,1,0,0,21.702286,-1.6004671,308.9443,-0.021857798,-0.023065258,-0.05965096,11.642382,11.736944,2,-1,0,0.98178136,1
18,30,1,0,0,-13.588836,599.3556,331.4245,0.025174104,-0.03458618,-0.008869774,18.717709,18.883055,2,-1,0,0.9959073,1
18,6,1,1,0,17.873667,-301.33636,273.3906,-0.006051567,-0.0048722406,-0.0013067969,7.9705415,3.865,2,3,1,0.99621576,1
18,5,1,0,0,21.702286,-1.6004671,308.9443,-0.021857798,-0.023065258,-0.05965096,7.6586113,7.7275,2,-1,0,0.97220886,1
18,37,1,1,0,17.763683,-249.87468,216.79729,0.008555863,-0.0031190638,-0.017885815,24.982569,24.6475,2,4,1,0.977554,1
18,30,1,0,0,-13.588836,599.3556,331.4245,0.025174104,-0.03458618,-0.008869774,7.392514,7.5580554,2,-1,0,0.9610852,1
18,5,1,1,0,21.702286,-1.6004671,308.9443,-0.021857798,-0.023065258,-0.05965096,34.466457,34.716667,2,5,1,0.98436654,1
18,5,1,0,0,21.702286,-1.6004671,308.9443,-0.021857798,-0.023065258,-0.05965096,7.5271115,7.7283335,2,-1,0,0.99973625,1
18,33,1,1,0,27.456347,-133.7581,130.14485,0.026421996,-0.014598216,-0.0049351663,21.823416,20.323889,2,6,1,0.9993783,1
18,32,1,1,0,37.275204,-160.16641,161.62508,0.020551693,-0.019960115,0.026919104,38.210995,38.66028,2,7,1,0.99433535,1
18,14,1,1,0,-41.57048,-492.30362,39.933567,0.011015588,0.0032557794,0.0060281735,17.037453,16.750834,2,8,1,0.9730617,1
18,32,1,0,0,37.275204,-160.16641,161.62508,0.020551693,-0.019960115,0.026919104,8.68041,8.805555,2,-1,0,0.96683,1
18,33,1,0,0,27.456347,-133.7581,130.14485,0.026421996,-0.014598216,-0.0049351663,7.205445,7.1008334,2,-1,0,0.9684391,1
18,33,1,0,0,27.456347,-133.7581,130.14485,0.026421996,-0.014598216,-0.0049351663,6.266,6.3444443,2,-1,0,0.9848381,1
18,29,1,1,0,51.394802,-393.94287,15.729684,0.02925934,0.013261543,-0.015782557,23.982222,23.849167,2,9,1,0.9982634,1
18,29,1,0,0,51.394802,-393.94287,15.729684,0.02925934,0.013261543,-0.015782557,7.753375,7.6644444,2,-1,0,0.98419434,1
18,19,1,1,0,68.48966,-136.65572,77.344795,0.009616658,0.011868823,-0.025264114,20.167952,20.166111,2,10,1,0.979541,1
18,19,1,0,0,68.48966,-136.65572,77.344795,0.009616658,0.011868823,-0.025264114,13.946819,14.035556,2,-1,0,0.9960783,1
18,29,1,0,0,51.394802,-393.94287,15.729684,0.02925934,0.013261543,-0.015782557,8.49873,8.405,2,-1,0,0.99769163,1
18,26,0,0,0,0.0,0.0,0.0,0.0,0.0,0.0,4.939229,-1.0,2,-1,0,0.9880696,1
18,36,1,1,0,85.13175,-505.19922,50.105064,-0.0043660575,-0.011126537,-0.002597494,9.247563,8.491389,2,11,1,0.98075724,1
18,36,1,0,0,85.13175,-505.19922,50.105064,-0.0043660575,-0.011126537,-0.002597494,8.005986,7.456389,2,-1,0,0.9919791,1
18,8,1,1,0,89.2263,-402.96994,337.8217,-0.0047345627,0.01973811,0.019997275,33.587627,33.843887,2,12,1,0.9915524,1
18,26,0,0,0,0.0,0.0,0.0,0.0,0.0,0.0,9.160631,-1.0,2,-1,0,0.982532,1
18,26,1,1,0,97.7021,-281.41302,234.71028,-0.018418215,0.0261227,-0.0032007154,17.071543,16.894167,2,13,1,0.9928221,1
18,40,1,1,0,-111.791306,-43.264465,162.17879,-0.008514548,0.00089003885,-0.0055480665,10.432389,4.982222,2,14,1,0.9774057,1
18,28,1,1,0,117.2377,-152.81842,325.1151,-0.01295662,0.00022798736,0.01847314,24.822279,24.8875,2,15,1,0.9891801,1
18,27,1,1,0,-120.40316,7.202866,391.43317,0.010031833,0.0065815835,-0.005097884,14.851285,14.994445,2,16,1,0.99292505,1
18,38,1,1,0,-122.83851,-247.97925,89.54029,0.0071588657,0.016996225,0.004153415,20.987972,20.989445,2,17,1,0.99532926,1
18,25,1,1,0,125.32343,574.7963,205.94354,0.012078601,-0.010332159,-0.0023425883,18.749792,18.188612,2,18,1,0.9912143,1
18,15,1,0,0,140.03625,121.64477,246.45518,0.016150275,0.006257633,-0.017998489,3.1479583,3.1544445,2,-1,0,0.6193618,1
18,12,1,1,0,139.8221,475.25,102.981186,0.021655032,-0.004111776,-0.002266656,26.511272,13.873333,2,19,1,0.9962243,1
18,15,1,1,0,140.03625,121.64477,246.45518,0.016150275,0.006257633,-0.017998489,17.94552,17.995277,2,20,1,0.9959292,1
18,11,1,1,0,154.27171,-321.22592,233.52768,0.019001601,0.0074836537,-0.011642451,3.7432568,3.8647223,2,21,1,0.96960753,1
18,11,0,0,0,0.0,0.0,0.0,0.0,0.0,0.0,8.538757,-1.0,2,-1,0,0.98689586,1
18,15,1,0,0,140.03625,121.64477,246.45518,0.016150275,0.006257633,-0.017998489,9.201875,9.366389,2,-1,0,0.999059,1
18,2,1,1,0,183.31598,475.7707,16.077738,-0.00024149667,0.021412779,0.036019523,16.669598,16.661112,2,22,1,0.99821377,1
18,2,1,0,0,183.31598,475.7707,16.077738,-0.00024149667,0.021412779,0.036019523,12.083653,11.927222,2,-1,0,0.97729194,1
18,2,1,0,0,183.31598,475.7707,16.077738,-0.00024149667,0.021412779,0.036019523,12.506187,12.580833,2,-1,0,0.99744946,1
18,34,1,0,0,209.11917,-463.89453,363.67764,0.0015108202,-0.0005957324,0.0118451,4.974055,4.9286113,2,-1,0,0.9877895,1
18,34,1,1,0,209.11917,-463.89453,363.67764,0.0015108202,-0.0005957324,0.0118451,10.956202,9.165833,2,23,1,0.99011856,1
18,20,1,1,0,230.36526,-261.1746,432.42337,-0.011813764,0.0048594163,-0.0022607201,13.999716,13.491667,2,24,1,0.9718874,1
18,23,1,0,0,278.41507,-290.00797,194.5735,0.004104844,0.018357215,-0.021007955,4.227889,4.2163887,2,-1,0,0.98503923,1
18,35,1,1,0,-235.89697,-445.4479,298.38022,-0.00863587,0.004911314,-0.001873623,10.317611,10.163055,2,25,1,0.96287,1
18,4,0,0,0,0.0,0.0,0.0,0.0,0.0,0.0,4.813257,-1.0,2,-1,0,0.98656625,1
18,16,1,0,0,248.56537,-148.1116,77.94228,-0.012258658,-0.016829649,0.015400803,4.5153885,4.6316667,2,-1,0,0.94219995,1
18,16,1,1,0,248.56537,-148.1116,77.94228,-0.012258658,-0.016829649,0.015400803,14.999173,15.242222,2,26,1,0.95685947,1
18,16,1,0,0,248.56537,-148.1116,77.94228,-0.012258658,-0.016829649,0.015400803,4.1916666,4.1891665,2,-1,0,0.864297,1
18,31,1,1,0,254.75882,-400.6279,201.68277,-0.00773293,0.008354725,-0.01188753,8.911938,8.153055,2,27,1,0.9773591,1
18,31,1,0,0,254.75882,-400.6279,201.68277,-0.00773293,0.008354725,-0.01188753,5.134729,5.126111,2,-1,0,0.98110414,1
18,20,1,0,0,230.36526,-261.1746,432.42337,-0.011813764,0.0048594163,-0.0022607201,3.5206392,3.4869444,2,-1,0,0.9304204,1
18,4,0,0,0,0.0,0.0,0.0,0.0,0.0,0.0,21.84588,-1.0,2,-1,0,0.9551177,1
18,23,1,0,0,278.41507,-290.00797,194.5735,0.004104844,0.018357215,-0.021007955,7.6362295,7.6944447,2,-1,0,0.9647123,1
18,18,1,1,0,-278.0012,547.6502,196.32777,-0.004681082,-0.009506346,-0.00027192468,5.605847,5.663889,2,28,1,0.9901821,1
18,23,1,1,0,278.41507,-290.00797,194.5735,0.004104844,0.018357215,-0.021007955,14.899811,14.926111,2,29,1,0.9882378,1
18,23,1,0,0,278.41507,-290.00797,194.5735,0.004104844,0.018357215,-0.021007955,4.3008194,4.3261113,2,-1,0,0.95681036,1
18,1,1,0,0,298.1589,-79.401764,278.6517,-0.007381943,-0.013989206,-0.019335812,3.080639,3.0752778,2,-1,0,0.6632298,1
18,1,1,1,0,298.1589,-79.401764,278.6517,-0.007381943,-0.013989206,-0.019335812,17.799187,17.591389,2,30,1,0.99450713,1
18,1,1,0,0,298.1589,-79.401764,278.6517,-0.007381943,-0.013989206,-0.019335812,7.589313,7.651389,2,-1,0,0.98750967,1
18,10,1,1,0,-303.8017,114.70517,240.8193,0.0024709853,0.0025810162,0.01521405,15.113924,14.929167,2,31,1,0.99426705,1
18,13,1,1,0,304.3675,114.39613,57.458477,0.0012738784,0.005241742,0.009213849,7.3602147,7.208611,2,32,1,0.9997743,1
18,24,1,1,0,310.7269,315.99747,21.549324,-0.007331442,-0.006712852,0.008571547,13.400499,13.14,2,33,1,0.97263634,1
18,7,1,1,0,-336.29843,-329.81808,322.52402,0.00014399274,-0.03137409,-0.002716866,30.965187,30.307777,2,34,1,0.9851913,1
18,22,1,0,0,336.3398,467.08868,183.30177,-0.007888587,0.015264567,-0.035079442,11.692244,11.534722,2,-1,0,0.9900781,1
18,22,1,1,0,336.3398,467.08868,183.30177,-0.007888587,0.015264567,-0.035079442,27.145432,25.650555,2,35,1,0.9972857,1
18,39,1,1,0,-343.26013,-181.92416,462.28464,-0.004724262,0.04114247,-0.007478289,38.622204,38.686943,2,36,1,0.9929437,1
18,21,1,1,0,356.17932,-60.712418,434.3794,-0.0028139758,0.025887717,-0.005875283,24.254791,24.555555,2,37,1,0.99574727,1
18,11,0,0,0,0.0,0.0,0.0,0.0,0.0,0.0,2.675264,-1.0,2,-1,0,0.5173946,1
18,27,0,0,0,0.0,0.0,0.0,0.0,0.0,0.0,2.9642153,2.866111,2,-1,0,0.61562437,1
19,12,1,0,0,26.121387,-117.749306,116.01169,-0.024428852,0.002920287,-0.021855237,3.7385764,3.7158334,2,-1,0,0.97184587,1
19,19,1,1,0,14.168599,99.74006,431.21454,-0.013997625,0.018537516,-1.4056704e-06,25.946184,25.943333,2,0,1,0.9999511,1
19,14,1,1,0,-14.546945,-232.13747,392.46906,-0.016618213,-0.010914694,0.023418441,33.82122,33.745,2,1,1,0.9995808,1
19,12,1,1,0,26.121387,-117.749306,116.01169,-0.024428852,0.002920287,-0.021855237,37.4039,36.896946,2,2,1,0.9990151,1
19,20,1,1,0,-28.341871,-367.55435,285.13043,-0.015279618,0.0067724227,0.018545868,29.978361,29.907778,2,3,1,0.999579,1
19,38,1,0,0,-69.13372,-123.38143,367.0655,0.015225228,-0.0019170314,0.003858652,4.3145485,4.312778,2,-1,0,0.92265403,1
19,10,1,1,0,39.458862,226.75568,100.08931,-0.014415472,0.003485785,0.017996922,26.84336,26.995556,2,4,1,0.9992125,1
19,3,0,0,0,0.0,0.0,0.0,0.0,0.0,0.0,3.5657222,3.5533333,2,-1,0,0.89734393,1
19,34,1,1,0,50.42331,579.1041,257.5207,0.013025316,0.006345065,-0.02763361,27.796436,20.690556,2,5,1,0.9979267,1
19,37,1,1,0,54.23248,-607.22003,377.6318,-0.0037289695,0.03704514,0.00084863935,10.897785,10.488611,2,6,1,0.9972452,1
19,16,0,0,0,0.0,0.0,0.0,0.0,0.0,0.0,3.2139513,3.0222223,2,-1,0,0.8114017,1
19,34,1,0,0,50.42331,579.1041,257.5207,0.013025316,0.006345065,-0.02763361,6.476784,6.4519444,2,-1,0,0.9961015,1
19,3,1,1,0,-62.085323,-414.16055,226.8939,-0.012606925,0.0033089584,-0.0007110524,13.820326,6.3494444,2,7,1,0.9510833,1
19,34,1,0,0,50.42331,579.1041,257.5207,0.013025316,0.006345065,-0.02763361,3.3278055,3.5125,2,-1,0,0.852267,1
19,38,1,1,0,-69.13372,-123.38143,367.0655,0.015225228,-0.0019170314,0.003858652,8.641555,8.720555,2,8,1,0.99110866,1
19,4,1,0,0,-71.39546,-169.41238,195.6907,0.0045527066,-0.006888516,-0.037893582,13.101297,12.943889,2,-1,0,0.9892865,1
19,4,1,1,0,-71.39546,-169.41238,195.6907,0.0045527066,-0.006888516,-0.037893582,29.645395,29.863056,2,9,1,0.9928,1
19,7,1,1,0,77.80189,527.6522,313.76,0.011269121,0.009796198,-0.016545262,17.461521,15.795555,2,10,1,0.9794509,1
19,7,1,0,0,77.80189,527.6522,313.76,0.011269121,0.009796198,-0.016545262,5.231354,5.2275,2,-1,0,0.99506205,1
19,7,1,0,0,77.80189,527.6522,313.76,0.011269121,0.009796198,-0.016545262,3.5932915,3.715,2,-1,0,0.8651989,1
19,13,1,0,0,97.179184,202.4991,363.75015,-0.007727247,0.021112153,-0.010080177,4.6411805,4.6619444,2,-1,0,0.9989748,1
19,13,1,1,0,97.179184,202.4991,363.75015,-0.007727247,0.021112153,-0.010080177,20.56311,20.8,2,11,1,0.9995771,1
19,15,1,1,0,107.55063,-461.6653,105.10129,0.016577289,-0.009425642,0.0019688085,15.292486,7.9255557,2,12,1,0.9993006,1
19,28,1,1,0,-106.859695,-408.0272,180.3697,-0.021099215,-0.012508689,0.022747993,27.35218,27.289722,2,13,1,0.94700766,1
19,15,1,0,0,107.55063,-461.6653,105.10129,0.016577289,-0.009425642,0.0019688085,7.513785,7.561389,2,-1,0,0.9889374,1
19,39,1,1,0,120.952415,436.218,381.3168,0.002996049,-0.022545865,-0.009448836,25.355293,25.393612,2,14,1,0.99351126,1
19,28,1,0,0,-106.859695,-408.0272,180.3697,-0.021099215,-0.012508689,0.022747993,6.4298472,6.567222,2,-1,0,0.98508054,1
19,39,1,0,0,120.952415,436.218,381.3168,0.002996049,-0.022545865,-0.009448836,3.247111,3.308889,2,-1,0,0.92986584,1
19,6,1,1,0,-129.02823,276.2218,182.4368,-0.014106752,0.004202262,0.017426336,20.957737,20.333334,2,15,1,0.9952118,1
19,1,1,1,0,147.13261,375.22784,78.16276,-0.004883821,-0.007048788,-0.018854866,12.197771,12.195833,2,16,1,0.99938214,1
19,1,1,0,0,147.13261,375.22784,78.16276,-0.004883821,-0.007048788,-0.018854866,9.132243,8.521944,2,-1,0,0.9782601,1
19,36,1,1,0,154.0466,-464.45667,67.322014,-0.0034684222,-0.0053614913,-0.008893539,11.833362,11.684722,2,17,1,0.9884447,1
19,18,1,0,0,164.41335,-46.78911,10.020425,0.027411005,-0.0361387,-0.0016212629,3.485007,3.4838889,2,-1,0,0.9085093,1
19,18,1,1,0,164.41335,-46.78911,10.020425,0.027411005,-0.0361387,-0.0016212629,37.90338,37.717224,2,18,1,0.85685337,1
19,18,1,0,0,164.41335,-46.78911,10.020425,0.027411005,-0.0361387,-0.0016212629,10.035125,10.04,2,-1,0,0.9978263,1
19,29,1,1,0,172.57318,-585.824,100.51063,-0.01841784,-0.022612456,0.007271863,32.873867,32.563057,2,19,1,0.9468088,1
19,22,1,1,0,-179.39752,-421.3784,241.37808,0.008922551,-0.0076016528,0.011204455,16.643959,16.30889,2,20,1,0.9788311,1
19,33,1,1,0,-186.27441,483.24734,401.67325,-0.0035239924,0.00072674477,0.011259653,13.769334,13.442778,2,21,1,0.9919376,1
19,5,1,1,0,-221.98218,-280.28378,116.13978,0.011883859,-0.00035320027,-0.007967043,7.7653537,7.0983334,2,22,1,0.95893925,1
19,5,1,0,0,-221.98218,-280.28378,116.13978,0.011883859,-0.00035320027,-0.007967043,7.334521,7.4325,2,-1,0,0.94132304,1
19,40,1,1,0,-226.52063,-127.54555,148.62234,0.0032346586,-0.004023759,0.0055635814,8.908736,3.3511112,2,23,1,0.9877073,1
19,27,1,0,0,-239.12828,-388.82632,400.8327,-0.013677974,0.0008459105,0.008404429,5.197021,5.262778,2,-1,0,0.9851332,1
19,27,1,1,0,-239.12828,-388.82632,400.8327,-0.013677974,0.0008459105,0.008404429,10.363021,10.230833,2,24,1,0.95414597,1
19,8,1,1,0,246.78612,-60.35135,258.79953,0.004548619,0.027863132,0.014811987,19.495174,14.517777,2,25,1,0.9892118,1
19,11,1,0,0,256.09726,172.43689,380.64066,-0.0058031534,-0.019872908,-0.0044493796,9.154174,9.030833,2,-1,0,0.99185354,1
19,31,1,1,0,246.55649,49.016426,106.26418,-0.0029711686,0.0010760538,0.0128360735,12.994624,13.17,2,26,1,0.9901419,1
19,8,1,0,0,246.78612,-60.35135,258.79953,0.004548619,0.027863132,0.014811987,3.8551388,3.8780556,2,-1,0,0.91933304,1
19,11,1,1,0,256.09726,172.43689,380.64066,-0.0058031534,-0.019872908,-0.0044493796,9.219438,9.303889,2,27,1,0.99893373,1
19,30,1,1,0,261.39578,550.6823,416.18793,0.02026283,0.0019513642,0.024279546,26.476553,25.90361,2,28,1,0.9308846,1
19,8,1,0,0,246.78612,-60.35135,258.79953,0.004548619,0.027863132,0.014811987,4.6800623,4.5044446,2,-1,0,0.9852138,1
19,24,1,0,0,271.96744,-587.56287,6.759213,0.010342646,-0.006799471,-0.032258667,6.8457017,6.7805557,2,-1,0,0.97322726,1
19,24,1,1,0,271.96744,-587.56287,6.759213,0.010342646,-0.006799471,-0.032258667,8.306013,8.345834,2,29,1,0.97801363,1
19,23,1,1,0,296.84262,-128.09656,455.3811,0.012488539,0.0052080387,0.008802731,11.933832,11.853056,2,30,1,0.99236286,1
19,23,1,0,0,296.84262,-128.09656,455.3811,0.012488539,0.0052080387,0.008802731,3.1456876,3.2405555,2,-1,0,0.90194714,1
19,35,1,1,0,318.5602,424.15485,170.5613,-0.011245091,-0.011372921,-0.008354224,16.655603,16.811945,2,31,1,0.9771016,1
19,16,1,1,0,-319.20865,-128.55182,249.82608,-0.016782079,0.015751246,-0.012843399,17.016098,15.369722,2,32,1,0.99071455,1
19,16,1,0,0,-319.20865,-128.55182,249.82608,-0.016782079,0.015751246,-0.012843399,7.7817297,7.7741666,2,-1,0,0.974269,1
19,2,1,1,0,-333.56195,-7.1945024,434.18936,0.016765099,0.00744101,0.020401917,27.107769,24.488056,2,33,1,0.9617469,1
19,26,1,1,0,-330.6527,334.32812,200.90623,-0.01570078,-0.033672754,-0.009226239,38.854443,29.882778,2,34,1,0.99772006,1
19,17,1,1,0,-337.2122,592.67957,230.12183,-0.003175412,0.028135438,0.008780906,7.0933886,7.0958333,2,35,1,0.99496114,1
19,21,1,0,0,355.63318,541.4312,170.73201,0.027864505,0.0029143854,-0.028655704,2.875611,2.8011112,2,-1,0,0.86208314,1
19,32,1,1,0,348.04968,5.264041,407.59882,0.018740073,-0.010457355,-0.0072245426,15.574535,15.551945,2,36,1,0.9962049,1
19,21,1,1,0,355.63318,541.4312,170.73201,0.027864505,0.0029143854,-0.028655704,24.729376,23.962778,2,37,1,0.99789965,1
19,9,1,1,0,359.5124,-560.58405,50.08639,0.01758759,-0.01653811,0.02696182,13.733131,13.685278,2,38,1,0.99010485,1
19,9,1,0,0,359.5124,-560.58405,50.08639,0.01758759,-0.01653811,0.02696182,10.021923,9.193889,2,-1,0,0.9928934,1
19,9,1,0,0,359.5124,-560.58405,50.08639,0.01758759,-0.01653811,0.02696182,6.407555,5.025833,2,-1,0,0.98721004,1
19,32,1,0,0,348.04968,5.264041,407.59882,0.018740073,-0.010457355,-0.0072245426,2.8690279,2.918611,2,-1,0,0.73543686,1
19,21,1,0,0,379.93875,509.2932,136.094,0.027864505,0.0029143854,-0.028655704,6.349361,6.536389,2,-1,0,0.99890304,1
