file_index,event,is_marley,is_main_track,is_es_interaction,pos_x,pos_y,pos_z,momentum_x,momentum_y,momentum_z,cluster_energy,particle_energy,plane_id,match_id,true_label,prediction_prob,predicted_label
0,1,1,1,1,23.996773,73.60945,261.4212,-0.020062303,0.0057945433,-0.0058910493,16.076237,15.833889,2,0,1,0.99413943,1
0,31,1,1,1,23.48938,-326.4541,144.60468,-0.007301493,0.0021506513,-0.0034567597,10.001583,10.029445,2,1,1,0.99338174,1
0,15,1,0,1,35.892456,-260.1355,356.31992,-0.010978006,0.00064453227,-0.0019808598,4.6683335,4.7925,2,-1,0,0.9537496,1
0,15,1,1,1,35.892456,-260.1355,356.31992,-0.010978006,0.00064453227,-0.0019808598,6.998639,7.1338887,2,2,1,0.9897377,1
0,1,1,0,1,23.996773,73.60945,261.4212,-0.020062303,0.0057945433,-0.0058910493,5.1670833,5.0175,2,-1,0,0.86599433,1
0,33,1,1,1,107.307945,264.99835,359.72147,-0.02690883,0.0059331614,-0.0067803813,16.951542,17.016945,2,3,1,0.98584545,1
0,34,1,1,1,78.7528,-504.53622,96.44528,-0.008030601,0.0016012695,7.428175e-05,9.062716,9.003889,2,4,1,0.9952502,1
0,14,1,0,1,-78.275185,-99.70784,32.77944,-0.016232545,0.0020296583,-0.005669602,9.013888,9.029445,2,-1,0,0.9795607,1
0,14,1,1,1,-78.275185,-99.70784,32.77944,-0.016232545,0.0020296583,-0.005669602,10.659166,10.696111,2,5,1,0.9994211,1
0,37,1,1,1,84.88411,455.1479,33.588757,-0.00857687,0.0028065979,-0.0008794687,6.088868,6.206389,2,6,1,0.9889368,1
0,37,1,0,1,84.88411,455.1479,33.588757,-0.00857687,0.0028065979,-0.0008794687,3.7501945,3.8019445,2,-1,0,0.94240034,1
0,2,1,1,1,87.310585,-61.46113,12.453185,-0.0037723829,-0.00010105093,0.00074624387,4.149389,4.1605554,2,7,1,0.80487096,1
0,35,1,1,1,92.59475,-304.74417,174.85509,-0.011727096,0.0047922228,-0.0033827978,15.5286665,15.32,2,8,1,0.96464056,1
0,33,1,0,1,107.307945,264.99835,359.72147,-0.02690883,0.0059331614,-0.0067803813,11.847069,12.1027775,2,-1,0,0.98744875,1
0,18,1,1,1,-127.24481,498.10773,279.8461,-0.0071830926,0.0039031622,-0.0026198663,9.430521,9.469722,2,9,1,0.99096,1
0,32,1,1,1,135.93146,-362.26578,288.15125,-0.0035633168,0.0015812168,-0.0023086136,4.710993,4.676111,2,10,1,0.9927384,1
0,17,1,0,1,-158.42784,171.30946,37.630363,-0.027196493,0.0059393337,-0.008489704,12.218832,12.257222,2,-1,0,0.9824369,1
0,29,1,1,1,-169.06898,251.92894,207.48758,-0.008376482,0.0011065012,-0.0034998083,9.794583,9.69,2,11,1,0.9690095,1
0,17,1,1,1,-158.42784,171.30946,37.630363,-0.027196493,0.0059393337,-0.008489704,14.764688,14.619722,2,12,1,0.947052,1
0,24,1,1,1,171.64632,-493.65448,1.2224382,-0.0047498797,0.0033260442,-0.0012428493,6.0523815,5.9875,2,13,1,0.9729609,1
0,12,1,1,1,186.77655,337.3966,306.25803,-0.007896931,0.0028239,0.00021979988,8.530792,8.5525,2,14,1,0.95468825,1
0,40,1,1,1,196.67896,336.73724,417.4183,-0.017332612,0.0034753077,-0.0068228142,20.721945,20.928612,2,15,1,0.99571097,1
0,6,1,1,1,203.76062,47.992153,426.0809,-0.016653739,0.0035715813,-0.0023975377,17.744244,17.703056,2,16,1,0.99823356,1
0,4,0,0,0,0.0,0.0,0.0,0.0,0.0,0.0,14.235799,-1.0,2,-1,0,0.9998853,1
0,39,1,1,1,-200.37338,-444.21603,284.1282,-0.011164861,0.0035237942,0.00015573854,11.237528,11.141666,2,17,1,0.9961455,1
0,25,1,1,1,-221.5263,581.23987,439.421,-0.0135936355,0.0019177736,-0.004383768,15.383125,15.3825,2,18,1,0.9096972,1
0,22,1,1,1,236.16702,77.08531,426.25803,-0.019461572,0.004572945,-0.001636887,18.476118,18.341944,2,19,1,0.96019596,1
0,20,1,1,1,254.1307,-422.24847,10.971408,-0.005521611,0.0005102214,-0.0030080427,5.6559653,5.6938887,2,20,1,0.9465735,1
0,23,1,1,1,260.4633,81.65459,188.61375,-0.02160138,0.00252773,-0.0061317175,20.00907,19.975834,2,21,1,0.9807313,1
0,30,1,1,1,-266.67395,-125.2071,271.70358,-0.01121223,0.0024195046,-0.004994539,9.999486,10.065556,2,-1,1,0.8684025,1
0,8,1,1,1,-270.65274,-541.31146,430.79865,-0.0059488104,-0.00013691012,-0.0007090571,4.7034793,4.5375,2,22,1,0.9085508,1
0,16,1,1,1,306.65134,-514.7226,175.55759,-0.011922112,0.00199641,-0.0029713735,11.369166,11.291111,2,23,1,0.975376,1
0,26,1,1,1,-306.2378,-326.4639,131.08467,-0.007105431,0.0008056328,-0.0039753364,8.265396,8.331944,2,24,1,0.96794564,1
0,10,1,1,1,319.63785,-54.291145,348.26398,-0.0056602205,3.4771543e-05,-0.0014433019,5.3080554,5.246389,2,26,1,0.961451,1
0,7,1,0,1,339.02133,-115.83036,69.34079,-0.035571046,0.010042362,-0.0070725726,6.580646,6.621389,2,-1,0,0.9881081,1
0,7,1,1,1,339.02133,-115.83036,69.34079,-0.035571046,0.010042362,-0.0070725726,24.543188,24.445833,2,27,1,0.99999154,1
1,1,1,1,1,10.825561,-469.12933,138.30626,-0.021711614,0.0033197217,-0.003687247,15.329229,15.103056,2,0,1,0.99999964,1
1,25,0,0,1,23.48811,388.01227,425.81876,-0.02908723,0.006979092,-0.0077616046,2.8348057,2.6927779,2,-1,0,0.683996,1
1,25,1,1,1,23.48811,388.01227,425.81876,-0.02908723,0.006979092,-0.0077616046,20.550028,20.33639,2,1,1,0.9999654,1
1,36,0,1,1,18.066795,-425.0938,171.44498,-0.0026969647,-0.0002963468,0.00066288764,3.0483057,2.9483333,2,2,1,0.6807662,1
1,25,1,0,1,23.48811,388.01227,425.81876,-0.02908723,0.006979092,-0.0077616046,12.349195,12.3275,2,-1,0,0.9806481,1
1,8,1,1,1,-45.36531,-373.23456,219.02205,-0.007633391,0.0025059565,-0.0026174712,10.041819,9.913889,2,3,1,0.9831156,1
1,2,1,1,1,-54.841515,146.63197,87.80332,-0.0080667995,0.0023880326,-0.0029141163,9.924208,10.099444,2,4,1,0.99184775,1
1,13,1,1,1,66.71518,100.87686,352.32346,-0.010795283,-0.00018963356,-0.0018952542,8.417431,8.368055,2,5,1,0.98745525,1
1,16,1,1,1,-65.613075,-173.65233,4.5256243,-0.0049717366,0.0010522056,0.00080219924,5.9552364,5.853889,2,6,1,0.9808169,1
1,18,1,1,1,77.828064,89.82599,20.510942,-0.009719701,-0.0005027563,-0.0016042845,10.436355,10.417222,2,7,1,0.9724448,1
1,14,1,1,1,-75.79586,-574.6387,205.21877,-0.00781639,4.8188434e-05,-0.0015015022,8.597472,8.708889,2,8,1,0.9797662,1
1,34,1,1,1,-89.077255,-409.7727,263.00302,-0.0066060117,0.0036859773,-0.00080449233,8.922764,8.7288885,2,9,1,0.99918085,1
1,12,1,1,1,98.60303,252.8903,132.55362,-0.0056314776,0.0015276974,-0.00026007148,6.3765974,6.4769444,2,10,1,0.98232347,1
1,28,1,0,1,223.02084,-344.46466,122.387764,-0.026060564,0.007305092,-0.008406032,5.048028,5.1075,2,-1,0,0.96914107,1
1,3,1,1,1,-131.7643,130.4659,163.85439,-0.0140835205,0.0050702477,-0.0013098671,12.092175,12.120277,2,11,1,0.98234427,1
1,3,1,0,1,-131.7643,130.4659,163.85439,-0.0140835205,0.0050702477,-0.0013098671,5.0685763,5.134722,2,-1,0,0.9875586,1
1,11,1,1,1,-156.7417,400.34354,90.34909,-0.04315276,0.009663393,-0.010751443,18.319326,18.271667,2,12,1,0.999233,1
1,33,1,1,1,164.28566,529.72797,444.14883,-0.021691486,0.003079925,-0.006885646,18.651403,18.574167,2,13,1,0.9874551,1
1,15,1,1,1,-170.19916,495.07605,34.10541,-0.0082006315,0.0035573437,-0.0005615478,8.976222,8.973056,2,-1,1,0.95657504,1
1,34,0,0,0,0.0,0.0,0.0,0.0,0.0,0.0,3.8610835,3.7180555,2,-1,0,0.9304813,1
1,19,1,0,1,203.81621,-554.1651,305.05664,-0.027889589,0.0066452185,-0.008704333,3.684049,3.7780557,2,-1,0,0.9289601,1
1,26,1,1,1,183.12833,377.0389,221.35677,-0.00510702,0.0017227543,-0.0033468062,6.759347,6.7080555,2,14,1,0.96427476,1
1,4,1,1,1,184.82465,-499.05786,395.1481,-0.0074637807,-0.000521517,-0.0010993225,7.325521,7.355278,2,15,1,0.9568848,1
1,19,1,0,1,203.81621,-554.1651,305.05664,-0.027889589,0.0066452185,-0.008704333,3.4841807,3.3919444,2,-1,0,0.95988005,1
1,19,1,1,1,203.81621,-554.1651,305.05664,-0.027889589,0.0066452185,-0.008704333,23.847647,23.8125,2,16,1,0.9949864,1
1,28,1,0,1,223.02084,-344.46466,122.387764,-0.026060564,0.007305092,-0.008406032,3.8488817,3.765,2,-1,0,0.938282,1
1,37,1,1,1,214.51106,-395.65573,407.60797,-0.013304473,0.0042571155,-0.0016365225,14.049965,14.296945,2,17,1,0.97836375,1
1,38,1,1,1,-214.49242,453.87476,88.87084,-0.018566623,0.0034895889,-0.0010045465,15.359625,15.188889,2,18,1,0.9372691,1
1,28,1,1,1,223.02084,-344.46466,122.387764,-0.026060564,0.007305092,-0.008406032,19.953588,19.84361,2,19,1,0.9936838,1
1,38,1,0,1,-214.49242,453.87476,88.87084,-0.018566623,0.0034895889,-0.0010045465,4.0425205,4.0191665,2,-1,0,0.9837556,1
1,11,1,0,1,-156.7417,400.34354,90.34909,-0.04315276,0.009663393,-0.010751443,8.754292,8.740278,2,-1,0,0.99997103,1
1,5,1,1,1,236.24434,588.4012,156.65771,-0.014434457,0.000220066,-0.0027114223,8.287132,8.321667,2,20,1,0.97701955,1
1,11,1,0,1,-156.7417,400.34354,90.34909,-0.04315276,0.009663393,-0.010751443,12.011799,11.925,2,-1,0,0.91529685,1
1,5,1,0,1,236.24434,588.4012,156.65771,-0.014434457,0.000220066,-0.0027114223,7.0281944,7.050833,2,-1,0,0.96872216,1
1,35,1,1,1,245.42496,-45.354343,258.79,-0.011683452,0.0021354326,-0.0026669574,10.894416,10.7875,2,21,1,0.951255,1
1,32,1,1,1,-263.07596,538.6756,116.42688,-0.016034342,0.0020618553,-0.002864749,13.548876,13.573055,2,22,1,0.9754912,1
1,24,1,1,1,-235.57872,31.546076,7.2939844,-0.014307405,0.002673996,-0.0030582414,4.183319,4.345556,2,23,1,0.96288323,1
1,23,1,1,1,-276.44568,423.23218,245.26707,-0.027827378,0.0058601033,-0.0022466164,22.677408,22.54861,2,24,1,0.99931467,1
1,23,1,0,1,-276.44568,423.23218,245.26707,-0.027827378,0.0058601033,-0.0022466164,4.6029167,4.645278,2,-1,0,0.97629863,1
1,9,1,1,1,-302.11902,50.92329,322.9778,-0.024886526,0.004618389,-0.00353974,23.125834,23.176111,2,25,1,0.997355,1
1,40,1,1,1,305.66113,-168.57077,10.548094,-0.0070963358,0.0017454658,-0.0021423893,4.214528,4.1977777,2,26,1,0.90252566,1
1,30,1,1,1,336.5549,465.59113,236.88057,-0.00697909,0.003292575,-0.00011655251,7.402292,7.37,2,27,1,0.967558,1
1,17,1,0,1,354.36737,-214.90854,112.60779,-0.017160866,0.0023133543,-0.002471802,3.5533264,3.5533333,2,-1,0,0.9162794,1
1,29,1,1,1,346.16162,207.48354,354.75244,-0.003569272,0.00080036075,0.00097066694,3.2987847,3.2130556,2,-1,1,0.9333863,1
1,31,1,1,1,-348.9727,-394.6404,44.274006,-0.00976463,0.0012739098,0.00018724118,9.437403,9.3758335,2,28,1,0.9863257,1
1,17,1,1,1,354.36737,-214.90854,112.60779,-0.017160866,0.0023133543,-0.002471802,9.052139,9.016389,2,29,1,0.9981608,1
1,21,1,1,1,-355.36804,-209.09628,204.88286,-0.016814023,0.005928831,-0.0032186736,15.597201,15.418056,2,-1,1,0.99931324,1
1,6,1,1,1,-357.55942,14.241188,168.45921,-0.006473412,0.00090630585,0.00051875546,6.142083,6.0891666,2,30,1,0.9696455,1
2,10,1,1,1,13.258332,-418.09045,409.30142,-0.018597217,0.0059557967,-0.0033300659,13.675972,13.684444,2,0,1,0.9489642,1
2,10,1,0,1,13.258332,-418.09045,409.30142,-0.018597217,0.0059557967,-0.0033300659,11.244959,11.239722,2,-1,0,0.9955245,1
2,13,1,1,1,-27.997696,351.83075,299.35962,-0.011276218,0.0018857156,-0.0023062595,13.641403,13.856944,2,1,1,0.9913526,1
2,3,1,1,1,46.726143,525.80664,66.42756,-0.02516652,0.0041536447,-0.0067427326,32.15229,32.205555,2,2,1,0.9339393,1
2,12,1,1,1,-68.18382,-520.8732,17.029634,-0.007421553,-0.00044747497,-0.0018618004,8.7369375,8.865278,2,3,1,0.99847215,1
2,31,1,1,1,71.490906,-129.64656,306.92996,-0.0032634945,0.0009870689,0.0009453018,3.439007,3.6044445,2,4,1,0.5282903,1
2,7,1,1,1,87.992134,522.4718,84.04067,-0.025338849,0.007283212,-0.006428583,31.363308,30.995277,2,5,1,0.97931504,1
2,37,1,1,1,120.34399,-599.60516,410.53073,-0.013055533,0.0009273165,-0.004841873,12.992944,12.898056,2,7,1,0.9896006,1
2,14,0,0,0,0.0,0.0,0.0,0.0,0.0,0.0,14.783805,-1.0,2,-1,0,0.95045096,1
2,20,1,1,1,129.41467,-334.80646,10.432819,-0.023065725,0.0049437797,-0.0015431044,22.163807,22.091944,2,8,1,0.9999987,1
2,9,1,1,1,-129.51662,-493.1437,117.91972,-0.01378509,0.004756641,-0.0013093589,16.744375,16.655834,2,9,1,0.98592585,1
2,16,1,1,1,141.11319,-475.15195,41.1972,-0.011462093,0.0005355036,-0.001999169,12.928145,12.9025,2,10,1,0.9090438,1
2,23,1,1,1,145.54596,237.03156,116.315926,-0.013033766,0.003765572,-0.0011757275,9.690257,9.643888,2,11,1,0.99022466,1
2,23,1,0,1,145.54596,237.03156,116.315926,-0.013033766,0.003765572,-0.0011757275,5.2919583,5.3480554,2,-1,0,0.9691789,1
2,19,1,0,1,178.83054,511.26733,129.2339,-0.028032385,0.0066845994,-0.0040093255,6.061347,6.1358333,2,-1,0,0.97908247,1
2,19,1,1,1,178.83054,511.26733,129.2339,-0.028032385,0.0066845994,-0.0040093255,25.217249,25.221666,2,13,1,0.73994446,1
2,35,1,1,1,-176.42377,406.5943,256.1483,-0.012748045,0.0035899892,-0.0051856856,10.132549,10.2097225,2,14,1,0.97006434,1
2,35,1,0,1,-176.42377,406.5943,256.1483,-0.012748045,0.0035899892,-0.0051856856,4.8460135,4.705278,2,-1,0,0.98619705,1
2,36,1,1,1,199.56834,402.1257,219.61139,-0.01700068,0.0011751748,-0.003573225,17.83772,17.760279,2,16,1,0.99299014,1
2,2,1,1,1,240.71684,-101.64574,211.6854,-0.013057127,0.002511995,-0.0006667273,12.553403,12.46,2,17,1,0.9801602,1
2,22,1,1,1,266.05807,188.62837,14.176541,-0.0062977313,0.0022666769,-0.00015630393,6.242167,6.1741667,2,19,1,0.95418936,1
2,15,1,1,1,269.6064,223.14838,333.07672,-0.014629042,0.003930047,-0.0054496005,16.295471,16.204721,2,20,1,0.8889855,1
2,29,1,1,1,-267.5928,417.6882,63.62782,-0.012796675,0.0018900058,-0.0012345898,11.398403,11.287222,2,21,1,0.9788795,1
2,5,1,1,1,-267.5644,-107.748825,259.56543,-0.017061908,0.005326553,-0.00632052,10.897611,10.923056,2,22,1,0.94269794,1
2,5,1,0,1,-267.5644,-107.748825,259.56543,-0.017061908,0.005326553,-0.00632052,3.5716114,3.6616666,2,-1,0,0.94831324,1
2,24,1,1,1,-271.81772,526.1391,173.44734,-0.004476615,0.002107511,-0.0005559357,4.8216667,4.733333,2,23,1,0.98437065,1
2,34,1,0,1,305.03384,66.470314,445.22574,-0.037761062,0.010455406,-0.0061951294,6.2715135,6.2769446,2,-1,0,0.9676849,1
2,21,1,1,1,280.2476,-215.18768,413.17276,-0.0073295673,0.0024689517,0.0006496791,7.7283196,7.6408334,2,24,1,0.89887214,1
2,34,1,1,1,305.03384,66.470314,445.22574,-0.037761062,0.010455406,-0.0061951294,30.631111,30.519722,2,25,1,0.9831596,1
2,39,1,1,1,305.7432,-177.59334,227.22603,-0.013029958,0.003199118,-0.0049683237,14.234826,14.290556,2,26,1,0.97279334,1
2,40,1,1,1,-306.94565,-461.06238,16.669912,-0.020123627,0.005112762,-0.006252857,20.36568,20.65,2,27,1,0.99174786,1
2,38,1,1,1,326.77087,-568.79205,356.4302,-0.005839164,0.0028984079,-0.0014671952,3.5175486,3.5633333,2,28,1,0.63465565,1
2,25,1,1,1,-333.95334,-144.93852,429.06918,-0.0061478973,0.0008471518,-0.0034198533,6.7123957,6.761667,2,29,1,0.97844726,1
3,8,1,1,1,8.25111,584.46674,284.26926,-0.009510221,0.0027461683,-0.004741549,13.23318,13.046945,2,0,1,0.98116,1
3,9,1,1,1,57.592117,342.56226,371.0879,-0.043413736,0.0084034195,-0.00994124,17.591124,17.766111,2,1,1,0.99625874,1
3,9,1,0,1,57.592117,342.56226,371.0879,-0.043413736,0.0084034195,-0.00994124,10.247611,10.256389,2,-1,0,0.99847347,1
3,19,1,1,1,-21.73784,-325.7538,6.5877714,-0.013930463,0.0018218501,-0.0006268236,14.077229,14.086667,2,2,1,0.95515305,1
3,1,1,1,1,-34.97434,585.9367,49.282036,-0.01346021,0.001510309,-0.0032656856,16.13561,16.268612,2,5,1,0.99590176,1
3,5,1,1,1,-47.513176,-575.0465,225.77846,-0.005684975,-7.4206095e-05,-0.0015090943,6.6289444,6.727778,2,7,1,0.97445846,1
3,13,1,1,1,-47.676266,366.06744,431.66678,-0.013073993,0.005038469,-0.0031287598,12.051749,11.836389,2,8,1,0.9979413,1
3,9,1,0,1,57.592117,342.56226,371.0879,-0.043413736,0.0084034195,-0.00994124,10.982647,10.874444,2,-1,0,0.91732645,1
3,9,1,0,1,57.592117,342.56226,371.0879,-0.043413736,0.0084034195,-0.00994124,12.985161,12.974167,2,-1,0,0.98217255,1
3,29,1,1,1,-63.700226,-92.78919,163.49315,-0.012982002,0.0011367749,-0.0019585532,14.455256,14.2525,2,9,1,0.9874927,1
3,30,1,1,1,-69.68114,-123.15379,167.19118,-0.018974846,0.004285917,-0.0016051164,21.911875,21.904722,2,10,1,0.98217666,1
3,39,1,1,1,-69.91408,515.3766,253.24484,-0.0066336766,0.0017115653,-0.0038537693,8.717764,8.871388,2,11,1,0.9876459,1
3,37,1,1,1,73.136635,-335.4233,357.34976,-0.0057251225,0.0014479675,-0.0034521276,6.2830415,6.421389,2,12,1,0.9431128,1
3,21,1,1,1,83.808136,482.11353,399.49854,-0.023246894,0.003156559,-0.0058125714,19.299452,19.072779,2,13,1,0.94584656,1
3,21,1,0,1,83.808136,482.11353,399.49854,-0.023246894,0.003156559,-0.0058125714,8.040958,7.9688888,2,-1,0,0.99240726,1
3,23,1,1,1,84.80564,-310.95306,148.74207,-0.010575127,0.00049547735,-0.003136441,12.989397,13.013056,2,14,1,0.9892371,1
3,2,1,1,1,92.15346,-234.65762,60.088455,-0.02467303,0.0025942363,-0.0058498927,27.532452,27.658611,2,15,1,0.9999335,1
3,11,1,1,1,102.986374,52.381054,295.22482,-0.0031209504,0.0018195752,-0.0021031713,4.497945,4.429167,2,16,1,0.9934716,1
3,10,1,1,1,126.02497,-149.66661,463.23212,-0.015739478,0.0012658187,-0.0022725079,13.010432,13.059167,2,17,1,0.98977566,1
3,27,1,1,1,-126.73499,55.840202,338.88602,-0.021612238,0.0013402057,-0.0031516927,24.593863,24.6725,2,18,1,0.9893805,1
3,40,1,1,1,145.29843,379.74478,336.15372,-0.009083719,0.0005073466,0.00036274354,9.503549,9.576389,2,19,1,0.99746907,1
3,15,1,1,1,-187.11925,-287.78116,179.12198,-0.02097566,0.0024920485,-0.004978791,17.87732,17.78389,2,20,1,0.97384584,1
3,15,1,0,1,-187.11925,-287.78116,179.12198,-0.02097566,0.0024920485,-0.004978791,4.006438,4.0569444,2,-1,0,0.96859854,1
3,17,1,1,1,-222.62437,526.01074,159.99268,-0.016601268,0.0056293327,-0.005715498,19.176342,19.116388,2,-1,1,0.968777,1
3,34,0,0,0,0.0,0.0,0.0,0.0,0.0,0.0,13.304264,-1.0,2,-1,0,0.94957185,1
3,18,1,1,1,235.66418,394.58362,420.80133,-0.014214862,0.0031152128,-0.0031413669,7.497548,7.356111,2,21,1,0.9566016,1
3,32,1,1,1,238.054,47.780437,127.215195,-0.008717392,-0.0004523624,-0.002981115,8.832624,8.835,2,22,1,0.97319305,1
3,23,0,0,0,0.0,0.0,0.0,0.0,0.0,0.0,2.8504238,2.7966666,2,-1,0,0.5199567,1
3,16,1,1,1,-248.64656,-125.21663,274.34644,-0.008580843,-0.00016013529,-0.0018785455,7.7056813,7.803889,2,23,1,0.9192577,1
3,3,1,1,1,258.62448,406.6844,203.19742,-0.012824611,0.004456386,-0.0015407191,14.334833,14.139722,2,24,1,0.9994223,1
3,28,0,0,0,0.0,0.0,0.0,0.0,0.0,0.0,15.92434,-1.0,2,-1,0,0.9985258,1
3,28,0,0,0,0.0,0.0,0.0,0.0,0.0,0.0,3.5226526,-1.0,2,-1,0,0.98491204,1
3,20,1,1,1,291.6103,-182.52765,300.37823,-0.0081706,0.0013231501,-0.0039513423,9.125653,9.206944,2,25,1,0.98661554,1
3,12,1,1,1,-294.41998,-269.2839,10.989583,-0.023885347,0.0053992653,-0.008255228,24.65749,25.724167,2,26,1,0.99165547,1
3,33,1,1,1,-295.59622,-252.46086,325.7894,-0.032111663,0.006651787,-0.006455233,25.361467,25.204166,2,27,1,0.9982659,1
3,14,1,1,1,-302.50565,208.86728,73.33942,-0.0050034593,-0.00039966835,-0.00068503653,4.5655136,4.536667,2,29,1,0.98726034,1
3,7,1,1,1,308.05142,-304.54163,198.8289,-0.0049957666,-0.0002134796,-0.0028267854,4.902792,4.917222,2,30,1,0.97517574,1
3,3,0,0,0,0.0,0.0,0.0,0.0,0.0,0.0,2.719979,2.725,2,-1,0,0.5263681,1
3,33,1,0,1,-295.59622,-252.46086,325.7894,-0.032111663,0.006651787,-0.006455233,3.7721736,3.8855555,2,-1,0,0.96403307,1
3,31,1,1,1,-331.03424,-450.5217,440.37207,-0.027944613,0.00428295,-0.007834553,22.433569,24.14611,2,31,1,0.98201823,1
3,31,1,0,1,-331.03424,-450.5217,440.37207,-0.027944613,0.00428295,-0.007834553,2.6781044,2.655,2,-1,0,0.8111566,1
3,13,0,0,0,0.0,0.0,0.0,0.0,0.0,0.0,2.7043195,2.8577778,2,-1,0,0.8089247,1
3,13,0,0,0,0.0,0.0,0.0,0.0,0.0,0.0,2.9938748,2.9183333,2,-1,0,0.8777765,1
4,6,1,1,1,-9.26369,327.76874,214.64125,-0.027958112,0.008783318,-0.0045848447,33.89665,33.741943,2,0,1,0.9990349,1
4,5,1,1,1,12.956534,-101.80284,161.22115,-0.010040346,0.00017972253,-0.002861151,12.136902,12.366389,2,1,1,0.973852,1
4,39,0,0,0,0.0,0.0,0.0,0.0,0.0,0.0,3.11525,3.0930555,2,-1,0,0.7627153,1
4,17,1,0,1,-28.834784,175.16768,24.479733,-0.019568909,0.0017619204,-0.005676575,11.664583,11.544167,2,-1,0,0.9869146,1
4,40,1,1,1,42.876965,228.33698,302.88278,-0.013849891,0.0008719661,-0.0007339489,16.956202,17.071667,2,2,1,0.9999149,1
4,17,1,1,1,-28.834784,175.16768,24.479733,-0.019568909,0.0017619204,-0.005676575,12.640451,12.661111,2,3,1,0.99570304,1
4,21,1,1,1,-46.729103,-555.27344,327.3058,-0.013180235,0.0036699737,-0.001952582,15.552647,15.485556,2,4,1,0.9960581,1
4,24,1,1,1,49.08034,282.51495,416.85565,-0.0030744825,0.0010316789,-0.0015024071,3.8790832,3.8672223,2,5,1,0.9475064,1
4,16,1,1,1,-57.276947,455.91867,140.03731,-0.007236272,0.0035538322,-0.0025668107,8.360945,8.385278,2,6,1,0.9881229,1
4,11,1,1,1,124.63855,365.98935,259.28635,-0.01633007,0.0007917168,-0.0029416662,18.820972,18.9375,2,7,1,0.9974165,1
4,27,1,0,1,152.61305,111.727036,337.84543,-0.019128952,0.002873406,-0.0059706145,10.601528,10.773889,2,-1,0,0.99088645,1
4,27,1,1,1,152.61305,111.727036,337.84543,-0.019128952,0.002873406,-0.0059706145,11.982298,11.945556,2,8,1,0.9959466,1
4,13,1,0,1,191.47807,-112.93219,189.45604,-0.015962634,0.0051554204,-0.0020681762,4.3500695,4.4027777,2,-1,0,0.9636696,1
4,8,1,1,1,164.28291,-35.694637,79.98942,-0.0146764,0.0025750182,-0.0026318794,14.689584,14.719722,2,9,1,0.97068775,1
4,23,1,1,1,178.2918,90.61307,409.06796,-0.007280368,0.0016449051,-0.003945117,9.318756,9.260834,2,10,1,0.97842616,1
4,39,1,1,1,-181.69641,123.38692,251.7013,-0.018622067,0.003191695,-0.0014239777,19.118626,19.2475,2,11,1,0.9992987,1
4,13,1,1,1,191.47807,-112.93219,189.45604,-0.015962634,0.0051554204,-0.0020681762,8.581111,8.52,2,12,1,0.9573705,1
4,38,1,1,1,-192.28134,248.27696,369.94965,-0.0037466388,0.00072757865,0.00094747916,3.2215834,3.0944445,2,14,1,0.9141414,1
4,15,1,1,1,-193.08578,137.29471,275.89716,-0.012885842,0.005762256,-0.0036244998,8.360354,8.457222,2,15,1,0.9973968,1
4,19,1,1,1,-193.66348,-285.25742,337.9093,-0.00593132,0.0026043688,-0.0032224657,3.924743,3.9675,2,16,1,0.9749366,1
4,22,1,0,1,-197.78635,436.53226,430.7674,-0.026956018,0.008092371,-0.003891103,11.234833,11.236389,2,-1,0,0.96621364,1
4,14,1,1,1,203.08978,-134.24553,424.6763,-0.010071021,-0.00035168327,-0.0022532009,10.972646,10.886389,2,17,1,0.97216886,1
4,22,1,1,1,-197.78635,436.53226,430.7674,-0.026956018,0.008092371,-0.003891103,11.618633,11.786389,2,18,1,0.9979201,1
4,22,1,0,1,-197.78635,436.53226,430.7674,-0.026956018,0.008092371,-0.003891103,7.219694,7.1919446,2,-1,0,0.984822,1
4,2,1,1,1,217.7186,524.28186,401.1925,-0.011491585,0.001354447,-0.0050891098,13.136298,13.013333,2,19,1,0.9915114,1
4,35,1,1,1,-260.23215,591.872,389.38,-0.015611087,0.0017655989,-0.0012695311,10.718832,10.706667,2,20,1,0.9719866,1
4,35,1,0,1,-260.23215,591.872,389.38,-0.015611087,0.0017655989,-0.0012695311,4.815805,4.779444,2,-1,0,0.9857466,1
4,32,1,1,1,275.81213,53.570698,284.26965,-0.010558413,0.00082716875,-0.0018402393,10.430167,10.515278,2,21,1,0.94146085,1
4,9,1,1,1,278.5254,150.83951,410.9247,-0.010903512,0.0039365743,-0.0003475753,11.961048,11.856667,2,22,1,0.975441,1
4,7,1,1,1,277.7527,577.0615,425.55093,-0.0093172435,-0.0005650341,-0.0023037763,9.428779,9.460834,2,23,1,0.99217176,1
4,1,1,1,1,-287.49557,48.53942,17.366909,-0.028349327,0.0075669796,-0.004305056,27.219852,27.343056,2,24,1,0.7927185,1
4,26,1,1,1,-290.3724,-178.91458,33.427753,-0.013195866,0.0029929269,-0.0043424666,7.8972497,7.903611,2,-1,1,0.9564812,1
4,34,1,1,1,296.43515,575.3879,311.16864,-0.0034606396,-0.0006118412,-0.0017572994,3.3568404,3.3416667,2,25,1,0.9217861,1
4,25,1,1,1,-297.28812,-225.38911,295.0208,-0.040828303,0.0063127987,-0.007808921,17.138355,17.074722,2,26,1,0.9999654,1
4,25,1,0,1,-297.28812,-225.38911,295.0208,-0.040828303,0.0063127987,-0.007808921,7.4090486,7.438889,2,-1,0,0.9557062,1
4,37,1,1,1,355.33316,-277.9086,284.17117,-0.034608547,0.0068127587,-0.006566125,19.130947,18.954445,2,27,1,0.9897221,1
4,29,1,1,1,-312.55746,-90.168625,449.127,-0.009654568,0.0011482098,0.00045157684,6.977937,7.033056,2,28,1,0.9827695,1
4,26,0,0,0,0.0,0.0,0.0,0.0,0.0,0.0,2.8902779,2.8911111,2,-1,0,0.52755183,1
4,25,1,0,1,-297.28812,-225.38911,295.0208,-0.040828303,0.0063127987,-0.007808921,5.448416,5.411111,2,-1,0,0.9988379,1
4,36,1,1,1,329.8335,-284.54803,213.94656,-0.0073804595,0.0015529393,-0.0014656425,4.2019515,4.232222,2,29,1,0.9534883,1
4,12,1,1,1,341.41287,-275.09448,372.8902,-0.0056720306,-0.0006493907,-0.0008316527,5.0894027,5.1330557,2,30,1,0.95928293,1
4,37,1,0,1,355.33316,-277.9086,284.17117,-0.034608547,0.0068127587,-0.006566125,16.631613,16.530277,2,-1,0,0.96787226,1
4,4,1,1,1,-357.52936,567.74994,238.42822,-0.018020753,0.0016920747,-0.002706166,10.495848,10.353056,2,31,1,0.9811457,1
4,4,1,0,1,-357.52936,567.74994,238.42822,-0.018020753,0.0016920747,-0.002706166,4.925833,4.7966666,2,-1,0,0.9866397,1
5,33,1,1,1,17.951569,399.96075,181.9164,-0.027557818,0.007896832,-0.0036615422,23.665743,23.3325,2,0,1,0.99898225,1
5,33,1,0,1,17.951569,399.96075,181.9164,-0.027557818,0.007896832,-0.0036615422,11.854667,11.942778,2,-1,0,0.9469772,1
5,36,1,1,1,31.319302,238.49532,128.0859,-0.008432684,0.0044833743,-0.0017919409,10.932646,10.8961115,2,1,1,0.992566,1
5,28,1,1,1,-31.516346,-525.64087,2.8757775,-0.01798569,0.0053868014,-0.0025937068,21.58005,21.666666,2,2,1,0.99212486,1
5,11,1,0,1,157.07097,291.87967,427.45828,-0.018077418,0.0019049447,-0.002544597,4.87366,4.93,2,-1,0,0.9783095,1
5,30,1,1,1,-39.625324,-100.99846,309.81485,-0.013527004,0.0027394777,-0.005552102,15.336986,15.433611,2,3,1,0.8834838,1
5,18,0,0,0,0.0,0.0,0.0,0.0,0.0,0.0,2.7688959,2.4947221,2,-1,0,0.6655592,1
5,11,1,1,1,157.07097,291.87967,427.45828,-0.018077418,0.0019049447,-0.002544597,6.836368,6.941389,2,4,1,0.9537049,1
5,3,1,1,1,-54.40367,562.22345,272.3448,-0.012641041,0.0057376777,-0.003400485,10.483597,10.501111,2,5,1,0.9861076,1
5,3,1,0,1,-54.40367,562.22345,272.3448,-0.012641041,0.0057376777,-0.003400485,4.2466254,4.011389,2,-1,0,0.8914614,1
5,29,1,0,1,63.43224,170.84247,228.11368,-0.01389586,0.00040903667,-0.0033872004,7.2104583,7.254722,2,-1,0,0.9829778,1
5,29,1,1,1,63.43224,170.84247,228.11368,-0.01389586,0.00040903667,-0.0033872004,8.598945,8.6258335,2,6,1,0.997269,1
5,31,1,1,1,73.59062,489.61755,114.17815,-0.015398969,0.0011985585,-0.0019079588,13.658277,13.644722,2,7,1,0.95188606,1
5,40,1,1,1,72.58757,180.9257,25.82619,-0.008016365,1.0833463e-05,-4.252218e-05,8.999146,8.915833,2,8,1,0.9930727,1
5,4,1,1,1,-74.68169,370.4136,369.2711,-0.003917841,0.0020249567,-0.0013467014,4.742459,4.751389,2,9,1,0.9855274,1
5,9,1,1,1,85.693275,425.98996,238.62839,-0.025059188,0.0056864056,-0.003692523,27.092127,26.99611,2,10,1,0.98768705,1
5,27,1,1,1,85.50554,-508.2387,273.28766,-0.0045862244,0.0002682661,-0.0028760773,5.7950907,5.8766665,2,11,1,0.93687403,1
5,13,0,0,0,0.0,0.0,0.0,0.0,0.0,0.0,3.1835487,-1.0,2,-1,0,0.8181572,1
5,7,1,1,1,-138.62344,-504.83286,299.67114,-0.0072836215,-0.00021409203,-0.0029201172,4.408625,4.4897223,2,-1,1,0.97125536,1
5,35,1,0,1,-143.07683,1.3167683,408.70364,-0.022714349,0.00532484,-0.001496097,6.5521803,6.5525,2,-1,0,0.9910614,1
5,35,1,1,1,-143.07683,1.3167683,408.70364,-0.022714349,0.00532484,-0.001496097,8.582243,8.575,2,-1,1,0.9933842,1
5,1,1,1,1,-147.74179,22.903723,170.55377,-0.010095077,0.00456261,-0.0020770938,10.456528,10.554167,2,12,1,0.9908276,1
5,35,1,0,1,-143.07683,1.3167683,408.70364,-0.022714349,0.00532484,-0.001496097,4.0226665,3.9630556,2,-1,0,0.9633097,1
5,11,1,0,1,157.07097,291.87967,427.45828,-0.018077418,0.0019049447,-0.002544597,6.2275834,6.1902776,2,-1,0,0.9820403,1
5,39,1,1,1,-157.9431,312.33438,116.30836,-0.01228441,0.002586935,-0.00042913016,8.204763,8.108889,2,13,1,0.9473009,1
5,38,1,1,1,-176.52943,-306.57147,191.39919,-0.0031263023,-0.00014041863,-0.0021823163,3.380528,3.4036112,2,14,1,0.96244323,1
5,23,1,1,1,-180.57579,417.98532,365.63834,-0.008285102,0.0023509418,-0.00021911126,7.4064164,7.498611,2,15,1,0.963541,1
5,14,0,0,0,0.0,0.0,0.0,0.0,0.0,0.0,2.9542637,2.9644444,2,-1,0,0.50278634,1
5,2,1,1,1,-203.88326,-110.78939,165.01068,-0.014428037,0.0007337884,-0.0025893692,10.444291,10.327222,2,16,1,0.9850803,1
5,12,1,1,1,210.601,-118.94909,451.14435,-0.0062059457,0.00043554915,-0.00081711885,6.054632,6.107222,2,17,1,0.96778786,1
5,10,1,1,1,220.35786,5.1182337,337.06238,-0.008287475,0.0033003585,-8.122341e-05,8.924138,9.054722,2,18,1,0.99453676,1
5,16,1,1,1,-242.96269,-484.67303,35.654434,-0.0051117097,-0.000908604,-0.0011654068,5.3722854,5.346667,2,19,1,0.99933547,1
5,20,1,1,1,254.96266,-538.0332,370.95514,-0.007599522,-0.0003632342,-0.0021251477,6.395861,6.4030557,2,20,1,0.9793203,1
5,22,1,1,1,258.92435,-180.01366,395.1833,-0.0032493598,-0.0008012956,9.061612e-05,3.2035418,3.0822222,2,21,1,0.9575702,1
5,17,1,1,1,259.62003,-81.6014,83.91554,-0.005478492,0.00094987085,0.0007430457,4.542472,4.6597223,2,22,1,0.96226436,1
5,15,1,1,1,-267.02203,-380.17673,142.14082,-0.0077106156,0.0032503891,-0.00018345048,7.597132,7.6772223,2,23,1,0.97903717,1
5,37,1,1,1,299.87793,-108.9588,337.6515,-0.014200003,0.0006028234,-0.0011199338,14.1115,14.003056,2,24,1,0.9459359,1
5,32,1,1,1,-306.77237,380.90247,276.4482,-0.008233512,0.0023332785,0.0007261283,7.7480073,7.671111,2,25,1,0.9643324,1
5,14,1,1,1,-326.22333,598.5443,187.77036,-0.011207505,0.00022355471,-0.0034037796,11.005041,10.961667,2,26,1,0.98769766,1
5,5,1,1,1,-337.22412,-517.24384,1.3749933,-0.008726275,0.0043727425,-0.0012791085,4.8150206,4.838333,2,27,1,0.90430313,1
5,18,1,1,1,350.35626,-200.70409,89.30403,-0.0034278713,0.0010011656,-0.0025264793,3.9484582,3.885,2,29,1,0.9894454,1
6,13,1,1,1,16.642384,522.87555,351.5586,-0.020218885,0.0043954602,-0.0053336546,16.321543,16.151945,2,0,1,0.9912889,1
6,22,1,1,1,-14.437568,-183.83754,258.4705,-0.003531006,0.0022651306,-0.00016878433,4.4640274,4.5383334,2,1,1,0.94817215,1
6,12,1,1,1,33.648518,-290.9417,419.6744,-0.012386975,0.0026318436,-0.0057574455,11.833403,11.776667,2,2,1,0.9858795,1
6,4,1,1,1,68.51377,380.5699,308.3625,-0.015410487,0.004023637,-0.002682549,17.637646,17.645834,2,3,1,0.98575693,1
6,33,1,1,1,-66.28533,-425.24982,454.13116,-0.009124552,0.004022423,-0.0012030714,8.691236,8.663889,2,4,1,0.97253436,1
6,32,1,1,1,-73.26728,316.2563,405.46445,-0.00555996,0.0032184909,-0.0018933021,7.6642847,7.5761113,2,5,1,0.9753882,1
6,26,1,1,1,83.62169,4.7914867,195.7708,-0.014904326,0.0054598167,-0.001005192,13.871465,13.718889,2,6,1,0.993562,1
6,18,1,1,1,-78.80196,575.40155,166.91919,-0.016692078,0.003425193,-0.001792656,16.601576,16.685,2,7,1,0.85031384,1
6,18,1,0,1,-78.80196,575.40155,166.91919,-0.016692078,0.003425193,-0.001792656,3.135618,3.1266668,2,-1,0,0.64971656,1
6,30,1,1,1,85.35961,-569.50226,458.26868,-0.0046981024,0.0027265428,-0.0002586144,5.9727635,5.980278,2,9,1,0.9645482,1
6,38,1,1,1,-85.66298,-595.66156,171.64394,-0.013092658,0.0048601837,-0.0042655133,16.78625,16.764723,2,10,1,0.7853822,1
6,10,1,1,1,107.0488,-443.93637,391.20743,-0.019196343,0.0061028227,-0.006011859,22.282957,22.284166,2,11,1,0.9948539,1
6,1,1,1,1,105.138985,-554.34314,125.73209,-0.003446132,0.0013717843,0.0007899194,3.9779932,3.8169444,2,12,1,0.96934134,1
6,15,1,1,1,-107.31189,515.0485,31.33364,-0.005106901,-0.0003709161,0.0003831054,5.630076,5.5425,2,13,1,0.9897683,1
6,34,1,1,1,119.60966,-306.75366,64.89254,-0.017144,0.006050305,-0.0035963957,21.76954,21.620556,2,14,1,0.99579924,1
6,36,1,1,1,-121.238235,45.57992,188.91133,-0.01861544,0.0028868353,-0.0050048246,15.293617,15.281944,2,16,1,0.9996489,1
6,36,1,0,1,-121.238235,45.57992,188.91133,-0.01861544,0.0028868353,-0.0050048246,5.9535346,5.9105554,2,-1,0,0.99066144,1
6,25,1,1,1,132.43993,340.8205,190.9751,-0.004364271,0.0015913986,0.000897362,5.0922365,5.0075,2,17,1,0.9874937,1
6,31,1,1,1,134.38779,-449.9053,449.94415,-0.0036486753,0.0019258081,0.00046473034,4.234035,4.127222,2,18,1,0.9746755,1
6,27,1,1,1,258.37143,-105.48039,333.21445,-0.02775729,0.005106305,-0.007075139,13.677105,13.282778,2,19,1,0.97966194,1
6,40,1,1,1,174.11829,78.799355,364.33435,-0.0031814345,0.002451994,-0.0007084375,4.005639,4.106389,2,20,1,0.9846667,1
6,23,1,1,1,-181.27975,-195.58267,146.87448,-0.008509153,0.002786916,-0.0027631186,8.53339,8.5975,2,21,1,0.96956146,1
6,16,1,1,1,201.2237,419.77634,129.33821,-0.024597527,0.0054504806,-0.006866661,21.114944,21.182222,2,22,1,0.992926,1
6,16,1,0,1,201.2237,419.77634,129.33821,-0.024597527,0.0054504806,-0.006866661,5.051708,5.096667,2,-1,0,0.8220926,1
6,27,1,0,1,258.37143,-105.48039,333.21445,-0.02775729,0.005106305,-0.007075139,5.3370833,5.2397223,2,-1,0,0.9348998,1
6,27,1,0,1,258.37143,-105.48039,333.21445,-0.02775729,0.005106305,-0.007075139,8.676952,8.679167,2,-1,0,0.96063966,1
6,28,1,1,1,-265.09418,-267.22324,12.409846,-0.012336945,0.0015625667,-0.0054936423,12.247972,12.298333,2,23,1,0.98529196,1
6,19,1,1,1,-282.4398,126.26144,416.91577,-0.009683272,0.0041419086,-0.000959063,8.357341,8.363055,2,24,1,0.99331987,1
6,24,1,1,1,-279.4892,65.17755,232.65735,-0.020991756,0.0039239516,-0.002401454,8.761001,8.734722,2,25,1,0.9798298,1
6,20,1,1,1,298.0026,-84.58172,87.6495,-0.008508601,0.0006267078,-0.0033352887,8.496681,8.628333,2,26,1,0.966923,1
6,11,1,1,1,-296.22772,180.57425,38.091896,-0.0029878644,0.0016848082,-0.0020368122,3.653618,3.6544445,2,-1,1,0.7681541,1
6,7,1,1,1,300.02136,501.02777,252.11842,-0.00573144,0.0032874425,-0.00020330587,5.2567086,5.2247224,2,27,1,0.9974396,1
6,39,1,1,1,-299.5964,68.867424,369.27457,-0.013860511,0.005263864,-0.0012213847,15.234326,15.145278,2,28,1,0.9815423,1
6,3,1,1,1,313.83783,-133.73488,56.406876,-0.0071371836,9.0692556e-05,-0.0033431004,7.291097,7.330278,2,29,1,0.984939,1
6,6,1,1,1,325.63107,440.718,259.16864,-0.011914948,0.004939474,-0.0018195012,9.663542,9.611111,2,30,1,0.9981603,1
6,17,1,1,1,359.36984,588.16675,106.05314,-0.030483928,0.0070740194,-0.0068586217,24.73826,24.690834,2,31,1,0.9994748,1
6,17,1,0,1,359.36984,588.16675,106.05314,-0.030483928,0.0070740194,-0.0068586217,3.7057362,3.701111,2,-1,0,0.99634546,1
6,5,0,0,0,0.0,0.0,0.0,0.0,0.0,0.0,2.6299098,0.57805556,2,-1,0,0.721579,1
7,38,1,1,1,32.698338,240.18849,150.0381,-0.019458003,0.0037553872,-0.0038434144,23.03004,22.881945,2,0,1,0.99930906,1
7,2,1,1,1,33.641987,-128.76453,321.8112,-0.0054546306,0.0030972466,-0.0022803955,8.056361,7.9055557,2,1,1,0.9484525,1
7,24,1,1,1,39.800507,521.97186,2.869009,-0.012886917,0.0022742671,-0.0029202132,15.431013,15.204722,2,3,1,0.9920101,1
7,27,1,1,1,-47.379124,-271.88516,289.6492,-0.021771464,0.004035111,-0.0072770114,25.760715,25.770277,2,4,1,0.99990547,1
7,40,1,1,1,60.7843,-157.92278,389.31314,-0.027279112,0.0074591986,-0.0060758893,33.822834,34.287224,2,5,1,0.99999833,1
7,4,1,1,1,58.0372,358.88184,176.57587,-0.016438758,0.0028975043,-0.004205008,21.43121,21.668333,2,6,1,0.9999677,1
7,23,1,1,1,69.47049,-216.83498,395.36127,-0.0060730474,0.0025039918,-0.003060058,8.612173,8.278889,2,7,1,0.98921865,1
7,4,0,0,0,0.0,0.0,0.0,0.0,0.0,0.0,2.6211457,2.5852778,2,-1,0,0.7054156,1
7,39,1,1,1,-94.79811,-93.60751,196.57582,-0.008836615,0.0019514341,-0.0035305482,5.0301876,5.0275,2,8,1,0.99551195,1
7,14,1,1,1,115.93543,227.5669,97.04743,-0.006856692,0.0034779184,-0.0026802658,8.834194,8.861667,2,9,1,0.97873634,1
7,21,1,1,1,-119.59854,-573.9334,181.38625,-0.023564639,0.0033799887,-0.006991193,27.39425,27.176666,2,10,1,1.0,1
7,7,1,1,1,124.29684,344.84744,332.36618,-0.0040055024,0.0021771013,-0.0024186976,5.369757,5.2283335,2,11,1,0.9622209,1
7,12,0,0,0,0.0,0.0,0.0,0.0,0.0,0.0,8.525681,-1.0,2,-1,0,0.99949896,1
7,34,0,0,0,0.0,0.0,0.0,0.0,0.0,0.0,2.8311388,2.8275,2,-1,0,0.7828658,1
7,8,1,1,1,-164.78319,-515.0857,184.1576,-0.008716838,0.0032121774,-0.002769241,7.402209,7.4877777,2,12,1,0.97937644,1
7,33,1,1,1,174.71106,-351.93857,32.94243,-0.014882651,0.0051149074,-0.0055804066,17.285236,17.406666,2,13,1,0.9844744,1
7,36,1,1,1,196.93982,359.8984,386.1986,-0.0035733716,0.0020197176,-0.0018890379,4.015007,3.9344444,2,14,1,0.9589719,1
7,22,1,1,1,200.6498,-489.06012,152.97508,-0.015717816,0.0035047112,-0.0010681716,10.393548,10.353056,2,-1,1,0.93167347,1
7,22,1,0,1,200.6498,-489.06012,152.97508,-0.015717816,0.0035047112,-0.0010681716,6.914736,7.0169444,2,-1,0,0.9822397,1
7,11,1,1,1,-212.97415,-319.55475,377.17807,-0.020109514,0.0013294171,-0.0034096912,18.766443,18.718056,2,15,1,0.99547935,1
7,6,1,1,1,228.42233,178.27353,56.65224,-0.019174496,0.0028209537,-0.001942635,19.329027,19.312778,2,16,1,0.9896373,1
7,20,1,1,1,243.42403,-309.46115,366.055,-0.01889376,0.0053060506,-0.0060163005,14.517847,14.600278,2,17,1,0.98436964,1
7,16,1,1,1,-247.80777,-213.06827,99.31669,-0.004647107,-0.0003685256,0.00030268668,4.5024443,4.536389,2,19,1,0.96022034,1
7,3,1,1,1,-248.03415,229.00551,267.2796,-0.0035444847,0.0026773398,-0.00049375225,4.2195697,4.151111,2,20,1,0.932055,1
7,18,1,1,1,259.96265,-423.5529,247.01257,-0.023993779,0.0071771042,-0.0035109567,23.300077,23.238333,2,21,1,0.99239117,1
7,30,1,1,1,-257.01913,-163.81197,209.52759,-0.012518388,0.0024716128,-0.0028719062,11.25275,11.161944,2,22,1,0.9951769,1
7,29,1,1,1,-259.6627,-141.36057,364.71893,-0.013312465,0.0029985378,-0.0056116,10.837326,10.801389,2,23,1,0.96188736,1
7,13,1,1,1,302.33554,506.45795,51.963924,-0.007001688,0.00056333956,0.0003006961,6.8685555,6.824167,2,24,1,0.97537315,1
7,10,1,1,1,316.3774,125.540955,242.28021,-0.0027562105,0.0012698817,-0.0017567253,2.9044516,2.856111,2,25,1,0.7911718,1
7,15,1,1,1,-318.01163,30.30832,225.96007,-0.03153885,0.004607188,-0.007037988,30.461973,30.705278,2,26,1,0.9543502,1
7,19,1,1,1,336.1222,280.98547,289.08063,-0.0049139475,-0.00066913216,-0.00081943575,4.2700973,4.2519445,2,27,1,0.9657995,1
7,26,1,1,1,351.50815,-431.6116,381.04483,-0.003797712,0.0015061336,0.00079623837,3.4354029,3.4716666,2,28,1,0.9392844,1
7,34,1,1,1,353.72855,495.29922,14.108534,-0.0034833266,0.0022020468,-0.0016317805,3.6751666,3.6769445,2,29,1,0.93838024,1
7,35,1,1,1,-354.6946,-179.57622,424.4416,-0.008964313,1.05805575e-05,-0.001770036,9.071667,9.031111,2,-1,1,0.985277,1
8,2,1,1,1,13.371961,135.39978,316.70322,-0.028414587,0.0046927542,-0.0073989104,15.131929,14.867778,2,0,1,0.9849163,1
8,2,1,0,1,13.371961,135.39978,316.70322,-0.028414587,0.0046927542,-0.0073989104,7.9800277,7.791111,2,-1,0,0.97332114,1
8,17,1,0,1,33.321854,-344.63757,135.11522,-0.020325541,0.0021592388,-0.005307888,7.3408546,7.338333,2,-1,0,0.9962314,1
8,4,1,1,1,24.289038,-133.57654,402.25327,-0.0076125246,0.0012415333,0.00048499383,9.792848,9.454445,2,1,1,0.9726146,1
8,37,1,1,1,-26.51658,-593.32336,292.64478,-0.018162556,0.005330021,-0.005492571,24.958687,24.824722,2,2,1,0.99730194,1
8,17,1,1,1,33.321854,-344.63757,135.11522,-0.020325541,0.0021592388,-0.005307888,14.8608265,14.701944,2,3,1,0.9975376,1
8,20,1,1,1,-35.032124,375.45102,34.112663,-0.016047293,0.0017736204,-0.0012981881,11.813708,11.756667,2,4,1,0.9764866,1
8,23,1,1,1,-36.865353,-482.30045,31.36335,-0.03156043,0.007770628,-0.0058797807,27.641737,33.24917,2,5,1,0.9877693,1
8,12,1,1,1,40.926964,180.02286,317.2892,-0.010990709,0.0024699895,-0.0009945857,12.942077,13.050834,2,6,1,0.91636115,1
8,2,1,0,1,13.371961,135.39978,316.70322,-0.028414587,0.0046927542,-0.0073989104,8.883507,8.820278,2,-1,0,0.95853186,1
8,23,1,0,1,-36.865353,-482.30045,31.36335,-0.03156043,0.007770628,-0.0058797807,4.189486,3.9994445,2,-1,0,0.96932393,1
8,20,1,0,1,-35.032124,375.45102,34.112663,-0.016047293,0.0017736204,-0.0012981881,4.4895415,4.478889,2,-1,0,0.9778918,1
8,35,1,1,1,58.9372,233.02632,274.385,-0.013075007,0.005610044,-0.0028010623,15.950118,15.755834,2,7,1,0.99060905,1
8,29,1,1,1,-100.65933,214.16388,59.650986,-0.01788986,0.005522619,-0.006679417,20.704952,20.57361,2,9,1,0.9969215,1
8,11,1,1,1,113.38939,-200.09308,447.0651,-0.0052679796,0.0028864357,-4.5577577e-05,6.4697776,6.3002777,2,10,1,0.9916155,1
8,8,1,1,1,-125.21929,-522.89594,342.5748,-0.0154996645,0.0036465938,-0.0026635567,16.443153,16.498888,2,12,1,0.9806645,1
8,18,1,1,1,151.93521,552.776,457.48355,-0.026541285,0.006907623,-0.0068849963,20.86523,20.756945,2,13,1,0.99984527,1
8,18,1,0,1,151.93521,552.776,457.48355,-0.026541285,0.006907623,-0.0068849963,8.1455,8.131945,2,-1,0,0.9841935,1
8,38,1,1,1,158.73207,234.74239,39.90184,-0.020596078,0.0065220436,-0.005214566,25.891558,25.961666,2,14,1,0.99829537,1
8,40,1,1,1,184.46538,280.40848,236.13844,-0.010601876,-0.00012852391,-0.0011944346,10.822145,10.760555,2,15,1,0.9673362,1
8,25,1,1,1,-191.02025,236.17995,399.03522,-0.02137893,0.005883835,-0.0041446057,22.725445,22.600277,2,16,1,0.9822801,1
8,13,1,0,1,-215.18828,-287.51926,56.49957,-0.028385187,0.004121611,-0.0035358018,8.804812,8.821389,2,-1,0,0.98490083,1
8,13,1,1,1,-215.18828,-287.51926,56.49957,-0.028385187,0.004121611,-0.0035358018,20.013966,20.093056,2,17,1,0.9981382,1
8,28,1,1,1,-220.2793,160.06602,285.47025,-0.008835473,-4.0269766e-05,-0.0006190711,8.993944,8.984722,2,18,1,0.98337066,1
8,27,1,1,1,-236.71274,-313.11386,61.619286,-0.012223777,0.0035626865,-0.0035263596,8.743153,8.782222,2,19,1,0.9247443,1
8,30,1,1,1,255.11722,450.6496,128.16573,-0.016103912,0.005339956,-0.0055786073,15.615084,15.566667,2,20,1,0.9817523,1
8,1,1,1,1,-257.39804,-179.45554,248.30515,-0.015111484,0.0009784676,-0.004319934,13.243112,13.2919445,2,21,1,0.99467814,1
8,21,1,1,1,-268.5777,-447.85452,422.05328,-0.013146828,0.00051870587,-0.0038660327,14.178993,14.0836115,2,22,1,0.7425542,1
8,9,1,1,1,278.7015,201.37886,291.96814,-0.009972654,0.0013352184,-0.0026470674,9.042222,9.019722,2,23,1,0.965875,1
8,26,1,1,1,290.12195,-197.70982,442.0242,-0.008231889,0.0039521325,-0.0026164448,8.7004795,8.708889,2,24,1,0.9519531,1
8,3,1,1,1,299.05774,-519.0122,361.08655,-0.011686773,0.0051191864,-0.0017265348,6.859965,6.883611,2,25,1,0.9990094,1
8,7,1,1,1,-299.37943,-324.34705,207.17084,-0.019011797,0.005419592,-0.0062976317,16.025673,15.994722,2,26,1,0.99615175,1
8,33,1,1,1,-299.83243,358.5013,404.6691,-0.015337115,0.0056094048,-0.005086805,14.585606,14.463333,2,27,1,0.9936773,1
8,6,1,1,1,314.77908,-487.01883,100.082924,-0.006832129,0.0031262033,-0.0025000563,7.7482843,7.584722,2,28,1,0.97193843,1
8,10,1,1,1,315.88626,-285.8672,418.70483,-0.005535603,-0.0002778621,1.4439772e-05,5.111146,5.013889,2,29,1,0.9823789,1
8,39,1,1,1,320.3278,341.89465,265.71417,-0.0092516905,0.0026752043,0.000117859876,9.382729,9.483889,2,30,1,0.99882406,1
8,32,1,1,1,327.2302,-433.62634,417.524,-0.015026091,0.0014911763,-0.00053174346,6.263424,6.32,2,31,1,0.94322866,1
8,24,1,1,1,-340.2789,160.7577,323.26666,-0.0033562747,0.00018996744,-0.0023328909,3.784639,3.6580555,2,32,1,0.9827874,1
8,19,1,1,1,-340.42157,151.80234,14.919585,-0.011482692,5.445779e-05,-0.002733782,10.207007,10.275278,2,33,1,0.942016,1
8,5,1,1,1,348.74435,382.08408,379.63663,-0.010251766,0.0018097159,0.00025245923,9.697027,9.698055,2,34,1,0.9915377,1
9,16,0,0,0,0.0,0.0,0.0,0.0,0.0,0.0,3.0651457,3.0877779,2,-1,0,0.6880018,1
9,29,1,1,1,30.756113,368.4924,217.80923,-0.020157736,0.0036747495,-0.0012454945,23.081285,23.009722,2,0,1,0.9748976,1
9,16,1,1,1,32.604763,-317.80856,232.78517,-0.008515799,0.00069939834,-0.001038206,5.006305,5.203611,2,1,1,0.9568528,1
9,9,1,1,1,-30.577486,583.3812,165.14844,-0.013684714,0.0025661197,-0.004895654,12.768257,12.771944,2,2,1,0.97575706,1
9,9,1,0,1,-30.577486,583.3812,165.14844,-0.013684714,0.0025661197,-0.004895654,4.106917,4.113333,2,-1,0,0.9378487,1
9,10,1,1,1,36.288994,259.26428,83.725685,-0.006306793,0.0027711408,-0.0017821605,8.272972,8.222777,2,3,1,0.9853172,1
9,2,1,1,1,46.622536,467.22668,413.60464,-0.016383173,0.005938196,-0.0028800613,15.603334,15.626945,2,4,1,0.9922152,1
9,11,1,1,1,-49.007347,-127.29037,422.97287,-0.010618701,0.004558315,-0.0017789843,14.053625,14.11,2,5,1,0.967716,1
9,22,1,1,1,-49.347088,452.32632,229.8248,-0.0036122345,-0.0003132563,0.0006496105,3.2881112,3.3525,2,6,1,0.7008868,1
9,38,1,1,1,-71.36355,-315.54208,274.67108,-0.005285135,-0.00095965265,-0.0008928775,5.626681,5.563889,2,8,1,0.9856646,1
9,15,1,1,1,-76.0335,-264.8551,58.696884,-0.013199338,0.0024433625,-0.00075330015,15.962702,16.038334,2,9,1,0.89056975,1
9,18,1,1,1,86.01441,573.0517,149.60187,-0.026572235,0.0059198975,-0.00567744,32.76454,32.588055,2,10,1,0.9969606,1
9,32,1,0,1,-82.16525,-470.73816,35.250786,-0.02790745,0.0035824345,-0.006527854,12.013166,11.951667,2,-1,0,0.9976457,1
9,33,1,1,1,85.26972,221.89626,33.03453,-0.005962519,0.0011694462,-0.0034323717,7.027764,7.203611,2,11,1,0.9915775,1
9,36,0,0,0,0.0,0.0,0.0,0.0,0.0,0.0,2.9671874,2.8047223,2,-1,0,0.5102766,1
9,7,1,1,1,93.48613,-312.25912,355.26837,-0.010358082,0.0028875514,9.196349e-05,12.463687,12.442778,2,12,1,0.93754697,1
9,32,1,1,1,-82.16525,-470.73816,35.250786,-0.02790745,0.0035824345,-0.006527854,19.283173,19.040277,2,13,1,0.98616505,1
9,35,1,1,1,106.52024,280.67743,390.8415,-0.018467896,0.0039619175,-0.0070047393,19.01209,18.976944,2,14,1,0.9854091,1
9,35,1,0,1,106.52024,280.67743,390.8415,-0.018467896,0.0039619175,-0.0070047393,5.1460905,5.195,2,-1,0,0.98409086,1
9,6,1,1,1,-112.50863,176.3796,132.31052,-0.0057361354,0.0010508324,-0.0025817098,7.044917,7.0491667,2,15,1,0.9780553,1
9,30,1,1,1,132.66644,529.7243,81.21812,-0.0060610482,0.0032969941,-0.0005428692,7.7749233,7.688889,2,16,1,0.9802541,1
9,23,1,1,1,138.9219,-20.38551,183.33,-0.007382022,0.0032869135,-0.0013371403,9.030445,9.018611,2,17,1,0.95615673,1
9,20,1,1,1,147.31401,456.0193,343.62912,-0.012747836,0.0044915606,-0.00089027634,15.498605,15.483889,2,18,1,0.93591106,1
9,19,0,0,0,0.0,0.0,0.0,0.0,0.0,0.0,2.7851112,2.7916667,2,-1,0,0.7622231,1
9,34,1,1,1,160.32755,-356.71927,367.44644,-0.023578055,0.005423125,-0.0064888345,21.547388,21.540277,2,19,1,0.9999907,1
9,14,1,1,1,169.14513,-572.47125,462.04074,-0.02940359,0.006818028,-0.006819447,30.313349,30.302221,2,20,1,0.99799156,1
9,3,1,0,1,198.10231,266.00372,379.21613,-0.036967345,0.006392166,-0.0056364858,8.931126,8.856667,2,-1,0,0.9733533,1
9,3,1,0,1,198.10231,266.00372,379.21613,-0.036967345,0.006392166,-0.0056364858,3.3027916,3.3322222,2,-1,0,0.936932,1
9,13,1,1,1,184.1865,-490.87128,192.98842,-0.007411245,-0.0006009556,-0.0022821943,7.619083,7.699167,2,21,1,0.9602083,1
9,3,1,1,1,198.10231,266.00372,379.21613,-0.036967345,0.006392166,-0.0056364858,21.688257,21.741112,2,22,1,0.9952005,1
9,8,1,1,1,-211.30354,-475.7807,416.62143,-0.010711616,0.0033303064,-0.0018492636,9.970639,9.785,2,23,1,0.96417266,1
9,1,1,1,1,214.69356,-349.72418,407.2993,-0.0038045417,-0.00016159347,-0.0018084156,3.2861805,3.2894444,2,24,1,0.9494821,1
9,17,1,1,1,224.28226,167.21523,245.78589,-0.009660998,-0.00019401105,-0.0016466894,7.256555,7.255833,2,25,1,0.9841211,1
9,31,1,1,1,235.34377,427.02783,97.45262,-0.030520609,0.0055009443,-0.004363906,18.189648,17.916111,2,26,1,0.98138946,1
9,31,1,0,1,235.34377,427.02783,97.45262,-0.030520609,0.0055009443,-0.004363906,15.501,15.600278,2,-1,0,0.9978072,1
9,24,1,1,1,267.10126,-71.54305,360.66025,-0.0032795616,0.0010508614,0.0007778681,3.2756667,3.1741667,2,27,1,0.9202727,1
9,8,0,0,0,0.0,0.0,0.0,0.0,0.0,0.0,2.9970763,2.978611,2,-1,0,0.78108823,1
9,5,1,1,1,-268.08856,145.40144,49.94274,-0.006014849,0.003267906,-0.0003884545,6.5452085,6.5688887,2,28,1,0.9820185,1
9,39,1,1,1,-271.30045,-243.789,336.3961,-0.022700902,0.005082577,-0.004977309,23.055187,23.117222,2,29,1,0.99969757,1
9,12,1,1,1,-272.83212,-560.57996,317.38235,-0.012875048,0.0010945128,-0.0023487695,13.233736,13.099444,2,30,1,0.9822228,1
9,25,1,1,1,285.07693,-61.927334,254.48477,-0.009217034,4.7966867e-05,-0.001361027,8.174986,8.2025,2,31,1,0.96955687,1
9,4,1,1,1,303.43054,-177.40213,395.96753,-0.0110928165,0.0033492325,0.00029301492,10.218201,10.315833,2,32,1,0.99366945,1
9,36,1,1,1,-329.98642,-476.8334,157.65318,-0.011278741,0.0027372157,-0.00459379,12.05961,12.052222,2,34,1,0.9857143,1
9,28,1,1,1,-336.2983,46.811893,179.19162,-0.023674732,0.0070335716,-0.0062907035,16.061945,16.014723,2,-1,1,0.9944575,1
10,40,1,1,0,-13.594661,359.0772,346.24893,0.0017773653,-0.013976157,0.008252909,13.675952,13.567223,2,0,1,0.9993418,1
10,37,1,1,0,-16.05906,511.80197,241.01952,-0.025403336,-0.008090156,0.0032686507,31.146372,31.245832,2,1,1,0.9999752,1
10,9,1,1,0,-34.749397,-571.6303,78.73079,0.00825494,0.0073314845,-0.0026915423,14.18364,13.943889,2,2,1,0.99999857,1
10,35,1,1,0,-44.53254,308.76352,344.28232,0.021938013,-0.021069257,-0.0050227502,24.947592,25.118334,2,3,1,0.99935955,1
10,28,1,1,0,42.035973,-227.35228,195.27461,0.01569165,-0.0007965129,-0.016140888,20.525993,20.559723,2,4,1,0.9817494,1
10,28,1,0,0,42.035973,-227.35228,195.27461,0.01569165,-0.0007965129,-0.016140888,5.0320487,5.0727777,2,-1,0,0.97814596,1
10,15,1,0,0,50.416252,583.3605,261.14307,-0.039759412,0.0041137775,0.01275731,20.692873,20.574722,2,-1,0,0.996897,1
10,15,1,1,0,50.416252,583.3605,261.14307,-0.039759412,0.0041137775,0.01275731,24.610416,24.430277,2,5,1,0.9999995,1
10,13,1,1,0,-55.50011,-85.448494,54.702816,-0.0040907697,-0.01824315,-0.008455647,14.944451,15.098889,2,6,1,0.9913216,1
10,13,1,0,0,-55.50011,-85.448494,54.702816,-0.0040907697,-0.01824315,-0.008455647,9.455667,9.3225,2,-1,0,0.9903769,1
10,29,1,0,0,67.43486,540.5875,163.31541,-0.01751885,0.0038220107,0.0031189886,11.39116,11.309722,2,-1,0,0.98284334,1
10,12,1,1,0,-67.630684,280.28873,19.205746,0.023763029,-0.012999678,-0.0032378316,28.602848,28.4175,2,7,1,0.9362782,1
10,29,1,1,0,67.43486,540.5875,163.31541,-0.01751885,0.0038220107,0.0031189886,11.695535,3.0594444,2,8,1,0.98987585,1
10,14,1,0,0,-110.984566,424.3074,216.30823,0.016819194,0.0033195661,-0.00086492347,9.250916,6.738611,2,-1,0,0.9973563,1
10,14,1,1,0,-110.984566,424.3074,216.30823,0.016819194,0.0033195661,-0.00086492347,12.452819,12.44,2,9,1,0.99711585,1
10,3,1,0,0,-111.00516,296.55035,86.521355,-0.008481078,0.008117107,-0.018616121,5.041722,4.175,2,-1,0,0.9447297,1
10,3,1,1,0,-111.00516,296.55035,86.521355,-0.008481078,0.008117107,-0.018616121,11.318806,9.176666,2,10,1,0.9855816,1
10,3,1,0,0,-111.00516,296.55035,86.521355,-0.008481078,0.008117107,-0.018616121,10.781777,10.781667,2,-1,0,0.97066385,1
10,31,1,1,0,-113.34359,-256.83954,167.50685,-0.0039291615,-0.008527852,-0.0027486724,7.236938,4.9497223,2,11,1,0.99944705,1
10,21,1,0,0,-202.25487,571.561,256.51743,0.0012383616,-0.02893997,0.0054348316,4.2704997,4.430278,2,-1,0,0.9734933,1
10,36,1,1,0,-148.12572,232.53854,419.77267,0.0017922294,0.006696581,-0.012198276,14.252147,14.621111,2,12,1,0.98818785,1
10,33,1,1,0,151.30537,-462.7782,227.58803,-0.013581895,0.015304283,-0.016498053,20.557049,19.789167,2,13,1,0.9968328,1
10,7,1,1,0,169.63202,457.93536,153.28976,0.011330282,0.0065902118,-0.008721984,17.056063,17.0825,2,14,1,0.9999974,1
10,20,1,1,0,173.13907,-388.20023,308.1029,-0.0026726546,0.008327895,0.0022135105,8.914048,9.13,2,15,1,0.97028416,1
10,4,1,1,0,-179.2404,-507.70795,406.059,0.004210449,0.014867205,-0.017335603,24.824965,24.39889,2,16,1,0.9997929,1
10,17,1,1,0,-185.69002,-499.47705,331.08716,0.0112093305,0.016416231,0.0031098432,21.24082,21.295,2,17,1,0.9988838,1
10,17,1,0,0,-185.69002,-499.47705,331.08716,0.0112093305,0.016416231,0.0031098432,4.469903,4.5088887,2,-1,0,0.95872587,1
10,32,1,1,0,198.92506,-466.84674,68.045975,-0.023249427,0.015040677,-0.0003047378,29.1235,29.065277,2,18,1,0.9397853,1
10,21,1,1,0,-202.25487,571.561,256.51743,0.0012383616,-0.02893997,0.0054348316,13.253251,13.290833,2,19,1,0.99845517,1
10,21,1,0,0,-202.25487,571.561,256.51743,0.0012383616,-0.02893997,0.0054348316,12.047402,12.010278,2,-1,0,0.9960944,1
10,8,0,0,0,0.0,0.0,0.0,0.0,0.0,0.0,52.86974,-1.0,2,-1,0,0.99710363,1
10,21,1,0,0,-202.25487,571.561,256.51743,0.0012383616,-0.02893997,0.0054348316,5.0704026,5.068333,2,-1,0,0.97820127,1
10,22,1,1,0,-219.97722,-224.33484,269.21442,-0.007418159,0.019727012,0.007877315,11.212167,11.2913885,2,20,1,0.98243135,1
10,22,1,0,0,-219.97722,-224.33484,269.21442,-0.007418159,0.019727012,0.007877315,10.584444,8.338056,2,-1,0,0.9818001,1
10,34,1,0,0,236.40521,191.31136,367.6053,0.00201033,0.030577803,0.011476267,8.291014,5.8341665,2,-1,0,0.9782015,1
10,34,1,0,0,236.40521,191.31136,367.6053,0.00201033,0.030577803,0.011476267,3.501,3.6280556,2,-1,0,0.96864176,1
10,16,0,0,0,0.0,0.0,0.0,0.0,0.0,0.0,3.317236,0.28138888,2,-1,0,0.6469376,1
10,34,1,1,0,236.40521,191.31136,367.6053,0.00201033,0.030577803,0.011476267,26.551146,26.6675,2,21,1,0.9999263,1
10,10,1,0,0,245.44177,260.41577,388.5706,-0.012110623,0.0048723663,-0.027751248,6.360986,6.3213887,2,-1,0,0.94888294,1
10,5,1,1,0,238.8201,29.56954,80.979355,0.018275436,-0.03472221,0.013945635,41.8561,38.963333,2,22,1,0.99751365,1
10,10,1,1,0,245.44177,260.41577,388.5706,-0.012110623,0.0048723663,-0.027751248,22.597813,20.805,2,23,1,0.99603385,1
10,6,1,1,0,260.36667,-396.605,343.5125,-0.0010959535,-0.005374706,0.009685109,8.750049,8.834444,2,24,1,0.985592,1
10,23,1,1,0,266.24933,298.11896,223.0914,0.0011816662,0.0049180742,-0.040376704,37.2645,37.241943,2,25,1,0.9868384,1
10,2,1,1,0,-265.74738,-77.92339,77.0533,-0.024678405,-0.009277773,0.01459601,31.713491,26.525833,2,26,1,0.9354854,1
10,23,1,0,0,266.24933,298.11896,223.0914,0.0011816662,0.0049180742,-0.040376704,3.9831944,4.036389,2,-1,0,0.9767676,1
10,18,1,1,0,-307.8961,-133.77641,119.35791,0.016256237,-0.004873466,-0.0017559751,14.513826,14.453611,2,27,1,0.9942872,1
10,11,1,1,0,310.9009,105.10877,64.10841,0.023457557,0.0024492969,0.019958267,23.416945,21.789444,2,28,1,0.99677104,1
10,11,1,0,0,310.9009,105.10877,64.10841,0.023457557,0.0024492969,0.019958267,4.419937,4.433611,2,-1,0,0.9555981,1
10,30,1,1,0,-314.7384,-13.243534,331.45358,-0.0069619026,-0.009323231,-0.007943518,10.0485,5.306389,2,29,1,0.98915523,1
10,39,1,1,0,-316.9472,471.26385,192.71883,-0.006298393,0.022322277,0.0019039131,11.669362,7.2725,2,30,1,0.9958216,1
10,19,1,1,0,-323.87692,430.54675,321.54904,0.01780928,-0.0053541693,0.007228473,15.314778,15.379167,2,31,1,0.99999666,1
10,38,1,1,0,322.4572,13.807655,243.35915,0.012430875,-0.033093214,-0.0011551348,16.603348,16.418056,2,32,1,0.8725371,1
10,39,1,0,0,-316.9472,471.26385,192.71883,-0.006298393,0.022322277,0.0019039131,2.8007708,2.8630555,2,-1,0,0.53997624,1
10,16,1,0,0,342.9076,-75.68349,282.59186,-0.02218298,0.022208013,0.021119349,5.209528,5.2355556,2,-1,0,0.977734,1
10,24,1,1,0,-331.23532,265.92914,435.96368,0.011309042,0.0017083817,0.008218591,13.050909,13.096666,2,33,1,0.9887572,1
10,27,1,0,0,342.9478,215.07828,174.29985,-0.009602642,-0.011755229,-0.027621351,2.9273055,2.9491668,2,-1,0,0.91944885,1
10,16,1,0,0,342.9076,-75.68349,282.59186,-0.02218298,0.022208013,0.021119349,8.1495695,8.113611,2,-1,0,0.9803007,1
10,38,1,0,0,322.4572,13.807655,243.35915,0.012430875,-0.033093214,-0.0011551348,5.0506945,5.1397223,2,-1,0,0.9792444,1
10,16,1,1,0,342.9076,-75.68349,282.59186,-0.02218298,0.022208013,0.021119349,21.768099,21.998611,2,34,1,0.9660104,1
10,27,1,1,0,342.9478,215.07828,174.29985,-0.009602642,-0.011755229,-0.027621351,22.658169,22.550278,2,35,1,0.99475056,1
10,38,1,0,0,322.4572,13.807655,243.35915,0.012430875,-0.033093214,-0.0011551348,8.539125,8.463056,2,-1,0,0.9740781,1
10,25,1,1,0,350.2399,27.432638,283.75128,-0.013504995,-0.0102705695,0.0026821648,17.818033,17.977222,2,36,1,0.99471444,1
10,39,1,0,0,-316.9472,471.26385,192.71883,-0.006298393,0.022322277,0.0019039131,8.720876,8.589723,2,-1,0,0.98968786,1
10,26,1,1,0,349.8783,309.53033,24.343409,0.017257389,-0.004512729,-0.002206338,12.873951,4.892778,2,37,1,0.99108654,1
10,26,1,0,0,349.8783,309.53033,24.343409,0.017257389,-0.004512729,-0.002206338,5.317923,5.3802776,2,-1,0,0.92973834,1
10,1,1,1,0,-362.12808,72.66279,142.90399,-0.009161756,-0.009130824,0.0065536173,3.486104,3.176389,2,38,1,0.95904255,1
11,34,1,0,0,-15.949979,347.20172,233.42691,0.0024243533,0.013321485,0.005394825,3.415139,3.2583334,2,-1,0,0.9611728,1
11,34,1,0,0,-15.949979,347.20172,233.42691,0.0024243533,0.013321485,0.005394825,3.4155903,3.5072222,2,-1,0,0.9468454,1
11,34,1,1,0,-15.949979,347.20172,233.42691,0.0024243533,0.013321485,0.005394825,19.123056,1.3302778,2,0,1,0.999744,1
11,7,1,1,0,-15.389104,281.4175,87.54957,0.0011483439,-0.0031316981,-0.0035699275,2.901472,1.9533334,2,1,1,0.6855469,1
11,4,1,1,0,-19.247276,253.5668,20.896774,0.0058851675,0.0038000136,0.0054923613,6.4551806,6.517778,2,2,1,0.9815875,1
11,25,1,1,0,-27.751904,362.94623,382.91287,0.019183049,0.009664858,0.016397797,30.91416,30.701944,2,3,1,0.999967,1
11,35,0,0,0,0.0,0.0,0.0,0.0,0.0,0.0,12.607083,-1.0,2,-1,0,0.9927295,1
11,34,1,0,0,-32.374336,306.92862,316.33392,0.0024243533,0.013321485,0.005394825,4.4397497,4.492778,2,-1,0,0.98364484,1
11,36,1,1,0,27.975286,-501.83432,176.52332,0.015334435,0.01562047,0.0058867713,13.006521,12.996944,2,4,1,0.9889369,1
11,35,0,0,0,0.0,0.0,0.0,0.0,0.0,0.0,3.88975,-1.0,2,-1,0,0.9729446,1
11,36,1,0,0,27.975286,-501.83432,176.52332,0.015334435,0.01562047,0.0058867713,6.247979,6.1519446,2,-1,0,0.99793375,1
11,19,1,1,0,-41.444874,-15.211378,425.2471,-0.010774631,0.003420761,-0.02024126,10.9405,10.841945,2,5,1,0.99965835,1
11,19,1,0,0,-41.444874,-15.211378,425.2471,-0.010774631,0.003420761,-0.02024126,9.058709,9.0402775,2,-1,0,0.97571874,1
11,19,1,0,0,-41.444874,-15.211378,425.2471,-0.010774631,0.003420761,-0.02024126,6.5951805,6.278333,2,-1,0,0.9930576,1
11,33,1,1,0,-57.661285,-147.59196,340.33444,-0.00041102932,0.016009687,-0.05569419,43.270306,43.03472,2,6,1,0.9999994,1
11,33,1,0,0,-57.661285,-147.59196,340.33444,-0.00041102932,0.016009687,-0.05569419,21.525723,20.56889,2,-1,0,0.99923444,1
11,9,1,1,0,77.4598,436.11227,434.97284,0.0055825384,0.0027266645,0.00060548977,7.272639,7.2188888,2,7,1,0.9787162,1
11,12,1,0,0,-83.04629,-125.24213,439.98627,0.0029644154,-0.0033447987,0.005582232,6.489632,6.413889,2,-1,0,0.98494613,1
11,12,1,1,0,-83.04629,-125.24213,439.98627,0.0029644154,-0.0033447987,0.005582232,8.508333,7.3144445,2,8,1,0.9824697,1
11,8,1,0,0,112.14321,-528.814,289.97876,-0.044992924,0.015985694,-0.028246962,24.425451,24.392778,2,-1,0,0.9987483,1
11,26,1,1,0,98.54651,-431.72476,274.9398,-0.013285288,0.0017245917,0.014057032,15.616653,15.731667,2,9,1,0.97290784,1
11,8,1,1,0,112.14321,-528.814,289.97876,-0.044992924,0.015985694,-0.028246962,31.323072,33.505554,2,10,1,0.9959637,1
11,13,1,1,0,104.12618,-367.52597,265.08212,-0.0063231136,-0.012996365,-0.0040709022,13.960395,13.824166,2,11,1,0.95093936,1
11,6,1,1,0,107.64526,-240.34033,47.856457,-0.0017367197,-0.007006821,0.009395869,11.039987,11.188611,2,12,1,0.92899525,1
11,10,1,0,0,146.4741,105.42935,0.94580907,-0.021889186,-0.02783315,0.0066226497,14.526452,14.371388,2,-1,0,0.99606293,1
11,39,1,1,0,137.12617,321.75534,12.436038,0.01036683,0.0071002585,-0.008949293,14.624597,10.195278,2,13,1,0.9873998,1
11,10,1,1,0,146.4741,105.42935,0.94580907,-0.021889186,-0.02783315,0.0066226497,17.350277,17.500834,2,14,1,0.89093536,1
11,37,1,1,0,166.34903,101.189606,32.463806,0.02911535,-0.017030058,0.0038078537,29.682333,27.211111,2,15,1,0.9994048,1
11,11,1,1,0,177.2013,285.01404,89.643654,-0.018647525,-2.5193396e-05,0.00940571,18.653841,18.440834,2,16,1,0.99534166,1
11,5,1,1,0,-177.23875,-484.92474,182.82976,-0.015109302,-0.017966997,0.014877575,29.397305,29.350555,2,17,1,0.99669975,1
11,31,1,1,0,194.97908,362.5977,139.36098,-0.02666211,0.0028370803,-0.002365319,27.26054,27.209444,2,18,1,0.9851671,1
11,21,0,0,0,0.0,0.0,0.0,0.0,0.0,0.0,16.636513,-1.0,2,-1,0,0.9922801,1
11,21,0,0,0,0.0,0.0,0.0,0.0,0.0,0.0,3.6873333,-1.0,2,-1,0,0.95066327,1
11,27,1,0,0,258.81696,450.53134,282.51605,-0.021108855,0.01963378,-0.0013418614,6.4153614,6.2816668,2,-1,0,0.9908731,1
11,24,1,1,0,226.85947,-208.0817,352.69006,0.01780455,0.01698307,0.0094714565,20.01625,20.104166,2,19,1,0.9965947,1
11,24,1,0,0,226.85947,-208.0817,352.69006,0.01780455,0.01698307,0.0094714565,4.6877494,4.7494445,2,-1,0,0.9566253,1
11,2,1,1,0,-244.99075,-367.86707,271.8768,-0.018554348,0.0055164834,-0.020575918,14.488257,14.531944,2,20,1,0.9948992,1
11,2,1,0,0,-244.99075,-367.86707,271.8768,-0.018554348,0.0055164834,-0.020575918,7.432104,7.5625,2,-1,0,0.99578273,1
11,16,1,0,0,-253.6642,-436.72513,261.50986,0.0054508294,-0.0073965825,0.014408537,4.9759026,4.041111,2,-1,0,0.9615382,1
11,16,1,0,0,-253.6642,-436.72513,261.50986,0.0054508294,-0.0073965825,0.014408537,5.471555,4.5136113,2,-1,0,0.94593495,1
11,16,1,1,0,-253.6642,-436.72513,261.50986,0.0054508294,-0.0073965825,0.014408537,7.269944,7.378611,2,21,1,0.9968292,1
11,27,1,1,0,258.81696,450.53134,282.51605,-0.021108855,0.01963378,-0.0013418614,21.878645,21.774445,2,22,1,0.97033215,1
11,28,0,0,0,0.0,0.0,0.0,0.0,0.0,0.0,21.996958,-1.0,2,-1,0,0.998393,1
11,28,0,0,0,0.0,0.0,0.0,0.0,0.0,0.0,5.8003473,-1.0,2,-1,0,0.98511446,1
11,22,1,0,0,298.77667,20.25814,220.61555,-0.021688022,0.026874853,-1.4773595e-05,4.1040626,4.067222,2,-1,0,0.97706497,1
11,20,1,1,0,-292.26215,-400.09402,76.723694,-0.016008452,-0.007626686,0.008428633,18.470076,18.17389,2,23,1,0.9402451,1
11,22,1,1,0,298.77667,20.25814,220.61555,-0.021688022,0.026874853,-1.4773595e-05,25.73412,25.864445,2,24,1,0.9985347,1
11,3,1,1,0,295.28943,-491.5737,324.5608,0.018001031,-0.030602261,-0.014182485,37.800297,37.965557,2,25,1,0.99340457,1
11,38,1,1,0,300.2136,61.765205,177.50446,-0.01159261,-0.0042504147,0.0072153183,14.594839,14.475,2,26,1,0.9737647,1
11,15,1,1,0,302.8168,-23.666576,389.8378,0.0040146504,0.014893671,-0.001943923,16.247002,16.130833,2,27,1,0.9931114,1
11,1,1,0,0,-314.32605,480.289,109.29047,0.008650841,0.0011371284,-0.023208834,4.7921944,4.7683334,2,-1,0,0.9721165,1
11,18,1,0,0,325.86047,581.8661,165.84785,-0.024178196,-0.055409804,0.04594927,2.940389,2.9033334,2,-1,0,0.87076086,1
11,18,1,0,0,325.86047,581.8661,165.84785,-0.024178196,-0.055409804,0.04594927,16.645159,16.721666,2,-1,0,0.99900913,1
11,1,1,1,0,-314.32605,480.289,109.29047,0.008650841,0.0011371284,-0.023208834,12.543188,12.424167,2,28,1,0.9740511,1
11,1,1,0,0,-314.32605,480.289,109.29047,0.008650841,0.0011371284,-0.023208834,3.559972,3.498889,2,-1,0,0.9453084,1
11,23,1,1,0,317.21353,227.15894,313.31436,0.01903025,0.00076931645,0.0055990475,15.9828205,15.471666,2,29,1,0.9911124,1
11,18,1,1,0,325.86047,581.8661,165.84785,-0.024178196,-0.055409804,0.04594927,45.039715,45.390278,2,30,1,0.97197807,1
11,14,1,1,0,332.89386,590.65533,123.318855,0.036520667,-0.005400775,0.001000043,25.218624,17.190834,2,31,1,0.98276246,1
11,40,1,1,0,342.55368,279.5909,6.4920697,0.012012621,0.0026122255,0.024229348,14.728958,14.632778,2,32,1,0.99616027,1
11,29,1,1,0,-361.31226,-20.38754,332.2176,0.02555654,0.0027041992,-0.0038066779,23.540995,20.861666,2,33,1,0.9908173,1
11,40,1,0,0,342.55368,279.5909,6.4920697,0.012012621,0.0026122255,0.024229348,5.551604,5.586389,2,-1,0,0.9569229,1
11,32,1,1,0,355.6209,-295.33533,406.2331,0.006213958,-0.0060578934,0.006711647,9.698007,9.597222,2,34,1,0.9900731,1
11,14,1,0,0,332.89386,590.65533,123.318855,0.036520667,-0.005400775,0.001000043,5.9954166,5.8216667,2,-1,0,0.9871021,1
11,15,0,0,0,0.0,0.0,0.0,0.0,0.0,0.0,3.0114722,2.9469445,2,-1,0,0.6929221,1
12,17,1,1,0,7.0543313,-506.5332,391.86206,-0.007491734,0.0032809002,-0.017127713,17.098131,16.853056,2,0,1,0.9980956,1
12,26,1,0,0,-16.83731,-442.88382,365.49478,0.02757456,0.001719215,0.017754618,8.757576,8.796111,2,-1,0,0.9951303,1
12,25,1,1,0,-11.481636,352.79733,363.2798,0.023114458,0.0020860606,-0.008083903,28.084227,25.952223,2,1,1,0.99989045,1
12,26,1,1,0,-16.83731,-442.88382,365.49478,0.02757456,0.001719215,0.017754618,19.032736,18.867777,2,2,1,0.9919538,1
12,1,0,0,0,-29.646269,-563.3855,71.96292,0.041542605,0.02349385,-0.004966661,3.463979,3.2358334,2,-1,0,0.8034837,1
12,33,1,1,0,12.767716,-367.75165,40.639122,-0.0036455258,0.026308388,-0.02480371,33.350777,32.90361,2,3,1,0.97423106,1
12,33,1,0,0,12.767716,-367.75165,40.639122,-0.0036455258,0.026308388,-0.02480371,3.8055,3.9177778,2,-1,0,0.9605806,1
12,33,1,0,0,12.767716,-367.75165,40.639122,-0.0036455258,0.026308388,-0.02480371,5.1567645,4.9147224,2,-1,0,0.97872263,1
12,26,1,0,0,-16.83731,-442.88382,365.49478,0.02757456,0.001719215,0.017754618,6.305632,6.255,2,-1,0,0.9842584,1
12,1,1,1,0,-29.646269,-563.3855,71.96292,0.041542605,0.02349385,-0.004966661,41.062588,41.435833,2,4,1,0.9999999,1
12,30,1,1,0,24.949055,-199.52043,26.09236,0.009480753,0.022832118,-0.012510184,34.106182,34.511944,2,5,1,0.9999765,1
12,12,1,1,0,26.666733,83.03041,369.92883,-0.0032554464,-0.0017893773,0.023813713,29.982405,29.789444,2,6,1,0.9990528,1
12,1,1,0,0,-29.646269,-563.3855,71.96292,0.041542605,0.02349385,-0.004966661,12.492917,12.425,2,-1,0,0.9611863,1
12,25,1,0,0,-11.481636,352.79733,363.2798,0.023114458,0.0020860606,-0.008083903,3.8938751,3.9583333,2,-1,0,0.9406976,1
12,35,1,1,0,-42.48422,-404.66196,73.93486,0.011642837,-0.016907467,-0.00328756,26.482334,25.857222,2,7,1,0.9974847,1
12,18,1,1,0,-42.634357,-587.24146,230.64288,0.007441343,-0.0062111267,-0.017455768,16.317959,16.626944,2,8,1,0.99949384,1
12,18,1,0,0,-42.634357,-587.24146,230.64288,0.007441343,-0.0062111267,-0.017455768,5.789625,5.8416667,2,-1,0,0.98135066,1
12,26,1,0,0,-16.83731,-442.88382,365.49478,0.02757456,0.001719215,0.017754618,2.9972084,2.9113889,2,-1,0,0.6057994,1
12,6,1,1,0,-47.397808,365.71182,241.8377,-0.0028373,-0.010992163,0.024561131,19.08989,19.012777,2,9,1,0.9887705,1
12,36,1,1,0,-51.287872,-251.34198,334.58536,0.020574212,-0.0013837437,0.0023337884,21.759682,21.834444,2,10,1,0.9993943,1
12,6,1,0,0,-47.397808,365.71182,241.8377,-0.0028373,-0.010992163,0.024561131,9.825764,8.760555,2,-1,0,0.9935163,1
12,4,1,0,0,-53.38837,-200.58444,272.73276,-0.002779472,-0.0013590062,-0.009359777,4.9430904,5.0008335,2,-1,0,0.9710217,1
12,4,1,1,0,-53.38837,-200.58444,272.73276,-0.002779472,-0.0013590062,-0.009359777,6.0537987,6.0713887,2,11,1,0.9983889,1
12,29,0,0,0,0.0,0.0,0.0,0.0,0.0,0.0,3.419125,3.3408334,2,-1,0,0.8756261,1
12,13,1,1,0,67.79844,-561.83295,349.10205,-0.0020572417,-0.017808009,0.00788549,21.075756,21.244722,2,12,1,0.99398875,1
12,37,1,0,0,-88.37444,-267.35828,131.05208,0.027758282,-0.0016562672,0.0051268907,9.784265,9.835834,2,-1,0,0.9867725,1
12,37,1,1,0,-88.37444,-267.35828,131.05208,0.027758282,-0.0016562672,0.0051268907,11.589833,11.531667,2,13,1,0.98366565,1
12,11,1,1,0,-84.338905,-147.14198,408.16406,-0.001832685,0.00069627684,-0.011592666,12.943514,10.057777,2,14,1,0.9953892,1
12,37,1,0,0,-88.37444,-267.35828,131.05208,0.027758282,-0.0016562672,0.0051268907,9.544236,9.656111,2,-1,0,0.95084023,1
12,3,1,0,0,151.81241,24.089222,304.85403,-0.020157307,-0.008436718,0.021216953,8.929396,8.939167,2,-1,0,0.97548974,1
12,27,1,1,0,98.93407,94.09996,171.36153,0.012221979,0.015322785,-0.015378872,26.002848,26.011944,2,15,1,0.9991918,1
12,16,1,1,0,108.76654,587.20575,202.45433,-0.011590801,0.00078967196,0.00891398,13.275014,13.4625,2,16,1,0.9999914,1
12,32,1,0,0,104.97241,-185.48416,315.48666,0.021601144,0.003336946,-0.00019831545,3.6379862,3.696389,2,-1,0,0.9572611,1
12,32,1,1,0,104.97241,-185.48416,315.48666,0.021601144,0.003336946,-0.00019831545,24.009375,22.19,2,17,1,0.9825316,1
12,19,1,0,0,118.843445,482.07462,330.4995,0.002708391,-0.020621253,-0.020614753,6.24159,6.3308334,2,-1,0,0.9830421,1
12,22,1,1,0,-112.30754,-563.8008,15.036131,0.006012805,-0.0018902093,0.003468452,8.474647,8.388889,2,18,1,0.9886746,1
12,19,1,1,0,118.843445,482.07462,330.4995,0.002708391,-0.020621253,-0.020614753,11.930256,11.893333,2,19,1,0.99288297,1
12,19,1,0,0,118.843445,482.07462,330.4995,0.002708391,-0.020621253,-0.020614753,10.56325,10.358334,2,-1,0,0.99756587,1
12,19,1,0,0,118.843445,482.07462,330.4995,0.002708391,-0.020621253,-0.020614753,5.149528,5.113611,2,-1,0,0.97441846,1
12,3,1,1,0,151.81241,24.089222,304.85403,-0.020157307,-0.008436718,0.021216953,11.448271,11.348056,2,20,1,0.99834716,1
12,29,1,1,0,-148.56358,209.38313,57.281025,0.009478351,-0.00036821965,0.015789831,21.418554,19.711666,2,21,1,0.9838335,1
12,3,1,0,0,151.81241,24.089222,304.85403,-0.020157307,-0.008436718,0.021216953,9.99616,9.979722,2,-1,0,0.945084,1
12,34,1,1,0,168.87498,482.31882,345.8309,-0.001017332,-0.003897527,0.0059763924,7.581834,7.726111,2,22,1,0.99599767,1
12,14,1,1,0,-200.90837,321.0938,276.99826,0.013595865,-0.013180206,0.009279575,22.238646,22.59111,2,23,1,0.9932874,1
12,7,1,1,0,-201.96013,18.376907,258.67355,0.0065252315,0.00042505388,0.026411751,15.374222,15.3961115,2,-1,1,0.9847217,1
12,7,1,0,0,-201.96013,18.376907,258.67355,0.0065252315,0.00042505388,0.026411751,4.1908545,4.323889,2,-1,0,0.96091276,1
12,7,1,0,0,-201.96013,18.376907,258.67355,0.0065252315,0.00042505388,0.026411751,5.279465,5.227778,2,-1,0,0.9773996,1
12,2,1,1,0,-201.86234,-511.59814,444.61777,-0.0007584972,-0.0017465487,-0.0007083444,4.7773266,4.974167,2,24,1,0.9615328,1
12,5,1,0,0,215.58353,-81.30823,83.20296,-0.00322882,0.0015962262,-0.01689859,2.8941805,2.8733332,2,-1,0,0.5230866,1
12,5,1,1,0,215.58353,-81.30823,83.20296,-0.00322882,0.0015962262,-0.01689859,12.390076,12.438611,2,25,1,0.9838208,1
12,5,1,0,0,215.58353,-81.30823,83.20296,-0.00322882,0.0015962262,-0.01689859,3.652965,3.6322222,2,-1,0,0.9791637,1
12,40,1,1,0,215.87926,-445.3538,2.1308548,0.007515542,-0.00014301586,-0.009676211,5.712694,5.6441665,2,26,1,0.95273036,1
12,7,1,0,0,-201.96013,18.376907,258.67355,0.0065252315,0.00042505388,0.026411751,5.2516947,5.123611,2,-1,0,0.9788423,1
12,39,1,1,0,-223.62247,-550.06635,408.7724,-0.007566309,0.0013212779,-0.0018483627,8.040978,8.0633335,2,27,1,0.99161094,1
12,28,1,0,0,234.54655,-315.86612,387.07825,0.0024244746,0.020858802,0.0015371445,3.0900972,3.0397222,2,-1,0,0.8361797,1
12,28,1,1,0,234.54655,-315.86612,387.07825,0.0024244746,0.020858802,0.0015371445,15.723208,15.421945,2,28,1,0.9897138,1
12,40,1,0,0,215.87926,-445.3538,2.1308548,0.007515542,-0.00014301586,-0.009676211,4.1549582,4.2733335,2,-1,0,0.96820396,1
12,8,1,1,0,-236.01703,341.15857,316.90576,-0.01272816,-0.018416867,0.009517044,19.661467,19.483334,2,29,1,0.98843247,1
12,24,1,0,0,-301.7087,418.2732,381.87988,0.029604096,0.0020209206,0.00018177874,4.237278,4.1655555,2,-1,0,0.93372315,1
12,8,1,0,0,-236.01703,341.15857,316.90576,-0.01272816,-0.018416867,0.009517044,3.231896,3.268889,2,-1,0,0.901668,1
12,10,1,1,0,-273.31757,-502.62085,357.1569,0.0010436666,0.0037530218,-0.007946726,8.445666,8.518333,2,30,1,0.9876496,1
12,23,1,1,0,288.78387,322.4016,82.69679,-0.0074370275,-0.012373035,-0.012083164,10.488389,10.473056,2,31,1,0.98476124,1
12,38,1,1,0,-289.1199,438.4686,347.5295,0.006623099,0.0069206217,-0.007924386,7.553708,6.9297223,2,32,1,0.99996567,1
12,24,1,0,0,-301.7087,418.2732,381.87988,0.029604096,0.0020209206,0.00018177874,9.628173,9.505555,2,-1,0,0.9356086,1
12,23,1,0,0,288.78387,322.4016,82.69679,-0.0074370275,-0.012373035,-0.012083164,2.8023124,2.8763888,2,-1,0,0.6814342,1
12,24,1,1,0,-301.7087,418.2732,381.87988,0.029604096,0.0020209206,0.00018177874,14.032096,13.936389,2,33,1,0.9997881,1
12,31,0,0,0,0.0,0.0,0.0,0.0,0.0,0.0,5.1320834,-1.0,2,-1,0,0.96272266,1
12,15,1,1,0,310.58762,-513.5898,33.40675,-0.011018816,-0.0049962625,0.0051210164,10.695826,10.725555,2,34,1,0.9651771,1
12,21,1,1,0,-319.41385,-410.41412,174.32797,-0.0035353538,-0.006614428,0.0032229996,7.953,7.977778,2,35,1,0.98498386,1
12,9,1,1,0,328.94284,-20.107878,93.85179,-0.007190055,0.006642292,-0.02333565,10.149972,10.220278,2,36,1,0.97001237,1
12,9,1,0,0,328.94284,-20.107878,93.85179,-0.007190055,0.006642292,-0.02333565,8.739056,8.951944,2,-1,0,0.9986355,1
12,20,1,1,0,-346.9807,188.0865,371.81348,-0.016181154,-0.0039023045,-0.018764744,13.599604,7.863611,2,37,1,0.98749614,1
12,20,1,0,0,-346.9807,188.0865,371.81348,-0.016181154,-0.0039023045,-0.018764744,8.853986,8.785833,2,-1,0,0.9741523,1
13,22,1,1,0,-3.956984,363.90262,164.37251,0.026158951,0.04715965,-0.0249152,2.9940624,3.0077777,2,0,1,0.90856946,1
13,39,1,1,0,-32.874256,344.64478,78.06851,0.021141695,0.0014714197,0.00062485185,23.221485,23.645277,2,1,1,0.99986374,1
13,14,1,1,0,-30.601421,423.36502,191.70856,-0.0014136276,0.013397515,-0.006759875,17.648687,12.755834,2,2,1,0.99297744,1
13,13,1,1,0,-38.515003,-56.355896,246.52675,0.010630227,0.010860441,0.023441281,26.925102,26.740833,2,3,1,0.99931586,1
13,11,1,1,0,41.071934,-558.4223,56.274376,-0.019722702,-0.02427471,0.014018155,34.76085,34.740276,2,4,1,0.99102026,1
13,4,1,1,0,-44.483543,290.4329,241.66574,0.0043037403,0.0023073694,-0.016346512,17.160896,15.129444,2,5,1,0.9878522,1
13,19,1,0,0,61.186882,505.9782,192.85081,-0.0012376606,0.019947434,-0.016008345,5.343257,5.470556,2,-1,0,0.97835207,1
13,19,1,1,0,61.186882,505.9782,192.85081,-0.0012376606,0.019947434,-0.016008345,25.393276,6.9266667,2,6,1,0.99919194,1
13,34,1,1,0,70.10414,-101.6265,113.383736,-0.016981209,0.0096235415,-0.003315072,22.052042,22.086666,2,7,1,0.9987538,1
13,30,1,0,0,67.82229,-592.2017,448.50067,-0.0016987871,0.024647666,0.01838199,8.559548,8.486111,2,-1,0,0.98265034,1
13,30,1,1,0,67.82229,-592.2017,448.50067,-0.0016987871,0.024647666,0.01838199,26.200367,26.040277,2,8,1,0.99321073,1
13,8,1,0,0,-94.22223,-217.92447,432.94614,-0.0010289499,0.010549612,-0.039435506,3.799986,3.6580555,2,-1,0,0.9136722,1
13,40,1,1,0,75.42164,366.79544,184.05905,-0.016120931,-0.008598992,0.010391283,25.542652,21.419445,2,9,1,0.9993962,1
13,2,1,1,0,-81.91996,289.71228,402.31754,0.007703461,-0.007190813,-0.004915663,12.395423,12.466666,2,10,1,0.9927119,1
13,8,1,0,0,-94.22223,-217.92447,432.94614,-0.0010289499,0.010549612,-0.039435506,11.927923,12.004167,2,-1,0,0.9878269,1
13,8,1,0,0,-94.22223,-217.92447,432.94614,-0.0010289499,0.010549612,-0.039435506,10.8786745,10.795555,2,-1,0,0.99597794,1
13,8,1,0,0,-94.22223,-217.92447,432.94614,-0.0010289499,0.010549612,-0.039435506,3.134396,3.0486112,2,-1,0,0.9030892,1
13,38,0,0,0,0.0,0.0,0.0,0.0,0.0,0.0,9.951646,-1.0,2,-1,0,0.98967475,1
13,8,1,0,0,-94.22223,-217.92447,432.94614,-0.0010289499,0.010549612,-0.039435506,3.9179308,3.905,2,-1,0,0.9277805,1
13,38,0,0,0,0.0,0.0,0.0,0.0,0.0,0.0,5.828062,0.30944446,2,-1,0,0.99377865,1
13,8,1,1,0,-94.22223,-217.92447,432.94614,-0.0010289499,0.010549612,-0.039435506,12.4609375,12.369722,2,11,1,0.9916796,1
13,21,1,1,0,-122.25126,195.58061,256.85562,0.00898911,0.0021917138,0.010417699,16.092417,16.225834,2,12,1,0.9820066,1
13,29,1,1,0,122.40864,-402.4505,73.129265,-0.006701282,-0.00033352335,0.017722605,19.048706,19.123056,2,13,1,0.97387075,1
13,3,1,1,0,136.01265,-73.94366,183.15776,0.0068562813,-0.0053425613,-0.0012982963,4.245625,4.2325,2,15,1,0.9769255,1
13,20,1,1,0,-156.47794,367.1957,247.9498,0.002673988,0.006103052,0.0069882446,9.534972,9.455277,2,16,1,0.988576,1
13,24,1,0,0,159.62698,-404.45493,279.8239,9.817407e-05,-0.010557863,-0.0023996264,3.5804026,3.65,2,-1,0,0.8616301,1
13,24,1,1,0,159.62698,-404.45493,279.8239,9.817407e-05,-0.010557863,-0.0023996264,8.67491,8.622778,2,17,1,0.966378,1
13,31,1,1,0,173.00052,441.96692,251.2394,0.0038023107,8.3056555e-05,-0.011906225,9.386507,7.0841665,2,18,1,0.97103643,1
13,31,1,0,0,173.00052,441.96692,251.2394,0.0038023107,8.3056555e-05,-0.011906225,4.542847,4.5938888,2,-1,0,0.9761327,1
13,37,1,1,0,-182.71262,565.21826,122.12101,0.005862928,0.004125276,-0.0029533135,9.016938,8.916111,2,19,1,0.9867692,1
13,15,1,1,0,-187.75096,301.73254,423.75653,-0.0029354303,-0.004268351,-0.013182197,14.593646,12.802222,2,20,1,0.99349266,1
13,28,1,0,0,254.57083,245.84494,273.7381,-0.035315286,-0.015884552,0.016709339,11.884492,11.843056,2,-1,0,0.9873346,1
13,5,1,1,0,-202.2415,556.6179,142.99438,-0.011314685,-0.012567522,-0.014289399,21.727964,19.293612,2,21,1,0.945112,1
13,7,1,0,0,-222.95952,217.94463,374.89935,0.0029213722,-0.016683962,0.014696048,4.2144027,4.111111,2,-1,0,0.980172,1
13,25,1,1,0,214.75868,543.4046,253.09883,0.0074756457,-0.008624671,0.013478515,18.073153,16.860277,2,22,1,0.9992613,1
13,7,1,0,0,-222.95952,217.94463,374.89935,0.0029213722,-0.016683962,0.014696048,9.596528,9.631111,2,-1,0,0.983266,1
13,7,1,1,0,-222.95952,217.94463,374.89935,0.0029213722,-0.016683962,0.014696048,14.381027,14.391945,2,23,1,0.97488177,1
13,33,1,1,0,237.37901,513.6637,301.24466,-0.013560051,-0.014481739,-0.009029684,17.027187,16.938334,2,24,1,0.93408173,1
13,35,1,0,0,-299.40317,-187.94576,363.15808,0.011683151,-0.0011974918,0.0030488295,4.644806,4.5680556,2,-1,0,0.9777024,1
13,28,1,1,0,254.57083,245.84494,273.7381,-0.035315286,-0.015884552,0.016709339,16.18023,16.058056,2,25,1,0.9854569,1
13,28,1,0,0,254.57083,245.84494,273.7381,-0.035315286,-0.015884552,0.016709339,13.84941,13.815,2,-1,0,0.9972481,1
13,9,1,0,0,-262.44186,-307.14883,422.68924,-0.0052408376,-0.01950198,0.002099992,5.8375764,3.935,2,-1,0,0.9907409,1
13,10,1,0,0,280.67883,538.9796,206.34306,-0.017197415,0.0037944694,-0.019524703,8.687167,8.6675,2,-1,0,0.97639364,1
13,9,1,1,0,-262.44186,-307.14883,422.68924,-0.0052408376,-0.01950198,0.002099992,11.756646,11.689167,2,26,1,0.9712078,1
13,10,1,1,0,280.67883,538.9796,206.34306,-0.017197415,0.0037944694,-0.019524703,11.001528,11.053333,2,27,1,0.98493963,1
13,10,1,0,0,280.67883,538.9796,206.34306,-0.017197415,0.0037944694,-0.019524703,6.6942086,6.74,2,-1,0,0.9866093,1
13,16,1,0,0,-282.98206,-529.9588,57.86929,-0.026727954,-0.00901414,0.0017291071,8.278577,8.153334,2,-1,0,0.95494086,1
13,16,1,0,0,-282.98206,-529.9588,57.86929,-0.026727954,-0.00901414,0.0017291071,3.6837847,3.754722,2,-1,0,0.9514451,1
13,16,1,0,0,-282.98206,-529.9588,57.86929,-0.026727954,-0.00901414,0.0017291071,4.179021,4.125,2,-1,0,0.9651483,1
13,16,1,1,0,-282.98206,-529.9588,57.86929,-0.026727954,-0.00901414,0.0017291071,9.159896,9.176945,2,28,1,0.9882088,1
13,32,1,1,0,290.8658,111.859726,56.789753,0.0008111405,-0.009102535,-0.030341595,19.014418,19.124166,2,29,1,0.9611737,1
13,32,1,0,0,290.8658,111.859726,56.789753,0.0008111405,-0.009102535,-0.030341595,10.382071,10.393611,2,-1,0,0.9142352,1
13,35,1,1,0,-299.40317,-187.94576,363.15808,0.011683151,-0.0011974918,0.0030488295,6.553444,6.547222,2,-1,1,0.9710578,1
13,27,1,1,0,-299.41766,-244.1798,75.35256,-0.0015395806,-0.00064634753,0.0046757874,4.491486,3.281111,2,30,1,0.96783465,1
13,12,1,1,0,302.07465,-384.75357,102.828896,0.012365574,-0.009915694,0.00022664103,8.366917,8.369722,2,31,1,0.98491067,1
13,12,1,0,0,302.07465,-384.75357,102.828896,0.012365574,-0.009915694,0.00022664103,6.137854,6.151111,2,-1,0,0.98570365,1
13,35,1,0,0,-299.40317,-187.94576,363.15808,0.011683151,-0.0011974918,0.0030488295,2.8321667,2.775,2,-1,0,0.74928945,1
13,12,1,0,0,302.07465,-384.75357,102.828896,0.012365574,-0.009915694,0.00022664103,5.2002363,5.308611,2,-1,0,0.97084796,1
13,17,1,1,0,-312.40158,34.744934,290.394,-0.009485731,0.00714783,0.0023095333,10.916438,11.082222,2,32,1,0.98095554,1
13,17,1,0,0,-312.40158,34.744934,290.394,-0.009485731,0.00714783,0.0023095333,3.3744307,3.3644445,2,-1,0,0.91039807,1
13,26,1,0,0,320.0777,-423.1404,406.42404,-0.002187282,-0.022521833,-0.005554424,4.6112776,4.6380553,2,-1,0,0.9544332,1
13,36,1,0,0,343.54443,-249.45464,278.77472,-0.00026306557,0.015059065,0.010174832,4.1118054,4.1738887,2,-1,0,0.9773253,1
13,26,1,1,0,320.0777,-423.1404,406.42404,-0.002187282,-0.022521833,-0.005554424,16.836327,16.87861,2,33,1,0.9840851,1
13,36,1,0,0,343.54443,-249.45464,278.77472,-0.00026306557,0.015059065,0.010174832,6.602625,6.6566668,2,-1,0,0.9694471,1
13,1,1,0,0,-330.7587,-247.12611,300.59134,-0.0017679486,0.025214946,0.023826364,6.182555,6.042778,2,-1,0,0.9958301,1
13,18,1,0,0,-338.25867,261.03436,141.64917,0.01368993,-0.026236424,-0.00529268,10.996812,11.046667,2,-1,0,0.9932955,1
13,1,1,1,0,-330.7587,-247.12611,300.59134,-0.0017679486,0.025214946,0.023826364,21.28523,19.475555,2,34,1,0.9928396,1
13,1,1,0,0,-330.7587,-247.12611,300.59134,-0.0017679486,0.025214946,0.023826364,2.9534514,2.9738889,2,-1,0,0.8757019,1
13,18,1,1,0,-338.25867,261.03436,141.64917,0.01368993,-0.026236424,-0.00529268,23.821325,23.9325,2,35,1,0.8314079,1
13,1,1,0,0,-330.7587,-247.12611,300.59134,-0.0017679486,0.025214946,0.023826364,3.1294098,3.1255555,2,-1,0,0.9283525,1
13,36,1,1,0,343.54443,-249.45464,278.77472,-0.00026306557,0.015059065,0.010174832,10.510813,10.606112,2,36,1,0.98947805,1
14,34,1,1,0,14.813014,-485.35748,296.84012,-0.0026579236,-0.009192899,-0.000757298,12.48668,10.797778,2,0,1,0.9875458,1
14,2,1,1,0,33.32231,278.42105,98.21474,-0.022362279,0.010824372,-0.0059218444,16.853306,16.969723,2,1,1,0.9906997,1
14,25,1,1,0,-27.521887,252.71754,159.46289,-0.01185818,-0.0046101594,-0.00024734295,8.994792,6.8069444,2,2,1,0.9850935,1
14,2,1,0,0,33.32231,278.42105,98.21474,-0.022362279,0.010824372,-0.0059218444,13.430625,13.515555,2,-1,0,0.9972064,1
14,24,1,1,0,-35.15674,-30.33552,358.28653,0.005009021,-0.0058249896,-0.014913252,18.126478,18.256666,2,3,1,0.9598817,1
14,38,1,1,0,39.311367,522.8665,80.00595,-0.019299073,0.010046556,-0.014428761,27.519007,27.327778,2,4,1,0.97006345,1
14,33,0,0,0,0.0,0.0,0.0,0.0,0.0,0.0,3.5657222,3.5533333,2,-1,0,0.89734393,1
14,33,1,1,0,-53.719646,-146.47932,251.01079,0.0062471502,0.012910141,-0.003961427,8.068153,8.252778,2,5,1,0.9929249,1
14,33,1,0,0,-53.719646,-146.47932,251.01079,0.0062471502,0.012910141,-0.003961427,4.732243,3.5669444,2,-1,0,0.9394149,1
14,6,1,1,0,-70.88224,464.3932,346.3926,-0.019343758,-0.019213988,0.014951414,35.310154,33.175556,2,-1,1,0.8852191,1
14,37,1,1,0,-73.27905,-318.11346,36.633316,0.017855471,0.006453101,-0.009070034,17.535673,17.30139,2,6,1,0.99482924,1
14,26,1,1,0,76.353714,379.6025,36.982826,0.0018285831,0.026940165,-0.017633488,35.97953,36.064445,2,7,1,0.9927604,1
14,19,1,1,0,75.34263,395.1723,220.60405,0.02624221,-0.02651371,0.010188533,30.684763,30.620556,2,8,1,0.97674143,1
14,14,1,1,0,-76.75394,-293.95105,128.37675,-0.016257813,-0.017692529,0.015199831,30.503984,29.791111,2,9,1,0.9954496,1
14,19,1,0,0,75.34263,395.1723,220.60405,0.02624221,-0.02651371,0.010188533,4.65559,4.7294445,2,-1,0,0.95657325,1
14,35,1,1,0,91.64943,580.6347,34.51715,0.020305298,-0.021005305,-0.00057547947,26.229513,26.286388,2,10,1,0.9724424,1
14,19,1,0,0,75.34263,395.1723,220.60405,0.02624221,-0.02651371,0.010188533,5.015903,5.0025,2,-1,0,0.9518901,1
14,35,1,0,0,91.64943,580.6347,34.51715,0.020305298,-0.021005305,-0.00057547947,4.4591737,4.595278,2,-1,0,0.97824824,1
14,28,1,1,0,-109.49662,551.0935,255.00775,-0.018692542,0.0010150304,0.012328538,21.54333,21.696667,2,11,1,0.99630284,1
14,22,1,1,0,-114.24714,166.29343,198.85155,-0.010279031,-0.021050774,0.0038278801,14.856167,14.703333,2,12,1,0.9905199,1
14,22,1,0,0,-114.24714,166.29343,198.85155,-0.010279031,-0.021050774,0.0038278801,8.198598,7.9463887,2,-1,0,0.98601043,1
14,36,1,1,0,140.72931,213.47025,364.93307,-0.0070484793,0.012005976,0.008871052,16.704237,17.049444,2,13,1,0.996734,1
14,31,1,1,0,-143.93924,-414.85397,333.7298,-0.0069138496,0.005995615,0.0018568544,9.910202,9.738611,2,14,1,0.9418299,1
14,36,1,0,0,140.72931,213.47025,364.93307,-0.0070484793,0.012005976,0.008871052,3.9112847,3.971111,2,-1,0,0.9809441,1
14,5,1,1,0,-159.57782,47.408543,279.30142,-0.012466554,0.01617796,-0.022169804,33.454258,33.13389,2,15,1,0.996209,1
14,18,1,0,0,-208.26302,515.02344,53.937767,0.0065054256,-0.0021761341,-0.003045287,3.6435416,3.6041667,2,-1,0,0.9518719,1
14,40,1,0,0,-172.40242,354.51846,277.52563,0.0037665055,-0.012803229,-0.019660138,11.005543,11.191667,2,-1,0,0.97765404,1
14,40,1,1,0,-172.40242,354.51846,277.52563,0.0037665055,-0.012803229,-0.019660138,12.458112,12.428056,2,16,1,0.99333066,1
14,1,1,1,0,-183.57094,530.57416,301.66534,-0.017520038,-0.012546047,-0.011646333,20.135834,19.951666,2,17,1,0.9677967,1
14,18,1,1,0,-208.26302,515.02344,53.937767,0.0065054256,-0.0021761341,-0.003045287,7.308743,7.5730557,2,18,1,0.98345023,1
14,27,1,1,0,-215.61388,357.4434,293.69534,-0.012048212,-0.0011084959,0.00732022,14.199659,14.164166,2,19,1,0.9978642,1
14,1,1,0,0,-183.57094,530.57416,301.66534,-0.017520038,-0.012546047,-0.011646333,6.4861035,6.678889,2,-1,0,0.9823659,1
14,10,1,0,0,286.27136,432.89886,372.82672,0.01619414,-0.0036601473,-0.017388672,4.357611,4.359722,2,-1,0,0.9489084,1
14,13,1,1,0,250.02257,404.2976,153.98262,0.0118333055,0.010737614,0.005296821,10.039952,9.284166,2,20,1,0.9841978,1
14,13,1,0,0,250.02257,404.2976,153.98262,0.0118333055,0.010737614,0.005296821,7.9420137,7.8430557,2,-1,0,0.97561103,1
14,8,1,1,0,-257.58698,147.2296,367.5393,0.013962721,-0.02439407,0.013015734,24.985634,24.731112,2,21,1,0.99020535,1
14,30,1,1,0,-256.85437,240.98436,251.18907,-0.007172328,-0.003431624,-0.004470729,8.29223,8.110556,2,22,1,0.99325514,1
14,3,1,1,0,257.80396,558.84265,1.2646916,-0.009740245,0.005369147,-0.0067707608,4.0020137,3.9602778,2,23,1,0.9820263,1
14,23,1,1,0,-264.6025,325.5248,50.67112,0.012172182,0.003262435,0.008610305,12.30866,12.231667,2,24,1,0.9876282,1
14,9,1,0,0,-283.17444,51.074894,266.85364,0.008895734,-0.010696155,-0.01741322,3.6991107,3.6775,2,-1,0,0.93707633,1
14,16,1,1,0,273.47168,-101.60194,368.10416,0.018583644,0.017806854,-0.016619043,29.51999,28.396944,2,25,1,0.99997056,1
14,9,1,0,0,-283.17444,51.074894,266.85364,0.008895734,-0.010696155,-0.01741322,4.498236,4.4591665,2,-1,0,0.946445,1
14,9,1,1,0,-283.17444,51.074894,266.85364,0.008895734,-0.010696155,-0.01741322,10.448952,10.519722,2,26,1,0.9894761,1
14,21,0,0,0,0.0,0.0,0.0,0.0,0.0,0.0,4.94691,-1.0,2,-1,0,0.9815475,1
14,10,1,1,0,286.27136,432.89886,372.82672,0.01619414,-0.0036601473,-0.017388672,13.871181,13.739166,2,27,1,0.93321574,1
14,21,0,0,0,0.0,0.0,0.0,0.0,0.0,0.0,10.266389,-1.0,2,-1,0,0.97883576,1
14,29,1,0,0,-296.82364,561.6893,441.32227,0.012683596,0.014176786,-0.01818212,10.305743,10.155278,2,-1,0,0.9935737,1
14,21,0,0,0,0.0,0.0,0.0,0.0,0.0,0.0,8.770909,-1.0,2,-1,0,0.9480881,1
14,29,1,1,0,-296.82364,561.6893,441.32227,0.012683596,0.014176786,-0.01818212,12.84598,12.936389,2,28,1,0.9861056,1
14,10,1,0,0,286.27136,432.89886,372.82672,0.01619414,-0.0036601473,-0.017388672,4.5995693,4.5225,2,-1,0,0.9620466,1
14,39,1,1,0,289.66452,-594.7871,170.5714,0.016272347,-0.018370224,0.011943088,5.1626253,5.256111,2,29,1,0.9890141,1
14,21,0,0,0,0.0,0.0,0.0,0.0,0.0,0.0,5.2767916,-1.0,2,-1,0,0.993554,1
14,11,1,1,0,-313.85593,58.90006,248.34322,-0.019629896,-0.018580932,-0.013490803,16.830215,13.620833,2,30,1,0.983017,1
14,11,1,0,0,-313.85593,58.90006,248.34322,-0.019629896,-0.018580932,-0.013490803,5.8895626,4.6927776,2,-1,0,0.9867855,1
14,20,1,1,0,322.60272,472.72617,39.18184,0.010806162,-0.00023003445,-0.005293022,10.727111,9.278055,2,31,1,0.9863027,1
14,12,1,1,0,-329.77625,70.95814,457.25858,-0.0010560326,0.01024518,-0.008878491,11.965944,12.218056,2,32,1,0.99119556,1
14,32,1,1,0,333.08627,496.82785,308.61053,0.03078407,0.009780262,-0.018238753,26.784735,32.946667,2,33,1,0.9998173,1
14,15,1,1,0,344.0767,526.1204,347.11273,-0.012975309,-0.003778267,0.005189652,13.563403,13.672778,2,34,1,0.9716651,1
14,4,1,1,0,348.782,184.30168,261.34116,0.016184943,0.00058363,0.015111511,18.236444,17.952778,2,35,1,0.96789217,1
14,17,1,1,0,361.65155,-470.54758,314.94272,-0.020050148,-0.010438519,-0.009354189,22.245152,22.50639,2,36,1,0.97738695,1
14,17,0,0,0,0.0,0.0,0.0,0.0,0.0,0.0,2.9642153,2.866111,2,-1,0,0.61562437,1
15,18,1,1,0,19.15286,-395.0173,441.11734,0.0050560934,-0.01065466,-0.03231327,17.10263,16.928055,2,0,1,0.980485,1
15,18,1,0,0,19.15286,-395.0173,441.11734,0.0050560934,-0.01065466,-0.03231327,13.785277,13.584167,2,-1,0,0.98263633,1
15,8,1,1,0,-22.352673,-542.38715,151.24501,-0.014867262,-0.02765198,-0.010166703,27.38973,27.218056,2,1,1,0.9987024,1
15,8,1,0,0,-22.352673,-542.38715,151.24501,-0.014867262,-0.02765198,-0.010166703,4.30125,4.2975,2,-1,0,0.9750831,1
15,8,1,0,0,-22.352673,-542.38715,151.24501,-0.014867262,-0.02765198,-0.010166703,4.456306,4.5122223,2,-1,0,0.8541354,1
15,21,1,1,0,38.965557,205.57732,169.77803,-0.02844237,0.006863602,0.001255715,24.517853,24.466944,2,2,1,0.97453314,1
15,18,1,0,0,19.15286,-395.0173,441.11734,0.0050560934,-0.01065466,-0.03231327,10.178451,9.926389,2,-1,0,0.9961759,1
15,21,1,0,0,38.965557,205.57732,169.77803,-0.02844237,0.006863602,0.001255715,11.760403,10.966945,2,-1,0,0.99336326,1
15,10,1,0,0,-115.47276,577.6378,430.79846,0.041705154,0.009442831,-0.014129509,2.8272917,2.7697222,2,-1,0,0.5672788,1
15,6,0,0,0,0.0,0.0,0.0,0.0,0.0,0.0,3.2139513,3.0222223,2,-1,0,0.8114017,1
15,9,1,0,0,59.77474,252.44714,359.74603,-0.0011491752,0.012273114,0.011160705,3.6869445,3.3597221,2,-1,0,0.84157693,1
15,9,1,1,0,59.77474,252.44714,359.74603,-0.0011491752,0.012273114,0.011160705,16.555077,16.529167,2,3,1,0.99286264,1
15,1,1,1,0,84.95205,-76.64678,83.38835,0.006728592,-0.008978649,-0.0014962992,13.439972,11.5325,2,4,1,0.9934082,1
15,37,1,1,0,-103.12954,-523.7223,264.09238,-0.009661,-0.010991993,0.0016154121,8.968938,0.5083333,2,5,1,0.96282774,1
15,37,1,0,0,-103.12954,-523.7223,264.09238,-0.009661,-0.010991993,0.0016154121,7.9539375,7.976111,2,-1,0,0.99167866,1
15,10,1,1,0,-115.47276,577.6378,430.79846,0.041705154,0.009442831,-0.014129509,41.699364,45.656666,2,6,1,0.9987998,1
15,11,1,1,0,105.598366,577.1031,84.65009,0.009053346,-0.008254381,-0.009095763,12.2828,12.192778,2,7,1,0.99993217,1
15,22,1,1,0,-108.76659,-186.87845,289.7895,-0.007449511,0.003197529,-0.019091018,18.278397,18.399166,2,8,1,0.99761933,1
15,22,1,0,0,-108.76659,-186.87845,289.7895,-0.007449511,0.003197529,-0.019091018,4.3972635,4.2619443,2,-1,0,0.98887604,1
15,38,1,0,0,124.64399,-547.7575,362.4278,0.020314641,0.013123256,0.029528363,8.581687,7.283889,2,-1,0,0.98475665,1
15,36,1,1,0,136.01958,327.55566,191.48666,0.010958905,0.007983318,0.018829715,19.264544,18.94139,2,9,1,0.98348135,1
15,36,1,0,0,136.01958,327.55566,191.48666,0.010958905,0.007983318,0.018829715,12.9295,5.5230556,2,-1,0,0.9940783,1
15,38,1,1,0,124.64399,-547.7575,362.4278,0.020314641,0.013123256,0.029528363,27.493292,27.485277,2,10,1,0.9942965,1
15,20,1,1,0,155.43744,-312.24628,319.7869,-0.00032410835,0.014871136,-0.01178674,19.02405,17.916666,2,12,1,0.972385,1
15,20,1,0,0,155.43744,-312.24628,319.7869,-0.00032410835,0.014871136,-0.01178674,3.0493197,2.9980555,2,-1,0,0.5076998,1
15,25,1,1,0,156.13496,-565.6932,373.75653,0.0045843287,-0.0056665917,0.0025435898,13.909738,14.005555,2,13,1,0.986437,1
15,7,1,1,0,169.74876,143.19374,46.703075,0.0108807385,-0.02734494,-0.003064405,18.317474,18.467222,2,14,1,0.99863344,1
15,39,1,1,0,-174.26494,-365.47876,349.75613,0.001737751,-0.024402706,-0.008951002,25.75828,25.713055,2,15,1,0.99742836,1
15,23,1,1,0,173.80461,301.6704,97.44966,0.011341161,-0.014708091,-0.01697594,21.057014,21.101389,2,16,1,0.8995024,1
15,14,1,1,0,-174.58055,198.25937,460.57532,-0.007010026,-0.008325107,-0.003162876,9.793674,4.058611,2,17,1,0.9941156,1
15,19,1,1,0,-175.23228,374.27274,398.90503,-0.0037907679,0.018746033,0.025778381,30.458563,28.894444,2,18,1,0.99882084,1
15,24,1,1,0,-178.46149,470.4575,187.03625,0.005862917,-0.0046457816,-0.004484535,8.779749,4.5302777,2,19,1,0.9871777,1
15,27,1,0,0,187.42871,-494.2607,259.44324,-0.024796275,-0.01985047,0.014099727,5.7444305,5.666111,2,-1,0,0.9766326,1
15,34,1,1,0,179.55103,-256.6578,75.323074,-5.8165082e-05,0.0078359125,0.015012033,17.536673,17.790833,2,20,1,0.99335206,1
15,7,1,0,0,169.74876,143.19374,46.703075,0.0108807385,-0.02734494,-0.003064405,3.9921458,3.8202777,2,-1,0,0.9949404,1
15,27,1,0,0,187.42871,-494.2607,259.44324,-0.024796275,-0.01985047,0.014099727,10.702437,10.746388,2,-1,0,0.91078246,1
15,26,1,1,0,-182.71678,340.07983,439.0524,0.0058208955,0.0026983495,0.0018175556,7.226938,7.0475,2,21,1,0.96692467,1
15,27,1,1,0,187.42871,-494.2607,259.44324,-0.024796275,-0.01985047,0.014099727,16.184624,16.290556,2,22,1,0.88368094,1
15,26,1,0,0,-182.71678,340.07983,439.0524,0.0058208955,0.0026983495,0.0018175556,3.346882,3.44,2,-1,0,0.9322596,1
15,19,1,0,0,-175.23228,374.27274,398.90503,-0.0037907679,0.018746033,0.025778381,4.4235415,4.3097224,2,-1,0,0.9512742,1
15,23,1,0,0,173.80461,301.6704,97.44966,0.011341161,-0.014708091,-0.01697594,4.6376667,4.5616665,2,-1,0,0.9049558,1
15,40,1,0,0,-206.19543,-274.15332,300.71765,-0.008001675,0.019663816,0.028660329,3.4342291,3.3775,2,-1,0,0.93423647,1
15,40,1,0,0,-206.19543,-274.15332,300.71765,-0.008001675,0.019663816,0.028660329,11.1768265,11.126945,2,-1,0,0.9953204,1
15,40,1,1,0,-206.19543,-274.15332,300.71765,-0.008001675,0.019663816,0.028660329,22.335348,20.709444,2,23,1,0.99847287,1
15,35,1,1,0,219.56454,-64.08649,433.95435,-0.010213127,0.025060702,0.010640801,29.411076,29.415277,2,24,1,0.97746825,1
15,2,1,1,0,-226.97636,-439.6901,458.19974,0.013103649,-0.018405043,0.018573904,27.992075,28.2775,2,25,1,0.84114265,1
15,6,1,1,0,230.65012,367.33,76.67149,-0.009767765,-0.006602511,0.007284369,12.558563,11.398056,2,26,1,0.992126,1
15,40,1,0,0,-206.19543,-274.15332,300.71765,-0.008001675,0.019663816,0.028660329,3.0032845,2.9813888,2,-1,0,0.88697267,1
15,5,1,1,0,243.02034,-197.31885,40.34847,0.015085395,-0.019285643,-0.017099055,23.071028,22.667778,2,27,1,0.97943544,1
15,30,0,0,0,0.0,0.0,0.0,0.0,0.0,0.0,11.331257,-1.0,2,-1,0,0.96269155,1
15,30,0,0,0,0.0,0.0,0.0,0.0,0.0,0.0,5.13366,-1.0,2,-1,0,0.9818609,1
15,3,1,1,0,-265.69727,423.93924,48.358536,0.006880132,0.0053153653,0.032998994,13.165125,13.216389,2,28,1,0.9648597,1
15,3,1,0,0,-265.69727,423.93924,48.358536,0.006880132,0.0053153653,0.032998994,6.706722,6.691111,2,-1,0,0.9793474,1
15,3,1,0,0,-265.69727,423.93924,48.358536,0.006880132,0.0053153653,0.032998994,9.880549,9.871944,2,-1,0,0.9691584,1
15,31,1,1,0,273.61862,14.203731,332.1133,0.0010511087,0.018784167,0.017480906,11.785173,11.141389,2,29,1,0.9911446,1
15,31,1,0,0,273.61862,14.203731,332.1133,0.0010511087,0.018784167,0.017480906,9.543612,9.398334,2,-1,0,0.99935204,1
15,15,1,1,0,286.9487,-255.72026,95.59999,0.01872033,-0.008755116,0.00072413526,19.443901,19.467777,2,-1,1,0.9558801,1
15,16,1,0,0,-307.2168,458.51215,17.711157,0.01696347,-0.009731616,0.013849023,3.099111,3.0194445,2,-1,0,0.7498003,1
15,29,1,1,0,298.7383,81.81431,149.89153,0.043969825,-0.017006386,0.005694053,32.72683,30.73639,2,30,1,0.9974547,1
15,16,1,1,0,-307.2168,458.51215,17.711157,0.01696347,-0.009731616,0.013849023,16.031569,15.85,2,31,1,0.9958262,1
15,16,1,0,0,-307.2168,458.51215,17.711157,0.01696347,-0.009731616,0.013849023,3.9050837,3.891389,2,-1,0,0.9627092,1
15,33,1,1,0,306.5552,-354.69907,25.911043,0.013585446,-0.010092284,-0.0127640255,21.414478,19.203056,2,32,1,0.960949,1
15,13,0,0,0,0.0,0.0,0.0,0.0,0.0,0.0,5.2984653,-1.0,2,-1,0,0.9514432,1
15,12,1,1,0,315.63052,161.42702,147.99599,-0.02456111,0.0027840368,0.014560002,24.64184,24.733889,2,33,1,0.9998292,1
15,17,1,1,0,324.62146,352.55295,239.29156,-0.0039802543,0.0064990683,0.005349232,7.674688,6.133611,2,34,1,0.99322057,1
15,13,0,0,0,0.0,0.0,0.0,0.0,0.0,0.0,7.322028,-1.0,2,-1,0,0.99564654,1
15,28,1,1,0,-331.57922,-242.17584,423.57367,0.0006899066,0.022282107,0.0074844207,12.177097,12.3425,2,35,1,0.9757844,1
15,28,1,0,0,-331.57922,-242.17584,423.57367,0.0006899066,0.022282107,0.0074844207,6.8105555,4.151389,2,-1,0,0.9996082,1
16,15,1,1,0,9.2238865,403.59332,109.61633,-0.009527111,-0.0005356368,-0.0074604056,14.572132,14.433611,2,0,1,0.9934796,1
16,17,1,1,0,-12.905605,598.32367,369.74832,-0.008812298,-0.024209943,-0.00945761,22.831818,22.782223,2,1,1,0.91519225,1
16,19,1,1,0,-66.82199,-427.38217,92.67573,-0.03197709,-0.00651909,-0.014774808,27.625526,27.646944,2,2,1,0.9992674,1
16,12,1,1,0,-70.79616,277.44247,296.27335,0.00029746848,0.011758463,0.013747954,19.641193,19.250278,2,3,1,0.9851828,1
16,19,1,0,0,-66.82199,-427.38217,92.67573,-0.03197709,-0.00651909,-0.014774808,10.660209,10.653889,2,-1,0,0.9827152,1
16,9,1,1,0,77.82974,-94.999435,264.89178,0.004669197,-0.006584742,-0.0128962565,17.96343,17.771389,2,4,1,0.9966317,1
16,12,1,0,0,-70.79616,277.44247,296.27335,0.00029746848,0.011758463,0.013747954,4.668125,4.6016665,2,-1,0,0.9895564,1
16,33,1,1,0,-84.93374,269.96408,94.080215,-0.018377095,-0.008117643,0.004077643,22.712349,22.725555,2,5,1,0.99623114,1
16,18,1,1,0,101.20453,-315.68216,269.98297,-0.02080236,0.0019479948,0.0057308357,18.889513,18.8475,2,6,1,0.96821713,1
16,26,1,1,0,148.7498,-264.89706,40.305267,-0.047737334,0.009070134,-0.022718929,34.680866,34.560555,2,7,1,0.98816144,1
16,31,1,1,0,-110.68337,201.85912,196.9921,-0.0027357275,0.018085182,0.00014825084,16.699799,16.803612,2,8,1,0.99514115,1
16,31,1,0,0,-110.68337,201.85912,196.9921,-0.0027357275,0.018085182,0.00014825084,4.850055,4.95,2,-1,0,0.97503227,1
16,3,1,1,0,125.99492,326.37927,126.2885,0.0132138925,-0.025880858,-0.00877788,18.676346,18.8675,2,9,1,0.9718649,1
16,26,1,0,0,148.7498,-264.89706,40.305267,-0.047737334,0.009070134,-0.022718929,4.0186877,4.0105557,2,-1,0,0.9282242,1
16,25,1,0,0,-131.34747,-538.44543,287.63577,0.01454842,0.021916589,0.007198597,13.537222,13.475555,2,-1,0,0.9961499,1
16,3,1,0,0,125.99492,326.37927,126.2885,0.0132138925,-0.025880858,-0.00877788,7.027368,7.016667,2,-1,0,0.8647441,1
16,7,1,1,0,126.12891,-77.50745,403.93182,0.0096365,0.013568541,0.011412285,19.667826,19.639166,2,10,1,0.9919674,1
16,25,1,1,0,-131.34747,-538.44543,287.63577,0.01454842,0.021916589,0.007198597,18.383862,18.334167,2,11,1,0.9943486,1
16,26,1,0,0,148.7498,-264.89706,40.305267,-0.047737334,0.009070134,-0.022718929,13.463207,13.53,2,-1,0,0.99541473,1
16,20,1,1,0,-148.60918,-488.37164,268.52573,0.002730685,0.0058605536,0.004347522,10.870251,10.771667,2,12,1,0.99621993,1
16,34,1,1,0,-159.27887,-317.64752,412.7548,-0.013465805,-0.005822852,0.003860238,13.139126,7.3444443,2,13,1,0.940536,1
16,34,1,0,0,-159.27887,-317.64752,412.7548,-0.013465805,-0.005822852,0.003860238,3.336111,3.406111,2,-1,0,0.93541175,1
16,13,1,1,0,163.95804,364.584,302.56854,0.030055957,0.0047142752,-0.0045095165,20.53684,20.623056,2,14,1,0.9961372,1
16,13,1,0,0,163.95804,364.584,302.56854,0.030055957,0.0047142752,-0.0045095165,5.1741114,5.223611,2,-1,0,0.97323054,1
16,40,1,1,0,-177.72559,303.10236,55.894093,-0.00367033,-0.0123224985,0.012419816,11.515917,11.515,2,15,1,0.98736423,1
16,40,1,0,0,-177.72559,303.10236,55.894093,-0.00367033,-0.0123224985,0.012419816,3.066007,2.9961112,2,-1,0,0.56963634,1
16,1,1,1,0,180.60158,405.45737,125.282234,0.021283064,0.0012619421,-3.5333915e-06,22.119356,22.203611,2,16,1,0.99533576,1
16,2,1,1,0,195.22273,-510.9947,396.81714,0.01646849,0.018981697,-0.005028313,16.135723,13.564445,2,17,1,0.96796376,1
16,2,1,0,0,195.22273,-510.9947,396.81714,0.01646849,0.018981697,-0.005028313,12.373201,12.371944,2,-1,0,0.9916379,1
16,29,1,1,0,-197.82117,-161.55588,83.23689,-0.01941264,-0.0032711057,0.008030349,11.030785,10.901667,2,18,1,0.98552114,1
16,13,1,0,0,163.95804,364.584,302.56854,0.030055957,0.0047142752,-0.0045095165,3.6116738,3.5438888,2,-1,0,0.89105725,1
16,6,1,1,0,203.57968,105.77695,149.41489,0.010746994,-0.0023040092,0.012857993,13.408792,13.39,2,19,1,0.99679285,1
16,32,1,1,0,-212.44592,-322.26633,406.36954,-0.01739196,-0.003097454,0.021380795,17.045235,16.784721,2,20,1,0.99653757,1
16,22,1,1,0,-217.16075,85.89104,181.69223,0.0073943837,-0.0036349476,0.012086366,15.746716,14.845555,2,21,1,0.92783844,1
16,29,1,0,0,-197.82117,-161.55588,83.23689,-0.01941264,-0.0032711057,0.008030349,9.719958,9.695,2,-1,0,0.96805704,1
16,38,1,0,0,252.51387,39.06004,248.42293,-0.014927365,0.0029778497,-0.01640568,9.08584,9.020278,2,-1,0,0.9829952,1
16,21,1,0,0,-235.68776,518.9268,314.47678,-0.001864229,-0.010463302,-0.010099569,4.4289794,4.4408336,2,-1,0,0.98155516,1
16,21,1,1,0,-235.68776,518.9268,314.47678,-0.001864229,-0.010463302,-0.010099569,12.014411,11.059722,2,22,1,0.9969805,1
16,6,1,0,0,203.57968,105.77695,149.41489,0.010746994,-0.0023040092,0.012857993,3.5062222,3.438611,2,-1,0,0.87280023,1
16,38,1,1,0,252.51387,39.06004,248.42293,-0.014927365,0.0029778497,-0.01640568,13.369687,13.271944,2,23,1,0.97265977,1
16,16,1,1,0,255.63147,-149.8286,158.02872,-0.0074386583,-0.0123939365,-0.026983516,16.178688,16.04139,2,24,1,0.9480843,1
16,16,1,0,0,255.63147,-149.8286,158.02872,-0.0074386583,-0.0123939365,-0.026983516,6.628493,6.5652776,2,-1,0,0.965354,1
16,16,1,0,0,255.63147,-149.8286,158.02872,-0.0074386583,-0.0123939365,-0.026983516,4.5504026,4.2119446,2,-1,0,0.98234046,1
16,5,1,1,0,255.58661,-467.57312,203.08131,0.0034014238,-0.004870113,-0.0067796023,9.863618,4.0725,2,25,1,0.9719712,1
16,35,1,1,0,268.8924,-463.6232,59.69635,-0.011716436,-0.021681504,-0.012886883,27.085974,27.305834,2,26,1,0.99968874,1
16,37,1,1,0,281.9565,220.70407,367.51532,-0.013056268,0.001394017,0.0016749904,4.791139,4.7644444,2,27,1,0.96889293,1
16,37,1,0,0,281.9565,220.70407,367.51532,-0.013056268,0.001394017,0.0016749904,3.9176457,3.7380555,2,-1,0,0.7634483,1
16,36,1,0,0,-314.02502,152.77121,154.00453,-0.0059527997,0.006918162,0.0021313303,6.447125,6.5122223,2,-1,0,0.9667937,1
16,39,1,1,0,300.83755,268.013,116.65819,0.019281251,0.012433141,-0.011338441,23.308043,23.116388,2,28,1,0.9933814,1
16,8,1,0,0,318.2713,104.251274,111.03057,-0.0028378502,0.0034147173,0.044144608,3.8615,3.9797223,2,-1,0,0.9807293,1
16,14,1,1,0,-309.576,555.05774,279.11884,-0.002054102,-0.0030919875,0.0021454059,3.2032084,3.246389,2,29,1,0.89990187,1
16,29,0,0,0,0.0,0.0,0.0,0.0,0.0,0.0,2.5816808,2.5463889,2,-1,0,0.58532333,1
16,36,1,1,0,-314.02502,152.77121,154.00453,-0.0059527997,0.006918162,0.0021313303,9.187667,9.318334,2,30,1,0.97903925,1
16,8,1,1,0,318.2713,104.251274,111.03057,-0.0028378502,0.0034147173,0.044144608,31.877285,31.821667,2,31,1,0.9999988,1
16,24,1,0,0,351.86868,-179.2828,153.67976,-0.037543543,-0.042025004,0.0056591434,7.221833,7.159167,2,-1,0,0.949006,1
16,8,1,0,0,318.2713,104.251274,111.03057,-0.0028378502,0.0034147173,0.044144608,7.6753054,7.7672224,2,-1,0,0.9932886,1
16,24,1,0,0,351.86868,-179.2828,153.67976,-0.037543543,-0.042025004,0.0056591434,5.005736,5.0230556,2,-1,0,0.97567165,1
16,10,1,1,0,-331.96692,-150.81305,107.27731,-0.013216746,0.009884379,0.003929577,16.308022,12.47,2,32,1,0.99573886,1
16,30,1,1,0,-332.81863,35.72282,170.56396,-0.02140177,-0.0008563338,-0.019565241,28.24125,28.478333,2,33,1,0.90043527,1
16,4,1,1,0,-334.01453,221.36261,238.09647,-0.016714098,0.0009891673,-0.007106846,9.329084,8.759167,2,34,1,0.9865021,1
16,28,1,1,0,334.2201,26.794788,21.741138,0.01721777,-0.04064749,-0.009878259,27.920637,17.483889,2,35,1,0.99894756,1
16,28,1,0,0,334.2201,26.794788,21.741138,0.01721777,-0.04064749,-0.009878259,10.9927635,11.060833,2,-1,0,0.9955134,1
16,4,1,0,0,-334.01453,221.36261,238.09647,-0.016714098,0.0009891673,-0.007106846,8.155292,7.9791665,2,-1,0,0.9871701,1
16,24,1,0,0,351.86868,-179.2828,153.67976,-0.037543543,-0.042025004,0.0056591434,6.046146,5.9933333,2,-1,0,0.9649314,1
16,24,1,1,0,351.86868,-179.2828,153.67976,-0.037543543,-0.042025004,0.0056591434,30.54607,30.6475,2,36,1,0.82424927,1
16,27,1,1,0,348.03934,200.76392,313.5501,-0.00815134,0.013537248,-0.014089029,18.22382,15.987223,2,37,1,0.99324024,1
16,6,1,0,0,640.2792,107.79815,91.78904,0.010746994,-0.0023040092,0.012857993,3.0564582,3.0108333,2,-1,0,0.64262176,1
17,26,1,1,0,5.9077463,-8.347993,271.32257,-0.0062105167,0.0058005345,-0.013735081,3.9587572,3.9205556,2,0,1,0.9778486,1
17,23,1,1,0,9.849785,-311.73474,160.378,0.004813143,-0.00012397105,0.028596325,10.565785,9.294723,2,1,1,0.9944741,1
17,2,1,1,0,24.618141,434.35373,52.902794,0.017401453,0.017847968,0.009373661,12.450402,10.682777,2,2,1,0.99862814,1
17,2,1,0,0,24.618141,434.35373,52.902794,0.017401453,0.017847968,0.009373661,10.575333,10.756389,2,-1,0,0.96364737,1
17,2,1,0,0,24.618141,434.35373,52.902794,0.017401453,0.017847968,0.009373661,5.771479,5.821944,2,-1,0,0.9810689,1
17,14,1,1,0,39.641296,420.56412,24.210775,0.03882371,0.009761277,-0.025485443,48.01841,47.333332,2,3,1,0.9987857,1
17,37,1,1,0,41.652683,-199.62613,11.68162,-0.006227032,-0.000679919,-0.01665688,12.377507,12.418889,2,4,1,0.99066645,1
17,7,1,1,0,62.12946,142.03314,453.87567,0.016962258,-0.003279817,0.0022372054,20.92046,21.046112,2,5,1,0.9927557,1
17,39,0,0,0,0.0,0.0,0.0,0.0,0.0,0.0,2.8106596,2.4033334,2,-1,0,0.58334327,1
17,34,1,1,0,-163.81503,497.20715,74.57752,-0.0014446024,-0.007196342,-0.015657566,19.77126,19.603333,2,6,1,0.9672761,1
17,4,1,1,0,-168.2136,-348.20007,43.84381,-0.014500236,-0.008582736,0.0059272684,18.413507,18.243055,2,7,1,0.9996393,1
17,9,1,1,0,181.9572,-89.7413,158.78728,0.006913178,-0.014881732,-0.014300944,21.655214,16.651667,2,8,1,0.9997415,1
17,13,1,1,0,179.78514,507.49814,81.98513,0.0012676468,-0.030278785,0.008959791,15.710202,16.091944,2,9,1,0.9658767,1
17,13,1,0,0,179.78514,507.49814,81.98513,0.0012676468,-0.030278785,0.008959791,4.6388817,4.6919446,2,-1,0,0.99338454,1
17,8,1,1,0,-221.43573,-468.11252,224.41524,0.01781856,0.0041996012,-0.008387461,3.2112641,3.1958334,2,10,1,0.8957146,1
17,35,1,1,0,-183.55904,217.83739,345.85736,-0.006996512,0.00693784,0.0025465512,6.8345137,6.9569445,2,11,1,0.98722225,1
17,18,1,1,0,191.07219,193.73312,272.78195,-0.012814223,-0.0101691615,-0.0063281036,18.679098,18.565277,2,12,1,0.9859035,1
17,1,1,1,0,190.80565,232.95567,201.40251,0.029396256,-0.011706785,0.0005204549,33.517082,33.433887,2,13,1,0.9963728,1
17,21,1,1,0,-197.20624,281.82425,210.86,0.00407528,0.009935693,-0.0024871435,12.025173,12.025278,2,14,1,0.97099584,1
17,20,0,0,0,0.0,0.0,0.0,0.0,0.0,0.0,3.3978195,-1.0,2,-1,0,0.88685846,1
17,29,0,0,0,0.0,0.0,0.0,0.0,0.0,0.0,6.154021,-1.0,2,-1,0,0.9811643,1
17,33,1,1,0,-217.28535,-493.26123,172.37085,-0.005144197,-0.0023698902,-0.0021599985,7.896445,4.661389,2,15,1,0.9574957,1
17,8,0,0,0,0.0,0.0,0.0,0.0,0.0,0.0,20.82532,-1.0,2,-1,0,0.97670126,1
17,5,1,1,0,-226.66911,80.63035,427.22595,0.0013194238,-0.005962748,-0.013760195,14.895194,15.183611,2,16,1,0.990644,1
17,15,1,1,0,-228.97758,580.9499,294.84195,0.006990326,0.01854395,-0.0021965129,11.623923,11.571111,2,17,1,0.99704903,1
17,19,1,1,0,-229.05443,-179.2629,352.93875,0.0016725112,0.0014548406,0.011759337,10.003764,9.837222,2,18,1,0.99230134,1
17,38,1,1,0,-244.68317,215.83952,371.10126,5.972922e-05,0.018105285,-0.037965287,22.714535,22.750278,2,19,1,0.9760675,1
17,38,1,0,0,-244.68317,215.83952,371.10126,5.972922e-05,0.018105285,-0.037965287,17.096062,16.132223,2,-1,0,0.9959715,1
17,22,0,0,0,0.0,0.0,0.0,0.0,0.0,0.0,4.177056,-1.0,2,-1,0,0.9634488,1
17,40,1,1,0,-262.24783,322.89548,364.4329,0.01337167,0.004432487,0.009356706,13.701834,13.779445,2,20,1,0.9848284,1
17,31,1,1,0,259.24222,301.93634,407.7561,-0.017381042,-0.0016448455,0.019525142,18.677074,18.707222,2,21,1,0.9951167,1
17,31,1,0,0,259.24222,301.93634,407.7561,-0.017381042,-0.0016448455,0.019525142,8.929222,8.770833,2,-1,0,0.9836795,1
17,3,1,1,0,259.63428,564.12604,451.93152,-0.011053997,-0.012267293,0.010748708,19.44216,19.498888,2,22,1,0.99892694,1
17,11,1,1,0,-267.81046,-85.86718,161.18594,-0.003632816,0.013749093,0.004031805,9.1454735,5.463611,2,23,1,0.9813044,1
17,16,1,1,0,-268.91922,178.93819,216.03786,-0.026926301,-0.00960123,0.02149957,31.527206,33.150276,2,24,1,0.99338794,1
17,17,1,1,0,-269.99963,445.49173,315.44977,-0.005559637,0.0143130645,0.009742059,15.456862,7.106111,2,25,1,0.9887965,1
17,31,1,0,0,259.24222,301.93634,407.7561,-0.017381042,-0.0016448455,0.019525142,3.440507,3.421111,2,-1,0,0.95897096,1
17,10,1,1,0,-274.42984,264.86807,188.17601,-0.018440368,-0.0017263772,-0.011155311,20.94861,15.32,2,26,1,0.9916516,1
17,22,1,0,0,-287.0728,-116.8357,248.8909,0.031049784,-0.026486276,-0.022606416,4.0961456,4.1738887,2,-1,0,0.936075,1
17,22,1,1,0,-287.0728,-116.8357,248.8909,0.031049784,-0.026486276,-0.022606416,35.142117,35.185,2,27,1,0.9684759,1
17,25,1,1,0,-279.33173,-386.71,76.70853,0.0071671894,-0.0068434323,-0.0040619345,12.315611,12.131389,2,28,1,0.9897223,1
17,36,1,1,0,-284.2062,-330.07877,138.54582,0.016632328,0.0027113466,0.0112328185,20.162964,20.104723,2,29,1,0.9930328,1
17,12,1,0,0,-297.04254,-400.11786,21.021296,-0.030132374,0.0018232536,-0.008971276,5.112764,5.0655556,2,-1,0,0.9969874,1
17,12,1,1,0,-297.04254,-400.11786,21.021296,-0.030132374,0.0018232536,-0.008971276,12.713311,12.747778,2,30,1,0.9770592,1
17,27,1,1,0,299.2306,242.89447,26.274544,0.013609079,-0.017524539,-0.021045165,25.610243,21.528334,2,31,1,0.9667227,1
17,6,1,1,0,316.5762,-360.42834,350.33817,0.0009400127,-0.006868739,0.00584812,8.650333,7.5227776,2,32,1,0.997147,1
17,12,1,0,0,-297.04254,-400.11786,21.021296,-0.030132374,0.0018232536,-0.008971276,8.14725,8.193055,2,-1,0,0.97347057,1
17,32,1,0,0,325.09113,256.44885,404.7102,-0.0038806938,0.010102753,0.021079546,6.9677777,7.0080557,2,-1,0,0.98532814,1
17,32,1,1,0,325.09113,256.44885,404.7102,-0.0038806938,0.010102753,0.021079546,7.935694,8.004444,2,33,1,0.97638875,1
17,32,1,0,0,325.09113,256.44885,404.7102,-0.0038806938,0.010102753,0.021079546,7.457882,6.5183334,2,-1,0,0.9774252,1
17,24,1,1,0,-327.55643,26.798265,385.35898,-0.002431262,-0.012924522,-0.007951307,13.630049,7.8908334,2,34,1,0.9811818,1
17,30,1,1,0,336.28717,38.67606,438.41214,0.006516693,0.018020052,-0.009195594,9.1289015,8.071667,2,35,1,0.9975116,1
17,17,0,0,0,0.0,0.0,0.0,0.0,0.0,0.0,2.726243,2.723611,2,-1,0,0.61815727,1
17,39,1,1,0,-337.6259,75.07309,159.31732,0.005278726,-0.00505292,-0.015478055,11.909354,11.513611,2,36,1,0.93645686,1
17,30,1,0,0,336.28717,38.67606,438.41214,0.006516693,0.018020052,-0.009195594,8.495722,8.536944,2,-1,0,0.96571964,1
18,23,0,0,0,0.0,0.0,0.0,0.0,0.0,0.0,3.1177778,2.9647222,2,-1,0,0.521148,1
18,36,0,0,0,0.0,0.0,0.0,0.0,0.0,0.0,19.292696,-1.0,2,-1,0,0.99999213,1
18,20,1,0,0,37.89447,-502.3638,127.81874,0.0014569985,0.018012337,-0.005223391,3.0621042,2.925,2,-1,0,0.61333746,1
18,11,1,0,0,55.48951,122.640816,64.874954,-0.011266313,-0.023202317,-0.017359085,15.594403,15.421945,2,-1,0,0.98805374,1
18,37,1,0,0,-52.27885,211.12454,351.2274,0.04189062,0.0051860157,0.021928955,4.2906528,4.1741667,2,-1,0,0.8318788,1
18,12,1,1,0,34.675095,567.07214,289.64767,0.015371417,-0.0038098283,0.007877088,21.266298,21.191668,2,0,1,0.9789588,1
18,20,1,1,0,37.89447,-502.3638,127.81874,0.0014569985,0.018012337,-0.005223391,14.837055,9.449722,2,1,1,0.9634726,1
18,37,1,1,0,-52.27885,211.12454,351.2274,0.04189062,0.0051860157,0.021928955,30.986341,50.72111,2,2,1,0.97099596,1
18,20,1,0,0,37.89447,-502.3638,127.81874,0.0014569985,0.018012337,-0.005223391,4.419153,4.4708333,2,-1,0,0.84373355,1
18,11,1,1,0,55.48951,122.640816,64.874954,-0.011266313,-0.023202317,-0.017359085,18.670464,18.77111,2,3,1,0.99373853,1
18,1,1,0,0,112.31135,287.95435,249.70413,-0.014005493,0.013662298,0.008037108,6.6652985,6.4419446,2,-1,0,0.98214793,1
18,32,1,1,0,-79.61854,-284.19083,157.09763,0.0060296413,0.00429497,-0.009311743,8.096084,8.044444,2,4,1,0.9865689,1
18,19,1,1,0,-84.12179,-53.364086,174.96931,-0.0058350507,-0.015635842,-0.00033501594,12.692341,12.581388,2,5,1,0.96718675,1
18,27,1,1,0,84.00189,161.65019,207.19934,0.01331072,-0.013065197,0.003121643,22.449528,22.659166,2,6,1,0.9999716,1
18,11,0,0,0,0.0,0.0,0.0,0.0,0.0,0.0,3.094111,3.0447223,2,-1,0,0.76620823,1
18,25,1,0,0,-100.111626,-66.06138,149.55745,0.018410712,-0.015021003,-0.015034844,3.5898888,3.5233333,2,-1,0,0.9383798,1
18,1,1,0,0,112.31135,287.95435,249.70413,-0.014005493,0.013662298,0.008037108,4.1577153,4.0913887,2,-1,0,0.98304754,1
18,17,1,0,0,-113.72339,-145.90894,70.69195,-0.007696982,-0.0044317394,0.0367613,5.355,5.333611,2,-1,0,0.9553277,1
18,25,1,0,0,-100.111626,-66.06138,149.55745,0.018410712,-0.015021003,-0.015034844,3.409861,3.341389,2,-1,0,0.8082568,1
18,25,1,1,0,-100.111626,-66.06138,149.55745,0.018410712,-0.015021003,-0.015034844,23.60034,23.859444,2,7,1,0.98643094,1
18,2,1,1,0,-114.4703,-256.2041,96.89671,0.015044838,0.011798683,0.008720564,23.586527,23.685833,2,8,1,0.9846721,1
18,1,1,1,0,112.31135,287.95435,249.70413,-0.014005493,0.013662298,0.008037108,11.7260065,11.789444,2,9,1,0.9950722,1
18,29,1,1,0,121.81719,391.35934,243.6923,-0.03044615,-0.0044872407,-0.012710304,36.12704,36.218056,2,10,1,0.9687866,1
18,17,1,1,0,-113.72339,-145.90894,70.69195,-0.007696982,-0.0044317394,0.0367613,23.731987,23.545279,2,11,1,0.9992865,1
18,17,1,0,0,-113.72339,-145.90894,70.69195,-0.007696982,-0.0044317394,0.0367613,3.5156527,2.3716667,2,-1,0,0.8758614,1
18,17,1,0,0,-113.72339,-145.90894,70.69195,-0.007696982,-0.0044317394,0.0367613,13.487541,13.271667,2,-1,0,0.9993154,1
18,5,1,1,0,118.06601,-568.13306,365.97284,0.0055565867,-0.0016665692,0.0151810255,16.504368,15.800555,2,12,1,0.9649952,1
18,3,0,0,0,0.0,0.0,0.0,0.0,0.0,0.0,2.9839587,2.9444444,2,-1,0,0.6611841,1
18,24,1,0,0,-29.119392,519.6454,58.715046,0.00768505,0.013883726,0.023400564,5.6627917,5.6441665,2,-1,0,0.87422067,1
18,31,1,1,0,-135.18701,-573.5114,188.82414,-0.0030221439,0.0021199652,-0.008586954,11.457882,11.649167,2,13,1,0.976439,1
18,24,1,0,0,-29.119392,519.6454,58.715046,0.00768505,0.013883726,0.023400564,3.4455414,3.4383333,2,-1,0,0.9744003,1
18,28,1,1,0,-147.84846,426.9349,394.3163,0.013682017,0.009404152,-0.004475247,18.30434,18.236944,2,14,1,0.9969008,1
18,16,1,1,0,154.49704,-320.97266,68.909225,-0.0058165994,-0.014804514,0.0061582434,18.382896,18.626112,2,15,1,0.99507374,1
18,24,1,0,0,-29.119392,519.6454,58.715046,0.00768505,0.013883726,0.023400564,4.4474654,4.458611,2,-1,0,0.99418616,1
18,21,1,0,0,-223.09529,-221.70851,299.58633,0.018519193,0.02638807,0.014185136,3.911639,3.8283334,2,-1,0,0.97358185,1
18,13,1,1,0,-195.15263,-81.16659,337.93945,0.005556776,-0.0077710203,-0.0021636446,10.538381,10.525833,2,16,1,0.9982982,1
18,18,1,0,0,-201.61433,71.49309,273.36298,0.0042491364,-0.001296227,-0.004621239,3.9149582,3.9702778,2,-1,0,0.9436514,1
18,15,1,1,0,202.70052,-528.991,442.59344,-0.003784356,-0.01672787,0.00942988,20.212423,20.144167,2,17,1,0.97545403,1
18,18,1,1,0,-201.61433,71.49309,273.36298,0.0042491364,-0.001296227,-0.004621239,6.6957498,4.9652777,2,18,1,0.96535784,1
18,13,1,0,0,-195.15263,-81.16659,337.93945,0.005556776,-0.0077710203,-0.0021636446,6.9016113,6.842222,2,-1,0,0.98240364,1
18,40,1,1,0,-211.45164,-594.05804,93.53824,0.006672793,0.0070774187,0.017456679,23.592237,17.833889,2,19,1,0.9950883,1
18,21,1,1,0,-223.09529,-221.70851,299.58633,0.018519193,0.02638807,0.014185136,27.334423,26.980556,2,20,1,0.9989641,1
18,38,1,1,0,219.2411,-422.66556,400.23035,-0.0070541543,0.009428511,-0.002856847,14.4447565,14.276389,2,21,1,0.9728459,1
18,33,1,0,0,-223.35352,226.92813,150.0324,0.009414714,-0.011030247,-0.022039248,8.860598,8.780278,2,-1,0,0.9818356,1
18,33,1,0,0,-223.35352,226.92813,150.0324,0.009414714,-0.011030247,-0.022039248,6.837215,4.8202777,2,-1,0,0.9853829,1
18,33,1,1,0,-223.35352,226.92813,150.0324,0.009414714,-0.011030247,-0.022039248,9.919917,9.940556,2,22,1,0.9780989,1
18,4,1,1,0,231.85059,338.43826,343.42783,-0.018457131,-0.015554031,-0.0033486765,26.021896,24.099722,2,23,1,0.9978479,1
18,8,1,0,0,240.77264,82.77294,127.85289,-0.029207896,0.005322534,0.035082936,6.9459724,6.988333,2,-1,0,0.999131,1
18,30,1,1,0,238.92136,-362.1028,259.74838,-0.022454873,0.0074069994,-0.02905253,28.321632,28.171944,2,24,1,0.9671587,1
18,8,1,1,0,240.77264,82.77294,127.85289,-0.029207896,0.005322534,0.035082936,36.586494,36.391388,2,25,1,0.9963477,1
18,35,0,0,0,0.0,0.0,0.0,0.0,0.0,0.0,2.9646945,2.848611,2,-1,0,0.572485,1
18,30,1,0,0,238.92136,-362.1028,259.74838,-0.022454873,0.0074069994,-0.02905253,8.237376,8.295,2,-1,0,0.9750758,1
18,26,0,0,0,0.0,0.0,0.0,0.0,0.0,0.0,10.270202,-1.0,2,-1,0,0.99566597,1
18,39,1,0,0,-273.07095,393.86777,280.21945,0.008558186,0.008039234,0.0053909756,4.9269586,4.9158335,2,-1,0,0.96698886,1
18,10,1,1,0,259.0582,-297.7451,228.60184,-0.008903029,-0.034598056,0.0117833065,9.343049,9.165556,2,26,1,0.98765707,1
18,10,0,0,0,0.0,0.0,0.0,0.0,0.0,0.0,13.075765,-1.0,2,-1,0,0.98662114,1
18,26,0,0,0,0.0,0.0,0.0,0.0,0.0,0.0,4.5115137,-1.0,2,-1,0,0.9914995,1
18,26,1,1,0,-263.43185,9.123468,129.92276,0.01212383,-0.025635572,0.037204206,27.471516,27.247778,2,-1,1,0.9988452,1
18,3,0,0,0,0.0,0.0,0.0,0.0,0.0,0.0,11.537451,-1.0,2,-1,0,0.98821557,1
18,29,0,0,0,0.0,0.0,0.0,0.0,0.0,0.0,2.969632,2.8844445,2,-1,0,0.6401339,1
18,3,0,0,0,0.0,0.0,0.0,0.0,0.0,0.0,9.804104,-1.0,2,-1,0,0.9902036,1
18,39,1,1,0,-273.07095,393.86777,280.21945,0.008558186,0.008039234,0.0053909756,12.630868,12.733055,2,27,1,0.9886883,1
18,24,1,0,0,277.36035,549.9224,207.23087,0.00768505,0.013883726,0.023400564,8.424932,8.1877775,2,-1,0,0.9986388,1
18,24,1,1,0,277.36035,549.9224,207.23087,0.00768505,0.013883726,0.023400564,14.095695,14.121388,2,28,1,0.9983646,1
18,6,1,1,0,285.6361,-352.91846,448.4264,0.009371141,-0.011240231,-0.002906009,6.926152,6.216944,2,29,1,0.9787274,1
18,6,1,0,0,285.6361,-352.91846,448.4264,0.009371141,-0.011240231,-0.002906009,6.795549,6.8,2,-1,0,0.9766892,1
18,35,1,1,0,291.8645,364.54477,233.07338,0.0028431371,0.020999413,0.0012297999,14.885849,14.899722,2,30,1,0.9897396,1
18,9,1,1,0,-300.74472,593.20337,380.09866,-0.0048159994,0.0009398009,-0.017432386,16.014236,16.116667,2,31,1,0.93915874,1
18,22,1,1,0,-329.43097,100.39782,258.51178,-0.023304256,0.010065944,0.0012078069,21.431465,21.80611,2,32,1,0.9990434,1
18,34,1,1,0,357.57205,543.4435,220.17026,-0.0048406185,0.02658995,-0.038018864,24.815432,24.886667,2,33,1,0.9961196,1
18,7,1,1,0,-355.93243,204.01633,220.64586,-0.0078671165,-0.0073429276,0.01874598,21.177717,20.999445,2,34,1,0.99947244,1
18,34,1,0,0,357.57205,543.4435,220.17026,-0.0048406185,0.02658995,-0.038018864,6.697347,3.8925,2,-1,0,0.9331056,1
18,34,1,0,0,357.57205,543.4435,220.17026,-0.0048406185,0.02658995,-0.038018864,5.813604,5.85,2,-1,0,0.9942152,1
19,40,1,1,0,6.948276,510.95462,444.22968,-0.020157112,0.016316859,0.022760946,7.1475697,6.290278,2,0,1,0.9975363,1
19,38,1,1,0,-12.079341,-67.7478,311.41965,-0.0044808225,-0.008536153,-0.008971428,12.9915905,12.854722,2,1,1,0.9918825,1
19,25,1,0,0,47.662193,119.453545,376.8276,-0.042408884,-0.009702351,-0.027456842,8.977959,9.004723,2,-1,0,0.99179804,1
19,25,1,0,0,47.662193,119.453545,376.8276,-0.042408884,-0.009702351,-0.027456842,6.544646,6.413611,2,-1,0,0.9752264,1
19,21,1,1,0,-30.503878,-544.7556,119.11413,-0.0055147097,0.010172503,-0.007930027,17.176514,17.173334,2,2,1,0.9998258,1
19,25,1,1,0,47.662193,119.453545,376.8276,-0.042408884,-0.009702351,-0.027456842,23.75873,23.799444,2,3,1,0.9931114,1
19,16,1,1,0,40.72404,-167.23927,338.67435,0.0046057063,-7.200054e-05,0.011350313,14.413848,12.913889,2,4,1,0.99299675,1
19,10,1,1,0,41.37075,593.1367,4.870267,0.0037278782,0.0019092732,0.0095648635,9.144195,9.101389,2,5,1,0.99776626,1
19,10,1,0,0,41.37075,593.1367,4.870267,0.0037278782,0.0019092732,0.0095648635,3.3134236,3.2577777,2,-1,0,0.81525636,1
19,25,1,0,0,47.662193,119.453545,376.8276,-0.042408884,-0.009702351,-0.027456842,17.035536,17.200277,2,-1,0,0.9871278,1
19,26,1,1,0,46.59487,398.03058,100.8322,0.015597592,0.010127873,0.008203548,18.561306,18.668056,2,6,1,0.9908931,1
19,35,1,1,0,47.963116,473.0607,429.8254,0.021070823,0.013801172,0.002313672,19.411167,19.4025,2,7,1,0.99999774,1
19,26,1,0,0,46.59487,398.03058,100.8322,0.015597592,0.010127873,0.008203548,4.422736,4.4341664,2,-1,0,0.9599814,1
19,35,1,0,0,47.963116,473.0607,429.8254,0.021070823,0.013801172,0.002313672,8.968499,8.896944,2,-1,0,0.9991104,1
19,17,1,1,0,94.967545,564.2142,356.87128,0.018294584,-0.0022678575,0.0072400547,19.77084,14.6652775,2,8,1,0.9892162,1
19,9,1,1,0,108.306984,474.20618,7.347321,0.0106061455,-0.0035786128,-0.0062487912,15.43818,15.223056,2,9,1,0.99988043,1
19,34,1,1,0,112.0232,369.3729,232.38617,0.0028840345,-0.007499618,-0.007220123,4.1234374,4.1008334,2,10,1,0.95836246,1
19,3,1,0,0,-148.74173,-92.96995,138.52971,0.011515028,-0.0049842354,0.022484794,7.676514,7.788611,2,-1,0,0.9661876,1
19,7,1,1,0,-127.57317,-301.1008,15.411083,-0.0118700545,-0.0073897834,-0.018173672,21.626373,21.601944,2,11,1,0.9282844,1
19,11,1,0,0,-163.54276,-358.60727,254.20447,0.010919635,-0.010119441,0.012748707,3.898111,3.9230556,2,-1,0,0.96142673,1
19,7,1,0,0,-127.57317,-301.1008,15.411083,-0.0118700545,-0.0073897834,-0.018173672,4.0068474,4.124722,2,-1,0,0.96176165,1
19,31,1,1,0,143.5436,186.96928,299.52472,0.00046330833,0.009841481,0.0155539205,21.253166,21.396667,2,12,1,0.997849,1
19,3,1,1,0,-148.74173,-92.96995,138.52971,0.011515028,-0.0049842354,0.022484794,19.634327,19.412222,2,13,1,0.9888259,1
19,2,1,0,0,166.16109,151.0707,366.90356,0.045631893,0.015360973,0.014200874,4.985958,4.9522223,2,-1,0,0.98133665,1
19,23,1,1,0,156.4564,311.77332,157.05699,0.0039932737,-0.024396108,-0.01575794,17.797028,17.985834,2,14,1,0.9712008,1
19,7,1,0,0,-127.57317,-301.1008,15.411083,-0.0118700545,-0.0073897834,-0.018173672,5.209146,5.215,2,-1,0,0.99937636,1
19,23,1,0,0,156.4564,311.77332,157.05699,0.0039932737,-0.024396108,-0.01575794,10.340118,9.746388,2,-1,0,0.9998883,1
19,11,1,1,0,-163.54276,-358.60727,254.20447,0.010919635,-0.010119441,0.012748707,14.537249,14.168612,2,15,1,0.9852566,1
19,2,1,0,0,166.16109,151.0707,366.90356,0.045631893,0.015360973,0.014200874,17.23573,17.106945,2,-1,0,0.8708471,1
19,27,1,1,0,185.12119,-456.72955,141.5483,-0.016582077,-0.012061843,-0.012970453,26.631708,26.741112,2,16,1,0.9983936,1
19,5,1,1,0,-179.90857,101.13379,402.31894,-0.01458445,0.0077849315,-0.011850391,17.160034,15.829722,2,17,1,0.963078,1
19,15,1,1,0,-181.86496,110.97511,447.53378,0.003647104,-0.015136602,0.008994018,17.533722,15.865833,2,18,1,0.97531676,1
19,5,1,0,0,-179.90857,101.13379,402.31894,-0.01458445,0.0077849315,-0.011850391,3.6638052,3.5655556,2,-1,0,0.91559386,1
19,14,0,0,0,0.0,0.0,0.0,0.0,0.0,0.0,17.465452,-1.0,2,-1,0,0.9978046,1
19,36,1,1,0,195.82182,235.35783,266.68558,-0.0045560366,0.00016330233,-0.006144881,7.9939237,7.972778,2,19,1,0.980864,1
19,4,1,1,0,-202.3059,-144.55962,108.917946,0.012431771,-0.014251619,0.0024761662,12.456528,12.460278,2,20,1,0.9934614,1
19,14,0,0,0,0.0,0.0,0.0,0.0,0.0,0.0,9.276416,-1.0,2,-1,0,0.9820785,1
19,14,0,0,0,0.0,0.0,0.0,0.0,0.0,0.0,6.2262154,-1.0,2,-1,0,0.99903846,1
19,19,1,1,0,-202.85272,-277.50977,46.96821,-0.007531685,-0.008304662,-0.017071035,22.26159,22.28389,2,21,1,0.99942446,1
19,39,0,0,0,0.0,0.0,0.0,0.0,0.0,0.0,15.670354,-1.0,2,-1,0,0.9968267,1
19,32,1,0,0,284.97705,-161.66098,176.0252,-0.011521196,0.005297052,0.022193693,5.3945346,5.3294444,2,-1,0,0.9762181,1
19,6,1,1,0,-246.96074,-6.5029435,344.72055,-0.00024479107,0.003518192,0.0072983354,8.35175,6.8872223,2,22,1,0.979455,1
19,6,1,0,0,-246.96074,-6.5029435,344.72055,-0.00024479107,0.003518192,0.0072983354,2.8790905,2.8766668,2,-1,0,0.8837398,1
19,8,1,1,0,258.80627,521.172,246.14983,0.006939927,-0.0057385964,0.009132547,6.3484244,5.5961113,2,23,1,0.98499566,1
19,8,1,0,0,258.80627,521.172,246.14983,0.006939927,-0.0057385964,0.009132547,5.705055,5.6694446,2,-1,0,0.99061006,1
19,28,1,1,0,261.68552,-211.06305,162.93887,0.011018364,-0.007986866,-0.017790606,13.000055,12.997778,2,24,1,0.9830813,1
19,12,1,1,0,266.04297,546.5343,426.05792,0.02204187,-0.019593831,-0.0123542985,28.420095,22.615278,2,25,1,0.9989981,1
19,32,1,0,0,284.97705,-161.66098,176.0252,-0.011521196,0.005297052,0.022193693,3.6720002,3.6330554,2,-1,0,0.98457783,1
19,30,1,1,0,-268.32892,568.47144,364.0563,-0.015368416,-0.0130256545,-0.011760808,19.517986,19.366388,2,26,1,0.9871589,1
19,28,1,0,0,261.68552,-211.06305,162.93887,0.011018364,-0.007986866,-0.017790606,5.349236,5.4463887,2,-1,0,0.9604077,1
19,32,1,0,0,284.97705,-161.66098,176.0252,-0.011521196,0.005297052,0.022193693,5.2385283,5.0916667,2,-1,0,0.9490651,1
19,2,1,1,0,166.16109,151.0707,366.90356,0.045631893,0.015360973,0.014200874,31.392939,31.333334,2,27,1,0.9600579,1
19,32,1,1,0,284.97705,-161.66098,176.0252,-0.011521196,0.005297052,0.022193693,13.384965,13.506111,2,28,1,0.979938,1
19,29,1,1,0,-301.00836,-206.15231,352.06607,0.016213782,-0.0008500693,0.020890923,13.135895,13.105833,2,29,1,0.9977016,1
19,29,1,0,0,-301.00836,-206.15231,352.06607,0.016213782,-0.0008500693,0.020890923,9.077812,6.096389,2,-1,0,0.94069046,1
19,29,1,0,0,-301.00836,-206.15231,352.06607,0.016213782,-0.0008500693,0.020890923,9.443076,9.344167,2,-1,0,0.98260385,1
19,24,1,1,0,306.62286,511.9517,310.17462,0.0071333945,-0.012175515,-0.004927382,15.104145,15.133889,2,30,1,0.9936872,1
19,1,1,1,0,309.09998,532.5894,197.46973,0.004332136,0.018300062,0.007868451,10.365597,10.238055,2,31,1,0.9810589,1
19,1,1,0,0,309.09998,532.5894,197.46973,0.004332136,0.018300062,0.007868451,9.291124,9.248611,2,-1,0,0.9973947,1
19,13,1,1,0,-322.10312,362.59683,232.75737,0.0043095862,-0.019844817,-0.0057365354,6.2857637,6.2788887,2,32,1,0.9758648,1
19,24,1,0,0,306.62286,511.9517,310.17462,0.0071333945,-0.012175515,-0.004927382,3.0813475,2.9397223,2,-1,0,0.91406214,1
19,13,1,0,0,-322.10312,362.59683,232.75737,0.0043095862,-0.019844817,-0.0057365354,4.8200903,4.712222,2,-1,0,0.9712488,1
19,18,1,1,0,325.4835,54.31924,153.50539,0.022815095,-0.0058962116,-0.017253717,21.19859,9.879444,2,33,1,0.9782245,1
19,18,1,0,0,325.4835,54.31924,153.50539,0.022815095,-0.0058962116,-0.017253717,7.9612913,7.874722,2,-1,0,0.97501105,1
19,20,1,1,0,344.63135,-105.46483,351.2395,-0.0010875947,0.007935047,-0.013103966,14.477112,14.41,2,34,1,0.9637902,1
19,22,1,1,0,352.34674,391.34784,272.3394,0.004285556,0.006638817,-0.023419129,21.389318,19.268055,2,36,1,0.9858623,1
