file_index,event,is_marley,is_main_track,is_es_interaction,pos_x,pos_y,pos_z,momentum_x,momentum_y,momentum_z,cluster_energy,particle_energy,plane_id,match_id,true_label,prediction_prob,predicted_label
0,8,0,0,0,0.0,0.0,0.0,0.0,0.0,0.0,2.0253334,2.1683333,2,-1,0,0.062290665,0
0,35,0,0,0,0.0,0.0,0.0,0.0,0.0,0.0,2.7145,2.7191668,2,-1,0,0.12422865,0
0,1,0,0,0,0.0,0.0,0.0,0.0,0.0,0.0,2.1067083,2.0475,2,-1,0,0.1262409,0
0,1,1,1,1,23.996773,73.60945,261.4212,-0.020062303,0.0057945433,-0.0058910493,16.076237,15.833889,2,0,1,0.99413943,1
0,31,1,1,1,23.48938,-326.4541,144.60468,-0.007301493,0.0021506513,-0.0034567597,10.001583,10.029445,2,1,1,0.99338174,1
0,1,0,0,0,0.0,0.0,0.0,0.0,0.0,0.0,2.028243,2.0247223,2,-1,0,0.057990488,0
0,21,0,0,0,0.0,0.0,0.0,0.0,0.0,0.0,2.0280833,2.0922222,2,-1,0,0.066607185,0
0,15,1,0,1,35.892456,-260.1355,356.31992,-0.010978006,0.00064453227,-0.0019808598,4.6683335,4.7925,2,-1,0,0.9537496,1
0,15,1,1,1,35.892456,-260.1355,356.31992,-0.010978006,0.00064453227,-0.0019808598,6.998639,7.1338887,2,2,1,0.9897377,1
0,17,0,0,0,0.0,0.0,0.0,0.0,0.0,0.0,2.5522776,2.465,2,-1,0,0.114522144,0
0,8,0,0,0,0.0,0.0,0.0,0.0,0.0,0.0,2.430743,2.4869444,2,-1,0,0.049859084,0
0,39,0,0,0,0.0,0.0,0.0,0.0,0.0,0.0,2.0626945,2.1255555,2,-1,0,0.078632295,0
0,39,0,0,0,0.0,0.0,0.0,0.0,0.0,0.0,2.522125,2.6211112,2,-1,0,0.09514637,0
0,1,1,0,1,23.996773,73.60945,261.4212,-0.020062303,0.0057945433,-0.0058910493,5.1670833,5.0175,2,-1,0,0.86599433,1
0,23,0,0,0,0.0,0.0,0.0,0.0,0.0,0.0,2.4016526,2.3722222,2,-1,0,0.1189985,0
0,30,0,0,0,0.0,0.0,0.0,0.0,0.0,0.0,2.3710625,2.5216668,2,-1,0,0.11192907,0
0,5,0,0,0,0.0,0.0,0.0,0.0,0.0,0.0,2.6740348,2.6183333,2,-1,0,0.059716113,0
0,33,1,1,1,107.307945,264.99835,359.72147,-0.02690883,0.0059331614,-0.0067803813,16.951542,17.016945,2,3,1,0.98584545,1
0,34,1,1,1,78.7528,-504.53622,96.44528,-0.008030601,0.0016012695,7.428175e-05,9.062716,9.003889,2,4,1,0.9952502,1
0,29,0,0,0,0.0,0.0,0.0,0.0,0.0,0.0,2.0245554,2.0602777,2,-1,0,0.093995586,0
0,14,1,0,1,-78.275185,-99.70784,32.77944,-0.016232545,0.0020296583,-0.005669602,9.013888,9.029445,2,-1,0,0.9795607,1
0,12,0,0,0,0.0,0.0,0.0,0.0,0.0,0.0,2.316146,2.406389,2,-1,0,0.011659367,0
0,14,1,1,1,-78.275185,-99.70784,32.77944,-0.016232545,0.0020296583,-0.005669602,10.659166,10.696111,2,5,1,0.9994211,1
0,21,0,0,0,0.0,0.0,0.0,0.0,0.0,0.0,2.3166666,2.2494445,2,-1,0,0.106579304,0
0,16,0,0,0,0.0,0.0,0.0,0.0,0.0,0.0,2.0128055,2.0219445,2,-1,0,0.08561429,0
0,6,0,0,0,0.0,0.0,0.0,0.0,0.0,0.0,1.9983333,2.0302777,2,-1,0,0.092820555,0
0,37,1,1,1,84.88411,455.1479,33.588757,-0.00857687,0.0028065979,-0.0008794687,6.088868,6.206389,2,6,1,0.9889368,1
0,37,1,0,1,84.88411,455.1479,33.588757,-0.00857687,0.0028065979,-0.0008794687,3.7501945,3.8019445,2,-1,0,0.94240034,1
0,2,1,1,1,87.310585,-61.46113,12.453185,-0.0037723829,-0.00010105093,0.00074624387,4.149389,4.1605554,2,7,1,0.80487096,1
0,35,1,1,1,92.59475,-304.74417,174.85509,-0.011727096,0.0047922228,-0.0033827978,15.5286665,15.32,2,8,1,0.96464056,1
0,16,0,0,0,0.0,0.0,0.0,0.0,0.0,0.0,2.2928126,2.2819445,2,-1,0,0.07918925,0
0,18,0,0,0,0.0,0.0,0.0,0.0,0.0,0.0,2.1197917,2.1316667,2,-1,0,0.06410061,0
0,32,0,0,0,0.0,0.0,0.0,0.0,0.0,0.0,1.976646,2.0316668,2,-1,0,0.11737404,0
0,33,1,0,1,107.307945,264.99835,359.72147,-0.02690883,0.0059331614,-0.0067803813,11.847069,12.1027775,2,-1,0,0.98744875,1
0,20,0,0,0,0.0,0.0,0.0,0.0,0.0,0.0,2.5293403,2.4622223,2,-1,0,0.12109985,0
0,11,0,0,0,0.0,0.0,0.0,0.0,0.0,0.0,2.5089583,2.4277778,2,-1,0,0.10720368,0
0,21,0,0,0,0.0,0.0,0.0,0.0,0.0,0.0,2.2749581,2.298889,2,-1,0,0.17161661,0
0,12,0,0,0,0.0,0.0,0.0,0.0,0.0,0.0,2.4875276,2.5277777,2,-1,0,0.09701151,0
0,33,0,0,0,0.0,0.0,0.0,0.0,0.0,0.0,2.1948054,2.1941667,2,-1,0,0.07331778,0
0,3,0,0,0,0.0,0.0,0.0,0.0,0.0,0.0,2.3964584,2.3591666,2,-1,0,0.35436955,0
0,25,0,0,0,0.0,0.0,0.0,0.0,0.0,0.0,2.1506875,2.1505556,2,-1,0,0.086724475,0
0,18,1,1,1,-127.24481,498.10773,279.8461,-0.0071830926,0.0039031622,-0.0026198663,9.430521,9.469722,2,9,1,0.99096,1
0,32,1,1,1,135.93146,-362.26578,288.15125,-0.0035633168,0.0015812168,-0.0023086136,4.710993,4.676111,2,10,1,0.9927384,1
0,27,0,0,0,0.0,0.0,0.0,0.0,0.0,0.0,2.756507,2.8066666,2,-1,0,0.2062371,0
0,7,0,0,0,0.0,0.0,0.0,0.0,0.0,0.0,2.4237082,2.4141667,2,-1,0,0.23037969,0
0,14,0,0,0,0.0,0.0,0.0,0.0,0.0,0.0,2.220667,2.2527778,2,-1,0,0.13944235,0
0,36,0,0,0,0.0,0.0,0.0,0.0,0.0,0.0,2.2416875,2.1775,2,-1,0,0.13065615,0
0,40,0,0,0,0.0,0.0,0.0,0.0,0.0,0.0,2.179264,2.2358334,2,-1,0,0.0657845,0
0,30,0,0,0,0.0,0.0,0.0,0.0,0.0,0.0,2.4940002,2.4225,2,-1,0,0.20796134,0
0,17,1,0,1,-158.42784,171.30946,37.630363,-0.027196493,0.0059393337,-0.008489704,12.218832,12.257222,2,-1,0,0.9824369,1
0,40,0,0,0,0.0,0.0,0.0,0.0,0.0,0.0,2.3184652,2.3027778,2,-1,0,0.23053193,0
0,38,0,0,0,0.0,0.0,0.0,0.0,0.0,0.0,2.053653,2.0686111,2,-1,0,0.06621173,0
0,21,0,0,0,0.0,0.0,0.0,0.0,0.0,0.0,2.3169997,2.2608333,2,-1,0,0.25559777,0
0,26,0,0,0,0.0,0.0,0.0,0.0,0.0,0.0,2.1150138,2.2338889,2,-1,0,0.09863146,0
0,29,1,1,1,-169.06898,251.92894,207.48758,-0.008376482,0.0011065012,-0.0034998083,9.794583,9.69,2,11,1,0.9690095,1
0,17,1,1,1,-158.42784,171.30946,37.630363,-0.027196493,0.0059393337,-0.008489704,14.764688,14.619722,2,12,1,0.947052,1
0,24,1,1,1,171.64632,-493.65448,1.2224382,-0.0047498797,0.0033260442,-0.0012428493,6.0523815,5.9875,2,13,1,0.9729609,1
0,24,0,0,0,0.0,0.0,0.0,0.0,0.0,0.0,2.6731668,2.6469445,2,-1,0,0.12450827,0
0,22,0,0,0,0.0,0.0,0.0,0.0,0.0,0.0,2.1893404,2.1011112,2,-1,0,0.097802,0
0,9,0,0,0,0.0,0.0,0.0,0.0,0.0,0.0,2.0714583,2.1833334,2,-1,0,0.09643318,0
0,26,0,0,0,0.0,0.0,0.0,0.0,0.0,0.0,2.501882,2.4980555,2,-1,0,0.12775247,0
0,21,0,0,0,0.0,0.0,0.0,0.0,0.0,0.0,1.9575557,2.0272222,2,-1,0,0.12201153,0
0,12,1,1,1,186.77655,337.3966,306.25803,-0.007896931,0.0028239,0.00021979988,8.530792,8.5525,2,14,1,0.95468825,1
0,40,1,1,1,196.67896,336.73724,417.4183,-0.017332612,0.0034753077,-0.0068228142,20.721945,20.928612,2,15,1,0.99571097,1
0,5,1,1,1,-195.33296,-599.702,76.22355,-0.0024082996,0.0014822239,0.0005933816,2.6701112,2.6855555,2,-1,1,0.41372496,0
0,6,1,1,1,203.76062,47.992153,426.0809,-0.016653739,0.0035715813,-0.0023975377,17.744244,17.703056,2,16,1,0.99823356,1
0,4,0,0,0,0.0,0.0,0.0,0.0,0.0,0.0,14.235799,-1.0,2,-1,0,0.9998853,1
0,39,1,1,1,-200.37338,-444.21603,284.1282,-0.011164861,0.0035237942,0.00015573854,11.237528,11.141666,2,17,1,0.9961455,1
0,2,0,0,0,0.0,0.0,0.0,0.0,0.0,0.0,2.1604028,2.2255557,2,-1,0,0.089092925,0
0,39,0,0,0,0.0,0.0,0.0,0.0,0.0,0.0,2.7056878,2.6197221,2,-1,0,0.116698325,0
0,37,0,0,0,0.0,0.0,0.0,0.0,0.0,0.0,2.4389725,2.4405556,2,-1,0,0.11057043,0
0,1,0,0,0,0.0,0.0,0.0,0.0,0.0,0.0,2.3924584,2.3652778,2,-1,0,0.083172016,0
0,25,1,1,1,-221.5263,581.23987,439.421,-0.0135936355,0.0019177736,-0.004383768,15.383125,15.3825,2,18,1,0.9096972,1
0,7,0,0,0,0.0,0.0,0.0,0.0,0.0,0.0,2.5746665,2.5080554,2,-1,0,0.092690825,0
0,17,0,0,0,0.0,0.0,0.0,0.0,0.0,0.0,2.0811806,2.0447223,2,-1,0,0.09587257,0
0,26,0,0,0,0.0,0.0,0.0,0.0,0.0,0.0,2.1180835,2.1158333,2,-1,0,0.11207297,0
0,23,0,0,0,0.0,0.0,0.0,0.0,0.0,0.0,2.5651667,2.4730556,2,-1,0,0.1556445,0
0,31,0,0,0,0.0,0.0,0.0,0.0,0.0,0.0,2.028861,2.0416667,2,-1,0,0.03223571,0
0,22,1,1,1,236.16702,77.08531,426.25803,-0.019461572,0.004572945,-0.001636887,18.476118,18.341944,2,19,1,0.96019596,1
0,33,0,0,0,0.0,0.0,0.0,0.0,0.0,0.0,2.1077502,2.093611,2,-1,0,0.16270159,0
0,35,0,0,0,0.0,0.0,0.0,0.0,0.0,0.0,2.0932152,2.047778,2,-1,0,0.07946645,0
0,12,0,0,0,0.0,0.0,0.0,0.0,0.0,0.0,2.0704443,2.0472221,2,-1,0,0.062178455,0
0,20,1,1,1,254.1307,-422.24847,10.971408,-0.005521611,0.0005102214,-0.0030080427,5.6559653,5.6938887,2,20,1,0.9465735,1
0,21,0,0,0,0.0,0.0,0.0,0.0,0.0,0.0,2.2444444,2.2055554,2,-1,0,0.10163381,0
0,23,1,1,1,260.4633,81.65459,188.61375,-0.02160138,0.00252773,-0.0061317175,20.00907,19.975834,2,21,1,0.9807313,1
0,35,0,0,0,0.0,0.0,0.0,0.0,0.0,0.0,2.4287918,2.4308333,2,-1,0,0.093882896,0
0,25,0,0,0,0.0,0.0,0.0,0.0,0.0,0.0,2.233882,2.264722,2,-1,0,0.11074754,0
0,24,0,0,0,0.0,0.0,0.0,0.0,0.0,0.0,2.5007498,2.4719443,2,-1,0,0.10600937,0
0,19,0,0,0,0.0,0.0,0.0,0.0,0.0,0.0,2.2264442,2.1694446,2,-1,0,0.19662799,0
0,17,0,0,0,0.0,0.0,0.0,0.0,0.0,0.0,2.6840835,2.756389,2,-1,0,0.050920237,0
0,30,1,1,1,-266.67395,-125.2071,271.70358,-0.01121223,0.0024195046,-0.004994539,9.999486,10.065556,2,-1,1,0.8684025,1
0,8,1,1,1,-270.65274,-541.31146,430.79865,-0.0059488104,-0.00013691012,-0.0007090571,4.7034793,4.5375,2,22,1,0.9085508,1
0,39,0,0,0,0.0,0.0,0.0,0.0,0.0,0.0,1.9997916,2.0394444,2,-1,0,0.09607156,0
0,18,0,0,0,0.0,0.0,0.0,0.0,0.0,0.0,2.373222,2.3491666,2,-1,0,0.05990577,0
0,30,0,0,0,0.0,0.0,0.0,0.0,0.0,0.0,2.758514,2.718611,2,-1,0,0.18100409,0
0,36,1,1,1,-279.03683,-589.71533,291.1509,-0.0026835308,-7.9759106e-05,0.0007906914,2.4625,2.4008334,2,-1,1,0.115050524,0
0,16,0,0,0,0.0,0.0,0.0,0.0,0.0,0.0,2.7797358,2.7061112,2,-1,0,0.22379075,0
0,35,0,0,0,0.0,0.0,0.0,0.0,0.0,0.0,2.201993,2.1097221,2,-1,0,0.14360277,0
0,28,0,0,0,0.0,0.0,0.0,0.0,0.0,0.0,2.1559236,2.1288888,2,-1,0,0.14035468,0
0,21,0,0,0,0.0,0.0,0.0,0.0,0.0,0.0,2.7099862,2.6577778,2,-1,0,0.3530121,0
0,16,1,1,1,306.65134,-514.7226,175.55759,-0.011922112,0.00199641,-0.0029713735,11.369166,11.291111,2,23,1,0.975376,1
0,24,0,0,0,0.0,0.0,0.0,0.0,0.0,0.0,2.0956807,2.046111,2,-1,0,0.08349538,0
0,26,1,1,1,-306.2378,-326.4639,131.08467,-0.007105431,0.0008056328,-0.0039753364,8.265396,8.331944,2,24,1,0.96794564,1
0,3,0,0,0,0.0,0.0,0.0,0.0,0.0,0.0,2.2301388,2.2794445,2,-1,0,0.10046524,0
0,26,0,0,0,0.0,0.0,0.0,0.0,0.0,0.0,2.6460557,2.6302779,2,-1,0,0.18400516,0
0,28,1,1,1,313.9187,-574.9951,398.4162,-0.002532581,0.00027669565,0.000823361,2.0535069,2.0958333,2,25,1,0.100176714,0
0,15,0,0,0,0.0,0.0,0.0,0.0,0.0,0.0,2.5825553,2.6425,2,-1,0,0.1281275,0
0,10,1,1,1,319.63785,-54.291145,348.26398,-0.0056602205,3.4771543e-05,-0.0014433019,5.3080554,5.246389,2,26,1,0.961451,1
0,22,0,0,0,0.0,0.0,0.0,0.0,0.0,0.0,2.0373125,2.0763888,2,-1,0,0.08549189,0
0,14,0,0,0,0.0,0.0,0.0,0.0,0.0,0.0,2.3730624,2.3,2,-1,0,0.15643343,0
0,20,0,0,0,0.0,0.0,0.0,0.0,0.0,0.0,2.0692918,2.0683334,2,-1,0,0.08293233,0
0,7,1,0,1,339.02133,-115.83036,69.34079,-0.035571046,0.010042362,-0.0070725726,6.580646,6.621389,2,-1,0,0.9881081,1
0,16,0,0,0,0.0,0.0,0.0,0.0,0.0,0.0,2.1298332,2.0677779,2,-1,0,0.08045535,0
0,12,0,0,0,0.0,0.0,0.0,0.0,0.0,0.0,2.0053265,2.0194445,2,-1,0,0.15302798,0
0,7,1,1,1,339.02133,-115.83036,69.34079,-0.035571046,0.010042362,-0.0070725726,24.543188,24.445833,2,27,1,0.99999154,1
0,1,0,0,0,0.0,0.0,0.0,0.0,0.0,0.0,2.6044722,2.5725,2,-1,0,0.09608076,0
0,4,0,0,0,0.0,0.0,0.0,0.0,0.0,0.0,2.3390348,2.3375,2,-1,0,0.07857112,0
0,39,0,0,0,0.0,0.0,0.0,0.0,0.0,0.0,2.2360418,2.34,2,-1,0,0.11557389,0
0,10,0,0,0,0.0,0.0,0.0,0.0,0.0,0.0,2.6100137,2.5852778,2,-1,0,0.26351228,0
0,34,0,0,0,0.0,0.0,0.0,0.0,0.0,0.0,2.2897499,2.1741667,2,-1,0,0.06845526,0
0,38,0,0,0,0.0,0.0,0.0,0.0,0.0,0.0,2.0778055,2.1166666,2,-1,0,0.080357045,0
0,28,0,0,0,0.0,0.0,0.0,0.0,0.0,0.0,2.4650276,2.4005556,2,-1,0,0.19626224,0
0,39,0,0,0,0.0,0.0,0.0,0.0,0.0,0.0,2.0898194,2.0827777,2,-1,0,0.052596938,0
0,16,0,0,0,0.0,0.0,0.0,0.0,0.0,0.0,2.6456528,2.57,2,-1,0,0.2577046,0
0,29,0,0,0,0.0,0.0,0.0,0.0,0.0,0.0,2.3984165,2.4627779,2,-1,0,0.07465234,0
0,5,0,0,0,0.0,0.0,0.0,0.0,0.0,0.0,2.2134027,2.2705555,2,-1,0,0.11407783,0
0,32,0,0,0,0.0,0.0,0.0,0.0,0.0,0.0,1.996757,2.0197222,2,-1,0,0.0982336,0
0,20,0,0,0,0.0,0.0,0.0,0.0,0.0,0.0,2.2824862,1.9311111,2,-1,0,0.015445865,0
0,18,0,0,0,0.0,0.0,0.0,0.0,0.0,0.0,2.1577084,2.158611,2,-1,0,0.10339512,0
0,12,0,0,0,0.0,0.0,0.0,0.0,0.0,0.0,2.3921251,2.408611,2,-1,0,0.24087106,0
0,40,0,0,0,0.0,0.0,0.0,0.0,0.0,0.0,2.719521,2.7330556,2,-1,0,0.2122495,0
0,12,0,0,0,0.0,0.0,0.0,0.0,0.0,0.0,2.1991599,2.2069445,2,-1,0,0.07861958,0
0,1,0,0,0,0.0,0.0,0.0,0.0,0.0,0.0,2.1509445,2.0855556,2,-1,0,0.055795737,0
0,16,0,0,0,0.0,0.0,0.0,0.0,0.0,0.0,2.6069374,2.625,2,-1,0,0.25113502,0
0,24,0,0,0,0.0,0.0,0.0,0.0,0.0,0.0,2.2754583,2.208889,2,-1,0,0.07845984,0
0,9,0,0,0,0.0,0.0,0.0,0.0,0.0,0.0,1.9517083,2.016389,2,-1,0,0.103577845,0
0,31,0,0,0,0.0,0.0,0.0,0.0,0.0,0.0,2.243611,2.1883333,2,-1,0,0.07373909,0
0,36,0,0,0,0.0,0.0,0.0,0.0,0.0,0.0,2.9011598,2.88,2,-1,0,0.32118115,0
0,27,0,0,0,0.0,0.0,0.0,0.0,0.0,0.0,2.004625,2.0552778,2,-1,0,0.07364693,0
0,22,0,0,0,0.0,0.0,0.0,0.0,0.0,0.0,2.0951042,2.0219445,2,-1,0,0.11402024,0
0,16,0,0,0,0.0,0.0,0.0,0.0,0.0,0.0,2.4150138,2.4341667,2,-1,0,0.14214762,0
0,4,0,0,0,0.0,0.0,0.0,0.0,0.0,0.0,1.9050418,2.0144444,2,-1,0,0.10405221,0
0,15,0,0,0,0.0,0.0,0.0,0.0,0.0,0.0,2.3579793,2.276389,2,-1,0,0.048469782,0
0,23,0,0,0,0.0,0.0,0.0,0.0,0.0,0.0,2.121736,2.0569444,2,-1,0,0.07010145,0
0,30,0,0,0,0.0,0.0,0.0,0.0,0.0,0.0,2.1348333,2.1330554,2,-1,0,0.07767219,0
0,8,0,0,0,0.0,0.0,0.0,0.0,0.0,0.0,2.112764,2.1605556,2,-1,0,0.14317328,0
1,1,1,1,1,10.825561,-469.12933,138.30626,-0.021711614,0.0033197217,-0.003687247,15.329229,15.103056,2,0,1,0.99999964,1
1,10,0,0,0,0.0,0.0,0.0,0.0,0.0,0.0,2.261979,2.2638888,2,-1,0,0.1073901,0
1,25,0,0,1,23.48811,388.01227,425.81876,-0.02908723,0.006979092,-0.0077616046,2.8348057,2.6927779,2,-1,0,0.683996,1
1,25,1,1,1,23.48811,388.01227,425.81876,-0.02908723,0.006979092,-0.0077616046,20.550028,20.33639,2,1,1,0.9999654,1
1,36,0,1,1,18.066795,-425.0938,171.44498,-0.0026969647,-0.0002963468,0.00066288764,3.0483057,2.9483333,2,2,1,0.6807662,1
1,36,0,0,0,0.0,0.0,0.0,0.0,0.0,0.0,2.707868,2.7172222,2,-1,0,0.10294527,0
1,25,1,0,1,23.48811,388.01227,425.81876,-0.02908723,0.006979092,-0.0077616046,12.349195,12.3275,2,-1,0,0.9806481,1
1,29,0,0,0,0.0,0.0,0.0,0.0,0.0,0.0,2.0348332,2.0511112,2,-1,0,0.06925495,0
1,14,0,0,0,0.0,0.0,0.0,0.0,0.0,0.0,2.3241806,2.308889,2,-1,0,0.10010992,0
1,12,0,0,0,0.0,0.0,0.0,0.0,0.0,0.0,2.1982083,2.16,2,-1,0,0.09065409,0
1,13,1,0,1,66.71518,100.87686,352.32346,-0.010795283,-0.00018963356,-0.0018952542,2.8790069,2.728889,2,-1,0,0.36891872,0
1,24,0,0,0,0.0,0.0,0.0,0.0,0.0,0.0,2.2279792,2.2838888,2,-1,0,0.085155785,0
1,38,0,0,0,0.0,0.0,0.0,0.0,0.0,0.0,2.150625,2.2019444,2,-1,0,0.06621428,0
1,25,0,0,0,0.0,0.0,0.0,0.0,0.0,0.0,2.122986,2.1430554,2,-1,0,0.075995415,0
1,11,0,0,0,0.0,0.0,0.0,0.0,0.0,0.0,2.1613333,2.1063888,2,-1,0,0.15462863,0
1,8,1,1,1,-45.36531,-373.23456,219.02205,-0.007633391,0.0025059565,-0.0026174712,10.041819,9.913889,2,3,1,0.9831156,1
1,28,0,0,0,0.0,0.0,0.0,0.0,0.0,0.0,2.6229444,2.5119445,2,-1,0,0.11866615,0
1,13,0,0,0,0.0,0.0,0.0,0.0,0.0,0.0,2.9113889,2.913889,2,-1,0,0.26495445,0
1,7,0,0,0,0.0,0.0,0.0,0.0,0.0,0.0,2.063347,2.2008333,2,-1,0,0.0407106,0
1,20,0,0,0,0.0,0.0,0.0,0.0,0.0,0.0,2.1027222,2.1088889,2,-1,0,0.08520614,0
1,2,1,1,1,-54.841515,146.63197,87.80332,-0.0080667995,0.0023880326,-0.0029141163,9.924208,10.099444,2,4,1,0.99184775,1
1,29,0,0,0,0.0,0.0,0.0,0.0,0.0,0.0,2.883771,2.981111,2,-1,0,0.12571007,0
1,22,0,0,0,0.0,0.0,0.0,0.0,0.0,0.0,1.9907085,2.0655556,2,-1,0,0.08773792,0
1,5,0,0,0,0.0,0.0,0.0,0.0,0.0,0.0,2.1634235,2.1625,2,-1,0,0.11983918,0
1,13,1,1,1,66.71518,100.87686,352.32346,-0.010795283,-0.00018963356,-0.0018952542,8.417431,8.368055,2,5,1,0.98745525,1
1,2,0,0,0,0.0,0.0,0.0,0.0,0.0,0.0,2.1885138,2.1175,2,-1,0,0.09487132,0
1,16,1,1,1,-65.613075,-173.65233,4.5256243,-0.0049717366,0.0010522056,0.00080219924,5.9552364,5.853889,2,6,1,0.9808169,1
1,7,0,0,0,0.0,0.0,0.0,0.0,0.0,0.0,2.3011806,2.2375,2,-1,0,0.10615008,0
1,18,1,1,1,77.828064,89.82599,20.510942,-0.009719701,-0.0005027563,-0.0016042845,10.436355,10.417222,2,7,1,0.9724448,1
1,14,1,1,1,-75.79586,-574.6387,205.21877,-0.00781639,4.8188434e-05,-0.0015015022,8.597472,8.708889,2,8,1,0.9797662,1
1,7,0,0,0,0.0,0.0,0.0,0.0,0.0,0.0,2.26825,2.2347221,2,-1,0,0.12251085,0
1,23,0,0,0,0.0,0.0,0.0,0.0,0.0,0.0,2.4553335,2.436389,2,-1,0,0.12138052,0
1,34,1,1,1,-89.077255,-409.7727,263.00302,-0.0066060117,0.0036859773,-0.00080449233,8.922764,8.7288885,2,9,1,0.99918085,1
1,12,1,1,1,98.60303,252.8903,132.55362,-0.0056314776,0.0015276974,-0.00026007148,6.3765974,6.4769444,2,10,1,0.98232347,1
1,23,0,0,0,0.0,0.0,0.0,0.0,0.0,0.0,2.0940557,1.9455556,2,-1,0,0.054690294,0
1,12,0,0,0,0.0,0.0,0.0,0.0,0.0,0.0,2.0052083,2.053611,2,-1,0,0.1002506,0
1,12,0,0,0,0.0,0.0,0.0,0.0,0.0,0.0,2.365236,2.3622222,2,-1,0,0.12879686,0
1,16,0,0,0,0.0,0.0,0.0,0.0,0.0,0.0,2.474972,2.4683332,2,-1,0,0.16119713,0
1,5,0,0,0,0.0,0.0,0.0,0.0,0.0,0.0,2.646361,2.6458333,2,-1,0,0.21891433,0
1,13,0,0,0,0.0,0.0,0.0,0.0,0.0,0.0,2.8636806,2.7783334,2,-1,0,0.163937,0
1,4,0,0,0,0.0,0.0,0.0,0.0,0.0,0.0,2.334479,2.205,2,-1,0,0.07909813,0
1,2,0,0,0,0.0,0.0,0.0,0.0,0.0,0.0,2.2904167,2.3333333,2,-1,0,0.11411959,0
1,25,0,0,0,0.0,0.0,0.0,0.0,0.0,0.0,1.9829792,2.0438888,2,-1,0,0.037616868,0
1,28,1,0,1,223.02084,-344.46466,122.387764,-0.026060564,0.007305092,-0.008406032,5.048028,5.1075,2,-1,0,0.96914107,1
1,25,0,0,0,0.0,0.0,0.0,0.0,0.0,0.0,2.0538542,2.0855556,2,-1,0,0.09071012,0
1,20,0,0,0,0.0,0.0,0.0,0.0,0.0,0.0,2.3179443,2.305,2,-1,0,0.144563,0
1,3,1,1,1,-131.7643,130.4659,163.85439,-0.0140835205,0.0050702477,-0.0013098671,12.092175,12.120277,2,11,1,0.98234427,1
1,16,0,0,0,0.0,0.0,0.0,0.0,0.0,0.0,2.015486,2.0347223,2,-1,0,0.08240076,0
1,3,1,0,1,-131.7643,130.4659,163.85439,-0.0140835205,0.0050702477,-0.0013098671,5.0685763,5.134722,2,-1,0,0.9875586,1
1,24,0,0,0,0.0,0.0,0.0,0.0,0.0,0.0,2.2045903,2.1875,2,-1,0,0.11064906,0
1,34,0,0,0,0.0,0.0,0.0,0.0,0.0,0.0,2.1971946,2.0972223,2,-1,0,0.14796694,0
1,20,0,0,0,0.0,0.0,0.0,0.0,0.0,0.0,2.1201806,2.136111,2,-1,0,0.085245885,0
1,20,0,0,0,0.0,0.0,0.0,0.0,0.0,0.0,2.646847,2.645,2,-1,0,0.22532766,0
1,26,0,0,0,0.0,0.0,0.0,0.0,0.0,0.0,2.8192084,2.8080556,2,-1,0,0.328205,0
1,13,0,0,0,0.0,0.0,0.0,0.0,0.0,0.0,2.1496112,1.9486111,2,-1,0,0.086371444,0
1,11,1,1,1,-156.7417,400.34354,90.34909,-0.04315276,0.009663393,-0.010751443,18.319326,18.271667,2,12,1,0.999233,1
1,33,1,1,1,164.28566,529.72797,444.14883,-0.021691486,0.003079925,-0.006885646,18.651403,18.574167,2,13,1,0.9874551,1
1,5,0,0,0,0.0,0.0,0.0,0.0,0.0,0.0,2.0833611,2.0916667,2,-1,0,0.08932337,0
1,2,0,0,0,0.0,0.0,0.0,0.0,0.0,0.0,2.3820903,2.2530556,2,-1,0,0.17365347,0
1,15,1,1,1,-170.19916,495.07605,34.10541,-0.0082006315,0.0035573437,-0.0005615478,8.976222,8.973056,2,-1,1,0.95657504,1
1,13,0,0,0,0.0,0.0,0.0,0.0,0.0,0.0,1.9433819,2.0469444,2,-1,0,0.1527333,0
1,16,0,0,0,0.0,0.0,0.0,0.0,0.0,0.0,2.3999794,2.378611,2,-1,0,0.10520688,0
1,3,0,0,0,0.0,0.0,0.0,0.0,0.0,0.0,2.0573056,2.0594444,2,-1,0,0.04836555,0
1,11,1,0,1,-156.7417,400.34354,90.34909,-0.04315276,0.009663393,-0.010751443,2.123361,2.066111,2,-1,0,0.105755754,0
1,25,0,0,0,0.0,0.0,0.0,0.0,0.0,0.0,2.1059444,2.1197221,2,-1,0,0.12537563,0
1,34,0,0,0,0.0,0.0,0.0,0.0,0.0,0.0,3.8610835,3.7180555,2,-1,0,0.9304813,1
1,19,1,0,1,203.81621,-554.1651,305.05664,-0.027889589,0.0066452185,-0.008704333,3.684049,3.7780557,2,-1,0,0.9289601,1
1,26,1,1,1,183.12833,377.0389,221.35677,-0.00510702,0.0017227543,-0.0033468062,6.759347,6.7080555,2,14,1,0.96427476,1
1,4,1,1,1,184.82465,-499.05786,395.1481,-0.0074637807,-0.000521517,-0.0010993225,7.325521,7.355278,2,15,1,0.9568848,1
1,30,0,0,0,0.0,0.0,0.0,0.0,0.0,0.0,2.0676665,2.0144444,2,-1,0,0.046534482,0
1,12,0,0,0,0.0,0.0,0.0,0.0,0.0,0.0,2.1255,2.1047223,2,-1,0,0.03831339,0
1,13,0,0,0,0.0,0.0,0.0,0.0,0.0,0.0,2.3128266,2.2216666,2,-1,0,0.11404058,0
1,21,0,0,0,0.0,0.0,0.0,0.0,0.0,0.0,2.130625,2.1377778,2,-1,0,0.138204,0
1,3,0,0,0,0.0,0.0,0.0,0.0,0.0,0.0,2.0347638,2.035,2,-1,0,0.07338191,0
1,27,0,0,0,0.0,0.0,0.0,0.0,0.0,0.0,2.1215138,2.071389,2,-1,0,0.040301207,0
1,19,1,0,1,203.81621,-554.1651,305.05664,-0.027889589,0.0066452185,-0.008704333,3.4841807,3.3919444,2,-1,0,0.95988005,1
1,22,0,0,0,0.0,0.0,0.0,0.0,0.0,0.0,2.3935692,2.4627779,2,-1,0,0.13454181,0
1,20,0,0,0,0.0,0.0,0.0,0.0,0.0,0.0,1.9495277,2.0591667,2,-1,0,0.07312558,0
1,19,1,1,1,203.81621,-554.1651,305.05664,-0.027889589,0.0066452185,-0.008704333,23.847647,23.8125,2,16,1,0.9949864,1
1,28,1,0,1,223.02084,-344.46466,122.387764,-0.026060564,0.007305092,-0.008406032,3.8488817,3.765,2,-1,0,0.938282,1
1,9,0,0,0,0.0,0.0,0.0,0.0,0.0,0.0,2.7258334,2.7686112,2,-1,0,0.16467777,0
1,9,0,0,0,0.0,0.0,0.0,0.0,0.0,0.0,2.5349448,2.456389,2,-1,0,0.116195776,0
1,14,0,0,0,0.0,0.0,0.0,0.0,0.0,0.0,1.9582709,2.0280557,2,-1,0,0.07288366,0
1,35,0,0,0,0.0,0.0,0.0,0.0,0.0,0.0,2.4155416,2.4222221,2,-1,0,0.052102275,0
1,37,1,1,1,214.51106,-395.65573,407.60797,-0.013304473,0.0042571155,-0.0016365225,14.049965,14.296945,2,17,1,0.97836375,1
1,38,1,1,1,-214.49242,453.87476,88.87084,-0.018566623,0.0034895889,-0.0010045465,15.359625,15.188889,2,18,1,0.9372691,1
1,28,1,1,1,223.02084,-344.46466,122.387764,-0.026060564,0.007305092,-0.008406032,19.953588,19.84361,2,19,1,0.9936838,1
1,12,0,0,0,0.0,0.0,0.0,0.0,0.0,0.0,2.4942155,2.4913888,2,-1,0,0.29309684,0
1,38,1,0,1,-214.49242,453.87476,88.87084,-0.018566623,0.0034895889,-0.0010045465,4.0425205,4.0191665,2,-1,0,0.9837556,1
1,5,0,0,0,0.0,0.0,0.0,0.0,0.0,0.0,2.132889,2.192222,2,-1,0,0.07488913,0
1,11,1,0,1,-156.7417,400.34354,90.34909,-0.04315276,0.009663393,-0.010751443,8.754292,8.740278,2,-1,0,0.99997103,1
1,5,0,0,0,0.0,0.0,0.0,0.0,0.0,0.0,2.2570138,2.2733333,2,-1,0,0.44837365,0
1,12,0,0,0,0.0,0.0,0.0,0.0,0.0,0.0,2.4596386,2.461111,2,-1,0,0.0802104,0
1,5,1,1,1,236.24434,588.4012,156.65771,-0.014434457,0.000220066,-0.0027114223,8.287132,8.321667,2,20,1,0.97701955,1
1,11,1,0,1,-156.7417,400.34354,90.34909,-0.04315276,0.009663393,-0.010751443,12.011799,11.925,2,-1,0,0.91529685,1
1,5,1,0,1,236.24434,588.4012,156.65771,-0.014434457,0.000220066,-0.0027114223,7.0281944,7.050833,2,-1,0,0.96872216,1
1,4,0,0,0,0.0,0.0,0.0,0.0,0.0,0.0,2.143111,2.1455555,2,-1,0,0.063106224,0
1,24,1,0,1,-235.57872,31.546076,7.2939844,-0.014307405,0.002673996,-0.0030582414,2.5971527,2.635,2,-1,0,0.14189005,0
1,11,0,0,0,0.0,0.0,0.0,0.0,0.0,0.0,1.9443126,2.0172222,2,-1,0,0.09560887,0
1,2,0,0,0,0.0,0.0,0.0,0.0,0.0,0.0,2.131875,2.2019444,2,-1,0,0.08103746,0
1,35,1,1,1,245.42496,-45.354343,258.79,-0.011683452,0.0021354326,-0.0026669574,10.894416,10.7875,2,21,1,0.951255,1
1,36,0,0,0,0.0,0.0,0.0,0.0,0.0,0.0,2.7829514,2.7497222,2,-1,0,0.12294627,0
1,32,1,1,1,-263.07596,538.6756,116.42688,-0.016034342,0.0020618553,-0.002864749,13.548876,13.573055,2,22,1,0.9754912,1
1,12,0,0,0,0.0,0.0,0.0,0.0,0.0,0.0,2.1405694,2.1444445,2,-1,0,0.088932775,0
1,35,0,0,0,0.0,0.0,0.0,0.0,0.0,0.0,2.4288266,2.4236112,2,-1,0,0.14739554,0
1,21,0,0,0,0.0,0.0,0.0,0.0,0.0,0.0,2.3912153,2.4147222,2,-1,0,0.18966132,0
1,24,1,1,1,-235.57872,31.546076,7.2939844,-0.014307405,0.002673996,-0.0030582414,4.183319,4.345556,2,23,1,0.96288323,1
1,23,1,1,1,-276.44568,423.23218,245.26707,-0.027827378,0.0058601033,-0.0022466164,22.677408,22.54861,2,24,1,0.99931467,1
1,1,0,0,0,0.0,0.0,0.0,0.0,0.0,0.0,2.0444584,2.1152778,2,-1,0,0.012948965,0
1,23,1,0,1,-276.44568,423.23218,245.26707,-0.027827378,0.0058601033,-0.0022466164,4.6029167,4.645278,2,-1,0,0.97629863,1
1,7,1,1,1,290.76056,462.30557,350.0619,-0.002639251,-0.00015027323,0.0005290119,2.2765834,2.2625,2,-1,1,0.08899159,0
1,38,0,0,0,0.0,0.0,0.0,0.0,0.0,0.0,2.9816942,3.0113888,2,-1,0,0.23870583,0
1,40,1,0,1,305.66113,-168.57077,10.548094,-0.0070963358,0.0017454658,-0.0021423893,2.169132,2.1913888,2,-1,0,0.0984953,0
1,35,0,0,0,0.0,0.0,0.0,0.0,0.0,0.0,2.4091666,2.4019444,2,-1,0,0.12939465,0
1,9,1,1,1,-302.11902,50.92329,322.9778,-0.024886526,0.004618389,-0.00353974,23.125834,23.176111,2,25,1,0.997355,1
1,40,1,1,1,305.66113,-168.57077,10.548094,-0.0070963358,0.0017454658,-0.0021423893,4.214528,4.1977777,2,26,1,0.90252566,1
1,27,0,0,0,0.0,0.0,0.0,0.0,0.0,0.0,2.871125,2.9080555,2,-1,0,0.1948163,0
1,18,0,0,0,0.0,0.0,0.0,0.0,0.0,0.0,2.1906042,2.1308334,2,-1,0,0.04491174,0
1,9,1,0,1,-302.11902,50.92329,322.9778,-0.024886526,0.004618389,-0.00353974,3.0461664,2.9669445,2,-1,0,0.25926214,0
1,24,0,0,0,0.0,0.0,0.0,0.0,0.0,0.0,2.482361,2.5158334,2,-1,0,0.13467972,0
1,20,0,0,0,0.0,0.0,0.0,0.0,0.0,0.0,2.2909584,2.2866666,2,-1,0,0.101535276,0
1,15,0,0,0,0.0,0.0,0.0,0.0,0.0,0.0,2.2002153,2.2941666,2,-1,0,0.0836798,0
1,5,0,0,0,0.0,0.0,0.0,0.0,0.0,0.0,2.2948542,2.2569444,2,-1,0,0.14294626,0
1,2,0,0,0,0.0,0.0,0.0,0.0,0.0,0.0,2.3027568,2.2527778,2,-1,0,0.12041331,0
1,11,0,0,0,0.0,0.0,0.0,0.0,0.0,0.0,2.0706878,2.118611,2,-1,0,0.20551118,0
1,30,1,1,1,336.5549,465.59113,236.88057,-0.00697909,0.003292575,-0.00011655251,7.402292,7.37,2,27,1,0.967558,1
1,3,0,0,0,0.0,0.0,0.0,0.0,0.0,0.0,2.0571737,2.1116667,2,-1,0,0.09746686,0
1,17,1,0,1,354.36737,-214.90854,112.60779,-0.017160866,0.0023133543,-0.002471802,3.5533264,3.5533333,2,-1,0,0.9162794,1
1,36,0,0,0,0.0,0.0,0.0,0.0,0.0,0.0,2.3970556,2.4258332,2,-1,0,0.102438085,0
1,29,1,1,1,346.16162,207.48354,354.75244,-0.003569272,0.00080036075,0.00097066694,3.2987847,3.2130556,2,-1,1,0.9333863,1
1,36,0,0,0,0.0,0.0,0.0,0.0,0.0,0.0,2.0956042,2.1422222,2,-1,0,0.17885216,0
1,31,1,1,1,-348.9727,-394.6404,44.274006,-0.00976463,0.0012739098,0.00018724118,9.437403,9.3758335,2,28,1,0.9863257,1
1,27,0,0,0,0.0,0.0,0.0,0.0,0.0,0.0,2.2194307,2.1455555,2,-1,0,0.074359454,0
1,17,1,1,1,354.36737,-214.90854,112.60779,-0.017160866,0.0023133543,-0.002471802,9.052139,9.016389,2,29,1,0.9981608,1
1,12,0,0,0,0.0,0.0,0.0,0.0,0.0,0.0,2.2247915,2.1941667,2,-1,0,0.1353447,0
1,19,0,0,0,0.0,0.0,0.0,0.0,0.0,0.0,1.9543194,2.0038888,2,-1,0,0.10308757,0
1,21,1,1,1,-355.36804,-209.09628,204.88286,-0.016814023,0.005928831,-0.0032186736,15.597201,15.418056,2,-1,1,0.99931324,1
1,6,1,1,1,-357.55942,14.241188,168.45921,-0.006473412,0.00090630585,0.00051875546,6.142083,6.0891666,2,30,1,0.9696455,1
1,34,0,0,0,0.0,0.0,0.0,0.0,0.0,0.0,2.3364513,2.346111,2,-1,0,0.09898405,0
1,12,0,0,0,0.0,0.0,0.0,0.0,0.0,0.0,2.7104032,2.7616668,2,-1,0,0.15301818,0
1,36,0,0,0,0.0,0.0,0.0,0.0,0.0,0.0,2.7526665,2.7322223,2,-1,0,0.14709963,0
1,18,0,0,0,0.0,0.0,0.0,0.0,0.0,0.0,2.0934443,2.0927777,2,-1,0,0.1901679,0
1,26,0,0,0,0.0,0.0,0.0,0.0,0.0,0.0,1.9911944,2.0855556,2,-1,0,0.11673591,0
1,30,0,0,0,0.0,0.0,0.0,0.0,0.0,0.0,2.176847,2.198611,2,-1,0,0.059512503,0
1,3,0,0,0,0.0,0.0,0.0,0.0,0.0,0.0,2.02659,2.0055556,2,-1,0,0.050187375,0
1,11,0,0,0,0.0,0.0,0.0,0.0,0.0,0.0,2.181903,2.211111,2,-1,0,0.09556726,0
1,32,0,0,0,0.0,0.0,0.0,0.0,0.0,0.0,2.4726665,2.3997223,2,-1,0,0.09757266,0
1,17,0,0,0,0.0,0.0,0.0,0.0,0.0,0.0,2.0537777,2.0608332,2,-1,0,0.095789984,0
1,17,0,0,0,0.0,0.0,0.0,0.0,0.0,0.0,2.171458,2.0597222,2,-1,0,0.1412644,0
1,23,0,0,0,0.0,0.0,0.0,0.0,0.0,0.0,2.665375,2.7119443,2,-1,0,0.33602887,0
1,22,0,0,0,0.0,0.0,0.0,0.0,0.0,0.0,2.0747223,2.1225,2,-1,0,0.17279136,0
1,7,0,0,0,0.0,0.0,0.0,0.0,0.0,0.0,2.069125,2.03,2,-1,0,0.04954733,0
1,25,0,0,0,0.0,0.0,0.0,0.0,0.0,0.0,2.4441667,2.4505556,2,-1,0,0.17255718,0
1,21,0,0,0,0.0,0.0,0.0,0.0,0.0,0.0,2.2201111,2.2444444,2,-1,0,0.07320952,0
1,21,0,0,0,0.0,0.0,0.0,0.0,0.0,0.0,2.5745556,2.5452778,2,-1,0,0.116254285,0
1,32,0,0,0,0.0,0.0,0.0,0.0,0.0,0.0,2.4121528,2.4116666,2,-1,0,0.09283684,0
1,20,0,0,0,0.0,0.0,0.0,0.0,0.0,0.0,2.6978333,2.686389,2,-1,0,0.34590054,0
1,25,0,0,0,0.0,0.0,0.0,0.0,0.0,0.0,2.1058333,2.1025,2,-1,0,0.08417973,0
1,20,0,0,0,0.0,0.0,0.0,0.0,0.0,0.0,2.352507,2.2641666,2,-1,0,0.065093905,0
1,8,0,0,0,0.0,0.0,0.0,0.0,0.0,0.0,2.1956944,2.2422223,2,-1,0,0.11325753,0
1,36,0,0,0,0.0,0.0,0.0,0.0,0.0,0.0,2.5608263,2.5947223,2,-1,0,0.16563046,0
1,6,0,0,0,0.0,0.0,0.0,0.0,0.0,0.0,2.660882,2.6616666,2,-1,0,0.19233279,0
1,36,0,0,0,0.0,0.0,0.0,0.0,0.0,0.0,2.3025,2.2769444,2,-1,0,0.17262504,0
1,16,0,0,0,0.0,0.0,0.0,0.0,0.0,0.0,2.3345764,2.3208334,2,-1,0,0.1668141,0
1,27,0,0,0,0.0,0.0,0.0,0.0,0.0,0.0,2.194236,2.192222,2,-1,0,0.13966204,0
1,6,0,0,0,0.0,0.0,0.0,0.0,0.0,0.0,2.3864584,2.5763888,2,-1,0,0.092765406,0
1,13,0,0,0,0.0,0.0,0.0,0.0,0.0,0.0,2.0490553,2.0694444,2,-1,0,0.11921809,0
1,26,0,0,0,0.0,0.0,0.0,0.0,0.0,0.0,2.2157223,2.195,2,-1,0,0.09109702,0
1,5,0,0,0,0.0,0.0,0.0,0.0,0.0,0.0,2.1520762,2.2094445,2,-1,0,0.034793723,0
1,28,0,0,0,0.0,0.0,0.0,0.0,0.0,0.0,2.1057777,2.0925,2,-1,0,0.0841376,0
2,10,1,1,1,13.258332,-418.09045,409.30142,-0.018597217,0.0059557967,-0.0033300659,13.675972,13.684444,2,0,1,0.9489642,1
2,10,1,0,1,13.258332,-418.09045,409.30142,-0.018597217,0.0059557967,-0.0033300659,11.244959,11.239722,2,-1,0,0.9955245,1
2,23,0,0,0,0.0,0.0,0.0,0.0,0.0,0.0,2.771861,2.7919445,2,-1,0,0.14071324,0
2,28,0,0,0,0.0,0.0,0.0,0.0,0.0,0.0,2.3329444,2.3955555,2,-1,0,0.12404703,0
2,35,0,0,0,0.0,0.0,0.0,0.0,0.0,0.0,2.3329444,2.3302777,2,-1,0,0.13793528,0
2,13,1,1,1,-27.997696,351.83075,299.35962,-0.011276218,0.0018857156,-0.0023062595,13.641403,13.856944,2,1,1,0.9913526,1
2,20,0,0,0,0.0,0.0,0.0,0.0,0.0,0.0,2.166271,2.1991668,2,-1,0,0.09945402,0
2,8,0,0,0,0.0,0.0,0.0,0.0,0.0,0.0,3.0011945,2.9205556,2,-1,0,0.11718659,0
2,20,0,0,0,0.0,0.0,0.0,0.0,0.0,0.0,2.239889,2.293611,2,-1,0,0.07434237,0
2,3,1,1,1,46.726143,525.80664,66.42756,-0.02516652,0.0041536447,-0.0067427326,32.15229,32.205555,2,2,1,0.9339393,1
2,11,0,0,0,0.0,0.0,0.0,0.0,0.0,0.0,2.134986,2.123889,2,-1,0,0.07724353,0
2,26,0,0,0,0.0,0.0,0.0,0.0,0.0,0.0,2.0479999,2.0566666,2,-1,0,0.064836234,0
2,33,0,0,0,0.0,0.0,0.0,0.0,0.0,0.0,2.1128957,2.0275,2,-1,0,0.09253383,0
2,38,0,0,0,0.0,0.0,0.0,0.0,0.0,0.0,2.0846875,2.041111,2,-1,0,0.10713537,0
2,12,0,0,0,0.0,0.0,0.0,0.0,0.0,0.0,2.307639,2.263611,2,-1,0,0.1399012,0
2,24,0,0,0,0.0,0.0,0.0,0.0,0.0,0.0,2.815097,2.7344444,2,-1,0,0.14967538,0
2,20,0,0,0,0.0,0.0,0.0,0.0,0.0,0.0,2.421,2.4358332,2,-1,0,0.094661355,0
2,12,0,0,0,0.0,0.0,0.0,0.0,0.0,0.0,2.456583,2.521111,2,-1,0,0.11723829,0
2,12,1,1,1,-68.18382,-520.8732,17.029634,-0.007421553,-0.00044747497,-0.0018618004,8.7369375,8.865278,2,3,1,0.99847215,1
2,23,0,0,0,0.0,0.0,0.0,0.0,0.0,0.0,2.103486,1.9955555,2,-1,0,0.031977613,0
2,31,1,1,1,71.490906,-129.64656,306.92996,-0.0032634945,0.0009870689,0.0009453018,3.439007,3.6044445,2,4,1,0.5282903,1
2,15,0,0,0,0.0,0.0,0.0,0.0,0.0,0.0,2.272993,2.2402778,2,-1,0,0.12666465,0
2,14,0,0,0,0.0,0.0,0.0,0.0,0.0,0.0,2.1028333,2.1369445,2,-1,0,0.12060444,0
2,32,0,0,0,0.0,0.0,0.0,0.0,0.0,0.0,2.8527155,2.9558334,2,-1,0,0.24822938,0
2,28,0,0,0,0.0,0.0,0.0,0.0,0.0,0.0,2.1831806,2.1775,2,-1,0,0.16685791,0
2,5,0,0,0,0.0,0.0,0.0,0.0,0.0,0.0,2.096139,2.0544446,2,-1,0,0.08776887,0
2,7,1,1,1,87.992134,522.4718,84.04067,-0.025338849,0.007283212,-0.006428583,31.363308,30.995277,2,5,1,0.97931504,1
2,17,0,0,0,0.0,0.0,0.0,0.0,0.0,0.0,2.1296735,2.1444445,2,-1,0,0.10115195,0
2,7,0,0,0,0.0,0.0,0.0,0.0,0.0,0.0,2.4228196,2.4027777,2,-1,0,0.08569949,0
2,19,0,0,0,0.0,0.0,0.0,0.0,0.0,0.0,2.6032848,2.442222,2,-1,0,0.12853245,0
2,1,0,0,0,0.0,0.0,0.0,0.0,0.0,0.0,1.9925348,2.0366666,2,-1,0,0.059364926,0
2,11,0,0,0,0.0,0.0,0.0,0.0,0.0,0.0,2.3176248,2.26,2,-1,0,0.08963105,0
2,26,1,1,1,-93.57484,-105.566124,133.32323,-0.002478493,0.0009231877,0.00084235636,2.7840002,2.7672222,2,6,1,0.3650676,0
2,1,0,0,0,0.0,0.0,0.0,0.0,0.0,0.0,2.3831527,2.4180555,2,-1,0,0.12929215,0
2,10,0,0,0,0.0,0.0,0.0,0.0,0.0,0.0,2.5170696,0.7286111,2,-1,0,0.16960585,0
2,29,0,0,0,0.0,0.0,0.0,0.0,0.0,0.0,2.0021389,2.033611,2,-1,0,0.022896592,0
2,4,0,0,0,0.0,0.0,0.0,0.0,0.0,0.0,2.094361,2.1019444,2,-1,0,0.05113049,0
2,39,0,0,0,0.0,0.0,0.0,0.0,0.0,0.0,2.2029443,2.2369444,2,-1,0,0.07825297,0
2,37,1,1,1,120.34399,-599.60516,410.53073,-0.013055533,0.0009273165,-0.004841873,12.992944,12.898056,2,7,1,0.9896006,1
2,5,0,0,0,0.0,0.0,0.0,0.0,0.0,0.0,2.0534792,2.0175,2,-1,0,0.097641975,0
2,5,0,0,0,0.0,0.0,0.0,0.0,0.0,0.0,2.6018474,2.6377778,2,-1,0,0.115757056,0
2,14,0,0,0,0.0,0.0,0.0,0.0,0.0,0.0,14.783805,-1.0,2,-1,0,0.95045096,1
2,20,1,1,1,129.41467,-334.80646,10.432819,-0.023065725,0.0049437797,-0.0015431044,22.163807,22.091944,2,8,1,0.9999987,1
2,29,0,0,0,0.0,0.0,0.0,0.0,0.0,0.0,2.2262917,2.2905555,2,-1,0,0.061511,0
2,17,0,0,0,0.0,0.0,0.0,0.0,0.0,0.0,2.1892776,2.1861112,2,-1,0,0.076605886,0
2,23,0,0,0,0.0,0.0,0.0,0.0,0.0,0.0,2.6307917,2.6641667,2,-1,0,0.14551474,0
2,9,1,1,1,-129.51662,-493.1437,117.91972,-0.01378509,0.004756641,-0.0013093589,16.744375,16.655834,2,9,1,0.98592585,1
2,16,0,0,0,0.0,0.0,0.0,0.0,0.0,0.0,2.034896,2.0216668,2,-1,0,0.055903368,0
2,3,0,0,0,0.0,0.0,0.0,0.0,0.0,0.0,2.1011806,2.1633334,2,-1,0,0.073068716,0
2,26,0,0,0,0.0,0.0,0.0,0.0,0.0,0.0,2.0112083,2.0966666,2,-1,0,0.086202286,0
2,20,0,0,0,0.0,0.0,0.0,0.0,0.0,0.0,2.263375,2.146389,2,-1,0,0.07272445,0
2,16,1,1,1,141.11319,-475.15195,41.1972,-0.011462093,0.0005355036,-0.001999169,12.928145,12.9025,2,10,1,0.9090438,1
2,23,1,1,1,145.54596,237.03156,116.315926,-0.013033766,0.003765572,-0.0011757275,9.690257,9.643888,2,11,1,0.99022466,1
2,23,1,0,1,145.54596,237.03156,116.315926,-0.013033766,0.003765572,-0.0011757275,5.2919583,5.3480554,2,-1,0,0.9691789,1
2,37,0,0,0,0.0,0.0,0.0,0.0,0.0,0.0,2.0980208,2.0969443,2,-1,0,0.07816731,0
2,6,0,0,0,0.0,0.0,0.0,0.0,0.0,0.0,2.1444168,2.0905557,2,-1,0,0.09430252,0
2,30,0,0,0,0.0,0.0,0.0,0.0,0.0,0.0,2.2024863,2.1630557,2,-1,0,0.057011046,0
2,10,0,0,0,0.0,0.0,0.0,0.0,0.0,0.0,2.0275278,2.0330555,2,-1,0,0.067979954,0
2,40,0,0,0,0.0,0.0,0.0,0.0,0.0,0.0,2.2385972,2.29,2,-1,0,0.08446683,0
2,4,1,1,1,-163.44365,317.97812,146.52657,-0.0019450334,0.0015992058,0.00018368577,2.1804028,2.255,2,12,1,0.083502054,0
2,23,0,0,0,0.0,0.0,0.0,0.0,0.0,0.0,2.039882,2.0475,2,-1,0,0.099053726,0
2,19,1,0,1,178.83054,511.26733,129.2339,-0.028032385,0.0066845994,-0.0040093255,6.061347,6.1358333,2,-1,0,0.97908247,1
2,19,1,1,1,178.83054,511.26733,129.2339,-0.028032385,0.0066845994,-0.0040093255,25.217249,25.221666,2,13,1,0.73994446,1
2,22,0,0,0,0.0,0.0,0.0,0.0,0.0,0.0,2.1489723,2.2369444,2,-1,0,0.154487,0
2,17,0,0,0,0.0,0.0,0.0,0.0,0.0,0.0,2.3015625,2.2316666,2,-1,0,0.11057536,0
2,39,0,0,0,0.0,0.0,0.0,0.0,0.0,0.0,3.0406597,3.0997221,2,-1,0,0.23145339,0
2,35,1,1,1,-176.42377,406.5943,256.1483,-0.012748045,0.0035899892,-0.0051856856,10.132549,10.2097225,2,14,1,0.97006434,1
2,19,0,0,0,0.0,0.0,0.0,0.0,0.0,0.0,2.4691386,2.4252777,2,-1,0,0.07743068,0
2,35,1,0,1,-176.42377,406.5943,256.1483,-0.012748045,0.0035899892,-0.0051856856,4.8460135,4.705278,2,-1,0,0.98619705,1
2,36,0,0,0,0.0,0.0,0.0,0.0,0.0,0.0,1.9965485,2.0416667,2,-1,0,0.077776924,0
2,30,1,1,1,184.37025,357.5178,339.3624,-0.0020020613,0.0004449618,-0.0018787595,2.5259304,2.5252779,2,15,1,0.21496987,0
2,26,0,0,0,0.0,0.0,0.0,0.0,0.0,0.0,1.9223053,2.0083334,2,-1,0,0.06137302,0
2,10,0,0,0,0.0,0.0,0.0,0.0,0.0,0.0,2.082611,2.0641668,2,-1,0,0.122602984,0
2,37,0,0,0,0.0,0.0,0.0,0.0,0.0,0.0,2.2777777,2.2169445,2,-1,0,0.09251289,0
2,30,0,0,0,0.0,0.0,0.0,0.0,0.0,0.0,2.19975,2.2161112,2,-1,0,0.09844755,0
2,6,0,0,0,0.0,0.0,0.0,0.0,0.0,0.0,2.401354,2.4119444,2,-1,0,0.16910198,0
2,21,0,0,0,0.0,0.0,0.0,0.0,0.0,0.0,2.2624097,2.3038888,2,-1,0,0.09834418,0
2,36,1,1,1,199.56834,402.1257,219.61139,-0.01700068,0.0011751748,-0.003573225,17.83772,17.760279,2,16,1,0.99299014,1
2,12,0,0,0,0.0,0.0,0.0,0.0,0.0,0.0,2.4864583,1.3794445,2,-1,0,0.08916308,0
2,24,0,0,0,0.0,0.0,0.0,0.0,0.0,0.0,2.8980904,2.8063889,2,-1,0,0.14606808,0
2,33,0,0,0,0.0,0.0,0.0,0.0,0.0,0.0,2.2951877,2.2294445,2,-1,0,0.055428572,0
2,35,0,0,0,0.0,0.0,0.0,0.0,0.0,0.0,2.3133056,2.3105555,2,-1,0,0.3501434,0
2,3,0,0,0,0.0,0.0,0.0,0.0,0.0,0.0,2.1226113,2.076111,2,-1,0,0.07744188,0
2,26,0,0,0,0.0,0.0,0.0,0.0,0.0,0.0,2.5711665,2.57,2,-1,0,0.14151669,0
2,29,0,0,0,0.0,0.0,0.0,0.0,0.0,0.0,2.2161043,2.221111,2,-1,0,0.0651757,0
2,6,0,0,0,0.0,0.0,0.0,0.0,0.0,0.0,2.0878193,2.1411111,2,-1,0,0.06778711,0
2,33,0,0,0,0.0,0.0,0.0,0.0,0.0,0.0,2.6294444,2.5902777,2,-1,0,0.13464695,0
2,39,0,0,0,0.0,0.0,0.0,0.0,0.0,0.0,2.0723681,2.1736112,2,-1,0,0.09048954,0
2,2,1,1,1,240.71684,-101.64574,211.6854,-0.013057127,0.002511995,-0.0006667273,12.553403,12.46,2,17,1,0.9801602,1
2,18,0,0,0,0.0,0.0,0.0,0.0,0.0,0.0,2.032132,2.0108333,2,-1,0,0.1255872,0
2,28,1,1,1,241.59523,-393.5339,241.0853,-0.0025359879,-0.0005525435,-0.0015042,2.5614445,2.6008334,2,18,1,0.161708,0
2,36,0,0,0,0.0,0.0,0.0,0.0,0.0,0.0,2.3142083,2.3194444,2,-1,0,0.10509772,0
2,37,0,0,0,0.0,0.0,0.0,0.0,0.0,0.0,2.1219792,2.1002777,2,-1,0,0.16472495,0
2,3,0,0,0,0.0,0.0,0.0,0.0,0.0,0.0,2.07475,2.025,2,-1,0,0.058386616,0
2,32,0,0,0,0.0,0.0,0.0,0.0,0.0,0.0,2.1879582,2.181111,2,-1,0,0.08525156,0
2,1,0,0,0,0.0,0.0,0.0,0.0,0.0,0.0,2.1159723,2.1572223,2,-1,0,0.046600528,0
2,23,0,0,0,0.0,0.0,0.0,0.0,0.0,0.0,2.1802154,2.1577778,2,-1,0,0.10945205,0
2,26,0,0,0,0.0,0.0,0.0,0.0,0.0,0.0,2.0902846,2.0202777,2,-1,0,0.08802033,0
2,23,0,0,0,0.0,0.0,0.0,0.0,0.0,0.0,1.9918264,2.016389,2,-1,0,0.12798752,0
2,22,1,1,1,266.05807,188.62837,14.176541,-0.0062977313,0.0022666769,-0.00015630393,6.242167,6.1741667,2,19,1,0.95418936,1
2,30,0,0,0,0.0,0.0,0.0,0.0,0.0,0.0,2.089986,2.0947223,2,-1,0,0.07742072,0
2,15,1,1,1,269.6064,223.14838,333.07672,-0.014629042,0.003930047,-0.0054496005,16.295471,16.204721,2,20,1,0.8889855,1
2,28,0,0,0,0.0,0.0,0.0,0.0,0.0,0.0,2.408132,2.458889,2,-1,0,0.107586674,0
2,29,1,1,1,-267.5928,417.6882,63.62782,-0.012796675,0.0018900058,-0.0012345898,11.398403,11.287222,2,21,1,0.9788795,1
2,5,1,1,1,-267.5644,-107.748825,259.56543,-0.017061908,0.005326553,-0.00632052,10.897611,10.923056,2,22,1,0.94269794,1
2,5,1,0,1,-267.5644,-107.748825,259.56543,-0.017061908,0.005326553,-0.00632052,3.5716114,3.6616666,2,-1,0,0.94831324,1
2,24,1,1,1,-271.81772,526.1391,173.44734,-0.004476615,0.002107511,-0.0005559357,4.8216667,4.733333,2,23,1,0.98437065,1
2,34,1,0,1,305.03384,66.470314,445.22574,-0.037761062,0.010455406,-0.0061951294,6.2715135,6.2769446,2,-1,0,0.9676849,1
2,12,0,0,0,0.0,0.0,0.0,0.0,0.0,0.0,2.3014584,2.3263888,2,-1,0,0.07111209,0
2,21,1,1,1,280.2476,-215.18768,413.17276,-0.0073295673,0.0024689517,0.0006496791,7.7283196,7.6408334,2,24,1,0.89887214,1
2,25,0,0,0,0.0,0.0,0.0,0.0,0.0,0.0,2.2700279,2.2558334,2,-1,0,0.10163058,0
2,36,0,0,0,0.0,0.0,0.0,0.0,0.0,0.0,2.270611,2.2652779,2,-1,0,0.17141311,0
2,34,1,1,1,305.03384,66.470314,445.22574,-0.037761062,0.010455406,-0.0061951294,30.631111,30.519722,2,25,1,0.9831596,1
2,39,1,1,1,305.7432,-177.59334,227.22603,-0.013029958,0.003199118,-0.0049683237,14.234826,14.290556,2,26,1,0.97279334,1
2,29,0,0,0,0.0,0.0,0.0,0.0,0.0,0.0,2.7938056,2.6336112,2,-1,0,0.37105426,0
2,40,1,1,1,-306.94565,-461.06238,16.669912,-0.020123627,0.005112762,-0.006252857,20.36568,20.65,2,27,1,0.99174786,1
2,14,0,0,0,0.0,0.0,0.0,0.0,0.0,0.0,2.1529791,2.1369445,2,-1,0,0.08254125,0
2,9,0,0,0,0.0,0.0,0.0,0.0,0.0,0.0,2.0239165,2.0225,2,-1,0,0.101345316,0
2,19,0,0,0,0.0,0.0,0.0,0.0,0.0,0.0,2.0040972,2.031111,2,-1,0,0.09273317,0
2,9,0,0,0,0.0,0.0,0.0,0.0,0.0,0.0,2.2338471,2.143889,2,-1,0,0.12652574,0
2,38,1,1,1,326.77087,-568.79205,356.4302,-0.005839164,0.0028984079,-0.0014671952,3.5175486,3.5633333,2,28,1,0.63465565,1
2,1,0,0,0,0.0,0.0,0.0,0.0,0.0,0.0,2.0230973,2.055,2,-1,0,0.091022454,0
2,13,0,0,0,0.0,0.0,0.0,0.0,0.0,0.0,2.1659863,2.103889,2,-1,0,0.06518351,0
2,32,0,0,0,0.0,0.0,0.0,0.0,0.0,0.0,2.0485,2.0466666,2,-1,0,0.14012517,0
2,25,1,1,1,-333.95334,-144.93852,429.06918,-0.0061478973,0.0008471518,-0.0034198533,6.7123957,6.761667,2,29,1,0.97844726,1
2,16,0,0,0,0.0,0.0,0.0,0.0,0.0,0.0,2.020139,2.077222,2,-1,0,0.10284439,0
2,32,0,0,0,0.0,0.0,0.0,0.0,0.0,0.0,2.5845416,2.5886111,2,-1,0,0.048157923,0
2,5,0,0,0,0.0,0.0,0.0,0.0,0.0,0.0,2.0662224,2.0683334,2,-1,0,0.08520335,0
2,9,0,0,0,0.0,0.0,0.0,0.0,0.0,0.0,1.9492779,2.0066667,2,-1,0,0.081828564,0
2,31,0,0,0,0.0,0.0,0.0,0.0,0.0,0.0,2.7277915,2.7402778,2,-1,0,0.16519505,0
2,37,0,0,0,0.0,0.0,0.0,0.0,0.0,0.0,2.5783887,2.5527778,2,-1,0,0.08776179,0
2,32,0,0,0,0.0,0.0,0.0,0.0,0.0,0.0,2.0836806,2.1713889,2,-1,0,0.12555058,0
2,16,0,0,0,0.0,0.0,0.0,0.0,0.0,0.0,2.4693334,2.4444444,2,-1,0,0.13129373,0
2,9,0,0,0,0.0,0.0,0.0,0.0,0.0,0.0,2.4677572,2.4783332,2,-1,0,0.16375509,0
2,8,0,0,0,0.0,0.0,0.0,0.0,0.0,0.0,2.0777292,2.0402777,2,-1,0,0.109635495,0
2,32,0,0,0,0.0,0.0,0.0,0.0,0.0,0.0,3.015958,2.9472222,2,-1,0,0.2853389,0
2,32,0,0,0,0.0,0.0,0.0,0.0,0.0,0.0,2.054507,2.066111,2,-1,0,0.06207187,0
2,12,0,0,0,0.0,0.0,0.0,0.0,0.0,0.0,2.938611,3.04,2,-1,0,0.15349002,0
2,25,0,0,0,0.0,0.0,0.0,0.0,0.0,0.0,2.3049443,2.245278,2,-1,0,0.12485456,0
2,16,0,0,0,0.0,0.0,0.0,0.0,0.0,0.0,2.4296875,2.4291666,2,-1,0,0.06783996,0
2,35,0,0,0,0.0,0.0,0.0,0.0,0.0,0.0,2.0594375,2.06,2,-1,0,0.0923391,0
2,32,0,0,0,0.0,0.0,0.0,0.0,0.0,0.0,2.441007,2.4233334,2,-1,0,0.11835996,0
2,22,0,0,0,0.0,0.0,0.0,0.0,0.0,0.0,2.1125,2.088889,2,-1,0,0.08957908,0
2,26,0,0,0,0.0,0.0,0.0,0.0,0.0,0.0,2.532736,2.4777777,2,-1,0,0.07436617,0
2,18,0,0,0,0.0,0.0,0.0,0.0,0.0,0.0,2.8024306,2.7783334,2,-1,0,0.21051943,0
2,37,0,0,0,0.0,0.0,0.0,0.0,0.0,0.0,2.3066666,2.2380555,2,-1,0,0.08873886,0
2,10,0,0,0,0.0,0.0,0.0,0.0,0.0,0.0,2.1459029,2.2002778,2,-1,0,0.085187815,0
2,3,0,0,0,0.0,0.0,0.0,0.0,0.0,0.0,2.4127083,2.4183333,2,-1,0,0.08776157,0
2,1,0,0,0,0.0,0.0,0.0,0.0,0.0,0.0,2.1528335,2.1508334,2,-1,0,0.18668465,0
2,40,0,0,0,0.0,0.0,0.0,0.0,0.0,0.0,2.0935347,2.1108334,2,-1,0,0.11365013,0
2,18,0,0,0,0.0,0.0,0.0,0.0,0.0,0.0,2.1866944,2.1816666,2,-1,0,0.032221153,0
2,31,0,0,0,0.0,0.0,0.0,0.0,0.0,0.0,2.5398474,2.4633334,2,-1,0,0.18194182,0
2,36,0,0,0,0.0,0.0,0.0,0.0,0.0,0.0,2.0232015,2.0347223,2,-1,0,0.088169724,0
2,34,0,0,0,0.0,0.0,0.0,0.0,0.0,0.0,2.027139,2.006389,2,-1,0,0.15318042,0
2,11,0,0,0,0.0,0.0,0.0,0.0,0.0,0.0,2.2221596,2.3177779,2,-1,0,0.10112552,0
2,13,0,0,0,0.0,0.0,0.0,0.0,0.0,0.0,2.609208,2.6147223,2,-1,0,0.14764686,0
2,9,0,0,0,0.0,0.0,0.0,0.0,0.0,0.0,2.023382,2.0305555,2,-1,0,0.06275207,0
2,26,0,0,0,0.0,0.0,0.0,0.0,0.0,0.0,2.3211665,2.3016667,2,-1,0,0.09565376,0
2,16,0,0,0,0.0,0.0,0.0,0.0,0.0,0.0,2.4619863,2.3966668,2,-1,0,0.1621381,0
3,40,0,0,0,0.0,0.0,0.0,0.0,0.0,0.0,2.406347,2.3905556,2,-1,0,0.08766615,0
3,19,0,0,0,0.0,0.0,0.0,0.0,0.0,0.0,2.0442638,2.163889,2,-1,0,0.05098978,0
3,7,0,0,0,0.0,0.0,0.0,0.0,0.0,0.0,2.2568336,2.2133334,2,-1,0,0.12480757,0
3,8,1,1,1,8.25111,584.46674,284.26926,-0.009510221,0.0027461683,-0.004741549,13.23318,13.046945,2,0,1,0.98116,1
3,9,1,1,1,57.592117,342.56226,371.0879,-0.043413736,0.0084034195,-0.00994124,17.591124,17.766111,2,1,1,0.99625874,1
3,13,0,0,0,0.0,0.0,0.0,0.0,0.0,0.0,2.1194375,2.1208334,2,-1,0,0.10686312,0
3,9,1,0,1,57.592117,342.56226,371.0879,-0.043413736,0.0084034195,-0.00994124,10.247611,10.256389,2,-1,0,0.99847347,1
3,31,0,0,0,0.0,0.0,0.0,0.0,0.0,0.0,2.5034447,2.508889,2,-1,0,0.04624011,0
3,19,1,1,1,-21.73784,-325.7538,6.5877714,-0.013930463,0.0018218501,-0.0006268236,14.077229,14.086667,2,2,1,0.95515305,1
3,19,1,0,1,-21.73784,-325.7538,6.5877714,-0.013930463,0.0018218501,-0.0006268236,2.0868404,2.0266666,2,-1,0,0.08992575,0
3,4,0,0,0,0.0,0.0,0.0,0.0,0.0,0.0,2.0092638,2.0758333,2,-1,0,0.050071113,0
3,40,0,0,0,0.0,0.0,0.0,0.0,0.0,0.0,2.5499306,2.4697223,2,-1,0,0.106863566,0
3,38,1,1,1,-26.89794,574.47284,88.9757,-0.001864183,0.001287417,-0.0017101443,3.004597,2.9377778,2,3,1,0.3030362,0
3,4,1,1,1,31.960278,128.20508,341.0298,-0.0020992707,0.0018702346,-0.0004195778,2.4944305,2.5633333,2,4,1,0.0989702,0
3,31,0,0,0,0.0,0.0,0.0,0.0,0.0,0.0,2.2453473,2.243611,2,-1,0,0.11383407,0
3,3,0,0,0,0.0,0.0,0.0,0.0,0.0,0.0,2.5751598,2.5033333,2,-1,0,0.096618146,0
3,32,0,0,0,0.0,0.0,0.0,0.0,0.0,0.0,2.228125,2.2830555,2,-1,0,0.12061476,0
3,1,1,1,1,-34.97434,585.9367,49.282036,-0.01346021,0.001510309,-0.0032656856,16.13561,16.268612,2,5,1,0.99590176,1
3,25,1,1,1,-43.584892,413.01868,377.03674,-0.0021259128,0.0015361223,0.0005142924,2.7407222,2.7266667,2,6,1,0.29121244,0
3,5,1,1,1,-47.513176,-575.0465,225.77846,-0.005684975,-7.4206095e-05,-0.0015090943,6.6289444,6.727778,2,7,1,0.97445846,1
3,13,1,1,1,-47.676266,366.06744,431.66678,-0.013073993,0.005038469,-0.0031287598,12.051749,11.836389,2,8,1,0.9979413,1
3,9,1,0,1,57.592117,342.56226,371.0879,-0.043413736,0.0084034195,-0.00994124,10.982647,10.874444,2,-1,0,0.91732645,1
3,26,0,0,0,0.0,0.0,0.0,0.0,0.0,0.0,2.2784166,2.3108332,2,-1,0,0.06175845,0
3,9,1,0,1,57.592117,342.56226,371.0879,-0.043413736,0.0084034195,-0.00994124,12.985161,12.974167,2,-1,0,0.98217255,1
3,15,0,0,0,0.0,0.0,0.0,0.0,0.0,0.0,2.2365835,2.2819445,2,-1,0,0.14223798,0
3,8,0,0,0,0.0,0.0,0.0,0.0,0.0,0.0,2.0019307,2.0052779,2,-1,0,0.093344234,0
3,14,0,0,0,0.0,0.0,0.0,0.0,0.0,0.0,2.1403055,2.063611,2,-1,0,0.07197984,0
3,34,0,0,0,0.0,0.0,0.0,0.0,0.0,0.0,2.2176113,2.1594443,2,-1,0,0.09073604,0
3,29,1,1,1,-63.700226,-92.78919,163.49315,-0.012982002,0.0011367749,-0.0019585532,14.455256,14.2525,2,9,1,0.9874927,1
3,32,0,0,0,0.0,0.0,0.0,0.0,0.0,0.0,2.1690278,2.171111,2,-1,0,0.09955439,0
3,30,1,1,1,-69.68114,-123.15379,167.19118,-0.018974846,0.004285917,-0.0016051164,21.911875,21.904722,2,10,1,0.98217666,1
3,39,1,1,1,-69.91408,515.3766,253.24484,-0.0066336766,0.0017115653,-0.0038537693,8.717764,8.871388,2,11,1,0.9876459,1
3,37,1,1,1,73.136635,-335.4233,357.34976,-0.0057251225,0.0014479675,-0.0034521276,6.2830415,6.421389,2,12,1,0.9431128,1
3,9,0,0,0,0.0,0.0,0.0,0.0,0.0,0.0,2.9634168,2.9655557,2,-1,0,0.20697407,0
3,8,0,0,0,0.0,0.0,0.0,0.0,0.0,0.0,2.144882,2.1866667,2,-1,0,0.17643572,0
3,16,0,0,0,0.0,0.0,0.0,0.0,0.0,0.0,2.2370625,2.2469444,2,-1,0,0.09069796,0
3,24,0,0,0,0.0,0.0,0.0,0.0,0.0,0.0,2.3666387,2.3705556,2,-1,0,0.14406405,0
3,21,1,1,1,83.808136,482.11353,399.49854,-0.023246894,0.003156559,-0.0058125714,19.299452,19.072779,2,13,1,0.94584656,1
3,21,1,0,1,83.808136,482.11353,399.49854,-0.023246894,0.003156559,-0.0058125714,8.040958,7.9688888,2,-1,0,0.99240726,1
3,23,1,1,1,84.80564,-310.95306,148.74207,-0.010575127,0.00049547735,-0.003136441,12.989397,13.013056,2,14,1,0.9892371,1
3,15,0,0,0,0.0,0.0,0.0,0.0,0.0,0.0,2.5430002,2.5891666,2,-1,0,0.15421109,0
3,3,0,0,0,0.0,0.0,0.0,0.0,0.0,0.0,2.3065279,1.3575,2,-1,0,0.1381407,0
3,32,0,0,0,0.0,0.0,0.0,0.0,0.0,0.0,2.19284,2.1575,2,-1,0,0.08316671,0
3,2,1,1,1,92.15346,-234.65762,60.088455,-0.02467303,0.0025942363,-0.0058498927,27.532452,27.658611,2,15,1,0.9999335,1
3,6,0,0,0,0.0,0.0,0.0,0.0,0.0,0.0,2.349778,2.4208333,2,-1,0,0.09260204,0
3,30,0,0,0,0.0,0.0,0.0,0.0,0.0,0.0,2.0389373,2.1083333,2,-1,0,0.0985112,0
3,33,0,0,0,0.0,0.0,0.0,0.0,0.0,0.0,2.2834864,2.3083334,2,-1,0,0.10567344,0
3,8,0,0,0,0.0,0.0,0.0,0.0,0.0,0.0,2.021417,2.016389,2,-1,0,0.09837831,0
3,24,0,0,0,0.0,0.0,0.0,0.0,0.0,0.0,2.6882153,2.695,2,-1,0,0.072364606,0
3,11,1,1,1,102.986374,52.381054,295.22482,-0.0031209504,0.0018195752,-0.0021031713,4.497945,4.429167,2,16,1,0.9934716,1
3,25,0,0,0,0.0,0.0,0.0,0.0,0.0,0.0,2.0012848,2.1172223,2,-1,0,0.06462166,0
3,27,0,0,0,0.0,0.0,0.0,0.0,0.0,0.0,2.6115136,2.5133333,2,-1,0,0.28523153,0
3,2,0,0,0,0.0,0.0,0.0,0.0,0.0,0.0,2.1839166,2.1688888,2,-1,0,0.08985714,0
3,30,0,0,0,0.0,0.0,0.0,0.0,0.0,0.0,2.2449028,2.308889,2,-1,0,0.106057055,0
3,11,0,0,0,0.0,0.0,0.0,0.0,0.0,0.0,2.227875,2.1669445,2,-1,0,0.069660254,0
3,6,0,0,0,0.0,0.0,0.0,0.0,0.0,0.0,2.0505555,2.0633333,2,-1,0,0.10847998,0
3,10,1,1,1,126.02497,-149.66661,463.23212,-0.015739478,0.0012658187,-0.0022725079,13.010432,13.059167,2,17,1,0.98977566,1
3,6,0,0,0,0.0,0.0,0.0,0.0,0.0,0.0,2.2141945,2.2580554,2,-1,0,0.084001236,0
3,27,1,1,1,-126.73499,55.840202,338.88602,-0.021612238,0.0013402057,-0.0031516927,24.593863,24.6725,2,18,1,0.9893805,1
3,25,0,0,0,0.0,0.0,0.0,0.0,0.0,0.0,2.346889,2.341389,2,-1,0,0.13113682,0
3,26,0,0,0,0.0,0.0,0.0,0.0,0.0,0.0,2.4148958,2.433889,2,-1,0,0.18170613,0
3,20,0,0,0,0.0,0.0,0.0,0.0,0.0,0.0,2.2065728,2.101389,2,-1,0,0.042844404,0
3,2,0,0,0,0.0,0.0,0.0,0.0,0.0,0.0,2.5573335,2.498889,2,-1,0,0.11753746,0
3,40,1,1,1,145.29843,379.74478,336.15372,-0.009083719,0.0005073466,0.00036274354,9.503549,9.576389,2,19,1,0.99746907,1
3,7,0,0,0,0.0,0.0,0.0,0.0,0.0,0.0,2.1774306,2.2461112,2,-1,0,0.11155406,0
3,12,0,0,0,0.0,0.0,0.0,0.0,0.0,0.0,2.9553401,2.8716667,2,-1,0,0.18282156,0
3,18,0,0,0,0.0,0.0,0.0,0.0,0.0,0.0,2.2151113,2.2652779,2,-1,0,0.08676688,0
3,30,0,0,0,0.0,0.0,0.0,0.0,0.0,0.0,2.5932221,2.5261111,2,-1,0,0.3804975,0
3,11,0,0,0,0.0,0.0,0.0,0.0,0.0,0.0,3.203514,3.2244444,2,-1,0,0.08519254,0
3,10,0,0,0,0.0,0.0,0.0,0.0,0.0,0.0,2.5074306,2.5952778,2,-1,0,0.16629456,0
3,4,0,0,0,0.0,0.0,0.0,0.0,0.0,0.0,2.4328334,2.4375,2,-1,0,0.032453008,0
3,9,0,0,0,0.0,0.0,0.0,0.0,0.0,0.0,2.8462918,2.876111,2,-1,0,0.15541404,0
3,35,0,0,0,0.0,0.0,0.0,0.0,0.0,0.0,2.3844445,2.4480555,2,-1,0,0.24186796,0
3,32,0,0,0,0.0,0.0,0.0,0.0,0.0,0.0,2.1202776,2.1647222,2,-1,0,0.08683123,0
3,16,0,0,0,0.0,0.0,0.0,0.0,0.0,0.0,2.1511042,2.1530557,2,-1,0,0.13290536,0
3,18,0,0,0,0.0,0.0,0.0,0.0,0.0,0.0,2.6965554,2.7061112,2,-1,0,0.28646478,0
3,21,0,0,0,0.0,0.0,0.0,0.0,0.0,0.0,2.5352707,2.4891667,2,-1,0,0.2664801,0
3,15,1,1,1,-187.11925,-287.78116,179.12198,-0.02097566,0.0024920485,-0.004978791,17.87732,17.78389,2,20,1,0.97384584,1
3,30,0,0,0,0.0,0.0,0.0,0.0,0.0,0.0,2.2024167,2.1266668,2,-1,0,0.0961071,0
3,21,0,0,0,0.0,0.0,0.0,0.0,0.0,0.0,2.0684168,2.1425,2,-1,0,0.07789141,0
3,20,0,0,0,0.0,0.0,0.0,0.0,0.0,0.0,2.0089722,2.0891666,2,-1,0,0.10897785,0
3,9,0,0,0,0.0,0.0,0.0,0.0,0.0,0.0,2.089639,2.0630555,2,-1,0,0.059934217,0
3,28,0,0,0,0.0,0.0,0.0,0.0,0.0,0.0,2.132368,2.19,2,-1,0,0.12057382,0
3,40,0,0,0,0.0,0.0,0.0,0.0,0.0,0.0,2.5750763,2.6069446,2,-1,0,0.3298355,0
3,19,0,0,0,0.0,0.0,0.0,0.0,0.0,0.0,2.219271,2.2152777,2,-1,0,0.11129001,0
3,15,1,0,1,-187.11925,-287.78116,179.12198,-0.02097566,0.0024920485,-0.004978791,4.006438,4.0569444,2,-1,0,0.96859854,1
3,26,0,0,0,0.0,0.0,0.0,0.0,0.0,0.0,2.0633333,2.076111,2,-1,0,0.11357863,0
3,17,1,1,1,-222.62437,526.01074,159.99268,-0.016601268,0.0056293327,-0.005715498,19.176342,19.116388,2,-1,1,0.968777,1
3,6,0,0,0,0.0,0.0,0.0,0.0,0.0,0.0,2.103604,2.106111,2,-1,0,0.11443099,0
3,34,0,0,0,0.0,0.0,0.0,0.0,0.0,0.0,13.304264,-1.0,2,-1,0,0.94957185,1
3,18,1,1,1,235.66418,394.58362,420.80133,-0.014214862,0.0031152128,-0.0031413669,7.497548,7.356111,2,21,1,0.9566016,1
3,32,1,1,1,238.054,47.780437,127.215195,-0.008717392,-0.0004523624,-0.002981115,8.832624,8.835,2,22,1,0.97319305,1
3,25,0,0,0,0.0,0.0,0.0,0.0,0.0,0.0,2.5598125,2.6616666,2,-1,0,0.26318315,0
3,23,0,0,0,0.0,0.0,0.0,0.0,0.0,0.0,2.8504238,2.7966666,2,-1,0,0.5199567,1
3,16,1,1,1,-248.64656,-125.21663,274.34644,-0.008580843,-0.00016013529,-0.0018785455,7.7056813,7.803889,2,23,1,0.9192577,1
3,21,0,0,0,0.0,0.0,0.0,0.0,0.0,0.0,2.2177777,2.1583333,2,-1,0,0.087817095,0
3,3,1,1,1,258.62448,406.6844,203.19742,-0.012824611,0.004456386,-0.0015407191,14.334833,14.139722,2,24,1,0.9994223,1
3,31,0,0,0,0.0,0.0,0.0,0.0,0.0,0.0,2.2585554,2.265,2,-1,0,0.1282753,0
3,28,0,0,0,0.0,0.0,0.0,0.0,0.0,0.0,15.92434,-1.0,2,-1,0,0.9985258,1
3,14,0,0,0,0.0,0.0,0.0,0.0,0.0,0.0,2.1275277,2.1702778,2,-1,0,0.03798676,0
3,2,0,0,0,0.0,0.0,0.0,0.0,0.0,0.0,2.0169582,2.015,2,-1,0,0.12420478,0
3,28,0,0,0,0.0,0.0,0.0,0.0,0.0,0.0,3.5226526,-1.0,2,-1,0,0.98491204,1
3,13,0,0,0,0.0,0.0,0.0,0.0,0.0,0.0,2.437583,2.4022222,2,-1,0,0.14419574,0
3,40,0,0,0,0.0,0.0,0.0,0.0,0.0,0.0,2.406014,2.3608334,2,-1,0,0.0730556,0
3,18,0,0,0,0.0,0.0,0.0,0.0,0.0,0.0,2.5065,2.5030556,2,-1,0,0.21353021,0
3,40,0,0,0,0.0,0.0,0.0,0.0,0.0,0.0,2.699222,2.7122223,2,-1,0,0.12148186,0
3,9,0,0,0,0.0,0.0,0.0,0.0,0.0,0.0,2.0249722,2.0266666,2,-1,0,0.086901754,0
3,15,0,0,0,0.0,0.0,0.0,0.0,0.0,0.0,2.1620762,2.1058333,2,-1,0,0.046297997,0
3,23,0,0,0,0.0,0.0,0.0,0.0,0.0,0.0,2.8008475,2.7894444,2,-1,0,0.37475896,0
3,20,1,1,1,291.6103,-182.52765,300.37823,-0.0081706,0.0013231501,-0.0039513423,9.125653,9.206944,2,25,1,0.98661554,1
3,40,0,0,0,0.0,0.0,0.0,0.0,0.0,0.0,2.2037637,2.1433334,2,-1,0,0.002465866,0
3,13,0,0,0,0.0,0.0,0.0,0.0,0.0,0.0,2.8696876,2.9108334,2,-1,0,0.2642332,0
3,12,1,1,1,-294.41998,-269.2839,10.989583,-0.023885347,0.0053992653,-0.008255228,24.65749,25.724167,2,26,1,0.99165547,1
3,33,1,1,1,-295.59622,-252.46086,325.7894,-0.032111663,0.006651787,-0.006455233,25.361467,25.204166,2,27,1,0.9982659,1
3,36,1,1,1,-297.89108,548.6385,338.1565,-0.0021126827,0.0018539653,-0.00014577908,2.2079444,2.1633334,2,28,1,0.03893447,0
3,18,0,0,0,0.0,0.0,0.0,0.0,0.0,0.0,2.2500277,2.1847222,2,-1,0,0.08169414,0
3,14,1,1,1,-302.50565,208.86728,73.33942,-0.0050034593,-0.00039966835,-0.00068503653,4.5655136,4.536667,2,29,1,0.98726034,1
3,7,1,1,1,308.05142,-304.54163,198.8289,-0.0049957666,-0.0002134796,-0.0028267854,4.902792,4.917222,2,30,1,0.97517574,1
3,3,0,0,0,0.0,0.0,0.0,0.0,0.0,0.0,2.719979,2.725,2,-1,0,0.5263681,1
3,5,0,0,0,0.0,0.0,0.0,0.0,0.0,0.0,2.2228124,2.2036111,2,-1,0,0.118937306,0
3,33,1,0,1,-295.59622,-252.46086,325.7894,-0.032111663,0.006651787,-0.006455233,3.7721736,3.8855555,2,-1,0,0.96403307,1
3,35,0,0,0,0.0,0.0,0.0,0.0,0.0,0.0,2.0954027,2.0975,2,-1,0,0.06289656,0
3,11,0,0,0,0.0,0.0,0.0,0.0,0.0,0.0,2.7014236,2.6577778,2,-1,0,0.3180564,0
3,31,1,1,1,-331.03424,-450.5217,440.37207,-0.027944613,0.00428295,-0.007834553,22.433569,24.14611,2,31,1,0.98201823,1
3,2,0,0,0,0.0,0.0,0.0,0.0,0.0,0.0,1.9896805,2.0119445,2,-1,0,0.24560227,0
3,30,0,0,0,0.0,0.0,0.0,0.0,0.0,0.0,2.5537639,2.478889,2,-1,0,0.20842583,0
3,31,1,0,1,-331.03424,-450.5217,440.37207,-0.027944613,0.00428295,-0.007834553,2.6781044,2.655,2,-1,0,0.8111566,1
3,9,0,0,0,0.0,0.0,0.0,0.0,0.0,0.0,2.092875,2.1530557,2,-1,0,0.0479339,0
3,13,0,0,0,0.0,0.0,0.0,0.0,0.0,0.0,2.7043195,2.8577778,2,-1,0,0.8089247,1
3,10,0,0,0,0.0,0.0,0.0,0.0,0.0,0.0,2.7229931,2.738889,2,-1,0,0.2723471,0
3,24,0,0,0,0.0,0.0,0.0,0.0,0.0,0.0,2.0046666,2.0061111,2,-1,0,0.04384077,0
3,20,0,0,0,0.0,0.0,0.0,0.0,0.0,0.0,2.083861,2.096111,2,-1,0,0.083032265,0
3,27,0,0,0,0.0,0.0,0.0,0.0,0.0,0.0,2.7807498,2.8147223,2,-1,0,0.18610595,0
3,20,0,0,0,0.0,0.0,0.0,0.0,0.0,0.0,1.9820904,2.0269444,2,-1,0,0.061554365,0
3,4,0,0,0,0.0,0.0,0.0,0.0,0.0,0.0,2.188625,2.1769445,2,-1,0,0.12133579,0
3,8,0,0,0,0.0,0.0,0.0,0.0,0.0,0.0,2.1573334,2.2494445,2,-1,0,0.052314717,0
3,39,0,0,0,0.0,0.0,0.0,0.0,0.0,0.0,2.0728753,2.0925,2,-1,0,0.08267032,0
3,39,0,0,0,0.0,0.0,0.0,0.0,0.0,0.0,2.7642224,2.7625,2,-1,0,0.2867438,0
3,9,0,0,0,0.0,0.0,0.0,0.0,0.0,0.0,2.1298332,2.1005557,2,-1,0,0.06812165,0
3,18,0,0,0,0.0,0.0,0.0,0.0,0.0,0.0,2.5220554,2.4133334,2,-1,0,0.12648767,0
3,10,0,0,0,0.0,0.0,0.0,0.0,0.0,0.0,2.207,2.2155557,2,-1,0,0.12042952,0
3,25,0,0,0,0.0,0.0,0.0,0.0,0.0,0.0,2.2248473,2.2833333,2,-1,0,0.10535027,0
3,13,0,0,0,0.0,0.0,0.0,0.0,0.0,0.0,1.9895,2.0441666,2,-1,0,0.1042913,0
3,33,0,0,0,0.0,0.0,0.0,0.0,0.0,0.0,2.0857291,2.0022223,2,-1,0,0.09632422,0
3,29,0,0,0,0.0,0.0,0.0,0.0,0.0,0.0,2.6346457,2.5691667,2,-1,0,0.16867281,0
3,7,0,0,0,0.0,0.0,0.0,0.0,0.0,0.0,2.1969512,2.1527777,2,-1,0,0.04333376,0
3,34,0,0,0,0.0,0.0,0.0,0.0,0.0,0.0,2.5078263,2.5227778,2,-1,0,0.10962009,0
3,36,0,0,0,0.0,0.0,0.0,0.0,0.0,0.0,2.2640834,2.2619445,2,-1,0,0.09222913,0
3,21,0,0,0,0.0,0.0,0.0,0.0,0.0,0.0,2.0771875,2.0866666,2,-1,0,0.098080084,0
3,14,0,0,0,0.0,0.0,0.0,0.0,0.0,0.0,2.0414584,2.085,2,-1,0,0.079154246,0
3,13,0,0,0,0.0,0.0,0.0,0.0,0.0,0.0,2.9938748,2.9183333,2,-1,0,0.8777765,1
3,18,0,0,0,0.0,0.0,0.0,0.0,0.0,0.0,2.012764,2.0383334,2,-1,0,0.07617136,0
4,40,0,0,0,0.0,0.0,0.0,0.0,0.0,0.0,2.2436388,2.3030555,2,-1,0,0.05088216,0
4,6,1,1,1,-9.26369,327.76874,214.64125,-0.027958112,0.008783318,-0.0045848447,33.89665,33.741943,2,0,1,0.9990349,1
4,5,1,1,1,12.956534,-101.80284,161.22115,-0.010040346,0.00017972253,-0.002861151,12.136902,12.366389,2,1,1,0.973852,1
4,7,0,0,0,0.0,0.0,0.0,0.0,0.0,0.0,2.4132848,2.4305556,2,-1,0,0.2709388,0
4,34,0,0,0,0.0,0.0,0.0,0.0,0.0,0.0,2.0863054,2.1355555,2,-1,0,0.10302469,0
4,27,0,0,0,0.0,0.0,0.0,0.0,0.0,0.0,2.5510278,2.5925,2,-1,0,0.114357784,0
4,18,0,0,0,0.0,0.0,0.0,0.0,0.0,0.0,2.3451111,2.3344445,2,-1,0,0.15215908,0
4,31,0,0,0,0.0,0.0,0.0,0.0,0.0,0.0,2.265986,2.2133334,2,-1,0,0.09121332,0
4,31,0,0,0,0.0,0.0,0.0,0.0,0.0,0.0,2.0187986,2.011111,2,-1,0,0.029220471,0
4,9,0,0,0,0.0,0.0,0.0,0.0,0.0,0.0,2.1961737,2.2394445,2,-1,0,0.12965098,0
4,39,0,0,0,0.0,0.0,0.0,0.0,0.0,0.0,3.11525,3.0930555,2,-1,0,0.7627153,1
4,35,0,0,0,0.0,0.0,0.0,0.0,0.0,0.0,2.538604,2.5508332,2,-1,0,0.10597709,0
4,17,1,0,1,-28.834784,175.16768,24.479733,-0.019568909,0.0017619204,-0.005676575,11.664583,11.544167,2,-1,0,0.9869146,1
4,40,0,0,0,0.0,0.0,0.0,0.0,0.0,0.0,2.2387083,2.233611,2,-1,0,0.09402773,0
4,15,0,0,0,0.0,0.0,0.0,0.0,0.0,0.0,2.4375625,2.4208333,2,-1,0,0.19485088,0
4,40,1,1,1,42.876965,228.33698,302.88278,-0.013849891,0.0008719661,-0.0007339489,16.956202,17.071667,2,2,1,0.9999149,1
4,19,0,0,0,0.0,0.0,0.0,0.0,0.0,0.0,2.7564306,2.766389,2,-1,0,0.22171068,0
4,31,0,0,0,0.0,0.0,0.0,0.0,0.0,0.0,2.8861387,2.9547222,2,-1,0,0.23102738,0
4,17,1,1,1,-28.834784,175.16768,24.479733,-0.019568909,0.0017619204,-0.005676575,12.640451,12.661111,2,3,1,0.99570304,1
4,6,0,0,0,0.0,0.0,0.0,0.0,0.0,0.0,2.361875,2.3086112,2,-1,0,0.09035418,0
4,21,1,1,1,-46.729103,-555.27344,327.3058,-0.013180235,0.0036699737,-0.001952582,15.552647,15.485556,2,4,1,0.9960581,1
4,4,0,0,0,0.0,0.0,0.0,0.0,0.0,0.0,2.1793056,2.193889,2,-1,0,0.12757944,0
4,24,1,1,1,49.08034,282.51495,416.85565,-0.0030744825,0.0010316789,-0.0015024071,3.8790832,3.8672223,2,5,1,0.9475064,1
4,11,0,0,0,0.0,0.0,0.0,0.0,0.0,0.0,2.375903,2.4072223,2,-1,0,0.09928193,0
4,16,1,1,1,-57.276947,455.91867,140.03731,-0.007236272,0.0035538322,-0.0025668107,8.360945,8.385278,2,6,1,0.9881229,1
4,10,0,0,0,0.0,0.0,0.0,0.0,0.0,0.0,2.2626526,2.2691667,2,-1,0,0.09286614,0
4,21,0,0,0,0.0,0.0,0.0,0.0,0.0,0.0,2.2377083,2.3,2,-1,0,0.060729228,0
4,39,0,0,0,0.0,0.0,0.0,0.0,0.0,0.0,2.7781668,2.7061112,2,-1,0,0.21721673,0
4,27,0,0,0,0.0,0.0,0.0,0.0,0.0,0.0,2.1129723,2.0466666,2,-1,0,0.13743587,0
4,25,0,0,0,0.0,0.0,0.0,0.0,0.0,0.0,2.3855693,2.3827777,2,-1,0,0.107711226,0
4,24,0,0,0,0.0,0.0,0.0,0.0,0.0,0.0,2.0867639,2.0886111,2,-1,0,0.1058402,0
4,14,0,0,0,0.0,0.0,0.0,0.0,0.0,0.0,2.4839377,2.4725,2,-1,0,0.091132894,0
4,31,0,0,0,0.0,0.0,0.0,0.0,0.0,0.0,2.1329584,2.2572222,2,-1,0,0.10959386,0
4,27,0,0,0,0.0,0.0,0.0,0.0,0.0,0.0,2.377375,2.4019444,2,-1,0,0.10131156,0
4,5,0,0,0,0.0,0.0,0.0,0.0,0.0,0.0,2.093583,2.0919445,2,-1,0,0.15584542,0
4,1,0,0,0,0.0,0.0,0.0,0.0,0.0,0.0,2.2489097,2.2733333,2,-1,0,0.08269161,0
4,22,0,0,0,0.0,0.0,0.0,0.0,0.0,0.0,2.1843612,2.1288888,2,-1,0,0.09991302,0
4,14,0,0,0,0.0,0.0,0.0,0.0,0.0,0.0,2.7090278,2.6966667,2,-1,0,0.13406283,0
4,28,0,0,0,0.0,0.0,0.0,0.0,0.0,0.0,2.0490973,2.0858333,2,-1,0,0.109918326,0
4,24,0,0,0,0.0,0.0,0.0,0.0,0.0,0.0,2.3318262,2.2597222,2,-1,0,0.06683097,0
4,27,0,0,0,0.0,0.0,0.0,0.0,0.0,0.0,2.3138611,2.2986112,2,-1,0,0.10755098,0
4,16,0,0,0,0.0,0.0,0.0,0.0,0.0,0.0,2.708861,2.6497223,2,-1,0,0.20113471,0
4,11,1,1,1,124.63855,365.98935,259.28635,-0.01633007,0.0007917168,-0.0029416662,18.820972,18.9375,2,7,1,0.9974165,1
4,14,0,0,0,0.0,0.0,0.0,0.0,0.0,0.0,2.1625137,2.0338888,2,-1,0,0.06427555,0
4,18,0,0,0,0.0,0.0,0.0,0.0,0.0,0.0,2.245889,2.2697222,2,-1,0,0.22967726,0
4,39,0,0,0,0.0,0.0,0.0,0.0,0.0,0.0,2.4642015,2.4069445,2,-1,0,0.14804485,0
4,5,0,0,0,0.0,0.0,0.0,0.0,0.0,0.0,2.1592362,2.1733334,2,-1,0,0.08039632,0
4,27,1,0,1,152.61305,111.727036,337.84543,-0.019128952,0.002873406,-0.0059706145,10.601528,10.773889,2,-1,0,0.99088645,1
4,27,1,1,1,152.61305,111.727036,337.84543,-0.019128952,0.002873406,-0.0059706145,11.982298,11.945556,2,8,1,0.9959466,1
4,13,1,0,1,191.47807,-112.93219,189.45604,-0.015962634,0.0051554204,-0.0020681762,4.3500695,4.4027777,2,-1,0,0.9636696,1
4,7,0,0,0,0.0,0.0,0.0,0.0,0.0,0.0,2.3053749,2.327222,2,-1,0,0.11773142,0
4,8,1,1,1,164.28291,-35.694637,79.98942,-0.0146764,0.0025750182,-0.0026318794,14.689584,14.719722,2,9,1,0.97068775,1
4,4,0,0,0,0.0,0.0,0.0,0.0,0.0,0.0,2.3196595,2.2541666,2,-1,0,0.1237575,0
4,9,0,0,0,0.0,0.0,0.0,0.0,0.0,0.0,2.0854723,2.141389,2,-1,0,0.03786432,0
4,23,1,1,1,178.2918,90.61307,409.06796,-0.007280368,0.0016449051,-0.003945117,9.318756,9.260834,2,10,1,0.97842616,1
4,19,0,0,0,0.0,0.0,0.0,0.0,0.0,0.0,2.3630555,2.3744445,2,-1,0,0.1429708,0
4,39,1,1,1,-181.69641,123.38692,251.7013,-0.018622067,0.003191695,-0.0014239777,19.118626,19.2475,2,11,1,0.9992987,1
4,13,1,1,1,191.47807,-112.93219,189.45604,-0.015962634,0.0051554204,-0.0020681762,8.581111,8.52,2,12,1,0.9573705,1
4,20,1,1,1,-190.82689,-75.37497,69.38178,-0.0023494863,-0.00013843179,-0.0018120485,2.7559583,2.8030555,2,13,1,0.4044348,0
4,38,1,1,1,-192.28134,248.27696,369.94965,-0.0037466388,0.00072757865,0.00094747916,3.2215834,3.0944445,2,14,1,0.9141414,1
4,15,1,1,1,-193.08578,137.29471,275.89716,-0.012885842,0.005762256,-0.0036244998,8.360354,8.457222,2,15,1,0.9973968,1
4,19,1,1,1,-193.66348,-285.25742,337.9093,-0.00593132,0.0026043688,-0.0032224657,3.924743,3.9675,2,16,1,0.9749366,1
4,23,0,0,0,0.0,0.0,0.0,0.0,0.0,0.0,2.4399447,2.422778,2,-1,0,0.038925726,0
4,22,1,0,1,-197.78635,436.53226,430.7674,-0.026956018,0.008092371,-0.003891103,11.234833,11.236389,2,-1,0,0.96621364,1
4,14,1,1,1,203.08978,-134.24553,424.6763,-0.010071021,-0.00035168327,-0.0022532009,10.972646,10.886389,2,17,1,0.97216886,1
4,22,1,1,1,-197.78635,436.53226,430.7674,-0.026956018,0.008092371,-0.003891103,11.618633,11.786389,2,18,1,0.9979201,1
4,39,0,0,0,0.0,0.0,0.0,0.0,0.0,0.0,1.9387083,2.0130556,2,-1,0,0.08298181,0
4,28,0,0,0,0.0,0.0,0.0,0.0,0.0,0.0,2.500764,2.5416667,2,-1,0,0.068091236,0
4,31,0,0,0,0.0,0.0,0.0,0.0,0.0,0.0,2.0416527,2.0397222,2,-1,0,0.069103174,0
4,40,0,0,0,0.0,0.0,0.0,0.0,0.0,0.0,2.0902083,2.0708334,2,-1,0,0.08616115,0
4,22,1,0,1,-197.78635,436.53226,430.7674,-0.026956018,0.008092371,-0.003891103,7.219694,7.1919446,2,-1,0,0.984822,1
4,20,0,0,0,0.0,0.0,0.0,0.0,0.0,0.0,2.62725,2.601389,2,-1,0,0.37031388,0
4,1,0,0,0,0.0,0.0,0.0,0.0,0.0,0.0,2.4343057,2.4077778,2,-1,0,0.09417022,0
4,34,0,0,0,0.0,0.0,0.0,0.0,0.0,0.0,2.3823888,2.3716667,2,-1,0,0.092447095,0
4,11,0,0,0,0.0,0.0,0.0,0.0,0.0,0.0,2.181993,2.1494443,2,-1,0,0.12400434,0
4,2,1,1,1,217.7186,524.28186,401.1925,-0.011491585,0.001354447,-0.0050891098,13.136298,13.013333,2,19,1,0.9915114,1
4,20,0,0,0,0.0,0.0,0.0,0.0,0.0,0.0,2.044361,2.0902777,2,-1,0,0.051355727,0
4,20,0,0,0,0.0,0.0,0.0,0.0,0.0,0.0,2.0620832,2.0255556,2,-1,0,0.05045386,0
4,13,0,0,0,0.0,0.0,0.0,0.0,0.0,0.0,2.8266666,2.6605556,2,-1,0,0.11302951,0
4,8,0,0,0,0.0,0.0,0.0,0.0,0.0,0.0,2.0753126,2.1358333,2,-1,0,0.10297233,0
4,31,0,0,0,0.0,0.0,0.0,0.0,0.0,0.0,2.310389,2.2816668,2,-1,0,0.1250691,0
4,38,0,0,0,0.0,0.0,0.0,0.0,0.0,0.0,2.3184445,2.3441668,2,-1,0,0.06697507,0
4,16,0,0,0,0.0,0.0,0.0,0.0,0.0,0.0,2.1953194,2.2152777,2,-1,0,0.12940662,0
4,38,0,0,0,0.0,0.0,0.0,0.0,0.0,0.0,2.3255556,2.333611,2,-1,0,0.07717062,0
4,35,1,1,1,-260.23215,591.872,389.38,-0.015611087,0.0017655989,-0.0012695311,10.718832,10.706667,2,20,1,0.9719866,1
4,33,0,0,0,0.0,0.0,0.0,0.0,0.0,0.0,2.72375,2.466389,2,-1,0,0.04168706,0
4,35,1,0,1,-260.23215,591.872,389.38,-0.015611087,0.0017655989,-0.0012695311,4.815805,4.779444,2,-1,0,0.9857466,1
4,16,0,0,0,0.0,0.0,0.0,0.0,0.0,0.0,2.330757,2.3733332,2,-1,0,0.13335109,0
4,36,0,0,0,0.0,0.0,0.0,0.0,0.0,0.0,2.2984445,2.2477777,2,-1,0,0.116932,0
4,37,0,0,0,0.0,0.0,0.0,0.0,0.0,0.0,2.2961664,2.2786112,2,-1,0,0.10041558,0
4,32,1,1,1,275.81213,53.570698,284.26965,-0.010558413,0.00082716875,-0.0018402393,10.430167,10.515278,2,21,1,0.94146085,1
4,27,0,0,0,0.0,0.0,0.0,0.0,0.0,0.0,2.676868,2.5980556,2,-1,0,0.11875884,0
4,9,1,1,1,278.5254,150.83951,410.9247,-0.010903512,0.0039365743,-0.0003475753,11.961048,11.856667,2,22,1,0.975441,1
4,7,1,1,1,277.7527,577.0615,425.55093,-0.0093172435,-0.0005650341,-0.0023037763,9.428779,9.460834,2,23,1,0.99217176,1
4,1,1,1,1,-287.49557,48.53942,17.366909,-0.028349327,0.0075669796,-0.004305056,27.219852,27.343056,2,24,1,0.7927185,1
4,26,1,1,1,-290.3724,-178.91458,33.427753,-0.013195866,0.0029929269,-0.0043424666,7.8972497,7.903611,2,-1,1,0.9564812,1
4,34,1,1,1,296.43515,575.3879,311.16864,-0.0034606396,-0.0006118412,-0.0017572994,3.3568404,3.3416667,2,25,1,0.9217861,1
4,25,1,1,1,-297.28812,-225.38911,295.0208,-0.040828303,0.0063127987,-0.007808921,17.138355,17.074722,2,26,1,0.9999654,1
4,33,0,0,0,0.0,0.0,0.0,0.0,0.0,0.0,1.9604931,2.0491667,2,-1,0,0.08857537,0
4,8,0,0,0,0.0,0.0,0.0,0.0,0.0,0.0,2.122611,2.1408334,2,-1,0,0.20366365,0
4,25,1,0,1,-297.28812,-225.38911,295.0208,-0.040828303,0.0063127987,-0.007808921,7.4090486,7.438889,2,-1,0,0.9557062,1
4,40,0,0,0,0.0,0.0,0.0,0.0,0.0,0.0,2.0859027,2.0825,2,-1,0,0.12030997,0
4,30,0,0,0,0.0,0.0,0.0,0.0,0.0,0.0,2.7117639,2.6075,2,-1,0,0.14244486,0
4,24,0,0,0,0.0,0.0,0.0,0.0,0.0,0.0,1.9933125,2.033611,2,-1,0,0.10932262,0
4,32,0,0,0,0.0,0.0,0.0,0.0,0.0,0.0,2.0475,2.0469444,2,-1,0,0.07918814,0
4,37,0,0,0,0.0,0.0,0.0,0.0,0.0,0.0,2.129021,2.083889,2,-1,0,0.10987686,0
4,37,1,1,1,355.33316,-277.9086,284.17117,-0.034608547,0.0068127587,-0.006566125,19.130947,18.954445,2,27,1,0.9897221,1
4,18,0,0,0,0.0,0.0,0.0,0.0,0.0,0.0,2.301653,2.313611,2,-1,0,0.11778635,0
4,12,0,0,0,0.0,0.0,0.0,0.0,0.0,0.0,2.6245692,2.5441666,2,-1,0,0.10588629,0
4,30,0,0,0,0.0,0.0,0.0,0.0,0.0,0.0,2.172979,2.226389,2,-1,0,0.10546359,0
4,29,1,1,1,-312.55746,-90.168625,449.127,-0.009654568,0.0011482098,0.00045157684,6.977937,7.033056,2,28,1,0.9827695,1
4,26,0,0,0,0.0,0.0,0.0,0.0,0.0,0.0,2.8902779,2.8911111,2,-1,0,0.52755183,1
4,39,0,0,0,0.0,0.0,0.0,0.0,0.0,0.0,2.4042568,2.3366666,2,-1,0,0.121088386,0
4,9,0,0,0,0.0,0.0,0.0,0.0,0.0,0.0,2.0058472,2.0533333,2,-1,0,0.14403489,0
4,15,0,0,0,0.0,0.0,0.0,0.0,0.0,0.0,2.3105137,2.3569446,2,-1,0,0.061553504,0
4,25,1,0,1,-297.28812,-225.38911,295.0208,-0.040828303,0.0063127987,-0.007808921,5.448416,5.411111,2,-1,0,0.9988379,1
4,36,1,1,1,329.8335,-284.54803,213.94656,-0.0073804595,0.0015529393,-0.0014656425,4.2019515,4.232222,2,29,1,0.9534883,1
4,31,0,0,0,0.0,0.0,0.0,0.0,0.0,0.0,2.042139,2.083889,2,-1,0,0.104307376,0
4,5,0,0,0,0.0,0.0,0.0,0.0,0.0,0.0,2.660458,2.6494443,2,-1,0,0.084171526,0
4,12,1,1,1,341.41287,-275.09448,372.8902,-0.0056720306,-0.0006493907,-0.0008316527,5.0894027,5.1330557,2,30,1,0.95928293,1
4,4,0,0,0,0.0,0.0,0.0,0.0,0.0,0.0,2.3697987,2.356111,2,-1,0,0.075388186,0
4,18,0,0,0,0.0,0.0,0.0,0.0,0.0,0.0,2.0555,2.0580556,2,-1,0,0.07957468,0
4,1,0,0,0,0.0,0.0,0.0,0.0,0.0,0.0,2.2464027,2.2408333,2,-1,0,0.078431435,0
4,37,1,0,1,355.33316,-277.9086,284.17117,-0.034608547,0.0068127587,-0.006566125,16.631613,16.530277,2,-1,0,0.96787226,1
4,15,0,0,0,0.0,0.0,0.0,0.0,0.0,0.0,2.6971874,2.6877778,2,-1,0,0.1974385,0
4,4,1,1,1,-357.52936,567.74994,238.42822,-0.018020753,0.0016920747,-0.002706166,10.495848,10.353056,2,31,1,0.9811457,1
4,4,1,0,1,-357.52936,567.74994,238.42822,-0.018020753,0.0016920747,-0.002706166,4.925833,4.7966666,2,-1,0,0.9866397,1
4,22,0,0,0,0.0,0.0,0.0,0.0,0.0,0.0,2.37,2.3866668,2,-1,0,0.14556281,0
4,29,0,0,0,0.0,0.0,0.0,0.0,0.0,0.0,2.463389,2.4347222,2,-1,0,0.045742977,0
4,25,0,0,0,0.0,0.0,0.0,0.0,0.0,0.0,2.5932987,2.7133334,2,-1,0,0.22632033,0
4,3,0,0,0,0.0,0.0,0.0,0.0,0.0,0.0,2.6967916,2.6983333,2,-1,0,0.13542257,0
4,19,0,0,0,0.0,0.0,0.0,0.0,0.0,0.0,2.1245208,2.1516666,2,-1,0,0.10716791,0
4,27,0,0,0,0.0,0.0,0.0,0.0,0.0,0.0,2.5226111,2.525,2,-1,0,0.09350516,0
4,5,0,0,0,0.0,0.0,0.0,0.0,0.0,0.0,2.2147152,2.2061112,2,-1,0,0.1225981,0
4,3,0,0,0,0.0,0.0,0.0,0.0,0.0,0.0,2.3853748,2.3633332,2,-1,0,0.16303095,0
4,34,0,0,0,0.0,0.0,0.0,0.0,0.0,0.0,2.683889,2.4488888,2,-1,0,0.35007265,0
4,9,0,0,0,0.0,0.0,0.0,0.0,0.0,0.0,2.3267362,2.266389,2,-1,0,0.12282207,0
4,27,0,0,0,0.0,0.0,0.0,0.0,0.0,0.0,2.3731527,2.3766668,2,-1,0,0.11688824,0
4,7,0,0,0,0.0,0.0,0.0,0.0,0.0,0.0,2.3150694,2.2791667,2,-1,0,0.09967495,0
4,35,0,0,0,0.0,0.0,0.0,0.0,0.0,0.0,2.3682916,2.4208333,2,-1,0,0.039761696,0
4,16,0,0,0,0.0,0.0,0.0,0.0,0.0,0.0,2.292361,2.2280555,2,-1,0,0.12551014,0
4,22,0,0,0,0.0,0.0,0.0,0.0,0.0,0.0,2.1374862,2.1980555,2,-1,0,0.08745304,0
4,32,0,0,0,0.0,0.0,0.0,0.0,0.0,0.0,1.9857639,2.0341666,2,-1,0,0.078318894,0
4,21,0,0,0,0.0,0.0,0.0,0.0,0.0,0.0,2.2131388,2.218889,2,-1,0,0.11722054,0
4,26,0,0,0,0.0,0.0,0.0,0.0,0.0,0.0,2.3422222,2.3683333,2,-1,0,0.112946905,0
4,32,0,0,0,0.0,0.0,0.0,0.0,0.0,0.0,2.139139,2.138611,2,-1,0,0.10585777,0
4,31,0,0,0,0.0,0.0,0.0,0.0,0.0,0.0,2.1957154,2.2616668,2,-1,0,0.06750305,0
5,21,0,0,0,0.0,0.0,0.0,0.0,0.0,0.0,2.8017223,2.7897222,2,-1,0,0.058667384,0
5,22,0,0,0,0.0,0.0,0.0,0.0,0.0,0.0,2.222389,2.1666667,2,-1,0,0.08336794,0
5,33,1,1,1,17.951569,399.96075,181.9164,-0.027557818,0.007896832,-0.0036615422,23.665743,23.3325,2,0,1,0.99898225,1
5,33,1,0,1,17.951569,399.96075,181.9164,-0.027557818,0.007896832,-0.0036615422,11.854667,11.942778,2,-1,0,0.9469772,1
5,10,0,0,0,0.0,0.0,0.0,0.0,0.0,0.0,2.5781875,2.578889,2,-1,0,0.15543018,0
5,37,0,0,0,0.0,0.0,0.0,0.0,0.0,0.0,2.8788123,2.7947223,2,-1,0,0.4041052,0
5,36,1,1,1,31.319302,238.49532,128.0859,-0.008432684,0.0044833743,-0.0017919409,10.932646,10.8961115,2,1,1,0.992566,1
5,28,1,1,1,-31.516346,-525.64087,2.8757775,-0.01798569,0.0053868014,-0.0025937068,21.58005,21.666666,2,2,1,0.99212486,1
5,11,1,0,1,157.07097,291.87967,427.45828,-0.018077418,0.0019049447,-0.002544597,4.87366,4.93,2,-1,0,0.9783095,1
5,32,0,0,0,0.0,0.0,0.0,0.0,0.0,0.0,2.0516667,2.0941668,2,-1,0,0.088533476,0
5,35,0,0,0,0.0,0.0,0.0,0.0,0.0,0.0,2.4403195,2.5105555,2,-1,0,0.09983579,0
5,30,1,1,1,-39.625324,-100.99846,309.81485,-0.013527004,0.0027394777,-0.005552102,15.336986,15.433611,2,3,1,0.8834838,1
5,35,0,0,0,0.0,0.0,0.0,0.0,0.0,0.0,2.2389722,2.1708333,2,-1,0,0.08626505,0
5,13,0,0,0,0.0,0.0,0.0,0.0,0.0,0.0,2.9433126,2.8847222,2,-1,0,0.25293034,0
5,18,0,0,0,0.0,0.0,0.0,0.0,0.0,0.0,2.7688959,2.4947221,2,-1,0,0.6655592,1
5,11,1,1,1,157.07097,291.87967,427.45828,-0.018077418,0.0019049447,-0.002544597,6.836368,6.941389,2,4,1,0.9537049,1
5,1,0,0,0,0.0,0.0,0.0,0.0,0.0,0.0,1.93875,2.0108333,2,-1,0,0.09056489,0
5,37,0,0,0,0.0,0.0,0.0,0.0,0.0,0.0,2.2261457,2.223611,2,-1,0,0.07620309,0
5,1,0,0,0,0.0,0.0,0.0,0.0,0.0,0.0,2.345243,2.4152777,2,-1,0,0.11750209,0
5,3,1,1,1,-54.40367,562.22345,272.3448,-0.012641041,0.0057376777,-0.003400485,10.483597,10.501111,2,5,1,0.9861076,1
5,27,0,0,0,0.0,0.0,0.0,0.0,0.0,0.0,2.2164097,2.2361112,2,-1,0,0.10939817,0
5,3,1,0,1,-54.40367,562.22345,272.3448,-0.012641041,0.0057376777,-0.003400485,4.2466254,4.011389,2,-1,0,0.8914614,1
5,29,1,0,1,63.43224,170.84247,228.11368,-0.01389586,0.00040903667,-0.0033872004,7.2104583,7.254722,2,-1,0,0.9829778,1
5,29,0,0,0,0.0,0.0,0.0,0.0,0.0,0.0,2.3333054,2.3138888,2,-1,0,0.13105789,0
5,29,1,1,1,63.43224,170.84247,228.11368,-0.01389586,0.00040903667,-0.0033872004,8.598945,8.6258335,2,6,1,0.997269,1
5,25,0,0,0,0.0,0.0,0.0,0.0,0.0,0.0,2.0970278,2.0502777,2,-1,0,0.114642896,0
5,31,1,1,1,73.59062,489.61755,114.17815,-0.015398969,0.0011985585,-0.0019079588,13.658277,13.644722,2,7,1,0.95188606,1
5,9,0,0,0,0.0,0.0,0.0,0.0,0.0,0.0,2.5488613,2.5127778,2,-1,0,0.30874884,0
5,12,0,0,0,0.0,0.0,0.0,0.0,0.0,0.0,2.900264,2.8544445,2,-1,0,0.057499547,0
5,40,1,1,1,72.58757,180.9257,25.82619,-0.008016365,1.0833463e-05,-4.252218e-05,8.999146,8.915833,2,8,1,0.9930727,1
5,32,0,0,0,0.0,0.0,0.0,0.0,0.0,0.0,2.7655556,2.7730556,2,-1,0,0.076081425,0
5,4,1,1,1,-74.68169,370.4136,369.2711,-0.003917841,0.0020249567,-0.0013467014,4.742459,4.751389,2,9,1,0.9855274,1
5,21,0,0,0,0.0,0.0,0.0,0.0,0.0,0.0,2.7946322,2.8736112,2,-1,0,0.074078195,0
5,19,0,0,0,0.0,0.0,0.0,0.0,0.0,0.0,2.717118,2.6927779,2,-1,0,0.10714451,0
5,32,0,0,0,0.0,0.0,0.0,0.0,0.0,0.0,2.2931945,2.2941666,2,-1,0,0.046404388,0
5,9,1,1,1,85.693275,425.98996,238.62839,-0.025059188,0.0056864056,-0.003692523,27.092127,26.99611,2,10,1,0.98768705,1
5,16,0,0,0,0.0,0.0,0.0,0.0,0.0,0.0,2.046486,2.115,2,-1,0,0.08360002,0
5,9,1,0,1,85.693275,425.98996,238.62839,-0.025059188,0.0056864056,-0.003692523,2.6534445,2.6252778,2,-1,0,0.15423009,0
5,27,1,1,1,85.50554,-508.2387,273.28766,-0.0045862244,0.0002682661,-0.0028760773,5.7950907,5.8766665,2,11,1,0.93687403,1
5,16,0,0,0,0.0,0.0,0.0,0.0,0.0,0.0,2.3980696,2.3233333,2,-1,0,0.09140511,0
5,15,0,0,0,0.0,0.0,0.0,0.0,0.0,0.0,2.2896945,2.2719445,2,-1,0,0.052533504,0
5,10,0,0,0,0.0,0.0,0.0,0.0,0.0,0.0,2.5909722,2.565,2,-1,0,0.14064986,0
5,13,0,0,0,0.0,0.0,0.0,0.0,0.0,0.0,3.1835487,-1.0,2,-1,0,0.8181572,1
5,27,0,0,0,0.0,0.0,0.0,0.0,0.0,0.0,2.7785833,2.8058333,2,-1,0,0.43675172,0
5,4,0,0,0,0.0,0.0,0.0,0.0,0.0,0.0,1.976264,2.0102777,2,-1,0,0.1287945,0
5,4,0,0,0,0.0,0.0,0.0,0.0,0.0,0.0,2.1828542,2.2425,2,-1,0,0.087391615,0
5,9,0,0,0,0.0,0.0,0.0,0.0,0.0,0.0,2.381639,2.3752778,2,-1,0,0.1472579,0
5,34,0,0,0,0.0,0.0,0.0,0.0,0.0,0.0,2.847014,2.7966666,2,-1,0,0.26166543,0
5,34,0,0,0,0.0,0.0,0.0,0.0,0.0,0.0,2.2990835,2.3577778,2,-1,0,0.1027333,0
5,33,0,0,0,0.0,0.0,0.0,0.0,0.0,0.0,2.389708,2.336111,2,-1,0,0.12805328,0
5,7,0,0,0,0.0,0.0,0.0,0.0,0.0,0.0,1.9656874,2.0083334,2,-1,0,0.11960244,0
5,7,1,1,1,-138.62344,-504.83286,299.67114,-0.0072836215,-0.00021409203,-0.0029201172,4.408625,4.4897223,2,-1,1,0.97125536,1
5,38,0,0,0,0.0,0.0,0.0,0.0,0.0,0.0,2.109375,2.1633334,2,-1,0,0.1225522,0
5,7,1,0,1,-138.62344,-504.83286,299.67114,-0.0072836215,-0.00021409203,-0.0029201172,2.629222,2.58,2,-1,0,0.11493775,0
5,35,1,0,1,-143.07683,1.3167683,408.70364,-0.022714349,0.00532484,-0.001496097,6.5521803,6.5525,2,-1,0,0.9910614,1
5,15,0,0,0,0.0,0.0,0.0,0.0,0.0,0.0,2.1615832,2.1155555,2,-1,0,0.08802021,0
5,35,1,1,1,-143.07683,1.3167683,408.70364,-0.022714349,0.00532484,-0.001496097,8.582243,8.575,2,-1,1,0.9933842,1
5,1,1,1,1,-147.74179,22.903723,170.55377,-0.010095077,0.00456261,-0.0020770938,10.456528,10.554167,2,12,1,0.9908276,1
5,35,1,0,1,-143.07683,1.3167683,408.70364,-0.022714349,0.00532484,-0.001496097,4.0226665,3.9630556,2,-1,0,0.9633097,1
5,16,0,0,0,0.0,0.0,0.0,0.0,0.0,0.0,2.2801666,2.283611,2,-1,0,0.09827957,0
5,26,0,0,0,0.0,0.0,0.0,0.0,0.0,0.0,2.2291806,2.2122223,2,-1,0,0.09155247,0
5,11,1,0,1,157.07097,291.87967,427.45828,-0.018077418,0.0019049447,-0.002544597,6.2275834,6.1902776,2,-1,0,0.9820403,1
5,29,0,0,0,0.0,0.0,0.0,0.0,0.0,0.0,2.34909,2.3063889,2,-1,0,0.14295861,0
5,39,0,0,0,0.0,0.0,0.0,0.0,0.0,0.0,2.053257,2.0666666,2,-1,0,0.10934224,0
5,39,1,1,1,-157.9431,312.33438,116.30836,-0.01228441,0.002586935,-0.00042913016,8.204763,8.108889,2,13,1,0.9473009,1
5,2,0,0,0,0.0,0.0,0.0,0.0,0.0,0.0,2.8118196,2.8580556,2,-1,0,0.052706406,0
5,9,0,0,0,0.0,0.0,0.0,0.0,0.0,0.0,2.5304513,2.62,2,-1,0,0.0678261,0
5,18,0,0,0,0.0,0.0,0.0,0.0,0.0,0.0,2.2887638,2.308889,2,-1,0,0.055724878,0
5,25,0,0,0,0.0,0.0,0.0,0.0,0.0,0.0,2.2641666,2.1983333,2,-1,0,0.08914817,0
5,4,0,0,0,0.0,0.0,0.0,0.0,0.0,0.0,2.468861,2.4302778,2,-1,0,0.095962495,0
5,4,0,0,0,0.0,0.0,0.0,0.0,0.0,0.0,2.006736,2.0069444,2,-1,0,0.07504118,0
5,30,0,0,0,0.0,0.0,0.0,0.0,0.0,0.0,2.3029861,2.3216667,2,-1,0,0.05035182,0
5,5,0,0,0,0.0,0.0,0.0,0.0,0.0,0.0,2.656882,2.52,2,-1,0,0.034162007,0
5,27,0,0,0,0.0,0.0,0.0,0.0,0.0,0.0,2.411736,2.4275,2,-1,0,0.116028294,0
5,38,1,1,1,-176.52943,-306.57147,191.39919,-0.0031263023,-0.00014041863,-0.0021823163,3.380528,3.4036112,2,14,1,0.96244323,1
5,23,1,1,1,-180.57579,417.98532,365.63834,-0.008285102,0.0023509418,-0.00021911126,7.4064164,7.498611,2,15,1,0.963541,1
5,6,0,0,0,0.0,0.0,0.0,0.0,0.0,0.0,2.3199167,2.3755555,2,-1,0,0.0895782,0
5,31,0,0,0,0.0,0.0,0.0,0.0,0.0,0.0,2.310486,2.4375,2,-1,0,0.20138247,0
5,24,0,0,0,0.0,0.0,0.0,0.0,0.0,0.0,2.2231321,2.3108332,2,-1,0,0.089536704,0
5,6,0,0,0,0.0,0.0,0.0,0.0,0.0,0.0,2.1736877,2.1772223,2,-1,0,0.034751255,0
5,18,0,0,0,0.0,0.0,0.0,0.0,0.0,0.0,2.0684514,2.0933332,2,-1,0,0.061435618,0
5,19,0,0,0,0.0,0.0,0.0,0.0,0.0,0.0,2.189514,2.1552777,2,-1,0,0.061935578,0
5,32,0,0,0,0.0,0.0,0.0,0.0,0.0,0.0,2.6918056,2.6477778,2,-1,0,0.4209158,0
5,13,0,0,0,0.0,0.0,0.0,0.0,0.0,0.0,2.3562152,2.375,2,-1,0,0.0976678,0
5,27,0,0,0,0.0,0.0,0.0,0.0,0.0,0.0,1.9602083,2.02,2,-1,0,0.11333036,0
5,14,0,0,0,0.0,0.0,0.0,0.0,0.0,0.0,2.9542637,2.9644444,2,-1,0,0.50278634,1
5,2,1,1,1,-203.88326,-110.78939,165.01068,-0.014428037,0.0007337884,-0.0025893692,10.444291,10.327222,2,16,1,0.9850803,1
5,33,0,0,0,0.0,0.0,0.0,0.0,0.0,0.0,2.0980833,2.0363889,2,-1,0,0.06540938,0
5,12,1,1,1,210.601,-118.94909,451.14435,-0.0062059457,0.00043554915,-0.00081711885,6.054632,6.107222,2,17,1,0.96778786,1
5,22,0,0,0,0.0,0.0,0.0,0.0,0.0,0.0,2.382118,2.3833334,2,-1,0,0.18121283,0
5,29,0,0,0,0.0,0.0,0.0,0.0,0.0,0.0,2.3058887,2.264722,2,-1,0,0.23058762,0
5,10,1,1,1,220.35786,5.1182337,337.06238,-0.008287475,0.0033003585,-8.122341e-05,8.924138,9.054722,2,18,1,0.99453676,1
5,37,0,0,0,0.0,0.0,0.0,0.0,0.0,0.0,1.9192084,2.0055556,2,-1,0,0.09405921,0
5,37,0,0,0,0.0,0.0,0.0,0.0,0.0,0.0,2.4365,2.3875,2,-1,0,0.1184516,0
5,11,0,0,0,0.0,0.0,0.0,0.0,0.0,0.0,1.9495416,2.0286112,2,-1,0,0.092137195,0
5,21,0,0,0,0.0,0.0,0.0,0.0,0.0,0.0,2.4622846,2.4002779,2,-1,0,0.17175287,0
5,29,0,0,0,0.0,0.0,0.0,0.0,0.0,0.0,2.011611,2.0277777,2,-1,0,0.097752884,0
5,30,0,0,0,0.0,0.0,0.0,0.0,0.0,0.0,2.322736,2.3980556,2,-1,0,0.088363454,0
5,16,1,1,1,-242.96269,-484.67303,35.654434,-0.0051117097,-0.000908604,-0.0011654068,5.3722854,5.346667,2,19,1,0.99933547,1
5,29,0,0,0,0.0,0.0,0.0,0.0,0.0,0.0,2.5202012,2.4458334,2,-1,0,0.16345763,0
5,16,0,0,0,0.0,0.0,0.0,0.0,0.0,0.0,2.3873332,2.4658334,2,-1,0,0.05951565,0
5,27,0,0,0,0.0,0.0,0.0,0.0,0.0,0.0,2.1005137,2.1044445,2,-1,0,0.07694436,0
5,20,1,1,1,254.96266,-538.0332,370.95514,-0.007599522,-0.0003632342,-0.0021251477,6.395861,6.4030557,2,20,1,0.9793203,1
5,22,1,1,1,258.92435,-180.01366,395.1833,-0.0032493598,-0.0008012956,9.061612e-05,3.2035418,3.0822222,2,21,1,0.9575702,1
5,17,1,1,1,259.62003,-81.6014,83.91554,-0.005478492,0.00094987085,0.0007430457,4.542472,4.6597223,2,22,1,0.96226436,1
5,18,0,0,0,0.0,0.0,0.0,0.0,0.0,0.0,2.164875,2.1591666,2,-1,0,0.1268408,0
5,38,0,0,0,0.0,0.0,0.0,0.0,0.0,0.0,2.1533403,2.1269445,2,-1,0,0.11575488,0
5,15,1,1,1,-267.02203,-380.17673,142.14082,-0.0077106156,0.0032503891,-0.00018345048,7.597132,7.6772223,2,23,1,0.97903717,1
5,29,0,0,0,0.0,0.0,0.0,0.0,0.0,0.0,2.1625555,2.125,2,-1,0,0.11322973,0
5,8,0,0,0,0.0,0.0,0.0,0.0,0.0,0.0,2.034375,2.0925,2,-1,0,0.14516443,0
5,38,0,0,0,0.0,0.0,0.0,0.0,0.0,0.0,2.187743,2.2113888,2,-1,0,0.09137347,0
5,8,0,0,0,0.0,0.0,0.0,0.0,0.0,0.0,2.5307221,2.5583334,2,-1,0,0.1927384,0
5,27,0,0,0,0.0,0.0,0.0,0.0,0.0,0.0,2.3725417,2.3238888,2,-1,0,0.21708372,0
5,30,0,0,0,0.0,0.0,0.0,0.0,0.0,0.0,2.5217152,2.5241666,2,-1,0,0.15569367,0
5,40,0,0,0,0.0,0.0,0.0,0.0,0.0,0.0,2.294764,2.3241668,2,-1,0,0.10256076,0
5,37,1,1,1,299.87793,-108.9588,337.6515,-0.014200003,0.0006028234,-0.0011199338,14.1115,14.003056,2,24,1,0.9459359,1
5,30,0,0,0,0.0,0.0,0.0,0.0,0.0,0.0,2.0860417,2.1311111,2,-1,0,0.12757605,0
5,35,0,0,0,0.0,0.0,0.0,0.0,0.0,0.0,2.4170833,2.3294444,2,-1,0,0.099541396,0
5,24,0,0,0,0.0,0.0,0.0,0.0,0.0,0.0,2.265597,2.2569444,2,-1,0,0.120681085,0
5,32,1,1,1,-306.77237,380.90247,276.4482,-0.008233512,0.0023332785,0.0007261283,7.7480073,7.671111,2,25,1,0.9643324,1
5,4,0,0,0,0.0,0.0,0.0,0.0,0.0,0.0,2.0959723,2.1377778,2,-1,0,0.106729954,0
5,16,0,0,0,0.0,0.0,0.0,0.0,0.0,0.0,2.1641388,2.1416667,2,-1,0,0.1761371,0
5,28,0,0,0,0.0,0.0,0.0,0.0,0.0,0.0,2.2399306,2.3247223,2,-1,0,0.08897325,0
5,28,0,0,0,0.0,0.0,0.0,0.0,0.0,0.0,2.1889446,2.2116666,2,-1,0,0.09557565,0
5,15,0,0,0,0.0,0.0,0.0,0.0,0.0,0.0,2.9544237,2.9938889,2,-1,0,0.22982705,0
5,14,1,1,1,-326.22333,598.5443,187.77036,-0.011207505,0.00022355471,-0.0034037796,11.005041,10.961667,2,26,1,0.98769766,1
5,27,0,0,0,0.0,0.0,0.0,0.0,0.0,0.0,2.3680346,2.3811111,2,-1,0,0.112955056,0
5,34,0,0,0,0.0,0.0,0.0,0.0,0.0,0.0,2.124903,2.1441667,2,-1,0,0.08003187,0
5,18,0,0,0,0.0,0.0,0.0,0.0,0.0,0.0,2.1069167,0.49805555,2,-1,0,0.09614864,0
5,28,0,0,0,0.0,0.0,0.0,0.0,0.0,0.0,2.6086946,2.5338888,2,-1,0,0.17992088,0
5,5,1,1,1,-337.22412,-517.24384,1.3749933,-0.008726275,0.0043727425,-0.0012791085,4.8150206,4.838333,2,27,1,0.90430313,1
5,19,1,1,1,-344.64764,-135.61588,127.16526,-0.0031084518,-0.0008767737,-0.0012239747,2.6867223,2.7033334,2,28,1,0.14720362,0
5,35,0,0,0,0.0,0.0,0.0,0.0,0.0,0.0,2.022882,2.058889,2,-1,0,0.07622875,0
5,5,0,0,0,0.0,0.0,0.0,0.0,0.0,0.0,2.7376456,2.7386112,2,-1,0,0.18892111,0
5,17,0,0,0,0.0,0.0,0.0,0.0,0.0,0.0,2.1455276,2.0386112,2,-1,0,0.08391214,0
5,38,0,0,0,0.0,0.0,0.0,0.0,0.0,0.0,2.189632,2.1794446,2,-1,0,0.061950564,0
5,18,1,1,1,350.35626,-200.70409,89.30403,-0.0034278713,0.0010011656,-0.0025264793,3.9484582,3.885,2,29,1,0.9894454,1
5,10,0,0,0,0.0,0.0,0.0,0.0,0.0,0.0,2.6063888,2.5977778,2,-1,0,0.2938456,0
5,3,0,0,0,0.0,0.0,0.0,0.0,0.0,0.0,2.0134861,2.0747223,2,-1,0,0.112060584,0
5,1,0,0,0,0.0,0.0,0.0,0.0,0.0,0.0,2.2458751,2.2083333,2,-1,0,0.101808734,0
5,35,0,0,0,0.0,0.0,0.0,0.0,0.0,0.0,2.113771,2.0647223,2,-1,0,0.09866492,0
5,31,0,0,0,0.0,0.0,0.0,0.0,0.0,0.0,2.212368,2.208611,2,-1,0,0.11114998,0
5,27,0,0,0,0.0,0.0,0.0,0.0,0.0,0.0,2.1419237,2.192222,2,-1,0,0.08810599,0
5,1,0,0,0,0.0,0.0,0.0,0.0,0.0,0.0,2.7503471,2.6813889,2,-1,0,0.27413929,0
5,8,0,0,0,0.0,0.0,0.0,0.0,0.0,0.0,2.1134932,2.0527778,2,-1,0,0.09928629,0
5,32,0,0,0,0.0,0.0,0.0,0.0,0.0,0.0,2.080875,2.0527778,2,-1,0,0.055226102,0
5,2,0,0,0,0.0,0.0,0.0,0.0,0.0,0.0,2.0428126,2.0013888,2,-1,0,0.11459684,0
5,8,0,0,0,0.0,0.0,0.0,0.0,0.0,0.0,2.4499307,2.3397222,2,-1,0,0.07218875,0
5,6,0,0,0,0.0,0.0,0.0,0.0,0.0,0.0,2.2276943,2.1752777,2,-1,0,0.08572812,0
5,5,0,0,0,0.0,0.0,0.0,0.0,0.0,0.0,2.495875,2.563611,2,-1,0,0.12759914,0
5,10,0,0,0,0.0,0.0,0.0,0.0,0.0,0.0,2.228125,2.1669445,2,-1,0,0.079295196,0
5,21,0,0,0,0.0,0.0,0.0,0.0,0.0,0.0,2.2045348,2.2866666,2,-1,0,0.075651824,0
5,20,0,0,0,0.0,0.0,0.0,0.0,0.0,0.0,2.4496875,2.5083334,2,-1,0,0.12837543,0
5,1,0,0,0,0.0,0.0,0.0,0.0,0.0,0.0,2.1048887,2.1322222,2,-1,0,0.07753051,0
5,23,0,0,0,0.0,0.0,0.0,0.0,0.0,0.0,2.5390277,2.4916666,2,-1,0,0.19819407,0
5,27,0,0,0,0.0,0.0,0.0,0.0,0.0,0.0,2.2650208,2.2852778,2,-1,0,0.11308528,0
5,21,0,0,0,0.0,0.0,0.0,0.0,0.0,0.0,2.1590416,2.2075,2,-1,0,0.038520623,0
5,2,0,0,0,0.0,0.0,0.0,0.0,0.0,0.0,2.0319445,2.0497222,2,-1,0,0.092060216,0
5,12,0,0,0,0.0,0.0,0.0,0.0,0.0,0.0,2.180389,2.1825,2,-1,0,0.18457331,0
5,1,0,0,0,0.0,0.0,0.0,0.0,0.0,0.0,1.9662777,2.0202777,2,-1,0,0.063159734,0
5,5,0,0,0,0.0,0.0,0.0,0.0,0.0,0.0,2.085236,2.0586112,2,-1,0,0.03344814,0
5,25,0,0,0,0.0,0.0,0.0,0.0,0.0,0.0,2.5013194,2.4691668,2,-1,0,0.093470074,0
5,4,0,0,0,0.0,0.0,0.0,0.0,0.0,0.0,2.2461667,2.1780555,2,-1,0,0.06414256,0
5,4,0,0,0,0.0,0.0,0.0,0.0,0.0,0.0,2.5493262,2.4594445,2,-1,0,0.1578644,0
5,7,0,0,0,0.0,0.0,0.0,0.0,0.0,0.0,1.9888195,2.0597222,2,-1,0,0.08609359,0
6,21,0,0,0,0.0,0.0,0.0,0.0,0.0,0.0,2.1439307,2.2058334,2,-1,0,0.0891656,0
6,13,1,1,1,16.642384,522.87555,351.5586,-0.020218885,0.0043954602,-0.0053336546,16.321543,16.151945,2,0,1,0.9912889,1
6,25,0,0,0,0.0,0.0,0.0,0.0,0.0,0.0,2.06325,2.0458333,2,-1,0,0.076337196,0
6,22,1,1,1,-14.437568,-183.83754,258.4705,-0.003531006,0.0022651306,-0.00016878433,4.4640274,4.5383334,2,1,1,0.94817215,1
6,2,0,0,0,0.0,0.0,0.0,0.0,0.0,0.0,2.625521,2.7166667,2,-1,0,0.1263384,0
6,10,0,0,0,0.0,0.0,0.0,0.0,0.0,0.0,2.009882,2.0591667,2,-1,0,0.047266245,0
6,34,0,0,0,0.0,0.0,0.0,0.0,0.0,0.0,2.5441458,2.5533333,2,-1,0,0.22494069,0
6,34,0,0,0,0.0,0.0,0.0,0.0,0.0,0.0,2.0956388,2.1158333,2,-1,0,0.12456345,0
6,31,0,0,0,0.0,0.0,0.0,0.0,0.0,0.0,2.2205276,2.22,2,-1,0,0.10191619,0
6,5,0,0,0,0.0,0.0,0.0,0.0,0.0,0.0,2.088368,2.0563889,2,-1,0,0.14931606,0
6,23,0,0,0,0.0,0.0,0.0,0.0,0.0,0.0,2.1348193,2.1294444,2,-1,0,0.09391762,0
6,12,1,1,1,33.648518,-290.9417,419.6744,-0.012386975,0.0026318436,-0.0057574455,11.833403,11.776667,2,2,1,0.9858795,1
6,12,0,0,0,0.0,0.0,0.0,0.0,0.0,0.0,2.1114583,2.2716668,2,-1,0,0.054993182,0
6,7,0,0,0,0.0,0.0,0.0,0.0,0.0,0.0,2.1593611,2.0877779,2,-1,0,0.110784225,0
6,31,0,0,0,0.0,0.0,0.0,0.0,0.0,0.0,2.3464165,2.3527777,2,-1,0,0.24721904,0
6,24,0,0,0,0.0,0.0,0.0,0.0,0.0,0.0,2.2029235,2.1977777,2,-1,0,0.096263506,0
6,20,0,0,0,0.0,0.0,0.0,0.0,0.0,0.0,2.6047711,2.6155555,2,-1,0,0.22522081,0
6,15,0,0,0,0.0,0.0,0.0,0.0,0.0,0.0,2.3557708,2.3377779,2,-1,0,0.22073127,0
6,10,0,0,0,0.0,0.0,0.0,0.0,0.0,0.0,2.1984582,2.2402778,2,-1,0,0.10695209,0
6,24,0,0,0,0.0,0.0,0.0,0.0,0.0,0.0,2.642625,2.6883333,2,-1,0,0.0938048,0
6,21,0,0,0,0.0,0.0,0.0,0.0,0.0,0.0,2.431972,2.4505556,2,-1,0,0.09283704,0
6,4,1,1,1,68.51377,380.5699,308.3625,-0.015410487,0.004023637,-0.002682549,17.637646,17.645834,2,3,1,0.98575693,1
6,9,0,0,0,0.0,0.0,0.0,0.0,0.0,0.0,2.2438264,2.1694446,2,-1,0,0.113448784,0
6,11,0,0,0,0.0,0.0,0.0,0.0,0.0,0.0,2.19284,2.1847222,2,-1,0,0.12716156,0
6,26,0,0,0,0.0,0.0,0.0,0.0,0.0,0.0,2.2724724,2.363889,2,-1,0,0.11565702,0
6,9,0,0,0,0.0,0.0,0.0,0.0,0.0,0.0,2.128007,2.0941668,2,-1,0,0.0649399,0
6,33,1,1,1,-66.28533,-425.24982,454.13116,-0.009124552,0.004022423,-0.0012030714,8.691236,8.663889,2,4,1,0.97253436,1
6,32,1,1,1,-73.26728,316.2563,405.46445,-0.00555996,0.0032184909,-0.0018933021,7.6642847,7.5761113,2,5,1,0.9753882,1
6,24,0,0,0,0.0,0.0,0.0,0.0,0.0,0.0,2.086632,2.0352778,2,-1,0,0.07235713,0
6,23,0,0,0,0.0,0.0,0.0,0.0,0.0,0.0,2.1025279,2.0983334,2,-1,0,0.09794843,0
6,27,0,0,0,0.0,0.0,0.0,0.0,0.0,0.0,2.8902917,2.8997223,2,-1,0,0.1381716,0
6,26,1,1,1,83.62169,4.7914867,195.7708,-0.014904326,0.0054598167,-0.001005192,13.871465,13.718889,2,6,1,0.993562,1
6,18,1,1,1,-78.80196,575.40155,166.91919,-0.016692078,0.003425193,-0.001792656,16.601576,16.685,2,7,1,0.85031384,1
6,35,1,1,1,80.89514,-446.8021,14.642242,-0.0022031143,0.00066824147,-0.0018478092,2.851736,2.938611,2,8,1,0.29201537,0
6,25,0,0,0,0.0,0.0,0.0,0.0,0.0,0.0,2.0076807,2.014722,2,-1,0,0.029862342,0
6,8,0,0,0,0.0,0.0,0.0,0.0,0.0,0.0,2.2901113,2.2922223,2,-1,0,0.11584748,0
6,18,1,0,1,-78.80196,575.40155,166.91919,-0.016692078,0.003425193,-0.001792656,3.135618,3.1266668,2,-1,0,0.64971656,1
6,30,1,1,1,85.35961,-569.50226,458.26868,-0.0046981024,0.0027265428,-0.0002586144,5.9727635,5.980278,2,9,1,0.9645482,1
6,38,1,1,1,-85.66298,-595.66156,171.64394,-0.013092658,0.0048601837,-0.0042655133,16.78625,16.764723,2,10,1,0.7853822,1
6,34,0,0,0,0.0,0.0,0.0,0.0,0.0,0.0,2.216,2.196389,2,-1,0,0.0986173,0
6,16,0,0,0,0.0,0.0,0.0,0.0,0.0,0.0,1.9991806,2.0483334,2,-1,0,0.051540576,0
6,9,0,0,0,0.0,0.0,0.0,0.0,0.0,0.0,2.929139,2.8375,2,-1,0,0.35925967,0
6,10,1,1,1,107.0488,-443.93637,391.20743,-0.019196343,0.0061028227,-0.006011859,22.282957,22.284166,2,11,1,0.9948539,1
6,1,1,1,1,105.138985,-554.34314,125.73209,-0.003446132,0.0013717843,0.0007899194,3.9779932,3.8169444,2,12,1,0.96934134,1
6,15,1,1,1,-107.31189,515.0485,31.33364,-0.005106901,-0.0003709161,0.0003831054,5.630076,5.5425,2,13,1,0.9897683,1
6,29,0,0,0,0.0,0.0,0.0,0.0,0.0,0.0,2.0834513,2.1347222,2,-1,0,0.12819043,0
6,34,1,1,1,119.60966,-306.75366,64.89254,-0.017144,0.006050305,-0.0035963957,21.76954,21.620556,2,14,1,0.99579924,1
6,20,0,0,0,0.0,0.0,0.0,0.0,0.0,0.0,2.281875,2.23,2,-1,0,0.083165236,0
6,5,1,1,1,119.21259,587.9452,157.4097,-0.0021419313,-0.0008672976,-0.00085675815,2.2132292,2.206389,2,15,1,0.072813824,0
6,40,0,0,0,0.0,0.0,0.0,0.0,0.0,0.0,2.4447916,2.504722,2,-1,0,0.16073374,0
6,36,1,1,1,-121.238235,45.57992,188.91133,-0.01861544,0.0028868353,-0.0050048246,15.293617,15.281944,2,16,1,0.9996489,1
6,32,0,0,0,0.0,0.0,0.0,0.0,0.0,0.0,2.4807363,2.5222223,2,-1,0,0.103751734,0
6,36,1,0,1,-121.238235,45.57992,188.91133,-0.01861544,0.0028868353,-0.0050048246,5.9535346,5.9105554,2,-1,0,0.99066144,1
6,27,0,0,0,0.0,0.0,0.0,0.0,0.0,0.0,2.3073683,2.4002779,2,-1,0,0.14332515,0
6,25,1,1,1,132.43993,340.8205,190.9751,-0.004364271,0.0015913986,0.000897362,5.0922365,5.0075,2,17,1,0.9874937,1
6,31,0,0,0,0.0,0.0,0.0,0.0,0.0,0.0,2.1377292,2.128611,2,-1,0,0.09853434,0
6,31,1,1,1,134.38779,-449.9053,449.94415,-0.0036486753,0.0019258081,0.00046473034,4.234035,4.127222,2,18,1,0.9746755,1
6,39,0,0,0,0.0,0.0,0.0,0.0,0.0,0.0,2.034257,2.0291667,2,-1,0,0.037392497,0
6,16,0,0,0,0.0,0.0,0.0,0.0,0.0,0.0,2.2482014,2.2505555,2,-1,0,0.07122846,0
6,4,0,0,0,0.0,0.0,0.0,0.0,0.0,0.0,2.8770416,2.8830554,2,-1,0,0.18954846,0
6,34,0,0,0,0.0,0.0,0.0,0.0,0.0,0.0,2.6047776,2.6788888,2,-1,0,0.40173018,0
6,6,0,0,0,0.0,0.0,0.0,0.0,0.0,0.0,2.1744165,2.1136112,2,-1,0,0.10108139,0
6,32,0,0,0,0.0,0.0,0.0,0.0,0.0,0.0,2.203153,2.1291666,2,-1,0,0.08041066,0
6,39,0,0,0,0.0,0.0,0.0,0.0,0.0,0.0,2.3324723,2.31,2,-1,0,0.11054559,0
6,13,0,0,0,0.0,0.0,0.0,0.0,0.0,0.0,2.2797499,2.2972221,2,-1,0,0.09901311,0
6,26,0,0,0,0.0,0.0,0.0,0.0,0.0,0.0,2.6179862,2.5902777,2,-1,0,0.220972,0
6,10,0,0,0,0.0,0.0,0.0,0.0,0.0,0.0,2.3203473,2.3225,2,-1,0,0.08705199,0
6,16,0,0,0,0.0,0.0,0.0,0.0,0.0,0.0,2.3108125,2.3622222,2,-1,0,0.066061,0
6,37,0,0,0,0.0,0.0,0.0,0.0,0.0,0.0,2.092111,2.071389,2,-1,0,0.085404806,0
6,17,0,0,0,0.0,0.0,0.0,0.0,0.0,0.0,2.141146,2.1319444,2,-1,0,0.15510891,0
6,19,0,0,0,0.0,0.0,0.0,0.0,0.0,0.0,2.149889,2.2633333,2,-1,0,0.06851623,0
6,27,1,1,1,258.37143,-105.48039,333.21445,-0.02775729,0.005106305,-0.007075139,13.677105,13.282778,2,19,1,0.97966194,1
6,40,0,0,0,0.0,0.0,0.0,0.0,0.0,0.0,2.1686597,2.131389,2,-1,0,0.15357392,0
6,39,0,0,0,0.0,0.0,0.0,0.0,0.0,0.0,2.3809721,2.3911111,2,-1,0,0.06886782,0
6,40,1,1,1,174.11829,78.799355,364.33435,-0.0031814345,0.002451994,-0.0007084375,4.005639,4.106389,2,20,1,0.9846667,1
6,9,0,0,0,0.0,0.0,0.0,0.0,0.0,0.0,2.1474583,2.1341667,2,-1,0,0.096520424,0
6,5,0,0,0,0.0,0.0,0.0,0.0,0.0,0.0,2.7999516,2.803611,2,-1,0,0.20863783,0
6,20,0,0,0,0.0,0.0,0.0,0.0,0.0,0.0,2.1183333,2.0594444,2,-1,0,0.08572823,0
6,23,1,1,1,-181.27975,-195.58267,146.87448,-0.008509153,0.002786916,-0.0027631186,8.53339,8.5975,2,21,1,0.96956146,1
6,11,0,0,0,0.0,0.0,0.0,0.0,0.0,0.0,2.0403333,2.0633333,2,-1,0,0.11553798,0
6,23,0,0,0,0.0,0.0,0.0,0.0,0.0,0.0,1.9703056,2.028889,2,-1,0,0.07891488,0
6,16,1,1,1,201.2237,419.77634,129.33821,-0.024597527,0.0054504806,-0.006866661,21.114944,21.182222,2,22,1,0.992926,1
6,6,0,0,0,0.0,0.0,0.0,0.0,0.0,0.0,2.5353613,2.5433333,2,-1,0,0.10365768,0
6,16,1,0,1,201.2237,419.77634,129.33821,-0.024597527,0.0054504806,-0.006866661,5.051708,5.096667,2,-1,0,0.8220926,1
6,34,0,0,0,0.0,0.0,0.0,0.0,0.0,0.0,3.2235835,3.2355556,2,-1,0,0.14673926,0
6,33,0,0,0,0.0,0.0,0.0,0.0,0.0,0.0,2.116257,2.1208334,2,-1,0,0.088784195,0
6,2,0,0,0,0.0,0.0,0.0,0.0,0.0,0.0,2.382118,2.3205554,2,-1,0,0.0884282,0
6,20,0,0,0,0.0,0.0,0.0,0.0,0.0,0.0,2.169,2.273611,2,-1,0,0.07844764,0
6,35,0,0,0,0.0,0.0,0.0,0.0,0.0,0.0,2.4254444,2.3847222,2,-1,0,0.08862474,0
6,5,0,0,0,0.0,0.0,0.0,0.0,0.0,0.0,2.026778,2.0869443,2,-1,0,0.09580047,0
6,26,0,0,0,0.0,0.0,0.0,0.0,0.0,0.0,2.5855484,2.5522223,2,-1,0,0.0876393,0
6,23,0,0,0,0.0,0.0,0.0,0.0,0.0,0.0,2.2188263,2.2397223,2,-1,0,0.07932397,0
6,32,0,0,0,0.0,0.0,0.0,0.0,0.0,0.0,2.2829862,2.2466667,2,-1,0,0.115352154,0
6,9,0,0,0,0.0,0.0,0.0,0.0,0.0,0.0,2.2123125,2.3175,2,-1,0,0.04607266,0
6,17,0,0,0,0.0,0.0,0.0,0.0,0.0,0.0,1.9910278,2.0522223,2,-1,0,0.06870181,0
6,40,0,0,0,0.0,0.0,0.0,0.0,0.0,0.0,2.2386806,2.241111,2,-1,0,0.07392333,0
6,2,0,0,0,0.0,0.0,0.0,0.0,0.0,0.0,2.3354445,2.3566666,2,-1,0,0.11400084,0
6,27,1,0,1,258.37143,-105.48039,333.21445,-0.02775729,0.005106305,-0.007075139,5.3370833,5.2397223,2,-1,0,0.9348998,1
6,40,0,0,0,0.0,0.0,0.0,0.0,0.0,0.0,2.2301528,2.2252777,2,-1,0,0.088235125,0
6,13,0,0,0,0.0,0.0,0.0,0.0,0.0,0.0,2.486924,2.3491666,2,-1,0,0.077893585,0
6,27,1,0,1,258.37143,-105.48039,333.21445,-0.02775729,0.005106305,-0.007075139,8.676952,8.679167,2,-1,0,0.96063966,1
6,17,0,0,0,0.0,0.0,0.0,0.0,0.0,0.0,2.1002362,2.1388888,2,-1,0,0.08389977,0
6,5,0,0,0,0.0,0.0,0.0,0.0,0.0,0.0,2.0989652,2.1408334,2,-1,0,0.0667053,0
6,28,1,1,1,-265.09418,-267.22324,12.409846,-0.012336945,0.0015625667,-0.0054936423,12.247972,12.298333,2,23,1,0.98529196,1
6,25,0,0,0,0.0,0.0,0.0,0.0,0.0,0.0,2.1530137,2.1483333,2,-1,0,0.046429798,0
6,14,0,0,0,0.0,0.0,0.0,0.0,0.0,0.0,2.2008612,2.166111,2,-1,0,0.2049664,0
6,20,0,0,0,0.0,0.0,0.0,0.0,0.0,0.0,2.445771,2.4575,2,-1,0,0.05901057,0
6,1,0,0,0,0.0,0.0,0.0,0.0,0.0,0.0,2.0751112,2.0730555,2,-1,0,0.12337198,0
6,14,0,0,0,0.0,0.0,0.0,0.0,0.0,0.0,2.4663959,2.4097223,2,-1,0,0.06669193,0
6,2,0,0,0,0.0,0.0,0.0,0.0,0.0,0.0,2.3809094,2.4113889,2,-1,0,0.32017848,0
6,3,0,0,0,0.0,0.0,0.0,0.0,0.0,0.0,2.3579724,2.4127777,2,-1,0,0.12972903,0
6,19,1,1,1,-282.4398,126.26144,416.91577,-0.009683272,0.0041419086,-0.000959063,8.357341,8.363055,2,24,1,0.99331987,1
6,24,1,1,1,-279.4892,65.17755,232.65735,-0.020991756,0.0039239516,-0.002401454,8.761001,8.734722,2,25,1,0.9798298,1
6,26,0,0,0,0.0,0.0,0.0,0.0,0.0,0.0,2.0950346,2.1308334,2,-1,0,0.11084027,0
6,4,0,0,0,0.0,0.0,0.0,0.0,0.0,0.0,2.1474445,2.1591666,2,-1,0,0.072983265,0
6,20,1,1,1,298.0026,-84.58172,87.6495,-0.008508601,0.0006267078,-0.0033352887,8.496681,8.628333,2,26,1,0.966923,1
6,11,1,1,1,-296.22772,180.57425,38.091896,-0.0029878644,0.0016848082,-0.0020368122,3.653618,3.6544445,2,-1,1,0.7681541,1
6,7,1,1,1,300.02136,501.02777,252.11842,-0.00573144,0.0032874425,-0.00020330587,5.2567086,5.2247224,2,27,1,0.9974396,1
6,39,1,1,1,-299.5964,68.867424,369.27457,-0.013860511,0.005263864,-0.0012213847,15.234326,15.145278,2,28,1,0.9815423,1
6,32,0,0,0,0.0,0.0,0.0,0.0,0.0,0.0,2.0695972,2.0483334,2,-1,0,0.056237254,0
6,4,0,0,0,0.0,0.0,0.0,0.0,0.0,0.0,2.0714512,2.1141667,2,-1,0,0.16981,0
6,19,0,0,0,0.0,0.0,0.0,0.0,0.0,0.0,2.1510277,2.1566668,2,-1,0,0.071399055,0
6,13,0,0,0,0.0,0.0,0.0,0.0,0.0,0.0,2.4568613,2.4608333,2,-1,0,0.09409473,0
6,38,0,0,0,0.0,0.0,0.0,0.0,0.0,0.0,2.3523054,2.4180555,2,-1,0,0.15263352,0
6,40,0,0,0,0.0,0.0,0.0,0.0,0.0,0.0,2.3874164,2.3844445,2,-1,0,0.09054583,0
6,17,0,0,0,0.0,0.0,0.0,0.0,0.0,0.0,2.258618,2.2105556,2,-1,0,0.1170904,0
6,7,0,0,0,0.0,0.0,0.0,0.0,0.0,0.0,2.5717778,2.6541667,2,-1,0,0.12601677,0
6,22,0,0,0,0.0,0.0,0.0,0.0,0.0,0.0,2.2522223,2.286111,2,-1,0,0.11211077,0
6,3,1,1,1,313.83783,-133.73488,56.406876,-0.0071371836,9.0692556e-05,-0.0033431004,7.291097,7.330278,2,29,1,0.984939,1
6,18,0,0,0,0.0,0.0,0.0,0.0,0.0,0.0,1.9545556,2.0741668,2,-1,0,0.085610874,0
6,6,1,1,1,325.63107,440.718,259.16864,-0.011914948,0.004939474,-0.0018195012,9.663542,9.611111,2,30,1,0.9981603,1
6,36,0,0,0,0.0,0.0,0.0,0.0,0.0,0.0,2.599854,2.5158334,2,-1,0,0.10907,0
6,20,0,0,0,0.0,0.0,0.0,0.0,0.0,0.0,2.3607638,2.3547223,2,-1,0,0.13066553,0
6,4,0,0,0,0.0,0.0,0.0,0.0,0.0,0.0,2.2060554,2.1388888,2,-1,0,0.05145841,0
6,33,0,0,0,0.0,0.0,0.0,0.0,0.0,0.0,2.029389,2.1025,2,-1,0,0.060253873,0
6,28,0,0,0,0.0,0.0,0.0,0.0,0.0,0.0,2.209,2.1713889,2,-1,0,0.0939439,0
6,33,0,0,0,0.0,0.0,0.0,0.0,0.0,0.0,2.2738194,2.2766666,2,-1,0,0.23627073,0
6,19,0,0,0,0.0,0.0,0.0,0.0,0.0,0.0,2.0167918,2.0372221,2,-1,0,0.1285211,0
6,9,0,0,0,0.0,0.0,0.0,0.0,0.0,0.0,2.7686877,2.7658334,2,-1,0,0.3020154,0
6,33,0,0,0,0.0,0.0,0.0,0.0,0.0,0.0,2.0081875,2.1022222,2,-1,0,0.1405451,0
6,27,0,0,0,0.0,0.0,0.0,0.0,0.0,0.0,2.6395762,2.5,2,-1,0,0.069872424,0
6,17,1,1,1,359.36984,588.16675,106.05314,-0.030483928,0.0070740194,-0.0068586217,24.73826,24.690834,2,31,1,0.9994748,1
6,17,1,0,1,359.36984,588.16675,106.05314,-0.030483928,0.0070740194,-0.0068586217,3.7057362,3.701111,2,-1,0,0.99634546,1
6,8,0,0,0,0.0,0.0,0.0,0.0,0.0,0.0,2.1647432,2.293611,2,-1,0,0.112332724,0
6,23,0,0,0,0.0,0.0,0.0,0.0,0.0,0.0,2.2566805,2.1894445,2,-1,0,0.049185775,0
6,31,0,0,0,0.0,0.0,0.0,0.0,0.0,0.0,2.2984304,2.363889,2,-1,0,0.11609556,0
6,25,0,0,0,0.0,0.0,0.0,0.0,0.0,0.0,2.3176665,2.301389,2,-1,0,0.18006498,0
6,5,0,0,0,0.0,0.0,0.0,0.0,0.0,0.0,2.2093055,2.2808332,2,-1,0,0.12289958,0
6,5,0,0,0,0.0,0.0,0.0,0.0,0.0,0.0,2.6299098,0.57805556,2,-1,0,0.721579,1
6,38,0,0,0,0.0,0.0,0.0,0.0,0.0,0.0,2.2499027,2.2780557,2,-1,0,0.12289419,0
6,14,0,0,0,0.0,0.0,0.0,0.0,0.0,0.0,2.2510417,2.32,2,-1,0,0.18208192,0
6,30,0,0,0,0.0,0.0,0.0,0.0,0.0,0.0,2.1569166,2.1063888,2,-1,0,0.12867104,0
6,27,0,0,0,0.0,0.0,0.0,0.0,0.0,0.0,2.0240278,2.0072222,2,-1,0,0.10811904,0
6,28,0,0,0,0.0,0.0,0.0,0.0,0.0,0.0,2.2014027,2.2161112,2,-1,0,0.09336932,0
6,28,0,0,0,0.0,0.0,0.0,0.0,0.0,0.0,2.4235277,2.547778,2,-1,0,0.4684132,0
6,3,0,0,0,0.0,0.0,0.0,0.0,0.0,0.0,2.5669863,2.5075,2,-1,0,0.15738872,0
6,4,0,0,0,0.0,0.0,0.0,0.0,0.0,0.0,2.2408125,2.205,2,-1,0,0.02750165,0
6,3,0,0,0,0.0,0.0,0.0,0.0,0.0,0.0,2.045375,2.0491667,2,-1,0,0.08689749,0
6,26,0,0,0,0.0,0.0,0.0,0.0,0.0,0.0,2.2001388,2.202222,2,-1,0,0.10680327,0
6,9,0,0,0,0.0,0.0,0.0,0.0,0.0,0.0,2.1127431,2.0538888,2,-1,0,0.04866679,0
6,17,0,0,0,0.0,0.0,0.0,0.0,0.0,0.0,2.2718887,2.2597222,2,-1,0,0.0782639,0
7,29,0,0,0,0.0,0.0,0.0,0.0,0.0,0.0,2.6980555,2.8688889,2,-1,0,0.4439335,0
7,34,0,0,0,0.0,0.0,0.0,0.0,0.0,0.0,2.087507,2.0958333,2,-1,0,0.10993923,0
7,15,0,0,0,0.0,0.0,0.0,0.0,0.0,0.0,2.2645833,2.2261112,2,-1,0,0.02802987,0
7,7,0,0,0,0.0,0.0,0.0,0.0,0.0,0.0,2.0628195,2.0038888,2,-1,0,0.095055945,0
7,40,0,0,0,0.0,0.0,0.0,0.0,0.0,0.0,2.4986112,2.5130556,2,-1,0,0.06571621,0
7,38,1,1,1,32.698338,240.18849,150.0381,-0.019458003,0.0037553872,-0.0038434144,23.03004,22.881945,2,0,1,0.99930906,1
7,37,0,0,0,0.0,0.0,0.0,0.0,0.0,0.0,2.4112222,2.3558333,2,-1,0,0.15994413,0
7,2,1,1,1,33.641987,-128.76453,321.8112,-0.0054546306,0.0030972466,-0.0022803955,8.056361,7.9055557,2,1,1,0.9484525,1
7,9,1,1,1,35.273094,358.58997,60.10119,-0.0022044466,0.0019258005,-0.00046837173,3.176903,2.955,2,2,1,0.22728822,0
7,24,1,1,1,39.800507,521.97186,2.869009,-0.012886917,0.0022742671,-0.0029202132,15.431013,15.204722,2,3,1,0.9920101,1
7,22,0,0,0,0.0,0.0,0.0,0.0,0.0,0.0,2.3115764,2.4025,2,-1,0,0.115855075,0
7,4,0,0,0,0.0,0.0,0.0,0.0,0.0,0.0,2.3497498,2.2608333,2,-1,0,0.1317655,0
7,22,0,0,0,0.0,0.0,0.0,0.0,0.0,0.0,2.3180208,2.2925,2,-1,0,0.09571769,0
7,39,0,0,0,0.0,0.0,0.0,0.0,0.0,0.0,2.1074584,2.1030555,2,-1,0,0.101114474,0
7,27,1,1,1,-47.379124,-271.88516,289.6492,-0.021771464,0.004035111,-0.0072770114,25.760715,25.770277,2,4,1,0.99990547,1
7,40,1,1,1,60.7843,-157.92278,389.31314,-0.027279112,0.0074591986,-0.0060758893,33.822834,34.287224,2,5,1,0.99999833,1
7,4,1,1,1,58.0372,358.88184,176.57587,-0.016438758,0.0028975043,-0.004205008,21.43121,21.668333,2,6,1,0.9999677,1
7,27,1,0,1,-47.379124,-271.88516,289.6492,-0.021771464,0.004035111,-0.0072770114,2.8486664,2.7633333,2,-1,0,0.1082562,0
7,25,0,0,0,0.0,0.0,0.0,0.0,0.0,0.0,2.1186666,2.0644445,2,-1,0,0.09278388,0
7,25,0,0,0,0.0,0.0,0.0,0.0,0.0,0.0,2.512167,2.4458334,2,-1,0,0.06001145,0
7,37,0,0,0,0.0,0.0,0.0,0.0,0.0,0.0,2.1406112,2.136111,2,-1,0,0.080587365,0
7,32,0,0,0,0.0,0.0,0.0,0.0,0.0,0.0,2.5123334,2.438611,2,-1,0,0.13351086,0
7,23,1,1,1,69.47049,-216.83498,395.36127,-0.0060730474,0.0025039918,-0.003060058,8.612173,8.278889,2,7,1,0.98921865,1
7,23,0,0,0,0.0,0.0,0.0,0.0,0.0,0.0,2.534375,2.6333334,2,-1,0,0.1189972,0
7,10,0,0,0,0.0,0.0,0.0,0.0,0.0,0.0,2.2788196,2.286111,2,-1,0,0.100647666,0
7,4,0,0,0,0.0,0.0,0.0,0.0,0.0,0.0,2.6211457,2.5852778,2,-1,0,0.7054156,1
7,39,1,1,1,-94.79811,-93.60751,196.57582,-0.008836615,0.0019514341,-0.0035305482,5.0301876,5.0275,2,8,1,0.99551195,1
7,6,0,0,0,0.0,0.0,0.0,0.0,0.0,0.0,2.1790416,2.2377777,2,-1,0,0.110369064,0
7,27,0,0,0,0.0,0.0,0.0,0.0,0.0,0.0,2.0342987,2.0844445,2,-1,0,0.06386339,0
7,1,0,0,0,0.0,0.0,0.0,0.0,0.0,0.0,2.6477084,2.7155557,2,-1,0,0.09719771,0
7,37,0,0,0,0.0,0.0,0.0,0.0,0.0,0.0,2.2975485,2.386111,2,-1,0,0.054494027,0
7,8,0,0,0,0.0,0.0,0.0,0.0,0.0,0.0,2.57659,2.5738888,2,-1,0,0.37314326,0
7,14,1,1,1,115.93543,227.5669,97.04743,-0.006856692,0.0034779184,-0.0026802658,8.834194,8.861667,2,9,1,0.97873634,1
7,32,0,0,0,0.0,0.0,0.0,0.0,0.0,0.0,2.1879306,2.2383332,2,-1,0,0.063001625,0
7,21,1,1,1,-119.59854,-573.9334,181.38625,-0.023564639,0.0033799887,-0.006991193,27.39425,27.176666,2,10,1,1.0,1
7,24,0,0,0,0.0,0.0,0.0,0.0,0.0,0.0,2.8773334,2.7952778,2,-1,0,0.16805878,0
7,7,1,1,1,124.29684,344.84744,332.36618,-0.0040055024,0.0021771013,-0.0024186976,5.369757,5.2283335,2,11,1,0.9622209,1
7,12,0,0,0,0.0,0.0,0.0,0.0,0.0,0.0,8.525681,-1.0,2,-1,0,0.99949896,1
7,18,0,0,0,0.0,0.0,0.0,0.0,0.0,0.0,3.0884721,3.0230556,2,-1,0,0.38614678,0
7,34,0,0,0,0.0,0.0,0.0,0.0,0.0,0.0,2.8311388,2.8275,2,-1,0,0.7828658,1
7,14,0,0,0,0.0,0.0,0.0,0.0,0.0,0.0,2.2103264,2.1958334,2,-1,0,0.08246217,0
7,32,0,0,0,0.0,0.0,0.0,0.0,0.0,0.0,2.2847779,2.3622222,2,-1,0,0.09207092,0
7,9,0,0,0,0.0,0.0,0.0,0.0,0.0,0.0,2.2914028,2.271111,2,-1,0,0.115919754,0
7,22,0,0,0,0.0,0.0,0.0,0.0,0.0,0.0,2.0110834,2.03,2,-1,0,0.10587669,0
7,12,0,0,0,0.0,0.0,0.0,0.0,0.0,0.0,2.2039168,2.1333334,2,-1,0,0.10012894,0
7,3,0,0,0,0.0,0.0,0.0,0.0,0.0,0.0,2.9697778,2.9244444,2,-1,0,0.4724514,0
7,12,0,0,0,0.0,0.0,0.0,0.0,0.0,0.0,2.3900695,2.3902779,2,-1,0,0.08661205,0
7,8,1,1,1,-164.78319,-515.0857,184.1576,-0.008716838,0.0032121774,-0.002769241,7.402209,7.4877777,2,12,1,0.97937644,1
7,22,0,0,0,0.0,0.0,0.0,0.0,0.0,0.0,2.0704029,2.0686111,2,-1,0,0.07451471,0
7,33,1,1,1,174.71106,-351.93857,32.94243,-0.014882651,0.0051149074,-0.0055804066,17.285236,17.406666,2,13,1,0.9844744,1
7,34,0,0,0,0.0,0.0,0.0,0.0,0.0,0.0,2.369875,2.311389,2,-1,0,0.1476564,0
7,32,0,0,0,0.0,0.0,0.0,0.0,0.0,0.0,2.3282082,2.2916667,2,-1,0,0.13512848,0
7,20,0,0,0,0.0,0.0,0.0,0.0,0.0,0.0,2.3193889,2.3177779,2,-1,0,0.09082502,0
7,32,0,0,0,0.0,0.0,0.0,0.0,0.0,0.0,2.1794446,2.2825,2,-1,0,0.11249114,0
7,36,1,1,1,196.93982,359.8984,386.1986,-0.0035733716,0.0020197176,-0.0018890379,4.015007,3.9344444,2,14,1,0.9589719,1
7,22,1,1,1,200.6498,-489.06012,152.97508,-0.015717816,0.0035047112,-0.0010681716,10.393548,10.353056,2,-1,1,0.93167347,1
7,22,1,0,1,200.6498,-489.06012,152.97508,-0.015717816,0.0035047112,-0.0010681716,6.914736,7.0169444,2,-1,0,0.9822397,1
7,9,0,0,0,0.0,0.0,0.0,0.0,0.0,0.0,2.120271,2.1547222,2,-1,0,0.10284595,0
7,40,0,0,0,0.0,0.0,0.0,0.0,0.0,0.0,1.9405625,2.0205555,2,-1,0,0.10205169,0
7,34,0,0,0,0.0,0.0,0.0,0.0,0.0,0.0,2.1900692,2.2825,2,-1,0,0.0920494,0
7,15,0,0,0,0.0,0.0,0.0,0.0,0.0,0.0,2.1659167,2.1152778,2,-1,0,0.032884058,0
7,11,1,1,1,-212.97415,-319.55475,377.17807,-0.020109514,0.0013294171,-0.0034096912,18.766443,18.718056,2,15,1,0.99547935,1
7,16,0,0,0,0.0,0.0,0.0,0.0,0.0,0.0,2.315861,2.243611,2,-1,0,0.11958498,0
7,9,0,0,0,0.0,0.0,0.0,0.0,0.0,0.0,2.1865277,2.2422223,2,-1,0,0.14084363,0
7,17,0,0,0,0.0,0.0,0.0,0.0,0.0,0.0,3.035361,3.0380557,2,-1,0,0.10158767,0
7,11,1,0,1,-212.97415,-319.55475,377.17807,-0.020109514,0.0013294171,-0.0034096912,2.1139028,2.196389,2,-1,0,0.08579189,0
7,6,1,1,1,228.42233,178.27353,56.65224,-0.019174496,0.0028209537,-0.001942635,19.329027,19.312778,2,16,1,0.9896373,1
7,34,0,0,0,0.0,0.0,0.0,0.0,0.0,0.0,2.0910833,2.0608332,2,-1,0,0.087639645,0
7,40,0,0,0,0.0,0.0,0.0,0.0,0.0,0.0,2.3105,2.1527777,2,-1,0,0.09376289,0
7,38,0,0,0,0.0,0.0,0.0,0.0,0.0,0.0,2.3903334,2.2197223,2,-1,0,0.08141548,0
7,2,0,0,0,0.0,0.0,0.0,0.0,0.0,0.0,2.7585554,2.8425,2,-1,0,0.08782638,0
7,12,0,0,0,0.0,0.0,0.0,0.0,0.0,0.0,2.3384168,2.345,2,-1,0,0.11446349,0
7,13,0,0,0,0.0,0.0,0.0,0.0,0.0,0.0,2.1029582,2.1380556,2,-1,0,0.11920448,0
7,20,1,1,1,243.42403,-309.46115,366.055,-0.01889376,0.0053060506,-0.0060163005,14.517847,14.600278,2,17,1,0.98436964,1
7,27,0,0,0,0.0,0.0,0.0,0.0,0.0,0.0,2.7018542,2.6933334,2,-1,0,0.21819666,0
7,20,1,0,1,243.42403,-309.46115,366.055,-0.01889376,0.0053060506,-0.0060163005,2.9084165,2.9569445,2,-1,0,0.23649484,0
7,39,0,0,0,0.0,0.0,0.0,0.0,0.0,0.0,2.3171182,2.2566667,2,-1,0,0.09547207,0
7,31,1,1,1,-245.84425,-218.19887,409.3096,-0.0023667843,0.00067482254,-0.0020639321,2.536236,2.4769444,2,18,1,0.06673412,0
7,16,1,1,1,-247.80777,-213.06827,99.31669,-0.004647107,-0.0003685256,0.00030268668,4.5024443,4.536389,2,19,1,0.96022034,1
7,3,1,1,1,-248.03415,229.00551,267.2796,-0.0035444847,0.0026773398,-0.00049375225,4.2195697,4.151111,2,20,1,0.932055,1
7,18,1,1,1,259.96265,-423.5529,247.01257,-0.023993779,0.0071771042,-0.0035109567,23.300077,23.238333,2,21,1,0.99239117,1
7,27,0,0,0,0.0,0.0,0.0,0.0,0.0,0.0,2.4587917,2.406111,2,-1,0,0.18566345,0
7,30,1,1,1,-257.01913,-163.81197,209.52759,-0.012518388,0.0024716128,-0.0028719062,11.25275,11.161944,2,22,1,0.9951769,1
7,35,0,0,0,0.0,0.0,0.0,0.0,0.0,0.0,2.1535416,2.1311111,2,-1,0,0.1252898,0
7,29,1,1,1,-259.6627,-141.36057,364.71893,-0.013312465,0.0029985378,-0.0056116,10.837326,10.801389,2,23,1,0.96188736,1
7,16,0,0,0,0.0,0.0,0.0,0.0,0.0,0.0,2.4358332,2.4819446,2,-1,0,0.042497214,0
7,1,0,0,0,0.0,0.0,0.0,0.0,0.0,0.0,2.6225,2.6747222,2,-1,0,0.11860732,0
7,25,0,0,0,0.0,0.0,0.0,0.0,0.0,0.0,1.906132,1.77,2,-1,0,0.02656035,0
7,39,0,0,0,0.0,0.0,0.0,0.0,0.0,0.0,2.5721252,2.5969443,2,-1,0,0.2258841,0
7,30,0,0,0,0.0,0.0,0.0,0.0,0.0,0.0,2.2961667,2.2863889,2,-1,0,0.07624666,0
7,18,0,0,0,0.0,0.0,0.0,0.0,0.0,0.0,2.2709723,2.3355556,2,-1,0,0.087030426,0
7,24,0,0,0,0.0,0.0,0.0,0.0,0.0,0.0,2.0282917,2.0602777,2,-1,0,0.10884414,0
7,5,0,0,0,0.0,0.0,0.0,0.0,0.0,0.0,2.1781735,2.2372222,2,-1,0,0.087050624,0
7,12,0,0,0,0.0,0.0,0.0,0.0,0.0,0.0,2.4877288,2.4777777,2,-1,0,0.27456382,0
7,35,0,0,0,0.0,0.0,0.0,0.0,0.0,0.0,2.3084583,2.2486112,2,-1,0,0.10026892,0
7,5,0,0,0,0.0,0.0,0.0,0.0,0.0,0.0,2.5821252,2.5,2,-1,0,0.16989331,0
7,34,0,0,0,0.0,0.0,0.0,0.0,0.0,0.0,2.524514,2.4183333,2,-1,0,0.22846073,0
7,11,0,0,0,0.0,0.0,0.0,0.0,0.0,0.0,2.0470834,2.0038888,2,-1,0,0.07971727,0
7,5,0,0,0,0.0,0.0,0.0,0.0,0.0,0.0,2.5397012,2.5097222,2,-1,0,0.16016164,0
7,13,0,0,0,0.0,0.0,0.0,0.0,0.0,0.0,2.2837641,2.2797222,2,-1,0,0.12766539,0
7,21,0,0,0,0.0,0.0,0.0,0.0,0.0,0.0,2.8515835,2.7683334,2,-1,0,0.18138994,0
7,21,0,0,0,0.0,0.0,0.0,0.0,0.0,0.0,2.7961805,2.8130555,2,-1,0,0.12766062,0
7,13,1,1,1,302.33554,506.45795,51.963924,-0.007001688,0.00056333956,0.0003006961,6.8685555,6.824167,2,24,1,0.97537315,1
7,28,0,0,0,0.0,0.0,0.0,0.0,0.0,0.0,2.1288888,2.101389,2,-1,0,0.11727449,0
7,10,1,1,1,316.3774,125.540955,242.28021,-0.0027562105,0.0012698817,-0.0017567253,2.9044516,2.856111,2,25,1,0.7911718,1
7,29,0,0,0,0.0,0.0,0.0,0.0,0.0,0.0,2.0727222,2.0355556,2,-1,0,0.09176116,0
7,15,1,1,1,-318.01163,30.30832,225.96007,-0.03153885,0.004607188,-0.007037988,30.461973,30.705278,2,26,1,0.9543502,1
7,13,0,0,0,0.0,0.0,0.0,0.0,0.0,0.0,2.0870833,2.135,2,-1,0,0.12290904,0
7,34,0,0,0,0.0,0.0,0.0,0.0,0.0,0.0,2.1390002,2.1011112,2,-1,0,0.115937725,0
7,20,0,0,0,0.0,0.0,0.0,0.0,0.0,0.0,2.1740277,2.141389,2,-1,0,0.08677899,0
7,1,0,0,0,0.0,0.0,0.0,0.0,0.0,0.0,2.1160555,2.0558333,2,-1,0,0.080263995,0
7,10,0,0,0,0.0,0.0,0.0,0.0,0.0,0.0,2.6404443,2.6683333,2,-1,0,0.105004914,0
7,19,1,1,1,336.1222,280.98547,289.08063,-0.0049139475,-0.00066913216,-0.00081943575,4.2700973,4.2519445,2,27,1,0.9657995,1
7,15,0,0,0,0.0,0.0,0.0,0.0,0.0,0.0,2.0542707,2.0241666,2,-1,0,0.08218702,0
7,26,1,1,1,351.50815,-431.6116,381.04483,-0.003797712,0.0015061336,0.00079623837,3.4354029,3.4716666,2,28,1,0.9392844,1
7,34,1,1,1,353.72855,495.29922,14.108534,-0.0034833266,0.0022020468,-0.0016317805,3.6751666,3.6769445,2,29,1,0.93838024,1
7,37,1,1,1,354.53638,127.65739,327.16003,-0.002424993,0.0014016837,0.0006870896,2.0308611,2.0744445,2,-1,1,0.11769295,0
7,18,0,0,0,0.0,0.0,0.0,0.0,0.0,0.0,2.1649444,2.1469445,2,-1,0,0.09663114,0
7,35,1,1,1,-354.6946,-179.57622,424.4416,-0.008964313,1.05805575e-05,-0.001770036,9.071667,9.031111,2,-1,1,0.985277,1
7,17,0,0,0,0.0,0.0,0.0,0.0,0.0,0.0,2.0185277,2.0194445,2,-1,0,0.067522205,0
7,37,0,0,0,0.0,0.0,0.0,0.0,0.0,0.0,2.3488333,2.3652778,2,-1,0,0.2143435,0
7,28,0,0,0,0.0,0.0,0.0,0.0,0.0,0.0,2.2782083,2.18,2,-1,0,0.1563834,0
7,13,0,0,0,0.0,0.0,0.0,0.0,0.0,0.0,2.1749446,2.1594443,2,-1,0,0.098088816,0
7,26,0,0,0,0.0,0.0,0.0,0.0,0.0,0.0,2.7772498,2.7986112,2,-1,0,0.18257105,0
7,35,0,0,0,0.0,0.0,0.0,0.0,0.0,0.0,2.3627431,2.31,2,-1,0,0.3159962,0
7,40,0,0,0,0.0,0.0,0.0,0.0,0.0,0.0,2.260375,2.2597222,2,-1,0,0.34878236,0
7,40,0,0,0,0.0,0.0,0.0,0.0,0.0,0.0,2.490625,2.526389,2,-1,0,0.15485954,0
7,9,0,0,0,0.0,0.0,0.0,0.0,0.0,0.0,2.0254583,2.0694444,2,-1,0,0.0641543,0
7,10,0,0,0,0.0,0.0,0.0,0.0,0.0,0.0,2.1657014,2.1380556,2,-1,0,0.10803521,0
7,16,0,0,0,0.0,0.0,0.0,0.0,0.0,0.0,2.186271,2.25,2,-1,0,0.087358825,0
7,22,0,0,0,0.0,0.0,0.0,0.0,0.0,0.0,2.117861,2.18,2,-1,0,0.06255425,0
7,1,0,0,0,0.0,0.0,0.0,0.0,0.0,0.0,2.139139,2.0911112,2,-1,0,0.10155533,0
7,37,0,0,0,0.0,0.0,0.0,0.0,0.0,0.0,2.1425138,2.2066667,2,-1,0,0.092202544,0
7,15,0,0,0,0.0,0.0,0.0,0.0,0.0,0.0,2.58275,2.6605556,2,-1,0,0.24063921,0
7,2,0,0,0,0.0,0.0,0.0,0.0,0.0,0.0,2.1302502,2.0725,2,-1,0,0.07718242,0
7,33,0,0,0,0.0,0.0,0.0,0.0,0.0,0.0,2.202493,2.2605555,2,-1,0,0.1154892,0
7,37,0,0,0,0.0,0.0,0.0,0.0,0.0,0.0,2.928,3.048889,2,-1,0,0.2992585,0
7,26,0,0,0,0.0,0.0,0.0,0.0,0.0,0.0,2.0833192,2.031111,2,-1,0,0.10471124,0
7,37,0,0,0,0.0,0.0,0.0,0.0,0.0,0.0,2.2404513,2.2080555,2,-1,0,0.10399036,0
7,3,0,0,0,0.0,0.0,0.0,0.0,0.0,0.0,1.9837153,2.0427778,2,-1,0,0.08495582,0
7,13,0,0,0,0.0,0.0,0.0,0.0,0.0,0.0,2.3219583,2.3130555,2,-1,0,0.09977172,0
7,34,0,0,0,0.0,0.0,0.0,0.0,0.0,0.0,2.3208334,2.3422222,2,-1,0,0.04154663,0
8,29,0,0,0,0.0,0.0,0.0,0.0,0.0,0.0,2.118757,2.139722,2,-1,0,0.08862179,0
8,2,1,1,1,13.371961,135.39978,316.70322,-0.028414587,0.0046927542,-0.0073989104,15.131929,14.867778,2,0,1,0.9849163,1
8,24,0,0,0,0.0,0.0,0.0,0.0,0.0,0.0,1.9641321,2.031389,2,-1,0,0.09994422,0
8,2,1,0,1,13.371961,135.39978,316.70322,-0.028414587,0.0046927542,-0.0073989104,7.9800277,7.791111,2,-1,0,0.97332114,1
8,26,0,0,0,0.0,0.0,0.0,0.0,0.0,0.0,2.2668056,2.2638888,2,-1,0,0.1193115,0
8,19,0,0,0,0.0,0.0,0.0,0.0,0.0,0.0,2.4346945,2.3902779,2,-1,0,0.10536128,0
8,17,1,0,1,33.321854,-344.63757,135.11522,-0.020325541,0.0021592388,-0.005307888,7.3408546,7.338333,2,-1,0,0.9962314,1
8,4,1,1,1,24.289038,-133.57654,402.25327,-0.0076125246,0.0012415333,0.00048499383,9.792848,9.454445,2,1,1,0.9726146,1
8,37,1,1,1,-26.51658,-593.32336,292.64478,-0.018162556,0.005330021,-0.005492571,24.958687,24.824722,2,2,1,0.99730194,1
8,33,0,0,0,0.0,0.0,0.0,0.0,0.0,0.0,2.6629233,2.6644444,2,-1,0,0.09726784,0
8,17,1,1,1,33.321854,-344.63757,135.11522,-0.020325541,0.0021592388,-0.005307888,14.8608265,14.701944,2,3,1,0.9975376,1
8,7,0,0,0,0.0,0.0,0.0,0.0,0.0,0.0,2.1432083,2.0775,2,-1,0,0.13695566,0
8,20,1,1,1,-35.032124,375.45102,34.112663,-0.016047293,0.0017736204,-0.0012981881,11.813708,11.756667,2,4,1,0.9764866,1
8,23,1,1,1,-36.865353,-482.30045,31.36335,-0.03156043,0.007770628,-0.0058797807,27.641737,33.24917,2,5,1,0.9877693,1
8,12,1,1,1,40.926964,180.02286,317.2892,-0.010990709,0.0024699895,-0.0009945857,12.942077,13.050834,2,6,1,0.91636115,1
8,2,1,0,1,13.371961,135.39978,316.70322,-0.028414587,0.0046927542,-0.0073989104,8.883507,8.820278,2,-1,0,0.95853186,1
8,26,0,0,0,0.0,0.0,0.0,0.0,0.0,0.0,2.6528335,2.4930556,2,-1,0,0.1043558,0
8,23,1,0,1,-36.865353,-482.30045,31.36335,-0.03156043,0.007770628,-0.0058797807,4.189486,3.9994445,2,-1,0,0.96932393,1
8,20,1,0,1,-35.032124,375.45102,34.112663,-0.016047293,0.0017736204,-0.0012981881,4.4895415,4.478889,2,-1,0,0.9778918,1
8,13,0,0,0,0.0,0.0,0.0,0.0,0.0,0.0,2.1848195,2.1005557,2,-1,0,0.15979545,0
8,34,0,0,0,0.0,0.0,0.0,0.0,0.0,0.0,2.115382,2.0863888,2,-1,0,0.092405856,0
8,28,0,0,0,0.0,0.0,0.0,0.0,0.0,0.0,2.3859444,2.3411112,2,-1,0,0.15268777,0
8,28,0,0,0,0.0,0.0,0.0,0.0,0.0,0.0,2.0298126,2.0638888,2,-1,0,0.085989214,0
8,35,1,1,1,58.9372,233.02632,274.385,-0.013075007,0.005610044,-0.0028010623,15.950118,15.755834,2,7,1,0.99060905,1
8,24,0,0,0,0.0,0.0,0.0,0.0,0.0,0.0,2.3738124,2.422778,2,-1,0,0.06869824,0
8,13,0,0,0,0.0,0.0,0.0,0.0,0.0,0.0,2.093896,2.116111,2,-1,0,0.09063357,0
8,2,0,0,0,0.0,0.0,0.0,0.0,0.0,0.0,2.409146,2.353611,2,-1,0,0.17416279,0
8,4,0,0,0,0.0,0.0,0.0,0.0,0.0,0.0,2.6659513,2.711111,2,-1,0,0.09962392,0
8,26,0,0,0,0.0,0.0,0.0,0.0,0.0,0.0,2.1611667,2.2044444,2,-1,0,0.12015624,0
8,21,0,0,0,0.0,0.0,0.0,0.0,0.0,0.0,2.0239446,2.0922222,2,-1,0,0.11984838,0
8,33,0,0,0,0.0,0.0,0.0,0.0,0.0,0.0,2.4922917,2.4166667,2,-1,0,0.26549095,0
8,1,0,0,0,0.0,0.0,0.0,0.0,0.0,0.0,2.0886528,2.0944445,2,-1,0,0.05892455,0
8,14,0,0,0,0.0,0.0,0.0,0.0,0.0,0.0,2.0248334,2.106111,2,-1,0,0.01486573,0
8,26,0,0,0,0.0,0.0,0.0,0.0,0.0,0.0,2.2433612,2.3163888,2,-1,0,0.17121582,0
8,7,0,0,0,0.0,0.0,0.0,0.0,0.0,0.0,2.0703404,2.0266666,2,-1,0,0.11766178,0
8,13,0,0,0,0.0,0.0,0.0,0.0,0.0,0.0,2.263875,2.25,2,-1,0,0.12838319,0
8,32,0,0,0,0.0,0.0,0.0,0.0,0.0,0.0,2.1992223,2.2825,2,-1,0,0.116892315,0
8,34,1,1,1,-96.40864,555.51227,305.29153,-0.0017487671,0.00054806203,-0.0017524718,2.3337429,2.3883333,2,8,1,0.11601122,0
8,29,1,1,1,-100.65933,214.16388,59.650986,-0.01788986,0.005522619,-0.006679417,20.704952,20.57361,2,9,1,0.9969215,1
8,29,0,0,0,0.0,0.0,0.0,0.0,0.0,0.0,2.8180556,2.8627777,2,-1,0,0.15065017,0
8,30,0,0,0,0.0,0.0,0.0,0.0,0.0,0.0,2.4407222,2.4094443,2,-1,0,0.15073009,0
8,4,0,0,0,0.0,0.0,0.0,0.0,0.0,0.0,2.2842503,2.3325,2,-1,0,0.097204044,0
8,12,0,0,0,0.0,0.0,0.0,0.0,0.0,0.0,2.6139793,2.611389,2,-1,0,0.062049925,0
8,11,1,1,1,113.38939,-200.09308,447.0651,-0.0052679796,0.0028864357,-4.5577577e-05,6.4697776,6.3002777,2,10,1,0.9916155,1
8,38,0,0,0,0.0,0.0,0.0,0.0,0.0,0.0,2.0487015,2.0522223,2,-1,0,0.13313356,0
8,16,1,1,1,-116.804726,-386.08215,290.14905,-0.0019889148,0.0016776798,-0.0006765104,2.6999583,2.6219444,2,11,1,0.09468061,0
8,8,1,1,1,-125.21929,-522.89594,342.5748,-0.0154996645,0.0036465938,-0.0026635567,16.443153,16.498888,2,12,1,0.9806645,1
8,4,0,0,0,0.0,0.0,0.0,0.0,0.0,0.0,2.1125,2.0275,2,-1,0,0.19174701,0
8,39,0,0,0,0.0,0.0,0.0,0.0,0.0,0.0,2.1643336,2.2494445,2,-1,0,0.12061115,0
8,18,0,0,0,0.0,0.0,0.0,0.0,0.0,0.0,2.6345832,2.4975,2,-1,0,0.18096802,0
8,11,0,0,0,0.0,0.0,0.0,0.0,0.0,0.0,2.142236,2.0941668,2,-1,0,0.07490501,0
8,28,0,0,0,0.0,0.0,0.0,0.0,0.0,0.0,2.4048193,2.4083333,2,-1,0,0.19565314,0
8,17,0,0,0,0.0,0.0,0.0,0.0,0.0,0.0,2.233611,2.2208333,2,-1,0,0.03168904,0
8,32,0,0,0,0.0,0.0,0.0,0.0,0.0,0.0,2.4812777,2.4505556,2,-1,0,0.1727733,0
8,29,0,0,0,0.0,0.0,0.0,0.0,0.0,0.0,2.434,2.463889,2,-1,0,0.07801056,0
8,29,0,0,0,0.0,0.0,0.0,0.0,0.0,0.0,2.0006945,2.0169444,2,-1,0,0.045820672,0
8,8,0,0,0,0.0,0.0,0.0,0.0,0.0,0.0,2.1480277,2.1322222,2,-1,0,0.09148961,0
8,18,1,1,1,151.93521,552.776,457.48355,-0.026541285,0.006907623,-0.0068849963,20.86523,20.756945,2,13,1,0.99984527,1
8,35,0,0,0,0.0,0.0,0.0,0.0,0.0,0.0,2.0463126,2.0475,2,-1,0,0.08710752,0
8,18,1,0,1,151.93521,552.776,457.48355,-0.026541285,0.006907623,-0.0068849963,8.1455,8.131945,2,-1,0,0.9841935,1
8,34,0,0,0,0.0,0.0,0.0,0.0,0.0,0.0,2.0880208,2.0638888,2,-1,0,0.07002396,0
8,26,0,0,0,0.0,0.0,0.0,0.0,0.0,0.0,2.3511944,2.3138888,2,-1,0,0.12478466,0
8,34,0,0,0,0.0,0.0,0.0,0.0,0.0,0.0,2.345361,2.3422222,2,-1,0,0.14179516,0
8,38,1,1,1,158.73207,234.74239,39.90184,-0.020596078,0.0065220436,-0.005214566,25.891558,25.961666,2,14,1,0.99829537,1
8,19,0,0,0,0.0,0.0,0.0,0.0,0.0,0.0,1.9900833,2.033611,2,-1,0,0.09532499,0
8,3,0,0,0,0.0,0.0,0.0,0.0,0.0,0.0,2.4412293,2.4738889,2,-1,0,0.20620343,0
8,30,0,0,0,0.0,0.0,0.0,0.0,0.0,0.0,2.1376665,2.2619445,2,-1,0,0.1627919,0
8,31,0,0,0,0.0,0.0,0.0,0.0,0.0,0.0,2.604882,2.5486112,2,-1,0,0.16062683,0
8,11,0,0,0,0.0,0.0,0.0,0.0,0.0,0.0,2.5969443,2.4605556,2,-1,0,0.119890034,0
8,20,0,0,0,0.0,0.0,0.0,0.0,0.0,0.0,2.183007,2.1936111,2,-1,0,0.07069092,0
8,40,1,1,1,184.46538,280.40848,236.13844,-0.010601876,-0.00012852391,-0.0011944346,10.822145,10.760555,2,15,1,0.9673362,1
8,16,0,0,0,0.0,0.0,0.0,0.0,0.0,0.0,2.3982363,2.403889,2,-1,0,0.113096625,0
8,7,0,0,0,0.0,0.0,0.0,0.0,0.0,0.0,2.3590002,2.3122222,2,-1,0,0.05631908,0
8,25,1,1,1,-191.02025,236.17995,399.03522,-0.02137893,0.005883835,-0.0041446057,22.725445,22.600277,2,16,1,0.9822801,1
8,7,0,0,0,0.0,0.0,0.0,0.0,0.0,0.0,2.2684584,2.1352777,2,-1,0,0.09922081,0
8,35,0,0,0,0.0,0.0,0.0,0.0,0.0,0.0,2.2577498,2.2091668,2,-1,0,0.13094452,0
8,17,0,0,0,0.0,0.0,0.0,0.0,0.0,0.0,2.4508266,2.4669445,2,-1,0,0.06402399,0
8,36,0,0,0,0.0,0.0,0.0,0.0,0.0,0.0,2.2157779,2.1952777,2,-1,0,0.10398075,0
8,27,0,0,0,0.0,0.0,0.0,0.0,0.0,0.0,2.2461526,2.2169445,2,-1,0,0.1726684,0
8,26,0,0,0,0.0,0.0,0.0,0.0,0.0,0.0,2.3869584,2.317222,2,-1,0,0.21475384,0
8,31,1,1,1,-208.39545,120.16007,111.51251,-0.0021857368,0.0015324472,-0.0008716913,2.506882,2.4466667,2,-1,1,0.11862466,0
8,13,1,0,1,-215.18828,-287.51926,56.49957,-0.028385187,0.004121611,-0.0035358018,8.804812,8.821389,2,-1,0,0.98490083,1
8,13,1,1,1,-215.18828,-287.51926,56.49957,-0.028385187,0.004121611,-0.0035358018,20.013966,20.093056,2,17,1,0.9981382,1
8,7,0,0,0,0.0,0.0,0.0,0.0,0.0,0.0,2.1374862,2.2302778,2,-1,0,0.12090287,0
8,28,1,1,1,-220.2793,160.06602,285.47025,-0.008835473,-4.0269766e-05,-0.0006190711,8.993944,8.984722,2,18,1,0.98337066,1
8,20,0,0,0,0.0,0.0,0.0,0.0,0.0,0.0,1.98225,2.0363889,2,-1,0,0.11053109,0
8,26,0,0,0,0.0,0.0,0.0,0.0,0.0,0.0,2.0098333,2.0255556,2,-1,0,0.12129126,0
8,11,0,0,0,0.0,0.0,0.0,0.0,0.0,0.0,2.6706944,2.6052778,2,-1,0,0.18300518,0
8,35,0,0,0,0.0,0.0,0.0,0.0,0.0,0.0,2.0273335,2.0052779,2,-1,0,0.07093884,0
8,38,0,0,0,0.0,0.0,0.0,0.0,0.0,0.0,2.327375,2.341389,2,-1,0,0.041332114,0
8,36,0,0,0,0.0,0.0,0.0,0.0,0.0,0.0,2.1643054,2.0705554,2,-1,0,0.118816614,0
8,27,1,1,1,-236.71274,-313.11386,61.619286,-0.012223777,0.0035626865,-0.0035263596,8.743153,8.782222,2,19,1,0.9247443,1
8,39,0,0,0,0.0,0.0,0.0,0.0,0.0,0.0,2.6160417,2.6130555,2,-1,0,0.15515813,0
8,32,0,0,0,0.0,0.0,0.0,0.0,0.0,0.0,2.3366182,2.3941667,2,-1,0,0.118537895,0
8,17,0,0,0,0.0,0.0,0.0,0.0,0.0,0.0,2.0495138,2.0494444,2,-1,0,0.08147987,0
8,17,0,0,0,0.0,0.0,0.0,0.0,0.0,0.0,2.1205695,2.0705554,2,-1,0,0.1469313,0
8,9,0,0,0,0.0,0.0,0.0,0.0,0.0,0.0,2.5405278,2.4725,2,-1,0,0.15740184,0
8,30,1,1,1,255.11722,450.6496,128.16573,-0.016103912,0.005339956,-0.0055786073,15.615084,15.566667,2,20,1,0.9817523,1
8,20,0,0,0,0.0,0.0,0.0,0.0,0.0,0.0,2.1544445,2.1305556,2,-1,0,0.151268,0
8,34,0,0,0,0.0,0.0,0.0,0.0,0.0,0.0,2.2620277,2.2475,2,-1,0,0.13144828,0
8,1,1,1,1,-257.39804,-179.45554,248.30515,-0.015111484,0.0009784676,-0.004319934,13.243112,13.2919445,2,21,1,0.99467814,1
8,30,0,0,0,0.0,0.0,0.0,0.0,0.0,0.0,2.3874235,2.3894444,2,-1,0,0.098947756,0
8,8,0,0,0,0.0,0.0,0.0,0.0,0.0,0.0,2.1628194,2.1327777,2,-1,0,0.09604443,0
8,12,0,0,0,0.0,0.0,0.0,0.0,0.0,0.0,2.217854,2.168611,2,-1,0,0.041231904,0
8,12,0,0,0,0.0,0.0,0.0,0.0,0.0,0.0,2.2844026,2.3577778,2,-1,0,0.09212917,0
8,21,1,1,1,-268.5777,-447.85452,422.05328,-0.013146828,0.00051870587,-0.0038660327,14.178993,14.0836115,2,22,1,0.7425542,1
8,29,0,0,0,0.0,0.0,0.0,0.0,0.0,0.0,2.495722,2.4941666,2,-1,0,0.2136581,0
8,9,1,1,1,278.7015,201.37886,291.96814,-0.009972654,0.0013352184,-0.0026470674,9.042222,9.019722,2,23,1,0.965875,1
8,26,0,0,0,0.0,0.0,0.0,0.0,0.0,0.0,2.200861,2.213889,2,-1,0,0.082566544,0
8,27,1,0,1,-236.71274,-313.11386,61.619286,-0.012223777,0.0035626865,-0.0035263596,2.4640417,2.4322221,2,-1,0,0.18926707,0
8,6,0,0,0,0.0,0.0,0.0,0.0,0.0,0.0,2.083868,2.1408334,2,-1,0,0.1151895,0
8,21,0,0,0,0.0,0.0,0.0,0.0,0.0,0.0,2.0293055,2.0216668,2,-1,0,0.08179122,0
8,26,1,1,1,290.12195,-197.70982,442.0242,-0.008231889,0.0039521325,-0.0026164448,8.7004795,8.708889,2,24,1,0.9519531,1
8,22,0,0,0,0.0,0.0,0.0,0.0,0.0,0.0,2.2885835,2.2997222,2,-1,0,0.013745171,0
8,38,0,0,0,0.0,0.0,0.0,0.0,0.0,0.0,2.2839863,2.291111,2,-1,0,0.15131351,0
8,3,1,1,1,299.05774,-519.0122,361.08655,-0.011686773,0.0051191864,-0.0017265348,6.859965,6.883611,2,25,1,0.9990094,1
8,30,0,0,0,0.0,0.0,0.0,0.0,0.0,0.0,2.0110555,2.005,2,-1,0,0.19353336,0
8,25,0,0,0,0.0,0.0,0.0,0.0,0.0,0.0,2.5423334,2.5911112,2,-1,0,0.24012414,0
8,7,1,1,1,-299.37943,-324.34705,207.17084,-0.019011797,0.005419592,-0.0062976317,16.025673,15.994722,2,26,1,0.99615175,1
8,33,1,1,1,-299.83243,358.5013,404.6691,-0.015337115,0.0056094048,-0.005086805,14.585606,14.463333,2,27,1,0.9936773,1
8,10,0,0,0,0.0,0.0,0.0,0.0,0.0,0.0,2.5679166,2.506389,2,-1,0,0.11111111,0
8,7,1,0,1,-299.37943,-324.34705,207.17084,-0.019011797,0.005419592,-0.0062976317,4.057625,3.9938889,2,-1,0,0.46953532,0
8,17,0,0,0,0.0,0.0,0.0,0.0,0.0,0.0,2.0653265,2.101389,2,-1,0,0.12038776,0
8,6,1,1,1,314.77908,-487.01883,100.082924,-0.006832129,0.0031262033,-0.0025000563,7.7482843,7.584722,2,28,1,0.97193843,1
8,39,0,0,0,0.0,0.0,0.0,0.0,0.0,0.0,2.4782777,2.4041667,2,-1,0,0.08323238,0
8,10,1,1,1,315.88626,-285.8672,418.70483,-0.005535603,-0.0002778621,1.4439772e-05,5.111146,5.013889,2,29,1,0.9823789,1
8,28,0,0,0,0.0,0.0,0.0,0.0,0.0,0.0,2.000507,2.0186112,2,-1,0,0.09334845,0
8,6,0,0,0,0.0,0.0,0.0,0.0,0.0,0.0,2.0220416,2.066111,2,-1,0,0.10443669,0
8,7,0,0,0,0.0,0.0,0.0,0.0,0.0,0.0,2.2173958,2.2341666,2,-1,0,0.04913806,0
8,39,1,1,1,320.3278,341.89465,265.71417,-0.0092516905,0.0026752043,0.000117859876,9.382729,9.483889,2,30,1,0.99882406,1
8,33,0,0,0,0.0,0.0,0.0,0.0,0.0,0.0,2.0303888,2.1019444,2,-1,0,0.10329707,0
8,32,1,1,1,327.2302,-433.62634,417.524,-0.015026091,0.0014911763,-0.00053174346,6.263424,6.32,2,31,1,0.94322866,1
8,30,0,0,0,0.0,0.0,0.0,0.0,0.0,0.0,2.142993,2.2,2,-1,0,0.1543118,0
8,38,0,0,0,0.0,0.0,0.0,0.0,0.0,0.0,2.0655,2.0652778,2,-1,0,0.085606374,0
8,28,0,0,0,0.0,0.0,0.0,0.0,0.0,0.0,2.38084,2.3463888,2,-1,0,0.18980533,0
8,37,0,0,0,0.0,0.0,0.0,0.0,0.0,0.0,2.1729584,2.115,2,-1,0,0.12086834,0
8,16,0,0,0,0.0,0.0,0.0,0.0,0.0,0.0,2.285528,2.2113888,2,-1,0,0.09394973,0
8,37,0,0,0,0.0,0.0,0.0,0.0,0.0,0.0,2.678229,2.5816667,2,-1,0,0.09683333,0
8,39,0,0,0,0.0,0.0,0.0,0.0,0.0,0.0,2.3767223,2.3041666,2,-1,0,0.16509846,0
8,30,0,0,0,0.0,0.0,0.0,0.0,0.0,0.0,2.3153749,2.383889,2,-1,0,0.17172271,0
8,32,0,0,0,0.0,0.0,0.0,0.0,0.0,0.0,2.8112915,2.8855555,2,-1,0,0.09230517,0
8,24,1,1,1,-340.2789,160.7577,323.26666,-0.0033562747,0.00018996744,-0.0023328909,3.784639,3.6580555,2,32,1,0.9827874,1
8,19,1,1,1,-340.42157,151.80234,14.919585,-0.011482692,5.445779e-05,-0.002733782,10.207007,10.275278,2,33,1,0.942016,1
8,12,0,0,0,0.0,0.0,0.0,0.0,0.0,0.0,2.1815834,2.1730556,2,-1,0,0.12500599,0
8,5,1,1,1,348.74435,382.08408,379.63663,-0.010251766,0.0018097159,0.00025245923,9.697027,9.698055,2,34,1,0.9915377,1
8,39,0,0,0,0.0,0.0,0.0,0.0,0.0,0.0,2.1001527,2.0997221,2,-1,0,0.096702754,0
8,5,0,0,0,0.0,0.0,0.0,0.0,0.0,0.0,2.3946252,2.4661112,2,-1,0,0.12723583,0
8,36,0,0,0,0.0,0.0,0.0,0.0,0.0,0.0,2.2719998,2.3097222,2,-1,0,0.05485874,0
8,16,0,0,0,0.0,0.0,0.0,0.0,0.0,0.0,2.5154166,2.625,2,-1,0,0.04103262,0
8,5,0,0,0,0.0,0.0,0.0,0.0,0.0,0.0,2.7962015,2.9691668,2,-1,0,0.46977675,0
8,17,0,0,0,0.0,0.0,0.0,0.0,0.0,0.0,2.0525,2.0511112,2,-1,0,0.102522925,0
8,22,0,0,0,0.0,0.0,0.0,0.0,0.0,0.0,2.6597152,2.6505556,2,-1,0,0.27518576,0
8,19,0,0,0,0.0,0.0,0.0,0.0,0.0,0.0,2.6750555,2.6697223,2,-1,0,0.28089312,0
8,10,0,0,0,0.0,0.0,0.0,0.0,0.0,0.0,2.0973055,2.0055556,2,-1,0,0.09906498,0
8,32,0,0,0,0.0,0.0,0.0,0.0,0.0,0.0,2.3354235,2.2572222,2,-1,0,0.006712235,0
8,35,0,0,0,0.0,0.0,0.0,0.0,0.0,0.0,2.2511806,2.327222,2,-1,0,0.12191178,0
8,13,0,0,0,0.0,0.0,0.0,0.0,0.0,0.0,2.1013057,2.1044445,2,-1,0,0.08271036,0
8,8,0,0,0,0.0,0.0,0.0,0.0,0.0,0.0,2.5470004,2.5983334,2,-1,0,0.12119058,0
8,19,0,0,0,0.0,0.0,0.0,0.0,0.0,0.0,2.0540764,2.1133332,2,-1,0,0.08882168,0
8,17,0,0,0,0.0,0.0,0.0,0.0,0.0,0.0,2.386611,2.468889,2,-1,0,0.08533094,0
8,27,0,0,0,0.0,0.0,0.0,0.0,0.0,0.0,2.5087917,2.4361112,2,-1,0,0.15778106,0
8,14,0,0,0,0.0,0.0,0.0,0.0,0.0,0.0,2.1067638,2.1775,2,-1,0,0.08298141,0
8,36,0,0,0,0.0,0.0,0.0,0.0,0.0,0.0,2.092736,2.1491666,2,-1,0,0.07138793,0
8,3,0,0,0,0.0,0.0,0.0,0.0,0.0,0.0,2.1392152,2.1569445,2,-1,0,0.19790414,0
8,35,0,0,0,0.0,0.0,0.0,0.0,0.0,0.0,2.4865553,2.4425,2,-1,0,0.08131071,0
8,8,0,0,0,0.0,0.0,0.0,0.0,0.0,0.0,2.189764,2.1658332,2,-1,0,0.079850025,0
8,22,0,0,0,0.0,0.0,0.0,0.0,0.0,0.0,2.5989444,2.5327778,2,-1,0,0.13005282,0
9,29,0,0,0,0.0,0.0,0.0,0.0,0.0,0.0,2.2701318,2.3258333,2,-1,0,0.15824221,0
9,10,0,0,0,0.0,0.0,0.0,0.0,0.0,0.0,2.1555347,2.146389,2,-1,0,0.1487314,0
9,30,0,0,0,0.0,0.0,0.0,0.0,0.0,0.0,2.405139,2.3688889,2,-1,0,0.11215158,0
9,16,0,0,0,0.0,0.0,0.0,0.0,0.0,0.0,3.0651457,3.0877779,2,-1,0,0.6880018,1
9,22,0,0,0,0.0,0.0,0.0,0.0,0.0,0.0,2.3106737,2.3475,2,-1,0,0.072926804,0
9,22,0,0,0,0.0,0.0,0.0,0.0,0.0,0.0,2.1359098,2.1394444,2,-1,0,0.13786767,0
9,29,1,1,1,30.756113,368.4924,217.80923,-0.020157736,0.0036747495,-0.0012454945,23.081285,23.009722,2,0,1,0.9748976,1
9,39,0,0,0,0.0,0.0,0.0,0.0,0.0,0.0,2.1916943,2.1352777,2,-1,0,0.10016252,0
9,16,1,1,1,32.604763,-317.80856,232.78517,-0.008515799,0.00069939834,-0.001038206,5.006305,5.203611,2,1,1,0.9568528,1
9,9,1,1,1,-30.577486,583.3812,165.14844,-0.013684714,0.0025661197,-0.004895654,12.768257,12.771944,2,2,1,0.97575706,1
9,9,1,0,1,-30.577486,583.3812,165.14844,-0.013684714,0.0025661197,-0.004895654,4.106917,4.113333,2,-1,0,0.9378487,1
9,7,0,0,0,0.0,0.0,0.0,0.0,0.0,0.0,2.0149863,2.026389,2,-1,0,0.08507327,0
9,10,1,1,1,36.288994,259.26428,83.725685,-0.006306793,0.0027711408,-0.0017821605,8.272972,8.222777,2,3,1,0.9853172,1
9,7,0,0,0,0.0,0.0,0.0,0.0,0.0,0.0,2.4677777,0.98888886,2,-1,0,0.008948491,0
9,2,1,1,1,46.622536,467.22668,413.60464,-0.016383173,0.005938196,-0.0028800613,15.603334,15.626945,2,4,1,0.9922152,1
9,36,0,0,0,0.0,0.0,0.0,0.0,0.0,0.0,2.9849446,3.1288888,2,-1,0,0.03134861,0
9,40,0,0,0,0.0,0.0,0.0,0.0,0.0,0.0,2.4486248,2.3177779,2,-1,0,0.07701743,0
9,11,1,1,1,-49.007347,-127.29037,422.97287,-0.010618701,0.004558315,-0.0017789843,14.053625,14.11,2,5,1,0.967716,1
9,22,1,1,1,-49.347088,452.32632,229.8248,-0.0036122345,-0.0003132563,0.0006496105,3.2881112,3.3525,2,6,1,0.7008868,1
9,22,0,0,0,0.0,0.0,0.0,0.0,0.0,0.0,2.2833333,2.2855556,2,-1,0,0.11780781,0
9,7,0,0,0,0.0,0.0,0.0,0.0,0.0,0.0,2.15125,2.1236112,2,-1,0,0.07158318,0
9,29,0,0,0,0.0,0.0,0.0,0.0,0.0,0.0,2.4364655,2.441111,2,-1,0,0.118685775,0
9,5,0,0,0,0.0,0.0,0.0,0.0,0.0,0.0,2.1489654,2.1688888,2,-1,0,0.08226955,0
9,39,0,0,0,0.0,0.0,0.0,0.0,0.0,0.0,1.9693612,2.0133333,2,-1,0,0.093423665,0
9,33,0,0,0,0.0,0.0,0.0,0.0,0.0,0.0,2.2127917,2.2641666,2,-1,0,0.14589301,0
9,40,0,0,0,0.0,0.0,0.0,0.0,0.0,0.0,2.1558821,2.1580555,2,-1,0,0.08406182,0
9,39,0,0,0,0.0,0.0,0.0,0.0,0.0,0.0,2.167125,2.083611,2,-1,0,0.08640318,0
9,8,0,0,0,0.0,0.0,0.0,0.0,0.0,0.0,2.3231945,2.433889,2,-1,0,0.11891103,0
9,27,1,1,1,-70.71613,-321.69104,369.20514,-0.0024797537,-0.00091329386,-0.00017857186,2.536486,2.6077778,2,7,1,0.12252912,0
9,38,1,1,1,-71.36355,-315.54208,274.67108,-0.005285135,-0.00095965265,-0.0008928775,5.626681,5.563889,2,8,1,0.9856646,1
9,29,0,0,0,0.0,0.0,0.0,0.0,0.0,0.0,2.0547707,2.093889,2,-1,0,0.05823466,0
9,15,1,1,1,-76.0335,-264.8551,58.696884,-0.013199338,0.0024433625,-0.00075330015,15.962702,16.038334,2,9,1,0.89056975,1
9,18,1,1,1,86.01441,573.0517,149.60187,-0.026572235,0.0059198975,-0.00567744,32.76454,32.588055,2,10,1,0.9969606,1
9,16,0,0,0,0.0,0.0,0.0,0.0,0.0,0.0,2.6802707,2.6794446,2,-1,0,0.12748487,0
9,16,0,0,0,0.0,0.0,0.0,0.0,0.0,0.0,2.0981874,2.1411111,2,-1,0,0.04784603,0
9,32,1,0,1,-82.16525,-470.73816,35.250786,-0.02790745,0.0035824345,-0.006527854,12.013166,11.951667,2,-1,0,0.9976457,1
9,33,1,1,1,85.26972,221.89626,33.03453,-0.005962519,0.0011694462,-0.0034323717,7.027764,7.203611,2,11,1,0.9915775,1
9,37,0,0,0,0.0,0.0,0.0,0.0,0.0,0.0,2.071514,2.1658332,2,-1,0,0.09559312,0
9,8,0,0,0,0.0,0.0,0.0,0.0,0.0,0.0,2.443625,2.4388888,2,-1,0,0.14517519,0
9,36,0,0,0,0.0,0.0,0.0,0.0,0.0,0.0,2.9671874,2.8047223,2,-1,0,0.5102766,1
9,34,0,0,0,0.0,0.0,0.0,0.0,0.0,0.0,1.9780625,2.0180554,2,-1,0,0.08454018,0
9,7,1,1,1,93.48613,-312.25912,355.26837,-0.010358082,0.0028875514,9.196349e-05,12.463687,12.442778,2,12,1,0.93754697,1
9,25,0,0,0,0.0,0.0,0.0,0.0,0.0,0.0,2.3542778,2.353889,2,-1,0,0.09750651,0
9,13,0,0,0,0.0,0.0,0.0,0.0,0.0,0.0,2.1708055,2.2191668,2,-1,0,0.050595213,0
9,32,1,1,1,-82.16525,-470.73816,35.250786,-0.02790745,0.0035824345,-0.006527854,19.283173,19.040277,2,13,1,0.98616505,1
9,35,1,1,1,106.52024,280.67743,390.8415,-0.018467896,0.0039619175,-0.0070047393,19.01209,18.976944,2,14,1,0.9854091,1
9,11,0,0,0,0.0,0.0,0.0,0.0,0.0,0.0,2.0402083,2.0647223,2,-1,0,0.110842906,0
9,35,1,0,1,106.52024,280.67743,390.8415,-0.018467896,0.0039619175,-0.0070047393,5.1460905,5.195,2,-1,0,0.98409086,1
9,36,0,0,0,0.0,0.0,0.0,0.0,0.0,0.0,2.473028,2.4752777,2,-1,0,0.07862956,0
9,15,0,0,0,0.0,0.0,0.0,0.0,0.0,0.0,2.445875,2.4444444,2,-1,0,0.0616959,0
9,6,1,1,1,-112.50863,176.3796,132.31052,-0.0057361354,0.0010508324,-0.0025817098,7.044917,7.0491667,2,15,1,0.9780553,1
9,11,0,0,0,0.0,0.0,0.0,0.0,0.0,0.0,2.2267015,2.1091666,2,-1,0,0.13554452,0
9,3,0,0,0,0.0,0.0,0.0,0.0,0.0,0.0,2.2494512,2.1797223,2,-1,0,0.1315788,0
9,39,0,0,0,0.0,0.0,0.0,0.0,0.0,0.0,2.7999446,2.7166667,2,-1,0,0.08870156,0
9,30,1,1,1,132.66644,529.7243,81.21812,-0.0060610482,0.0032969941,-0.0005428692,7.7749233,7.688889,2,16,1,0.9802541,1
9,1,0,0,0,0.0,0.0,0.0,0.0,0.0,0.0,2.3725486,2.33,2,-1,0,0.15635107,0
9,30,0,0,0,0.0,0.0,0.0,0.0,0.0,0.0,2.1591113,2.1394444,2,-1,0,0.11627227,0
9,39,0,0,0,0.0,0.0,0.0,0.0,0.0,0.0,2.135889,2.1311111,2,-1,0,0.11495191,0
9,23,1,1,1,138.9219,-20.38551,183.33,-0.007382022,0.0032869135,-0.0013371403,9.030445,9.018611,2,17,1,0.95615673,1
9,31,0,0,0,0.0,0.0,0.0,0.0,0.0,0.0,2.280486,2.2461112,2,-1,0,0.14365241,0
9,13,0,0,0,0.0,0.0,0.0,0.0,0.0,0.0,2.626153,2.59,2,-1,0,0.21168494,0
9,17,0,0,0,0.0,0.0,0.0,0.0,0.0,0.0,2.7312016,2.7080555,2,-1,0,0.14442597,0
9,26,0,0,0,0.0,0.0,0.0,0.0,0.0,0.0,2.012035,2.0327778,2,-1,0,0.0073302314,0
9,6,0,0,0,0.0,0.0,0.0,0.0,0.0,0.0,2.494986,2.4530556,2,-1,0,0.13612282,0
9,20,1,1,1,147.31401,456.0193,343.62912,-0.012747836,0.0044915606,-0.00089027634,15.498605,15.483889,2,18,1,0.93591106,1
9,19,0,0,0,0.0,0.0,0.0,0.0,0.0,0.0,2.7851112,2.7916667,2,-1,0,0.7622231,1
9,28,0,0,0,0.0,0.0,0.0,0.0,0.0,0.0,2.4518056,2.4483333,2,-1,0,0.111205354,0
9,34,1,1,1,160.32755,-356.71927,367.44644,-0.023578055,0.005423125,-0.0064888345,21.547388,21.540277,2,19,1,0.9999907,1
9,14,0,0,0,0.0,0.0,0.0,0.0,0.0,0.0,2.020354,2.0808334,2,-1,0,0.08790483,0
9,19,0,0,0,0.0,0.0,0.0,0.0,0.0,0.0,2.346111,2.3191667,2,-1,0,0.15154845,0
9,16,0,0,0,0.0,0.0,0.0,0.0,0.0,0.0,2.2241666,2.1772223,2,-1,0,0.1287491,0
9,14,1,1,1,169.14513,-572.47125,462.04074,-0.02940359,0.006818028,-0.006819447,30.313349,30.302221,2,20,1,0.99799156,1
9,20,0,0,0,0.0,0.0,0.0,0.0,0.0,0.0,2.1348958,2.1952777,2,-1,0,0.08861903,0
9,23,0,0,0,0.0,0.0,0.0,0.0,0.0,0.0,2.4934304,2.3755555,2,-1,0,0.16228987,0
9,34,0,0,0,0.0,0.0,0.0,0.0,0.0,0.0,2.2326043,2.2822223,2,-1,0,0.09461175,0
9,40,0,0,0,0.0,0.0,0.0,0.0,0.0,0.0,2.2706668,2.2613888,2,-1,0,0.1043328,0
9,3,1,0,1,198.10231,266.00372,379.21613,-0.036967345,0.006392166,-0.0056364858,8.931126,8.856667,2,-1,0,0.9733533,1
9,5,0,0,0,0.0,0.0,0.0,0.0,0.0,0.0,2.7624025,2.85,2,-1,0,0.29172605,0
9,3,1,0,1,198.10231,266.00372,379.21613,-0.036967345,0.006392166,-0.0056364858,3.3027916,3.3322222,2,-1,0,0.936932,1
9,13,1,1,1,184.1865,-490.87128,192.98842,-0.007411245,-0.0006009556,-0.0022821943,7.619083,7.699167,2,21,1,0.9602083,1
9,38,0,0,0,0.0,0.0,0.0,0.0,0.0,0.0,2.3802779,2.3580556,2,-1,0,0.13272789,0
9,24,0,0,0,0.0,0.0,0.0,0.0,0.0,0.0,2.1780555,2.2002778,2,-1,0,0.09340985,0
9,28,0,0,0,0.0,0.0,0.0,0.0,0.0,0.0,2.0544307,2.1697223,2,-1,0,0.13615054,0
9,21,0,0,0,0.0,0.0,0.0,0.0,0.0,0.0,2.480868,2.423889,2,-1,0,0.18777888,0
9,32,0,0,0,0.0,0.0,0.0,0.0,0.0,0.0,2.6458542,2.6519444,2,-1,0,0.085251644,0
9,3,1,1,1,198.10231,266.00372,379.21613,-0.036967345,0.006392166,-0.0056364858,21.688257,21.741112,2,22,1,0.9952005,1
9,37,0,0,0,0.0,0.0,0.0,0.0,0.0,0.0,2.1837082,2.2016666,2,-1,0,0.11789354,0
9,4,0,0,0,0.0,0.0,0.0,0.0,0.0,0.0,2.5353332,2.5491667,2,-1,0,0.114793755,0
9,28,0,0,0,0.0,0.0,0.0,0.0,0.0,0.0,2.1832361,2.1366668,2,-1,0,0.09265583,0
9,23,0,0,0,0.0,0.0,0.0,0.0,0.0,0.0,2.2135348,2.28,2,-1,0,0.07619057,0
9,22,0,0,0,0.0,0.0,0.0,0.0,0.0,0.0,2.1778748,2.1788888,2,-1,0,0.13987653,0
9,1,0,0,0,0.0,0.0,0.0,0.0,0.0,0.0,2.73591,2.7455556,2,-1,0,0.1294231,0
9,8,1,1,1,-211.30354,-475.7807,416.62143,-0.010711616,0.0033303064,-0.0018492636,9.970639,9.785,2,23,1,0.96417266,1
9,1,1,1,1,214.69356,-349.72418,407.2993,-0.0038045417,-0.00016159347,-0.0018084156,3.2861805,3.2894444,2,24,1,0.9494821,1
9,30,0,0,0,0.0,0.0,0.0,0.0,0.0,0.0,2.0705,2.0638888,2,-1,0,0.07465439,0
9,39,0,0,0,0.0,0.0,0.0,0.0,0.0,0.0,2.1841457,2.2633333,2,-1,0,0.07764702,0
9,17,1,1,1,224.28226,167.21523,245.78589,-0.009660998,-0.00019401105,-0.0016466894,7.256555,7.255833,2,25,1,0.9841211,1
9,34,0,0,0,0.0,0.0,0.0,0.0,0.0,0.0,2.120646,2.118611,2,-1,0,0.07027659,0
9,20,0,0,0,0.0,0.0,0.0,0.0,0.0,0.0,2.200875,2.2455556,2,-1,0,0.07960006,0
9,9,0,0,0,0.0,0.0,0.0,0.0,0.0,0.0,2.6327431,2.6752777,2,-1,0,0.23250185,0
9,6,0,0,0,0.0,0.0,0.0,0.0,0.0,0.0,2.1807082,2.2519445,2,-1,0,0.09920198,0
9,15,0,0,0,0.0,0.0,0.0,0.0,0.0,0.0,2.1867847,2.1133332,2,-1,0,0.03735903,0
9,31,1,1,1,235.34377,427.02783,97.45262,-0.030520609,0.0055009443,-0.004363906,18.189648,17.916111,2,26,1,0.98138946,1
9,39,0,0,0,0.0,0.0,0.0,0.0,0.0,0.0,2.5328612,2.5425,2,-1,0,0.084768765,0
9,31,1,0,1,235.34377,427.02783,97.45262,-0.030520609,0.0055009443,-0.004363906,15.501,15.600278,2,-1,0,0.9978072,1
9,6,0,0,0,0.0,0.0,0.0,0.0,0.0,0.0,2.674611,2.6819444,2,-1,0,0.10326368,0
9,20,0,0,0,0.0,0.0,0.0,0.0,0.0,0.0,2.280472,2.2822223,2,-1,0,0.13545865,0
9,26,0,0,0,0.0,0.0,0.0,0.0,0.0,0.0,2.4519167,2.4536111,2,-1,0,0.07354702,0
9,20,0,0,0,0.0,0.0,0.0,0.0,0.0,0.0,2.4998193,2.4708333,2,-1,0,0.4028945,0
9,9,0,0,0,0.0,0.0,0.0,0.0,0.0,0.0,2.62175,2.6177778,2,-1,0,0.059572686,0
9,18,0,0,0,0.0,0.0,0.0,0.0,0.0,0.0,2.1547778,2.1780555,2,-1,0,0.0789617,0
9,37,0,0,0,0.0,0.0,0.0,0.0,0.0,0.0,2.3766112,2.3469443,2,-1,0,0.14401145,0
9,24,1,1,1,267.10126,-71.54305,360.66025,-0.0032795616,0.0010508614,0.0007778681,3.2756667,3.1741667,2,27,1,0.9202727,1
9,8,0,0,0,0.0,0.0,0.0,0.0,0.0,0.0,2.9970763,2.978611,2,-1,0,0.78108823,1
9,5,1,1,1,-268.08856,145.40144,49.94274,-0.006014849,0.003267906,-0.0003884545,6.5452085,6.5688887,2,28,1,0.9820185,1
9,39,1,1,1,-271.30045,-243.789,336.3961,-0.022700902,0.005082577,-0.004977309,23.055187,23.117222,2,29,1,0.99969757,1
9,12,1,1,1,-272.83212,-560.57996,317.38235,-0.012875048,0.0010945128,-0.0023487695,13.233736,13.099444,2,30,1,0.9822228,1
9,5,0,0,0,0.0,0.0,0.0,0.0,0.0,0.0,2.3750136,2.5113888,2,-1,0,0.091280006,0
9,3,0,0,0,0.0,0.0,0.0,0.0,0.0,0.0,2.7080486,2.7052777,2,-1,0,0.11325728,0
9,25,1,1,1,285.07693,-61.927334,254.48477,-0.009217034,4.7966867e-05,-0.001361027,8.174986,8.2025,2,31,1,0.96955687,1
9,5,0,0,0,0.0,0.0,0.0,0.0,0.0,0.0,2.0867708,2.0258334,2,-1,0,0.09229039,0
9,37,0,0,0,0.0,0.0,0.0,0.0,0.0,0.0,2.1075556,2.2472222,2,-1,0,0.13190857,0
9,7,0,0,0,0.0,0.0,0.0,0.0,0.0,0.0,2.2256112,2.2358334,2,-1,0,0.082700275,0
9,4,1,1,1,303.43054,-177.40213,395.96753,-0.0110928165,0.0033492325,0.00029301492,10.218201,10.315833,2,32,1,0.99366945,1
9,15,0,0,0,0.0,0.0,0.0,0.0,0.0,0.0,2.4696662,2.4452777,2,-1,0,0.22233357,0
9,26,1,1,1,-305.37854,248.8753,417.63837,-0.00214252,0.0006279531,-0.0019189802,2.2735834,2.2033334,2,33,1,0.122096956,0
9,36,0,0,0,0.0,0.0,0.0,0.0,0.0,0.0,2.0467222,2.0811112,2,-1,0,0.093428776,0
9,13,0,0,0,0.0,0.0,0.0,0.0,0.0,0.0,2.1310694,2.0758333,2,-1,0,0.0045656846,0
9,38,0,0,0,0.0,0.0,0.0,0.0,0.0,0.0,2.1231043,2.1158333,2,-1,0,0.124053515,0
9,36,0,0,0,0.0,0.0,0.0,0.0,0.0,0.0,2.368389,2.3244445,2,-1,0,0.08114726,0
9,10,0,0,0,0.0,0.0,0.0,0.0,0.0,0.0,2.0490973,2.1288888,2,-1,0,0.11390976,0
9,13,0,0,0,0.0,0.0,0.0,0.0,0.0,0.0,2.4056113,2.3458333,2,-1,0,0.3814976,0
9,8,0,0,0,0.0,0.0,0.0,0.0,0.0,0.0,2.065243,2.0441666,2,-1,0,0.07160903,0
9,29,0,0,0,0.0,0.0,0.0,0.0,0.0,0.0,2.4786735,2.5444446,2,-1,0,0.18164502,0
9,13,0,0,0,0.0,0.0,0.0,0.0,0.0,0.0,2.4269862,2.3394444,2,-1,0,0.0725092,0
9,25,0,0,0,0.0,0.0,0.0,0.0,0.0,0.0,2.7815695,2.7841666,2,-1,0,0.22009584,0
9,1,0,0,0,0.0,0.0,0.0,0.0,0.0,0.0,2.6495419,2.6783333,2,-1,0,0.035661757,0
9,37,0,0,0,0.0,0.0,0.0,0.0,0.0,0.0,2.360389,2.416111,2,-1,0,0.040414214,0
9,9,0,0,0,0.0,0.0,0.0,0.0,0.0,0.0,2.271021,2.1488888,2,-1,0,0.09771078,0
9,36,1,1,1,-329.98642,-476.8334,157.65318,-0.011278741,0.0027372157,-0.00459379,12.05961,12.052222,2,34,1,0.9857143,1
9,28,1,1,1,-336.2983,46.811893,179.19162,-0.023674732,0.0070335716,-0.0062907035,16.061945,16.014723,2,-1,1,0.9944575,1
9,17,0,0,0,0.0,0.0,0.0,0.0,0.0,0.0,2.2575552,2.2558334,2,-1,0,0.11058413,0
9,11,0,0,0,0.0,0.0,0.0,0.0,0.0,0.0,2.2806735,2.2797222,2,-1,0,0.0922404,0
9,4,0,0,0,0.0,0.0,0.0,0.0,0.0,0.0,2.3009167,2.3311112,2,-1,0,0.10629787,0
9,32,0,0,0,0.0,0.0,0.0,0.0,0.0,0.0,2.5916805,2.628611,2,-1,0,0.1330351,0
9,26,0,0,0,0.0,0.0,0.0,0.0,0.0,0.0,2.5861387,2.5416667,2,-1,0,0.18384732,0
9,24,0,0,0,0.0,0.0,0.0,0.0,0.0,0.0,2.61125,2.583611,2,-1,0,0.122070804,0
9,14,0,0,0,0.0,0.0,0.0,0.0,0.0,0.0,1.9964445,2.005,2,-1,0,0.08567551,0
9,2,0,0,0,0.0,0.0,0.0,0.0,0.0,0.0,2.114597,2.1388888,2,-1,0,0.08956697,0
9,4,0,0,0,0.0,0.0,0.0,0.0,0.0,0.0,2.2008889,2.2941666,2,-1,0,0.11671672,0
9,34,0,0,0,0.0,0.0,0.0,0.0,0.0,0.0,2.4536388,2.41,2,-1,0,0.11655605,0
9,24,0,0,0,0.0,0.0,0.0,0.0,0.0,0.0,2.3565834,2.3541667,2,-1,0,0.06813918,0
9,36,0,0,0,0.0,0.0,0.0,0.0,0.0,0.0,2.163625,2.051389,2,-1,0,0.05208037,0
9,13,0,0,0,0.0,0.0,0.0,0.0,0.0,0.0,2.1380625,2.0402777,2,-1,0,0.056627452,0
9,17,0,0,0,0.0,0.0,0.0,0.0,0.0,0.0,2.1349027,2.0997221,2,-1,0,0.09067752,0
9,6,0,0,0,0.0,0.0,0.0,0.0,0.0,0.0,2.1672916,2.1627777,2,-1,0,0.1285601,0
9,25,0,0,0,0.0,0.0,0.0,0.0,0.0,0.0,2.4943333,2.496389,2,-1,0,0.32557848,0
9,4,0,0,0,0.0,0.0,0.0,0.0,0.0,0.0,1.9993541,2.0258334,2,-1,0,0.077312194,0
9,16,0,0,0,0.0,0.0,0.0,0.0,0.0,0.0,1.9607986,2.0227778,2,-1,0,0.112496085,0
10,40,1,1,0,-13.594661,359.0772,346.24893,0.0017773653,-0.013976157,0.008252909,13.675952,13.567223,2,0,1,0.9993418,1
10,24,0,0,0,0.0,0.0,0.0,0.0,0.0,0.0,2.134854,2.1372223,2,-1,0,0.05976508,0
10,37,1,1,0,-16.05906,511.80197,241.01952,-0.025403336,-0.008090156,0.0032686507,31.146372,31.245832,2,1,1,0.9999752,1
10,27,0,0,0,0.0,0.0,0.0,0.0,0.0,0.0,2.4453611,2.45,2,-1,0,0.094066344,0
10,32,0,0,0,0.0,0.0,0.0,0.0,0.0,0.0,2.516611,2.4969444,2,-1,0,0.18329357,0
10,9,1,1,0,-34.749397,-571.6303,78.73079,0.00825494,0.0073314845,-0.0026915423,14.18364,13.943889,2,2,1,0.99999857,1
10,36,0,0,0,0.0,0.0,0.0,0.0,0.0,0.0,2.3210485,2.258889,2,-1,0,0.052303493,0
10,35,0,0,0,0.0,0.0,0.0,0.0,0.0,0.0,2.4549932,2.3372223,2,-1,0,0.10041363,0
10,35,1,1,0,-44.53254,308.76352,344.28232,0.021938013,-0.021069257,-0.0050227502,24.947592,25.118334,2,3,1,0.99935955,1
10,28,1,1,0,42.035973,-227.35228,195.27461,0.01569165,-0.0007965129,-0.016140888,20.525993,20.559723,2,4,1,0.9817494,1
10,28,1,0,0,42.035973,-227.35228,195.27461,0.01569165,-0.0007965129,-0.016140888,5.0320487,5.0727777,2,-1,0,0.97814596,1
10,15,1,0,0,50.416252,583.3605,261.14307,-0.039759412,0.0041137775,0.01275731,20.692873,20.574722,2,-1,0,0.996897,1
10,15,1,1,0,50.416252,583.3605,261.14307,-0.039759412,0.0041137775,0.01275731,24.610416,24.430277,2,5,1,0.9999995,1
10,4,0,0,0,0.0,0.0,0.0,0.0,0.0,0.0,2.095764,2.1275,2,-1,0,0.07828883,0
10,14,0,0,0,0.0,0.0,0.0,0.0,0.0,0.0,2.4541113,2.4613888,2,-1,0,0.2039514,0
10,6,0,0,0,0.0,0.0,0.0,0.0,0.0,0.0,2.431625,2.576111,2,-1,0,0.45398757,0
10,22,0,0,0,0.0,0.0,0.0,0.0,0.0,0.0,2.067611,2.0641668,2,-1,0,0.0979529,0
10,20,0,0,0,0.0,0.0,0.0,0.0,0.0,0.0,2.463993,2.5372221,2,-1,0,0.11442834,0
10,13,1,1,0,-55.50011,-85.448494,54.702816,-0.0040907697,-0.01824315,-0.008455647,14.944451,15.098889,2,6,1,0.9913216,1
10,13,1,0,0,-55.50011,-85.448494,54.702816,-0.0040907697,-0.01824315,-0.008455647,9.455667,9.3225,2,-1,0,0.9903769,1
10,10,0,0,0,0.0,0.0,0.0,0.0,0.0,0.0,2.1504028,2.2116666,2,-1,0,0.13122347,0
10,29,1,0,0,67.43486,540.5875,163.31541,-0.01751885,0.0038220107,0.0031189886,11.39116,11.309722,2,-1,0,0.98284334,1
10,39,0,0,0,0.0,0.0,0.0,0.0,0.0,0.0,2.406979,2.3875,2,-1,0,0.09220486,0
10,12,1,1,0,-67.630684,280.28873,19.205746,0.023763029,-0.012999678,-0.0032378316,28.602848,28.4175,2,7,1,0.9362782,1
10,29,1,1,0,67.43486,540.5875,163.31541,-0.01751885,0.0038220107,0.0031189886,11.695535,3.0594444,2,8,1,0.98987585,1
10,15,0,0,0,0.0,0.0,0.0,0.0,0.0,0.0,2.8013124,2.7466667,2,-1,0,0.26367834,0
10,34,0,0,0,0.0,0.0,0.0,0.0,0.0,0.0,2.277972,2.2863889,2,-1,0,0.10587978,0
10,6,0,0,0,0.0,0.0,0.0,0.0,0.0,0.0,2.0031805,2.0647223,2,-1,0,0.021747446,0
10,37,0,0,0,0.0,0.0,0.0,0.0,0.0,0.0,2.4675903,2.4288888,2,-1,0,0.12570831,0
10,16,0,0,0,0.0,0.0,0.0,0.0,0.0,0.0,2.460625,2.4605556,2,-1,0,0.14031658,0
10,28,0,0,0,0.0,0.0,0.0,0.0,0.0,0.0,2.1152637,2.21,2,-1,0,0.11137767,0
10,28,1,0,0,42.035973,-227.35228,195.27461,0.01569165,-0.0007965129,-0.016140888,2.669486,2.656111,2,-1,0,0.1485122,0
10,31,0,0,0,0.0,0.0,0.0,0.0,0.0,0.0,2.1770277,2.168611,2,-1,0,0.11242726,0
10,32,0,0,0,0.0,0.0,0.0,0.0,0.0,0.0,3.0390277,3.0266666,2,-1,0,0.16894273,0
10,15,0,0,0,0.0,0.0,0.0,0.0,0.0,0.0,2.499979,2.5255556,2,-1,0,0.2516828,0
10,14,1,0,0,-110.984566,424.3074,216.30823,0.016819194,0.0033195661,-0.00086492347,9.250916,6.738611,2,-1,0,0.9973563,1
10,14,1,1,0,-110.984566,424.3074,216.30823,0.016819194,0.0033195661,-0.00086492347,12.452819,12.44,2,9,1,0.99711585,1
10,3,1,0,0,-111.00516,296.55035,86.521355,-0.008481078,0.008117107,-0.018616121,5.041722,4.175,2,-1,0,0.9447297,1
10,3,1,1,0,-111.00516,296.55035,86.521355,-0.008481078,0.008117107,-0.018616121,11.318806,9.176666,2,10,1,0.9855816,1
10,3,1,0,0,-111.00516,296.55035,86.521355,-0.008481078,0.008117107,-0.018616121,10.781777,10.781667,2,-1,0,0.97066385,1
10,31,1,1,0,-113.34359,-256.83954,167.50685,-0.0039291615,-0.008527852,-0.0027486724,7.236938,4.9497223,2,11,1,0.99944705,1
10,29,0,0,0,0.0,0.0,0.0,0.0,0.0,0.0,2.0300624,2.1477778,2,-1,0,0.07895242,0
10,27,0,0,0,0.0,0.0,0.0,0.0,0.0,0.0,2.666875,2.6569445,2,-1,0,0.0901877,0
10,35,0,0,0,0.0,0.0,0.0,0.0,0.0,0.0,2.0038195,2.013611,2,-1,0,0.14706606,0
10,24,0,0,0,0.0,0.0,0.0,0.0,0.0,0.0,2.6651666,2.7361112,2,-1,0,0.43455434,0
10,7,0,0,0,0.0,0.0,0.0,0.0,0.0,0.0,2.1518197,2.1472223,2,-1,0,0.09379407,0
10,28,0,0,0,0.0,0.0,0.0,0.0,0.0,0.0,2.733972,2.807778,2,-1,0,0.121640116,0
10,21,1,0,0,-202.25487,571.561,256.51743,0.0012383616,-0.02893997,0.0054348316,4.2704997,4.430278,2,-1,0,0.9734933,1
10,33,1,0,0,151.30537,-462.7782,227.58803,-0.013581895,0.015304283,-0.016498053,2.53925,2.4819446,2,-1,0,0.110825546,0
10,19,0,0,0,0.0,0.0,0.0,0.0,0.0,0.0,2.6696804,2.6936111,2,-1,0,0.11128345,0
10,36,1,1,0,-148.12572,232.53854,419.77267,0.0017922294,0.006696581,-0.012198276,14.252147,14.621111,2,12,1,0.98818785,1
10,33,1,1,0,151.30537,-462.7782,227.58803,-0.013581895,0.015304283,-0.016498053,20.557049,19.789167,2,13,1,0.9968328,1
10,11,0,0,0,0.0,0.0,0.0,0.0,0.0,0.0,2.4464583,2.4436111,2,-1,0,0.1201891,0
10,24,0,0,0,0.0,0.0,0.0,0.0,0.0,0.0,2.197139,2.1316667,2,-1,0,0.098022394,0
10,7,0,0,0,0.0,0.0,0.0,0.0,0.0,0.0,2.0765347,2.0391667,2,-1,0,0.08225643,0
10,15,0,0,0,0.0,0.0,0.0,0.0,0.0,0.0,2.1588821,2.1519444,2,-1,0,0.023383176,0
10,23,0,0,0,0.0,0.0,0.0,0.0,0.0,0.0,2.4647918,2.5811112,2,-1,0,0.10118544,0
10,23,0,0,0,0.0,0.0,0.0,0.0,0.0,0.0,2.158382,2.1947222,2,-1,0,0.0159122,0
10,7,1,1,0,169.63202,457.93536,153.28976,0.011330282,0.0065902118,-0.008721984,17.056063,17.0825,2,14,1,0.9999974,1
10,2,0,0,0,0.0,0.0,0.0,0.0,0.0,0.0,2.155486,2.1527777,2,-1,0,0.12026712,0
10,5,0,0,0,0.0,0.0,0.0,0.0,0.0,0.0,2.1085484,2.0877779,2,-1,0,0.10922367,0
10,20,1,1,0,173.13907,-388.20023,308.1029,-0.0026726546,0.008327895,0.0022135105,8.914048,9.13,2,15,1,0.97028416,1
10,5,0,0,0,0.0,0.0,0.0,0.0,0.0,0.0,2.2424653,2.1988888,2,-1,0,0.101787455,0
10,14,0,0,0,0.0,0.0,0.0,0.0,0.0,0.0,2.0238264,2.0725,2,-1,0,0.10242192,0
10,28,0,0,0,0.0,0.0,0.0,0.0,0.0,0.0,2.4899445,2.4972222,2,-1,0,0.17222711,0
10,11,0,0,0,0.0,0.0,0.0,0.0,0.0,0.0,2.2140555,2.2169445,2,-1,0,0.07697103,0
10,25,0,0,0,0.0,0.0,0.0,0.0,0.0,0.0,2.3705418,2.4133334,2,-1,0,0.11616215,0
10,17,0,0,0,0.0,0.0,0.0,0.0,0.0,0.0,2.3380208,2.3405557,2,-1,0,0.12295852,0
10,4,1,1,0,-179.2404,-507.70795,406.059,0.004210449,0.014867205,-0.017335603,24.824965,24.39889,2,16,1,0.9997929,1
10,17,1,1,0,-185.69002,-499.47705,331.08716,0.0112093305,0.016416231,0.0031098432,21.24082,21.295,2,17,1,0.9988838,1
10,17,1,0,0,-185.69002,-499.47705,331.08716,0.0112093305,0.016416231,0.0031098432,4.469903,4.5088887,2,-1,0,0.95872587,1
10,32,1,1,0,198.92506,-466.84674,68.045975,-0.023249427,0.015040677,-0.0003047378,29.1235,29.065277,2,18,1,0.9397853,1
10,17,0,0,0,0.0,0.0,0.0,0.0,0.0,0.0,2.0294862,2.0161111,2,-1,0,0.10681762,0
10,21,1,1,0,-202.25487,571.561,256.51743,0.0012383616,-0.02893997,0.0054348316,13.253251,13.290833,2,19,1,0.99845517,1
10,33,0,0,0,0.0,0.0,0.0,0.0,0.0,0.0,2.0570972,2.105,2,-1,0,0.07051151,0
10,21,1,0,0,-202.25487,571.561,256.51743,0.0012383616,-0.02893997,0.0054348316,12.047402,12.010278,2,-1,0,0.9960944,1
10,8,0,0,0,0.0,0.0,0.0,0.0,0.0,0.0,52.86974,-1.0,2,-1,0,0.99710363,1
10,39,0,0,0,0.0,0.0,0.0,0.0,0.0,0.0,2.6822636,2.6183333,2,-1,0,0.11392399,0
10,25,0,0,0,0.0,0.0,0.0,0.0,0.0,0.0,2.442743,2.4458334,2,-1,0,0.13367355,0
10,22,0,0,0,0.0,0.0,0.0,0.0,0.0,0.0,2.2059443,2.2055554,2,-1,0,0.107773244,0
10,20,1,0,0,173.13907,-388.20023,308.1029,-0.0026726546,0.008327895,0.0022135105,2.7687776,2.7875,2,-1,0,0.3097144,0
10,26,0,0,0,0.0,0.0,0.0,0.0,0.0,0.0,2.0606596,2.0586112,2,-1,0,0.10105447,0
10,16,0,0,0,0.0,0.0,0.0,0.0,0.0,0.0,2.7076666,2.718611,2,-1,0,0.11345099,0
10,21,0,0,0,0.0,0.0,0.0,0.0,0.0,0.0,2.184875,2.1302779,2,-1,0,0.09298539,0
10,21,1,0,0,-202.25487,571.561,256.51743,0.0012383616,-0.02893997,0.0054348316,5.0704026,5.068333,2,-1,0,0.97820127,1
10,17,0,0,0,0.0,0.0,0.0,0.0,0.0,0.0,2.6448405,2.7297223,2,-1,0,0.100796215,0
10,22,1,1,0,-219.97722,-224.33484,269.21442,-0.007418159,0.019727012,0.007877315,11.212167,11.2913885,2,20,1,0.98243135,1
10,22,1,0,0,-219.97722,-224.33484,269.21442,-0.007418159,0.019727012,0.007877315,10.584444,8.338056,2,-1,0,0.9818001,1
10,17,0,0,0,0.0,0.0,0.0,0.0,0.0,0.0,2.553986,2.4427779,2,-1,0,0.14043935,0
10,17,0,0,0,0.0,0.0,0.0,0.0,0.0,0.0,3.0445971,3.0680556,2,-1,0,0.13006897,0
10,11,0,0,0,0.0,0.0,0.0,0.0,0.0,0.0,2.1016319,2.2025,2,-1,0,0.086339444,0
10,16,0,0,0,0.0,0.0,0.0,0.0,0.0,0.0,2.0377083,2.0916667,2,-1,0,0.028238438,0
10,17,0,0,0,0.0,0.0,0.0,0.0,0.0,0.0,2.8811457,2.9505556,2,-1,0,0.1956045,0
10,34,1,0,0,236.40521,191.31136,367.6053,0.00201033,0.030577803,0.011476267,8.291014,5.8341665,2,-1,0,0.9782015,1
10,34,1,0,0,236.40521,191.31136,367.6053,0.00201033,0.030577803,0.011476267,3.501,3.6280556,2,-1,0,0.96864176,1
10,16,0,0,0,0.0,0.0,0.0,0.0,0.0,0.0,3.317236,0.28138888,2,-1,0,0.6469376,1
10,34,1,1,0,236.40521,191.31136,367.6053,0.00201033,0.030577803,0.011476267,26.551146,26.6675,2,21,1,0.9999263,1
10,10,1,0,0,245.44177,260.41577,388.5706,-0.012110623,0.0048723663,-0.027751248,6.360986,6.3213887,2,-1,0,0.94888294,1
10,5,1,1,0,238.8201,29.56954,80.979355,0.018275436,-0.03472221,0.013945635,41.8561,38.963333,2,22,1,0.99751365,1
10,2,1,0,0,-265.74738,-77.92339,77.0533,-0.024678405,-0.009277773,0.01459601,2.9088402,2.8322222,2,-1,0,0.4453646,0
10,10,1,1,0,245.44177,260.41577,388.5706,-0.012110623,0.0048723663,-0.027751248,22.597813,20.805,2,23,1,0.99603385,1
10,20,0,0,0,0.0,0.0,0.0,0.0,0.0,0.0,2.3879027,2.4177778,2,-1,0,0.083274774,0
10,22,0,0,0,0.0,0.0,0.0,0.0,0.0,0.0,2.5350833,2.5852778,2,-1,0,0.34824115,0
10,14,0,0,0,0.0,0.0,0.0,0.0,0.0,0.0,2.1636112,2.148611,2,-1,0,0.07252204,0
10,4,0,0,0,0.0,0.0,0.0,0.0,0.0,0.0,2.256389,2.2333333,2,-1,0,0.080295555,0
10,25,0,0,0,0.0,0.0,0.0,0.0,0.0,0.0,2.2885973,2.2852778,2,-1,0,0.14435785,0
10,6,1,1,0,260.36667,-396.605,343.5125,-0.0010959535,-0.005374706,0.009685109,8.750049,8.834444,2,24,1,0.985592,1
10,15,0,0,0,0.0,0.0,0.0,0.0,0.0,0.0,2.5673335,2.5591667,2,-1,0,0.13297458,0
10,21,0,0,0,0.0,0.0,0.0,0.0,0.0,0.0,2.1879861,2.106111,2,-1,0,0.06072531,0
10,21,0,0,0,0.0,0.0,0.0,0.0,0.0,0.0,2.468125,2.4436111,2,-1,0,0.09391998,0
10,23,1,1,0,266.24933,298.11896,223.0914,0.0011816662,0.0049180742,-0.040376704,37.2645,37.241943,2,25,1,0.9868384,1
10,2,1,1,0,-265.74738,-77.92339,77.0533,-0.024678405,-0.009277773,0.01459601,31.713491,26.525833,2,26,1,0.9354854,1
10,23,1,0,0,266.24933,298.11896,223.0914,0.0011816662,0.0049180742,-0.040376704,3.9831944,4.036389,2,-1,0,0.9767676,1
10,7,0,0,0,0.0,0.0,0.0,0.0,0.0,0.0,2.4704585,2.5158334,2,-1,0,0.10669809,0
10,30,0,0,0,0.0,0.0,0.0,0.0,0.0,0.0,2.687403,2.6588888,2,-1,0,0.33734867,0
10,29,0,0,0,0.0,0.0,0.0,0.0,0.0,0.0,2.062479,2.1083333,2,-1,0,0.12270077,0
10,12,0,0,0,0.0,0.0,0.0,0.0,0.0,0.0,1.9784443,2.013611,2,-1,0,0.10148365,0
10,24,0,0,0,0.0,0.0,0.0,0.0,0.0,0.0,2.2576807,2.3380556,2,-1,0,0.035912625,0
10,16,0,0,0,0.0,0.0,0.0,0.0,0.0,0.0,2.3564584,2.43,2,-1,0,0.10499916,0
10,37,0,0,0,0.0,0.0,0.0,0.0,0.0,0.0,2.6332016,2.6944444,2,-1,0,0.18582049,0
10,30,0,0,0,0.0,0.0,0.0,0.0,0.0,0.0,2.1905627,2.2325,2,-1,0,0.11329614,0
10,18,1,1,0,-307.8961,-133.77641,119.35791,0.016256237,-0.004873466,-0.0017559751,14.513826,14.453611,2,27,1,0.9942872,1
10,10,0,0,0,0.0,0.0,0.0,0.0,0.0,0.0,1.9580972,2.0319445,2,-1,0,0.0925321,0
10,28,0,0,0,0.0,0.0,0.0,0.0,0.0,0.0,2.3167014,2.3166666,2,-1,0,0.09607867,0
10,20,0,0,0,0.0,0.0,0.0,0.0,0.0,0.0,2.3042638,2.2944446,2,-1,0,0.09315307,0
10,36,0,0,0,0.0,0.0,0.0,0.0,0.0,0.0,1.9799724,2.01,2,-1,0,0.08985926,0
10,11,1,0,0,310.9009,105.10877,64.10841,0.023457557,0.0024492969,0.019958267,2.5145693,2.4938889,2,-1,0,0.3163135,0
10,11,1,1,0,310.9009,105.10877,64.10841,0.023457557,0.0024492969,0.019958267,23.416945,21.789444,2,28,1,0.99677104,1
10,4,0,0,0,0.0,0.0,0.0,0.0,0.0,0.0,2.3005831,2.3080556,2,-1,0,0.16991813,0
10,36,0,0,0,0.0,0.0,0.0,0.0,0.0,0.0,2.0447223,2.071389,2,-1,0,0.070194505,0
10,11,1,0,0,310.9009,105.10877,64.10841,0.023457557,0.0024492969,0.019958267,4.419937,4.433611,2,-1,0,0.9555981,1
10,30,1,1,0,-314.7384,-13.243534,331.45358,-0.0069619026,-0.009323231,-0.007943518,10.0485,5.306389,2,29,1,0.98915523,1
10,39,1,1,0,-316.9472,471.26385,192.71883,-0.006298393,0.022322277,0.0019039131,11.669362,7.2725,2,30,1,0.9958216,1
10,19,1,1,0,-323.87692,430.54675,321.54904,0.01780928,-0.0053541693,0.007228473,15.314778,15.379167,2,31,1,0.99999666,1
10,33,0,0,0,0.0,0.0,0.0,0.0,0.0,0.0,2.6852221,2.6833334,2,-1,0,0.14430642,0
10,38,1,1,0,322.4572,13.807655,243.35915,0.012430875,-0.033093214,-0.0011551348,16.603348,16.418056,2,32,1,0.8725371,1
10,39,1,0,0,-316.9472,471.26385,192.71883,-0.006298393,0.022322277,0.0019039131,2.8007708,2.8630555,2,-1,0,0.53997624,1
10,16,1,0,0,342.9076,-75.68349,282.59186,-0.02218298,0.022208013,0.021119349,5.209528,5.2355556,2,-1,0,0.977734,1
10,24,1,1,0,-331.23532,265.92914,435.96368,0.011309042,0.0017083817,0.008218591,13.050909,13.096666,2,33,1,0.9887572,1
10,38,0,0,0,0.0,0.0,0.0,0.0,0.0,0.0,2.3679447,2.3094444,2,-1,0,0.11806632,0
10,19,0,0,0,0.0,0.0,0.0,0.0,0.0,0.0,2.1255555,2.0733333,2,-1,0,0.05446458,0
10,27,1,0,0,342.9478,215.07828,174.29985,-0.009602642,-0.011755229,-0.027621351,2.9273055,2.9491668,2,-1,0,0.91944885,1
10,35,0,0,0,0.0,0.0,0.0,0.0,0.0,0.0,2.5133889,2.4958334,2,-1,0,0.09396189,0
10,16,1,0,0,342.9076,-75.68349,282.59186,-0.02218298,0.022208013,0.021119349,8.1495695,8.113611,2,-1,0,0.9803007,1
10,38,1,0,0,322.4572,13.807655,243.35915,0.012430875,-0.033093214,-0.0011551348,5.0506945,5.1397223,2,-1,0,0.9792444,1
10,16,1,1,0,342.9076,-75.68349,282.59186,-0.02218298,0.022208013,0.021119349,21.768099,21.998611,2,34,1,0.9660104,1
10,3,0,0,0,0.0,0.0,0.0,0.0,0.0,0.0,2.1020417,2.1905556,2,-1,0,0.09628462,0
10,27,1,1,0,342.9478,215.07828,174.29985,-0.009602642,-0.011755229,-0.027621351,22.658169,22.550278,2,35,1,0.99475056,1
10,38,1,0,0,322.4572,13.807655,243.35915,0.012430875,-0.033093214,-0.0011551348,8.539125,8.463056,2,-1,0,0.9740781,1
10,18,0,0,0,0.0,0.0,0.0,0.0,0.0,0.0,2.5661876,2.5005555,2,-1,0,0.053713717,0
10,35,0,0,0,0.0,0.0,0.0,0.0,0.0,0.0,2.7580974,2.8366666,2,-1,0,0.37013024,0
10,34,0,0,0,0.0,0.0,0.0,0.0,0.0,0.0,2.3239446,2.4147222,2,-1,0,0.09802197,0
10,19,0,0,0,0.0,0.0,0.0,0.0,0.0,0.0,2.7165415,2.6819444,2,-1,0,0.23727626,0
10,24,1,0,0,-331.23532,265.92914,435.96368,0.011309042,0.0017083817,0.008218591,2.8035905,2.838889,2,-1,0,0.14883843,0
10,25,1,1,0,350.2399,27.432638,283.75128,-0.013504995,-0.0102705695,0.0026821648,17.818033,17.977222,2,36,1,0.99471444,1
10,39,1,0,0,-316.9472,471.26385,192.71883,-0.006298393,0.022322277,0.0019039131,8.720876,8.589723,2,-1,0,0.98968786,1
10,28,0,0,0,0.0,0.0,0.0,0.0,0.0,0.0,2.2564862,2.3075,2,-1,0,0.13833761,0
10,6,0,0,0,0.0,0.0,0.0,0.0,0.0,0.0,2.1535556,2.1530557,2,-1,0,0.19072169,0
10,1,0,0,0,0.0,0.0,0.0,0.0,0.0,0.0,2.0477154,2.0102777,2,-1,0,0.1442465,0
10,26,1,1,0,349.8783,309.53033,24.343409,0.017257389,-0.004512729,-0.002206338,12.873951,4.892778,2,37,1,0.99108654,1
10,31,0,0,0,0.0,0.0,0.0,0.0,0.0,0.0,2.3838542,2.3352778,2,-1,0,0.14623688,0
10,26,1,0,0,349.8783,309.53033,24.343409,0.017257389,-0.004512729,-0.002206338,5.317923,5.3802776,2,-1,0,0.92973834,1
10,34,0,0,0,0.0,0.0,0.0,0.0,0.0,0.0,2.3017156,2.3066666,2,-1,0,0.105775915,0
10,2,0,0,0,0.0,0.0,0.0,0.0,0.0,0.0,2.022507,2.0358334,2,-1,0,0.116008244,0
10,1,1,1,0,-362.12808,72.66279,142.90399,-0.009161756,-0.009130824,0.0065536173,3.486104,3.176389,2,38,1,0.95904255,1
10,2,0,0,0,0.0,0.0,0.0,0.0,0.0,0.0,2.2274723,2.1813889,2,-1,0,0.027378215,0
10,12,0,0,0,0.0,0.0,0.0,0.0,0.0,0.0,2.3306873,2.2238889,2,-1,0,0.10944991,0
10,5,0,0,0,0.0,0.0,0.0,0.0,0.0,0.0,2.3745692,2.3875,2,-1,0,0.055219516,0
10,6,0,0,0,0.0,0.0,0.0,0.0,0.0,0.0,2.4707222,2.4025,2,-1,0,0.100976236,0
10,20,0,0,0,0.0,0.0,0.0,0.0,0.0,0.0,2.355632,2.2908332,2,-1,0,0.058348116,0
10,17,0,0,0,0.0,0.0,0.0,0.0,0.0,0.0,2.3799653,2.315,2,-1,0,0.1462031,0
10,8,0,0,0,0.0,0.0,0.0,0.0,0.0,0.0,2.5686944,2.5716667,2,-1,0,0.100547984,0
10,4,0,0,0,0.0,0.0,0.0,0.0,0.0,0.0,2.260903,2.3186111,2,-1,0,0.095315665,0
10,13,0,0,0,0.0,0.0,0.0,0.0,0.0,0.0,2.1655695,2.1794446,2,-1,0,0.012482663,0
10,34,0,0,0,0.0,0.0,0.0,0.0,0.0,0.0,2.4095416,2.4116666,2,-1,0,0.22195175,0
10,27,0,0,0,0.0,0.0,0.0,0.0,0.0,0.0,2.1055834,2.120278,2,-1,0,0.1274798,0
10,29,0,0,0,0.0,0.0,0.0,0.0,0.0,0.0,2.078493,2.0258334,2,-1,0,0.12280222,0
10,15,0,0,0,0.0,0.0,0.0,0.0,0.0,0.0,2.2204306,2.2416666,2,-1,0,0.07590857,0
10,29,0,0,0,0.0,0.0,0.0,0.0,0.0,0.0,2.4411666,2.4183333,2,-1,0,0.09484975,0
10,28,0,0,0,0.0,0.0,0.0,0.0,0.0,0.0,1.9647431,2.031389,2,-1,0,0.010147909,0
10,14,0,0,0,0.0,0.0,0.0,0.0,0.0,0.0,2.2318125,2.218611,2,-1,0,0.10058378,0
10,16,0,0,0,0.0,0.0,0.0,0.0,0.0,0.0,2.081014,2.0727777,2,-1,0,0.10009861,0
10,27,0,0,0,0.0,0.0,0.0,0.0,0.0,0.0,2.0402224,2.031389,2,-1,0,0.11329469,0
10,6,0,0,0,0.0,0.0,0.0,0.0,0.0,0.0,2.4013817,2.4019444,2,-1,0,0.039603423,0
10,12,0,0,0,0.0,0.0,0.0,0.0,0.0,0.0,2.4700277,2.4533334,2,-1,0,0.12493563,0
10,26,0,0,0,0.0,0.0,0.0,0.0,0.0,0.0,2.6012154,2.5058334,2,-1,0,0.36534327,0
10,35,0,0,0,0.0,0.0,0.0,0.0,0.0,0.0,2.016493,2.1008334,2,-1,0,0.0524278,0
11,34,1,0,0,-15.949979,347.20172,233.42691,0.0024243533,0.013321485,0.005394825,3.415139,3.2583334,2,-1,0,0.9611728,1
11,34,1,0,0,-15.949979,347.20172,233.42691,0.0024243533,0.013321485,0.005394825,3.4155903,3.5072222,2,-1,0,0.9468454,1
11,14,0,0,0,0.0,0.0,0.0,0.0,0.0,0.0,2.298479,2.3180556,2,-1,0,0.13181594,0
11,35,0,0,0,0.0,0.0,0.0,0.0,0.0,0.0,2.1863334,2.2066667,2,-1,0,0.033979792,0
11,34,1,1,0,-15.949979,347.20172,233.42691,0.0024243533,0.013321485,0.005394825,19.123056,1.3302778,2,0,1,0.999744,1
11,7,1,1,0,-15.389104,281.4175,87.54957,0.0011483439,-0.0031316981,-0.0035699275,2.901472,1.9533334,2,1,1,0.6855469,1
11,12,0,0,0,0.0,0.0,0.0,0.0,0.0,0.0,2.0319026,2.0880556,2,-1,0,0.108332895,0
11,4,1,1,0,-19.247276,253.5668,20.896774,0.0058851675,0.0038000136,0.0054923613,6.4551806,6.517778,2,2,1,0.9815875,1
11,23,0,0,0,0.0,0.0,0.0,0.0,0.0,0.0,2.499146,2.5172222,2,-1,0,0.17100176,0
11,25,1,1,0,-27.751904,362.94623,382.91287,0.019183049,0.009664858,0.016397797,30.91416,30.701944,2,3,1,0.999967,1
11,21,0,0,0,0.0,0.0,0.0,0.0,0.0,0.0,2.417361,2.4494445,2,-1,0,0.13817419,0
11,30,0,0,0,0.0,0.0,0.0,0.0,0.0,0.0,2.1075766,2.1758332,2,-1,0,0.12775703,0
11,4,1,0,0,-19.247276,253.5668,20.896774,0.0058851675,0.0038000136,0.0054923613,2.0594583,2.126111,2,-1,0,0.08527898,0
11,21,0,0,0,0.0,0.0,0.0,0.0,0.0,0.0,2.1817083,2.1825,2,-1,0,0.15281698,0
11,35,0,0,0,0.0,0.0,0.0,0.0,0.0,0.0,12.607083,-1.0,2,-1,0,0.9927295,1
11,34,1,0,0,-32.374336,306.92862,316.33392,0.0024243533,0.013321485,0.005394825,4.4397497,4.492778,2,-1,0,0.98364484,1
11,36,1,1,0,27.975286,-501.83432,176.52332,0.015334435,0.01562047,0.0058867713,13.006521,12.996944,2,4,1,0.9889369,1
11,35,0,0,0,0.0,0.0,0.0,0.0,0.0,0.0,3.88975,-1.0,2,-1,0,0.9729446,1
11,36,1,0,0,27.975286,-501.83432,176.52332,0.015334435,0.01562047,0.0058867713,6.247979,6.1519446,2,-1,0,0.99793375,1
11,3,0,0,0,0.0,0.0,0.0,0.0,0.0,0.0,2.1606874,2.1805556,2,-1,0,0.08037736,0
11,5,0,0,0,0.0,0.0,0.0,0.0,0.0,0.0,2.2119515,2.1794446,2,-1,0,0.072977364,0
11,36,1,0,0,27.975286,-501.83432,176.52332,0.015334435,0.01562047,0.0058867713,2.7659583,2.7583334,2,-1,0,0.34121022,0
11,19,1,1,0,-41.444874,-15.211378,425.2471,-0.010774631,0.003420761,-0.02024126,10.9405,10.841945,2,5,1,0.99965835,1
11,19,1,0,0,-41.444874,-15.211378,425.2471,-0.010774631,0.003420761,-0.02024126,9.058709,9.0402775,2,-1,0,0.97571874,1
11,19,1,0,0,-41.444874,-15.211378,425.2471,-0.010774631,0.003420761,-0.02024126,6.5951805,6.278333,2,-1,0,0.9930576,1
11,33,1,1,0,-57.661285,-147.59196,340.33444,-0.00041102932,0.016009687,-0.05569419,43.270306,43.03472,2,6,1,0.9999994,1
11,33,1,0,0,-57.661285,-147.59196,340.33444,-0.00041102932,0.016009687,-0.05569419,21.525723,20.56889,2,-1,0,0.99923444,1
11,39,0,0,0,0.0,0.0,0.0,0.0,0.0,0.0,2.0277293,2.138611,2,-1,0,0.08724344,0
11,21,0,0,0,0.0,0.0,0.0,0.0,0.0,0.0,2.040889,2.0422223,2,-1,0,0.07644218,0
11,34,0,0,0,0.0,0.0,0.0,0.0,0.0,0.0,2.35625,2.3127778,2,-1,0,0.41321683,0
11,9,1,0,0,77.4598,436.11227,434.97284,0.0055825384,0.0027266645,0.00060548977,2.3368888,2.4122221,2,-1,0,0.009104048,0
11,38,0,0,0,0.0,0.0,0.0,0.0,0.0,0.0,2.115111,2.17,2,-1,0,0.124241486,0
11,9,1,1,0,77.4598,436.11227,434.97284,0.0055825384,0.0027266645,0.00060548977,7.272639,7.2188888,2,7,1,0.9787162,1
11,13,1,0,0,104.12618,-367.52597,265.08212,-0.0063231136,-0.012996365,-0.0040709022,2.694,2.775,2,-1,0,0.16257536,0
11,12,1,0,0,-83.04629,-125.24213,439.98627,0.0029644154,-0.0033447987,0.005582232,6.489632,6.413889,2,-1,0,0.98494613,1
11,35,0,0,0,0.0,0.0,0.0,0.0,0.0,0.0,2.5015557,-1.0,2,-1,0,0.12970662,0
11,12,1,1,0,-83.04629,-125.24213,439.98627,0.0029644154,-0.0033447987,0.005582232,8.508333,7.3144445,2,8,1,0.9824697,1
11,15,0,0,0,0.0,0.0,0.0,0.0,0.0,0.0,2.1107638,2.2280555,2,-1,0,0.1570609,0
11,17,0,0,0,0.0,0.0,0.0,0.0,0.0,0.0,1.9988056,2.0127778,2,-1,0,0.070409246,0
11,19,0,0,0,0.0,0.0,0.0,0.0,0.0,0.0,2.3446946,2.3491666,2,-1,0,0.436372,0
11,31,0,0,0,0.0,0.0,0.0,0.0,0.0,0.0,2.3556042,2.2894444,2,-1,0,0.0542368,0
11,8,1,0,0,112.14321,-528.814,289.97876,-0.044992924,0.015985694,-0.028246962,24.425451,24.392778,2,-1,0,0.9987483,1
11,12,0,0,0,0.0,0.0,0.0,0.0,0.0,0.0,2.1819026,2.1147223,2,-1,0,0.12002314,0
11,24,0,0,0,0.0,0.0,0.0,0.0,0.0,0.0,1.9120277,2.0322223,2,-1,0,0.08533364,0
11,26,1,1,0,98.54651,-431.72476,274.9398,-0.013285288,0.0017245917,0.014057032,15.616653,15.731667,2,9,1,0.97290784,1
11,35,0,0,0,0.0,0.0,0.0,0.0,0.0,0.0,2.129257,2.0722222,2,-1,0,0.1083508,0
11,35,0,0,0,0.0,0.0,0.0,0.0,0.0,0.0,2.124257,2.0694444,2,-1,0,0.052020162,0
11,8,1,1,0,112.14321,-528.814,289.97876,-0.044992924,0.015985694,-0.028246962,31.323072,33.505554,2,10,1,0.9959637,1
11,16,0,0,0,0.0,0.0,0.0,0.0,0.0,0.0,2.1744375,2.0611112,2,-1,0,0.10380777,0
11,15,0,0,0,0.0,0.0,0.0,0.0,0.0,0.0,2.1649306,2.16,2,-1,0,0.07178239,0
11,13,1,1,0,104.12618,-367.52597,265.08212,-0.0063231136,-0.012996365,-0.0040709022,13.960395,13.824166,2,11,1,0.95093936,1
11,6,1,1,0,107.64526,-240.34033,47.856457,-0.0017367197,-0.007006821,0.009395869,11.039987,11.188611,2,12,1,0.92899525,1
11,20,0,0,0,0.0,0.0,0.0,0.0,0.0,0.0,2.2945557,2.2625,2,-1,0,0.057234332,0
11,3,0,0,0,0.0,0.0,0.0,0.0,0.0,0.0,2.3575835,2.3491666,2,-1,0,0.1852497,0
11,35,0,0,0,0.0,0.0,0.0,0.0,0.0,0.0,2.5457501,2.488889,2,-1,0,0.10934364,0
11,40,0,0,0,0.0,0.0,0.0,0.0,0.0,0.0,2.5812848,2.631389,2,-1,0,0.06488631,0
11,30,0,0,0,0.0,0.0,0.0,0.0,0.0,0.0,2.1271946,2.0638888,2,-1,0,0.06034521,0
11,30,0,0,0,0.0,0.0,0.0,0.0,0.0,0.0,2.2152221,2.2322223,2,-1,0,0.09171872,0
11,39,0,0,0,0.0,0.0,0.0,0.0,0.0,0.0,2.5449443,2.5394444,2,-1,0,0.14539874,0
11,20,0,0,0,0.0,0.0,0.0,0.0,0.0,0.0,2.1157362,2.0752778,2,-1,0,0.10249407,0
11,8,0,0,0,0.0,0.0,0.0,0.0,0.0,0.0,2.06475,2.0605555,2,-1,0,0.08378506,0
11,10,1,0,0,146.4741,105.42935,0.94580907,-0.021889186,-0.02783315,0.0066226497,14.526452,14.371388,2,-1,0,0.99606293,1
11,39,1,1,0,137.12617,321.75534,12.436038,0.01036683,0.0071002585,-0.008949293,14.624597,10.195278,2,13,1,0.9873998,1
11,10,1,1,0,146.4741,105.42935,0.94580907,-0.021889186,-0.02783315,0.0066226497,17.350277,17.500834,2,14,1,0.89093536,1
11,11,0,0,0,0.0,0.0,0.0,0.0,0.0,0.0,2.3938541,2.3430555,2,-1,0,0.1791847,0
11,10,0,0,0,0.0,0.0,0.0,0.0,0.0,0.0,2.1931458,1.9508333,2,-1,0,0.098129146,0
11,23,0,0,0,0.0,0.0,0.0,0.0,0.0,0.0,2.500875,2.501111,2,-1,0,0.10882228,0
11,4,0,0,0,0.0,0.0,0.0,0.0,0.0,0.0,2.1271875,2.1422222,2,-1,0,0.09559822,0
11,7,0,0,0,0.0,0.0,0.0,0.0,0.0,0.0,2.1540277,2.1622221,2,-1,0,0.108319454,0
11,21,0,0,0,0.0,0.0,0.0,0.0,0.0,0.0,2.3553126,2.3580556,2,-1,0,0.1325975,0
11,25,0,0,0,0.0,0.0,0.0,0.0,0.0,0.0,2.3614097,2.2519445,2,-1,0,0.10727357,0
11,31,0,0,0,0.0,0.0,0.0,0.0,0.0,0.0,2.091097,2.0708334,2,-1,0,0.11511001,0
11,7,0,0,0,0.0,0.0,0.0,0.0,0.0,0.0,2.4800417,2.4077778,2,-1,0,0.1215386,0
11,37,1,1,0,166.34903,101.189606,32.463806,0.02911535,-0.017030058,0.0038078537,29.682333,27.211111,2,15,1,0.9994048,1
11,17,0,0,0,0.0,0.0,0.0,0.0,0.0,0.0,2.657215,2.7455556,2,-1,0,0.1882578,0
11,15,0,0,0,0.0,0.0,0.0,0.0,0.0,0.0,2.0697916,2.063611,2,-1,0,0.13795327,0
11,11,1,0,0,177.2013,285.01404,89.643654,-0.018647525,-2.5193396e-05,0.00940571,2.8777225,2.8277779,2,-1,0,0.4382762,0
11,27,0,0,0,0.0,0.0,0.0,0.0,0.0,0.0,2.379278,2.5125,2,-1,0,0.06359679,0
11,27,0,0,0,0.0,0.0,0.0,0.0,0.0,0.0,2.1884305,2.182778,2,-1,0,0.09708363,0
11,37,1,0,0,166.34903,101.189606,32.463806,0.02911535,-0.017030058,0.0038078537,2.0896528,2.1377778,2,-1,0,0.07424031,0
11,11,1,1,0,177.2013,285.01404,89.643654,-0.018647525,-2.5193396e-05,0.00940571,18.653841,18.440834,2,16,1,0.99534166,1
11,19,0,0,0,0.0,0.0,0.0,0.0,0.0,0.0,2.6167917,2.596111,2,-1,0,0.27864406,0
11,5,1,1,0,-177.23875,-484.92474,182.82976,-0.015109302,-0.017966997,0.014877575,29.397305,29.350555,2,17,1,0.99669975,1
11,39,0,0,0,0.0,0.0,0.0,0.0,0.0,0.0,2.1273265,2.2044444,2,-1,0,0.09810751,0
11,37,1,0,0,166.34903,101.189606,32.463806,0.02911535,-0.017030058,0.0038078537,2.9684515,3.0525,2,-1,0,0.3541842,0
11,24,0,0,0,0.0,0.0,0.0,0.0,0.0,0.0,2.0600207,2.1066666,2,-1,0,0.062523976,0
11,31,1,1,0,194.97908,362.5977,139.36098,-0.02666211,0.0028370803,-0.002365319,27.26054,27.209444,2,18,1,0.9851671,1
11,15,0,0,0,0.0,0.0,0.0,0.0,0.0,0.0,2.5785346,2.5947223,2,-1,0,0.11507477,0
11,21,0,0,0,0.0,0.0,0.0,0.0,0.0,0.0,2.0683818,-1.0,2,-1,0,0.10242096,0
11,21,0,0,0,0.0,0.0,0.0,0.0,0.0,0.0,16.636513,-1.0,2,-1,0,0.9922801,1
11,21,0,0,0,0.0,0.0,0.0,0.0,0.0,0.0,3.6873333,-1.0,2,-1,0,0.95066327,1
11,39,0,0,0,0.0,0.0,0.0,0.0,0.0,0.0,2.9309793,2.8652778,2,-1,0,0.42975685,0
11,16,0,0,0,0.0,0.0,0.0,0.0,0.0,0.0,2.1994164,2.1408334,2,-1,0,0.08988491,0
11,27,1,0,0,258.81696,450.53134,282.51605,-0.021108855,0.01963378,-0.0013418614,6.4153614,6.2816668,2,-1,0,0.9908731,1
11,34,0,0,0,0.0,0.0,0.0,0.0,0.0,0.0,2.6629305,2.6366668,2,-1,0,0.22435427,0
11,36,0,0,0,0.0,0.0,0.0,0.0,0.0,0.0,2.3751109,2.2658334,2,-1,0,0.08446821,0
11,24,1,1,0,226.85947,-208.0817,352.69006,0.01780455,0.01698307,0.0094714565,20.01625,20.104166,2,19,1,0.9965947,1
11,24,1,0,0,226.85947,-208.0817,352.69006,0.01780455,0.01698307,0.0094714565,4.6877494,4.7494445,2,-1,0,0.9566253,1
11,40,0,0,0,0.0,0.0,0.0,0.0,0.0,0.0,2.1181805,2.091389,2,-1,0,0.1448182,0
11,15,0,0,0,0.0,0.0,0.0,0.0,0.0,0.0,2.7194374,2.6991668,2,-1,0,0.2163027,0
11,34,0,0,0,0.0,0.0,0.0,0.0,0.0,0.0,2.1932778,2.2097223,2,-1,0,0.16448288,0
11,4,0,0,0,0.0,0.0,0.0,0.0,0.0,0.0,2.0223749,2.0605555,2,-1,0,0.044113416,0
11,2,1,1,0,-244.99075,-367.86707,271.8768,-0.018554348,0.0055164834,-0.020575918,14.488257,14.531944,2,20,1,0.9948992,1
11,34,0,0,0,0.0,0.0,0.0,0.0,0.0,0.0,2.6676667,2.6597223,2,-1,0,0.2227747,0
11,40,0,0,0,0.0,0.0,0.0,0.0,0.0,0.0,2.4935555,2.4319444,2,-1,0,0.13772395,0
11,2,1,0,0,-244.99075,-367.86707,271.8768,-0.018554348,0.0055164834,-0.020575918,7.432104,7.5625,2,-1,0,0.99578273,1
11,16,1,0,0,-253.6642,-436.72513,261.50986,0.0054508294,-0.0073965825,0.014408537,2.184007,2.2725,2,-1,0,0.10815542,0
11,16,1,0,0,-253.6642,-436.72513,261.50986,0.0054508294,-0.0073965825,0.014408537,4.9759026,4.041111,2,-1,0,0.9615382,1
11,16,1,0,0,-253.6642,-436.72513,261.50986,0.0054508294,-0.0073965825,0.014408537,5.471555,4.5136113,2,-1,0,0.94593495,1
11,16,1,1,0,-253.6642,-436.72513,261.50986,0.0054508294,-0.0073965825,0.014408537,7.269944,7.378611,2,21,1,0.9968292,1
11,10,0,0,0,0.0,0.0,0.0,0.0,0.0,0.0,1.9647917,2.0597222,2,-1,0,0.107189976,0
11,34,0,0,0,0.0,0.0,0.0,0.0,0.0,0.0,2.0020905,2.0641668,2,-1,0,0.09386475,0
11,2,1,0,0,-244.99075,-367.86707,271.8768,-0.018554348,0.0055164834,-0.020575918,2.4962223,2.4919446,2,-1,0,0.294635,0
11,24,0,0,0,0.0,0.0,0.0,0.0,0.0,0.0,2.526354,2.5425,2,-1,0,0.13291965,0
11,27,1,1,0,258.81696,450.53134,282.51605,-0.021108855,0.01963378,-0.0013418614,21.878645,21.774445,2,22,1,0.97033215,1
11,14,0,0,0,0.0,0.0,0.0,0.0,0.0,0.0,2.079375,2.108611,2,-1,0,0.07434109,0
11,11,0,0,0,0.0,0.0,0.0,0.0,0.0,0.0,2.5766044,2.5758333,2,-1,0,0.17722864,0
11,1,0,0,0,0.0,0.0,0.0,0.0,0.0,0.0,2.2415557,2.246389,2,-1,0,0.14526309,0
11,6,0,0,0,0.0,0.0,0.0,0.0,0.0,0.0,2.005014,2.0391667,2,-1,0,0.07042801,0
11,28,0,0,0,0.0,0.0,0.0,0.0,0.0,0.0,21.996958,-1.0,2,-1,0,0.998393,1
11,10,0,0,0,0.0,0.0,0.0,0.0,0.0,0.0,2.2035418,2.298889,2,-1,0,0.09949294,0
11,20,0,0,0,0.0,0.0,0.0,0.0,0.0,0.0,2.793,2.8902779,2,-1,0,0.12886882,0
11,28,0,0,0,0.0,0.0,0.0,0.0,0.0,0.0,5.8003473,-1.0,2,-1,0,0.98511446,1
11,24,0,0,0,0.0,0.0,0.0,0.0,0.0,0.0,2.175,2.1780555,2,-1,0,0.10046956,0
11,32,0,0,0,0.0,0.0,0.0,0.0,0.0,0.0,2.7800832,2.7794445,2,-1,0,0.03565287,0
11,23,0,0,0,0.0,0.0,0.0,0.0,0.0,0.0,2.1209998,2.1844444,2,-1,0,0.12360209,0
11,6,0,0,0,0.0,0.0,0.0,0.0,0.0,0.0,2.701729,2.6147223,2,-1,0,0.18633139,0
11,22,1,0,0,298.77667,20.25814,220.61555,-0.021688022,0.026874853,-1.4773595e-05,4.1040626,4.067222,2,-1,0,0.97706497,1
11,33,0,0,0,0.0,0.0,0.0,0.0,0.0,0.0,2.000375,2.0216668,2,-1,0,0.083869815,0
11,2,0,0,0,0.0,0.0,0.0,0.0,0.0,0.0,2.1478264,2.091389,2,-1,0,0.13522817,0
11,20,1,1,0,-292.26215,-400.09402,76.723694,-0.016008452,-0.007626686,0.008428633,18.470076,18.17389,2,23,1,0.9402451,1
11,22,1,1,0,298.77667,20.25814,220.61555,-0.021688022,0.026874853,-1.4773595e-05,25.73412,25.864445,2,24,1,0.9985347,1
11,12,0,0,0,0.0,0.0,0.0,0.0,0.0,0.0,2.5269444,2.5527778,2,-1,0,0.20719652,0
11,3,1,1,0,295.28943,-491.5737,324.5608,0.018001031,-0.030602261,-0.014182485,37.800297,37.965557,2,25,1,0.99340457,1
11,9,0,0,0,0.0,0.0,0.0,0.0,0.0,0.0,2.0045278,2.0075,2,-1,0,0.080405094,0
11,38,1,1,0,300.2136,61.765205,177.50446,-0.01159261,-0.0042504147,0.0072153183,14.594839,14.475,2,26,1,0.9737647,1
11,13,0,0,0,0.0,0.0,0.0,0.0,0.0,0.0,2.1090624,2.065,2,-1,0,0.13000536,0
11,14,0,0,0,0.0,0.0,0.0,0.0,0.0,0.0,2.3073335,2.2691667,2,-1,0,0.105332345,0
11,14,0,0,0,0.0,0.0,0.0,0.0,0.0,0.0,2.0910554,2.0283334,2,-1,0,0.13777745,0
11,15,1,1,0,302.8168,-23.666576,389.8378,0.0040146504,0.014893671,-0.001943923,16.247002,16.130833,2,27,1,0.9931114,1
11,1,1,0,0,-314.32605,480.289,109.29047,0.008650841,0.0011371284,-0.023208834,4.7921944,4.7683334,2,-1,0,0.9721165,1
11,15,1,0,0,302.8168,-23.666576,389.8378,0.0040146504,0.014893671,-0.001943923,2.757493,2.7797222,2,-1,0,0.1559965,0
11,17,0,0,0,0.0,0.0,0.0,0.0,0.0,0.0,2.0416806,2.0030556,2,-1,0,0.042337652,0
11,9,0,0,0,0.0,0.0,0.0,0.0,0.0,0.0,2.333125,2.3630555,2,-1,0,0.097841784,0
11,18,1,0,0,325.86047,581.8661,165.84785,-0.024178196,-0.055409804,0.04594927,2.940389,2.9033334,2,-1,0,0.87076086,1
11,18,1,0,0,325.86047,581.8661,165.84785,-0.024178196,-0.055409804,0.04594927,16.645159,16.721666,2,-1,0,0.99900913,1
11,1,1,1,0,-314.32605,480.289,109.29047,0.008650841,0.0011371284,-0.023208834,12.543188,12.424167,2,28,1,0.9740511,1
11,1,1,0,0,-314.32605,480.289,109.29047,0.008650841,0.0011371284,-0.023208834,3.559972,3.498889,2,-1,0,0.9453084,1
11,14,0,0,0,0.0,0.0,0.0,0.0,0.0,0.0,2.4287705,2.4894445,2,-1,0,0.13393836,0
11,23,1,1,0,317.21353,227.15894,313.31436,0.01903025,0.00076931645,0.0055990475,15.9828205,15.471666,2,29,1,0.9911124,1
11,18,1,1,0,325.86047,581.8661,165.84785,-0.024178196,-0.055409804,0.04594927,45.039715,45.390278,2,30,1,0.97197807,1
11,21,0,0,0,0.0,0.0,0.0,0.0,0.0,0.0,2.120986,2.118611,2,-1,0,0.09133611,0
11,3,0,0,0,0.0,0.0,0.0,0.0,0.0,0.0,2.1225555,2.1794446,2,-1,0,0.17726277,0
11,36,0,0,0,0.0,0.0,0.0,0.0,0.0,0.0,2.6829584,2.7316666,2,-1,0,0.20285498,0
11,24,0,0,0,0.0,0.0,0.0,0.0,0.0,0.0,2.7297707,2.738889,2,-1,0,0.4630674,0
11,14,0,0,0,0.0,0.0,0.0,0.0,0.0,0.0,2.2663403,2.2183332,2,-1,0,0.11480781,0
11,14,1,0,0,332.89386,590.65533,123.318855,0.036520667,-0.005400775,0.001000043,2.1150973,2.0758333,2,-1,0,0.08011072,0
11,25,0,0,0,0.0,0.0,0.0,0.0,0.0,0.0,1.9924514,2.0563889,2,-1,0,0.060687177,0
11,21,0,0,0,0.0,0.0,0.0,0.0,0.0,0.0,2.621736,2.305,2,-1,0,0.121350236,0
11,14,1,1,0,332.89386,590.65533,123.318855,0.036520667,-0.005400775,0.001000043,25.218624,17.190834,2,31,1,0.98276246,1
11,25,0,0,0,0.0,0.0,0.0,0.0,0.0,0.0,2.2048957,2.2469444,2,-1,0,0.07312625,0
11,16,0,0,0,0.0,0.0,0.0,0.0,0.0,0.0,2.9654095,2.915,2,-1,0,0.27753654,0
11,26,0,0,0,0.0,0.0,0.0,0.0,0.0,0.0,2.2266042,2.228889,2,-1,0,0.08520181,0
11,27,0,0,0,0.0,0.0,0.0,0.0,0.0,0.0,2.3693056,2.2680554,2,-1,0,0.15067145,0
11,14,0,0,0,0.0,0.0,0.0,0.0,0.0,0.0,2.19634,2.1022222,2,-1,0,0.10768176,0
11,28,0,0,0,0.0,0.0,0.0,0.0,0.0,0.0,2.483361,2.4097223,2,-1,0,0.11809118,0
11,40,1,1,0,342.55368,279.5909,6.4920697,0.012012621,0.0026122255,0.024229348,14.728958,14.632778,2,32,1,0.99616027,1
11,33,0,0,0,0.0,0.0,0.0,0.0,0.0,0.0,2.109243,2.1197221,2,-1,0,0.13313112,0
11,40,1,0,0,342.55368,279.5909,6.4920697,0.012012621,0.0026122255,0.024229348,2.415889,2.4119444,2,-1,0,0.09466215,0
11,22,0,0,0,0.0,0.0,0.0,0.0,0.0,0.0,2.0593195,2.1852777,2,-1,0,0.07626587,0
11,10,0,0,0,0.0,0.0,0.0,0.0,0.0,0.0,2.4779236,2.5708334,2,-1,0,0.20942606,0
11,29,1,1,0,-361.31226,-20.38754,332.2176,0.02555654,0.0027041992,-0.0038066779,23.540995,20.861666,2,33,1,0.9908173,1
11,40,1,0,0,342.55368,279.5909,6.4920697,0.012012621,0.0026122255,0.024229348,5.551604,5.586389,2,-1,0,0.9569229,1
11,32,1,1,0,355.6209,-295.33533,406.2331,0.006213958,-0.0060578934,0.006711647,9.698007,9.597222,2,34,1,0.9900731,1
11,15,0,0,0,0.0,0.0,0.0,0.0,0.0,0.0,2.2270973,2.1633334,2,-1,0,0.17782924,0
11,14,1,0,0,332.89386,590.65533,123.318855,0.036520667,-0.005400775,0.001000043,2.423743,2.4466667,2,-1,0,0.10741188,0
11,38,0,0,0,0.0,0.0,0.0,0.0,0.0,0.0,2.0812986,2.1377778,2,-1,0,0.13113673,0
11,14,1,0,0,332.89386,590.65533,123.318855,0.036520667,-0.005400775,0.001000043,5.9954166,5.8216667,2,-1,0,0.9871021,1
11,39,0,0,0,0.0,0.0,0.0,0.0,0.0,0.0,2.4564931,2.39,2,-1,0,0.14932477,0
11,38,0,0,0,0.0,0.0,0.0,0.0,0.0,0.0,2.1133265,2.128611,2,-1,0,0.087178454,0
11,3,0,0,0,0.0,0.0,0.0,0.0,0.0,0.0,2.6288333,2.4858334,2,-1,0,0.11328092,0
11,38,0,0,0,0.0,0.0,0.0,0.0,0.0,0.0,2.0169723,2.0425,2,-1,0,0.076896876,0
11,1,0,0,0,0.0,0.0,0.0,0.0,0.0,0.0,2.0405974,2.0605555,2,-1,0,0.06546687,0
11,15,0,0,0,0.0,0.0,0.0,0.0,0.0,0.0,2.1815555,2.1791666,2,-1,0,0.08488456,0
11,7,0,0,0,0.0,0.0,0.0,0.0,0.0,0.0,2.2105138,2.1505556,2,-1,0,0.07337294,0
11,21,0,0,0,0.0,0.0,0.0,0.0,0.0,0.0,2.591104,2.648611,2,-1,0,0.06935288,0
11,12,0,0,0,0.0,0.0,0.0,0.0,0.0,0.0,2.539354,2.541111,2,-1,0,0.13601372,0
11,24,0,0,0,0.0,0.0,0.0,0.0,0.0,0.0,2.53925,2.5405555,2,-1,0,0.24491067,0
11,15,0,0,0,0.0,0.0,0.0,0.0,0.0,0.0,3.0114722,2.9469445,2,-1,0,0.6929221,1
11,31,0,0,0,0.0,0.0,0.0,0.0,0.0,0.0,2.7276804,1.6186111,2,-1,0,0.02793497,0
11,8,0,0,0,0.0,0.0,0.0,0.0,0.0,0.0,2.13675,2.1816666,2,-1,0,0.10592674,0
11,11,0,0,0,0.0,0.0,0.0,0.0,0.0,0.0,2.5216043,2.4480555,2,-1,0,0.07271711,0
11,12,0,0,0,0.0,0.0,0.0,0.0,0.0,0.0,2.3123682,2.379722,2,-1,0,0.16105655,0
11,30,0,0,0,0.0,0.0,0.0,0.0,0.0,0.0,2.296132,2.2716668,2,-1,0,0.052606665,0
11,15,0,0,0,0.0,0.0,0.0,0.0,0.0,0.0,2.6590278,2.7780557,2,-1,0,0.05577998,0
11,16,0,0,0,0.0,0.0,0.0,0.0,0.0,0.0,2.3189375,2.3680556,2,-1,0,0.091273226,0
11,31,0,0,0,0.0,0.0,0.0,0.0,0.0,0.0,2.2088404,2.1655555,2,-1,0,0.038118735,0
11,23,0,0,0,0.0,0.0,0.0,0.0,0.0,0.0,2.2435625,2.2122223,2,-1,0,0.06398625,0
11,12,0,0,0,0.0,0.0,0.0,0.0,0.0,0.0,2.0947638,2.0666666,2,-1,0,0.114109285,0
11,14,0,0,0,0.0,0.0,0.0,0.0,0.0,0.0,2.2458334,2.1419444,2,-1,0,0.046541117,0
11,5,0,0,0,0.0,0.0,0.0,0.0,0.0,0.0,2.2606459,2.2058334,2,-1,0,0.10601802,0
12,17,1,1,0,7.0543313,-506.5332,391.86206,-0.007491734,0.0032809002,-0.017127713,17.098131,16.853056,2,0,1,0.9980956,1
12,6,0,0,0,0.0,0.0,0.0,0.0,0.0,0.0,2.4805834,2.4680555,2,-1,0,0.41251943,0
12,1,0,0,0,0.0,0.0,0.0,0.0,0.0,0.0,2.0419028,2.0397222,2,-1,0,0.12105897,0
12,35,0,0,0,0.0,0.0,0.0,0.0,0.0,0.0,2.1957638,2.2158334,2,-1,0,0.1041773,0
12,26,1,0,0,-16.83731,-442.88382,365.49478,0.02757456,0.001719215,0.017754618,8.757576,8.796111,2,-1,0,0.9951303,1
12,25,1,1,0,-11.481636,352.79733,363.2798,0.023114458,0.0020860606,-0.008083903,28.084227,25.952223,2,1,1,0.99989045,1
12,3,0,0,0,0.0,0.0,0.0,0.0,0.0,0.0,2.202139,2.1458333,2,-1,0,0.09816013,0
12,26,1,1,0,-16.83731,-442.88382,365.49478,0.02757456,0.001719215,0.017754618,19.032736,18.867777,2,2,1,0.9919538,1
12,32,0,0,0,0.0,0.0,0.0,0.0,0.0,0.0,2.026139,2.006389,2,-1,0,0.10689614,0
12,31,0,0,0,0.0,0.0,0.0,0.0,0.0,0.0,2.0990555,2.1011112,2,-1,0,0.14916116,0
12,1,0,0,0,-29.646269,-563.3855,71.96292,0.041542605,0.02349385,-0.004966661,3.463979,3.2358334,2,-1,0,0.8034837,1
12,33,1,1,0,12.767716,-367.75165,40.639122,-0.0036455258,0.026308388,-0.02480371,33.350777,32.90361,2,3,1,0.97423106,1
12,33,1,0,0,12.767716,-367.75165,40.639122,-0.0036455258,0.026308388,-0.02480371,3.8055,3.9177778,2,-1,0,0.9605806,1
12,33,1,0,0,12.767716,-367.75165,40.639122,-0.0036455258,0.026308388,-0.02480371,5.1567645,4.9147224,2,-1,0,0.97872263,1
12,26,1,0,0,-16.83731,-442.88382,365.49478,0.02757456,0.001719215,0.017754618,6.305632,6.255,2,-1,0,0.9842584,1
12,15,0,0,0,0.0,0.0,0.0,0.0,0.0,0.0,2.074479,2.0627778,2,-1,0,0.07452584,0
12,33,0,0,0,12.767716,-367.75165,40.639122,-0.0036455258,0.026308388,-0.02480371,3.2986112,3.2097223,2,-1,0,0.107341625,0
12,1,1,1,0,-29.646269,-563.3855,71.96292,0.041542605,0.02349385,-0.004966661,41.062588,41.435833,2,4,1,0.9999999,1
12,20,0,0,0,0.0,0.0,0.0,0.0,0.0,0.0,2.740764,2.8111112,2,-1,0,0.40738335,0
12,30,1,1,0,24.949055,-199.52043,26.09236,0.009480753,0.022832118,-0.012510184,34.106182,34.511944,2,5,1,0.9999765,1
12,12,1,1,0,26.666733,83.03041,369.92883,-0.0032554464,-0.0017893773,0.023813713,29.982405,29.789444,2,6,1,0.9990528,1
12,1,1,0,0,-29.646269,-563.3855,71.96292,0.041542605,0.02349385,-0.004966661,12.492917,12.425,2,-1,0,0.9611863,1
12,5,0,0,0,0.0,0.0,0.0,0.0,0.0,0.0,3.1243613,3.0125,2,-1,0,0.43973535,0
12,28,0,0,0,0.0,0.0,0.0,0.0,0.0,0.0,2.0746596,2.0197222,2,-1,0,0.11513534,0
12,25,1,0,0,-11.481636,352.79733,363.2798,0.023114458,0.0020860606,-0.008083903,3.8938751,3.9583333,2,-1,0,0.9406976,1
12,36,0,0,0,0.0,0.0,0.0,0.0,0.0,0.0,2.5964725,2.6205556,2,-1,0,0.059527908,0
12,35,1,1,0,-42.48422,-404.66196,73.93486,0.011642837,-0.016907467,-0.00328756,26.482334,25.857222,2,7,1,0.9974847,1
12,18,1,1,0,-42.634357,-587.24146,230.64288,0.007441343,-0.0062111267,-0.017455768,16.317959,16.626944,2,8,1,0.99949384,1
12,35,0,0,0,0.0,0.0,0.0,0.0,0.0,0.0,2.062521,2.0566666,2,-1,0,0.07829735,0
12,18,1,0,0,-42.634357,-587.24146,230.64288,0.007441343,-0.0062111267,-0.017455768,5.789625,5.8416667,2,-1,0,0.98135066,1
12,26,1,0,0,-16.83731,-442.88382,365.49478,0.02757456,0.001719215,0.017754618,2.9972084,2.9113889,2,-1,0,0.6057994,1
12,24,0,0,0,0.0,0.0,0.0,0.0,0.0,0.0,2.0109723,2.0130556,2,-1,0,0.04350454,0
12,6,1,1,0,-47.397808,365.71182,241.8377,-0.0028373,-0.010992163,0.024561131,19.08989,19.012777,2,9,1,0.9887705,1
12,36,1,1,0,-51.287872,-251.34198,334.58536,0.020574212,-0.0013837437,0.0023337884,21.759682,21.834444,2,10,1,0.9993943,1
12,6,1,0,0,-47.397808,365.71182,241.8377,-0.0028373,-0.010992163,0.024561131,9.825764,8.760555,2,-1,0,0.9935163,1
12,4,1,0,0,-53.38837,-200.58444,272.73276,-0.002779472,-0.0013590062,-0.009359777,4.9430904,5.0008335,2,-1,0,0.9710217,1
12,4,1,1,0,-53.38837,-200.58444,272.73276,-0.002779472,-0.0013590062,-0.009359777,6.0537987,6.0713887,2,11,1,0.9983889,1
12,29,0,0,0,0.0,0.0,0.0,0.0,0.0,0.0,3.419125,3.3408334,2,-1,0,0.8756261,1
12,33,0,0,0,0.0,0.0,0.0,0.0,0.0,0.0,2.1274166,2.1272223,2,-1,0,0.09130568,0
12,11,0,0,0,0.0,0.0,0.0,0.0,0.0,0.0,2.723243,2.7144444,2,-1,0,0.06364033,0
12,26,0,0,0,0.0,0.0,0.0,0.0,0.0,0.0,2.0437918,2.0666666,2,-1,0,0.091891766,0
12,13,1,1,0,67.79844,-561.83295,349.10205,-0.0020572417,-0.017808009,0.00788549,21.075756,21.244722,2,12,1,0.99398875,1
12,17,0,0,0,0.0,0.0,0.0,0.0,0.0,0.0,2.1305275,2.07,2,-1,0,0.0675538,0
12,37,1,0,0,-88.37444,-267.35828,131.05208,0.027758282,-0.0016562672,0.0051268907,9.784265,9.835834,2,-1,0,0.9867725,1
12,22,0,0,0,0.0,0.0,0.0,0.0,0.0,0.0,2.3047223,2.2819445,2,-1,0,0.11636214,0
12,37,1,1,0,-88.37444,-267.35828,131.05208,0.027758282,-0.0016562672,0.0051268907,11.589833,11.531667,2,13,1,0.98366565,1
12,11,1,1,0,-84.338905,-147.14198,408.16406,-0.001832685,0.00069627684,-0.011592666,12.943514,10.057777,2,14,1,0.9953892,1
12,15,0,0,0,0.0,0.0,0.0,0.0,0.0,0.0,2.098264,2.1641667,2,-1,0,0.09513108,0
12,37,1,0,0,-88.37444,-267.35828,131.05208,0.027758282,-0.0016562672,0.0051268907,9.544236,9.656111,2,-1,0,0.95084023,1
12,3,1,0,0,151.81241,24.089222,304.85403,-0.020157307,-0.008436718,0.021216953,8.929396,8.939167,2,-1,0,0.97548974,1
12,37,1,0,0,-88.37444,-267.35828,131.05208,0.027758282,-0.0016562672,0.0051268907,4.596979,4.6730556,2,-1,0,0.3344317,0
12,1,0,0,0,0.0,0.0,0.0,0.0,0.0,0.0,2.9756806,2.913889,2,-1,0,0.23878895,0
12,27,1,1,0,98.93407,94.09996,171.36153,0.012221979,0.015322785,-0.015378872,26.002848,26.011944,2,15,1,0.9991918,1
12,26,0,0,0,0.0,0.0,0.0,0.0,0.0,0.0,2.1062083,2.065,2,-1,0,0.044425014,0
12,2,0,0,0,0.0,0.0,0.0,0.0,0.0,0.0,2.2952502,2.3497221,2,-1,0,0.10719055,0
12,16,1,1,0,108.76654,587.20575,202.45433,-0.011590801,0.00078967196,0.00891398,13.275014,13.4625,2,16,1,0.9999914,1
12,11,0,0,0,0.0,0.0,0.0,0.0,0.0,0.0,2.1510003,2.1275,2,-1,0,0.13131814,0
12,11,1,0,0,-84.338905,-147.14198,408.16406,-0.001832685,0.00069627684,-0.011592666,2.879493,2.948611,2,-1,0,0.03123649,0
12,32,1,0,0,104.97241,-185.48416,315.48666,0.021601144,0.003336946,-0.00019831545,3.6379862,3.696389,2,-1,0,0.9572611,1
12,32,1,1,0,104.97241,-185.48416,315.48666,0.021601144,0.003336946,-0.00019831545,24.009375,22.19,2,17,1,0.9825316,1
12,19,0,0,0,0.0,0.0,0.0,0.0,0.0,0.0,2.2130556,2.2483332,2,-1,0,0.020659931,0
12,7,0,0,0,0.0,0.0,0.0,0.0,0.0,0.0,2.2358265,2.1736112,2,-1,0,0.0680537,0
12,19,1,0,0,118.843445,482.07462,330.4995,0.002708391,-0.020621253,-0.020614753,6.24159,6.3308334,2,-1,0,0.9830421,1
12,22,1,0,0,-112.30754,-563.8008,15.036131,0.006012805,-0.0018902093,0.003468452,2.0418751,2.0383334,2,-1,0,0.06889871,0
12,22,1,1,0,-112.30754,-563.8008,15.036131,0.006012805,-0.0018902093,0.003468452,8.474647,8.388889,2,18,1,0.9886746,1
12,5,0,0,0,0.0,0.0,0.0,0.0,0.0,0.0,2.6544168,2.6294444,2,-1,0,0.19503549,0
12,19,1,1,0,118.843445,482.07462,330.4995,0.002708391,-0.020621253,-0.020614753,11.930256,11.893333,2,19,1,0.99288297,1
12,19,1,0,0,118.843445,482.07462,330.4995,0.002708391,-0.020621253,-0.020614753,10.56325,10.358334,2,-1,0,0.99756587,1
12,19,1,0,0,118.843445,482.07462,330.4995,0.002708391,-0.020621253,-0.020614753,5.149528,5.113611,2,-1,0,0.97441846,1
12,21,0,0,0,0.0,0.0,0.0,0.0,0.0,0.0,2.121222,2.12,2,-1,0,0.061603438,0
12,33,0,0,0,0.0,0.0,0.0,0.0,0.0,0.0,2.542632,2.6227777,2,-1,0,0.16390897,0
12,3,1,1,0,151.81241,24.089222,304.85403,-0.020157307,-0.008436718,0.021216953,11.448271,11.348056,2,20,1,0.99834716,1
12,4,0,0,0,0.0,0.0,0.0,0.0,0.0,0.0,2.196625,2.1908333,2,-1,0,0.0923657,0
12,16,0,0,0,0.0,0.0,0.0,0.0,0.0,0.0,2.3825624,2.3291667,2,-1,0,0.10031871,0
12,35,0,0,0,0.0,0.0,0.0,0.0,0.0,0.0,2.3676388,2.396389,2,-1,0,0.11358792,0
12,29,1,1,0,-148.56358,209.38313,57.281025,0.009478351,-0.00036821965,0.015789831,21.418554,19.711666,2,21,1,0.9838335,1
12,34,1,0,0,168.87498,482.31882,345.8309,-0.001017332,-0.003897527,0.0059763924,2.6769235,2.6769445,2,-1,0,0.035778303,0
12,3,1,0,0,151.81241,24.089222,304.85403,-0.020157307,-0.008436718,0.021216953,9.99616,9.979722,2,-1,0,0.945084,1
12,3,1,0,0,151.81241,24.089222,304.85403,-0.020157307,-0.008436718,0.021216953,2.197146,2.155,2,-1,0,0.054148205,0
12,27,0,0,0,0.0,0.0,0.0,0.0,0.0,0.0,2.2528403,2.3277779,2,-1,0,0.097144455,0
12,11,0,0,0,0.0,0.0,0.0,0.0,0.0,0.0,2.251229,2.2541666,2,-1,0,0.087177776,0
12,13,0,0,0,0.0,0.0,0.0,0.0,0.0,0.0,2.4661458,2.4916666,2,-1,0,0.13103175,0
12,29,0,0,0,0.0,0.0,0.0,0.0,0.0,0.0,2.2059028,2.2622223,2,-1,0,0.08251121,0
12,9,0,0,0,0.0,0.0,0.0,0.0,0.0,0.0,2.010847,2.0091667,2,-1,0,0.067290135,0
12,33,0,0,0,0.0,0.0,0.0,0.0,0.0,0.0,2.0123403,2.0186112,2,-1,0,0.10373865,0
12,27,0,0,0,0.0,0.0,0.0,0.0,0.0,0.0,2.6788888,2.7238889,2,-1,0,0.20310998,0
12,34,1,1,0,168.87498,482.31882,345.8309,-0.001017332,-0.003897527,0.0059763924,7.581834,7.726111,2,22,1,0.99599767,1
12,9,0,0,0,0.0,0.0,0.0,0.0,0.0,0.0,2.7814584,2.7766666,2,-1,0,0.16493939,0
12,40,0,0,0,0.0,0.0,0.0,0.0,0.0,0.0,2.3573124,2.3625,2,-1,0,0.13365999,0
12,9,0,0,0,0.0,0.0,0.0,0.0,0.0,0.0,2.467986,2.3675,2,-1,0,0.06926999,0
12,11,0,0,0,0.0,0.0,0.0,0.0,0.0,0.0,2.1263819,2.1455555,2,-1,0,0.095961496,0
12,1,0,0,0,0.0,0.0,0.0,0.0,0.0,0.0,2.0427706,2.1088889,2,-1,0,0.08464516,0
12,11,0,0,0,0.0,0.0,0.0,0.0,0.0,0.0,2.4236734,2.4727778,2,-1,0,0.14506471,0
12,16,0,0,0,0.0,0.0,0.0,0.0,0.0,0.0,2.077361,2.0252779,2,-1,0,0.07183447,0
12,6,0,0,0,0.0,0.0,0.0,0.0,0.0,0.0,2.2652364,2.2630556,2,-1,0,0.08722926,0
12,26,0,0,0,0.0,0.0,0.0,0.0,0.0,0.0,2.1635902,2.1258333,2,-1,0,0.06440713,0
12,14,1,1,0,-200.90837,321.0938,276.99826,0.013595865,-0.013180206,0.009279575,22.238646,22.59111,2,23,1,0.9932874,1
12,7,0,0,0,0.0,0.0,0.0,0.0,0.0,0.0,2.1161668,2.1527777,2,-1,0,0.08934977,0
12,7,1,1,0,-201.96013,18.376907,258.67355,0.0065252315,0.00042505388,0.026411751,15.374222,15.3961115,2,-1,1,0.9847217,1
12,7,1,0,0,-201.96013,18.376907,258.67355,0.0065252315,0.00042505388,0.026411751,4.1908545,4.323889,2,-1,0,0.96091276,1
12,7,1,0,0,-201.96013,18.376907,258.67355,0.0065252315,0.00042505388,0.026411751,5.279465,5.227778,2,-1,0,0.9773996,1
12,2,1,1,0,-201.86234,-511.59814,444.61777,-0.0007584972,-0.0017465487,-0.0007083444,4.7773266,4.974167,2,24,1,0.9615328,1
12,15,0,0,0,0.0,0.0,0.0,0.0,0.0,0.0,2.02425,2.02,2,-1,0,0.12887396,0
12,16,0,0,0,0.0,0.0,0.0,0.0,0.0,0.0,2.5974863,2.7380555,2,-1,0,0.1684156,0
12,5,1,0,0,215.58353,-81.30823,83.20296,-0.00322882,0.0015962262,-0.01689859,2.8941805,2.8733332,2,-1,0,0.5230866,1
12,6,0,0,0,0.0,0.0,0.0,0.0,0.0,0.0,2.207,2.2058334,2,-1,0,0.18069184,0
12,5,1,1,0,215.58353,-81.30823,83.20296,-0.00322882,0.0015962262,-0.01689859,12.390076,12.438611,2,25,1,0.9838208,1
12,5,1,0,0,215.58353,-81.30823,83.20296,-0.00322882,0.0015962262,-0.01689859,3.652965,3.6322222,2,-1,0,0.9791637,1
12,40,1,1,0,215.87926,-445.3538,2.1308548,0.007515542,-0.00014301586,-0.009676211,5.712694,5.6441665,2,26,1,0.95273036,1
12,7,1,0,0,-201.96013,18.376907,258.67355,0.0065252315,0.00042505388,0.026411751,5.2516947,5.123611,2,-1,0,0.9788423,1
12,16,0,0,0,0.0,0.0,0.0,0.0,0.0,0.0,2.1899583,2.1077778,2,-1,0,0.10542112,0
12,39,1,1,0,-223.62247,-550.06635,408.7724,-0.007566309,0.0013212779,-0.0018483627,8.040978,8.0633335,2,27,1,0.99161094,1
12,30,0,0,0,0.0,0.0,0.0,0.0,0.0,0.0,1.9422499,2.0,2,-1,0,0.07009268,0
12,28,1,0,0,234.54655,-315.86612,387.07825,0.0024244746,0.020858802,0.0015371445,3.0900972,3.0397222,2,-1,0,0.8361797,1
12,26,0,0,0,0.0,0.0,0.0,0.0,0.0,0.0,2.7784376,2.7330556,2,-1,0,0.13513438,0
12,38,0,0,0,0.0,0.0,0.0,0.0,0.0,0.0,2.0709028,2.016389,2,-1,0,0.079129376,0
12,28,1,1,0,234.54655,-315.86612,387.07825,0.0024244746,0.020858802,0.0015371445,15.723208,15.421945,2,28,1,0.9897138,1
12,40,1,0,0,215.87926,-445.3538,2.1308548,0.007515542,-0.00014301586,-0.009676211,4.1549582,4.2733335,2,-1,0,0.96820396,1
12,8,1,1,0,-236.01703,341.15857,316.90576,-0.01272816,-0.018416867,0.009517044,19.661467,19.483334,2,29,1,0.98843247,1
12,17,0,0,0,0.0,0.0,0.0,0.0,0.0,0.0,2.6876318,2.754722,2,-1,0,0.13189347,0
12,26,0,0,0,0.0,0.0,0.0,0.0,0.0,0.0,1.9554583,2.0038888,2,-1,0,0.13384745,0
12,34,0,0,0,0.0,0.0,0.0,0.0,0.0,0.0,2.2095766,2.2708333,2,-1,0,0.07468574,0
12,12,0,0,0,0.0,0.0,0.0,0.0,0.0,0.0,2.0334237,2.0975,2,-1,0,0.11751671,0
12,26,0,0,0,0.0,0.0,0.0,0.0,0.0,0.0,2.142375,2.1733334,2,-1,0,0.1252938,0
12,24,1,0,0,-301.7087,418.2732,381.87988,0.029604096,0.0020209206,0.00018177874,4.237278,4.1655555,2,-1,0,0.93372315,1
12,1,0,0,0,0.0,0.0,0.0,0.0,0.0,0.0,2.1433887,2.1111112,2,-1,0,0.10621358,0
12,10,0,0,0,0.0,0.0,0.0,0.0,0.0,0.0,2.6644168,2.6630557,2,-1,0,0.20044503,0
12,13,0,0,0,0.0,0.0,0.0,0.0,0.0,0.0,2.2850695,2.3152778,2,-1,0,0.106527895,0
12,25,0,0,0,0.0,0.0,0.0,0.0,0.0,0.0,2.0402083,2.0841668,2,-1,0,0.10507923,0
12,29,0,0,0,0.0,0.0,0.0,0.0,0.0,0.0,2.406875,2.4019444,2,-1,0,0.060454335,0
12,8,1,0,0,-236.01703,341.15857,316.90576,-0.01272816,-0.018416867,0.009517044,3.231896,3.268889,2,-1,0,0.901668,1
12,11,0,0,0,0.0,0.0,0.0,0.0,0.0,0.0,2.2095556,2.208611,2,-1,0,0.096428365,0
12,18,0,0,0,0.0,0.0,0.0,0.0,0.0,0.0,2.3539307,2.3030555,2,-1,0,0.11885446,0
12,10,1,1,0,-273.31757,-502.62085,357.1569,0.0010436666,0.0037530218,-0.007946726,8.445666,8.518333,2,30,1,0.9876496,1
12,7,0,0,0,0.0,0.0,0.0,0.0,0.0,0.0,2.2511806,2.3055556,2,-1,0,0.112048015,0
12,23,1,1,0,288.78387,322.4016,82.69679,-0.0074370275,-0.012373035,-0.012083164,10.488389,10.473056,2,31,1,0.98476124,1
12,38,1,0,0,-289.1199,438.4686,347.5295,0.006623099,0.0069206217,-0.007924386,2.3589375,2.3855555,2,-1,0,0.123420455,0
12,13,0,0,0,0.0,0.0,0.0,0.0,0.0,0.0,2.489236,2.4352777,2,-1,0,0.16372621,0
12,5,0,0,0,0.0,0.0,0.0,0.0,0.0,0.0,2.5396807,2.5544446,2,-1,0,0.07841613,0
12,27,0,0,0,0.0,0.0,0.0,0.0,0.0,0.0,2.7030208,2.625,2,-1,0,0.14478102,0
12,3,0,0,0,0.0,0.0,0.0,0.0,0.0,0.0,2.7699723,2.7644444,2,-1,0,0.18268088,0
12,38,1,1,0,-289.1199,438.4686,347.5295,0.006623099,0.0069206217,-0.007924386,7.553708,6.9297223,2,32,1,0.99996567,1
12,24,1,0,0,-301.7087,418.2732,381.87988,0.029604096,0.0020209206,0.00018177874,9.628173,9.505555,2,-1,0,0.9356086,1
12,23,1,0,0,288.78387,322.4016,82.69679,-0.0074370275,-0.012373035,-0.012083164,2.8023124,2.8763888,2,-1,0,0.6814342,1
12,38,1,0,0,-289.1199,438.4686,347.5295,0.006623099,0.0069206217,-0.007924386,2.377375,1.5308334,2,-1,0,0.06263579,0
12,12,0,0,0,0.0,0.0,0.0,0.0,0.0,0.0,2.5053332,2.5055556,2,-1,0,0.13484463,0
12,16,0,0,0,0.0,0.0,0.0,0.0,0.0,0.0,2.3475208,2.345,2,-1,0,0.009944796,0
12,24,1,1,0,-301.7087,418.2732,381.87988,0.029604096,0.0020209206,0.00018177874,14.032096,13.936389,2,33,1,0.9997881,1
12,25,0,0,0,0.0,0.0,0.0,0.0,0.0,0.0,2.0729167,2.076111,2,-1,0,0.0811695,0
12,31,0,0,0,0.0,0.0,0.0,0.0,0.0,0.0,5.1320834,-1.0,2,-1,0,0.96272266,1
12,10,0,0,0,0.0,0.0,0.0,0.0,0.0,0.0,2.2482224,2.271111,2,-1,0,0.099804945,0
12,2,0,0,0,0.0,0.0,0.0,0.0,0.0,0.0,2.3825,2.3083334,2,-1,0,0.08737491,0
12,38,0,0,0,0.0,0.0,0.0,0.0,0.0,0.0,2.3129375,2.25,2,-1,0,0.13195536,0
12,15,1,1,0,310.58762,-513.5898,33.40675,-0.011018816,-0.0049962625,0.0051210164,10.695826,10.725555,2,34,1,0.9651771,1
12,21,0,0,0,0.0,0.0,0.0,0.0,0.0,0.0,2.6279304,2.6275,2,-1,0,0.108152755,0
12,9,0,0,0,0.0,0.0,0.0,0.0,0.0,0.0,2.2609444,2.3672223,2,-1,0,0.10851742,0
12,29,0,0,0,0.0,0.0,0.0,0.0,0.0,0.0,1.9813333,2.0094445,2,-1,0,0.11065485,0
12,10,0,0,0,0.0,0.0,0.0,0.0,0.0,0.0,2.476868,2.5491667,2,-1,0,0.11316508,0
12,21,1,1,0,-319.41385,-410.41412,174.32797,-0.0035353538,-0.006614428,0.0032229996,7.953,7.977778,2,35,1,0.98498386,1
12,9,1,0,0,328.94284,-20.107878,93.85179,-0.007190055,0.006642292,-0.02333565,2.660972,2.5983334,2,-1,0,0.23410316,0
12,21,1,0,0,-319.41385,-410.41412,174.32797,-0.0035353538,-0.006614428,0.0032229996,2.6037776,2.6058333,2,-1,0,0.23289147,0
12,1,0,0,0,0.0,0.0,0.0,0.0,0.0,0.0,2.695861,2.6344445,2,-1,0,0.22041209,0
12,1,0,0,0,0.0,0.0,0.0,0.0,0.0,0.0,2.5419168,2.5941668,2,-1,0,0.14993715,0
12,9,1,0,0,328.94284,-20.107878,93.85179,-0.007190055,0.006642292,-0.02333565,2.447361,2.4447222,2,-1,0,0.12111627,0
12,9,1,1,0,328.94284,-20.107878,93.85179,-0.007190055,0.006642292,-0.02333565,10.149972,10.220278,2,36,1,0.97001237,1
12,20,0,0,0,0.0,0.0,0.0,0.0,0.0,0.0,2.0910137,2.0886111,2,-1,0,0.119329475,0
12,9,1,0,0,328.94284,-20.107878,93.85179,-0.007190055,0.006642292,-0.02333565,8.739056,8.951944,2,-1,0,0.9986355,1
12,20,1,0,0,-346.9807,188.0865,371.81348,-0.016181154,-0.0039023045,-0.018764744,2.3665278,2.4102778,2,-1,0,0.12203952,0
12,20,1,1,0,-346.9807,188.0865,371.81348,-0.016181154,-0.0039023045,-0.018764744,13.599604,7.863611,2,37,1,0.98749614,1
12,20,1,0,0,-346.9807,188.0865,371.81348,-0.016181154,-0.0039023045,-0.018764744,8.853986,8.785833,2,-1,0,0.9741523,1
12,29,0,0,0,0.0,0.0,0.0,0.0,0.0,0.0,2.2654512,2.2372222,2,-1,0,0.07747513,0
12,15,0,0,0,0.0,0.0,0.0,0.0,0.0,0.0,2.605861,2.7583334,2,-1,0,0.0059458558,0
12,28,0,0,0,0.0,0.0,0.0,0.0,0.0,0.0,2.256875,2.3144445,2,-1,0,0.10631457,0
12,23,0,0,0,0.0,0.0,0.0,0.0,0.0,0.0,2.553986,2.4433334,2,-1,0,0.1677837,0
12,32,0,0,0,0.0,0.0,0.0,0.0,0.0,0.0,2.3527155,2.3219445,2,-1,0,0.12659356,0
12,27,0,0,0,0.0,0.0,0.0,0.0,0.0,0.0,2.2554443,2.2994444,2,-1,0,0.1209886,0
12,39,0,0,0,0.0,0.0,0.0,0.0,0.0,0.0,2.8369582,2.7527778,2,-1,0,0.08689178,0
12,17,0,0,0,0.0,0.0,0.0,0.0,0.0,0.0,2.303799,2.2372222,2,-1,0,0.104970075,0
12,25,0,0,0,0.0,0.0,0.0,0.0,0.0,0.0,2.2096806,2.2644444,2,-1,0,0.08020247,0
12,21,0,0,0,0.0,0.0,0.0,0.0,0.0,0.0,2.1907082,2.2230556,2,-1,0,0.106277734,0
12,14,0,0,0,0.0,0.0,0.0,0.0,0.0,0.0,2.3494444,2.3605556,2,-1,0,0.10166463,0
12,24,0,0,0,0.0,0.0,0.0,0.0,0.0,0.0,2.4738889,2.4027777,2,-1,0,0.08761826,0
12,21,0,0,0,0.0,0.0,0.0,0.0,0.0,0.0,2.015354,2.0530555,2,-1,0,0.046691984,0
12,10,0,0,0,0.0,0.0,0.0,0.0,0.0,0.0,2.0353749,2.0366666,2,-1,0,0.123052426,0
12,27,0,0,0,0.0,0.0,0.0,0.0,0.0,0.0,2.5895834,2.5916667,2,-1,0,0.18372305,0
12,7,0,0,0,0.0,0.0,0.0,0.0,0.0,0.0,2.2310627,2.2775,2,-1,0,0.10041377,0
12,5,0,0,0,0.0,0.0,0.0,0.0,0.0,0.0,2.2263749,2.1716666,2,-1,0,0.124177806,0
12,37,0,0,0,0.0,0.0,0.0,0.0,0.0,0.0,2.0491805,2.0291667,2,-1,0,0.112509675,0
12,33,0,0,0,0.0,0.0,0.0,0.0,0.0,0.0,2.1880488,1.9127778,2,-1,0,0.067015044,0
12,37,0,0,0,0.0,0.0,0.0,0.0,0.0,0.0,2.3285625,2.285,2,-1,0,0.11720945,0
12,1,0,0,0,0.0,0.0,0.0,0.0,0.0,0.0,2.0652778,2.0547223,2,-1,0,0.062226374,0
12,13,0,0,0,0.0,0.0,0.0,0.0,0.0,0.0,2.6922917,2.7213888,2,-1,0,0.3180591,0
12,5,0,0,0,0.0,0.0,0.0,0.0,0.0,0.0,2.446403,2.4316666,2,-1,0,0.32266897,0
12,25,0,0,0,0.0,0.0,0.0,0.0,0.0,0.0,2.6806667,2.7016666,2,-1,0,0.29474914,0
13,22,1,1,0,-3.956984,363.90262,164.37251,0.026158951,0.04715965,-0.0249152,2.9940624,3.0077777,2,0,1,0.90856946,1
13,19,0,0,0,0.0,0.0,0.0,0.0,0.0,0.0,2.0034444,2.018889,2,-1,0,0.103015155,0
13,10,0,0,0,0.0,0.0,0.0,0.0,0.0,0.0,1.9545833,2.0638888,2,-1,0,0.049088795,0
13,6,0,0,0,0.0,0.0,0.0,0.0,0.0,0.0,2.2206945,2.2191668,2,-1,0,0.13607761,0
13,21,0,0,0,0.0,0.0,0.0,0.0,0.0,0.0,2.3584166,2.3588889,2,-1,0,0.028828127,0
13,39,1,1,0,-32.874256,344.64478,78.06851,0.021141695,0.0014714197,0.00062485185,23.221485,23.645277,2,1,1,0.99986374,1
13,11,1,0,0,41.071934,-558.4223,56.274376,-0.019722702,-0.02427471,0.014018155,2.4888124,2.4733334,2,-1,0,0.11521117,0
13,6,0,0,0,0.0,0.0,0.0,0.0,0.0,0.0,2.2450278,2.1358333,2,-1,0,0.0606753,0
13,30,0,0,0,0.0,0.0,0.0,0.0,0.0,0.0,1.9944097,2.0452778,2,-1,0,0.100578755,0
13,31,0,0,0,0.0,0.0,0.0,0.0,0.0,0.0,2.4398959,2.4391668,2,-1,0,0.1272213,0
13,39,0,0,0,0.0,0.0,0.0,0.0,0.0,0.0,2.253729,2.246389,2,-1,0,0.15871805,0
13,14,1,1,0,-30.601421,423.36502,191.70856,-0.0014136276,0.013397515,-0.006759875,17.648687,12.755834,2,2,1,0.99297744,1
13,13,1,0,0,-38.515003,-56.355896,246.52675,0.010630227,0.010860441,0.023441281,2.337208,2.391389,2,-1,0,0.12599374,0
13,13,1,1,0,-38.515003,-56.355896,246.52675,0.010630227,0.010860441,0.023441281,26.925102,26.740833,2,3,1,0.99931586,1
13,9,0,0,0,0.0,0.0,0.0,0.0,0.0,0.0,2.1111457,2.0663888,2,-1,0,0.116919324,0
13,39,0,0,0,0.0,0.0,0.0,0.0,0.0,0.0,2.0527916,2.0130556,2,-1,0,0.088838294,0
13,11,1,1,0,41.071934,-558.4223,56.274376,-0.019722702,-0.02427471,0.014018155,34.76085,34.740276,2,4,1,0.99102026,1
13,1,0,0,0,0.0,0.0,0.0,0.0,0.0,0.0,2.5830693,2.5805554,2,-1,0,0.06061992,0
13,4,1,1,0,-44.483543,290.4329,241.66574,0.0043037403,0.0023073694,-0.016346512,17.160896,15.129444,2,5,1,0.9878522,1
13,19,1,0,0,61.186882,505.9782,192.85081,-0.0012376606,0.019947434,-0.016008345,5.343257,5.470556,2,-1,0,0.97835207,1
13,35,0,0,0,0.0,0.0,0.0,0.0,0.0,0.0,2.1975625,2.133889,2,-1,0,0.1630777,0
13,37,0,0,0,0.0,0.0,0.0,0.0,0.0,0.0,1.9591249,2.071389,2,-1,0,0.06966968,0
13,19,1,1,0,61.186882,505.9782,192.85081,-0.0012376606,0.019947434,-0.016008345,25.393276,6.9266667,2,6,1,0.99919194,1
13,31,0,0,0,0.0,0.0,0.0,0.0,0.0,0.0,2.3941112,2.4205556,2,-1,0,0.09939242,0
13,34,1,1,0,70.10414,-101.6265,113.383736,-0.016981209,0.0096235415,-0.003315072,22.052042,22.086666,2,7,1,0.9987538,1
13,30,1,0,0,67.82229,-592.2017,448.50067,-0.0016987871,0.024647666,0.01838199,8.559548,8.486111,2,-1,0,0.98265034,1
13,30,1,1,0,67.82229,-592.2017,448.50067,-0.0016987871,0.024647666,0.01838199,26.200367,26.040277,2,8,1,0.99321073,1
13,8,1,0,0,-94.22223,-217.92447,432.94614,-0.0010289499,0.010549612,-0.039435506,3.799986,3.6580555,2,-1,0,0.9136722,1
13,40,1,1,0,75.42164,366.79544,184.05905,-0.016120931,-0.008598992,0.010391283,25.542652,21.419445,2,9,1,0.9993962,1
13,35,0,0,0,0.0,0.0,0.0,0.0,0.0,0.0,2.6039724,2.6602778,2,-1,0,0.14732394,0
13,21,0,0,0,0.0,0.0,0.0,0.0,0.0,0.0,2.6837082,2.7030556,2,-1,0,0.22671287,0
13,2,1,1,0,-81.91996,289.71228,402.31754,0.007703461,-0.007190813,-0.004915663,12.395423,12.466666,2,10,1,0.9927119,1
13,37,0,0,0,0.0,0.0,0.0,0.0,0.0,0.0,2.8926666,2.8522222,2,-1,0,0.1657551,0
13,3,0,0,0,0.0,0.0,0.0,0.0,0.0,0.0,2.2690554,2.2761111,2,-1,0,0.20572278,0
13,27,0,0,0,0.0,0.0,0.0,0.0,0.0,0.0,2.1329446,2.1008334,2,-1,0,0.1559651,0
13,31,0,0,0,0.0,0.0,0.0,0.0,0.0,0.0,2.0308332,2.0227778,2,-1,0,0.09108936,0
13,8,1,0,0,-94.22223,-217.92447,432.94614,-0.0010289499,0.010549612,-0.039435506,11.927923,12.004167,2,-1,0,0.9878269,1
13,8,1,0,0,-94.22223,-217.92447,432.94614,-0.0010289499,0.010549612,-0.039435506,10.8786745,10.795555,2,-1,0,0.99597794,1
13,8,1,0,0,-94.22223,-217.92447,432.94614,-0.0010289499,0.010549612,-0.039435506,3.134396,3.0486112,2,-1,0,0.9030892,1
13,38,0,0,0,0.0,0.0,0.0,0.0,0.0,0.0,9.951646,-1.0,2,-1,0,0.98967475,1
13,8,1,0,0,-94.22223,-217.92447,432.94614,-0.0010289499,0.010549612,-0.039435506,3.9179308,3.905,2,-1,0,0.9277805,1
13,38,0,0,0,0.0,0.0,0.0,0.0,0.0,0.0,5.828062,0.30944446,2,-1,0,0.99377865,1
13,8,1,1,0,-94.22223,-217.92447,432.94614,-0.0010289499,0.010549612,-0.039435506,12.4609375,12.369722,2,11,1,0.9916796,1
13,8,1,0,0,-94.22223,-217.92447,432.94614,-0.0010289499,0.010549612,-0.039435506,3.5511181,3.458611,2,-1,0,0.4087422,0
13,21,0,0,0,0.0,0.0,0.0,0.0,0.0,0.0,2.1945558,2.2044444,2,-1,0,0.08552677,0
13,13,0,0,0,0.0,0.0,0.0,0.0,0.0,0.0,2.267375,2.2480555,2,-1,0,0.4248773,0
13,1,0,0,0,0.0,0.0,0.0,0.0,0.0,0.0,2.1508472,2.1497223,2,-1,0,0.093691185,0
13,6,0,0,0,0.0,0.0,0.0,0.0,0.0,0.0,2.1650486,2.156111,2,-1,0,0.12613073,0
13,20,0,0,0,0.0,0.0,0.0,0.0,0.0,0.0,2.1039584,2.1025,2,-1,0,0.0951789,0
13,21,1,1,0,-122.25126,195.58061,256.85562,0.00898911,0.0021917138,0.010417699,16.092417,16.225834,2,12,1,0.9820066,1
13,2,0,0,0,0.0,0.0,0.0,0.0,0.0,0.0,2.016507,2.0363889,2,-1,0,0.09507863,0
13,29,1,1,0,122.40864,-402.4505,73.129265,-0.006701282,-0.00033352335,0.017722605,19.048706,19.123056,2,13,1,0.97387075,1
13,23,1,1,0,-99.22425,-365.0894,0.075583845,0.018360315,-0.006035435,-0.006410807,2.5017984,2.4297223,2,14,1,0.11507568,0
13,35,0,0,0,0.0,0.0,0.0,0.0,0.0,0.0,1.946132,2.0033333,2,-1,0,0.07872019,0
13,8,0,0,0,0.0,0.0,0.0,0.0,0.0,0.0,2.34325,2.3655555,2,-1,0,0.10629652,0
13,7,0,0,0,0.0,0.0,0.0,0.0,0.0,0.0,2.0927918,2.0722222,2,-1,0,0.09392609,0
13,10,0,0,0,0.0,0.0,0.0,0.0,0.0,0.0,2.3023818,2.181111,2,-1,0,0.10463701,0
13,27,0,0,0,0.0,0.0,0.0,0.0,0.0,0.0,2.8998263,2.8252778,2,-1,0,0.34223768,0
13,29,0,0,0,0.0,0.0,0.0,0.0,0.0,0.0,2.1725903,2.1905556,2,-1,0,0.089045286,0
13,24,0,0,0,0.0,0.0,0.0,0.0,0.0,0.0,2.2245207,2.2516668,2,-1,0,0.10520638,0
13,31,0,0,0,0.0,0.0,0.0,0.0,0.0,0.0,2.2114303,2.2158334,2,-1,0,0.097821206,0
13,3,1,1,0,136.01265,-73.94366,183.15776,0.0068562813,-0.0053425613,-0.0012982963,4.245625,4.2325,2,15,1,0.9769255,1
13,21,0,0,0,0.0,0.0,0.0,0.0,0.0,0.0,2.1179166,2.1755555,2,-1,0,0.05944509,0
13,32,0,0,0,0.0,0.0,0.0,0.0,0.0,0.0,2.3932498,2.3922222,2,-1,0,0.12028163,0
13,3,0,0,0,0.0,0.0,0.0,0.0,0.0,0.0,2.1532083,2.1547222,2,-1,0,0.090793595,0
13,2,0,0,0,0.0,0.0,0.0,0.0,0.0,0.0,2.0630972,2.103611,2,-1,0,0.06605758,0
13,20,1,1,0,-156.47794,367.1957,247.9498,0.002673988,0.006103052,0.0069882446,9.534972,9.455277,2,16,1,0.988576,1
13,24,1,0,0,159.62698,-404.45493,279.8239,9.817407e-05,-0.010557863,-0.0023996264,3.5804026,3.65,2,-1,0,0.8616301,1
13,24,1,1,0,159.62698,-404.45493,279.8239,9.817407e-05,-0.010557863,-0.0023996264,8.67491,8.622778,2,17,1,0.966378,1
13,14,0,0,0,0.0,0.0,0.0,0.0,0.0,0.0,2.2382221,2.2572222,2,-1,0,0.14141148,0
13,13,0,0,0,0.0,0.0,0.0,0.0,0.0,0.0,2.6402364,2.6158333,2,-1,0,0.10611252,0
13,19,0,0,0,0.0,0.0,0.0,0.0,0.0,0.0,2.5113957,2.5744445,2,-1,0,0.19815655,0
13,8,0,0,0,0.0,0.0,0.0,0.0,0.0,0.0,2.0591388,2.066111,2,-1,0,0.055277847,0
13,25,0,0,0,0.0,0.0,0.0,0.0,0.0,0.0,2.276389,2.3383334,2,-1,0,0.06289886,0
13,31,1,1,0,173.00052,441.96692,251.2394,0.0038023107,8.3056555e-05,-0.011906225,9.386507,7.0841665,2,18,1,0.97103643,1
13,31,1,0,0,173.00052,441.96692,251.2394,0.0038023107,8.3056555e-05,-0.011906225,4.542847,4.5938888,2,-1,0,0.9761327,1
13,18,0,0,0,0.0,0.0,0.0,0.0,0.0,0.0,2.1466944,2.1891668,2,-1,0,0.070137665,0
13,22,0,0,0,0.0,0.0,0.0,0.0,0.0,0.0,2.701111,2.6011112,2,-1,0,0.23768115,0
13,5,0,0,0,0.0,0.0,0.0,0.0,0.0,0.0,2.6715071,2.6233332,2,-1,0,0.13982613,0
13,32,0,0,0,0.0,0.0,0.0,0.0,0.0,0.0,2.132875,2.1227777,2,-1,0,0.085549355,0
13,17,0,0,0,0.0,0.0,0.0,0.0,0.0,0.0,2.2236805,2.2602777,2,-1,0,0.12520671,0
13,37,1,1,0,-182.71262,565.21826,122.12101,0.005862928,0.004125276,-0.0029533135,9.016938,8.916111,2,19,1,0.9867692,1
13,21,0,0,0,0.0,0.0,0.0,0.0,0.0,0.0,2.2033334,2.2091668,2,-1,0,0.08570689,0
13,15,1,1,0,-187.75096,301.73254,423.75653,-0.0029354303,-0.004268351,-0.013182197,14.593646,12.802222,2,20,1,0.99349266,1
13,3,0,0,0,0.0,0.0,0.0,0.0,0.0,0.0,2.0217917,2.0241666,2,-1,0,0.10137867,0
13,28,1,0,0,254.57083,245.84494,273.7381,-0.035315286,-0.015884552,0.016709339,11.884492,11.843056,2,-1,0,0.9873346,1
13,37,0,0,0,0.0,0.0,0.0,0.0,0.0,0.0,2.188361,2.1402779,2,-1,0,0.11172075,0
13,5,1,1,0,-202.2415,556.6179,142.99438,-0.011314685,-0.012567522,-0.014289399,21.727964,19.293612,2,21,1,0.945112,1
13,7,1,0,0,-222.95952,217.94463,374.89935,0.0029213722,-0.016683962,0.014696048,4.2144027,4.111111,2,-1,0,0.980172,1
13,25,1,0,0,214.75868,543.4046,253.09883,0.0074756457,-0.008624671,0.013478515,2.237639,2.1905556,2,-1,0,0.136292,0
13,9,0,0,0,0.0,0.0,0.0,0.0,0.0,0.0,2.2979236,2.3080556,2,-1,0,0.060282756,0
13,25,1,1,0,214.75868,543.4046,253.09883,0.0074756457,-0.008624671,0.013478515,18.073153,16.860277,2,22,1,0.9992613,1
13,5,0,0,0,0.0,0.0,0.0,0.0,0.0,0.0,2.4926527,2.4541667,2,-1,0,0.12483916,0
13,38,0,0,0,0.0,0.0,0.0,0.0,0.0,0.0,2.3405902,2.3983333,2,-1,0,0.16759926,0
13,21,0,0,0,0.0,0.0,0.0,0.0,0.0,0.0,2.430722,2.4433334,2,-1,0,0.13935599,0
13,18,0,0,0,0.0,0.0,0.0,0.0,0.0,0.0,2.2099583,2.1402779,2,-1,0,0.13813213,0
13,36,0,0,0,0.0,0.0,0.0,0.0,0.0,0.0,2.128882,2.1755555,2,-1,0,0.15839794,0
13,38,0,0,0,0.0,0.0,0.0,0.0,0.0,0.0,2.6416042,2.6155555,2,-1,0,0.2805503,0
13,7,1,0,0,-222.95952,217.94463,374.89935,0.0029213722,-0.016683962,0.014696048,9.596528,9.631111,2,-1,0,0.983266,1
13,7,1,1,0,-222.95952,217.94463,374.89935,0.0029213722,-0.016683962,0.014696048,14.381027,14.391945,2,23,1,0.97488177,1
13,21,0,0,0,0.0,0.0,0.0,0.0,0.0,0.0,2.1274722,2.1677778,2,-1,0,0.106798396,0
13,2,0,0,0,0.0,0.0,0.0,0.0,0.0,0.0,2.017264,2.0769444,2,-1,0,0.105908774,0
13,33,1,0,0,237.37901,513.6637,301.24466,-0.013560051,-0.014481739,-0.009029684,2.239014,2.1919444,2,-1,0,0.12286991,0
13,33,1,1,0,237.37901,513.6637,301.24466,-0.013560051,-0.014481739,-0.009029684,17.027187,16.938334,2,24,1,0.93408173,1
13,15,0,0,0,0.0,0.0,0.0,0.0,0.0,0.0,2.6033125,2.5952778,2,-1,0,0.1782847,0
13,36,0,0,0,0.0,0.0,0.0,0.0,0.0,0.0,2.1427777,2.1697223,2,-1,0,0.0861756,0
13,25,0,0,0,0.0,0.0,0.0,0.0,0.0,0.0,2.1648264,2.2130556,2,-1,0,0.13250592,0
13,16,0,0,0,0.0,0.0,0.0,0.0,0.0,0.0,2.7067223,2.6688888,2,-1,0,0.12769403,0
13,4,0,0,0,0.0,0.0,0.0,0.0,0.0,0.0,2.8116944,2.8094444,2,-1,0,0.20211922,0
13,5,0,0,0,0.0,0.0,0.0,0.0,0.0,0.0,2.6459446,2.5875,2,-1,0,0.051579878,0
13,3,0,0,0,0.0,0.0,0.0,0.0,0.0,0.0,2.1176875,2.1136112,2,-1,0,0.10938887,0
13,27,0,0,0,0.0,0.0,0.0,0.0,0.0,0.0,2.4234166,2.3991666,2,-1,0,0.101920284,0
13,29,0,0,0,0.0,0.0,0.0,0.0,0.0,0.0,1.9718821,2.023611,2,-1,0,0.05658287,0
13,35,1,0,0,-299.40317,-187.94576,363.15808,0.011683151,-0.0011974918,0.0030488295,4.644806,4.5680556,2,-1,0,0.9777024,1
13,5,1,0,0,-202.2415,556.6179,142.99438,-0.011314685,-0.012567522,-0.014289399,2.4372778,2.4122221,2,-1,0,0.112411626,0
13,28,1,1,0,254.57083,245.84494,273.7381,-0.035315286,-0.015884552,0.016709339,16.18023,16.058056,2,25,1,0.9854569,1
13,28,1,0,0,254.57083,245.84494,273.7381,-0.035315286,-0.015884552,0.016709339,13.84941,13.815,2,-1,0,0.9972481,1
13,35,0,0,0,0.0,0.0,0.0,0.0,0.0,0.0,2.0154028,2.0958333,2,-1,0,0.091337614,0
13,20,0,0,0,0.0,0.0,0.0,0.0,0.0,0.0,2.4704237,2.4730556,2,-1,0,0.10512155,0
13,37,0,0,0,0.0,0.0,0.0,0.0,0.0,0.0,2.0770278,2.0141666,2,-1,0,0.10626954,0
13,7,0,0,0,0.0,0.0,0.0,0.0,0.0,0.0,2.0738332,2.068889,2,-1,0,0.046672672,0
13,9,1,0,0,-262.44186,-307.14883,422.68924,-0.0052408376,-0.01950198,0.002099992,5.8375764,3.935,2,-1,0,0.9907409,1
13,1,0,0,0,0.0,0.0,0.0,0.0,0.0,0.0,2.3257153,2.3569446,2,-1,0,0.2293808,0
13,22,0,0,0,0.0,0.0,0.0,0.0,0.0,0.0,2.5295415,2.6544445,2,-1,0,0.15979725,0
13,9,1,0,0,-262.44186,-307.14883,422.68924,-0.0052408376,-0.01950198,0.002099992,2.697257,2.8252778,2,-1,0,0.3248444,0
13,10,1,0,0,280.67883,538.9796,206.34306,-0.017197415,0.0037944694,-0.019524703,8.687167,8.6675,2,-1,0,0.97639364,1
13,9,1,1,0,-262.44186,-307.14883,422.68924,-0.0052408376,-0.01950198,0.002099992,11.756646,11.689167,2,26,1,0.9712078,1
13,10,1,1,0,280.67883,538.9796,206.34306,-0.017197415,0.0037944694,-0.019524703,11.001528,11.053333,2,27,1,0.98493963,1
13,13,0,0,0,0.0,0.0,0.0,0.0,0.0,0.0,1.959493,2.0627778,2,-1,0,0.057084125,0
13,10,1,0,0,280.67883,538.9796,206.34306,-0.017197415,0.0037944694,-0.019524703,6.6942086,6.74,2,-1,0,0.9866093,1
13,15,1,0,0,227.41096,606.5534,360.35635,-0.0029354303,-0.004268351,-0.013182197,2.7393332,2.7502778,2,-1,0,0.34567124,0
13,19,0,0,0,0.0,0.0,0.0,0.0,0.0,0.0,2.1754167,2.23,2,-1,0,0.101009615,0
13,30,0,0,0,0.0,0.0,0.0,0.0,0.0,0.0,2.2550833,2.255,2,-1,0,0.09333933,0
13,16,1,0,0,-282.98206,-529.9588,57.86929,-0.026727954,-0.00901414,0.0017291071,8.278577,8.153334,2,-1,0,0.95494086,1
13,16,1,0,0,-282.98206,-529.9588,57.86929,-0.026727954,-0.00901414,0.0017291071,3.6837847,3.754722,2,-1,0,0.9514451,1
13,16,1,0,0,-282.98206,-529.9588,57.86929,-0.026727954,-0.00901414,0.0017291071,4.179021,4.125,2,-1,0,0.9651483,1
13,26,0,0,0,0.0,0.0,0.0,0.0,0.0,0.0,2.2529166,2.2444444,2,-1,0,0.02833947,0
13,16,1,1,0,-282.98206,-529.9588,57.86929,-0.026727954,-0.00901414,0.0017291071,9.159896,9.176945,2,28,1,0.9882088,1
13,32,1,1,0,290.8658,111.859726,56.789753,0.0008111405,-0.009102535,-0.030341595,19.014418,19.124166,2,29,1,0.9611737,1
13,32,1,0,0,290.8658,111.859726,56.789753,0.0008111405,-0.009102535,-0.030341595,10.382071,10.393611,2,-1,0,0.9142352,1
13,12,0,0,0,0.0,0.0,0.0,0.0,0.0,0.0,2.0549583,2.1122222,2,-1,0,0.07007729,0
13,1,1,0,0,-268.6952,-330.65808,305.55637,-0.0017679486,0.025214946,0.023826364,2.5434723,2.5105555,2,-1,0,0.09880965,0
13,35,0,0,0,0.0,0.0,0.0,0.0,0.0,0.0,2.4804583,2.4175,2,-1,0,0.11340884,0
13,35,1,1,0,-299.40317,-187.94576,363.15808,0.011683151,-0.0011974918,0.0030488295,6.553444,6.547222,2,-1,1,0.9710578,1
13,27,1,1,0,-299.41766,-244.1798,75.35256,-0.0015395806,-0.00064634753,0.0046757874,4.491486,3.281111,2,30,1,0.96783465,1
13,30,0,0,0,0.0,0.0,0.0,0.0,0.0,0.0,2.1317015,2.1608334,2,-1,0,0.07731794,0
13,28,0,0,0,0.0,0.0,0.0,0.0,0.0,0.0,2.3750138,2.4727778,2,-1,0,0.12670945,0
13,12,1,1,0,302.07465,-384.75357,102.828896,0.012365574,-0.009915694,0.00022664103,8.366917,8.369722,2,31,1,0.98491067,1
13,7,0,0,0,0.0,0.0,0.0,0.0,0.0,0.0,2.172278,2.1269445,2,-1,0,0.13761641,0
13,12,1,0,0,302.07465,-384.75357,102.828896,0.012365574,-0.009915694,0.00022664103,6.137854,6.151111,2,-1,0,0.98570365,1
13,12,0,0,0,0.0,0.0,0.0,0.0,0.0,0.0,2.4402223,2.4247222,2,-1,0,0.13501692,0
13,17,0,0,0,0.0,0.0,0.0,0.0,0.0,0.0,2.195,2.2241666,2,-1,0,0.089016184,0
13,24,0,0,0,0.0,0.0,0.0,0.0,0.0,0.0,2.6430137,2.7119443,2,-1,0,0.09212881,0
13,35,1,0,0,-299.40317,-187.94576,363.15808,0.011683151,-0.0011974918,0.0030488295,2.8321667,2.775,2,-1,0,0.74928945,1
13,12,0,0,0,0.0,0.0,0.0,0.0,0.0,0.0,2.6414583,2.6933334,2,-1,0,0.13880144,0
13,12,1,0,0,302.07465,-384.75357,102.828896,0.012365574,-0.009915694,0.00022664103,5.2002363,5.308611,2,-1,0,0.97084796,1
13,7,0,0,0,0.0,0.0,0.0,0.0,0.0,0.0,2.204,2.2247221,2,-1,0,0.095231235,0
13,17,1,1,0,-312.40158,34.744934,290.394,-0.009485731,0.00714783,0.0023095333,10.916438,11.082222,2,32,1,0.98095554,1
13,17,1,0,0,-312.40158,34.744934,290.394,-0.009485731,0.00714783,0.0023095333,3.3744307,3.3644445,2,-1,0,0.91039807,1
13,32,0,0,0,0.0,0.0,0.0,0.0,0.0,0.0,2.3274167,2.2541666,2,-1,0,0.064848594,0
13,29,0,0,0,0.0,0.0,0.0,0.0,0.0,0.0,2.6111667,2.6794446,2,-1,0,0.103207454,0
13,26,1,0,0,320.0777,-423.1404,406.42404,-0.002187282,-0.022521833,-0.005554424,4.6112776,4.6380553,2,-1,0,0.9544332,1
13,10,0,0,0,0.0,0.0,0.0,0.0,0.0,0.0,2.7135556,2.6469445,2,-1,0,0.2168853,0
13,36,1,0,0,343.54443,-249.45464,278.77472,-0.00026306557,0.015059065,0.010174832,4.1118054,4.1738887,2,-1,0,0.9773253,1
13,26,1,1,0,320.0777,-423.1404,406.42404,-0.002187282,-0.022521833,-0.005554424,16.836327,16.87861,2,33,1,0.9840851,1
13,7,0,0,0,0.0,0.0,0.0,0.0,0.0,0.0,2.0670002,2.0930555,2,-1,0,0.11662066,0
13,36,1,0,0,343.54443,-249.45464,278.77472,-0.00026306557,0.015059065,0.010174832,6.602625,6.6566668,2,-1,0,0.9694471,1
13,36,0,0,0,0.0,0.0,0.0,0.0,0.0,0.0,2.3462846,2.3652778,2,-1,0,0.08272878,0
13,18,0,0,0,0.0,0.0,0.0,0.0,0.0,0.0,2.6374514,2.7208333,2,-1,0,0.12127615,0
13,1,1,0,0,-330.7587,-247.12611,300.59134,-0.0017679486,0.025214946,0.023826364,6.182555,6.042778,2,-1,0,0.9958301,1
13,18,1,0,0,-338.25867,261.03436,141.64917,0.01368993,-0.026236424,-0.00529268,10.996812,11.046667,2,-1,0,0.9932955,1
13,19,0,0,0,0.0,0.0,0.0,0.0,0.0,0.0,2.307278,2.373889,2,-1,0,0.111153945,0
13,1,1,1,0,-330.7587,-247.12611,300.59134,-0.0017679486,0.025214946,0.023826364,21.28523,19.475555,2,34,1,0.9928396,1
13,16,1,0,0,-282.98206,-529.9588,57.86929,-0.026727954,-0.00901414,0.0017291071,2.2922223,2.2938888,2,-1,0,0.07798766,0
13,1,1,0,0,-330.7587,-247.12611,300.59134,-0.0017679486,0.025214946,0.023826364,2.9534514,2.9738889,2,-1,0,0.8757019,1
13,32,0,0,0,0.0,0.0,0.0,0.0,0.0,0.0,2.4633195,2.4419444,2,-1,0,0.09065103,0
13,18,1,1,0,-338.25867,261.03436,141.64917,0.01368993,-0.026236424,-0.00529268,23.821325,23.9325,2,35,1,0.8314079,1
13,1,1,0,0,-330.7587,-247.12611,300.59134,-0.0017679486,0.025214946,0.023826364,3.1294098,3.1255555,2,-1,0,0.9283525,1
13,21,0,0,0,0.0,0.0,0.0,0.0,0.0,0.0,2.2564237,2.2655556,2,-1,0,0.089621365,0
13,35,0,0,0,0.0,0.0,0.0,0.0,0.0,0.0,2.7716944,2.7702777,2,-1,0,0.19671752,0
13,17,0,0,0,0.0,0.0,0.0,0.0,0.0,0.0,2.2672918,2.1066666,2,-1,0,0.09433207,0
13,36,1,1,0,343.54443,-249.45464,278.77472,-0.00026306557,0.015059065,0.010174832,10.510813,10.606112,2,36,1,0.98947805,1
13,35,0,0,0,0.0,0.0,0.0,0.0,0.0,0.0,2.879722,2.9152777,2,-1,0,0.35090944,0
13,14,0,0,0,0.0,0.0,0.0,0.0,0.0,0.0,2.465625,0.25138888,2,-1,0,0.16348718,0
13,17,0,0,0,0.0,0.0,0.0,0.0,0.0,0.0,2.054222,2.0863888,2,-1,0,0.09516014,0
13,4,0,0,0,0.0,0.0,0.0,0.0,0.0,0.0,2.6879444,2.7072222,2,-1,0,0.25160828,0
13,2,0,0,0,0.0,0.0,0.0,0.0,0.0,0.0,2.3742917,2.448611,2,-1,0,0.11274516,0
13,24,0,0,0,0.0,0.0,0.0,0.0,0.0,0.0,2.198396,2.19,2,-1,0,0.034674976,0
13,8,0,0,0,0.0,0.0,0.0,0.0,0.0,0.0,2.6006804,2.5522223,2,-1,0,0.11565338,0
13,2,0,0,0,0.0,0.0,0.0,0.0,0.0,0.0,2.1556458,2.1552777,2,-1,0,0.07895314,0
13,4,0,0,0,0.0,0.0,0.0,0.0,0.0,0.0,2.2485974,2.2652779,2,-1,0,0.088950336,0
13,14,0,0,0,0.0,0.0,0.0,0.0,0.0,0.0,2.0131946,2.0841668,2,-1,0,0.080940254,0
13,37,0,0,0,0.0,0.0,0.0,0.0,0.0,0.0,2.8281803,2.7413888,2,-1,0,0.085668676,0
13,22,0,0,0,0.0,0.0,0.0,0.0,0.0,0.0,2.5884929,2.495,2,-1,0,0.11569511,0
13,15,0,0,0,0.0,0.0,0.0,0.0,0.0,0.0,1.9678195,2.0041666,2,-1,0,0.098893836,0
13,40,0,0,0,0.0,0.0,0.0,0.0,0.0,0.0,2.0125277,2.0072222,2,-1,0,0.16308871,0
13,31,0,0,0,0.0,0.0,0.0,0.0,0.0,0.0,2.5768335,2.6494443,2,-1,0,0.07894062,0
13,4,0,0,0,0.0,0.0,0.0,0.0,0.0,0.0,2.2296805,2.2327778,2,-1,0,0.07342984,0
13,14,0,0,0,0.0,0.0,0.0,0.0,0.0,0.0,2.3357985,2.3391666,2,-1,0,0.07802372,0
13,32,0,0,0,0.0,0.0,0.0,0.0,0.0,0.0,1.9691666,2.0908334,2,-1,0,0.10761506,0
13,1,0,0,0,0.0,0.0,0.0,0.0,0.0,0.0,2.0863404,2.0844445,2,-1,0,0.14267874,0
13,24,0,0,0,0.0,0.0,0.0,0.0,0.0,0.0,2.1222916,2.1105556,2,-1,0,0.1440185,0
13,15,0,0,0,0.0,0.0,0.0,0.0,0.0,0.0,2.487118,2.5075,2,-1,0,0.19146353,0
13,26,0,0,0,0.0,0.0,0.0,0.0,0.0,0.0,2.092875,2.1733334,2,-1,0,0.11522109,0
13,22,0,0,0,0.0,0.0,0.0,0.0,0.0,0.0,2.6120415,2.543611,2,-1,0,0.15985595,0
13,10,0,0,0,0.0,0.0,0.0,0.0,0.0,0.0,2.247229,2.191111,2,-1,0,0.07606774,0
13,28,0,0,0,0.0,0.0,0.0,0.0,0.0,0.0,2.0024583,2.005,2,-1,0,0.08384814,0
13,6,0,0,0,0.0,0.0,0.0,0.0,0.0,0.0,2.2125278,2.2491667,2,-1,0,0.06538094,0
13,12,0,0,0,0.0,0.0,0.0,0.0,0.0,0.0,2.2506735,2.3002777,2,-1,0,0.071896695,0
13,35,0,0,0,0.0,0.0,0.0,0.0,0.0,0.0,2.278125,2.2775,2,-1,0,0.08983196,0
13,5,0,0,0,0.0,0.0,0.0,0.0,0.0,0.0,2.0394444,2.058889,2,-1,0,0.08882251,0
13,3,0,0,0,0.0,0.0,0.0,0.0,0.0,0.0,2.0215344,2.0205555,2,-1,0,0.093337096,0
13,22,0,0,0,0.0,0.0,0.0,0.0,0.0,0.0,2.4020834,2.383889,2,-1,0,0.10275425,0
13,33,0,0,0,0.0,0.0,0.0,0.0,0.0,0.0,2.141028,2.2494445,2,-1,0,0.10911208,0
13,36,0,0,0,0.0,0.0,0.0,0.0,0.0,0.0,2.072236,2.0258334,2,-1,0,0.09615222,0
13,34,0,0,0,0.0,0.0,0.0,0.0,0.0,0.0,2.0898263,2.076111,2,-1,0,0.06873942,0
14,15,0,0,0,0.0,0.0,0.0,0.0,0.0,0.0,2.1026042,2.133889,2,-1,0,0.09641814,0
14,13,0,0,0,0.0,0.0,0.0,0.0,0.0,0.0,2.5226874,2.505,2,-1,0,0.18125285,0
14,23,0,0,0,0.0,0.0,0.0,0.0,0.0,0.0,2.242,2.14,2,-1,0,0.099744946,0
14,34,1,1,0,14.813014,-485.35748,296.84012,-0.0026579236,-0.009192899,-0.000757298,12.48668,10.797778,2,0,1,0.9875458,1
14,30,0,0,0,0.0,0.0,0.0,0.0,0.0,0.0,2.272785,2.3230555,2,-1,0,0.06195503,0
14,35,0,0,0,0.0,0.0,0.0,0.0,0.0,0.0,2.325958,2.2119443,2,-1,0,0.105344385,0
14,8,0,0,0,0.0,0.0,0.0,0.0,0.0,0.0,2.1033819,2.1252778,2,-1,0,0.07379581,0
14,21,0,0,0,0.0,0.0,0.0,0.0,0.0,0.0,2.8624377,2.9077778,2,-1,0,0.30335453,0
14,24,0,0,0,0.0,0.0,0.0,0.0,0.0,0.0,2.4595833,2.4275,2,-1,0,0.078454964,0
14,2,1,1,0,33.32231,278.42105,98.21474,-0.022362279,0.010824372,-0.0059218444,16.853306,16.969723,2,1,1,0.9906997,1
14,25,1,1,0,-27.521887,252.71754,159.46289,-0.01185818,-0.0046101594,-0.00024734295,8.994792,6.8069444,2,2,1,0.9850935,1
14,2,1,0,0,33.32231,278.42105,98.21474,-0.022362279,0.010824372,-0.0059218444,13.430625,13.515555,2,-1,0,0.9972064,1
14,4,0,0,0,0.0,0.0,0.0,0.0,0.0,0.0,2.3755763,2.381389,2,-1,0,0.3599242,0
14,24,1,1,0,-35.15674,-30.33552,358.28653,0.005009021,-0.0058249896,-0.014913252,18.126478,18.256666,2,3,1,0.9598817,1
14,37,0,0,0,0.0,0.0,0.0,0.0,0.0,0.0,2.146889,2.2430556,2,-1,0,0.08153843,0
14,5,0,0,0,0.0,0.0,0.0,0.0,0.0,0.0,2.108528,2.113889,2,-1,0,0.11203222,0
14,17,0,0,0,0.0,0.0,0.0,0.0,0.0,0.0,2.798903,2.7722223,2,-1,0,0.25643775,0
14,38,1,1,0,39.311367,522.8665,80.00595,-0.019299073,0.010046556,-0.014428761,27.519007,27.327778,2,4,1,0.97006345,1
14,14,0,0,0,0.0,0.0,0.0,0.0,0.0,0.0,2.1838334,2.178611,2,-1,0,0.09600947,0
14,33,0,0,0,0.0,0.0,0.0,0.0,0.0,0.0,3.5657222,3.5533333,2,-1,0,0.89734393,1
14,15,0,0,0,0.0,0.0,0.0,0.0,0.0,0.0,2.1665,2.126111,2,-1,0,0.10589811,0
14,34,0,0,0,0.0,0.0,0.0,0.0,0.0,0.0,2.6192915,2.583611,2,-1,0,0.11337918,0
14,27,0,0,0,0.0,0.0,0.0,0.0,0.0,0.0,2.6512709,2.4280555,2,-1,0,0.22012897,0
14,18,0,0,0,0.0,0.0,0.0,0.0,0.0,0.0,2.2429166,2.2461112,2,-1,0,0.06602146,0
14,19,1,0,0,75.34263,395.1723,220.60405,0.02624221,-0.02651371,0.010188533,3.0436249,3.0469444,2,-1,0,0.23829837,0
14,26,0,0,0,0.0,0.0,0.0,0.0,0.0,0.0,2.0237708,2.0586112,2,-1,0,0.015303624,0
14,33,1,1,0,-53.719646,-146.47932,251.01079,0.0062471502,0.012910141,-0.003961427,8.068153,8.252778,2,5,1,0.9929249,1
14,15,0,0,0,0.0,0.0,0.0,0.0,0.0,0.0,2.5473611,2.6097221,2,-1,0,0.1402539,0
14,23,0,0,0,0.0,0.0,0.0,0.0,0.0,0.0,2.439132,2.3677778,2,-1,0,0.12080121,0
14,33,1,0,0,-53.719646,-146.47932,251.01079,0.0062471502,0.012910141,-0.003961427,4.732243,3.5669444,2,-1,0,0.9394149,1
14,40,0,0,0,0.0,0.0,0.0,0.0,0.0,0.0,2.385625,2.3866668,2,-1,0,0.047929395,0
14,23,0,0,0,0.0,0.0,0.0,0.0,0.0,0.0,2.706875,2.6691666,2,-1,0,0.19763407,0
14,2,1,0,0,33.32231,278.42105,98.21474,-0.022362279,0.010824372,-0.0059218444,2.667764,2.5930555,2,-1,0,0.22630054,0
14,23,0,0,0,0.0,0.0,0.0,0.0,0.0,0.0,1.9855,2.0425,2,-1,0,0.09138739,0
14,6,0,0,0,0.0,0.0,0.0,0.0,0.0,0.0,2.4321527,2.4525,2,-1,0,0.14392616,0
14,6,1,1,0,-70.88224,464.3932,346.3926,-0.019343758,-0.019213988,0.014951414,35.310154,33.175556,2,-1,1,0.8852191,1
14,37,1,1,0,-73.27905,-318.11346,36.633316,0.017855471,0.006453101,-0.009070034,17.535673,17.30139,2,6,1,0.99482924,1
14,26,1,1,0,76.353714,379.6025,36.982826,0.0018285831,0.026940165,-0.017633488,35.97953,36.064445,2,7,1,0.9927604,1
14,19,1,1,0,75.34263,395.1723,220.60405,0.02624221,-0.02651371,0.010188533,30.684763,30.620556,2,8,1,0.97674143,1
14,14,1,1,0,-76.75394,-293.95105,128.37675,-0.016257813,-0.017692529,0.015199831,30.503984,29.791111,2,9,1,0.9954496,1
14,1,0,0,0,0.0,0.0,0.0,0.0,0.0,0.0,2.7854025,2.7516668,2,-1,0,0.27848068,0
14,19,1,0,0,75.34263,395.1723,220.60405,0.02624221,-0.02651371,0.010188533,4.65559,4.7294445,2,-1,0,0.95657325,1
14,27,0,0,0,0.0,0.0,0.0,0.0,0.0,0.0,2.2350626,2.2225,2,-1,0,0.094789036,0
14,14,1,0,0,-76.75394,-293.95105,128.37675,-0.016257813,-0.017692529,0.015199831,2.2251875,2.3097222,2,-1,0,0.08603843,0
14,2,0,0,0,0.0,0.0,0.0,0.0,0.0,0.0,2.0101666,2.014722,2,-1,0,0.08545122,0
14,35,1,1,0,91.64943,580.6347,34.51715,0.020305298,-0.021005305,-0.00057547947,26.229513,26.286388,2,10,1,0.9724424,1
14,15,0,0,0,0.0,0.0,0.0,0.0,0.0,0.0,2.713993,2.6430554,2,-1,0,0.09538139,0
14,19,1,0,0,75.34263,395.1723,220.60405,0.02624221,-0.02651371,0.010188533,5.015903,5.0025,2,-1,0,0.9518901,1
14,36,0,0,0,0.0,0.0,0.0,0.0,0.0,0.0,2.3791666,2.391389,2,-1,0,0.07548101,0
14,35,1,0,0,91.64943,580.6347,34.51715,0.020305298,-0.021005305,-0.00057547947,4.4591737,4.595278,2,-1,0,0.97824824,1
14,4,0,0,0,0.0,0.0,0.0,0.0,0.0,0.0,2.2252293,2.261111,2,-1,0,0.07889958,0
14,9,0,0,0,0.0,0.0,0.0,0.0,0.0,0.0,2.1122916,2.0572221,2,-1,0,0.064138494,0
14,28,1,1,0,-109.49662,551.0935,255.00775,-0.018692542,0.0010150304,0.012328538,21.54333,21.696667,2,11,1,0.99630284,1
14,40,0,0,0,0.0,0.0,0.0,0.0,0.0,0.0,2.3160834,2.3841667,2,-1,0,0.12183516,0
14,2,0,0,0,0.0,0.0,0.0,0.0,0.0,0.0,2.6959445,2.8158333,2,-1,0,0.07946451,0
14,17,0,0,0,0.0,0.0,0.0,0.0,0.0,0.0,2.1444376,2.1683333,2,-1,0,0.10073737,0
14,22,0,0,0,0.0,0.0,0.0,0.0,0.0,0.0,2.690875,2.686389,2,-1,0,0.17334752,0
14,11,0,0,0,0.0,0.0,0.0,0.0,0.0,0.0,2.3627985,2.3241668,2,-1,0,0.17013064,0
14,22,1,1,0,-114.24714,166.29343,198.85155,-0.010279031,-0.021050774,0.0038278801,14.856167,14.703333,2,12,1,0.9905199,1
14,22,1,0,0,-114.24714,166.29343,198.85155,-0.010279031,-0.021050774,0.0038278801,8.198598,7.9463887,2,-1,0,0.98601043,1
14,39,0,0,0,0.0,0.0,0.0,0.0,0.0,0.0,2.554347,2.5397222,2,-1,0,0.09937424,0
14,24,0,0,0,0.0,0.0,0.0,0.0,0.0,0.0,2.3874447,2.3641667,2,-1,0,0.19443515,0
14,3,0,0,0,0.0,0.0,0.0,0.0,0.0,0.0,2.3675694,0.8688889,2,-1,0,0.029834863,0
14,12,0,0,0,0.0,0.0,0.0,0.0,0.0,0.0,2.6264584,2.6152778,2,-1,0,0.11712205,0
14,4,0,0,0,0.0,0.0,0.0,0.0,0.0,0.0,2.303,2.2933333,2,-1,0,0.09531949,0
14,32,0,0,0,0.0,0.0,0.0,0.0,0.0,0.0,2.1072917,2.0525,2,-1,0,0.10340354,0
14,16,0,0,0,0.0,0.0,0.0,0.0,0.0,0.0,2.0774167,2.0530555,2,-1,0,0.12457498,0
14,26,0,0,0,0.0,0.0,0.0,0.0,0.0,0.0,2.0969236,2.1791666,2,-1,0,0.10163719,0
14,36,1,1,0,140.72931,213.47025,364.93307,-0.0070484793,0.012005976,0.008871052,16.704237,17.049444,2,13,1,0.996734,1
14,31,1,1,0,-143.93924,-414.85397,333.7298,-0.0069138496,0.005995615,0.0018568544,9.910202,9.738611,2,14,1,0.9418299,1
14,10,0,0,0,0.0,0.0,0.0,0.0,0.0,0.0,2.5084445,2.4733334,2,-1,0,0.09189473,0
14,36,1,0,0,140.72931,213.47025,364.93307,-0.0070484793,0.012005976,0.008871052,3.9112847,3.971111,2,-1,0,0.9809441,1
14,11,0,0,0,0.0,0.0,0.0,0.0,0.0,0.0,2.13725,2.0191667,2,-1,0,0.08273026,0
14,5,1,1,0,-159.57782,47.408543,279.30142,-0.012466554,0.01617796,-0.022169804,33.454258,33.13389,2,15,1,0.996209,1
14,18,1,0,0,-208.26302,515.02344,53.937767,0.0065054256,-0.0021761341,-0.003045287,3.6435416,3.6041667,2,-1,0,0.9518719,1
14,40,1,0,0,-172.40242,354.51846,277.52563,0.0037665055,-0.012803229,-0.019660138,11.005543,11.191667,2,-1,0,0.97765404,1
14,40,1,1,0,-172.40242,354.51846,277.52563,0.0037665055,-0.012803229,-0.019660138,12.458112,12.428056,2,16,1,0.99333066,1
14,26,0,0,0,0.0,0.0,0.0,0.0,0.0,0.0,2.3512154,2.3844445,2,-1,0,0.028926862,0
14,35,0,0,0,0.0,0.0,0.0,0.0,0.0,0.0,2.648729,2.5455556,2,-1,0,0.2199583,0
14,40,1,0,0,-172.40242,354.51846,277.52563,0.0037665055,-0.012803229,-0.019660138,2.7400625,2.6319444,2,-1,0,0.14102529,0
14,24,0,0,0,0.0,0.0,0.0,0.0,0.0,0.0,2.1245832,2.182778,2,-1,0,0.10660516,0
14,11,0,0,0,0.0,0.0,0.0,0.0,0.0,0.0,2.0438473,2.0580556,2,-1,0,0.071956314,0
14,1,1,1,0,-183.57094,530.57416,301.66534,-0.017520038,-0.012546047,-0.011646333,20.135834,19.951666,2,17,1,0.9677967,1
14,12,0,0,0,0.0,0.0,0.0,0.0,0.0,0.0,2.2364306,2.182778,2,-1,0,0.061372247,0
14,2,0,0,0,0.0,0.0,0.0,0.0,0.0,0.0,2.08125,2.145,2,-1,0,0.08083449,0
14,23,0,0,0,0.0,0.0,0.0,0.0,0.0,0.0,2.285889,2.3466666,2,-1,0,0.092525564,0
14,29,0,0,0,0.0,0.0,0.0,0.0,0.0,0.0,2.5083196,2.5927777,2,-1,0,0.09293433,0
14,33,0,0,0,0.0,0.0,0.0,0.0,0.0,0.0,2.0354514,2.1316667,2,-1,0,0.11650606,0
14,12,0,0,0,0.0,0.0,0.0,0.0,0.0,0.0,2.7019029,2.7,2,-1,0,0.22070698,0
14,1,0,0,0,0.0,0.0,0.0,0.0,0.0,0.0,2.3374863,2.2513888,2,-1,0,0.08224247,0
14,18,1,1,0,-208.26302,515.02344,53.937767,0.0065054256,-0.0021761341,-0.003045287,7.308743,7.5730557,2,18,1,0.98345023,1
14,27,1,1,0,-215.61388,357.4434,293.69534,-0.012048212,-0.0011084959,0.00732022,14.199659,14.164166,2,19,1,0.9978642,1
14,16,0,0,0,0.0,0.0,0.0,0.0,0.0,0.0,2.8403473,2.7405555,2,-1,0,0.13681763,0
14,10,0,0,0,0.0,0.0,0.0,0.0,0.0,0.0,2.425868,2.3730555,2,-1,0,0.1685617,0
14,8,0,0,0,0.0,0.0,0.0,0.0,0.0,0.0,2.1839168,2.125,2,-1,0,0.10912107,0
14,29,0,0,0,0.0,0.0,0.0,0.0,0.0,0.0,2.6137917,2.6302779,2,-1,0,0.12986226,0
14,12,0,0,0,0.0,0.0,0.0,0.0,0.0,0.0,2.7028055,2.7366667,2,-1,0,0.09805512,0
14,8,1,0,0,-257.58698,147.2296,367.5393,0.013962721,-0.02439407,0.013015734,2.5054443,2.5191667,2,-1,0,0.0907757,0
14,1,1,0,0,-183.57094,530.57416,301.66534,-0.017520038,-0.012546047,-0.011646333,6.4861035,6.678889,2,-1,0,0.9823659,1
14,10,1,0,0,286.27136,432.89886,372.82672,0.01619414,-0.0036601473,-0.017388672,4.357611,4.359722,2,-1,0,0.9489084,1
14,38,0,0,0,0.0,0.0,0.0,0.0,0.0,0.0,2.2670276,2.3383334,2,-1,0,0.051151175,0
14,6,0,0,0,0.0,0.0,0.0,0.0,0.0,0.0,2.3331668,2.2866666,2,-1,0,0.093761556,0
14,13,1,1,0,250.02257,404.2976,153.98262,0.0118333055,0.010737614,0.005296821,10.039952,9.284166,2,20,1,0.9841978,1
14,13,1,0,0,250.02257,404.2976,153.98262,0.0118333055,0.010737614,0.005296821,7.9420137,7.8430557,2,-1,0,0.97561103,1
14,15,0,0,0,0.0,0.0,0.0,0.0,0.0,0.0,2.2272778,2.151389,2,-1,0,0.12428456,0
14,5,0,0,0,0.0,0.0,0.0,0.0,0.0,0.0,2.0802915,2.0775,2,-1,0,0.084603556,0
14,8,1,1,0,-257.58698,147.2296,367.5393,0.013962721,-0.02439407,0.013015734,24.985634,24.731112,2,21,1,0.99020535,1
14,25,0,0,0,0.0,0.0,0.0,0.0,0.0,0.0,2.6561944,2.6955554,2,-1,0,0.15676443,0
14,30,1,1,0,-256.85437,240.98436,251.18907,-0.007172328,-0.003431624,-0.004470729,8.29223,8.110556,2,22,1,0.99325514,1
14,3,1,1,0,257.80396,558.84265,1.2646916,-0.009740245,0.005369147,-0.0067707608,4.0020137,3.9602778,2,23,1,0.9820263,1
14,8,1,0,0,-257.58698,147.2296,367.5393,0.013962721,-0.02439407,0.013015734,2.1306598,2.1511111,2,-1,0,0.08459568,0
14,26,0,0,0,0.0,0.0,0.0,0.0,0.0,0.0,2.125965,2.12,2,-1,0,0.07946041,0
14,23,1,1,0,-264.6025,325.5248,50.67112,0.012172182,0.003262435,0.008610305,12.30866,12.231667,2,24,1,0.9876282,1
14,9,1,0,0,-283.17444,51.074894,266.85364,0.008895734,-0.010696155,-0.01741322,3.6991107,3.6775,2,-1,0,0.93707633,1
14,6,0,0,0,0.0,0.0,0.0,0.0,0.0,0.0,2.0229583,2.0808334,2,-1,0,0.075657025,0
14,16,1,1,0,273.47168,-101.60194,368.10416,0.018583644,0.017806854,-0.016619043,29.51999,28.396944,2,25,1,0.99997056,1
14,34,0,0,0,0.0,0.0,0.0,0.0,0.0,0.0,2.2798336,2.2872221,2,-1,0,0.07918846,0
14,9,1,0,0,-283.17444,51.074894,266.85364,0.008895734,-0.010696155,-0.01741322,4.498236,4.4591665,2,-1,0,0.946445,1
14,12,0,0,0,0.0,0.0,0.0,0.0,0.0,0.0,2.3025904,2.2358334,2,-1,0,0.07657806,0
14,37,0,0,0,0.0,0.0,0.0,0.0,0.0,0.0,1.9572293,2.0144444,2,-1,0,0.054268997,0
14,29,0,0,0,0.0,0.0,0.0,0.0,0.0,0.0,2.6275206,2.7127779,2,-1,0,0.257714,0
14,5,0,0,0,0.0,0.0,0.0,0.0,0.0,0.0,2.4268541,2.4641666,2,-1,0,0.088982396,0
14,9,1,1,0,-283.17444,51.074894,266.85364,0.008895734,-0.010696155,-0.01741322,10.448952,10.519722,2,26,1,0.9894761,1
14,21,0,0,0,0.0,0.0,0.0,0.0,0.0,0.0,4.94691,-1.0,2,-1,0,0.9815475,1
14,7,0,0,0,0.0,0.0,0.0,0.0,0.0,0.0,2.2450695,2.2483332,2,-1,0,0.090973035,0
14,10,1,1,0,286.27136,432.89886,372.82672,0.01619414,-0.0036601473,-0.017388672,13.871181,13.739166,2,27,1,0.93321574,1
14,21,0,0,0,0.0,0.0,0.0,0.0,0.0,0.0,10.266389,-1.0,2,-1,0,0.97883576,1
14,39,1,0,0,289.66452,-594.7871,170.5714,0.016272347,-0.018370224,0.011943088,2.7850833,2.7486112,2,-1,0,0.17268714,0
14,29,1,0,0,-296.82364,561.6893,441.32227,0.012683596,0.014176786,-0.01818212,10.305743,10.155278,2,-1,0,0.9935737,1
14,33,0,0,0,0.0,0.0,0.0,0.0,0.0,0.0,2.4610555,2.4044445,2,-1,0,0.124787025,0
14,21,0,0,0,0.0,0.0,0.0,0.0,0.0,0.0,8.770909,-1.0,2,-1,0,0.9480881,1
14,27,0,0,0,0.0,0.0,0.0,0.0,0.0,0.0,2.0537224,2.0952778,2,-1,0,0.11206439,0
14,35,0,0,0,0.0,0.0,0.0,0.0,0.0,0.0,2.94975,2.9080555,2,-1,0,0.2415722,0
14,29,1,1,0,-296.82364,561.6893,441.32227,0.012683596,0.014176786,-0.01818212,12.84598,12.936389,2,28,1,0.9861056,1
14,21,0,0,0,0.0,0.0,0.0,0.0,0.0,0.0,2.0546665,2.0563889,2,-1,0,0.07360866,0
14,16,0,0,0,0.0,0.0,0.0,0.0,0.0,0.0,2.0242293,2.081389,2,-1,0,0.09250236,0
14,10,1,0,0,286.27136,432.89886,372.82672,0.01619414,-0.0036601473,-0.017388672,4.5995693,4.5225,2,-1,0,0.9620466,1
14,39,1,1,0,289.66452,-594.7871,170.5714,0.016272347,-0.018370224,0.011943088,5.1626253,5.256111,2,29,1,0.9890141,1
14,14,0,0,0,0.0,0.0,0.0,0.0,0.0,0.0,2.1217778,2.135,2,-1,0,0.09182289,0
14,1,0,0,0,0.0,0.0,0.0,0.0,0.0,0.0,2.3640833,2.313611,2,-1,0,0.09392797,0
14,24,0,0,0,0.0,0.0,0.0,0.0,0.0,0.0,2.255236,2.2619445,2,-1,0,0.09995567,0
14,28,0,0,0,0.0,0.0,0.0,0.0,0.0,0.0,2.0552707,2.055,2,-1,0,0.11214609,0
14,21,0,0,0,0.0,0.0,0.0,0.0,0.0,0.0,5.2767916,-1.0,2,-1,0,0.993554,1
14,11,1,1,0,-313.85593,58.90006,248.34322,-0.019629896,-0.018580932,-0.013490803,16.830215,13.620833,2,30,1,0.983017,1
14,16,0,0,0,0.0,0.0,0.0,0.0,0.0,0.0,2.5527084,2.5080554,2,-1,0,0.23352426,0
14,11,1,0,0,-313.85593,58.90006,248.34322,-0.019629896,-0.018580932,-0.013490803,5.8895626,4.6927776,2,-1,0,0.9867855,1
14,20,1,1,0,322.60272,472.72617,39.18184,0.010806162,-0.00023003445,-0.005293022,10.727111,9.278055,2,31,1,0.9863027,1
14,27,0,0,0,0.0,0.0,0.0,0.0,0.0,0.0,2.359736,2.3416667,2,-1,0,0.092966855,0
14,12,1,1,0,-329.77625,70.95814,457.25858,-0.0010560326,0.01024518,-0.008878491,11.965944,12.218056,2,32,1,0.99119556,1
14,32,1,1,0,333.08627,496.82785,308.61053,0.03078407,0.009780262,-0.018238753,26.784735,32.946667,2,33,1,0.9998173,1
14,25,0,0,0,0.0,0.0,0.0,0.0,0.0,0.0,2.147,2.0694444,2,-1,0,0.11319285,0
14,15,1,1,0,344.0767,526.1204,347.11273,-0.012975309,-0.003778267,0.005189652,13.563403,13.672778,2,34,1,0.9716651,1
14,30,0,0,0,0.0,0.0,0.0,0.0,0.0,0.0,2.4926388,2.4619443,2,-1,0,0.20552856,0
14,4,1,1,0,348.782,184.30168,261.34116,0.016184943,0.00058363,0.015111511,18.236444,17.952778,2,35,1,0.96789217,1
14,33,0,0,0,0.0,0.0,0.0,0.0,0.0,0.0,2.4223888,2.3775,2,-1,0,0.13731761,0
14,17,1,1,0,361.65155,-470.54758,314.94272,-0.020050148,-0.010438519,-0.009354189,22.245152,22.50639,2,36,1,0.97738695,1
14,21,0,0,0,0.0,0.0,0.0,0.0,0.0,0.0,2.1264791,2.0675,2,-1,0,0.09166404,0
14,33,0,0,0,0.0,0.0,0.0,0.0,0.0,0.0,2.338514,2.2966666,2,-1,0,0.1501316,0
14,19,0,0,0,0.0,0.0,0.0,0.0,0.0,0.0,2.1718264,2.1783333,2,-1,0,0.1007237,0
14,6,0,0,0,0.0,0.0,0.0,0.0,0.0,0.0,2.749611,2.7097223,2,-1,0,0.39404967,0
14,14,0,0,0,0.0,0.0,0.0,0.0,0.0,0.0,2.4716249,2.4505556,2,-1,0,0.08089921,0
14,36,0,0,0,0.0,0.0,0.0,0.0,0.0,0.0,3.0691667,2.976389,2,-1,0,0.43484685,0
14,20,0,0,0,0.0,0.0,0.0,0.0,0.0,0.0,2.1776319,2.1777778,2,-1,0,0.107769445,0
14,5,0,0,0,0.0,0.0,0.0,0.0,0.0,0.0,2.4454792,2.4297223,2,-1,0,0.08663955,0
14,10,0,0,0,0.0,0.0,0.0,0.0,0.0,0.0,2.2530417,2.1916666,2,-1,0,0.13209455,0
14,17,0,0,0,0.0,0.0,0.0,0.0,0.0,0.0,2.2491736,2.195,2,-1,0,0.055718333,0
14,2,0,0,0,0.0,0.0,0.0,0.0,0.0,0.0,3.1717916,3.183889,2,-1,0,0.4567797,0
14,11,0,0,0,0.0,0.0,0.0,0.0,0.0,0.0,2.594618,2.5952778,2,-1,0,0.18081123,0
14,34,0,0,0,0.0,0.0,0.0,0.0,0.0,0.0,2.1026251,2.0525,2,-1,0,0.116517924,0
14,29,0,0,0,0.0,0.0,0.0,0.0,0.0,0.0,2.0300138,2.0780556,2,-1,0,0.11774675,0
14,13,0,0,0,0.0,0.0,0.0,0.0,0.0,0.0,2.5199652,2.5755556,2,-1,0,0.12721853,0
14,18,0,0,0,0.0,0.0,0.0,0.0,0.0,0.0,2.1524446,2.0641668,2,-1,0,0.124510646,0
14,17,0,0,0,0.0,0.0,0.0,0.0,0.0,0.0,2.9642153,2.866111,2,-1,0,0.61562437,1
14,38,0,0,0,0.0,0.0,0.0,0.0,0.0,0.0,2.3456388,2.2855556,2,-1,0,0.060449254,0
14,35,0,0,0,0.0,0.0,0.0,0.0,0.0,0.0,2.5738053,2.7036111,2,-1,0,0.07745286,0
14,21,0,0,0,0.0,0.0,0.0,0.0,0.0,0.0,2.3089721,2.3008332,2,-1,0,0.1153377,0
14,34,0,0,0,0.0,0.0,0.0,0.0,0.0,0.0,2.4319375,2.448611,2,-1,0,0.1117067,0
14,8,0,0,0,0.0,0.0,0.0,0.0,0.0,0.0,2.0554166,2.1483333,2,-1,0,0.09721968,0
15,38,0,0,0,0.0,0.0,0.0,0.0,0.0,0.0,2.2733612,2.1855555,2,-1,0,0.087575294,0
15,40,0,0,0,0.0,0.0,0.0,0.0,0.0,0.0,2.2252917,2.2297223,2,-1,0,0.073792614,0
15,12,0,0,0,0.0,0.0,0.0,0.0,0.0,0.0,2.0177083,2.0425,2,-1,0,0.0970166,0
15,40,0,0,0,0.0,0.0,0.0,0.0,0.0,0.0,2.2129722,2.2786112,2,-1,0,0.09011762,0
15,18,1,1,0,19.15286,-395.0173,441.11734,0.0050560934,-0.01065466,-0.03231327,17.10263,16.928055,2,0,1,0.980485,1
15,18,1,0,0,19.15286,-395.0173,441.11734,0.0050560934,-0.01065466,-0.03231327,13.785277,13.584167,2,-1,0,0.98263633,1
15,29,0,0,0,0.0,0.0,0.0,0.0,0.0,0.0,2.3232222,2.3566666,2,-1,0,0.10176514,0
15,8,1,1,0,-22.352673,-542.38715,151.24501,-0.014867262,-0.02765198,-0.010166703,27.38973,27.218056,2,1,1,0.9987024,1
15,8,1,0,0,-22.352673,-542.38715,151.24501,-0.014867262,-0.02765198,-0.010166703,4.30125,4.2975,2,-1,0,0.9750831,1
15,8,1,0,0,-22.352673,-542.38715,151.24501,-0.014867262,-0.02765198,-0.010166703,4.456306,4.5122223,2,-1,0,0.8541354,1
15,21,1,1,0,38.965557,205.57732,169.77803,-0.02844237,0.006863602,0.001255715,24.517853,24.466944,2,2,1,0.97453314,1
15,18,1,0,0,19.15286,-395.0173,441.11734,0.0050560934,-0.01065466,-0.03231327,10.178451,9.926389,2,-1,0,0.9961759,1
15,32,0,0,0,0.0,0.0,0.0,0.0,0.0,0.0,2.2869997,2.323611,2,-1,0,0.07622835,0
15,21,1,0,0,38.965557,205.57732,169.77803,-0.02844237,0.006863602,0.001255715,11.760403,10.966945,2,-1,0,0.99336326,1
15,39,0,0,0,0.0,0.0,0.0,0.0,0.0,0.0,2.2495208,2.2116666,2,-1,0,0.13139369,0
15,8,1,0,0,-22.352673,-542.38715,151.24501,-0.014867262,-0.02765198,-0.010166703,3.1749377,3.2725,2,-1,0,0.3366789,0
15,40,0,0,0,0.0,0.0,0.0,0.0,0.0,0.0,2.6650832,2.6155555,2,-1,0,0.2621289,0
15,37,0,0,0,0.0,0.0,0.0,0.0,0.0,0.0,2.2265835,2.2147222,2,-1,0,0.11810802,0
15,10,1,0,0,-115.47276,577.6378,430.79846,0.041705154,0.009442831,-0.014129509,2.8272917,2.7697222,2,-1,0,0.5672788,1
15,6,0,0,0,0.0,0.0,0.0,0.0,0.0,0.0,3.2139513,3.0222223,2,-1,0,0.8114017,1
15,38,0,0,0,0.0,0.0,0.0,0.0,0.0,0.0,1.9732637,2.0152779,2,-1,0,0.11593634,0
15,24,0,0,0,0.0,0.0,0.0,0.0,0.0,0.0,2.2110555,2.2855556,2,-1,0,0.098510176,0
15,9,1,0,0,59.77474,252.44714,359.74603,-0.0011491752,0.012273114,0.011160705,3.6869445,3.3597221,2,-1,0,0.84157693,1
15,9,1,1,0,59.77474,252.44714,359.74603,-0.0011491752,0.012273114,0.011160705,16.555077,16.529167,2,3,1,0.99286264,1
15,8,0,0,0,0.0,0.0,0.0,0.0,0.0,0.0,2.4569237,2.415,2,-1,0,0.15828359,0
15,24,0,0,0,0.0,0.0,0.0,0.0,0.0,0.0,2.0324237,2.0897222,2,-1,0,0.098019585,0
15,20,0,0,0,0.0,0.0,0.0,0.0,0.0,0.0,2.162604,2.1536112,2,-1,0,0.09245254,0
15,13,0,0,0,0.0,0.0,0.0,0.0,0.0,0.0,2.358875,2.406389,2,-1,0,0.070734225,0
15,38,0,0,0,0.0,0.0,0.0,0.0,0.0,0.0,2.6157568,2.6625,2,-1,0,0.122175656,0
15,26,0,0,0,0.0,0.0,0.0,0.0,0.0,0.0,2.1677222,2.2397223,2,-1,0,0.11300908,0
15,10,0,0,0,0.0,0.0,0.0,0.0,0.0,0.0,2.1623888,2.2780557,2,-1,0,0.030166043,0
15,15,0,0,0,0.0,0.0,0.0,0.0,0.0,0.0,2.3877707,2.385,2,-1,0,0.12351447,0
15,36,0,0,0,0.0,0.0,0.0,0.0,0.0,0.0,2.0890903,2.0113888,2,-1,0,0.06858222,0
15,14,0,0,0,0.0,0.0,0.0,0.0,0.0,0.0,2.280889,2.2933333,2,-1,0,0.060773358,0
15,1,1,1,0,84.95205,-76.64678,83.38835,0.006728592,-0.008978649,-0.0014962992,13.439972,11.5325,2,4,1,0.9934082,1
15,24,0,0,0,0.0,0.0,0.0,0.0,0.0,0.0,2.1273265,2.18,2,-1,0,0.111919865,0
15,29,0,0,0,0.0,0.0,0.0,0.0,0.0,0.0,2.693104,2.7758334,2,-1,0,0.09554285,0
15,40,0,0,0,0.0,0.0,0.0,0.0,0.0,0.0,2.0647016,2.1033332,2,-1,0,0.11904695,0
15,28,0,0,0,0.0,0.0,0.0,0.0,0.0,0.0,2.4147916,2.3402777,2,-1,0,0.14947473,0
15,22,0,0,0,0.0,0.0,0.0,0.0,0.0,0.0,2.3257225,2.345,2,-1,0,0.15579793,0
15,32,0,0,0,0.0,0.0,0.0,0.0,0.0,0.0,2.6906042,2.6866667,2,-1,0,0.25174654,0
15,22,1,0,0,-108.76659,-186.87845,289.7895,-0.007449511,0.003197529,-0.019091018,2.5259721,2.4913888,2,-1,0,0.11342804,0
15,13,0,0,0,0.0,0.0,0.0,0.0,0.0,0.0,2.1037292,2.0080554,2,-1,0,0.2804334,0
15,37,1,1,0,-103.12954,-523.7223,264.09238,-0.009661,-0.010991993,0.0016154121,8.968938,0.5083333,2,5,1,0.96282774,1
15,37,1,0,0,-103.12954,-523.7223,264.09238,-0.009661,-0.010991993,0.0016154121,7.9539375,7.976111,2,-1,0,0.99167866,1
15,10,1,1,0,-115.47276,577.6378,430.79846,0.041705154,0.009442831,-0.014129509,41.699364,45.656666,2,6,1,0.9987998,1
15,11,1,1,0,105.598366,577.1031,84.65009,0.009053346,-0.008254381,-0.009095763,12.2828,12.192778,2,7,1,0.99993217,1
15,22,1,1,0,-108.76659,-186.87845,289.7895,-0.007449511,0.003197529,-0.019091018,18.278397,18.399166,2,8,1,0.99761933,1
15,22,1,0,0,-108.76659,-186.87845,289.7895,-0.007449511,0.003197529,-0.019091018,4.3972635,4.2619443,2,-1,0,0.98887604,1
15,22,0,0,0,0.0,0.0,0.0,0.0,0.0,0.0,2.3846946,2.3191667,2,-1,0,0.13119724,0
15,18,0,0,0,0.0,0.0,0.0,0.0,0.0,0.0,2.799146,2.7277777,2,-1,0,0.2836016,0
15,18,0,0,0,0.0,0.0,0.0,0.0,0.0,0.0,2.2524724,2.178611,2,-1,0,0.121755116,0
15,20,0,0,0,0.0,0.0,0.0,0.0,0.0,0.0,2.868875,2.8102777,2,-1,0,0.48107255,0
15,17,0,0,0,0.0,0.0,0.0,0.0,0.0,0.0,2.579771,2.4975,2,-1,0,0.11784809,0
15,26,0,0,0,0.0,0.0,0.0,0.0,0.0,0.0,2.1637223,2.1472223,2,-1,0,0.09764469,0
15,33,0,0,0,0.0,0.0,0.0,0.0,0.0,0.0,2.6006737,2.5280557,2,-1,0,0.113073885,0
15,24,0,0,0,0.0,0.0,0.0,0.0,0.0,0.0,2.2256596,2.1577778,2,-1,0,0.081537075,0
15,38,1,0,0,124.64399,-547.7575,362.4278,0.020314641,0.013123256,0.029528363,8.581687,7.283889,2,-1,0,0.98475665,1
15,9,0,0,0,0.0,0.0,0.0,0.0,0.0,0.0,2.0504029,2.083611,2,-1,0,0.08900365,0
15,18,0,0,0,0.0,0.0,0.0,0.0,0.0,0.0,2.2818959,2.2841666,2,-1,0,0.04602733,0
15,36,1,1,0,136.01958,327.55566,191.48666,0.010958905,0.007983318,0.018829715,19.264544,18.94139,2,9,1,0.98348135,1
15,36,1,0,0,136.01958,327.55566,191.48666,0.010958905,0.007983318,0.018829715,12.9295,5.5230556,2,-1,0,0.9940783,1
15,38,1,1,0,124.64399,-547.7575,362.4278,0.020314641,0.013123256,0.029528363,27.493292,27.485277,2,10,1,0.9942965,1
15,4,1,1,0,133.9796,-590.16003,170.1278,-0.006031488,0.015170758,-0.016222896,2.4204237,2.5280557,2,11,1,0.15265559,0
15,20,1,1,0,155.43744,-312.24628,319.7869,-0.00032410835,0.014871136,-0.01178674,19.02405,17.916666,2,12,1,0.972385,1
15,20,1,0,0,155.43744,-312.24628,319.7869,-0.00032410835,0.014871136,-0.01178674,3.0493197,2.9980555,2,-1,0,0.5076998,1
15,25,1,1,0,156.13496,-565.6932,373.75653,0.0045843287,-0.0056665917,0.0025435898,13.909738,14.005555,2,13,1,0.986437,1
15,11,1,0,0,105.598366,577.1031,84.65009,0.009053346,-0.008254381,-0.009095763,2.245771,2.183889,2,-1,0,0.15878527,0
15,32,0,0,0,0.0,0.0,0.0,0.0,0.0,0.0,1.974611,2.0283334,2,-1,0,0.09358268,0
15,24,0,0,0,0.0,0.0,0.0,0.0,0.0,0.0,2.1938057,2.2208333,2,-1,0,0.097955525,0
15,34,1,0,0,179.55103,-256.6578,75.323074,-5.8165082e-05,0.0078359125,0.015012033,2.5212848,2.513611,2,-1,0,0.38803875,0
15,34,1,0,0,179.55103,-256.6578,75.323074,-5.8165082e-05,0.0078359125,0.015012033,2.1944585,2.2402778,2,-1,0,0.10502726,0
15,7,1,1,0,169.74876,143.19374,46.703075,0.0108807385,-0.02734494,-0.003064405,18.317474,18.467222,2,14,1,0.99863344,1
15,39,1,1,0,-174.26494,-365.47876,349.75613,0.001737751,-0.024402706,-0.008951002,25.75828,25.713055,2,15,1,0.99742836,1
15,23,1,1,0,173.80461,301.6704,97.44966,0.011341161,-0.014708091,-0.01697594,21.057014,21.101389,2,16,1,0.8995024,1
15,14,1,1,0,-174.58055,198.25937,460.57532,-0.007010026,-0.008325107,-0.003162876,9.793674,4.058611,2,17,1,0.9941156,1
15,19,1,1,0,-175.23228,374.27274,398.90503,-0.0037907679,0.018746033,0.025778381,30.458563,28.894444,2,18,1,0.99882084,1
15,24,1,1,0,-178.46149,470.4575,187.03625,0.005862917,-0.0046457816,-0.004484535,8.779749,4.5302777,2,19,1,0.9871777,1
15,27,1,0,0,187.42871,-494.2607,259.44324,-0.024796275,-0.01985047,0.014099727,5.7444305,5.666111,2,-1,0,0.9766326,1
15,34,1,1,0,179.55103,-256.6578,75.323074,-5.8165082e-05,0.0078359125,0.015012033,17.536673,17.790833,2,20,1,0.99335206,1
15,7,1,0,0,169.74876,143.19374,46.703075,0.0108807385,-0.02734494,-0.003064405,3.9921458,3.8202777,2,-1,0,0.9949404,1
15,27,1,0,0,187.42871,-494.2607,259.44324,-0.024796275,-0.01985047,0.014099727,10.702437,10.746388,2,-1,0,0.91078246,1
15,26,1,1,0,-182.71678,340.07983,439.0524,0.0058208955,0.0026983495,0.0018175556,7.226938,7.0475,2,21,1,0.96692467,1
15,27,1,1,0,187.42871,-494.2607,259.44324,-0.024796275,-0.01985047,0.014099727,16.184624,16.290556,2,22,1,0.88368094,1
15,1,0,0,0,0.0,0.0,0.0,0.0,0.0,0.0,2.3858333,2.3747222,2,-1,0,0.12455273,0
15,26,1,0,0,-182.71678,340.07983,439.0524,0.0058208955,0.0026983495,0.0018175556,3.346882,3.44,2,-1,0,0.9322596,1
15,19,1,0,0,-175.23228,374.27274,398.90503,-0.0037907679,0.018746033,0.025778381,4.4235415,4.3097224,2,-1,0,0.9512742,1
15,14,0,0,0,0.0,0.0,0.0,0.0,0.0,0.0,2.000514,2.06,2,-1,0,0.18826906,0
15,23,1,0,0,173.80461,301.6704,97.44966,0.011341161,-0.014708091,-0.01697594,4.6376667,4.5616665,2,-1,0,0.9049558,1
15,40,0,0,0,0.0,0.0,0.0,0.0,0.0,0.0,2.5112224,2.5405555,2,-1,0,0.12545133,0
15,7,0,0,0,0.0,0.0,0.0,0.0,0.0,0.0,2.4608471,2.3905556,2,-1,0,0.11097423,0
15,23,1,0,0,173.80461,301.6704,97.44966,0.011341161,-0.014708091,-0.01697594,2.3354445,2.3930554,2,-1,0,0.13480087,0
15,40,1,0,0,-206.19543,-274.15332,300.71765,-0.008001675,0.019663816,0.028660329,3.4342291,3.3775,2,-1,0,0.93423647,1
15,18,0,0,0,0.0,0.0,0.0,0.0,0.0,0.0,2.9404097,2.868611,2,-1,0,0.30492923,0
15,32,0,0,0,0.0,0.0,0.0,0.0,0.0,0.0,2.0363472,2.025,2,-1,0,0.07611685,0
15,40,1,0,0,-206.19543,-274.15332,300.71765,-0.008001675,0.019663816,0.028660329,11.1768265,11.126945,2,-1,0,0.9953204,1
15,40,1,1,0,-206.19543,-274.15332,300.71765,-0.008001675,0.019663816,0.028660329,22.335348,20.709444,2,23,1,0.99847287,1
15,11,0,0,0,0.0,0.0,0.0,0.0,0.0,0.0,2.1938682,2.2361112,2,-1,0,0.09942193,0
15,23,0,0,0,0.0,0.0,0.0,0.0,0.0,0.0,2.130222,2.001111,2,-1,0,0.39338347,0
15,28,0,0,0,0.0,0.0,0.0,0.0,0.0,0.0,2.2530277,2.3386111,2,-1,0,0.12264027,0
15,5,0,0,0,0.0,0.0,0.0,0.0,0.0,0.0,2.2742224,2.228889,2,-1,0,0.11984764,0
15,18,0,0,0,0.0,0.0,0.0,0.0,0.0,0.0,2.4471388,2.4419444,2,-1,0,0.1262752,0
15,35,1,1,0,219.56454,-64.08649,433.95435,-0.010213127,0.025060702,0.010640801,29.411076,29.415277,2,24,1,0.97746825,1
15,2,1,1,0,-226.97636,-439.6901,458.19974,0.013103649,-0.018405043,0.018573904,27.992075,28.2775,2,25,1,0.84114265,1
15,6,1,1,0,230.65012,367.33,76.67149,-0.009767765,-0.006602511,0.007284369,12.558563,11.398056,2,26,1,0.992126,1
15,38,0,0,0,0.0,0.0,0.0,0.0,0.0,0.0,2.0289583,2.1130555,2,-1,0,0.087282866,0
15,10,0,0,0,0.0,0.0,0.0,0.0,0.0,0.0,2.4685833,2.4213889,2,-1,0,0.12506314,0
15,31,0,0,0,0.0,0.0,0.0,0.0,0.0,0.0,2.9938402,2.905,2,-1,0,0.12022021,0
15,25,0,0,0,0.0,0.0,0.0,0.0,0.0,0.0,2.6120558,2.7002778,2,-1,0,0.074813,0
15,40,1,0,0,-206.19543,-274.15332,300.71765,-0.008001675,0.019663816,0.028660329,3.0032845,2.9813888,2,-1,0,0.88697267,1
15,14,0,0,0,0.0,0.0,0.0,0.0,0.0,0.0,2.6397986,2.6016667,2,-1,0,0.16399811,0
15,24,0,0,0,0.0,0.0,0.0,0.0,0.0,0.0,2.0560973,2.041111,2,-1,0,0.0971802,0
15,5,1,0,0,243.02034,-197.31885,40.34847,0.015085395,-0.019285643,-0.017099055,2.4327502,2.366111,2,-1,0,0.1115415,0
15,5,0,0,0,0.0,0.0,0.0,0.0,0.0,0.0,2.4513266,2.4352777,2,-1,0,0.26014808,0
15,5,1,1,0,243.02034,-197.31885,40.34847,0.015085395,-0.019285643,-0.017099055,23.071028,22.667778,2,27,1,0.97943544,1
15,30,0,0,0,0.0,0.0,0.0,0.0,0.0,0.0,11.331257,-1.0,2,-1,0,0.96269155,1
15,30,0,0,0,0.0,0.0,0.0,0.0,0.0,0.0,5.13366,-1.0,2,-1,0,0.9818609,1
15,14,0,0,0,0.0,0.0,0.0,0.0,0.0,0.0,2.3574166,2.4247222,2,-1,0,0.14292967,0
15,5,1,0,0,243.02034,-197.31885,40.34847,0.015085395,-0.019285643,-0.017099055,2.188875,2.1444445,2,-1,0,0.13072178,0
15,34,0,0,0,0.0,0.0,0.0,0.0,0.0,0.0,2.1032987,2.0916667,2,-1,0,0.07655026,0
15,3,1,1,0,-265.69727,423.93924,48.358536,0.006880132,0.0053153653,0.032998994,13.165125,13.216389,2,28,1,0.9648597,1
15,19,0,0,0,0.0,0.0,0.0,0.0,0.0,0.0,2.0951664,2.0880556,2,-1,0,0.09254853,0
15,22,0,0,0,0.0,0.0,0.0,0.0,0.0,0.0,2.0063057,2.0408332,2,-1,0,0.06727866,0
15,20,0,0,0,0.0,0.0,0.0,0.0,0.0,0.0,2.266472,2.226389,2,-1,0,0.12764174,0
15,33,0,0,0,0.0,0.0,0.0,0.0,0.0,0.0,2.6020415,2.5763888,2,-1,0,0.14136298,0
15,4,0,0,0,0.0,0.0,0.0,0.0,0.0,0.0,2.0371668,2.0166667,2,-1,0,0.092147,0
15,3,1,0,0,-265.69727,423.93924,48.358536,0.006880132,0.0053153653,0.032998994,6.706722,6.691111,2,-1,0,0.9793474,1
15,33,0,0,0,0.0,0.0,0.0,0.0,0.0,0.0,2.0376945,2.0072222,2,-1,0,0.08593252,0
15,33,0,0,0,0.0,0.0,0.0,0.0,0.0,0.0,2.319472,2.3255556,2,-1,0,0.10461428,0
15,14,0,0,0,0.0,0.0,0.0,0.0,0.0,0.0,2.2845209,2.225,2,-1,0,0.07631874,0
15,3,1,0,0,-265.69727,423.93924,48.358536,0.006880132,0.0053153653,0.032998994,9.880549,9.871944,2,-1,0,0.9691584,1
15,31,1,0,0,273.61862,14.203731,332.1133,0.0010511087,0.018784167,0.017480906,2.0956528,2.0886111,2,-1,0,0.033882536,0
15,31,1,1,0,273.61862,14.203731,332.1133,0.0010511087,0.018784167,0.017480906,11.785173,11.141389,2,29,1,0.9911446,1
15,31,1,0,0,273.61862,14.203731,332.1133,0.0010511087,0.018784167,0.017480906,9.543612,9.398334,2,-1,0,0.99935204,1
15,29,0,0,0,0.0,0.0,0.0,0.0,0.0,0.0,2.5162082,2.4722223,2,-1,0,0.13423404,0
15,23,0,0,0,0.0,0.0,0.0,0.0,0.0,0.0,2.2104862,2.093611,2,-1,0,0.054709896,0
15,27,0,0,0,0.0,0.0,0.0,0.0,0.0,0.0,2.0058472,2.057778,2,-1,0,0.082702085,0
15,29,0,0,0,0.0,0.0,0.0,0.0,0.0,0.0,2.662014,2.7525,2,-1,0,0.3959298,0
15,17,0,0,0,0.0,0.0,0.0,0.0,0.0,0.0,2.7289376,2.7244444,2,-1,0,0.2768542,0
15,31,1,0,0,273.61862,14.203731,332.1133,0.0010511087,0.018784167,0.017480906,2.3726528,2.271111,2,-1,0,0.18595111,0
15,16,1,0,0,-307.2168,458.51215,17.711157,0.01696347,-0.009731616,0.013849023,2.078368,2.1241667,2,-1,0,0.08148231,0
15,15,1,1,0,286.9487,-255.72026,95.59999,0.01872033,-0.008755116,0.00072413526,19.443901,19.467777,2,-1,1,0.9558801,1
15,15,0,0,0,0.0,0.0,0.0,0.0,0.0,0.0,2.4363818,2.4080555,2,-1,0,0.1145709,0
15,14,0,0,0,0.0,0.0,0.0,0.0,0.0,0.0,2.0856946,2.0544446,2,-1,0,0.07402429,0
15,16,1,0,0,-307.2168,458.51215,17.711157,0.01696347,-0.009731616,0.013849023,3.099111,3.0194445,2,-1,0,0.7498003,1
15,29,1,1,0,298.7383,81.81431,149.89153,0.043969825,-0.017006386,0.005694053,32.72683,30.73639,2,30,1,0.9974547,1
15,21,0,0,0,0.0,0.0,0.0,0.0,0.0,0.0,2.3694098,2.3669446,2,-1,0,0.12080447,0
15,8,0,0,0,0.0,0.0,0.0,0.0,0.0,0.0,2.1370833,2.2155557,2,-1,0,0.08062505,0
15,19,0,0,0,0.0,0.0,0.0,0.0,0.0,0.0,2.4271667,2.3788888,2,-1,0,0.028779654,0
15,16,1,1,0,-307.2168,458.51215,17.711157,0.01696347,-0.009731616,0.013849023,16.031569,15.85,2,31,1,0.9958262,1
15,16,1,0,0,-307.2168,458.51215,17.711157,0.01696347,-0.009731616,0.013849023,3.9050837,3.891389,2,-1,0,0.9627092,1
15,33,1,1,0,306.5552,-354.69907,25.911043,0.013585446,-0.010092284,-0.0127640255,21.414478,19.203056,2,32,1,0.960949,1
15,13,0,0,0,0.0,0.0,0.0,0.0,0.0,0.0,5.2984653,-1.0,2,-1,0,0.9514432,1
15,12,1,1,0,315.63052,161.42702,147.99599,-0.02456111,0.0027840368,0.014560002,24.64184,24.733889,2,33,1,0.9998292,1
15,16,0,0,0,0.0,0.0,0.0,0.0,0.0,0.0,2.2621527,2.2255557,2,-1,0,0.11723767,0
15,7,0,0,0,0.0,0.0,0.0,0.0,0.0,0.0,2.5701807,2.5305555,2,-1,0,0.08509834,0
15,11,0,0,0,0.0,0.0,0.0,0.0,0.0,0.0,2.2433195,2.307778,2,-1,0,0.06897398,0
15,24,0,0,0,0.0,0.0,0.0,0.0,0.0,0.0,2.2187085,2.2197223,2,-1,0,0.10181806,0
15,24,0,0,0,0.0,0.0,0.0,0.0,0.0,0.0,2.206,2.1375,2,-1,0,0.069678456,0
15,1,0,0,0,0.0,0.0,0.0,0.0,0.0,0.0,2.5096319,2.6011112,2,-1,0,0.106104195,0
15,29,1,0,0,298.7383,81.81431,149.89153,0.043969825,-0.017006386,0.005694053,2.8846252,2.8244445,2,-1,0,0.41537914,0
15,9,0,0,0,0.0,0.0,0.0,0.0,0.0,0.0,2.033,2.0433333,2,-1,0,0.16714083,0
15,17,1,1,0,324.62146,352.55295,239.29156,-0.0039802543,0.0064990683,0.005349232,7.674688,6.133611,2,34,1,0.99322057,1
15,17,0,0,0,0.0,0.0,0.0,0.0,0.0,0.0,2.8497503,2.7822223,2,-1,0,0.14206196,0
15,13,0,0,0,0.0,0.0,0.0,0.0,0.0,0.0,7.322028,-1.0,2,-1,0,0.99564654,1
15,28,1,1,0,-331.57922,-242.17584,423.57367,0.0006899066,0.022282107,0.0074844207,12.177097,12.3425,2,35,1,0.9757844,1
15,17,0,0,0,0.0,0.0,0.0,0.0,0.0,0.0,2.173361,2.1580555,2,-1,0,0.15202238,0
15,10,0,0,0,0.0,0.0,0.0,0.0,0.0,0.0,2.8757155,2.7333333,2,-1,0,0.24731423,0
15,28,0,0,0,0.0,0.0,0.0,0.0,0.0,0.0,2.3735557,2.386111,2,-1,0,0.17526282,0
15,28,1,0,0,-331.57922,-242.17584,423.57367,0.0006899066,0.022282107,0.0074844207,6.8105555,4.151389,2,-1,0,0.9996082,1
15,19,0,0,0,0.0,0.0,0.0,0.0,0.0,0.0,2.8624654,2.936389,2,-1,0,0.20366615,0
15,4,0,0,0,0.0,0.0,0.0,0.0,0.0,0.0,2.2493613,2.2597222,2,-1,0,0.10777361,0
15,22,0,0,0,0.0,0.0,0.0,0.0,0.0,0.0,2.6649654,2.5358334,2,-1,0,0.11252594,0
15,34,0,0,0,0.0,0.0,0.0,0.0,0.0,0.0,2.3675418,2.2816668,2,-1,0,0.10576676,0
15,26,0,0,0,0.0,0.0,0.0,0.0,0.0,0.0,2.2619376,2.1422222,2,-1,0,0.15981849,0
15,25,0,0,0,0.0,0.0,0.0,0.0,0.0,0.0,2.3857915,2.3308334,2,-1,0,0.16611028,0
15,3,0,0,0,0.0,0.0,0.0,0.0,0.0,0.0,2.1643333,2.0933332,2,-1,0,0.12942058,0
15,26,0,0,0,0.0,0.0,0.0,0.0,0.0,0.0,2.0149863,2.0172222,2,-1,0,0.10490066,0
15,13,0,0,0,0.0,0.0,0.0,0.0,0.0,0.0,2.5901318,2.5944445,2,-1,0,0.21179935,0
15,22,0,0,0,0.0,0.0,0.0,0.0,0.0,0.0,2.1265554,2.0969443,2,-1,0,0.12077898,0
15,24,0,0,0,0.0,0.0,0.0,0.0,0.0,0.0,2.6897223,2.6044445,2,-1,0,0.09198729,0
15,22,0,0,0,0.0,0.0,0.0,0.0,0.0,0.0,2.1731806,2.2955556,2,-1,0,0.08518529,0
15,13,0,0,0,0.0,0.0,0.0,0.0,0.0,0.0,2.501993,2.4325,2,-1,0,0.15658407,0
15,13,0,0,0,0.0,0.0,0.0,0.0,0.0,0.0,1.9787499,2.0155556,2,-1,0,0.0839574,0
15,22,0,0,0,0.0,0.0,0.0,0.0,0.0,0.0,2.0210416,2.0202777,2,-1,0,0.1094285,0
15,23,0,0,0,0.0,0.0,0.0,0.0,0.0,0.0,2.1574376,2.22,2,-1,0,0.11862224,0
15,8,0,0,0,0.0,0.0,0.0,0.0,0.0,0.0,2.0324028,2.0377777,2,-1,0,0.07934727,0
15,11,0,0,0,0.0,0.0,0.0,0.0,0.0,0.0,2.1414165,2.139722,2,-1,0,0.09768015,0
15,5,0,0,0,0.0,0.0,0.0,0.0,0.0,0.0,2.1389582,2.1702778,2,-1,0,0.08609006,0
15,8,0,0,0,0.0,0.0,0.0,0.0,0.0,0.0,2.153632,2.19,2,-1,0,0.08758286,0
15,8,0,0,0,0.0,0.0,0.0,0.0,0.0,0.0,2.5212152,2.5075,2,-1,0,0.21790321,0
15,9,0,0,0,0.0,0.0,0.0,0.0,0.0,0.0,2.2988265,2.2102778,2,-1,0,0.103773415,0
15,32,0,0,0,0.0,0.0,0.0,0.0,0.0,0.0,2.5875556,2.4969444,2,-1,0,0.07203556,0
16,18,0,0,0,0.0,0.0,0.0,0.0,0.0,0.0,2.0904167,2.0994444,2,-1,0,0.09974529,0
16,15,1,1,0,9.2238865,403.59332,109.61633,-0.009527111,-0.0005356368,-0.0074604056,14.572132,14.433611,2,0,1,0.9934796,1
16,37,0,0,0,0.0,0.0,0.0,0.0,0.0,0.0,2.9879444,2.921111,2,-1,0,0.38812292,0
16,17,1,1,0,-12.905605,598.32367,369.74832,-0.008812298,-0.024209943,-0.00945761,22.831818,22.782223,2,1,1,0.91519225,1
16,17,1,0,0,-12.905605,598.32367,369.74832,-0.008812298,-0.024209943,-0.00945761,2.575764,2.5841668,2,-1,0,0.09426127,0
16,32,0,0,0,0.0,0.0,0.0,0.0,0.0,0.0,2.5737083,2.5183334,2,-1,0,0.030024583,0
16,2,0,0,0,0.0,0.0,0.0,0.0,0.0,0.0,1.952153,2.0005555,2,-1,0,0.038444057,0
16,28,0,0,0,0.0,0.0,0.0,0.0,0.0,0.0,2.622111,2.601389,2,-1,0,0.21482256,0
16,11,0,0,0,0.0,0.0,0.0,0.0,0.0,0.0,2.2224445,2.1925,2,-1,0,0.13730803,0
16,8,0,0,0,0.0,0.0,0.0,0.0,0.0,0.0,2.4375625,2.3708334,2,-1,0,0.113490514,0
16,28,0,0,0,0.0,0.0,0.0,0.0,0.0,0.0,2.1364584,2.1602778,2,-1,0,0.11470076,0
16,9,0,0,0,0.0,0.0,0.0,0.0,0.0,0.0,2.0020695,2.0469444,2,-1,0,0.10783496,0
16,21,0,0,0,0.0,0.0,0.0,0.0,0.0,0.0,2.4278054,2.3311112,2,-1,0,0.12952407,0
16,27,0,0,0,0.0,0.0,0.0,0.0,0.0,0.0,2.5205972,2.1941667,2,-1,0,0.06164607,0
16,28,0,0,0,0.0,0.0,0.0,0.0,0.0,0.0,2.537257,2.5902777,2,-1,0,0.16084659,0
16,19,0,0,0,0.0,0.0,0.0,0.0,0.0,0.0,2.2119722,2.245278,2,-1,0,0.1110202,0
16,3,0,0,0,0.0,0.0,0.0,0.0,0.0,0.0,2.3053613,2.3080556,2,-1,0,0.051158153,0
16,18,1,0,0,101.20453,-315.68216,269.98297,-0.02080236,0.0019479948,0.0057308357,3.1109304,3.1105556,2,-1,0,0.2387405,0
16,11,0,0,0,0.0,0.0,0.0,0.0,0.0,0.0,2.4877083,2.45,2,-1,0,0.085157424,0
16,19,1,1,0,-66.82199,-427.38217,92.67573,-0.03197709,-0.00651909,-0.014774808,27.625526,27.646944,2,2,1,0.9992674,1
16,12,1,0,0,-70.62297,277.16116,295.64856,0.00029746848,0.011758463,0.013747954,2.7753472,2.8283334,2,-1,0,0.15422757,0
16,26,0,0,0,0.0,0.0,0.0,0.0,0.0,0.0,2.3111806,2.3183334,2,-1,0,0.15899871,0
16,12,1,1,0,-70.79616,277.44247,296.27335,0.00029746848,0.011758463,0.013747954,19.641193,19.250278,2,3,1,0.9851828,1
16,27,0,0,0,0.0,0.0,0.0,0.0,0.0,0.0,2.0861528,2.156111,2,-1,0,0.12282922,0
16,19,1,0,0,-66.82199,-427.38217,92.67573,-0.03197709,-0.00651909,-0.014774808,10.660209,10.653889,2,-1,0,0.9827152,1
16,14,0,0,0,0.0,0.0,0.0,0.0,0.0,0.0,2.401146,2.37,2,-1,0,0.16849315,0
16,22,0,0,0,0.0,0.0,0.0,0.0,0.0,0.0,2.4809446,2.5205555,2,-1,0,0.09224598,0
16,9,1,1,0,77.82974,-94.999435,264.89178,0.004669197,-0.006584742,-0.0128962565,17.96343,17.771389,2,4,1,0.9966317,1
16,37,0,0,0,0.0,0.0,0.0,0.0,0.0,0.0,2.3431113,2.2908332,2,-1,0,0.10893736,0
16,12,1,0,0,-70.79616,277.44247,296.27335,0.00029746848,0.011758463,0.013747954,4.668125,4.6016665,2,-1,0,0.9895564,1
16,33,1,1,0,-84.93374,269.96408,94.080215,-0.018377095,-0.008117643,0.004077643,22.712349,22.725555,2,5,1,0.99623114,1
16,31,0,0,0,0.0,0.0,0.0,0.0,0.0,0.0,2.3358333,2.363889,2,-1,0,0.09812806,0
16,18,1,1,0,101.20453,-315.68216,269.98297,-0.02080236,0.0019479948,0.0057308357,18.889513,18.8475,2,6,1,0.96821713,1
16,26,1,1,0,148.7498,-264.89706,40.305267,-0.047737334,0.009070134,-0.022718929,34.680866,34.560555,2,7,1,0.98816144,1
16,18,1,0,0,101.20453,-315.68216,269.98297,-0.02080236,0.0019479948,0.0057308357,2.5914512,2.578889,2,-1,0,0.119587556,0
16,1,0,0,0,0.0,0.0,0.0,0.0,0.0,0.0,2.5459375,2.4838889,2,-1,0,0.15072624,0
16,31,1,1,0,-110.68337,201.85912,196.9921,-0.0027357275,0.018085182,0.00014825084,16.699799,16.803612,2,8,1,0.99514115,1
16,21,0,0,0,0.0,0.0,0.0,0.0,0.0,0.0,2.2244167,2.2775,2,-1,0,0.09324297,0
16,31,1,0,0,-110.68337,201.85912,196.9921,-0.0027357275,0.018085182,0.00014825084,4.850055,4.95,2,-1,0,0.97503227,1
16,3,1,1,0,125.99492,326.37927,126.2885,0.0132138925,-0.025880858,-0.00877788,18.676346,18.8675,2,9,1,0.9718649,1
16,17,0,0,0,0.0,0.0,0.0,0.0,0.0,0.0,1.9644028,2.0177777,2,-1,0,0.11874693,0
16,26,1,0,0,148.7498,-264.89706,40.305267,-0.047737334,0.009070134,-0.022718929,4.0186877,4.0105557,2,-1,0,0.9282242,1
16,31,1,0,0,-110.68337,201.85912,196.9921,-0.0027357275,0.018085182,0.00014825084,2.8740277,2.879722,2,-1,0,0.16919608,0
16,4,0,0,0,0.0,0.0,0.0,0.0,0.0,0.0,2.0020626,2.0580556,2,-1,0,0.10387173,0
16,16,0,0,0,0.0,0.0,0.0,0.0,0.0,0.0,2.6266668,2.6280556,2,-1,0,0.16880354,0
16,25,1,0,0,-131.34747,-538.44543,287.63577,0.01454842,0.021916589,0.007198597,13.537222,13.475555,2,-1,0,0.9961499,1
16,3,1,0,0,125.99492,326.37927,126.2885,0.0132138925,-0.025880858,-0.00877788,7.027368,7.016667,2,-1,0,0.8647441,1
16,3,1,0,0,125.99492,326.37927,126.2885,0.0132138925,-0.025880858,-0.00877788,2.968271,2.881389,2,-1,0,0.019826919,0
16,7,1,1,0,126.12891,-77.50745,403.93182,0.0096365,0.013568541,0.011412285,19.667826,19.639166,2,10,1,0.9919674,1
16,25,1,1,0,-131.34747,-538.44543,287.63577,0.01454842,0.021916589,0.007198597,18.383862,18.334167,2,11,1,0.9943486,1
16,37,0,0,0,0.0,0.0,0.0,0.0,0.0,0.0,2.1769235,2.1622221,2,-1,0,0.025739755,0
16,7,1,0,0,126.12891,-77.50745,403.93182,0.0096365,0.013568541,0.011412285,2.4434445,2.4444444,2,-1,0,0.13722387,0
16,15,0,0,0,0.0,0.0,0.0,0.0,0.0,0.0,2.4191666,2.4813888,2,-1,0,0.08049639,0
16,1,0,0,0,0.0,0.0,0.0,0.0,0.0,0.0,2.0289235,2.043611,2,-1,0,0.09402253,0
16,26,1,0,0,148.7498,-264.89706,40.305267,-0.047737334,0.009070134,-0.022718929,13.463207,13.53,2,-1,0,0.99541473,1
16,26,1,0,0,148.7498,-264.89706,40.305267,-0.047737334,0.009070134,-0.022718929,2.4636388,2.4633334,2,-1,0,0.021446386,0
16,20,1,1,0,-148.60918,-488.37164,268.52573,0.002730685,0.0058605536,0.004347522,10.870251,10.771667,2,12,1,0.99621993,1
16,27,0,0,0,0.0,0.0,0.0,0.0,0.0,0.0,2.1565626,2.1683333,2,-1,0,0.16975099,0
16,24,0,0,0,0.0,0.0,0.0,0.0,0.0,0.0,2.5273125,2.5752778,2,-1,0,0.1552382,0
16,17,0,0,0,0.0,0.0,0.0,0.0,0.0,0.0,2.0730972,2.0769444,2,-1,0,0.095964245,0
16,34,1,1,0,-159.27887,-317.64752,412.7548,-0.013465805,-0.005822852,0.003860238,13.139126,7.3444443,2,13,1,0.940536,1
16,34,1,0,0,-159.27887,-317.64752,412.7548,-0.013465805,-0.005822852,0.003860238,3.336111,3.406111,2,-1,0,0.93541175,1
16,13,1,1,0,163.95804,364.584,302.56854,0.030055957,0.0047142752,-0.0045095165,20.53684,20.623056,2,14,1,0.9961372,1
16,15,0,0,0,0.0,0.0,0.0,0.0,0.0,0.0,2.6786387,2.5366666,2,-1,0,0.46466437,0
16,30,0,0,0,0.0,0.0,0.0,0.0,0.0,0.0,2.1028612,2.1291666,2,-1,0,0.14272659,0
16,13,1,0,0,163.95804,364.584,302.56854,0.030055957,0.0047142752,-0.0045095165,5.1741114,5.223611,2,-1,0,0.97323054,1
16,32,0,0,0,0.0,0.0,0.0,0.0,0.0,0.0,2.423854,2.4925,2,-1,0,0.09909785,0
16,40,1,1,0,-177.72559,303.10236,55.894093,-0.00367033,-0.0123224985,0.012419816,11.515917,11.515,2,15,1,0.98736423,1
16,40,1,0,0,-177.72559,303.10236,55.894093,-0.00367033,-0.0123224985,0.012419816,3.066007,2.9961112,2,-1,0,0.56963634,1
16,1,0,0,0,0.0,0.0,0.0,0.0,0.0,0.0,2.270861,2.2675,2,-1,0,0.09515573,0
16,23,0,0,0,0.0,0.0,0.0,0.0,0.0,0.0,2.2176805,2.221111,2,-1,0,0.04762817,0
16,1,1,1,0,180.60158,405.45737,125.282234,0.021283064,0.0012619421,-3.5333915e-06,22.119356,22.203611,2,16,1,0.99533576,1
16,1,1,0,0,180.60158,405.45737,125.282234,0.021283064,0.0012619421,-3.5333915e-06,2.6074028,2.6080556,2,-1,0,0.22192709,0
16,1,0,0,0,0.0,0.0,0.0,0.0,0.0,0.0,2.0257082,2.0325,2,-1,0,0.045020565,0
16,2,1,1,0,195.22273,-510.9947,396.81714,0.01646849,0.018981697,-0.005028313,16.135723,13.564445,2,17,1,0.96796376,1
16,13,0,0,0,0.0,0.0,0.0,0.0,0.0,0.0,2.0873332,2.086111,2,-1,0,0.071628876,0
16,2,1,0,0,195.22273,-510.9947,396.81714,0.01646849,0.018981697,-0.005028313,12.373201,12.371944,2,-1,0,0.9916379,1
16,29,1,1,0,-197.82117,-161.55588,83.23689,-0.01941264,-0.0032711057,0.008030349,11.030785,10.901667,2,18,1,0.98552114,1
16,27,0,0,0,0.0,0.0,0.0,0.0,0.0,0.0,2.4387918,2.370278,2,-1,0,0.10893301,0
16,2,0,0,0,0.0,0.0,0.0,0.0,0.0,0.0,2.6888404,2.672778,2,-1,0,0.025874719,0
16,5,0,0,0,0.0,0.0,0.0,0.0,0.0,0.0,2.2481942,2.2305555,2,-1,0,0.089845635,0
16,13,1,0,0,163.95804,364.584,302.56854,0.030055957,0.0047142752,-0.0045095165,3.6116738,3.5438888,2,-1,0,0.89105725,1
16,32,0,0,0,0.0,0.0,0.0,0.0,0.0,0.0,2.7324862,2.7538888,2,-1,0,0.105164,0
16,6,1,1,0,203.57968,105.77695,149.41489,0.010746994,-0.0023040092,0.012857993,13.408792,13.39,2,19,1,0.99679285,1
16,30,0,0,0,0.0,0.0,0.0,0.0,0.0,0.0,2.3174584,2.2419446,2,-1,0,0.084728174,0
16,10,0,0,0,0.0,0.0,0.0,0.0,0.0,0.0,2.1344862,2.151389,2,-1,0,0.0828464,0
16,32,1,1,0,-212.44592,-322.26633,406.36954,-0.01739196,-0.003097454,0.021380795,17.045235,16.784721,2,20,1,0.99653757,1
16,22,1,1,0,-217.16075,85.89104,181.69223,0.0073943837,-0.0036349476,0.012086366,15.746716,14.845555,2,21,1,0.92783844,1
16,15,0,0,0,0.0,0.0,0.0,0.0,0.0,0.0,2.1044097,2.0455556,2,-1,0,0.06644814,0
16,22,0,0,0,0.0,0.0,0.0,0.0,0.0,0.0,2.361292,2.335,2,-1,0,0.16762106,0
16,35,0,0,0,0.0,0.0,0.0,0.0,0.0,0.0,2.3336391,2.2405555,2,-1,0,0.13345727,0
16,22,0,0,0,0.0,0.0,0.0,0.0,0.0,0.0,2.4091666,2.4291666,2,-1,0,0.12232233,0
16,29,1,0,0,-197.82117,-161.55588,83.23689,-0.01941264,-0.0032711057,0.008030349,9.719958,9.695,2,-1,0,0.96805704,1
16,38,1,0,0,252.51387,39.06004,248.42293,-0.014927365,0.0029778497,-0.01640568,9.08584,9.020278,2,-1,0,0.9829952,1
16,21,1,0,0,-235.68776,518.9268,314.47678,-0.001864229,-0.010463302,-0.010099569,4.4289794,4.4408336,2,-1,0,0.98155516,1
16,21,1,1,0,-235.68776,518.9268,314.47678,-0.001864229,-0.010463302,-0.010099569,12.014411,11.059722,2,22,1,0.9969805,1
16,21,1,0,0,-235.68776,518.9268,314.47678,-0.001864229,-0.010463302,-0.010099569,2.6434097,2.7630556,2,-1,0,0.19153866,0
16,18,0,0,0,0.0,0.0,0.0,0.0,0.0,0.0,1.9863541,2.0433333,2,-1,0,0.09598277,0
16,5,0,0,0,0.0,0.0,0.0,0.0,0.0,0.0,1.9949443,2.0319445,2,-1,0,0.113485865,0
16,7,0,0,0,0.0,0.0,0.0,0.0,0.0,0.0,2.4714308,2.4916666,2,-1,0,0.09087347,0
16,6,1,0,0,203.57968,105.77695,149.41489,0.010746994,-0.0023040092,0.012857993,3.5062222,3.438611,2,-1,0,0.87280023,1
16,38,1,1,0,252.51387,39.06004,248.42293,-0.014927365,0.0029778497,-0.01640568,13.369687,13.271944,2,23,1,0.97265977,1
16,20,0,0,0,0.0,0.0,0.0,0.0,0.0,0.0,2.3096528,2.35,2,-1,0,0.13998565,0
16,24,0,0,0,0.0,0.0,0.0,0.0,0.0,0.0,2.3636181,2.303611,2,-1,0,0.112926446,0
16,16,1,1,0,255.63147,-149.8286,158.02872,-0.0074386583,-0.0123939365,-0.026983516,16.178688,16.04139,2,24,1,0.9480843,1
16,16,1,0,0,255.63147,-149.8286,158.02872,-0.0074386583,-0.0123939365,-0.026983516,6.628493,6.5652776,2,-1,0,0.965354,1
16,21,0,0,0,0.0,0.0,0.0,0.0,0.0,0.0,2.4697084,2.4194446,2,-1,0,0.14828818,0
16,16,1,0,0,255.63147,-149.8286,158.02872,-0.0074386583,-0.0123939365,-0.026983516,4.5504026,4.2119446,2,-1,0,0.98234046,1
16,5,1,1,0,255.58661,-467.57312,203.08131,0.0034014238,-0.004870113,-0.0067796023,9.863618,4.0725,2,25,1,0.9719712,1
16,35,1,1,0,268.8924,-463.6232,59.69635,-0.011716436,-0.021681504,-0.012886883,27.085974,27.305834,2,26,1,0.99968874,1
16,6,0,0,0,0.0,0.0,0.0,0.0,0.0,0.0,2.1404166,2.1872222,2,-1,0,0.09317494,0
16,37,1,1,0,281.9565,220.70407,367.51532,-0.013056268,0.001394017,0.0016749904,4.791139,4.7644444,2,27,1,0.96889293,1
16,11,0,0,0,0.0,0.0,0.0,0.0,0.0,0.0,2.080882,2.06,2,-1,0,0.11853035,0
16,37,1,0,0,281.9565,220.70407,367.51532,-0.013056268,0.001394017,0.0016749904,3.9176457,3.7380555,2,-1,0,0.7634483,1
16,10,0,0,0,0.0,0.0,0.0,0.0,0.0,0.0,2.5102153,2.6294444,2,-1,0,0.16726108,0
16,21,0,0,0,0.0,0.0,0.0,0.0,0.0,0.0,2.0371876,2.096111,2,-1,0,0.06721988,0
16,27,0,0,0,0.0,0.0,0.0,0.0,0.0,0.0,2.180507,2.129722,2,-1,0,0.038304262,0
16,36,1,0,0,-314.02502,152.77121,154.00453,-0.0059527997,0.006918162,0.0021313303,6.447125,6.5122223,2,-1,0,0.9667937,1
16,33,0,0,0,0.0,0.0,0.0,0.0,0.0,0.0,2.116042,2.116111,2,-1,0,0.0452777,0
16,38,0,0,0,0.0,0.0,0.0,0.0,0.0,0.0,2.142118,2.1469445,2,-1,0,0.015938938,0
16,9,0,0,0,0.0,0.0,0.0,0.0,0.0,0.0,2.0408404,2.1502779,2,-1,0,0.09496231,0
16,31,0,0,0,0.0,0.0,0.0,0.0,0.0,0.0,2.6373265,2.6266668,2,-1,0,0.11129558,0
16,39,1,1,0,300.83755,268.013,116.65819,0.019281251,0.012433141,-0.011338441,23.308043,23.116388,2,28,1,0.9933814,1
16,14,1,0,0,-309.576,555.05774,279.11884,-0.002054102,-0.0030919875,0.0021454059,2.51,2.5330555,2,-1,0,0.15357581,0
16,36,0,0,0,0.0,0.0,0.0,0.0,0.0,0.0,2.6711528,2.62,2,-1,0,0.2154531,0
16,10,0,0,0,0.0,0.0,0.0,0.0,0.0,0.0,2.0764167,2.0155556,2,-1,0,0.07213374,0
16,8,1,0,0,318.2713,104.251274,111.03057,-0.0028378502,0.0034147173,0.044144608,3.8615,3.9797223,2,-1,0,0.9807293,1
16,8,0,0,0,0.0,0.0,0.0,0.0,0.0,0.0,2.1399167,2.0952778,2,-1,0,0.16780284,0
16,14,1,1,0,-309.576,555.05774,279.11884,-0.002054102,-0.0030919875,0.0021454059,3.2032084,3.246389,2,29,1,0.89990187,1
16,29,0,0,0,0.0,0.0,0.0,0.0,0.0,0.0,2.5816808,2.5463889,2,-1,0,0.58532333,1
16,36,1,1,0,-314.02502,152.77121,154.00453,-0.0059527997,0.006918162,0.0021313303,9.187667,9.318334,2,30,1,0.97903925,1
16,10,0,0,0,0.0,0.0,0.0,0.0,0.0,0.0,2.791653,2.7952778,2,-1,0,0.15843478,0
16,8,1,1,0,318.2713,104.251274,111.03057,-0.0028378502,0.0034147173,0.044144608,31.877285,31.821667,2,31,1,0.9999988,1
16,18,0,0,0,0.0,0.0,0.0,0.0,0.0,0.0,2.4712224,2.3991666,2,-1,0,0.12065062,0
16,24,1,0,0,351.86868,-179.2828,153.67976,-0.037543543,-0.042025004,0.0056591434,7.221833,7.159167,2,-1,0,0.949006,1
16,8,1,0,0,318.2713,104.251274,111.03057,-0.0028378502,0.0034147173,0.044144608,7.6753054,7.7672224,2,-1,0,0.9932886,1
16,38,0,0,0,0.0,0.0,0.0,0.0,0.0,0.0,2.4524655,2.3975,2,-1,0,0.0908229,0
16,36,0,0,0,0.0,0.0,0.0,0.0,0.0,0.0,2.1777637,2.1219444,2,-1,0,0.10617117,0
16,24,1,0,0,351.86868,-179.2828,153.67976,-0.037543543,-0.042025004,0.0056591434,5.005736,5.0230556,2,-1,0,0.97567165,1
16,25,0,0,0,0.0,0.0,0.0,0.0,0.0,0.0,2.3817847,2.3058333,2,-1,0,0.090900734,0
16,19,0,0,0,0.0,0.0,0.0,0.0,0.0,0.0,2.0107222,2.0325,2,-1,0,0.08841384,0
16,10,1,1,0,-331.96692,-150.81305,107.27731,-0.013216746,0.009884379,0.003929577,16.308022,12.47,2,32,1,0.99573886,1
16,30,1,1,0,-332.81863,35.72282,170.56396,-0.02140177,-0.0008563338,-0.019565241,28.24125,28.478333,2,33,1,0.90043527,1
16,5,0,0,0,0.0,0.0,0.0,0.0,0.0,0.0,2.1464097,2.0433333,2,-1,0,0.045123275,0
16,4,1,1,0,-334.01453,221.36261,238.09647,-0.016714098,0.0009891673,-0.007106846,9.329084,8.759167,2,34,1,0.9865021,1
16,28,1,1,0,334.2201,26.794788,21.741138,0.01721777,-0.04064749,-0.009878259,27.920637,17.483889,2,35,1,0.99894756,1
16,28,1,0,0,334.2201,26.794788,21.741138,0.01721777,-0.04064749,-0.009878259,10.9927635,11.060833,2,-1,0,0.9955134,1
16,4,1,0,0,-334.01453,221.36261,238.09647,-0.016714098,0.0009891673,-0.007106846,8.155292,7.9791665,2,-1,0,0.9871701,1
16,24,1,0,0,351.86868,-179.2828,153.67976,-0.037543543,-0.042025004,0.0056591434,6.046146,5.9933333,2,-1,0,0.9649314,1
16,18,0,0,0,0.0,0.0,0.0,0.0,0.0,0.0,2.1593125,2.1958334,2,-1,0,0.0940866,0
16,24,1,1,0,351.86868,-179.2828,153.67976,-0.037543543,-0.042025004,0.0056591434,30.54607,30.6475,2,36,1,0.82424927,1
16,36,0,0,0,0.0,0.0,0.0,0.0,0.0,0.0,2.624153,2.6319444,2,-1,0,0.2227568,0
16,27,1,1,0,348.03934,200.76392,313.5501,-0.00815134,0.013537248,-0.014089029,18.22382,15.987223,2,37,1,0.99324024,1
16,1,0,0,0,0.0,0.0,0.0,0.0,0.0,0.0,1.9995415,2.0522223,2,-1,0,0.06631643,0
16,29,0,0,0,0.0,0.0,0.0,0.0,0.0,0.0,2.0794306,2.0316668,2,-1,0,0.09246158,0
16,37,0,0,0,0.0,0.0,0.0,0.0,0.0,0.0,2.2526457,2.2966666,2,-1,0,0.058162306,0
16,28,0,0,0,0.0,0.0,0.0,0.0,0.0,0.0,2.3168888,2.3197222,2,-1,0,0.06922272,0
16,34,0,0,0,0.0,0.0,0.0,0.0,0.0,0.0,2.1386528,2.1194444,2,-1,0,0.073955,0
16,15,0,0,0,0.0,0.0,0.0,0.0,0.0,0.0,1.9582639,2.0155556,2,-1,0,0.11073242,0
16,24,0,0,0,0.0,0.0,0.0,0.0,0.0,0.0,2.260764,2.2805555,2,-1,0,0.0935398,0
16,29,0,0,0,0.0,0.0,0.0,0.0,0.0,0.0,1.8183265,1.8472222,2,-1,0,0.07936552,0
16,30,0,0,0,0.0,0.0,0.0,0.0,0.0,0.0,2.1931112,2.16,2,-1,0,0.11982159,0
16,38,0,0,0,0.0,0.0,0.0,0.0,0.0,0.0,2.735861,2.6855555,2,-1,0,0.18873294,0
16,30,0,0,0,0.0,0.0,0.0,0.0,0.0,0.0,2.480014,2.4608333,2,-1,0,0.1527698,0
16,38,0,0,0,0.0,0.0,0.0,0.0,0.0,0.0,2.2328055,2.2302778,2,-1,0,0.1360528,0
16,6,1,0,0,640.2792,107.79815,91.78904,0.010746994,-0.0023040092,0.012857993,3.0564582,3.0108333,2,-1,0,0.64262176,1
16,13,0,0,0,0.0,0.0,0.0,0.0,0.0,0.0,2.0825763,2.0988889,2,-1,0,0.070228025,0
16,20,0,0,0,0.0,0.0,0.0,0.0,0.0,0.0,2.0887291,2.1666667,2,-1,0,0.10290389,0
16,15,0,0,0,0.0,0.0,0.0,0.0,0.0,0.0,2.4780416,2.4269445,2,-1,0,0.08681452,0
16,17,0,0,0,0.0,0.0,0.0,0.0,0.0,0.0,2.413389,2.4102778,2,-1,0,0.23440425,0
16,33,0,0,0,0.0,0.0,0.0,0.0,0.0,0.0,2.108472,2.1072223,2,-1,0,0.106786296,0
16,40,0,0,0,0.0,0.0,0.0,0.0,0.0,0.0,2.3771389,2.4444444,2,-1,0,0.12997353,0
16,7,0,0,0,0.0,0.0,0.0,0.0,0.0,0.0,2.2770557,2.236389,2,-1,0,0.06443182,0
16,12,0,0,0,0.0,0.0,0.0,0.0,0.0,0.0,2.1209445,2.1527777,2,-1,0,0.096332766,0
16,14,0,0,0,0.0,0.0,0.0,0.0,0.0,0.0,2.4135416,2.4725,2,-1,0,0.11649651,0
16,36,0,0,0,0.0,0.0,0.0,0.0,0.0,0.0,2.1088889,2.083611,2,-1,0,0.10860981,0
17,26,1,1,0,5.9077463,-8.347993,271.32257,-0.0062105167,0.0058005345,-0.013735081,3.9587572,3.9205556,2,0,1,0.9778486,1
17,23,1,1,0,9.849785,-311.73474,160.378,0.004813143,-0.00012397105,0.028596325,10.565785,9.294723,2,1,1,0.9944741,1
17,22,0,0,0,0.0,0.0,0.0,0.0,0.0,0.0,2.249236,2.2386112,2,-1,0,0.09373685,0
17,36,0,0,0,0.0,0.0,0.0,0.0,0.0,0.0,2.0676875,2.0519445,2,-1,0,0.10469374,0
17,2,1,1,0,24.618141,434.35373,52.902794,0.017401453,0.017847968,0.009373661,12.450402,10.682777,2,2,1,0.99862814,1
17,35,0,0,0,0.0,0.0,0.0,0.0,0.0,0.0,1.9797709,2.0916667,2,-1,0,0.10700034,0
17,2,1,0,0,24.618141,434.35373,52.902794,0.017401453,0.017847968,0.009373661,10.575333,10.756389,2,-1,0,0.96364737,1
17,2,1,0,0,24.618141,434.35373,52.902794,0.017401453,0.017847968,0.009373661,5.771479,5.821944,2,-1,0,0.9810689,1
17,27,0,0,0,0.0,0.0,0.0,0.0,0.0,0.0,2.222243,2.221111,2,-1,0,0.11807812,0
17,29,0,0,0,0.0,0.0,0.0,0.0,0.0,0.0,2.8154514,2.7380555,2,-1,0,0.11602595,0
17,33,0,0,0,0.0,0.0,0.0,0.0,0.0,0.0,2.6115832,2.6119444,2,-1,0,0.030361375,0
17,38,0,0,0,0.0,0.0,0.0,0.0,0.0,0.0,3.006007,3.0911112,2,-1,0,0.33682182,0
17,8,0,0,0,0.0,0.0,0.0,0.0,0.0,0.0,2.1779444,2.148611,2,-1,0,0.06272019,0
17,2,0,0,0,0.0,0.0,0.0,0.0,0.0,0.0,2.140111,2.15,2,-1,0,0.09783228,0
17,14,1,1,0,39.641296,420.56412,24.210775,0.03882371,0.009761277,-0.025485443,48.01841,47.333332,2,3,1,0.9987857,1
17,37,1,1,0,41.652683,-199.62613,11.68162,-0.006227032,-0.000679919,-0.01665688,12.377507,12.418889,2,4,1,0.99066645,1
17,9,0,0,0,0.0,0.0,0.0,0.0,0.0,0.0,1.9896946,2.0527778,2,-1,0,0.064096086,0
17,19,0,0,0,0.0,0.0,0.0,0.0,0.0,0.0,2.556396,2.5569444,2,-1,0,0.14373271,0
17,13,0,0,0,0.0,0.0,0.0,0.0,0.0,0.0,2.0689445,2.0991666,2,-1,0,0.1002814,0
17,25,0,0,0,0.0,0.0,0.0,0.0,0.0,0.0,2.176653,2.1302779,2,-1,0,0.06081593,0
17,13,0,0,0,0.0,0.0,0.0,0.0,0.0,0.0,2.5820556,2.575,2,-1,0,0.08328045,0
17,16,0,0,0,0.0,0.0,0.0,0.0,0.0,0.0,2.311868,2.2922223,2,-1,0,0.047603067,0
17,37,0,0,0,0.0,0.0,0.0,0.0,0.0,0.0,2.156514,2.2194445,2,-1,0,0.115334734,0
17,32,0,0,0,0.0,0.0,0.0,0.0,0.0,0.0,2.3491113,2.3402777,2,-1,0,0.046646055,0
17,2,0,0,0,0.0,0.0,0.0,0.0,0.0,0.0,2.1150832,2.1647222,2,-1,0,0.15621693,0
17,36,0,0,0,0.0,0.0,0.0,0.0,0.0,0.0,2.1018472,2.1219444,2,-1,0,0.07391591,0
17,13,0,0,0,0.0,0.0,0.0,0.0,0.0,0.0,2.33784,2.3383334,2,-1,0,0.08293184,0
17,7,1,1,0,62.12946,142.03314,453.87567,0.016962258,-0.003279817,0.0022372054,20.92046,21.046112,2,5,1,0.9927557,1
17,8,0,0,0,0.0,0.0,0.0,0.0,0.0,0.0,2.3120139,2.3880556,2,-1,0,0.09423847,0
17,23,0,0,0,0.0,0.0,0.0,0.0,0.0,0.0,2.559472,2.478611,2,-1,0,0.09973398,0
17,37,0,0,0,0.0,0.0,0.0,0.0,0.0,0.0,2.5331874,2.5038888,2,-1,0,0.0979601,0
17,40,0,0,0,0.0,0.0,0.0,0.0,0.0,0.0,2.4848335,2.546111,2,-1,0,0.30705172,0
17,36,0,0,0,0.0,0.0,0.0,0.0,0.0,0.0,2.4093196,2.32,2,-1,0,0.10417976,0
17,39,0,0,0,0.0,0.0,0.0,0.0,0.0,0.0,2.8106596,2.4033334,2,-1,0,0.58334327,1
17,23,0,0,0,0.0,0.0,0.0,0.0,0.0,0.0,2.5479581,2.5138888,2,-1,0,0.112394914,0
17,35,0,0,0,0.0,0.0,0.0,0.0,0.0,0.0,2.334396,2.3447223,2,-1,0,0.05274691,0
17,35,0,0,0,0.0,0.0,0.0,0.0,0.0,0.0,2.2879443,2.253611,2,-1,0,0.10519114,0
17,9,0,0,0,0.0,0.0,0.0,0.0,0.0,0.0,2.4288335,2.4027777,2,-1,0,0.10472975,0
17,36,0,0,0,0.0,0.0,0.0,0.0,0.0,0.0,2.5014722,2.5525,2,-1,0,0.10391177,0
17,2,0,0,0,0.0,0.0,0.0,0.0,0.0,0.0,2.0345554,2.031389,2,-1,0,0.068236105,0
17,16,0,0,0,0.0,0.0,0.0,0.0,0.0,0.0,2.1511528,2.0747223,2,-1,0,0.09948418,0
17,1,0,0,0,0.0,0.0,0.0,0.0,0.0,0.0,2.8505557,2.7925,2,-1,0,0.18305917,0
17,35,0,0,0,0.0,0.0,0.0,0.0,0.0,0.0,2.2920349,2.307778,2,-1,0,0.19000177,0
17,7,0,0,0,0.0,0.0,0.0,0.0,0.0,0.0,2.647736,2.7305555,2,-1,0,0.18581371,0
17,31,0,0,0,0.0,0.0,0.0,0.0,0.0,0.0,2.067354,2.0325,2,-1,0,0.0690378,0
17,20,0,0,0,0.0,0.0,0.0,0.0,0.0,0.0,2.4873059,2.476389,2,-1,0,0.12388146,0
17,19,0,0,0,0.0,0.0,0.0,0.0,0.0,0.0,2.2207363,2.295,2,-1,0,0.12878755,0
17,17,0,0,0,0.0,0.0,0.0,0.0,0.0,0.0,2.1009376,2.0622222,2,-1,0,0.08218159,0
17,40,0,0,0,0.0,0.0,0.0,0.0,0.0,0.0,2.0699444,2.0105555,2,-1,0,0.06407784,0
17,17,0,0,0,0.0,0.0,0.0,0.0,0.0,0.0,2.4209445,2.4308333,2,-1,0,0.12133401,0
17,17,0,0,0,0.0,0.0,0.0,0.0,0.0,0.0,2.1526945,2.1169446,2,-1,0,0.11531897,0
17,40,0,0,0,0.0,0.0,0.0,0.0,0.0,0.0,2.0652847,2.118611,2,-1,0,0.07709756,0
17,34,1,0,0,-163.81503,497.20715,74.57752,-0.0014446024,-0.007196342,-0.015657566,2.279465,2.3469443,2,-1,0,0.08797682,0
17,34,1,1,0,-163.81503,497.20715,74.57752,-0.0014446024,-0.007196342,-0.015657566,19.77126,19.603333,2,6,1,0.9672761,1
17,26,0,0,0,0.0,0.0,0.0,0.0,0.0,0.0,2.4215555,2.4672222,2,-1,0,0.11460283,0
17,14,0,0,0,0.0,0.0,0.0,0.0,0.0,0.0,2.4968612,2.4780555,2,-1,0,0.10209093,0
17,40,0,0,0,0.0,0.0,0.0,0.0,0.0,0.0,2.3707917,2.3636112,2,-1,0,0.07685329,0
17,4,1,1,0,-168.2136,-348.20007,43.84381,-0.014500236,-0.008582736,0.0059272684,18.413507,18.243055,2,7,1,0.9996393,1
17,30,0,0,0,0.0,0.0,0.0,0.0,0.0,0.0,2.2181528,2.1975,2,-1,0,0.1801772,0
17,9,1,1,0,181.9572,-89.7413,158.78728,0.006913178,-0.014881732,-0.014300944,21.655214,16.651667,2,8,1,0.9997415,1
17,6,0,0,0,0.0,0.0,0.0,0.0,0.0,0.0,2.2743125,2.301389,2,-1,0,0.11177987,0
17,13,1,1,0,179.78514,507.49814,81.98513,0.0012676468,-0.030278785,0.008959791,15.710202,16.091944,2,9,1,0.9658767,1
17,13,1,0,0,179.78514,507.49814,81.98513,0.0012676468,-0.030278785,0.008959791,4.6388817,4.6919446,2,-1,0,0.99338454,1
17,28,0,0,0,0.0,0.0,0.0,0.0,0.0,0.0,2.3690696,2.3644445,2,-1,0,0.039328307,0
17,13,1,0,0,179.78514,507.49814,81.98513,0.0012676468,-0.030278785,0.008959791,2.0971181,2.0394444,2,-1,0,0.16054557,0
17,13,1,0,0,179.78514,507.49814,81.98513,0.0012676468,-0.030278785,0.008959791,2.198993,2.2455556,2,-1,0,0.3260804,0
17,8,1,1,0,-221.43573,-468.11252,224.41524,0.01781856,0.0041996012,-0.008387461,3.2112641,3.1958334,2,10,1,0.8957146,1
17,35,1,1,0,-183.55904,217.83739,345.85736,-0.006996512,0.00693784,0.0025465512,6.8345137,6.9569445,2,11,1,0.98722225,1
17,35,1,0,0,-183.55904,217.83739,345.85736,-0.006996512,0.00693784,0.0025465512,2.5466526,2.4755557,2,-1,0,0.15953735,0
17,30,0,0,0,0.0,0.0,0.0,0.0,0.0,0.0,2.8014793,2.7247221,2,-1,0,0.0688459,0
17,18,1,1,0,191.07219,193.73312,272.78195,-0.012814223,-0.0101691615,-0.0063281036,18.679098,18.565277,2,12,1,0.9859035,1
17,20,0,0,0,0.0,0.0,0.0,0.0,0.0,0.0,2.3748055,2.361389,2,-1,0,0.0826082,0
17,1,1,1,0,190.80565,232.95567,201.40251,0.029396256,-0.011706785,0.0005204549,33.517082,33.433887,2,13,1,0.9963728,1
17,18,1,0,0,191.07219,193.73312,272.78195,-0.012814223,-0.0101691615,-0.0063281036,2.5509722,2.518889,2,-1,0,0.055778097,0
17,21,1,1,0,-197.20624,281.82425,210.86,0.00407528,0.009935693,-0.0024871435,12.025173,12.025278,2,14,1,0.97099584,1
17,25,0,0,0,0.0,0.0,0.0,0.0,0.0,0.0,2.11625,2.1263888,2,-1,0,0.08270206,0
17,12,0,0,0,0.0,0.0,0.0,0.0,0.0,0.0,2.235521,2.1719444,2,-1,0,0.13114348,0
17,24,0,0,0,0.0,0.0,0.0,0.0,0.0,0.0,2.7467222,2.7430556,2,-1,0,0.19912547,0
17,20,0,0,0,0.0,0.0,0.0,0.0,0.0,0.0,3.3978195,-1.0,2,-1,0,0.88685846,1
17,29,0,0,0,0.0,0.0,0.0,0.0,0.0,0.0,6.154021,-1.0,2,-1,0,0.9811643,1
17,14,0,0,0,0.0,0.0,0.0,0.0,0.0,0.0,1.9579723,2.0505555,2,-1,0,0.052845586,0
17,33,1,1,0,-217.28535,-493.26123,172.37085,-0.005144197,-0.0023698902,-0.0021599985,7.896445,4.661389,2,15,1,0.9574957,1
17,8,0,0,0,0.0,0.0,0.0,0.0,0.0,0.0,20.82532,-1.0,2,-1,0,0.97670126,1
17,12,0,0,0,0.0,0.0,0.0,0.0,0.0,0.0,2.5341942,2.5333333,2,-1,0,0.107444495,0
17,28,0,0,0,0.0,0.0,0.0,0.0,0.0,0.0,1.9320834,2.0275,2,-1,0,0.064293884,0
17,29,0,0,0,0.0,0.0,0.0,0.0,0.0,0.0,2.8787358,2.8866668,2,-1,0,0.319501,0
17,34,0,0,0,0.0,0.0,0.0,0.0,0.0,0.0,2.7360208,2.746389,2,-1,0,0.098358005,0
17,5,1,1,0,-226.66911,80.63035,427.22595,0.0013194238,-0.005962748,-0.013760195,14.895194,15.183611,2,16,1,0.990644,1
17,15,1,1,0,-228.97758,580.9499,294.84195,0.006990326,0.01854395,-0.0021965129,11.623923,11.571111,2,17,1,0.99704903,1
17,19,1,1,0,-229.05443,-179.2629,352.93875,0.0016725112,0.0014548406,0.011759337,10.003764,9.837222,2,18,1,0.99230134,1
17,3,0,0,0,0.0,0.0,0.0,0.0,0.0,0.0,2.1125693,2.0430555,2,-1,0,0.058174554,0
17,34,0,0,0,0.0,0.0,0.0,0.0,0.0,0.0,2.5388334,2.5391667,2,-1,0,0.14800075,0
17,6,0,0,0,0.0,0.0,0.0,0.0,0.0,0.0,2.1327431,2.0919445,2,-1,0,0.044235084,0
17,38,1,1,0,-244.68317,215.83952,371.10126,5.972922e-05,0.018105285,-0.037965287,22.714535,22.750278,2,19,1,0.9760675,1
17,38,1,0,0,-244.68317,215.83952,371.10126,5.972922e-05,0.018105285,-0.037965287,17.096062,16.132223,2,-1,0,0.9959715,1
17,12,0,0,0,0.0,0.0,0.0,0.0,0.0,0.0,2.19675,2.2477777,2,-1,0,0.081725925,0
17,23,0,0,0,0.0,0.0,0.0,0.0,0.0,0.0,2.264486,2.1277778,2,-1,0,0.10859148,0
17,22,0,0,0,0.0,0.0,0.0,0.0,0.0,0.0,4.177056,-1.0,2,-1,0,0.9634488,1
17,40,1,1,0,-262.24783,322.89548,364.4329,0.01337167,0.004432487,0.009356706,13.701834,13.779445,2,20,1,0.9848284,1
17,31,1,1,0,259.24222,301.93634,407.7561,-0.017381042,-0.0016448455,0.019525142,18.677074,18.707222,2,21,1,0.9951167,1
17,6,0,0,0,0.0,0.0,0.0,0.0,0.0,0.0,2.101361,2.145,2,-1,0,0.16329725,0
17,31,1,0,0,259.24222,301.93634,407.7561,-0.017381042,-0.0016448455,0.019525142,8.929222,8.770833,2,-1,0,0.9836795,1
17,3,1,1,0,259.63428,564.12604,451.93152,-0.011053997,-0.012267293,0.010748708,19.44216,19.498888,2,22,1,0.99892694,1
17,16,0,0,0,0.0,0.0,0.0,0.0,0.0,0.0,2.4762223,2.4477777,2,-1,0,0.11608147,0
17,40,1,0,0,-262.24783,322.89548,364.4329,0.01337167,0.004432487,0.009356706,2.6255972,2.6288888,2,-1,0,0.27833697,0
17,24,0,0,0,0.0,0.0,0.0,0.0,0.0,0.0,2.0475278,2.0608332,2,-1,0,0.09298177,0
17,4,0,0,0,0.0,0.0,0.0,0.0,0.0,0.0,2.4065971,2.441111,2,-1,0,0.18603715,0
17,4,0,0,0,0.0,0.0,0.0,0.0,0.0,0.0,2.403653,2.4655557,2,-1,0,0.1775473,0
17,37,0,0,0,0.0,0.0,0.0,0.0,0.0,0.0,2.5055418,2.5722222,2,-1,0,0.1625997,0
17,1,0,0,0,0.0,0.0,0.0,0.0,0.0,0.0,2.1265764,2.0205555,2,-1,0,0.04645839,0
17,27,0,0,0,0.0,0.0,0.0,0.0,0.0,0.0,2.263361,2.2416666,2,-1,0,0.09410985,0
17,11,1,1,0,-267.81046,-85.86718,161.18594,-0.003632816,0.013749093,0.004031805,9.1454735,5.463611,2,23,1,0.9813044,1
17,18,0,0,0,0.0,0.0,0.0,0.0,0.0,0.0,2.407153,2.345,2,-1,0,0.09817394,0
17,16,1,1,0,-268.91922,178.93819,216.03786,-0.026926301,-0.00960123,0.02149957,31.527206,33.150276,2,24,1,0.99338794,1
17,17,1,1,0,-269.99963,445.49173,315.44977,-0.005559637,0.0143130645,0.009742059,15.456862,7.106111,2,25,1,0.9887965,1
17,11,1,0,0,-267.81046,-85.86718,161.18594,-0.003632816,0.013749093,0.004031805,3.2920556,3.3066666,2,-1,0,0.4942273,0
17,31,1,0,0,259.24222,301.93634,407.7561,-0.017381042,-0.0016448455,0.019525142,3.440507,3.421111,2,-1,0,0.95897096,1
17,10,1,1,0,-274.42984,264.86807,188.17601,-0.018440368,-0.0017263772,-0.011155311,20.94861,15.32,2,26,1,0.9916516,1
17,22,1,0,0,-287.0728,-116.8357,248.8909,0.031049784,-0.026486276,-0.022606416,4.0961456,4.1738887,2,-1,0,0.936075,1
17,20,0,0,0,0.0,0.0,0.0,0.0,0.0,0.0,2.4535902,2.3555555,2,-1,0,0.10168841,0
17,22,1,1,0,-287.0728,-116.8357,248.8909,0.031049784,-0.026486276,-0.022606416,35.142117,35.185,2,27,1,0.9684759,1
17,25,1,1,0,-279.33173,-386.71,76.70853,0.0071671894,-0.0068434323,-0.0040619345,12.315611,12.131389,2,28,1,0.9897223,1
17,36,1,1,0,-284.2062,-330.07877,138.54582,0.016632328,0.0027113466,0.0112328185,20.162964,20.104723,2,29,1,0.9930328,1
17,19,0,0,0,0.0,0.0,0.0,0.0,0.0,0.0,2.1966112,2.2061112,2,-1,0,0.09431117,0
17,36,0,0,0,0.0,0.0,0.0,0.0,0.0,0.0,2.0032709,2.0580556,2,-1,0,0.07906518,0
17,18,0,0,0,0.0,0.0,0.0,0.0,0.0,0.0,2.7584863,2.7575,2,-1,0,0.29574406,0
17,10,0,0,0,0.0,0.0,0.0,0.0,0.0,0.0,2.0783331,2.0933332,2,-1,0,0.09480849,0
17,31,0,0,0,0.0,0.0,0.0,0.0,0.0,0.0,2.2279723,2.1619444,2,-1,0,0.10419928,0
17,24,0,0,0,0.0,0.0,0.0,0.0,0.0,0.0,2.3713403,2.4494445,2,-1,0,0.108458735,0
17,21,0,0,0,0.0,0.0,0.0,0.0,0.0,0.0,2.3515072,2.3569446,2,-1,0,0.08982403,0
17,29,0,0,0,0.0,0.0,0.0,0.0,0.0,0.0,2.3136945,2.2061112,2,-1,0,0.09531181,0
17,15,0,0,0,0.0,0.0,0.0,0.0,0.0,0.0,2.604618,2.5947223,2,-1,0,0.12419676,0
17,29,0,0,0,0.0,0.0,0.0,0.0,0.0,0.0,2.271875,2.2358334,2,-1,0,0.07475408,0
17,12,1,0,0,-297.04254,-400.11786,21.021296,-0.030132374,0.0018232536,-0.008971276,5.112764,5.0655556,2,-1,0,0.9969874,1
17,40,0,0,0,0.0,0.0,0.0,0.0,0.0,0.0,2.5883403,2.6755555,2,-1,0,0.13975905,0
17,12,1,1,0,-297.04254,-400.11786,21.021296,-0.030132374,0.0018232536,-0.008971276,12.713311,12.747778,2,30,1,0.9770592,1
17,32,0,0,0,0.0,0.0,0.0,0.0,0.0,0.0,2.128389,2.1333334,2,-1,0,0.09406977,0
17,27,1,1,0,299.2306,242.89447,26.274544,0.013609079,-0.017524539,-0.021045165,25.610243,21.528334,2,31,1,0.9667227,1
17,21,0,0,0,0.0,0.0,0.0,0.0,0.0,0.0,2.3421946,2.3394444,2,-1,0,0.13473709,0
17,25,0,0,0,0.0,0.0,0.0,0.0,0.0,0.0,2.096375,2.0966666,2,-1,0,0.07217451,0
17,22,0,0,0,0.0,0.0,0.0,0.0,0.0,0.0,2.1375625,2.1355555,2,-1,0,0.06874878,0
17,5,0,0,0,0.0,0.0,0.0,0.0,0.0,0.0,2.2136805,2.1952777,2,-1,0,0.099419974,0
17,36,1,0,0,-284.2062,-330.07877,138.54582,0.016632328,0.0027113466,0.0112328185,2.7110276,2.748889,2,-1,0,0.15563989,0
17,31,0,0,0,0.0,0.0,0.0,0.0,0.0,0.0,1.9599305,2.0297222,2,-1,0,0.07272284,0
17,6,1,1,0,316.5762,-360.42834,350.33817,0.0009400127,-0.006868739,0.00584812,8.650333,7.5227776,2,32,1,0.997147,1
17,12,1,0,0,-297.04254,-400.11786,21.021296,-0.030132374,0.0018232536,-0.008971276,8.14725,8.193055,2,-1,0,0.97347057,1
17,32,1,0,0,325.09113,256.44885,404.7102,-0.0038806938,0.010102753,0.021079546,6.9677777,7.0080557,2,-1,0,0.98532814,1
17,13,0,0,0,0.0,0.0,0.0,0.0,0.0,0.0,2.5749097,2.5183334,2,-1,0,0.084739104,0
17,32,1,1,0,325.09113,256.44885,404.7102,-0.0038806938,0.010102753,0.021079546,7.935694,8.004444,2,33,1,0.97638875,1
17,32,1,0,0,325.09113,256.44885,404.7102,-0.0038806938,0.010102753,0.021079546,7.457882,6.5183334,2,-1,0,0.9774252,1
17,16,0,0,0,0.0,0.0,0.0,0.0,0.0,0.0,2.2995973,2.258889,2,-1,0,0.11135106,0
17,24,1,1,0,-327.55643,26.798265,385.35898,-0.002431262,-0.012924522,-0.007951307,13.630049,7.8908334,2,34,1,0.9811818,1
17,39,0,0,0,0.0,0.0,0.0,0.0,0.0,0.0,2.1097639,2.1088889,2,-1,0,0.15153421,0
17,10,0,0,0,0.0,0.0,0.0,0.0,0.0,0.0,2.159278,2.1572223,2,-1,0,0.10296881,0
17,10,0,0,0,0.0,0.0,0.0,0.0,0.0,0.0,2.040861,2.1511111,2,-1,0,0.11471775,0
17,30,1,1,0,336.28717,38.67606,438.41214,0.006516693,0.018020052,-0.009195594,9.1289015,8.071667,2,35,1,0.9975116,1
17,17,0,0,0,0.0,0.0,0.0,0.0,0.0,0.0,2.726243,2.723611,2,-1,0,0.61815727,1
17,16,0,0,0,0.0,0.0,0.0,0.0,0.0,0.0,2.045507,2.0869443,2,-1,0,0.1051002,0
17,39,1,1,0,-337.6259,75.07309,159.31732,0.005278726,-0.00505292,-0.015478055,11.909354,11.513611,2,36,1,0.93645686,1
17,9,0,0,0,0.0,0.0,0.0,0.0,0.0,0.0,2.4637082,2.4580555,2,-1,0,0.084742285,0
17,35,0,0,0,0.0,0.0,0.0,0.0,0.0,0.0,2.210861,2.1930556,2,-1,0,0.13555752,0
17,30,1,0,0,336.28717,38.67606,438.41214,0.006516693,0.018020052,-0.009195594,8.495722,8.536944,2,-1,0,0.96571964,1
17,39,1,0,0,-337.6259,75.07309,159.31732,0.005278726,-0.00505292,-0.015478055,2.809528,2.7641666,2,-1,0,0.48729444,0
17,22,0,0,0,0.0,0.0,0.0,0.0,0.0,0.0,2.7312152,2.6522222,2,-1,0,0.2170897,0
17,13,0,0,0,0.0,0.0,0.0,0.0,0.0,0.0,2.1327777,2.0722222,2,-1,0,0.09191229,0
17,22,0,0,0,0.0,0.0,0.0,0.0,0.0,0.0,2.4255626,2.415,2,-1,0,0.08624853,0
17,29,0,0,0,0.0,0.0,0.0,0.0,0.0,0.0,2.4877155,2.4197223,2,-1,0,0.25444162,0
17,30,0,0,0,0.0,0.0,0.0,0.0,0.0,0.0,2.1980696,2.251111,2,-1,0,0.11387561,0
17,8,0,0,0,0.0,0.0,0.0,0.0,0.0,0.0,2.588625,2.5619445,2,-1,0,0.1369162,0
17,14,0,0,0,0.0,0.0,0.0,0.0,0.0,0.0,2.3160973,2.3030555,2,-1,0,0.13184838,0
17,32,0,0,0,0.0,0.0,0.0,0.0,0.0,0.0,2.0298889,2.0194445,2,-1,0,0.071952455,0
17,11,0,0,0,0.0,0.0,0.0,0.0,0.0,0.0,2.249236,2.2341666,2,-1,0,0.031252436,0
17,29,0,0,0,0.0,0.0,0.0,0.0,0.0,0.0,2.377736,2.308889,2,-1,0,0.09040094,0
17,10,0,0,0,0.0,0.0,0.0,0.0,0.0,0.0,2.1742709,2.1419444,2,-1,0,0.063889906,0
17,22,0,0,0,0.0,0.0,0.0,0.0,0.0,0.0,2.159771,2.2075,2,-1,0,0.06710869,0
17,24,0,0,0,0.0,0.0,0.0,0.0,0.0,0.0,2.1061738,2.1569445,2,-1,0,0.07225324,0
17,20,0,0,0,0.0,0.0,0.0,0.0,0.0,0.0,2.0235555,2.0697222,2,-1,0,0.1081694,0
17,11,0,0,0,0.0,0.0,0.0,0.0,0.0,0.0,2.4019651,2.3344445,2,-1,0,0.052131183,0
17,6,0,0,0,0.0,0.0,0.0,0.0,0.0,0.0,2.2827084,2.3025,2,-1,0,0.09883823,0
17,13,0,0,0,0.0,0.0,0.0,0.0,0.0,0.0,2.0361943,2.0358334,2,-1,0,0.11060864,0
17,40,0,0,0,0.0,0.0,0.0,0.0,0.0,0.0,2.4774375,2.405,2,-1,0,0.1273832,0
17,16,0,0,0,0.0,0.0,0.0,0.0,0.0,0.0,2.5338054,2.6288888,2,-1,0,0.13559037,0
17,20,0,0,0,0.0,0.0,0.0,0.0,0.0,0.0,2.107507,2.0775,2,-1,0,0.09238728,0
17,32,0,0,0,0.0,0.0,0.0,0.0,0.0,0.0,2.4012918,2.4027777,2,-1,0,0.14055444,0
17,8,0,0,0,0.0,0.0,0.0,0.0,0.0,0.0,2.096111,2.0763888,2,-1,0,0.041055337,0
17,25,0,0,0,0.0,0.0,0.0,0.0,0.0,0.0,2.3890972,2.4355555,2,-1,0,0.10944589,0
17,29,0,0,0,0.0,0.0,0.0,0.0,0.0,0.0,2.290264,2.29,2,-1,0,0.12029203,0
18,31,0,0,0,0.0,0.0,0.0,0.0,0.0,0.0,2.5815835,2.5647223,2,-1,0,0.1002902,0
18,16,0,0,0,0.0,0.0,0.0,0.0,0.0,0.0,2.2896667,2.2533333,2,-1,0,0.09797476,0
18,38,0,0,0,0.0,0.0,0.0,0.0,0.0,0.0,2.161222,2.1558332,2,-1,0,0.08422884,0
18,12,0,0,0,0.0,0.0,0.0,0.0,0.0,0.0,2.1896527,2.2033334,2,-1,0,0.09777886,0
18,4,0,0,0,0.0,0.0,0.0,0.0,0.0,0.0,2.2483125,2.2866666,2,-1,0,0.11300918,0
18,15,0,0,0,0.0,0.0,0.0,0.0,0.0,0.0,2.035639,2.0341666,2,-1,0,0.10234399,0
18,27,0,0,0,0.0,0.0,0.0,0.0,0.0,0.0,2.7121944,2.6472223,2,-1,0,0.15688816,0
18,40,0,0,0,0.0,0.0,0.0,0.0,0.0,0.0,2.3815835,2.3211112,2,-1,0,0.13403761,0
18,27,0,0,0,0.0,0.0,0.0,0.0,0.0,0.0,2.5215,2.5186112,2,-1,0,0.19191767,0
18,23,0,0,0,0.0,0.0,0.0,0.0,0.0,0.0,3.1177778,2.9647222,2,-1,0,0.521148,1
18,36,0,0,0,0.0,0.0,0.0,0.0,0.0,0.0,19.292696,-1.0,2,-1,0,0.99999213,1
18,39,0,0,0,0.0,0.0,0.0,0.0,0.0,0.0,2.549389,2.521111,2,-1,0,0.25547153,0
18,20,1,0,0,37.89447,-502.3638,127.81874,0.0014569985,0.018012337,-0.005223391,3.0621042,2.925,2,-1,0,0.61333746,1
18,11,1,0,0,55.48951,122.640816,64.874954,-0.011266313,-0.023202317,-0.017359085,15.594403,15.421945,2,-1,0,0.98805374,1
18,20,1,0,0,37.89447,-502.3638,127.81874,0.0014569985,0.018012337,-0.005223391,2.6205974,2.6052778,2,-1,0,0.13409616,0
18,37,1,0,0,-52.27885,211.12454,351.2274,0.04189062,0.0051860157,0.021928955,4.2906528,4.1741667,2,-1,0,0.8318788,1
18,12,1,1,0,34.675095,567.07214,289.64767,0.015371417,-0.0038098283,0.007877088,21.266298,21.191668,2,0,1,0.9789588,1
18,20,1,1,0,37.89447,-502.3638,127.81874,0.0014569985,0.018012337,-0.005223391,14.837055,9.449722,2,1,1,0.9634726,1
18,37,1,1,0,-52.27885,211.12454,351.2274,0.04189062,0.0051860157,0.021928955,30.986341,50.72111,2,2,1,0.97099596,1
18,38,0,0,0,0.0,0.0,0.0,0.0,0.0,0.0,2.1363819,2.1408334,2,-1,0,0.017109655,0
18,19,0,0,0,0.0,0.0,0.0,0.0,0.0,0.0,2.061882,2.0238888,2,-1,0,0.094162874,0
18,15,0,0,0,0.0,0.0,0.0,0.0,0.0,0.0,2.5410554,2.5430555,2,-1,0,0.1446706,0
18,16,0,0,0,0.0,0.0,0.0,0.0,0.0,0.0,2.7633681,2.6769445,2,-1,0,0.12763014,0
18,37,0,0,0,0.0,0.0,0.0,0.0,0.0,0.0,2.1568887,2.1252778,2,-1,0,0.101511456,0
18,20,1,0,0,37.89447,-502.3638,127.81874,0.0014569985,0.018012337,-0.005223391,4.419153,4.4708333,2,-1,0,0.84373355,1
18,11,1,1,0,55.48951,122.640816,64.874954,-0.011266313,-0.023202317,-0.017359085,18.670464,18.77111,2,3,1,0.99373853,1
18,5,0,0,0,0.0,0.0,0.0,0.0,0.0,0.0,2.173514,2.1430554,2,-1,0,0.11240095,0
18,31,0,0,0,0.0,0.0,0.0,0.0,0.0,0.0,2.0977151,2.16,2,-1,0,0.052592907,0
18,6,0,0,0,0.0,0.0,0.0,0.0,0.0,0.0,2.7539582,2.756389,2,-1,0,0.26225534,0
18,26,0,0,0,0.0,0.0,0.0,0.0,0.0,0.0,2.4036252,2.2005556,2,-1,0,0.03395944,0
18,8,0,0,0,0.0,0.0,0.0,0.0,0.0,0.0,2.0817778,2.101389,2,-1,0,0.12636735,0
18,24,0,0,0,0.0,0.0,0.0,0.0,0.0,0.0,2.1673057,2.195,2,-1,0,0.07588118,0
18,15,0,0,0,0.0,0.0,0.0,0.0,0.0,0.0,2.6553612,2.5883334,2,-1,0,0.31127208,0
18,20,0,0,0,0.0,0.0,0.0,0.0,0.0,0.0,1.998361,2.0275,2,-1,0,0.047826175,0
18,11,1,0,0,55.48951,122.640816,64.874954,-0.011266313,-0.023202317,-0.017359085,2.9698265,2.9477777,2,-1,0,0.33344877,0
18,25,0,0,0,0.0,0.0,0.0,0.0,0.0,0.0,2.3632221,2.4277778,2,-1,0,0.07738512,0
18,4,0,0,0,0.0,0.0,0.0,0.0,0.0,0.0,2.5739722,2.4738889,2,-1,0,0.16791186,0
18,1,1,0,0,112.31135,287.95435,249.70413,-0.014005493,0.013662298,0.008037108,6.6652985,6.4419446,2,-1,0,0.98214793,1
18,27,0,0,0,0.0,0.0,0.0,0.0,0.0,0.0,2.0011806,2.028889,2,-1,0,0.10595221,0
18,32,1,1,0,-79.61854,-284.19083,157.09763,0.0060296413,0.00429497,-0.009311743,8.096084,8.044444,2,4,1,0.9865689,1
18,9,0,0,0,0.0,0.0,0.0,0.0,0.0,0.0,2.697479,2.6694446,2,-1,0,0.12770744,0
18,2,0,0,0,0.0,0.0,0.0,0.0,0.0,0.0,2.2899444,2.2494445,2,-1,0,0.037123192,0
18,3,0,0,0,0.0,0.0,0.0,0.0,0.0,0.0,2.1430626,2.2275,2,-1,0,0.10025574,0
18,19,1,1,0,-84.12179,-53.364086,174.96931,-0.0058350507,-0.015635842,-0.00033501594,12.692341,12.581388,2,5,1,0.96718675,1
18,27,1,1,0,84.00189,161.65019,207.19934,0.01331072,-0.013065197,0.003121643,22.449528,22.659166,2,6,1,0.9999716,1
18,27,1,0,0,84.00189,161.65019,207.19934,0.01331072,-0.013065197,0.003121643,2.6789165,2.6822221,2,-1,0,0.17312765,0
18,37,1,0,0,-52.27885,211.12454,351.2274,0.04189062,0.0051860157,0.021928955,2.1206112,2.0663888,2,-1,0,0.07428368,0
18,11,0,0,0,0.0,0.0,0.0,0.0,0.0,0.0,3.094111,3.0447223,2,-1,0,0.76620823,1
18,35,0,0,0,0.0,0.0,0.0,0.0,0.0,0.0,2.1623333,2.2586112,2,-1,0,0.08717632,0
18,33,0,0,0,0.0,0.0,0.0,0.0,0.0,0.0,2.067222,2.0605555,2,-1,0,0.12113004,0
18,25,1,0,0,-100.111626,-66.06138,149.55745,0.018410712,-0.015021003,-0.015034844,3.5898888,3.5233333,2,-1,0,0.9383798,1
18,1,1,0,0,112.31135,287.95435,249.70413,-0.014005493,0.013662298,0.008037108,4.1577153,4.0913887,2,-1,0,0.98304754,1
18,19,1,0,0,-84.12179,-53.364086,174.96931,-0.0058350507,-0.015635842,-0.00033501594,2.3996458,2.3327777,2,-1,0,0.1311286,0
18,19,1,0,0,-84.12179,-53.364086,174.96931,-0.0058350507,-0.015635842,-0.00033501594,2.0853958,2.178611,2,-1,0,0.07404013,0
18,16,0,0,0,0.0,0.0,0.0,0.0,0.0,0.0,2.3621666,2.355,2,-1,0,0.08969975,0
18,31,0,0,0,0.0,0.0,0.0,0.0,0.0,0.0,2.5907848,2.4202778,2,-1,0,0.029592566,0
18,17,1,0,0,-113.72339,-145.90894,70.69195,-0.007696982,-0.0044317394,0.0367613,5.355,5.333611,2,-1,0,0.9553277,1
18,25,1,0,0,-100.111626,-66.06138,149.55745,0.018410712,-0.015021003,-0.015034844,3.409861,3.341389,2,-1,0,0.8082568,1
18,25,1,1,0,-100.111626,-66.06138,149.55745,0.018410712,-0.015021003,-0.015034844,23.60034,23.859444,2,7,1,0.98643094,1
18,25,1,0,0,-100.111626,-66.06138,149.55745,0.018410712,-0.015021003,-0.015034844,2.4183822,2.4083333,2,-1,0,0.13374656,0
18,22,0,0,0,0.0,0.0,0.0,0.0,0.0,0.0,2.0005417,2.0544446,2,-1,0,0.075220495,0
18,25,1,0,0,-100.111626,-66.06138,149.55745,0.018410712,-0.015021003,-0.015034844,2.3066666,2.3477778,2,-1,0,0.11298307,0
18,23,0,0,0,0.0,0.0,0.0,0.0,0.0,0.0,2.2135,2.1336112,2,-1,0,0.12641661,0
18,16,0,0,0,0.0,0.0,0.0,0.0,0.0,0.0,2.0825348,2.0775,2,-1,0,0.07497651,0
18,19,0,0,0,0.0,0.0,0.0,0.0,0.0,0.0,2.0360417,2.0319445,2,-1,0,0.08480602,0
18,2,1,1,0,-114.4703,-256.2041,96.89671,0.015044838,0.011798683,0.008720564,23.586527,23.685833,2,8,1,0.9846721,1
18,22,0,0,0,0.0,0.0,0.0,0.0,0.0,0.0,2.6137083,2.6122222,2,-1,0,0.21355966,0
18,1,1,1,0,112.31135,287.95435,249.70413,-0.014005493,0.013662298,0.008037108,11.7260065,11.789444,2,9,1,0.9950722,1
18,1,1,0,0,112.31135,287.95435,249.70413,-0.014005493,0.013662298,0.008037108,2.544514,2.6208334,2,-1,0,0.159711,0
18,27,0,0,0,0.0,0.0,0.0,0.0,0.0,0.0,2.1114583,2.1305556,2,-1,0,0.08332599,0
18,29,1,1,0,121.81719,391.35934,243.6923,-0.03044615,-0.0044872407,-0.012710304,36.12704,36.218056,2,10,1,0.9687866,1
18,17,1,1,0,-113.72339,-145.90894,70.69195,-0.007696982,-0.0044317394,0.0367613,23.731987,23.545279,2,11,1,0.9992865,1
18,17,1,0,0,-113.72339,-145.90894,70.69195,-0.007696982,-0.0044317394,0.0367613,3.5156527,2.3716667,2,-1,0,0.8758614,1
18,17,1,0,0,-113.72339,-145.90894,70.69195,-0.007696982,-0.0044317394,0.0367613,13.487541,13.271667,2,-1,0,0.9993154,1
18,1,0,0,0,0.0,0.0,0.0,0.0,0.0,0.0,2.1789722,2.0219445,2,-1,0,0.047773995,0
18,30,0,0,0,0.0,0.0,0.0,0.0,0.0,0.0,2.1031876,2.036111,2,-1,0,0.11789221,0
18,5,1,1,0,118.06601,-568.13306,365.97284,0.0055565867,-0.0016665692,0.0151810255,16.504368,15.800555,2,12,1,0.9649952,1
18,3,0,0,0,0.0,0.0,0.0,0.0,0.0,0.0,2.9839587,2.9444444,2,-1,0,0.6611841,1
18,8,0,0,0,0.0,0.0,0.0,0.0,0.0,0.0,2.046875,2.0072222,2,-1,0,0.12876289,0
18,5,1,0,0,118.06601,-568.13306,365.97284,0.0055565867,-0.0016665692,0.0151810255,2.8807497,2.9777777,2,-1,0,0.26029447,0
18,10,0,0,0,0.0,0.0,0.0,0.0,0.0,0.0,2.130271,2.2602777,2,-1,0,0.059071723,0
18,24,1,0,0,-29.119392,519.6454,58.715046,0.00768505,0.013883726,0.023400564,5.6627917,5.6441665,2,-1,0,0.87422067,1
18,36,0,0,0,0.0,0.0,0.0,0.0,0.0,0.0,2.1526668,2.1219444,2,-1,0,0.10884867,0
18,36,0,0,0,0.0,0.0,0.0,0.0,0.0,0.0,2.2961805,2.333611,2,-1,0,0.070901275,0
18,24,1,0,0,-29.119392,519.6454,58.715046,0.00768505,0.013883726,0.023400564,2.6703055,2.7108333,2,-1,0,0.14765354,0
18,17,0,0,0,0.0,0.0,0.0,0.0,0.0,0.0,2.4545348,2.4236112,2,-1,0,0.3542666,0
18,31,1,1,0,-135.18701,-573.5114,188.82414,-0.0030221439,0.0021199652,-0.008586954,11.457882,11.649167,2,13,1,0.976439,1
18,19,0,0,0,0.0,0.0,0.0,0.0,0.0,0.0,2.4285345,2.4944444,2,-1,0,0.07040736,0
18,24,1,0,0,-29.119392,519.6454,58.715046,0.00768505,0.013883726,0.023400564,3.4455414,3.4383333,2,-1,0,0.9744003,1
18,13,0,0,0,0.0,0.0,0.0,0.0,0.0,0.0,2.50225,2.521111,2,-1,0,0.11909282,0
18,28,1,1,0,-147.84846,426.9349,394.3163,0.013682017,0.009404152,-0.004475247,18.30434,18.236944,2,14,1,0.9969008,1
18,28,1,0,0,-147.84846,426.9349,394.3163,0.013682017,0.009404152,-0.004475247,2.6683333,2.721111,2,-1,0,0.17034784,0
18,25,0,0,0,0.0,0.0,0.0,0.0,0.0,0.0,2.0881805,2.0180554,2,-1,0,0.05317715,0
18,16,1,1,0,154.49704,-320.97266,68.909225,-0.0058165994,-0.014804514,0.0061582434,18.382896,18.626112,2,15,1,0.99507374,1
18,39,0,0,0,0.0,0.0,0.0,0.0,0.0,0.0,2.415333,2.3844445,2,-1,0,0.09298218,0
18,4,0,0,0,0.0,0.0,0.0,0.0,0.0,0.0,2.803493,2.8302777,2,-1,0,0.10861475,0
18,37,0,0,0,0.0,0.0,0.0,0.0,0.0,0.0,2.1115556,2.120278,2,-1,0,0.07746121,0
18,7,0,0,0,0.0,0.0,0.0,0.0,0.0,0.0,2.2946734,2.2183332,2,-1,0,0.08739111,0
18,38,0,0,0,0.0,0.0,0.0,0.0,0.0,0.0,2.5011597,2.4733334,2,-1,0,0.1450632,0
18,9,0,0,0,0.0,0.0,0.0,0.0,0.0,0.0,2.1970346,2.1163888,2,-1,0,0.09585612,0
18,15,0,0,0,0.0,0.0,0.0,0.0,0.0,0.0,2.4851594,2.4433334,2,-1,0,0.103608824,0
18,15,0,0,0,0.0,0.0,0.0,0.0,0.0,0.0,2.3896666,2.3902779,2,-1,0,0.12739035,0
18,33,0,0,0,0.0,0.0,0.0,0.0,0.0,0.0,2.1151807,2.0872223,2,-1,0,0.10925622,0
18,24,1,0,0,-29.119392,519.6454,58.715046,0.00768505,0.013883726,0.023400564,4.4474654,4.458611,2,-1,0,0.99418616,1
18,21,1,0,0,-223.09529,-221.70851,299.58633,0.018519193,0.02638807,0.014185136,3.911639,3.8283334,2,-1,0,0.97358185,1
18,5,0,0,0,0.0,0.0,0.0,0.0,0.0,0.0,2.0491946,2.0141666,2,-1,0,0.08874287,0
18,13,1,1,0,-195.15263,-81.16659,337.93945,0.005556776,-0.0077710203,-0.0021636446,10.538381,10.525833,2,16,1,0.9982982,1
18,40,0,0,0,0.0,0.0,0.0,0.0,0.0,0.0,2.599111,2.473611,2,-1,0,0.06918676,0
18,7,0,0,0,0.0,0.0,0.0,0.0,0.0,0.0,2.3040833,2.3058333,2,-1,0,0.13326195,0
18,18,1,0,0,-201.61433,71.49309,273.36298,0.0042491364,-0.001296227,-0.004621239,3.9149582,3.9702778,2,-1,0,0.9436514,1
18,35,0,0,0,0.0,0.0,0.0,0.0,0.0,0.0,2.7822917,2.7930555,2,-1,0,0.20034395,0
18,15,1,1,0,202.70052,-528.991,442.59344,-0.003784356,-0.01672787,0.00942988,20.212423,20.144167,2,17,1,0.97545403,1
18,18,1,1,0,-201.61433,71.49309,273.36298,0.0042491364,-0.001296227,-0.004621239,6.6957498,4.9652777,2,18,1,0.96535784,1
18,33,0,0,0,0.0,0.0,0.0,0.0,0.0,0.0,2.7218332,2.7652779,2,-1,0,0.205203,0
18,3,0,0,0,0.0,0.0,0.0,0.0,0.0,0.0,2.0586667,2.1147223,2,-1,0,0.122830704,0
18,6,0,0,0,0.0,0.0,0.0,0.0,0.0,0.0,2.292111,2.278889,2,-1,0,0.16770302,0
18,34,0,0,0,0.0,0.0,0.0,0.0,0.0,0.0,1.9947916,2.0616667,2,-1,0,0.07409623,0
18,13,1,0,0,-195.15263,-81.16659,337.93945,0.005556776,-0.0077710203,-0.0021636446,6.9016113,6.842222,2,-1,0,0.98240364,1
18,5,0,0,0,0.0,0.0,0.0,0.0,0.0,0.0,2.3269863,2.3633332,2,-1,0,0.20223905,0
18,21,1,0,0,-223.09529,-221.70851,299.58633,0.018519193,0.02638807,0.014185136,2.0372915,2.0691667,2,-1,0,0.037237994,0
18,13,0,0,0,0.0,0.0,0.0,0.0,0.0,0.0,2.336972,2.2447221,2,-1,0,0.094706886,0
18,40,1,1,0,-211.45164,-594.05804,93.53824,0.006672793,0.0070774187,0.017456679,23.592237,17.833889,2,19,1,0.9950883,1
18,7,0,0,0,0.0,0.0,0.0,0.0,0.0,0.0,2.5907433,2.4994445,2,-1,0,0.09759267,0
18,28,0,0,0,0.0,0.0,0.0,0.0,0.0,0.0,2.0219722,2.0911112,2,-1,0,0.07006177,0
18,4,0,0,0,0.0,0.0,0.0,0.0,0.0,0.0,1.9334513,2.0019445,2,-1,0,0.015114351,0
18,21,1,1,0,-223.09529,-221.70851,299.58633,0.018519193,0.02638807,0.014185136,27.334423,26.980556,2,20,1,0.9989641,1
18,38,1,1,0,219.2411,-422.66556,400.23035,-0.0070541543,0.009428511,-0.002856847,14.4447565,14.276389,2,21,1,0.9728459,1
18,33,1,0,0,-223.35352,226.92813,150.0324,0.009414714,-0.011030247,-0.022039248,8.860598,8.780278,2,-1,0,0.9818356,1
18,33,1,0,0,-223.35352,226.92813,150.0324,0.009414714,-0.011030247,-0.022039248,6.837215,4.8202777,2,-1,0,0.9853829,1
18,33,1,1,0,-223.35352,226.92813,150.0324,0.009414714,-0.011030247,-0.022039248,9.919917,9.940556,2,22,1,0.9780989,1
18,8,1,0,0,240.77264,82.77294,127.85289,-0.029207896,0.005322534,0.035082936,2.2436874,2.2238889,2,-1,0,0.12237238,0
18,4,1,1,0,231.85059,338.43826,343.42783,-0.018457131,-0.015554031,-0.0033486765,26.021896,24.099722,2,23,1,0.9978479,1
18,8,1,0,0,240.77264,82.77294,127.85289,-0.029207896,0.005322534,0.035082936,6.9459724,6.988333,2,-1,0,0.999131,1
18,7,0,0,0,0.0,0.0,0.0,0.0,0.0,0.0,2.1899376,2.108611,2,-1,0,0.14714938,0
18,30,1,1,0,238.92136,-362.1028,259.74838,-0.022454873,0.0074069994,-0.02905253,28.321632,28.171944,2,24,1,0.9671587,1
18,8,1,1,0,240.77264,82.77294,127.85289,-0.029207896,0.005322534,0.035082936,36.586494,36.391388,2,25,1,0.9963477,1
18,2,0,0,0,0.0,0.0,0.0,0.0,0.0,0.0,3.0255487,2.9372222,2,-1,0,0.38891998,0
18,35,0,0,0,0.0,0.0,0.0,0.0,0.0,0.0,2.9646945,2.848611,2,-1,0,0.572485,1
18,19,0,0,0,0.0,0.0,0.0,0.0,0.0,0.0,2.2175138,2.2755556,2,-1,0,0.12390801,0
18,30,0,0,0,0.0,0.0,0.0,0.0,0.0,0.0,2.0315557,2.026389,2,-1,0,0.10580045,0
18,6,0,0,0,0.0,0.0,0.0,0.0,0.0,0.0,2.3429651,2.3027778,2,-1,0,0.06827131,0
18,30,1,0,0,238.92136,-362.1028,259.74838,-0.022454873,0.0074069994,-0.02905253,8.237376,8.295,2,-1,0,0.9750758,1
18,26,0,0,0,0.0,0.0,0.0,0.0,0.0,0.0,1.9702224,-1.0,2,-1,0,0.09621935,0
18,38,0,0,0,0.0,0.0,0.0,0.0,0.0,0.0,1.9970278,2.0722222,2,-1,0,0.109781995,0
18,26,0,0,0,0.0,0.0,0.0,0.0,0.0,0.0,2.1089098,2.1383333,2,-1,0,0.14007851,0
18,28,0,0,0,0.0,0.0,0.0,0.0,0.0,0.0,2.5463195,2.471111,2,-1,0,0.14255688,0
18,26,0,0,0,0.0,0.0,0.0,0.0,0.0,0.0,10.270202,-1.0,2,-1,0,0.99566597,1
18,17,0,0,0,0.0,0.0,0.0,0.0,0.0,0.0,2.3259723,2.39,2,-1,0,0.105145305,0
18,31,0,0,0,0.0,0.0,0.0,0.0,0.0,0.0,2.0273335,2.038889,2,-1,0,0.109726265,0
18,13,0,0,0,0.0,0.0,0.0,0.0,0.0,0.0,2.3193681,2.2969444,2,-1,0,0.10874394,0
18,18,0,0,0,0.0,0.0,0.0,0.0,0.0,0.0,2.1143959,2.1133332,2,-1,0,0.0994836,0
18,39,1,0,0,-273.07095,393.86777,280.21945,0.008558186,0.008039234,0.0053909756,4.9269586,4.9158335,2,-1,0,0.96698886,1
18,10,1,1,0,259.0582,-297.7451,228.60184,-0.008903029,-0.034598056,0.0117833065,9.343049,9.165556,2,26,1,0.98765707,1
18,10,0,0,0,0.0,0.0,0.0,0.0,0.0,0.0,13.075765,-1.0,2,-1,0,0.98662114,1
18,26,0,0,0,0.0,0.0,0.0,0.0,0.0,0.0,4.5115137,-1.0,2,-1,0,0.9914995,1
18,26,1,1,0,-263.43185,9.123468,129.92276,0.01212383,-0.025635572,0.037204206,27.471516,27.247778,2,-1,1,0.9988452,1
18,3,0,0,0,0.0,0.0,0.0,0.0,0.0,0.0,11.537451,-1.0,2,-1,0,0.98821557,1
18,33,0,0,0,0.0,0.0,0.0,0.0,0.0,0.0,2.1772501,2.1752777,2,-1,0,0.11219192,0
18,29,0,0,0,0.0,0.0,0.0,0.0,0.0,0.0,2.969632,2.8844445,2,-1,0,0.6401339,1
18,3,0,0,0,0.0,0.0,0.0,0.0,0.0,0.0,2.3975394,0.30194443,2,-1,0,0.28741324,0
18,3,0,0,0,0.0,0.0,0.0,0.0,0.0,0.0,9.804104,-1.0,2,-1,0,0.9902036,1
18,39,1,1,0,-273.07095,393.86777,280.21945,0.008558186,0.008039234,0.0053909756,12.630868,12.733055,2,27,1,0.9886883,1
18,24,1,0,0,277.36035,549.9224,207.23087,0.00768505,0.013883726,0.023400564,8.424932,8.1877775,2,-1,0,0.9986388,1
18,30,0,0,0,0.0,0.0,0.0,0.0,0.0,0.0,2.0121803,2.014722,2,-1,0,0.039880347,0
18,24,1,1,0,277.36035,549.9224,207.23087,0.00768505,0.013883726,0.023400564,14.095695,14.121388,2,28,1,0.9983646,1
18,24,1,0,0,277.36035,549.9224,207.23087,0.00768505,0.013883726,0.023400564,2.1853957,2.2513888,2,-1,0,0.14769441,0
18,40,0,0,0,0.0,0.0,0.0,0.0,0.0,0.0,2.0722222,2.0322223,2,-1,0,0.06127686,0
18,5,0,0,0,0.0,0.0,0.0,0.0,0.0,0.0,2.4629304,2.4266667,2,-1,0,0.31748694,0
18,6,1,1,0,285.6361,-352.91846,448.4264,0.009371141,-0.011240231,-0.002906009,6.926152,6.216944,2,29,1,0.9787274,1
18,6,1,0,0,285.6361,-352.91846,448.4264,0.009371141,-0.011240231,-0.002906009,6.795549,6.8,2,-1,0,0.9766892,1
18,40,0,0,0,0.0,0.0,0.0,0.0,0.0,0.0,2.47209,2.4455554,2,-1,0,0.12888049,0
18,9,0,0,0,0.0,0.0,0.0,0.0,0.0,0.0,2.3476388,2.3941667,2,-1,0,0.09917405,0
18,23,0,0,0,0.0,0.0,0.0,0.0,0.0,0.0,2.444507,2.4225,2,-1,0,0.07051217,0
18,35,1,1,0,291.8645,364.54477,233.07338,0.0028431371,0.020999413,0.0012297999,14.885849,14.899722,2,30,1,0.9897396,1
18,13,0,0,0,0.0,0.0,0.0,0.0,0.0,0.0,2.3405278,2.403889,2,-1,0,0.10846337,0
18,39,0,0,0,0.0,0.0,0.0,0.0,0.0,0.0,2.6857085,2.6288888,2,-1,0,0.10416353,0
18,20,0,0,0,0.0,0.0,0.0,0.0,0.0,0.0,2.332618,2.3147223,2,-1,0,0.081351966,0
18,11,0,0,0,0.0,0.0,0.0,0.0,0.0,0.0,3.0452986,2.9672222,2,-1,0,0.3808069,0
18,9,1,1,0,-300.74472,593.20337,380.09866,-0.0048159994,0.0009398009,-0.017432386,16.014236,16.116667,2,31,1,0.93915874,1
18,24,0,0,0,0.0,0.0,0.0,0.0,0.0,0.0,2.2608542,2.0266666,2,-1,0,0.050862174,0
18,35,0,0,0,0.0,0.0,0.0,0.0,0.0,0.0,2.1423957,2.121389,2,-1,0,0.11763265,0
18,22,0,0,0,0.0,0.0,0.0,0.0,0.0,0.0,2.745854,2.7586112,2,-1,0,0.24075677,0
18,20,0,0,0,0.0,0.0,0.0,0.0,0.0,0.0,2.6041667,2.6425,2,-1,0,0.16128482,0
18,33,0,0,0,0.0,0.0,0.0,0.0,0.0,0.0,2.0858543,2.085,2,-1,0,0.092418015,0
18,33,0,0,0,0.0,0.0,0.0,0.0,0.0,0.0,2.2054584,0.36944443,2,-1,0,0.0011018362,0
18,33,0,0,0,0.0,0.0,0.0,0.0,0.0,0.0,2.6207292,2.5902777,2,-1,0,0.16942813,0
18,5,0,0,0,0.0,0.0,0.0,0.0,0.0,0.0,2.1540277,2.1488888,2,-1,0,0.08302235,0
18,9,0,0,0,0.0,0.0,0.0,0.0,0.0,0.0,2.83625,2.9222221,2,-1,0,0.11534111,0
18,22,1,1,0,-329.43097,100.39782,258.51178,-0.023304256,0.010065944,0.0012078069,21.431465,21.80611,2,32,1,0.9990434,1
18,14,0,0,0,0.0,0.0,0.0,0.0,0.0,0.0,2.624375,2.6002777,2,-1,0,0.20200916,0
18,5,0,0,0,0.0,0.0,0.0,0.0,0.0,0.0,2.7593331,2.778889,2,-1,0,0.110690966,0
18,7,0,0,0,0.0,0.0,0.0,0.0,0.0,0.0,2.1225696,2.0775,2,-1,0,0.08892632,0
18,24,0,0,0,0.0,0.0,0.0,0.0,0.0,0.0,2.358625,2.3594444,2,-1,0,0.07765445,0
18,22,0,0,0,0.0,0.0,0.0,0.0,0.0,0.0,2.113896,2.0402777,2,-1,0,0.086771056,0
18,22,0,0,0,0.0,0.0,0.0,0.0,0.0,0.0,1.9941388,2.0455556,2,-1,0,0.11790091,0
18,18,0,0,0,0.0,0.0,0.0,0.0,0.0,0.0,2.2896252,2.2316666,2,-1,0,0.12834787,0
18,21,0,0,0,0.0,0.0,0.0,0.0,0.0,0.0,2.3208334,2.2430556,2,-1,0,0.09688609,0
18,10,0,0,0,0.0,0.0,0.0,0.0,0.0,0.0,2.4805,2.526389,2,-1,0,0.1100338,0
18,34,1,1,0,357.57205,543.4435,220.17026,-0.0048406185,0.02658995,-0.038018864,24.815432,24.886667,2,33,1,0.9961196,1
18,40,0,0,0,0.0,0.0,0.0,0.0,0.0,0.0,2.1640208,2.221111,2,-1,0,0.11014582,0
18,5,0,0,0,0.0,0.0,0.0,0.0,0.0,0.0,2.6359723,2.5155556,2,-1,0,0.18326505,0
18,7,1,1,0,-355.93243,204.01633,220.64586,-0.0078671165,-0.0073429276,0.01874598,21.177717,20.999445,2,34,1,0.99947244,1
18,34,1,0,0,357.57205,543.4435,220.17026,-0.0048406185,0.02658995,-0.038018864,6.697347,3.8925,2,-1,0,0.9331056,1
18,34,1,0,0,357.57205,543.4435,220.17026,-0.0048406185,0.02658995,-0.038018864,2.0397084,2.0875,2,-1,0,0.053068966,0
18,34,1,0,0,357.57205,543.4435,220.17026,-0.0048406185,0.02658995,-0.038018864,5.813604,5.85,2,-1,0,0.9942152,1
18,34,1,0,0,357.57205,543.4435,220.17026,-0.0048406185,0.02658995,-0.038018864,2.2065277,2.2075,2,-1,0,0.06637204,0
18,23,0,0,0,0.0,0.0,0.0,0.0,0.0,0.0,2.3303263,2.2694445,2,-1,0,0.10176758,0
18,29,0,0,0,0.0,0.0,0.0,0.0,0.0,0.0,2.4290972,2.3541667,2,-1,0,0.12892851,0
18,37,0,0,0,0.0,0.0,0.0,0.0,0.0,0.0,2.5476665,2.5569444,2,-1,0,0.24739458,0
18,32,0,0,0,0.0,0.0,0.0,0.0,0.0,0.0,2.1584306,2.0855556,2,-1,0,0.0761028,0
18,11,0,0,0,0.0,0.0,0.0,0.0,0.0,0.0,2.2894378,2.3791666,2,-1,0,0.102876596,0
18,19,0,0,0,0.0,0.0,0.0,0.0,0.0,0.0,2.3512082,2.353889,2,-1,0,0.09419221,0
18,19,0,0,0,0.0,0.0,0.0,0.0,0.0,0.0,2.2556322,2.1952777,2,-1,0,0.09777186,0
18,36,0,0,0,0.0,0.0,0.0,0.0,0.0,0.0,2.2677915,2.2016666,2,-1,0,0.1256328,0
18,36,0,0,0,0.0,0.0,0.0,0.0,0.0,0.0,2.9527016,2.933889,2,-1,0,0.31923792,0
18,22,0,0,0,0.0,0.0,0.0,0.0,0.0,0.0,1.9997778,2.0505555,2,-1,0,0.1097096,0
18,13,0,0,0,0.0,0.0,0.0,0.0,0.0,0.0,2.2836041,2.2072222,2,-1,0,0.08334528,0
18,28,0,0,0,0.0,0.0,0.0,0.0,0.0,0.0,2.756257,2.6844444,2,-1,0,0.20229459,0
18,19,0,0,0,0.0,0.0,0.0,0.0,0.0,0.0,2.208611,2.2675,2,-1,0,0.07938732,0
18,21,0,0,0,0.0,0.0,0.0,0.0,0.0,0.0,2.2998958,2.3047223,2,-1,0,0.11140561,0
18,37,0,0,0,0.0,0.0,0.0,0.0,0.0,0.0,2.285361,2.2819445,2,-1,0,0.12903139,0
18,13,0,0,0,0.0,0.0,0.0,0.0,0.0,0.0,2.7207222,2.6105556,2,-1,0,0.35101387,0
18,31,0,0,0,0.0,0.0,0.0,0.0,0.0,0.0,2.2815278,2.235,2,-1,0,0.05436359,0
18,5,0,0,0,0.0,0.0,0.0,0.0,0.0,0.0,2.1386528,2.0852778,2,-1,0,0.11266799,0
18,32,0,0,0,0.0,0.0,0.0,0.0,0.0,0.0,2.318618,2.271389,2,-1,0,0.12810338,0
18,7,0,0,0,0.0,0.0,0.0,0.0,0.0,0.0,2.4501665,2.4272223,2,-1,0,0.20556226,0
18,12,0,0,0,0.0,0.0,0.0,0.0,0.0,0.0,2.1253889,2.0725,2,-1,0,0.081370324,0
18,2,0,0,0,0.0,0.0,0.0,0.0,0.0,0.0,2.3090625,2.2383332,2,-1,0,0.16882052,0
18,16,0,0,0,0.0,0.0,0.0,0.0,0.0,0.0,2.3437085,2.3363888,2,-1,0,0.070314854,0
18,11,0,0,0,0.0,0.0,0.0,0.0,0.0,0.0,2.6242085,2.5655556,2,-1,0,0.16605592,0
18,32,0,0,0,0.0,0.0,0.0,0.0,0.0,0.0,2.121979,2.165,2,-1,0,0.083489396,0
19,40,1,1,0,6.948276,510.95462,444.22968,-0.020157112,0.016316859,0.022760946,7.1475697,6.290278,2,0,1,0.9975363,1
19,34,0,0,0,0.0,0.0,0.0,0.0,0.0,0.0,3.0005765,2.9488888,2,-1,0,0.19244015,0
19,39,0,0,0,0.0,0.0,0.0,0.0,0.0,0.0,2.2910972,2.2333333,2,-1,0,0.17574944,0
19,31,0,0,0,0.0,0.0,0.0,0.0,0.0,0.0,2.319125,2.3733332,2,-1,0,0.11662975,0
19,38,1,1,0,-12.079341,-67.7478,311.41965,-0.0044808225,-0.008536153,-0.008971428,12.9915905,12.854722,2,1,1,0.9918825,1
19,22,0,0,0,0.0,0.0,0.0,0.0,0.0,0.0,2.1300557,2.0697222,2,-1,0,0.06661799,0
19,36,0,0,0,0.0,0.0,0.0,0.0,0.0,0.0,2.0319166,2.0261111,2,-1,0,0.06831521,0
19,25,1,0,0,47.662193,119.453545,376.8276,-0.042408884,-0.009702351,-0.027456842,8.977959,9.004723,2,-1,0,0.99179804,1
19,26,0,0,0,0.0,0.0,0.0,0.0,0.0,0.0,2.615382,2.5447223,2,-1,0,0.11045051,0
19,33,0,0,0,0.0,0.0,0.0,0.0,0.0,0.0,2.7446666,2.7180555,2,-1,0,0.19137603,0
19,25,1,0,0,47.662193,119.453545,376.8276,-0.042408884,-0.009702351,-0.027456842,6.544646,6.413611,2,-1,0,0.9752264,1
19,19,0,0,0,0.0,0.0,0.0,0.0,0.0,0.0,2.3444169,2.3425,2,-1,0,0.08135154,0
19,4,0,0,0,0.0,0.0,0.0,0.0,0.0,0.0,2.4035833,2.4369445,2,-1,0,0.09837135,0
19,21,1,1,0,-30.503878,-544.7556,119.11413,-0.0055147097,0.010172503,-0.007930027,17.176514,17.173334,2,2,1,0.9998258,1
19,8,0,0,0,0.0,0.0,0.0,0.0,0.0,0.0,2.3927083,2.3952777,2,-1,0,0.12825738,0
19,25,1,1,0,47.662193,119.453545,376.8276,-0.042408884,-0.009702351,-0.027456842,23.75873,23.799444,2,3,1,0.9931114,1
19,16,1,1,0,40.72404,-167.23927,338.67435,0.0046057063,-7.200054e-05,0.011350313,14.413848,12.913889,2,4,1,0.99299675,1
19,38,1,0,0,-12.079341,-67.7478,311.41965,-0.0044808225,-0.008536153,-0.008971428,2.7151113,2.6516666,2,-1,0,0.18177253,0
19,3,0,0,0,0.0,0.0,0.0,0.0,0.0,0.0,2.3812847,2.318889,2,-1,0,0.09000397,0
19,35,0,0,0,0.0,0.0,0.0,0.0,0.0,0.0,2.9345558,2.9397223,2,-1,0,0.3147797,0
19,10,1,1,0,41.37075,593.1367,4.870267,0.0037278782,0.0019092732,0.0095648635,9.144195,9.101389,2,5,1,0.99776626,1
19,10,1,0,0,41.37075,593.1367,4.870267,0.0037278782,0.0019092732,0.0095648635,3.3134236,3.2577777,2,-1,0,0.81525636,1
19,25,1,0,0,47.662193,119.453545,376.8276,-0.042408884,-0.009702351,-0.027456842,17.035536,17.200277,2,-1,0,0.9871278,1
19,29,0,0,0,0.0,0.0,0.0,0.0,0.0,0.0,2.8466666,2.7580554,2,-1,0,0.106917225,0
19,37,0,0,0,0.0,0.0,0.0,0.0,0.0,0.0,2.679375,2.6736112,2,-1,0,0.18297738,0
19,26,1,1,0,46.59487,398.03058,100.8322,0.015597592,0.010127873,0.008203548,18.561306,18.668056,2,6,1,0.9908931,1
19,8,0,0,0,0.0,0.0,0.0,0.0,0.0,0.0,2.7626946,2.6819444,2,-1,0,0.3823793,0
19,35,1,1,0,47.963116,473.0607,429.8254,0.021070823,0.013801172,0.002313672,19.411167,19.4025,2,7,1,0.99999774,1
19,3,0,0,0,0.0,0.0,0.0,0.0,0.0,0.0,2.0807917,2.0780556,2,-1,0,0.07618294,0
19,26,1,0,0,46.59487,398.03058,100.8322,0.015597592,0.010127873,0.008203548,4.422736,4.4341664,2,-1,0,0.9599814,1
19,28,0,0,0,0.0,0.0,0.0,0.0,0.0,0.0,2.2468126,2.2458334,2,-1,0,0.098703146,0
19,35,1,0,0,47.963116,473.0607,429.8254,0.021070823,0.013801172,0.002313672,8.968499,8.896944,2,-1,0,0.9991104,1
19,34,0,0,0,0.0,0.0,0.0,0.0,0.0,0.0,2.0456111,2.1388888,2,-1,0,0.054285288,0
19,34,0,0,0,0.0,0.0,0.0,0.0,0.0,0.0,2.6531668,2.5702777,2,-1,0,0.13182645,0
19,33,0,0,0,0.0,0.0,0.0,0.0,0.0,0.0,1.9717084,2.0475,2,-1,0,0.11672558,0
19,14,0,0,0,0.0,0.0,0.0,0.0,0.0,0.0,2.7287571,2.6683333,2,-1,0,0.28912666,0
19,13,0,0,0,0.0,0.0,0.0,0.0,0.0,0.0,2.4001112,2.3688889,2,-1,0,0.29096022,0
19,28,0,0,0,0.0,0.0,0.0,0.0,0.0,0.0,2.0752084,2.0586112,2,-1,0,0.110921524,0
19,11,0,0,0,0.0,0.0,0.0,0.0,0.0,0.0,2.8151388,2.7766666,2,-1,0,0.15893316,0
19,11,0,0,0,0.0,0.0,0.0,0.0,0.0,0.0,2.3084028,2.3777778,2,-1,0,0.109977424,0
19,17,1,1,0,94.967545,564.2142,356.87128,0.018294584,-0.0022678575,0.0072400547,19.77084,14.6652775,2,8,1,0.9892162,1
19,38,1,0,0,-12.079341,-67.7478,311.41965,-0.0044808225,-0.008536153,-0.008971428,2.0964167,2.0444446,2,-1,0,0.087747544,0
19,1,0,0,0,0.0,0.0,0.0,0.0,0.0,0.0,2.6815624,2.5919445,2,-1,0,0.072729655,0
19,25,0,0,0,0.0,0.0,0.0,0.0,0.0,0.0,2.18525,2.2116666,2,-1,0,0.097110964,0
19,7,0,0,0,0.0,0.0,0.0,0.0,0.0,0.0,2.552139,2.5427778,2,-1,0,0.09358268,0
19,25,0,0,0,0.0,0.0,0.0,0.0,0.0,0.0,2.320486,2.356111,2,-1,0,0.11485057,0
19,9,1,1,0,108.306984,474.20618,7.347321,0.0106061455,-0.0035786128,-0.0062487912,15.43818,15.223056,2,9,1,0.99988043,1
19,6,0,0,0,0.0,0.0,0.0,0.0,0.0,0.0,2.5885556,2.6055555,2,-1,0,0.19821337,0
19,25,0,0,0,0.0,0.0,0.0,0.0,0.0,0.0,2.4322293,2.4816666,2,-1,0,0.42734522,0
19,34,1,1,0,112.0232,369.3729,232.38617,0.0028840345,-0.007499618,-0.007220123,4.1234374,4.1008334,2,10,1,0.95836246,1
19,27,0,0,0,0.0,0.0,0.0,0.0,0.0,0.0,2.1189027,2.1027777,2,-1,0,0.080034085,0
19,3,1,0,0,-148.74173,-92.96995,138.52971,0.011515028,-0.0049842354,0.022484794,7.676514,7.788611,2,-1,0,0.9661876,1
19,7,1,1,0,-127.57317,-301.1008,15.411083,-0.0118700545,-0.0073897834,-0.018173672,21.626373,21.601944,2,11,1,0.9282844,1
19,16,0,0,0,0.0,0.0,0.0,0.0,0.0,0.0,2.2080417,2.2758334,2,-1,0,0.10327808,0
19,16,0,0,0,0.0,0.0,0.0,0.0,0.0,0.0,2.181139,2.2494445,2,-1,0,0.080460005,0
19,11,1,0,0,-163.54276,-358.60727,254.20447,0.010919635,-0.010119441,0.012748707,2.5972085,2.616111,2,-1,0,0.041849475,0
19,11,1,0,0,-163.54276,-358.60727,254.20447,0.010919635,-0.010119441,0.012748707,3.898111,3.9230556,2,-1,0,0.96142673,1
19,7,1,0,0,-127.57317,-301.1008,15.411083,-0.0118700545,-0.0073897834,-0.018173672,4.0068474,4.124722,2,-1,0,0.96176165,1
19,2,0,0,0,0.0,0.0,0.0,0.0,0.0,0.0,1.9892223,2.043611,2,-1,0,0.12390391,0
19,8,0,0,0,0.0,0.0,0.0,0.0,0.0,0.0,2.869764,2.8052778,2,-1,0,0.06832762,0
19,3,0,0,0,0.0,0.0,0.0,0.0,0.0,0.0,2.127361,2.0683334,2,-1,0,0.12241167,0
19,33,0,0,0,0.0,0.0,0.0,0.0,0.0,0.0,2.516368,2.5327778,2,-1,0,0.14868227,0
19,14,0,0,0,0.0,0.0,0.0,0.0,0.0,0.0,2.4509652,2.3891666,2,-1,0,0.14254199,0
19,31,1,1,0,143.5436,186.96928,299.52472,0.00046330833,0.009841481,0.0155539205,21.253166,21.396667,2,12,1,0.997849,1
19,3,1,1,0,-148.74173,-92.96995,138.52971,0.011515028,-0.0049842354,0.022484794,19.634327,19.412222,2,13,1,0.9888259,1
19,35,0,0,0,0.0,0.0,0.0,0.0,0.0,0.0,2.150132,2.1363888,2,-1,0,0.13477167,0
19,10,0,0,0,0.0,0.0,0.0,0.0,0.0,0.0,2.0554862,2.0572221,2,-1,0,0.07803874,0
19,11,0,0,0,0.0,0.0,0.0,0.0,0.0,0.0,2.242111,2.2225,2,-1,0,0.08246881,0
19,2,1,0,0,166.16109,151.0707,366.90356,0.045631893,0.015360973,0.014200874,4.985958,4.9522223,2,-1,0,0.98133665,1
19,27,0,0,0,0.0,0.0,0.0,0.0,0.0,0.0,1.9766943,2.1233332,2,-1,0,0.09457416,0
19,18,0,0,0,0.0,0.0,0.0,0.0,0.0,0.0,2.0704722,2.0158334,2,-1,0,0.08956191,0
19,23,1,1,0,156.4564,311.77332,157.05699,0.0039932737,-0.024396108,-0.01575794,17.797028,17.985834,2,14,1,0.9712008,1
19,2,0,0,0,0.0,0.0,0.0,0.0,0.0,0.0,2.2073681,2.2055554,2,-1,0,0.08529248,0
19,6,0,0,0,0.0,0.0,0.0,0.0,0.0,0.0,2.1788125,2.2316666,2,-1,0,0.09796042,0
19,7,1,0,0,-127.57317,-301.1008,15.411083,-0.0118700545,-0.0073897834,-0.018173672,5.209146,5.215,2,-1,0,0.99937636,1
19,12,0,0,0,0.0,0.0,0.0,0.0,0.0,0.0,2.3784099,2.4030557,2,-1,0,0.094294265,0
19,23,1,0,0,156.4564,311.77332,157.05699,0.0039932737,-0.024396108,-0.01575794,10.340118,9.746388,2,-1,0,0.9998883,1
19,11,1,0,0,-163.54276,-358.60727,254.20447,0.010919635,-0.010119441,0.012748707,2.5752778,2.5638888,2,-1,0,0.18198496,0
19,23,1,0,0,156.4564,311.77332,157.05699,0.0039932737,-0.024396108,-0.01575794,2.7994585,2.8455555,2,-1,0,0.2908187,0
19,11,1,1,0,-163.54276,-358.60727,254.20447,0.010919635,-0.010119441,0.012748707,14.537249,14.168612,2,15,1,0.9852566,1
19,20,0,0,0,0.0,0.0,0.0,0.0,0.0,0.0,2.0939999,2.1322222,2,-1,0,0.0876713,0
19,2,1,0,0,166.16109,151.0707,366.90356,0.045631893,0.015360973,0.014200874,17.23573,17.106945,2,-1,0,0.8708471,1
19,4,0,0,0,0.0,0.0,0.0,0.0,0.0,0.0,2.3889654,2.2655556,2,-1,0,0.019343888,0
19,2,1,0,0,166.16109,151.0707,366.90356,0.045631893,0.015360973,0.014200874,2.6817222,2.6955554,2,-1,0,0.21043256,0
19,39,0,0,0,0.0,0.0,0.0,0.0,0.0,0.0,2.4410694,2.4080555,2,-1,0,0.49212307,0
19,27,1,1,0,185.12119,-456.72955,141.5483,-0.016582077,-0.012061843,-0.012970453,26.631708,26.741112,2,16,1,0.9983936,1
19,5,1,1,0,-179.90857,101.13379,402.31894,-0.01458445,0.0077849315,-0.011850391,17.160034,15.829722,2,17,1,0.963078,1
19,15,1,1,0,-181.86496,110.97511,447.53378,0.003647104,-0.015136602,0.008994018,17.533722,15.865833,2,18,1,0.97531676,1
19,5,1,0,0,-179.90857,101.13379,402.31894,-0.01458445,0.0077849315,-0.011850391,3.6638052,3.5655556,2,-1,0,0.91559386,1
19,17,0,0,0,0.0,0.0,0.0,0.0,0.0,0.0,2.2896805,2.3483334,2,-1,0,0.10722123,0
19,14,0,0,0,0.0,0.0,0.0,0.0,0.0,0.0,17.465452,-1.0,2,-1,0,0.9978046,1
19,18,0,0,0,0.0,0.0,0.0,0.0,0.0,0.0,2.1206806,2.1455555,2,-1,0,0.07380045,0
19,36,1,1,0,195.82182,235.35783,266.68558,-0.0045560366,0.00016330233,-0.006144881,7.9939237,7.972778,2,19,1,0.980864,1
19,4,1,1,0,-202.3059,-144.55962,108.917946,0.012431771,-0.014251619,0.0024761662,12.456528,12.460278,2,20,1,0.9934614,1
19,14,0,0,0,0.0,0.0,0.0,0.0,0.0,0.0,9.276416,-1.0,2,-1,0,0.9820785,1
19,14,0,0,0,0.0,0.0,0.0,0.0,0.0,0.0,6.2262154,-1.0,2,-1,0,0.99903846,1
19,1,0,0,0,0.0,0.0,0.0,0.0,0.0,0.0,2.5546248,2.5541666,2,-1,0,0.11894029,0
19,19,1,1,0,-202.85272,-277.50977,46.96821,-0.007531685,-0.008304662,-0.017071035,22.26159,22.28389,2,21,1,0.99942446,1
19,6,0,0,0,0.0,0.0,0.0,0.0,0.0,0.0,2.0853333,2.0366666,2,-1,0,0.08964818,0
19,15,0,0,0,0.0,0.0,0.0,0.0,0.0,0.0,2.485,2.466389,2,-1,0,0.1042535,0
19,21,0,0,0,0.0,0.0,0.0,0.0,0.0,0.0,2.2441945,2.201111,2,-1,0,0.06700614,0
19,23,0,0,0,0.0,0.0,0.0,0.0,0.0,0.0,2.5438123,2.4577777,2,-1,0,0.17354617,0
19,33,0,0,0,0.0,0.0,0.0,0.0,0.0,0.0,2.0274515,2.101389,2,-1,0,0.07855553,0
19,11,0,0,0,0.0,0.0,0.0,0.0,0.0,0.0,2.2080486,2.116111,2,-1,0,0.30616036,0
19,39,0,0,0,0.0,0.0,0.0,0.0,0.0,0.0,15.670354,-1.0,2,-1,0,0.9968267,1
19,31,0,0,0,0.0,0.0,0.0,0.0,0.0,0.0,2.800632,2.77,2,-1,0,0.16993949,0
19,32,1,0,0,284.97705,-161.66098,176.0252,-0.011521196,0.005297052,0.022193693,5.3945346,5.3294444,2,-1,0,0.9762181,1
19,6,1,1,0,-246.96074,-6.5029435,344.72055,-0.00024479107,0.003518192,0.0072983354,8.35175,6.8872223,2,22,1,0.979455,1
19,6,1,0,0,-246.96074,-6.5029435,344.72055,-0.00024479107,0.003518192,0.0072983354,2.8790905,2.8766668,2,-1,0,0.8837398,1
19,15,0,0,0,0.0,0.0,0.0,0.0,0.0,0.0,2.1276877,2.055,2,-1,0,0.06640479,0
19,28,0,0,0,0.0,0.0,0.0,0.0,0.0,0.0,2.5626736,2.4947221,2,-1,0,0.13870381,0
19,28,0,0,0,0.0,0.0,0.0,0.0,0.0,0.0,2.7711806,2.7722223,2,-1,0,0.068561636,0
19,13,0,0,0,0.0,0.0,0.0,0.0,0.0,0.0,2.1730835,2.2458334,2,-1,0,0.061173026,0
19,33,0,0,0,0.0,0.0,0.0,0.0,0.0,0.0,2.3217084,2.3275,2,-1,0,0.14329995,0
19,8,1,1,0,258.80627,521.172,246.14983,0.006939927,-0.0057385964,0.009132547,6.3484244,5.5961113,2,23,1,0.98499566,1
19,8,1,0,0,258.80627,521.172,246.14983,0.006939927,-0.0057385964,0.009132547,5.705055,5.6694446,2,-1,0,0.99061006,1
19,28,1,1,0,261.68552,-211.06305,162.93887,0.011018364,-0.007986866,-0.017790606,13.000055,12.997778,2,24,1,0.9830813,1
19,18,0,0,0,0.0,0.0,0.0,0.0,0.0,0.0,2.7842708,2.7180555,2,-1,0,0.16323635,0
19,12,1,1,0,266.04297,546.5343,426.05792,0.02204187,-0.019593831,-0.0123542985,28.420095,22.615278,2,25,1,0.9989981,1
19,29,0,0,0,0.0,0.0,0.0,0.0,0.0,0.0,2.4627779,2.4455554,2,-1,0,0.110182144,0
19,32,1,0,0,284.97705,-161.66098,176.0252,-0.011521196,0.005297052,0.022193693,3.6720002,3.6330554,2,-1,0,0.98457783,1
19,30,1,1,0,-268.32892,568.47144,364.0563,-0.015368416,-0.0130256545,-0.011760808,19.517986,19.366388,2,26,1,0.9871589,1
19,28,1,0,0,261.68552,-211.06305,162.93887,0.011018364,-0.007986866,-0.017790606,5.349236,5.4463887,2,-1,0,0.9604077,1
19,6,0,0,0,0.0,0.0,0.0,0.0,0.0,0.0,2.8295276,2.7919445,2,-1,0,0.1275536,0
19,32,1,0,0,284.97705,-161.66098,176.0252,-0.011521196,0.005297052,0.022193693,5.2385283,5.0916667,2,-1,0,0.9490651,1
19,25,0,0,0,0.0,0.0,0.0,0.0,0.0,0.0,2.3699028,2.3663888,2,-1,0,0.16160104,0
19,2,1,1,0,166.16109,151.0707,366.90356,0.045631893,0.015360973,0.014200874,31.392939,31.333334,2,27,1,0.9600579,1
19,32,1,1,0,284.97705,-161.66098,176.0252,-0.011521196,0.005297052,0.022193693,13.384965,13.506111,2,28,1,0.979938,1
19,21,0,0,0,0.0,0.0,0.0,0.0,0.0,0.0,2.3770695,2.3005555,2,-1,0,0.10375177,0
19,31,0,0,0,0.0,0.0,0.0,0.0,0.0,0.0,2.521111,2.4780555,2,-1,0,0.2129333,0
19,24,0,0,0,0.0,0.0,0.0,0.0,0.0,0.0,2.471743,2.4994445,2,-1,0,0.1354282,0
19,26,0,0,0,0.0,0.0,0.0,0.0,0.0,0.0,2.5552502,2.4730556,2,-1,0,0.13883176,0
19,29,1,1,0,-301.00836,-206.15231,352.06607,0.016213782,-0.0008500693,0.020890923,13.135895,13.105833,2,29,1,0.9977016,1
19,10,0,0,0,0.0,0.0,0.0,0.0,0.0,0.0,1.9938195,2.047778,2,-1,0,0.047249444,0
19,29,1,0,0,-301.00836,-206.15231,352.06607,0.016213782,-0.0008500693,0.020890923,9.077812,6.096389,2,-1,0,0.94069046,1
19,29,1,0,0,-301.00836,-206.15231,352.06607,0.016213782,-0.0008500693,0.020890923,9.443076,9.344167,2,-1,0,0.98260385,1
19,17,0,0,0,0.0,0.0,0.0,0.0,0.0,0.0,2.829389,2.8727777,2,-1,0,0.49037614,0
19,25,0,0,0,0.0,0.0,0.0,0.0,0.0,0.0,2.1606042,2.1158333,2,-1,0,0.1212067,0
19,24,1,1,0,306.62286,511.9517,310.17462,0.0071333945,-0.012175515,-0.004927382,15.104145,15.133889,2,30,1,0.9936872,1
19,1,1,1,0,309.09998,532.5894,197.46973,0.004332136,0.018300062,0.007868451,10.365597,10.238055,2,31,1,0.9810589,1
19,2,0,0,0,0.0,0.0,0.0,0.0,0.0,0.0,2.1449099,2.1219444,2,-1,0,0.073140986,0
19,1,1,0,0,309.09998,532.5894,197.46973,0.004332136,0.018300062,0.007868451,9.291124,9.248611,2,-1,0,0.9973947,1
19,24,0,0,0,0.0,0.0,0.0,0.0,0.0,0.0,2.3050694,2.2616668,2,-1,0,0.07397561,0
19,30,1,0,0,-268.32892,568.47144,364.0563,-0.015368416,-0.0130256545,-0.011760808,1.9777292,2.0102777,2,-1,0,0.037843887,0
19,13,1,1,0,-322.10312,362.59683,232.75737,0.0043095862,-0.019844817,-0.0057365354,6.2857637,6.2788887,2,32,1,0.9758648,1
19,24,1,0,0,306.62286,511.9517,310.17462,0.0071333945,-0.012175515,-0.004927382,3.0813475,2.9397223,2,-1,0,0.91406214,1
19,6,0,0,0,0.0,0.0,0.0,0.0,0.0,0.0,2.2722223,2.3202777,2,-1,0,0.09596834,0
19,13,1,0,0,-322.10312,362.59683,232.75737,0.0043095862,-0.019844817,-0.0057365354,4.8200903,4.712222,2,-1,0,0.9712488,1
19,27,0,0,0,0.0,0.0,0.0,0.0,0.0,0.0,2.3204308,2.2733333,2,-1,0,0.09948734,0
19,18,1,1,0,325.4835,54.31924,153.50539,0.022815095,-0.0058962116,-0.017253717,21.19859,9.879444,2,33,1,0.9782245,1
19,12,0,0,0,0.0,0.0,0.0,0.0,0.0,0.0,2.5099099,2.5130556,2,-1,0,0.25889784,0
19,32,0,0,0,0.0,0.0,0.0,0.0,0.0,0.0,2.2135832,2.1466668,2,-1,0,0.083155096,0
19,39,0,0,0,0.0,0.0,0.0,0.0,0.0,0.0,2.280347,2.2302778,2,-1,0,0.07233036,0
19,18,1,0,0,325.4835,54.31924,153.50539,0.022815095,-0.0058962116,-0.017253717,7.9612913,7.874722,2,-1,0,0.97501105,1
19,30,0,0,0,0.0,0.0,0.0,0.0,0.0,0.0,1.9338542,2.0455556,2,-1,0,0.0652006,0
19,20,1,1,0,344.63135,-105.46483,351.2395,-0.0010875947,0.007935047,-0.013103966,14.477112,14.41,2,34,1,0.9637902,1
19,18,1,0,0,325.4835,54.31924,153.50539,0.022815095,-0.0058962116,-0.017253717,1.9913194,2.011111,2,-1,0,0.13676156,0
19,14,1,1,0,320.17297,-498.30316,456.06863,-0.03358434,0.00028265492,-0.006909428,2.313396,2.2897222,2,35,1,0.13779077,0
19,20,0,0,0,0.0,0.0,0.0,0.0,0.0,0.0,2.026993,2.0647223,2,-1,0,0.10002416,0
19,22,1,1,0,352.34674,391.34784,272.3394,0.004285556,0.006638817,-0.023419129,21.389318,19.268055,2,36,1,0.9858623,1
19,8,0,0,0,0.0,0.0,0.0,0.0,0.0,0.0,2.297868,2.2947223,2,-1,0,0.10122302,0
19,33,1,1,0,-358.57776,1.7516601,299.44495,0.011174548,-0.0097926315,-0.012782099,2.1830347,2.145,2,-1,1,0.08578778,0
19,18,0,0,0,0.0,0.0,0.0,0.0,0.0,0.0,2.5140002,2.5794444,2,-1,0,0.044883173,0
19,20,0,0,0,0.0,0.0,0.0,0.0,0.0,0.0,2.1304028,2.0841668,2,-1,0,0.1066916,0
19,40,0,0,0,0.0,0.0,0.0,0.0,0.0,0.0,2.001611,2.0683334,2,-1,0,0.047519617,0
19,14,0,0,0,0.0,0.0,0.0,0.0,0.0,0.0,2.208611,2.1902778,2,-1,0,0.06327126,0
19,22,0,0,0,0.0,0.0,0.0,0.0,0.0,0.0,2.0543122,2.0219445,2,-1,0,0.08915911,0
19,14,1,0,0,320.17297,-498.30316,456.06863,-0.03358434,0.00028265492,-0.006909428,1.9930279,2.0363889,2,-1,0,0.12446596,0
19,25,0,0,0,0.0,0.0,0.0,0.0,0.0,0.0,2.4636316,2.488889,2,-1,0,0.10177758,0
19,39,0,0,0,0.0,0.0,0.0,0.0,0.0,0.0,2.0989306,2.1283333,2,-1,0,0.013375678,0
19,36,0,0,0,0.0,0.0,0.0,0.0,0.0,0.0,2.0957499,2.131389,2,-1,0,0.05985669,0
19,17,0,0,0,0.0,0.0,0.0,0.0,0.0,0.0,2.2709167,2.203889,2,-1,0,0.14145187,0
19,4,0,0,0,0.0,0.0,0.0,0.0,0.0,0.0,2.8774235,2.8791666,2,-1,0,0.06737677,0
19,10,0,0,0,0.0,0.0,0.0,0.0,0.0,0.0,2.316,2.2938888,2,-1,0,0.08149266,0
19,24,0,0,0,0.0,0.0,0.0,0.0,0.0,0.0,2.048854,2.0988889,2,-1,0,0.04899728,0
19,37,0,0,0,0.0,0.0,0.0,0.0,0.0,0.0,2.2742083,2.2327778,2,-1,0,0.08554389,0
19,20,0,0,0,0.0,0.0,0.0,0.0,0.0,0.0,2.108479,2.0575,2,-1,0,0.07472158,0
19,36,0,0,0,0.0,0.0,0.0,0.0,0.0,0.0,2.2754445,2.2152777,2,-1,0,0.09784116,0
19,16,0,0,0,0.0,0.0,0.0,0.0,0.0,0.0,2.4390554,2.4252777,2,-1,0,0.10160705,0
19,39,0,0,0,0.0,0.0,0.0,0.0,0.0,0.0,2.3421252,2.39,2,-1,0,0.02574509,0
