file_index,event,is_marley,is_main_track,is_es_interaction,pos_x,pos_y,pos_z,momentum_x,momentum_y,momentum_z,cluster_energy,particle_energy,plane_id,match_id,true_label,prediction_prob,predicted_label
0,39,1,1,1,24.947477,-537.0906,237.54236,-0.0057738353,0.004235292,0.005120664,9.2895975,9.192778,2,0,1,0.99367887,1
0,16,1,1,1,50.837093,-565.5283,301.2869,-0.014290324,0.0048699244,0.009905704,18.736694,18.703056,2,1,1,0.9503184,1
0,8,1,1,1,55.134624,342.6188,1.685105,-0.0034526044,0.002631184,0.0027881658,5.5865974,5.555,2,2,1,0.98891395,1
0,35,1,1,1,-69.20338,134.30737,23.6535,-0.0138094025,0.0052500935,0.013572952,13.583188,13.7325,2,3,1,0.9918522,1
0,29,1,1,1,-77.89658,39.411552,39.031475,-0.0061720377,0.00029470187,0.0030247564,7.437528,7.3933334,2,4,1,0.97994,1
0,2,1,1,1,-92.586945,230.24898,70.20382,-0.006602967,0.0032440643,0.0047281487,10.511979,10.173611,2,5,1,0.98456997,1
0,17,1,1,1,-102.06815,-433.23065,363.9145,-0.0062014097,0.0027763187,0.008013609,7.743882,7.761389,2,6,1,0.9827968,1
0,38,1,1,1,-56.913292,19.608713,154.35297,-0.007639285,0.0037244519,0.0036646533,4.2400346,4.3094444,2,7,1,0.9858867,1
0,12,1,1,1,123.47901,-340.5098,306.30695,-0.0082050655,0.0026346683,0.0074197166,11.957339,11.8875,2,8,1,0.98513746,1
0,34,1,1,1,-119.84403,483.65094,365.55118,-0.0041986303,0.0026530947,0.0022134087,5.5870833,5.6833334,2,9,1,0.9872477,1
0,33,1,1,1,-126.30929,-177.33623,132.52026,-0.0042449166,0.0010326199,0.00090005423,4.5832496,4.581389,2,10,1,0.96209145,1
0,25,1,1,1,129.65904,371.83572,259.22162,-0.0029131684,-0.00054334535,0.0033266603,4.521909,4.5947223,2,11,1,0.8436462,1
0,15,1,1,1,-137.34251,-519.47504,311.1611,-0.004465759,0.002640401,0.0017674268,5.845653,5.8519444,2,12,1,0.99829787,1
0,18,0,0,0,0.0,0.0,0.0,0.0,0.0,0.0,2.8813956,2.8780556,2,-1,0,0.897478,1
0,18,1,1,1,-144.61964,-562.79376,312.90582,-0.010497303,0.0012200158,0.00840101,14.756506,14.627222,2,13,1,0.96731436,1
0,14,0,0,0,0.0,0.0,0.0,0.0,0.0,0.0,2.8125072,2.7925,2,-1,0,0.5634413,1
0,24,1,1,1,161.45258,599.5987,443.85287,-0.014750162,0.007554707,0.011405085,5.4136252,5.4086113,2,14,1,0.9733638,1
0,28,1,1,1,-170.87978,512.5247,72.781525,-0.010371364,0.0020059594,0.010216045,16.248138,16.171112,2,15,1,0.9778454,1
0,35,1,0,1,-69.20338,134.30737,23.6535,-0.0138094025,0.0052500935,0.013572952,3.570139,3.4727778,2,-1,0,0.9453589,1
0,26,1,1,1,-179.41008,-228.38298,154.59319,-0.0020352602,-0.0002770901,0.0028751253,3.242507,3.295,2,16,1,0.89382017,1
0,23,1,1,1,193.54788,99.208984,218.93005,-0.0033715277,0.00046889295,0.004098141,5.4343333,5.425833,2,17,1,0.99514896,1
0,5,1,1,1,203.79051,56.25377,378.0963,-0.0065320693,-6.6467014e-06,0.0031461215,5.4825134,5.4530554,2,18,1,0.9924353,1
0,27,1,1,1,205.20045,21.026455,28.017267,-0.004695112,-0.0006194016,0.0036168406,5.762118,5.8375,2,19,1,0.995353,1
0,31,1,1,1,-205.02592,219.31166,320.0434,-0.0060292385,0.0019196435,0.0073291305,5.690306,5.7925,2,20,1,0.95661753,1
0,40,1,1,1,212.63335,-176.38777,20.28401,-0.008723413,0.0035603354,0.009289652,10.903653,10.868333,2,21,1,0.984527,1
0,13,1,1,1,224.81174,300.6265,115.31502,-0.0026940978,0.0005373692,0.0031720025,3.7741113,3.6722221,2,22,1,0.97624946,1
0,10,1,1,1,-243.31935,-171.72058,455.21246,-0.007954639,0.0042489767,0.005142399,10.36541,10.328611,2,23,1,0.990741,1
0,9,1,1,1,-253.21622,536.3984,268.9189,-0.004767052,4.0855997e-05,0.005558867,5.5476665,5.5725,2,24,1,0.99041593,1
0,19,1,1,1,-267.13223,-323.1342,288.09528,-0.0058844094,0.0037687614,0.0067693284,6.4005413,6.3861113,2,25,1,0.99742234,1
0,19,1,0,1,-267.13223,-323.1342,288.09528,-0.0058844094,0.0037687614,0.0067693284,3.4130485,3.3983333,2,-1,0,0.93367547,1
0,14,1,1,1,286.6949,114.061646,0.91840845,-0.014438853,0.0036635746,0.013246573,19.922924,20.01361,2,26,1,0.9985208,1
0,22,1,1,1,284.909,250.17458,112.377846,-0.014044596,0.007041875,0.010432348,19.451084,19.545279,2,27,1,0.99421,1
0,20,1,1,1,-313.8517,536.13934,57.252842,-0.003479532,-0.00065043784,0.0017692975,3.399514,3.3997223,2,28,1,0.8372503,1
0,6,1,1,1,-314.72897,20.303228,335.33554,-0.025011268,0.005551215,0.018343642,18.99316,19.024445,2,29,1,0.99340516,1
0,11,1,1,1,-316.23932,68.04179,365.02808,-0.0039767716,0.0011832467,0.005008819,5.185729,5.241389,2,30,1,0.9801383,1
0,6,1,0,1,-314.72897,20.303228,335.33554,-0.025011268,0.005551215,0.018343642,7.3680067,7.2836113,2,-1,0,0.9869164,1
0,21,1,1,1,-352.62616,359.04385,249.42233,-0.006716119,-0.00058394537,0.0047588306,6.7096806,6.6766667,2,-1,1,0.9678745,1
0,37,1,1,1,361.24246,-245.47696,295.9158,-0.023642102,0.0072975317,0.015019096,25.274223,25.5575,2,31,1,0.9500315,1
0,30,1,1,1,-354.35446,-514.44464,423.06628,-0.008658418,0.0027413794,0.0034789478,8.2955,8.2497225,2,32,1,0.9835005,1
1,12,1,1,1,11.021951,140.44958,359.14676,-0.013555571,0.0037963525,0.009515407,20.502892,20.5075,2,0,1,0.99143463,1
1,40,1,1,1,-19.85528,-315.277,320.30127,-0.009641195,0.00400949,0.0052503985,14.069833,14.085278,2,1,1,0.9987796,1
1,1,1,1,1,28.586105,423.65704,220.9324,-0.017830523,0.0041098823,0.012673211,16.393604,16.311945,2,2,1,0.97531873,1
1,30,0,0,0,0.0,0.0,0.0,0.0,0.0,0.0,3.7259376,3.8322222,2,-1,0,0.5792136,1
1,23,1,1,1,-59.589344,566.0546,263.31448,-0.007892658,0.002616233,0.0031233937,10.7502365,10.511389,2,3,1,0.9915696,1
1,35,1,1,1,76.1694,299.9574,33.18073,-0.014783164,0.0020006583,0.009429495,9.861305,9.896667,2,4,1,0.9954596,1
1,35,1,0,1,76.1694,299.9574,33.18073,-0.014783164,0.0020006583,0.009429495,8.682347,8.6472225,2,-1,0,0.73074424,1
1,25,1,1,1,-74.17737,328.16263,349.36362,-0.014388547,0.0035943936,0.011094404,10.793409,10.546945,2,5,1,0.9471581,1
1,20,0,0,0,0.0,0.0,0.0,0.0,0.0,0.0,2.7830832,2.7386112,2,-1,0,0.56274205,1
1,24,1,1,1,99.3012,292.21426,89.57492,-0.008497087,0.00318779,0.0051102713,11.237055,11.451389,2,6,1,0.9609592,1
1,16,1,1,1,100.91822,-273.38022,393.58078,-0.0030950261,0.0028580225,0.0039958404,6.1467986,6.1516666,2,7,1,0.99443036,1
1,25,1,0,1,-74.17737,328.16263,349.36362,-0.014388547,0.0035943936,0.011094404,9.845104,10.069445,2,-1,0,0.9972178,1
1,34,1,1,1,112.943214,-452.14587,461.67407,-0.003982515,0.0027904036,0.0044729407,7.3592424,7.188889,2,9,1,0.9892018,1
1,29,1,1,1,128.98709,-493.64517,137.64401,-0.012941632,0.006209237,0.009883292,18.245846,18.153055,2,10,1,0.9892019,1
1,19,1,1,1,-140.4411,156.79886,135.00887,-0.016548155,0.0072551877,0.014689023,22.55432,22.665833,2,11,1,0.99113303,1
1,10,0,0,0,0.0,0.0,0.0,0.0,0.0,0.0,2.5979373,2.5377777,2,-1,0,0.5638697,1
1,9,1,1,1,-162.8484,-499.17606,271.30246,-0.005929816,0.0012436187,0.0026180225,7.0858335,7.1469445,2,12,1,0.97282344,1
1,6,1,1,1,168.29178,368.668,174.07324,-0.006757819,-0.00031108476,0.0044359397,8.537812,8.596945,2,13,1,0.9797418,1
1,10,1,1,1,172.32503,-80.67031,7.7281876,-0.012170408,0.004784206,0.010130382,15.121952,15.034445,2,14,1,0.9962141,1
1,31,1,1,1,-171.42833,335.29007,109.67558,-0.0015974327,0.0016134218,0.002669862,3.460611,3.348611,2,-1,1,0.68327683,1
1,30,1,1,1,183.75604,113.17036,258.36383,-0.010075036,0.0019625903,0.0073730764,13.781708,13.808611,2,15,1,0.9974262,1
1,22,1,1,1,182.62369,536.0522,143.93132,-0.007669885,0.004074603,0.004797764,9.842001,9.760555,2,16,1,0.9462153,1
1,5,1,1,1,193.67776,183.1719,190.20256,-0.005724663,0.0025061248,0.003247975,5.8096733,5.706389,2,17,1,0.9752856,1
1,32,1,1,1,-196.9605,-352.1426,213.82661,-0.011296304,0.0057463893,0.008462301,13.70391,13.898889,2,18,1,0.9661678,1
1,2,1,1,1,-205.97836,240.75363,11.911872,-0.0049395594,0.0026265022,0.0027276247,6.0647364,6.121111,2,19,1,0.96490973,1
1,37,1,1,1,-225.27876,391.66705,360.27417,-0.006271282,0.0019799543,0.0041889357,8.012438,8.048333,2,20,1,0.99008244,1
1,21,1,1,1,235.7778,389.10568,324.82346,-0.003875814,-0.00016154336,0.0022831028,4.2350903,4.1266665,2,21,1,0.9662443,1
1,8,1,1,1,242.57318,26.458101,164.69315,-0.0059211254,-5.762447e-05,0.0045090704,7.3156185,7.385,2,22,1,0.9807823,1
1,17,1,1,1,272.8834,539.69366,104.56906,-0.012795285,0.005908143,0.011881762,14.96416,14.873889,2,24,1,0.9945675,1
1,28,1,1,1,272.99097,-498.1085,279.41434,-0.0066735195,0.003947417,0.0074173473,10.829361,10.766111,2,25,1,0.99491924,1
1,15,1,1,1,280.28857,-343.81033,136.62175,-0.008165763,0.004703298,0.0061364667,3.857861,3.8755555,2,26,1,0.94171387,1
1,4,1,1,1,283.19724,-210.15538,226.92094,-0.012096131,0.0007448272,0.009425744,16.005821,16.018055,2,27,1,0.97578317,1
1,18,1,1,1,-292.1892,413.5904,29.52399,-0.010516059,0.004321621,0.010720386,7.337632,7.365556,2,28,1,0.996564,1
1,27,1,1,1,311.08722,-310.34265,41.5758,-0.013624619,0.0016654005,0.012147955,16.036785,16.223333,2,29,1,0.9354076,1
1,33,1,1,1,317.8434,431.98462,211.0008,-0.0061910343,0.0037509464,0.0037957728,7.6075554,7.6419444,2,30,1,0.97809863,1
1,7,0,0,0,0.0,0.0,0.0,0.0,0.0,0.0,2.3880138,2.3930554,2,-1,0,0.57672054,1
1,26,1,1,1,-360.48618,325.50745,366.12515,-0.006061942,0.0019825166,0.007890964,8.600743,8.788055,2,31,1,0.9986022,1
2,23,1,1,1,-10.075363,-235.5592,30.847782,-0.0037026273,-0.0004710018,0.0015987597,4.4280763,4.553056,2,1,1,0.97751725,1
2,2,1,1,1,-13.138613,-306.416,52.135902,-0.010635375,0.002986721,0.008589406,15.856875,16.31639,2,2,1,0.9908462,1
2,22,1,1,1,-12.967691,497.63412,378.0809,-0.026378492,0.0060701063,0.019308548,22.374466,22.4575,2,3,1,0.99392164,1
2,34,1,1,1,-22.608341,165.5801,230.96669,-0.016301055,0.0024129702,0.009502107,12.164556,12.1275,2,4,1,0.9801332,1
2,22,1,0,1,-12.967691,497.63412,378.0809,-0.026378492,0.0060701063,0.019308548,3.301611,3.353611,2,-1,0,0.7147756,1
2,22,1,0,1,-12.967691,497.63412,378.0809,-0.026378492,0.0060701063,0.019308548,5.869125,5.919722,2,-1,0,0.9881788,1
2,7,1,1,1,38.208824,-9.789837,123.5196,-0.008883289,0.0005837133,0.0061130123,12.82541,12.985278,2,5,1,0.9506451,1
2,14,1,1,1,-52.807518,-330.54498,445.60654,-0.027090188,0.00720411,0.020322422,27.793064,27.908611,2,6,1,0.9841539,1
2,14,1,0,1,-52.807518,-330.54498,445.60654,-0.027090188,0.00720411,0.020322422,6.509722,6.7530556,2,-1,0,0.97638136,1
2,15,1,1,1,83.31703,-196.80807,36.14172,-0.00785447,0.0010408601,0.004226336,9.849375,9.801945,2,7,1,0.98634607,1
2,31,1,1,1,104.66516,-261.07236,247.39055,-0.014505189,0.0037894496,0.008961736,13.87716,13.7475,2,8,1,0.94611764,1
2,31,1,0,1,104.66516,-261.07236,247.39055,-0.014505189,0.0037894496,0.008961736,5.8168893,5.813889,2,-1,0,0.9958134,1
2,13,1,1,1,-104.2236,-471.26236,313.65308,-0.028497895,0.011427202,0.025447313,37.872833,38.043056,2,9,1,0.9998841,1
2,3,1,1,1,-104.84217,-349.26926,436.38925,-0.0028005084,0.0009464156,0.0041717147,5.022354,5.025833,2,10,1,0.9731933,1
2,37,1,1,1,-109.98187,-101.17001,327.0743,-0.010294369,0.004134222,0.0052492344,11.648687,11.680278,2,11,1,0.97588205,1
2,29,1,1,1,120.30063,-540.8367,167.52014,-0.019706964,0.0071167606,0.012923318,24.520584,24.556389,2,12,1,0.989176,1
2,33,1,1,1,-127.581406,-183.62592,408.20947,-0.007529687,0.002835427,0.00960582,10.150925,10.096111,2,13,1,0.8771883,1
2,13,1,0,1,-104.2236,-471.26236,313.65308,-0.028497895,0.011427202,0.025447313,3.0401595,3.0711112,2,-1,0,0.66336906,1
2,40,1,1,1,-144.08966,562.8951,453.68088,-0.009013971,0.0027361652,0.008366559,13.855632,13.888889,2,14,1,0.9911708,1
2,5,1,1,1,168.72374,156.94357,286.27426,-0.010410689,0.0047779013,0.007024409,10.31859,10.509722,2,16,1,0.9953067,1
2,28,1,0,1,170.65486,-35.099926,164.56972,-0.010746344,0.0020695503,0.009907678,3.5219374,3.5908334,2,-1,0,0.92754555,1
2,28,1,1,1,170.65486,-35.099926,164.56972,-0.010746344,0.0020695503,0.009907678,10.644757,10.586945,2,17,1,0.98837835,1
2,32,1,1,1,-172.39833,384.11435,178.27599,-0.009597323,0.0033835436,0.00395133,9.713944,9.856944,2,18,1,0.97966796,1
2,36,1,1,1,-174.23547,-342.8368,317.51,-0.010146609,0.003631804,0.005722614,13.168153,13.282222,2,19,1,0.9880824,1
2,27,1,1,1,-186.4997,152.83351,108.10448,-0.0043997183,0.002532401,0.0062102135,8.420569,8.417222,2,20,1,0.999495,1
2,39,0,0,0,0.0,0.0,0.0,0.0,0.0,0.0,3.1440554,3.095,2,-1,0,0.70324284,1
2,1,1,0,1,210.93097,170.59676,5.520943,-0.018701514,0.008487915,0.015374697,3.7465832,3.698611,2,-1,0,0.9740389,1
2,8,1,0,1,202.34537,47.053345,156.373,-0.013085394,0.0030933674,0.0076048537,3.217757,3.3019445,2,-1,0,0.9169883,1
2,18,1,1,1,-196.07005,-284.76718,232.68384,-0.009348271,0.001994538,0.007778868,10.470666,10.616389,2,21,1,0.986698,1
2,8,1,1,1,202.34537,47.053345,156.373,-0.013085394,0.0030933674,0.0076048537,8.734312,8.711111,2,22,1,0.9697908,1
2,30,1,1,1,-202.57904,150.3772,405.20984,-0.010476129,0.0019835231,0.005111191,9.772874,9.8175,2,23,1,0.9772349,1
2,38,1,1,1,-204.03497,-181.61755,327.94165,-0.0045148656,0.00071821146,0.0033562994,5.4947777,5.568333,2,24,1,0.89931065,1
2,1,1,0,1,210.93097,170.59676,5.520943,-0.018701514,0.008487915,0.015374697,9.005841,8.972222,2,-1,0,0.970579,1
2,1,1,1,1,210.93097,170.59676,5.520943,-0.018701514,0.008487915,0.015374697,12.500139,12.401944,2,-1,1,0.9890805,1
2,12,1,1,1,-209.96141,490.12042,327.51303,-0.013643411,0.005389575,0.010919814,17.335861,17.3825,2,25,1,0.9970144,1
2,21,1,1,1,222.39,425.28915,289.2433,-0.0059062755,0.0019684783,0.0049361405,7.883562,8.063889,2,26,1,0.9901419,1
2,17,1,1,1,-222.67061,-477.92633,400.37863,-0.011051659,0.001202156,0.009995527,14.109299,14.033889,2,28,1,0.9985738,1
2,35,1,1,1,237.65688,174.3836,236.86745,-0.0062821675,0.003979015,0.0034303672,6.9760075,6.9266667,2,29,1,0.97749466,1
2,19,1,1,1,253.683,-108.07559,305.69583,-0.0032854613,-0.00028392818,0.0038867448,4.9881945,4.873611,2,30,1,0.95728457,1
2,4,1,1,1,265.694,56.04008,411.38235,-0.0075007933,0.0021176096,0.0069751786,10.402216,10.305,2,31,1,0.9985556,1
2,26,1,0,1,-293.28046,-395.4608,22.143728,-0.020613348,0.008014314,0.014590997,9.312854,9.298056,2,-1,0,0.98539966,1
2,26,1,0,1,-293.28046,-395.4608,22.143728,-0.020613348,0.008014314,0.014590997,4.967215,5.0041666,2,-1,0,0.9963109,1
2,25,1,1,1,-305.91223,-204.94905,428.73233,-0.016337767,0.0030078439,0.012909835,17.115492,17.352222,2,32,1,0.9237309,1
2,26,1,1,1,-293.28046,-395.4608,22.143728,-0.020613348,0.008014314,0.014590997,11.751021,11.7705555,2,33,1,0.97525126,1
2,39,1,1,1,325.93903,70.988785,102.09971,-0.010418054,0.0026999847,0.0061891004,9.701402,9.635278,2,34,1,0.9758052,1
2,16,1,1,1,-326.90173,162.67294,118.07286,-0.022651687,0.008845611,0.01708908,23.65691,23.474722,2,35,1,0.98269755,1
3,4,1,1,1,6.8026977,-411.6684,285.82477,-0.005711022,0.0017117023,0.0053530964,9.4869375,9.346389,2,0,1,0.963174,1
3,29,1,1,1,-8.757173,-15.662862,225.15044,-0.007247953,0.0019683796,0.0075973514,12.984293,13.1875,2,1,1,0.99842,1
3,3,1,0,1,41.871334,-166.02254,96.45832,-0.025029687,0.004669284,0.019283809,3.6796389,3.66,2,-1,0,0.93143976,1
3,3,1,0,1,41.871334,-166.02254,96.45832,-0.025029687,0.004669284,0.019283809,3.3868608,3.3416667,2,-1,0,0.5949645,1
3,3,1,0,1,41.871334,-166.02254,96.45832,-0.025029687,0.004669284,0.019283809,8.930389,8.870277,2,-1,0,0.9578083,1
3,3,1,1,1,41.871334,-166.02254,96.45832,-0.025029687,0.004669284,0.019283809,12.206507,12.184722,2,2,1,0.98519415,1
3,3,1,0,1,41.871334,-166.02254,96.45832,-0.025029687,0.004669284,0.019283809,4.9611945,4.909167,2,-1,0,0.9880356,1
3,32,1,1,1,-55.848698,578.4745,249.0399,-0.017647285,0.007885581,0.01591313,25.42493,25.487223,2,3,1,0.98505473,1
3,32,1,0,1,-55.848698,578.4745,249.0399,-0.017647285,0.007885581,0.01591313,4.6772223,4.575,2,-1,0,0.9694773,1
3,18,1,1,1,69.85891,-418.28845,267.08185,-0.004899304,0.00095141365,0.0047816914,7.7147365,7.6822224,2,4,1,0.9562386,1
3,28,1,1,1,-74.98121,-529.3793,274.17764,-0.0031518987,0.002778651,0.0042749913,6.369986,6.395278,2,5,1,0.9935364,1
3,13,1,1,1,-81.38955,-473.6687,388.13522,-0.003937392,0.0018205018,0.00096255966,4.608805,4.5652776,2,6,1,0.8623079,1
3,24,1,1,1,-92.21753,232.3946,159.53241,-0.0069078896,0.0039142026,0.004320064,6.0286527,5.9319444,2,7,1,0.9874685,1
3,24,1,0,1,-92.21753,232.3946,159.53241,-0.0069078896,0.0039142026,0.004320064,4.426306,4.500278,2,-1,0,0.9791671,1
3,5,1,1,1,-98.8469,198.83351,162.23557,-0.010659058,0.0038969095,0.0069855666,13.233459,13.040833,2,8,1,0.9490771,1
3,21,1,1,1,-113.4162,-382.68512,69.8734,-0.007955575,0.0031861814,0.0046385364,11.177604,11.0375,2,9,1,0.96998954,1
3,34,1,0,1,136.07367,527.7429,166.8824,-0.0249639,0.009665662,0.020449279,8.034222,8.0425,2,-1,0,0.9866985,1
3,1,1,1,1,144.941,281.79968,301.83173,-0.02204391,0.008170097,0.016713789,11.244458,11.293333,2,10,1,0.9924331,1
3,34,1,1,1,136.07367,527.7429,166.8824,-0.0249639,0.009665662,0.020449279,23.1035,22.858334,2,11,1,0.9989109,1
3,1,1,0,1,144.941,281.79968,301.83173,-0.02204391,0.008170097,0.016713789,8.078451,8.026944,2,-1,0,0.98526865,1
3,23,1,1,1,-138.33293,-148.35303,379.1024,-0.010133817,0.00087711663,0.010357738,13.828813,13.8175,2,12,1,0.99903333,1
3,1,1,0,1,144.941,281.79968,301.83173,-0.02204391,0.008170097,0.016713789,6.8911805,6.9522223,2,-1,0,0.9834229,1
3,6,1,1,1,-143.37234,-75.39638,410.1815,-0.011040709,0.0021853147,0.005428571,11.513847,11.648334,2,13,1,0.9773746,1
3,31,1,1,1,-146.32106,-387.1619,63.603714,-0.0076360716,0.003042049,0.008492456,10.054757,9.871944,2,14,1,0.991251,1
3,26,1,1,1,-153.09201,541.7381,106.20799,-0.007963991,2.3450631e-05,0.0069842953,10.810951,10.974167,2,15,1,0.9749088,1
3,16,1,1,1,169.90237,76.37053,27.862076,-0.00877674,0.0027391063,0.009452857,13.882055,13.760278,2,17,1,0.9869518,1
3,22,1,1,1,182.58115,130.07375,286.6375,-0.0061516794,0.00017120501,0.0024133185,5.3636527,5.4394445,2,18,1,0.99278814,1
3,10,1,1,1,-185.30588,-433.5078,425.34933,-0.010659732,0.0054370984,0.009903619,17.44516,17.336111,2,19,1,0.99594575,1
3,12,1,0,1,203.4035,-297.2513,184.55226,-0.015875619,0.0058887294,0.009578948,8.303326,8.217222,2,-1,0,0.97833717,1
3,12,1,1,1,203.4035,-297.2513,184.55226,-0.015875619,0.0058887294,0.009578948,10.976305,10.919723,2,20,1,0.9701657,1
3,27,1,1,1,-208.53502,333.11124,351.04962,-0.021095932,0.006604835,0.015616384,18.743006,18.870277,2,21,1,0.9860903,1
3,37,1,1,1,-211.30748,-520.1437,199.77846,-0.00963279,0.0032776124,0.010561489,14.8840275,15.013333,2,22,1,0.9988907,1
3,33,1,1,1,-235.69495,-368.68088,392.28284,-0.0052888314,0.0034899663,0.005983079,8.822389,8.798611,2,23,1,0.9886313,1
3,36,1,1,1,-255.76208,-165.83698,79.74794,-0.007658928,2.6398118e-05,0.003629509,7.3302984,7.2588887,2,24,1,0.9661198,1
3,40,1,1,1,260.73538,51.2146,364.14798,-0.005737918,0.0022825808,0.0020313107,6.4255695,6.408056,2,25,1,0.9571172,1
3,7,0,0,0,0.0,0.0,0.0,0.0,0.0,0.0,2.6859097,2.7308333,2,-1,0,0.63660526,1
3,19,1,1,1,-287.35916,-167.87965,288.8974,-0.01531269,0.0048583415,0.0105563225,18.253763,18.256945,2,28,1,0.9961474,1
3,8,1,1,1,-301.9649,326.7869,81.981995,-0.00789877,0.00393782,0.0059771906,7.7554784,7.720278,2,29,1,0.9975975,1
3,14,1,1,1,-319.15555,460.88257,401.05255,-0.0033785226,0.0023770556,0.0047185556,5.731264,5.675833,2,30,1,0.98979354,1
3,35,1,1,1,-338.60052,-71.31917,60.085472,-0.0073475176,0.0027017314,0.007716523,9.073895,9.080556,2,32,1,0.9734519,1
4,31,1,1,1,-11.512582,-141.13005,328.4065,-0.019085899,0.0046904506,0.014879158,19.79754,20.001944,2,0,1,0.9998617,1
4,10,1,1,1,22.2031,274.1151,288.33514,-0.011543997,0.0013550818,0.01076868,18.843445,18.946667,2,1,1,0.99152714,1
4,6,0,1,1,-19.268967,-167.8704,349.6048,-0.0070714904,0.0032731087,0.0030308918,10.635326,10.244166,2,2,1,0.9976163,1
4,31,1,0,1,-11.512582,-141.13005,328.4065,-0.019085899,0.0046904506,0.014879158,7.708889,7.962222,2,-1,0,0.9895084,1
4,13,1,1,1,35.958134,-158.68365,33.111237,-0.012040487,0.0020673163,0.010808614,16.093153,15.998611,2,3,1,0.96693903,1
4,18,1,1,1,-42.191628,519.0903,19.605955,-0.0058961185,-0.0004876372,0.003345052,7.8071947,7.668889,2,-1,1,0.9838727,1
4,25,1,1,1,-61.22976,-127.96127,342.57294,-0.0060015344,0.0017706801,0.0024238632,7.5384517,7.6844444,2,4,1,0.9921079,1
4,11,1,1,1,-82.59942,17.780922,50.18416,-0.0047232313,0.0025618828,0.006587087,9.406501,9.509444,2,5,1,0.9886967,1
4,35,1,1,1,103.78413,-236.28915,114.22034,-0.020864043,0.0047916872,0.01298418,21.92213,21.971111,2,6,1,0.986591,1
4,28,1,1,1,-99.93451,73.643,65.881035,-0.007023296,0.0017784921,0.0071334904,11.52525,11.631945,2,7,1,0.9956714,1
4,36,1,0,1,158.06953,422.97052,129.83037,-0.024628019,0.009725401,0.019023016,9.430596,9.456388,2,-1,0,0.9905414,1
4,22,1,0,1,143.81166,86.24463,356.01068,-0.013612989,0.0036979464,0.013540554,4.4292016,4.5727777,2,-1,0,0.9719499,1
4,30,1,0,1,134.40933,558.34235,135.93227,-0.012367567,0.004799593,0.009797769,4.317604,4.2208333,2,-1,0,0.89512503,1
4,30,1,1,1,134.40933,558.34235,135.93227,-0.012367567,0.004799593,0.009797769,14.717889,14.836945,2,8,1,0.9790283,1
4,20,1,1,1,-137.34058,453.9487,139.74641,-0.01608049,0.007470897,0.0133457305,20.996521,20.895834,2,9,1,0.99774784,1
4,20,1,0,1,-137.34058,453.9487,139.74641,-0.01608049,0.007470897,0.0133457305,3.7232502,3.826111,2,-1,0,0.94416076,1
4,22,1,1,1,143.81166,86.24463,356.01068,-0.013612989,0.0036979464,0.013540554,14.957472,14.964723,2,10,1,0.9974502,1
4,32,1,1,1,-141.65697,-456.37927,82.19926,-0.003971756,0.0020955421,0.0057373103,7.839083,7.9238887,2,11,1,0.9811648,1
4,4,1,1,1,-142.04019,-291.5651,441.58746,-0.020974236,0.004752571,0.015284263,25.623564,25.05611,2,12,1,0.9513138,1
4,12,1,1,1,154.74408,-437.54572,114.90237,-0.014622665,0.0031741387,0.006898915,16.851667,17.014166,2,13,1,0.9904151,1
4,36,1,1,1,158.06953,422.97052,129.83037,-0.024628019,0.009725401,0.019023016,22.480173,22.339167,2,14,1,0.9957327,1
4,14,1,1,1,158.27615,379.12546,148.5638,-0.007695096,0.0014393503,0.0032944432,8.530229,8.587222,2,15,1,0.9656962,1
4,33,1,1,1,158.78516,486.21027,408.00543,-0.0057822303,0.0025865824,0.0020881393,6.5848403,6.6222224,2,16,1,0.9806337,1
4,29,1,1,1,165.59306,487.08926,328.30725,-0.011343135,0.00095085544,0.009827162,10.807355,10.930278,2,17,1,0.9974376,1
4,27,1,1,1,-164.05582,-185.70319,147.48666,-0.009489417,0.002078736,0.01014725,12.130395,12.262222,2,18,1,0.9925223,1
4,40,1,1,1,-167.16708,-26.153296,316.80518,-0.0100630205,0.00040134112,0.007828435,11.881291,11.844444,2,19,1,0.99657744,1
4,8,1,1,1,174.88875,334.91113,160.10031,-0.009372822,0.0039793956,0.006589359,10.224653,10.461945,2,20,1,0.9947154,1
4,24,0,0,0,0.0,0.0,0.0,0.0,0.0,0.0,3.8610835,3.7180555,2,-1,0,0.9304813,1
4,3,1,1,1,188.4091,221.28992,362.9815,-0.010666172,0.0030971703,0.0071734264,13.684965,13.518333,2,22,1,0.9931363,1
4,38,1,1,1,195.53973,-397.7947,437.0846,-0.010660492,0.003453264,0.0055482183,10.820979,10.673333,2,23,1,0.99143475,1
4,37,1,1,1,-210.44429,572.6819,59.607666,-0.012921482,0.0038978446,0.008386286,16.561401,16.525278,2,24,1,0.99664587,1
4,2,1,1,1,214.8148,578.54193,202.4225,-0.008268951,0.003618798,0.008761247,12.833083,12.996111,2,25,1,0.9374904,1
4,34,1,1,1,-221.51202,-131.9365,345.4725,-0.009546514,0.003459053,0.0051795626,12.126569,12.103333,2,26,1,0.9962669,1
4,21,1,1,1,251.29161,139.6552,366.0811,-0.008209522,0.0024407906,0.007704754,11.803355,11.956944,2,27,1,0.99363846,1
4,24,1,1,1,-273.7896,111.57244,221.8578,-0.01755804,0.0050166813,0.015410297,18.61136,18.526112,2,28,1,0.9856653,1
4,24,1,0,1,-273.7896,111.57244,221.8578,-0.01755804,0.0050166813,0.015410297,5.285625,5.209722,2,-1,0,0.97726506,1
4,9,1,1,1,-286.16757,446.2759,271.08365,-0.011622676,0.0054969788,0.0076272045,12.202451,12.2575,2,29,1,0.9754313,1
4,7,1,1,1,296.89716,-170.00156,457.797,-0.011374616,0.006135686,0.01146748,16.464527,16.241945,2,30,1,0.9933462,1
4,19,1,1,1,-302.74704,195.57205,223.4993,-0.0059215813,0.0036978368,0.0052777543,8.733708,8.801666,2,31,1,0.9861835,1
4,23,1,1,1,325.09073,-40.491608,203.89948,-0.004546328,-0.00041751596,0.0031070877,5.03191,5.0591664,2,32,1,0.97092795,1
4,16,1,1,1,346.2644,-452.9853,263.35416,-0.014204935,0.0026088574,0.009445631,13.766547,13.656111,2,33,1,0.99997234,1
4,26,1,1,1,-347.62506,-125.28499,427.56448,-0.009799988,0.0038098264,0.008029834,12.513583,12.517222,2,34,1,0.97648877,1
4,5,1,1,1,357.68353,38.165123,425.5757,-0.011879179,0.005189203,0.009946306,15.8069725,15.830556,2,35,1,0.9690976,1
5,22,1,1,1,-27.019808,-108.48101,54.14361,-0.005184496,0.0022953204,0.0066097286,10.571806,10.535277,2,0,1,0.9955647,1
5,16,1,1,1,32.887814,-228.65244,461.99658,-0.0040678782,0.0027836538,0.0018575693,5.834847,5.9566665,2,1,1,0.9693392,1
5,4,1,1,1,-49.494446,-508.93918,63.44126,-0.019715846,0.0061895223,0.01275543,22.284138,22.135279,2,3,1,0.96957546,1
5,4,1,0,1,-49.494446,-508.93918,63.44126,-0.019715846,0.0061895223,0.01275543,5.763938,5.775,2,-1,0,0.97223425,1
5,12,1,0,1,82.76467,320.33755,35.323803,-0.022738291,0.008424146,0.014230381,6.489868,6.339722,2,-1,0,0.9971733,1
5,37,1,0,1,102.30981,417.07718,372.45728,-0.015022996,0.0053293793,0.012719489,5.355284,5.3275,2,-1,0,0.9208342,1
5,12,1,1,1,82.76467,320.33755,35.323803,-0.022738291,0.008424146,0.014230381,17.844536,17.611944,2,4,1,0.99956316,1
5,36,1,1,1,88.60243,466.8757,440.8343,-0.016756436,0.0067598936,0.013310092,25.238333,24.673056,2,5,1,0.87726694,1
5,37,1,1,1,102.30981,417.07718,372.45728,-0.015022996,0.0053293793,0.012719489,11.374049,11.235833,2,6,1,0.9887961,1
5,32,1,1,1,99.91176,533.9329,356.06097,-0.0032614558,-0.00071876205,0.0019534016,4.0214167,4.0069447,2,7,1,0.96378785,1
5,37,1,0,1,102.30981,417.07718,372.45728,-0.015022996,0.0053293793,0.012719489,2.7953055,2.8597221,2,-1,0,0.68857265,1
5,24,1,1,1,-112.206436,565.756,336.1038,-0.0070252335,0.0039895936,0.0042667976,9.354062,9.273056,2,8,1,0.98001754,1
5,8,1,1,1,129.16908,-146.8468,107.93476,-0.021141702,0.0025335865,0.014161839,24.23039,24.037777,2,9,1,0.9566723,1
5,38,1,1,1,-146.13632,478.2175,117.37878,-0.0076687885,3.632612e-05,0.004492564,7.9986033,8.0325,2,10,1,0.99248123,1
5,21,1,1,1,200.9564,169.85966,179.63008,-0.012050646,0.0009639437,0.009252819,12.242084,12.336389,2,12,1,0.9748377,1
5,13,1,1,1,207.65611,158.751,98.726,-0.025867058,0.009785751,0.021605799,34.51678,35.29111,2,13,1,0.9998597,1
5,25,1,1,1,202.73203,-472.12152,436.24554,-0.003769778,0.0004399676,0.00093448104,3.8085418,3.6713889,2,14,1,0.9439895,1
5,33,1,1,1,-204.15991,542.6698,178.84679,-0.0068703913,0.0009877306,0.007157227,10.319694,10.3758335,2,15,1,0.9862938,1
5,35,1,1,1,-218.9336,335.83246,42.247944,-0.011240063,0.006002202,0.008603973,13.941757,13.960278,2,16,1,0.99486816,1
5,14,1,1,1,-220.23729,188.14693,173.83168,-0.011722344,0.0029075192,0.006856983,14.473507,14.423611,2,17,1,0.9950287,1
5,19,1,0,1,255.2938,-52.675854,399.5473,-0.014809638,0.0064012664,0.012952338,6.641153,6.6275,2,-1,0,0.9806354,1
5,27,1,1,1,-231.29228,-273.0241,155.95378,-0.009817459,0.0023127047,0.004272426,9.127402,9.029166,2,19,1,0.9780448,1
5,3,1,1,1,-238.71014,-126.68118,8.429995,-0.0061607393,0.0034284818,0.0031939473,7.7089725,7.7308335,2,20,1,0.9857017,1
5,9,1,1,1,-247.68787,590.5326,404.31934,-0.018420426,0.0043151695,0.014852802,24.505846,24.609722,2,21,1,0.9992454,1
5,28,1,1,1,-248.18263,-379.8479,21.748594,-0.010005719,0.0011897808,0.0073832865,10.584966,10.6825,2,22,1,0.96990395,1
5,31,1,1,1,-248.72287,573.7842,369.19812,-0.0059525915,0.0024767895,0.002224524,6.382639,6.432778,2,23,1,0.97201914,1
5,40,1,0,1,261.68933,-229.88686,269.85852,-0.0193391,0.003734336,0.015020099,5.9825835,5.973611,2,-1,0,0.96701247,1
5,19,1,1,1,255.2938,-52.675854,399.5473,-0.014809638,0.0064012664,0.012952338,12.745472,12.6652775,2,24,1,0.9739774,1
5,40,1,1,1,261.68933,-229.88686,269.85852,-0.0193391,0.003734336,0.015020099,18.641535,18.818056,2,25,1,0.9122786,1
5,15,1,1,1,285.6206,-516.32556,193.02197,-0.006276491,-0.00041140654,0.0033397246,6.525306,6.6538887,2,26,1,0.9811948,1
5,6,1,1,1,286.48676,554.6656,155.36784,-0.0049249483,0.002303657,0.0028133364,6.0784307,6.088889,2,27,1,0.9745978,1
5,17,1,1,1,300.39594,-240.22733,136.42995,-0.0076882974,0.00039979437,0.0042939167,7.50209,7.2994447,2,29,1,0.9671186,1
5,1,1,1,1,-300.70703,438.98212,69.27871,-0.015775602,0.0035425734,0.009623942,13.652223,13.787778,2,30,1,0.9892019,1
5,34,1,1,1,310.4458,-253.75354,233.56326,-0.009504901,0.0028884541,0.0099260295,12.383701,12.388333,2,31,1,0.9633686,1
5,33,0,0,0,0.0,0.0,0.0,0.0,0.0,0.0,2.719979,2.725,2,-1,0,0.5263681,1
5,7,1,1,1,317.34927,-340.79382,276.36124,-0.013617651,0.0053975005,0.007685077,15.555617,15.736667,2,32,1,0.99198675,1
5,23,1,1,1,-315.10086,-139.91498,205.38187,-0.013235541,0.003961765,0.008423298,13.976736,14.026667,2,33,1,0.98889625,1
5,29,1,1,1,326.0488,175.89407,82.66543,-0.004276494,0.001007623,0.006069044,6.837299,6.868889,2,34,1,0.98279345,1
5,10,1,1,1,-327.4428,-521.8851,68.456505,-0.011070498,0.0033000493,0.011206887,10.978869,11.093333,2,35,1,0.9627483,1
5,10,1,0,1,-327.4428,-521.8851,68.456505,-0.011070498,0.0033000493,0.011206887,4.389951,4.295833,2,-1,0,0.99919814,1
6,4,1,1,1,-8.096761,-475.53552,254.71194,-0.0074817995,0.004674509,0.005750067,12.7630625,12.838056,2,0,1,0.9538337,1
6,32,1,1,1,-12.325173,122.34849,158.80444,-0.0072530047,0.0012027533,0.0076952744,6.7984233,6.7516665,2,1,1,0.9845392,1
6,32,1,0,1,-12.325173,122.34849,158.80444,-0.0072530047,0.0012027533,0.0076952744,4.976493,4.9691668,2,-1,0,0.9845612,1
6,29,1,1,1,19.352158,142.6418,407.3645,-0.013099971,0.004254686,0.0072891884,17.09157,16.814444,2,2,1,0.9996755,1
6,34,1,1,1,-23.828682,15.823042,212.57329,-0.019118637,0.006890219,0.013661104,25.277534,25.219444,2,3,1,0.99914944,1
6,5,1,1,1,27.9838,-412.86072,407.63196,-0.004351587,0.0017140049,0.004117548,7.2920203,7.285,2,4,1,0.98492163,1
6,23,1,1,1,67.502686,358.911,174.30795,-0.002841795,-2.2520297e-05,0.002734994,3.983986,3.9452777,2,5,1,0.89892906,1
6,20,1,1,1,77.796745,23.468332,169.1304,-0.006385293,5.686399e-05,0.0065457313,8.986195,8.951944,2,6,1,0.99614394,1
6,27,1,1,1,98.25617,170.68565,353.43274,-0.0056735864,0.0013681505,0.0022815028,6.6274166,6.6525,2,7,1,0.9959312,1
6,33,1,1,1,115.65125,-308.65515,336.0075,-0.022320919,0.0062342566,0.015896456,14.840902,14.939167,2,8,1,0.9884086,1
6,3,1,1,1,-106.037865,-171.26526,272.6409,-0.009742495,0.0004355158,0.004997912,12.062576,12.1247225,2,9,1,0.9742449,1
6,33,1,0,1,115.65125,-308.65515,336.0075,-0.022320919,0.0062342566,0.015896456,14.943807,14.8336115,2,-1,0,0.8708328,1
6,14,1,1,1,-114.7153,-300.21576,332.65076,-0.013590519,0.001555328,0.011711305,14.945416,14.866111,2,10,1,0.93666065,1
6,12,1,1,1,-138.18816,-293.5887,284.431,-0.008913195,0.0031433688,0.005132394,8.34625,8.310555,2,11,1,0.9892552,1
6,36,1,1,1,-144.75444,-153.26315,141.2647,-0.011407775,0.001046084,0.008785281,8.551138,8.608889,2,12,1,0.96480644,1
6,36,1,0,1,-144.75444,-153.26315,141.2647,-0.011407775,0.001046084,0.008785281,7.8483334,7.9866667,2,-1,0,0.98857427,1
6,8,1,0,1,174.77315,325.55154,317.3865,-0.01521163,0.004017874,0.009238855,5.573889,5.4958334,2,-1,0,0.9886678,1
6,39,1,1,1,-169.98863,572.0374,81.64078,-0.009091786,0.0022139738,0.009383026,12.774876,12.783334,2,14,1,0.984696,1
6,8,1,1,1,174.77315,325.55154,317.3865,-0.01521163,0.004017874,0.009238855,12.029562,11.805,2,15,1,0.9914209,1
6,17,1,1,1,-187.99664,-576.62354,320.6321,-0.009216649,0.0013022673,0.006697592,12.46275,12.371667,2,16,1,0.9899927,1
6,19,1,1,1,201.08961,25.151798,62.474785,-0.0076855505,0.002606564,0.004347891,8.447292,8.345278,2,17,1,0.94894475,1
6,11,1,1,1,-202.44836,-409.7728,292.6013,-0.011298224,0.001985809,0.0094639,9.215028,9.211945,2,18,1,0.9909685,1
6,11,1,0,1,-202.44836,-409.7728,292.6013,-0.011298224,0.001985809,0.0094639,5.1741667,5.0797224,2,-1,0,0.9956006,1
6,26,1,1,1,-222.09322,191.97327,42.16427,-0.006151479,0.0019254677,0.003126036,7.299667,7.1786113,2,19,1,0.96014696,1
6,2,1,1,1,248.29306,74.76828,175.71138,-0.009346013,0.0050128684,0.0097510135,14.290454,14.192778,2,20,1,0.989016,1
6,18,1,1,1,-246.81915,-575.95856,329.87286,-0.013784099,0.001758965,0.010219519,14.250536,14.030556,2,21,1,0.96823823,1
6,13,0,0,0,0.0,0.0,0.0,0.0,0.0,0.0,2.8504238,2.7966666,2,-1,0,0.5199567,1
6,16,1,1,1,-253.3233,93.519936,321.7915,-0.004415055,-0.00021663003,0.0015164854,4.0595484,4.0091667,2,-1,1,0.9883156,1
6,35,1,1,1,-267.31622,-498.66837,294.50494,-0.009992491,0.00091525906,0.004834052,6.52991,6.5033336,2,22,1,0.97680515,1
6,9,1,1,1,-278.57086,78.77471,327.14218,-0.014190693,0.00278055,0.0079441555,16.953772,16.800278,2,23,1,0.98474944,1
6,28,1,1,1,289.10248,520.6903,310.5215,-0.013031698,0.0056127,0.01123901,17.46191,17.435556,2,24,1,0.9868635,1
6,35,1,0,1,-267.31622,-498.66837,294.50494,-0.009992491,0.00091525906,0.004834052,3.4022222,3.3558333,2,-1,0,0.96960866,1
6,15,1,1,1,-317.63693,-582.16223,366.90875,-0.0078416,0.002935699,0.007399372,10.625208,10.609167,2,25,1,0.9749911,1
6,10,1,0,1,327.2308,221.9634,29.82757,-0.021246502,0.008444321,0.016000206,10.6408615,10.660833,2,-1,0,0.9639848,1
6,24,1,1,1,-320.2737,-577.4847,297.23395,-0.0038135175,0.0023314934,0.0017840867,4.0975623,4.1927776,2,26,1,0.9945109,1
6,40,1,1,1,-322.15448,31.255144,115.89608,-0.0025765165,0.0005425501,0.0042509055,4.488125,4.486111,2,-1,1,0.96298,1
6,10,1,1,1,327.2308,221.9634,29.82757,-0.021246502,0.008444321,0.016000206,14.251487,14.330833,2,27,1,0.9754587,1
6,38,1,1,1,-328.4445,-489.89923,194.54848,-0.00844458,0.0046282625,0.008898917,12.474333,12.479722,2,28,1,0.98426604,1
6,25,1,1,1,-339.3006,225.30624,107.48342,-0.0149124125,0.0071077636,0.00915718,14.555438,14.411111,2,29,1,0.99526125,1
6,3,0,0,0,0.0,0.0,0.0,0.0,0.0,0.0,2.7043195,2.8577778,2,-1,0,0.8089247,1
6,1,1,1,1,350.31802,-96.76588,345.32108,-0.023254279,0.006451971,0.017930815,24.002598,24.335556,2,30,1,0.98983055,1
6,13,1,1,1,-350.1258,506.90967,202.364,-0.010880404,0.0041758963,0.0062353816,12.121653,12.1825,2,31,1,0.9945074,1
6,37,1,1,1,351.6961,441.35394,141.55476,-0.0035638374,9.259388e-05,0.0033320049,3.0262222,2.9833333,2,32,1,0.8543229,1
6,3,0,0,0,0.0,0.0,0.0,0.0,0.0,0.0,2.9938748,2.9183333,2,-1,0,0.8777765,1
7,28,1,1,1,15.178762,-246.59294,351.28314,-0.01303263,0.0027623333,0.011239905,21.567638,21.589167,2,0,1,0.99627185,1
7,38,1,0,1,21.64945,-512.3304,344.43448,-0.010839296,0.0051890947,0.0069718356,6.3748193,6.4122224,2,-1,0,0.97721297,1
7,38,1,1,1,21.64945,-512.3304,344.43448,-0.010839296,0.0051890947,0.0069718356,11.109028,11.091111,2,1,1,0.9891704,1
7,27,1,1,1,32.059525,186.21878,28.785465,-0.01652921,0.006115367,0.011185754,22.994131,22.770834,2,2,1,0.9522705,1
7,29,0,0,0,0.0,0.0,0.0,0.0,0.0,0.0,3.11525,3.0930555,2,-1,0,0.7627153,1
7,40,1,1,1,48.58345,-222.01079,377.1187,-0.01017569,0.0054205894,0.006283968,10.355625,10.46,2,3,1,0.9927551,1
7,35,1,1,1,-45.671738,559.5964,442.6128,-0.0034790519,-0.0006469149,0.0026299774,4.802388,4.9,2,4,1,0.98241913,1
7,23,1,1,1,66.886604,-78.132576,52.9046,-0.014566069,0.0039335694,0.014329114,17.130714,17.147778,2,6,1,0.97014713,1
7,32,1,1,1,68.51458,-125.00945,446.5426,-0.011955666,0.004706748,0.008133688,15.010897,14.866667,2,7,1,0.99862444,1
7,23,1,0,1,66.886604,-78.132576,52.9046,-0.014566069,0.0039335694,0.014329114,5.774493,5.749722,2,-1,0,0.9865009,1
7,20,1,1,1,-65.528984,381.42767,25.661285,-0.0036269757,0.0030030427,0.0030646787,6.261479,6.2802777,2,8,1,0.99071866,1
7,39,1,1,1,-77.92282,358.33176,108.62619,-0.006440926,0.0025963031,0.00798289,11.863958,11.718889,2,9,1,0.98768204,1
7,22,1,1,1,84.0047,4.6097455,452.78983,-0.005275989,-0.0003667961,0.0022595166,6.545722,6.4655557,2,10,1,0.98934245,1
7,31,1,1,1,86.97959,-176.00179,126.14558,-0.013930011,0.0050810706,0.008371907,13.4435005,13.744166,2,11,1,0.9904463,1
7,34,1,1,1,-86.46184,-37.658237,63.002693,-0.021902809,0.0059114583,0.018554125,21.006145,21.204445,2,12,1,0.9947443,1
7,30,1,1,1,97.979965,-106.57289,185.03897,-0.0048972582,-0.0008008496,0.0029785833,6.1075277,6.0983334,2,13,1,0.9790821,1
7,34,1,0,1,-86.46184,-37.658237,63.002693,-0.021902809,0.0059114583,0.018554125,8.788681,8.751389,2,-1,0,0.9889781,1
7,9,1,1,1,-132.13158,-348.28412,284.33972,-0.010076351,0.0019794754,0.004703295,10.122527,10.08,2,14,1,0.9591671,1
7,36,1,1,1,136.34077,-202.95555,345.33676,-0.0076468997,0.0015739438,0.0031532217,8.587111,8.675555,2,15,1,0.99151117,1
7,37,1,1,1,150.42241,31.816298,434.42273,-0.013982204,0.0040576463,0.012830605,14.836215,14.822778,2,17,1,0.995415,1
7,14,1,1,1,159.31883,-317.273,283.0274,-0.0055823876,-3.211915e-05,0.004859606,7.257222,7.4477777,2,18,1,0.9790059,1
7,6,1,1,1,174.9296,89.018486,443.96362,-0.015353289,0.0027070036,0.013430261,21.212408,21.339445,2,19,1,0.99679667,1
7,26,1,1,1,178.18138,-510.54156,117.838554,-0.013126303,0.004461528,0.006996208,16.143007,16.38889,2,20,1,0.90232426,1
7,24,1,1,1,-188.24721,477.65073,279.18973,-0.0032109,0.002920586,0.003472167,5.3152223,5.3483334,2,21,1,0.9761095,1
7,1,1,1,1,-188.60617,-586.0027,311.32196,-0.008586763,0.0029697285,0.009119197,13.643478,13.497778,2,-1,1,0.99986863,1
7,33,1,1,1,216.42064,-248.05586,37.683693,-0.010459696,0.004060118,0.005314746,10.927569,10.878612,2,22,1,0.96877295,1
7,15,1,1,1,219.0742,-298.07996,85.94233,-0.015624486,0.003925232,0.012337465,18.141314,18.1675,2,23,1,0.9828159,1
7,5,1,1,1,-226.95244,177.6925,166.23286,-0.012903209,0.0023282198,0.0071036825,15.202021,15.242222,2,24,1,0.99596334,1
7,10,1,0,1,237.05821,192.9869,73.468704,-0.015432497,0.0025554374,0.010726375,5.0757985,5.0877776,2,-1,0,0.96221536,1
7,19,1,1,1,-229.47194,255.97292,299.80115,-0.006878308,0.0012514084,0.006412392,3.741444,3.6930556,2,-1,1,0.9385482,1
7,10,1,1,1,237.05821,192.9869,73.468704,-0.015432497,0.0025554374,0.010726375,10.003778,10.129723,2,25,1,0.991767,1
7,10,1,0,1,237.05821,192.9869,73.468704,-0.015432497,0.0025554374,0.010726375,3.9115484,3.8780556,2,-1,0,0.8713818,1
7,11,1,1,1,245.21321,-10.386059,453.67477,-0.0042111017,-0.00049665495,0.0017265236,3.900896,3.958889,2,26,1,0.9809084,1
7,17,1,1,1,258.43976,-51.23826,396.688,-0.0069056596,0.0029938177,0.0029740606,7.937604,8.034166,2,27,1,0.98114,1
7,2,1,1,1,-310.1148,401.78827,273.47037,-0.0285524,0.009303068,0.022447845,30.836805,32.579166,2,28,1,0.9965862,1
7,7,1,1,1,315.03387,-228.90707,456.02356,-0.008890896,0.0012876356,0.0074900594,11.369139,11.355,2,29,1,0.9866388,1
7,16,0,0,0,0.0,0.0,0.0,0.0,0.0,0.0,2.8902779,2.8911111,2,-1,0,0.52755183,1
7,4,1,1,1,-328.67596,224.12758,46.51704,-0.014859679,0.002701524,0.009178798,9.134236,9.214167,2,30,1,0.9712432,1
7,4,1,0,1,-328.67596,224.12758,46.51704,-0.014859679,0.002701524,0.009178798,7.1369653,7.170833,2,-1,0,0.99296135,1
7,13,1,1,1,345.69864,405.59174,105.076294,-0.0040324777,-1.1546488e-05,0.0010701244,3.3933334,3.4355555,2,31,1,0.9344424,1
7,12,1,1,1,347.96146,-206.57661,14.591025,-0.0016292594,0.0012844518,0.003117837,3.3571386,3.2380555,2,32,1,0.9513533,1
7,16,1,1,1,353.25674,360.97305,445.49045,-0.003111494,0.002407471,0.0041426215,5.0855074,5.1169443,2,33,1,0.99011374,1
8,16,1,1,1,-3.209781,186.2074,53.96399,-0.016947871,0.005951203,0.015604439,20.275375,20.211111,2,0,1,0.9674233,1
8,35,1,1,1,12.343882,-163.60951,134.83563,-0.010354608,0.0027530685,0.004488464,11.784388,11.776389,2,1,1,0.9880292,1
8,26,1,1,1,26.751865,581.31573,82.32422,-0.014296818,0.006433496,0.0122254295,24.625063,24.44389,2,2,1,0.99556655,1
8,20,1,1,1,23.81713,-348.6773,309.6305,-0.0039678863,0.0020144244,0.00145865,5.2675834,5.209722,2,3,1,0.9835031,1
8,33,1,1,1,25.796062,-53.119106,2.198987,-0.007969011,0.0013262959,0.006834984,12.232437,12.338333,2,4,1,0.9952494,1
8,3,1,1,1,-44.48882,204.84692,280.1354,-0.004266652,0.0008563582,0.0043381327,7.3509517,7.377222,2,5,1,0.99555075,1
8,8,0,0,0,0.0,0.0,0.0,0.0,0.0,0.0,2.7688959,2.4947221,2,-1,0,0.6655592,1
8,7,1,1,1,-61.704617,-407.13397,94.84189,-0.0058992235,0.0020838904,0.006977808,10.660076,10.758056,2,6,1,0.95159674,1
8,25,1,1,1,74.66322,465.83475,317.78885,-0.007961903,0.0009603764,0.004850096,9.797014,9.831944,2,7,1,0.93605757,1
8,23,1,1,1,-79.99682,-45.39288,343.04688,-0.020878453,0.006976698,0.015361796,30.42186,30.582222,2,9,1,0.98934454,1
8,15,1,1,1,-106.68584,314.99112,167.8424,-0.0070817634,0.0041327043,0.005333192,9.712639,9.783334,2,10,1,0.9840179,1
8,27,1,1,1,114.35573,-364.69678,192.18434,-0.0049969554,0.0015051485,0.0014909637,6.082528,6.1113887,2,11,1,0.9429371,1
8,34,1,1,1,-127.25939,-147.6993,438.02664,-0.03383549,0.006422586,0.024438843,36.07075,35.914444,2,12,1,0.9775064,1
8,34,1,0,1,-127.25939,-147.6993,438.02664,-0.03383549,0.006422586,0.024438843,4.6454372,4.5866666,2,-1,0,0.9856123,1
8,34,1,0,1,-127.25939,-147.6993,438.02664,-0.03383549,0.006422586,0.024438843,4.002389,4.1119447,2,-1,0,0.97183615,1
8,32,1,1,1,-153.76381,-248.64806,444.807,-0.008112983,0.0007511732,0.008038403,12.220251,12.288333,2,13,1,0.98928714,1
8,18,1,1,1,163.87991,409.54007,410.4468,-0.003945934,0.0013742053,0.0056071985,5.6670623,5.5544443,2,14,1,0.989532,1
8,8,1,1,1,203.1987,-471.0175,338.87585,-0.023244295,0.005231722,0.015701886,26.850466,27.00639,2,15,1,0.97277325,1
8,24,1,1,1,206.57841,-296.95526,381.60745,-0.016705146,0.0045842766,0.011551406,22.49,22.475555,2,16,1,0.98862994,1
8,4,0,0,0,0.0,0.0,0.0,0.0,0.0,0.0,2.9542637,2.9644444,2,-1,0,0.50278634,1
8,36,1,1,1,223.53044,540.72327,38.183792,-0.009024596,0.0006180877,0.00789329,12.732507,12.705833,2,18,1,0.9878363,1
8,1,1,1,1,248.48875,31.45867,24.542233,-0.005511473,0.0011054085,0.0069472594,8.831708,8.743611,2,19,1,0.98439294,1
8,30,1,1,1,273.29855,368.85416,85.50566,-0.0058732447,0.0027857402,0.007589652,8.027972,8.110278,2,20,1,0.9820801,1
8,2,1,1,1,283.3073,-598.0051,271.25336,-0.010682901,0.00085512246,0.006397359,11.477471,11.559167,2,21,1,0.9923369,1
8,9,1,1,1,-279.96948,-566.49054,320.5863,-0.0071925293,0.00065935485,0.008189281,9.941618,10.008889,2,22,1,0.991875,1
8,40,1,1,1,284.6893,533.2784,337.57388,-0.008223304,0.00044545069,0.008396433,12.187582,12.105,2,23,1,0.9850653,1
8,31,1,1,1,323.31628,215.74696,430.44846,-0.011169281,0.00088916364,0.0076388773,9.688027,9.595,2,24,1,0.9861455,1
8,29,1,1,1,299.37482,198.69064,463.3806,-0.016888252,0.0033748024,0.012787673,5.3629103,5.415,2,25,1,0.98211974,1
8,37,1,1,1,303.74896,132.5444,342.8343,-0.004673626,-0.0006535947,0.003023826,4.9485483,4.9944444,2,26,1,0.99706227,1
8,13,1,1,1,-310.95798,22.89729,59.03048,-0.008237164,0.0010655043,0.0061336695,5.935354,5.9219446,2,27,1,0.9854548,1
8,28,1,1,1,-321.82593,-14.111291,418.77298,-0.0033723556,-0.0005829592,0.0035929934,4.539618,4.623889,2,28,1,0.99814785,1
8,35,0,0,0,0.0,0.0,0.0,0.0,0.0,0.0,2.6299098,0.57805556,2,-1,0,0.7215791,1
9,14,1,1,1,37.527664,144.09813,266.48325,-0.015907831,0.0030865963,0.010515621,21.883945,21.725834,2,0,1,0.9988439,1
9,26,1,1,1,-34.34459,-220.93445,303.09402,-0.011201496,0.0044257347,0.0065490343,16.8196,16.739445,2,1,1,0.9988747,1
9,10,1,1,1,36.142384,-8.867087,51.73958,-0.009284348,0.0026510542,0.005817923,12.917639,12.866667,2,2,1,0.98850876,1
9,13,1,1,1,38.584766,-240.14723,124.59784,-0.0044303536,0.0027588853,0.0053179474,8.804403,8.854722,2,3,1,0.989972,1
9,38,1,1,1,-41.749786,272.0118,36.05401,-0.0034832074,0.00080359844,0.001295719,4.2435765,4.230278,2,4,1,0.9208898,1
9,3,1,1,1,-54.870342,34.15883,105.630066,-0.0093222065,0.0034154998,0.00411931,12.96334,12.905556,2,5,1,0.87366134,1
9,8,1,1,1,-55.39993,154.28003,52.379112,-0.0129479505,0.0024196128,0.0088135,15.190292,15.345278,2,6,1,0.99030566,1
9,21,1,1,1,89.27761,452.3524,217.16153,-0.02195238,0.0054091415,0.015553125,25.257803,25.401667,2,7,1,0.99999356,1
9,34,0,0,0,0.0,0.0,0.0,0.0,0.0,0.0,2.6211457,2.5852778,2,-1,0,0.7054156,1
9,24,1,1,1,-98.37809,-72.79912,93.759735,-0.0028922232,0.0013888131,0.0047905454,6.204452,6.268611,2,8,1,0.9328447,1
9,7,1,1,1,-133.52617,-540.6326,190.25594,-0.0073248744,0.00024100028,0.0037906696,8.466216,8.430833,2,9,1,0.94161403,1
9,19,1,1,1,145.41982,368.54855,88.62569,-0.0043293675,0.0018364857,0.002934171,5.6257567,5.6608334,2,10,1,0.9958204,1
9,17,1,1,1,-147.50908,342.5683,410.11478,-0.0048172167,0.0031449578,0.0027077887,5.361083,5.3577776,2,-1,1,0.98174196,1
9,4,1,1,1,154.80334,222.53072,443.8366,-0.012092934,0.004518707,0.008466518,9.232521,9.283334,2,11,1,0.95967317,1
9,40,1,1,1,172.30577,-586.97815,247.8342,-0.011892543,0.0020179383,0.011195534,17.576694,17.5425,2,12,1,0.9223107,1
9,11,1,0,1,194.22308,-244.72232,338.358,-0.020051356,0.0059966636,0.016438864,4.6240277,4.6161113,2,-1,0,0.97711414,1
9,30,1,1,1,-179.06218,-323.7094,191.64114,-0.006460071,0.00039297622,0.006000651,7.4205003,7.36,2,13,1,0.9753483,1
9,11,1,1,1,194.22308,-244.72232,338.358,-0.020051356,0.0059966636,0.016438864,22.65428,22.99611,2,14,1,0.98198557,1
9,29,1,1,1,-196.14604,401.41623,104.940186,-0.008059396,0.0008412502,0.007739042,11.157792,11.081944,2,15,1,0.99291235,1
9,5,1,1,1,-196.6251,171.83649,309.13272,-0.011539683,0.005973699,0.011201868,14.359271,14.510834,2,16,1,0.9527361,1
9,9,1,1,1,217.03654,-449.5696,16.777695,-0.011761107,0.0013063027,0.008833792,13.427715,13.220555,2,17,1,0.99730384,1
9,2,1,1,1,-213.14772,554.5696,439.7326,-0.002829696,0.0014891464,0.0047664973,5.858299,5.7875,2,18,1,0.9934807,1
9,1,1,1,1,217.95828,349.88837,215.21037,-0.0020078963,0.0021654945,0.0014032809,2.9105,2.911111,2,19,1,0.6840671,1
9,31,1,1,1,231.94183,317.71152,245.41792,-0.0033895874,2.7748287e-05,0.0046297056,5.5533333,5.5516667,2,20,1,0.9884293,1
9,22,1,1,1,233.00308,-194.73726,267.6251,-0.0046159513,0.0035745641,0.003030186,6.745625,6.711111,2,21,1,0.9549711,1
9,36,1,1,1,-232.99992,-368.5961,372.30737,-0.0038832247,0.001092257,0.0046624793,4.6902847,4.6516666,2,22,1,0.9621838,1
9,35,1,1,1,-244.17462,-149.52574,383.64575,-0.008664061,0.0014534843,0.0058114645,10.724577,10.663889,2,23,1,0.7611911,1
9,20,1,1,1,281.0848,-592.7698,174.37177,-0.023843441,0.006134788,0.015575963,28.153545,28.258333,2,24,1,0.9699444,1
9,39,1,1,1,288.71008,-413.03717,129.9485,-0.003379098,0.0020673,0.001309769,3.8094096,3.7777777,2,25,1,0.9635832,1
9,18,1,1,1,300.11267,-326.16763,92.68742,-0.0028793975,0.0013337752,0.003924726,4.5578756,4.496389,2,26,1,0.97806454,1
9,15,1,1,1,-313.64862,366.78906,166.76527,-0.010673248,0.004844547,0.0077912086,13.661653,13.729722,2,27,1,0.98249245,1
9,27,1,1,1,-333.89206,-271.1599,46.401234,-0.0068392516,0.0002183059,0.0041409386,7.5336523,7.645,2,28,1,0.9650223,1
9,12,1,1,1,337.04666,-74.62869,225.51933,-0.0040423987,-0.00033712405,0.0023216403,4.154514,4.1491666,2,29,1,0.96823156,1
9,6,1,1,1,-341.81073,302.15527,305.86655,-0.0020762577,0.0022268335,0.0029369672,3.6473334,3.565,2,30,1,0.96546304,1
9,28,1,1,1,-348.88916,-520.4864,74.09091,-0.0042556776,0.001998559,0.0012077115,4.114125,4.2369447,2,31,1,0.9656114,1
9,37,1,1,1,-360.43796,-68.84986,176.68439,-0.00405063,0.0010907431,0.005669563,4.8769584,4.9063888,2,32,1,0.98320264,1
10,18,1,1,0,-27.394585,-365.05563,384.27182,-0.020028042,0.0069851866,0.024831317,40.005566,39.976665,2,0,1,0.9967097,1
10,20,1,1,0,-55.796913,-602.42267,142.90088,0.017400477,0.0036991257,-0.0116031105,10.626569,10.601944,2,1,1,0.9811972,1
10,28,0,0,0,0.0,0.0,0.0,0.0,0.0,0.0,15.8324175,-1.0,2,-1,0,0.9919734,1
10,28,0,0,0,0.0,0.0,0.0,0.0,0.0,0.0,6.9931736,-1.0,2,-1,0,0.99220467,1
10,34,1,1,0,-60.1733,-160.18677,346.05743,0.009242539,0.0088036535,0.00028710495,15.690286,15.5622225,2,2,1,0.9853656,1
10,1,1,1,0,-57.608883,-409.70642,296.44098,-0.0085333865,0.058650587,-0.0047506043,49.350548,40.753056,2,3,1,0.99996984,1
10,1,1,0,0,-57.608883,-409.70642,296.44098,-0.0085333865,0.058650587,-0.0047506043,6.3581395,3.985278,2,-1,0,0.96749777,1
10,1,1,0,0,-57.608883,-409.70642,296.44098,-0.0085333865,0.058650587,-0.0047506043,4.5221667,4.2944446,2,-1,0,0.9479086,1
10,1,1,0,0,-57.608883,-409.70642,296.44098,-0.0085333865,0.058650587,-0.0047506043,4.61582,4.5172224,2,-1,0,0.9701282,1
10,1,1,0,0,-57.608883,-409.70642,296.44098,-0.0085333865,0.058650587,-0.0047506043,4.7892222,4.6444445,2,-1,0,0.9850013,1
10,22,1,1,0,-69.92111,-481.99734,111.06774,0.009839411,-0.010579233,-0.0006012334,16.425438,16.569445,2,4,1,0.99732566,1
10,26,1,1,0,96.18769,-487.72784,361.324,0.014681096,0.017182281,0.005222273,20.215681,9.115833,2,5,1,0.9662252,1
10,15,1,1,0,99.652855,-201.74858,142.26591,0.0057632755,-0.007380265,-0.030581212,13.357333,13.381389,2,6,1,0.9839761,1
10,15,1,0,0,99.652855,-201.74858,142.26591,0.0057632755,-0.007380265,-0.030581212,4.391437,4.4405556,2,-1,0,0.9845724,1
10,15,1,0,0,99.652855,-201.74858,142.26591,0.0057632755,-0.007380265,-0.030581212,12.919215,12.846111,2,-1,0,0.97297883,1
10,15,1,0,0,99.652855,-201.74858,142.26591,0.0057632755,-0.007380265,-0.030581212,3.319389,3.323611,2,-1,0,0.50039035,1
10,36,0,0,0,0.0,0.0,0.0,0.0,0.0,0.0,8.818438,-1.0,2,-1,0,0.9998872,1
10,33,1,1,0,-109.29879,411.8829,140.08708,0.004021017,0.022293953,0.019149018,32.032192,31.993334,2,7,1,0.98221266,1
10,32,1,0,0,156.41159,39.543827,46.98833,-0.007540704,-0.010354146,0.011791785,3.1678336,3.1494443,2,-1,0,0.83911926,1
10,17,1,1,0,-152.78711,-95.08718,309.3108,0.005027909,-0.004727229,-0.0018763902,6.7945347,6.673611,2,8,1,0.99365175,1
10,28,0,0,0,0.0,0.0,0.0,0.0,0.0,0.0,13.615673,-1.0,2,-1,0,0.9752993,1
10,32,1,1,0,156.41159,39.543827,46.98833,-0.007540704,-0.010354146,0.011791785,13.232626,13.488611,2,9,1,0.9998548,1
10,14,1,0,0,191.9912,-341.32114,39.797237,-0.01464824,-0.025831344,0.020994864,11.042104,11.174167,2,-1,0,0.9967541,1
10,3,1,1,0,-165.48386,-487.36212,255.69337,-0.012902225,0.016396152,0.0074334303,13.279659,13.277778,2,10,1,0.97805357,1
10,35,1,1,0,-166.3256,-528.53424,90.158806,-0.016023563,-0.016215522,0.021931954,17.0037,17.095556,2,11,1,0.9909127,1
10,35,1,0,0,-166.3256,-528.53424,90.158806,-0.016023563,-0.016215522,0.021931954,14.557411,14.496388,2,-1,0,0.9418094,1
10,38,1,1,0,-174.79272,-356.62817,190.34752,-0.00035116405,-0.0023148095,0.0067579434,7.6532917,7.591111,2,12,1,0.9785705,1
10,31,1,1,0,-178.30461,-490.1952,298.90506,-0.0050645266,0.016426217,-0.0062446496,19.882648,11.393056,2,13,1,0.98560125,1
10,7,1,0,0,193.57498,-463.49957,71.36929,-0.026042731,-0.037338395,-0.048610397,4.5919304,4.479722,2,-1,0,0.9845152,1
10,36,1,1,0,-191.32068,-298.5298,278.31943,0.039951727,-0.040824704,0.008392701,2.8709517,2.7994444,2,14,1,0.5564144,1
10,3,1,0,0,-165.48386,-487.36212,255.69337,-0.012902225,0.016396152,0.0074334303,9.292111,9.486667,2,-1,0,0.992446,1
10,14,1,1,0,191.9912,-341.32114,39.797237,-0.01464824,-0.025831344,0.020994864,27.724401,27.462223,2,15,1,0.96145463,1
10,21,1,1,0,197.01051,318.95035,417.77277,-0.018277083,-0.0011671307,-0.01668512,22.417437,16.835833,2,16,1,0.9998658,1
10,21,1,0,0,197.01051,318.95035,417.77277,-0.018277083,-0.0011671307,-0.01668512,5.033986,4.9608335,2,-1,0,0.94850904,1
10,7,1,1,0,193.57498,-463.49957,71.36929,-0.026042731,-0.037338395,-0.048610397,21.223812,21.32361,2,17,1,0.9941964,1
10,7,1,0,0,193.57498,-463.49957,71.36929,-0.026042731,-0.037338395,-0.048610397,17.41761,17.439444,2,-1,0,0.97570896,1
10,7,1,0,0,193.57498,-463.49957,71.36929,-0.026042731,-0.037338395,-0.048610397,16.85802,16.70139,2,-1,0,0.9933368,1
10,7,1,0,0,193.57498,-463.49957,71.36929,-0.026042731,-0.037338395,-0.048610397,6.7283683,6.8369446,2,-1,0,0.97219175,1
10,36,0,0,0,0.0,0.0,0.0,0.0,0.0,0.0,16.124569,-1.0,2,-1,0,0.95123667,1
10,2,1,1,0,222.47446,497.30096,58.78275,0.003263117,-0.0043958384,0.0030036045,6.4737706,6.3744445,2,18,1,0.95282614,1
10,25,1,1,0,-228.11467,-596.3371,43.83913,-0.020735182,0.0046700854,-0.0014557969,19.35511,19.421944,2,19,1,0.9996196,1
10,13,1,1,0,-244.38734,217.9675,394.85922,0.020994965,0.0088609485,-0.013525722,20.95619,21.03389,2,20,1,0.96410066,1
10,13,1,0,0,-244.38734,217.9675,394.85922,0.020994965,0.0088609485,-0.013525722,5.936819,5.8919444,2,-1,0,0.9885584,1
10,27,1,1,0,244.44913,44.65758,448.5144,0.014400954,-0.0067625176,-0.01666734,17.043903,17.074167,2,21,1,0.9845376,1
10,36,0,0,0,0.0,0.0,0.0,0.0,0.0,0.0,22.35968,-1.0,2,-1,0,0.9780005,1
10,36,0,0,0,0.0,0.0,0.0,0.0,0.0,0.0,8.951743,-1.0,2,-1,0,0.7190349,1
10,40,1,1,0,-252.62479,171.55229,277.88953,-0.032443415,-0.0028475723,0.0094574755,31.266117,31.946112,2,22,1,0.9959204,1
10,29,1,1,0,254.92673,434.51773,166.9341,0.01726136,-0.0019112657,0.014050623,14.016938,13.665833,2,23,1,0.9909292,1
10,29,1,0,0,254.92673,434.51773,166.9341,0.01726136,-0.0019112657,0.014050623,7.396778,7.3344445,2,-1,0,0.9756079,1
10,10,1,1,0,262.72507,401.5629,53.270676,0.0011264394,-0.01856806,-0.0127805555,16.507383,12.394167,2,24,1,0.9957177,1
10,10,1,0,0,262.72507,401.5629,53.270676,0.0011264394,-0.01856806,-0.0127805555,8.266417,8.265,2,-1,0,0.9847498,1
10,16,1,1,0,-273.2826,371.21967,234.19408,0.015554272,0.007127361,-0.0010836053,17.740444,17.7025,2,25,1,0.98938507,1
10,27,1,0,0,244.44913,44.65758,448.5144,0.014400954,-0.0067625176,-0.01666734,3.5204723,3.5925,2,-1,0,0.98074967,1
10,19,1,1,0,-282.298,-469.15344,92.76772,-0.024646252,-0.0050882157,-0.03216593,35.141865,34.4775,2,26,1,0.9930743,1
10,24,1,1,0,-291.0803,-365.18204,84.912056,0.0054555936,0.0073266765,-0.012713299,14.34768,14.4997225,2,27,1,0.962141,1
10,8,1,1,0,-311.0721,581.31335,245.62866,0.003022818,0.028875647,-0.02623676,39.694675,39.363056,2,28,1,0.9971105,1
10,12,1,1,0,311.13458,-435.47623,298.11984,0.0025694133,0.016080512,0.0023994583,16.388687,16.438334,2,29,1,0.99947673,1
10,30,1,1,0,319.18237,534.069,118.844124,0.00022453158,-0.0063707465,-0.01651259,17.582548,17.700277,2,30,1,0.98741156,1
10,37,1,1,0,-332.03268,280.22128,450.64908,0.007332348,0.026917627,-0.00834371,30.923416,29.81611,2,31,1,0.99382895,1
10,9,1,1,0,329.84894,516.34485,147.21385,-0.0037123375,0.004929636,0.0003086097,5.576125,5.5591664,2,32,1,0.96629053,1
10,23,1,1,0,-338.78168,104.274124,444.96555,0.022939144,0.010837172,0.0110805165,23.982908,23.96,2,33,1,0.9994449,1
10,4,1,1,0,-347.52118,-543.4069,427.58078,0.0008274166,0.017186137,0.011235391,19.304438,18.511389,2,34,1,0.998844,1
10,11,1,1,0,349.6966,-424.91833,311.92172,0.004047513,-0.0016327864,-0.0031849786,4.94666,4.9641666,2,35,1,0.9717317,1
10,6,1,1,0,-355.41998,33.727043,102.93191,0.0052633355,-0.018341998,-0.016291196,21.513563,9.976944,2,36,1,0.99595237,1
10,39,1,1,0,359.5881,-425.914,355.4335,0.018074637,0.009257636,0.011842373,10.286104,10.376945,2,37,1,0.98991627,1
10,39,1,0,0,359.5881,-425.914,355.4335,0.018074637,0.009257636,0.011842373,9.436382,9.452778,2,-1,0,0.9893919,1
10,39,1,0,0,298.86816,-497.1975,322.62912,0.018074637,0.009257636,0.011842373,3.3783474,3.3222222,2,-1,0,0.9443427,1
11,26,1,1,0,-23.205154,-65.76109,212.58568,0.0013755278,0.0053178477,-0.0007965538,7.212264,7.204167,2,0,1,0.9967625,1
11,7,1,1,0,-31.696537,-57.63507,413.626,0.014693122,0.03572575,0.0096666915,48.06734,48.30361,2,1,1,0.9998055,1
11,15,1,1,0,-40.25647,55.577507,95.52083,-0.01740494,-1.0928198e-05,-0.010961492,18.895014,18.8825,2,2,1,0.98802024,1
11,28,1,1,0,-45.557953,229.42715,169.0525,-0.002360337,-0.013902284,-0.012731714,22.255966,22.019167,2,3,1,0.99664474,1
11,17,0,0,0,0.0,0.0,0.0,0.0,0.0,0.0,20.154943,-1.0,2,-1,0,0.9824144,1
11,12,1,1,0,58.912754,142.38904,389.4586,-0.010864488,-0.0027319863,0.020378096,21.569223,21.366112,2,4,1,0.98464346,1
11,38,0,0,0,0.0,0.0,0.0,0.0,0.0,0.0,5.151534,-1.0,2,-1,0,0.9896423,1
11,4,1,0,0,-66.91295,-13.098666,241.94855,-0.005437791,0.0053079356,0.02215245,3.8248887,3.8608334,2,-1,0,0.8906574,1
11,18,1,1,0,61.78259,-429.4055,398.77634,0.0024253228,-0.003252669,0.021564486,26.386776,26.312222,2,5,1,0.955314,1
11,4,1,1,0,-66.91295,-13.098666,241.94855,-0.005437791,0.0053079356,0.02215245,18.342701,17.478611,2,6,1,0.9715181,1
11,4,1,0,0,-66.91295,-13.098666,241.94855,-0.005437791,0.0053079356,0.02215245,6.630111,6.814722,2,-1,0,0.9889789,1
11,33,1,0,0,-112.37202,470.5658,401.16537,0.02154757,-0.01835764,-0.012530797,3.3353472,3.4983332,2,-1,0,0.76583135,1
11,3,1,1,0,-102.042206,-292.53525,10.54809,0.012979817,0.0067802295,0.021960223,28.990915,7.642778,2,7,1,0.9995028,1
11,3,1,0,0,-102.042206,-292.53525,10.54809,0.012979817,0.0067802295,0.021960223,4.1375413,4.0569444,2,-1,0,0.9499962,1
11,38,0,0,0,0.0,0.0,0.0,0.0,0.0,0.0,10.623055,-1.0,2,-1,0,0.9975581,1
11,33,1,1,0,-112.37202,470.5658,401.16537,0.02154757,-0.01835764,-0.012530797,30.135681,30.364166,2,8,1,0.951777,1
11,20,1,1,0,121.9742,-481.85468,156.72903,-0.016082074,0.011550998,0.002001591,18.293293,18.318611,2,9,1,0.94209164,1
11,27,1,1,0,-141.19002,323.68463,74.87039,0.010641872,-0.011537524,-0.017346285,25.46759,25.458889,2,10,1,0.9935015,1
11,40,1,1,0,-155.89082,430.7847,346.61462,0.0011873981,-0.010016053,-0.0074831764,13.11734,13.016111,2,11,1,0.9639639,1
11,31,1,0,0,178.50664,-561.11835,173.6993,-0.0061899656,-0.00031136032,-0.030876132,2.97925,2.8811111,2,-1,0,0.8707204,1
11,31,1,1,0,178.50664,-561.11835,173.6993,-0.0061899656,-0.00031136032,-0.030876132,28.809938,29.045834,2,13,1,0.9484612,1
11,4,0,0,0,0.0,0.0,0.0,0.0,0.0,0.0,3.8610835,3.7180555,2,-1,0,0.9304813,1
11,8,1,1,0,187.61383,14.603989,7.2699084,-0.015850998,0.00303966,-0.0046779225,15.706383,15.802778,2,14,1,0.8762247,1
11,22,1,1,0,195.22044,189.3351,335.20932,-0.014394715,0.019161414,0.0031657028,24.560139,24.671667,2,15,1,0.97812414,1
11,5,1,1,0,-209.93202,-541.28937,393.3635,-0.010552489,0.017561805,0.00094907644,15.429507,15.516945,2,16,1,0.9865957,1
11,5,1,0,0,-209.93202,-541.28937,393.3635,-0.010552489,0.017561805,0.00094907644,3.810507,3.7291667,2,-1,0,0.93270695,1
11,23,1,1,0,-212.38522,-481.3501,259.90103,0.0049247295,-0.01899548,0.0029204614,17.79898,9.227222,2,17,1,0.98261297,1
11,5,1,0,0,-209.93202,-541.28937,393.3635,-0.010552489,0.017561805,0.00094907644,4.1021805,4.0594444,2,-1,0,0.94604325,1
11,6,1,1,0,235.14,-243.80043,318.87167,-0.03047695,0.000627411,0.012500878,27.701986,27.84111,2,18,1,0.97749287,1
11,36,1,1,0,-230.30534,-536.34906,340.29254,0.0023865774,-0.007870515,0.008734325,11.396826,11.331667,2,19,1,0.98545605,1
11,6,1,0,0,235.14,-243.80043,318.87167,-0.03047695,0.000627411,0.012500878,3.914139,3.8966668,2,-1,0,0.99663734,1
11,39,1,1,0,238.60468,208.6492,272.28915,-0.013331202,-0.01246963,0.0055544926,14.6425495,14.656944,2,20,1,0.94407564,1
11,39,1,0,0,238.60468,208.6492,272.28915,-0.013331202,-0.01246963,0.0055544926,5.8933682,5.8469443,2,-1,0,0.9639936,1
11,9,1,1,0,-239.92365,302.23672,322.7556,-0.007759911,0.023976577,-0.016180696,22.566813,20.15611,2,21,1,0.9649052,1
11,37,1,1,0,241.25018,364.00668,294.07336,-0.0014186193,0.026502138,0.0082730865,27.183008,27.172777,2,22,1,0.9891824,1
11,14,1,0,0,-242.2796,-513.3116,308.4651,-0.0041971533,0.02231298,-0.020545548,11.784382,11.939445,2,-1,0,0.9903673,1
11,14,1,1,0,-242.2796,-513.3116,308.4651,-0.0041971533,0.02231298,-0.020545548,16.266556,16.187778,2,23,1,0.99451315,1
11,9,1,0,0,-239.92365,302.23672,322.7556,-0.007759911,0.023976577,-0.016180696,3.9964306,3.9608333,2,-1,0,0.96615726,1
11,9,1,0,0,-239.92365,302.23672,322.7556,-0.007759911,0.023976577,-0.016180696,6.008951,5.9358335,2,-1,0,0.98762476,1
11,16,1,0,0,-254.61983,369.52686,218.2906,-0.017857857,0.008990912,0.011383247,11.017458,8.423333,2,-1,0,0.9946702,1
11,16,1,1,0,-254.61983,369.52686,218.2906,-0.017857857,0.008990912,0.011383247,14.179916,14.012777,2,24,1,0.9844008,1
11,19,1,0,0,-256.6202,-535.4908,101.377846,-0.015203994,-0.0011348935,-0.00524546,7.5867915,7.6475,2,-1,0,0.98718125,1
11,19,1,1,0,-256.6202,-535.4908,101.377846,-0.015203994,-0.0011348935,-0.00524546,8.77825,8.768611,2,25,1,0.9820654,1
11,35,1,0,0,-275.61783,455.20108,288.9153,0.031111822,0.0093513075,-0.0076978686,11.492619,11.804444,2,-1,0,0.941419,1
11,11,1,1,0,-269.59915,372.75592,440.87958,0.005020686,-0.03798918,0.029283902,41.632244,41.471943,2,26,1,0.99992895,1
11,21,1,1,0,-265.4568,-173.86388,450.59995,-0.0007077655,-0.022035724,-0.00629475,23.499245,23.875834,2,27,1,0.9752245,1
11,35,1,1,0,-275.61783,455.20108,288.9153,0.031111822,0.0093513075,-0.0076978686,15.805097,15.700833,2,28,1,0.9882913,1
11,1,1,1,0,-271.84213,-137.25838,267.50128,-0.012338093,-0.0150504215,-0.007789436,17.674944,13.685278,2,29,1,0.99983156,1
11,30,1,0,0,279.3026,-507.22424,198.28194,0.0042871125,-0.003812178,-0.0012600726,2.62675,2.5708334,2,-1,0,0.75437355,1
11,30,1,1,0,279.3026,-507.22424,198.28194,0.0042871125,-0.003812178,-0.0012600726,6.590229,6.6825,2,30,1,0.97224367,1
11,32,1,1,0,291.62653,542.72906,20.2779,-0.0066804998,-0.033016875,-0.015085299,30.907167,30.83639,2,31,1,0.9865194,1
11,32,0,0,0,0.0,0.0,0.0,0.0,0.0,0.0,3.3882499,0.33694443,2,-1,0,0.9066888,1
11,25,1,1,0,-303.23325,-232.96568,96.55665,-0.011859691,0.03161401,0.0030183534,33.143997,33.640556,2,32,1,0.99587786,1
11,10,1,1,0,314.73993,493.15234,282.18777,-0.021353973,-0.0034421843,-0.011148873,18.555897,12.097777,2,33,1,0.99711895,1
11,10,1,0,0,314.73993,493.15234,282.18777,-0.021353973,-0.0034421843,-0.011148873,6.716403,6.7716665,2,-1,0,0.99990916,1
11,34,1,1,0,321.62198,144.89172,263.1899,0.0028240192,-0.0017496542,0.014529023,9.17923,9.164166,2,34,1,0.9909972,1
11,34,1,0,0,321.62198,144.89172,263.1899,0.0028240192,-0.0017496542,0.014529023,3.0075,3.0363889,2,-1,0,0.7675318,1
11,34,1,0,0,321.62198,144.89172,263.1899,0.0028240192,-0.0017496542,0.014529023,2.468021,2.4491668,2,-1,0,0.5076135,1
11,13,1,1,0,-330.30014,-600.6454,431.35342,0.004358097,-0.0036893312,-0.026685914,5.545388,5.4808335,2,35,1,0.96386003,1
11,24,1,0,0,-335.69852,-335.0828,321.65436,0.005647918,-0.021973783,-0.0028807092,4.1161113,4.0975,2,-1,0,0.9865481,1
11,24,1,1,0,-335.69852,-335.0828,321.65436,0.005647918,-0.021973783,-0.0028807092,17.960257,17.973888,2,36,1,0.9717073,1
11,2,1,1,0,345.26724,-251.30338,302.61627,0.014538202,0.010774381,0.024307689,25.243069,24.109722,2,37,1,0.99253654,1
11,29,1,1,0,-353.03882,-467.51108,166.71832,0.0076565887,0.013063454,0.010465647,16.905334,16.678612,2,38,1,0.98979735,1
12,9,1,1,0,-6.9322925,-382.7652,379.00763,0.0019550773,0.0042188047,-0.017299639,11.399112,11.364722,2,0,1,0.97156173,1
12,26,1,1,0,-4.2516193,56.985195,83.82414,0.024562689,0.012325664,0.009474348,7.452257,7.4583335,2,1,1,0.99184567,1
12,33,1,0,0,69.60987,-254.81436,59.082706,-0.05541332,0.028279625,0.02682971,8.889007,8.874444,2,-1,0,0.9403797,1
12,26,1,0,0,-4.2516193,56.985195,83.82414,0.024562689,0.012325664,0.009474348,4.3482776,4.294722,2,-1,0,0.9910416,1
12,29,1,1,0,14.8217945,267.6543,394.77444,0.008143544,-0.0090697,0.035831686,24.981258,24.855556,2,2,1,0.99853957,1
12,29,1,0,0,14.8217945,267.6543,394.77444,0.008143544,-0.0090697,0.035831686,7.690305,7.78,2,-1,0,0.99464005,1
12,29,1,0,0,14.8217945,267.6543,394.77444,0.008143544,-0.0090697,0.035831686,3.338104,3.3155556,2,-1,0,0.79505616,1
12,26,1,0,0,-4.2516193,56.985195,83.82414,0.024562689,0.012325664,0.009474348,4.8184233,4.886389,2,-1,0,0.98821837,1
12,30,1,1,0,41.393726,-201.0547,67.096855,0.013283128,-0.004194106,0.01975289,17.63389,17.756945,2,3,1,0.9910972,1
12,33,1,0,0,69.60987,-254.81436,59.082706,-0.05541332,0.028279625,0.02682971,11.094764,10.968056,2,-1,0,0.99099874,1
12,3,1,1,0,52.863194,-434.8396,109.96127,0.027391875,-0.017821247,0.0070073875,25.502703,24.268055,2,4,1,0.97497004,1
12,13,1,1,0,57.977657,421.8935,329.2526,-0.003820885,0.013393042,0.007389472,15.016786,14.791667,2,5,1,0.99875975,1
12,13,1,0,0,57.977657,421.8935,329.2526,-0.003820885,0.013393042,0.007389472,3.4563193,3.4052777,2,-1,0,0.9752474,1
12,33,1,1,0,69.60987,-254.81436,59.082706,-0.05541332,0.028279625,0.02682971,31.566795,43.75028,2,6,1,0.95677775,1
12,30,1,0,0,41.393726,-201.0547,67.096855,0.013283128,-0.004194106,0.01975289,9.734424,9.775556,2,-1,0,0.9706635,1
12,3,1,0,0,52.863194,-434.8396,109.96127,0.027391875,-0.017821247,0.0070073875,10.738028,10.684444,2,-1,0,0.97275066,1
12,13,1,0,0,57.977657,421.8935,329.2526,-0.003820885,0.013393042,0.007389472,3.797625,3.8033333,2,-1,0,0.9354181,1
12,35,1,0,0,96.294586,-384.5891,385.05215,-0.007988625,0.016217772,-0.01873871,4.554389,4.4652777,2,-1,0,0.96868515,1
12,32,1,1,0,-83.90576,-27.160955,309.8464,0.014458517,0.00048491068,0.0023093764,15.285132,15.341389,2,7,1,0.99308264,1
12,14,1,0,0,91.04797,490.64496,159.50267,0.003750075,0.0039992332,-0.025372446,8.4938545,8.4775,2,-1,0,0.9997507,1
12,14,1,1,0,91.04797,490.64496,159.50267,0.003750075,0.0039992332,-0.025372446,14.33367,14.289722,2,8,1,0.9985973,1
12,35,1,1,0,96.294586,-384.5891,385.05215,-0.007988625,0.016217772,-0.01873871,25.265627,25.450556,2,9,1,0.9432277,1
12,11,1,1,0,-105.19124,-130.95609,38.308453,-0.00083799683,-0.0036924148,0.0256257,31.825714,30.243055,2,10,1,0.992912,1
12,28,1,0,0,148.37036,-335.9684,273.15405,0.012358683,0.00055471755,-0.009328952,6.3242016,6.454167,2,-1,0,0.98352563,1
12,7,1,1,0,121.30223,-156.66681,177.65826,-0.013136786,-0.0139967855,-0.009206388,18.310951,18.336666,2,11,1,0.9982869,1
12,23,1,1,0,-119.32521,588.59033,311.02505,-0.0059428853,0.017708922,-0.0031591568,19.065376,15.418333,2,12,1,0.98859066,1
12,7,1,0,0,121.30223,-156.66681,177.65826,-0.013136786,-0.0139967855,-0.009206388,6.8690276,6.88,2,-1,0,0.97759855,1
12,33,1,0,0,69.60987,-254.81436,59.082706,-0.05541332,0.028279625,0.02682971,3.461972,3.4313889,2,-1,0,0.93254876,1
12,16,1,1,0,139.91983,319.821,53.578808,0.01714705,0.0061426656,0.0041155634,17.583416,17.258055,2,13,1,0.9232489,1
12,38,1,1,0,-140.87378,273.4209,151.1869,0.000216304,-0.023093667,-0.013768385,26.419106,26.39889,2,14,1,0.9953993,1
12,18,1,0,0,-183.20781,-314.6835,5.9285564,0.026800623,0.030535588,-0.0070075365,4.761667,4.7625,2,-1,0,0.9753703,1
12,28,1,1,0,148.37036,-335.9684,273.15405,0.012358683,0.00055471755,-0.009328952,11.845312,11.357778,2,15,1,0.9674587,1
12,28,1,0,0,148.37036,-335.9684,273.15405,0.012358683,0.00055471755,-0.009328952,4.2125835,4.0852776,2,-1,0,0.97264004,1
12,18,1,0,0,-183.20781,-314.6835,5.9285564,0.026800623,0.030535588,-0.0070075365,5.861979,5.859722,2,-1,0,0.98119223,1
12,16,1,0,0,139.91983,319.821,53.578808,0.01714705,0.0061426656,0.0041155634,3.5782497,3.5508332,2,-1,0,0.9966184,1
12,5,1,1,0,161.49307,-343.1996,314.79745,-0.022088654,-0.0089937905,0.005650252,24.4366,24.439167,2,16,1,0.99226236,1
12,36,1,1,0,-183.10132,-432.92157,437.7292,0.02796846,0.0117676295,0.004956371,14.249431,14.121388,2,17,1,0.9970789,1
12,24,1,1,0,165.81868,199.64246,110.766396,-0.024239887,0.00073660066,0.027805053,40.766136,40.863335,2,18,1,0.9543088,1
12,18,1,0,0,-183.20781,-314.6835,5.9285564,0.026800623,0.030535588,-0.0070075365,2.824375,2.7747223,2,-1,0,0.58184606,1
12,18,1,1,0,-183.20781,-314.6835,5.9285564,0.026800623,0.030535588,-0.0070075365,23.598772,23.498333,2,19,1,0.98206836,1
12,36,1,0,0,-183.10132,-432.92157,437.7292,0.02796846,0.0117676295,0.004956371,12.323568,12.256945,2,-1,0,0.99662435,1
12,19,1,0,0,217.97229,-486.34448,263.1659,-0.020221869,0.008411602,0.018340336,5.3583126,5.4475,2,-1,0,0.9554893,1
12,19,1,0,0,217.97229,-486.34448,263.1659,-0.020221869,0.008411602,0.018340336,3.6661665,3.6230555,2,-1,0,0.9543794,1
12,19,1,1,0,217.97229,-486.34448,263.1659,-0.020221869,0.008411602,0.018340336,16.821146,16.624445,2,21,1,0.9950943,1
12,6,1,1,0,-215.21463,-89.36482,184.69608,0.0006812483,-0.005355727,0.021874096,25.889257,23.6125,2,22,1,0.9943404,1
12,8,1,1,0,-238.3017,-547.8605,131.33475,0.016626911,-0.031298265,-0.03049879,24.659286,24.467777,2,23,1,0.9996489,1
12,8,1,0,0,-238.3017,-547.8605,131.33475,0.016626911,-0.031298265,-0.03049879,7.158,7.136667,2,-1,0,0.9883935,1
12,8,1,0,0,-238.3017,-547.8605,131.33475,0.016626911,-0.031298265,-0.03049879,15.494785,15.537222,2,-1,0,0.9850552,1
12,39,1,0,0,245.8375,157.84184,151.75368,0.0077821044,0.0045004003,0.020761043,7.0352287,7.016389,2,-1,0,0.9461844,1
12,39,1,0,0,245.8375,157.84184,151.75368,0.0077821044,0.0045004003,0.020761043,5.042181,5.234722,2,-1,0,0.93642694,1
12,39,1,1,0,245.8375,157.84184,151.75368,0.0077821044,0.0045004003,0.020761043,7.2595487,7.32,2,24,1,0.9809756,1
12,33,0,0,0,0.0,0.0,0.0,0.0,0.0,0.0,2.8504238,2.7966666,2,-1,0,0.5199567,1
12,27,0,0,0,0.0,0.0,0.0,0.0,0.0,0.0,2.7205627,-1.0,2,-1,0,0.77418894,1
12,39,1,0,0,245.8375,157.84184,151.75368,0.0077821044,0.0045004003,0.020761043,3.1459234,3.1416667,2,-1,0,0.8770279,1
12,27,1,1,0,-256.861,-361.4023,249.83841,0.020529633,-0.006753436,-0.0012254937,20.898325,21.041111,2,25,1,0.93671566,1
12,17,1,1,0,-266.48068,550.61945,87.10043,0.0048850095,-0.002746841,-0.020698354,7.821542,7.6075,2,26,1,0.98489976,1
12,17,1,0,0,-266.48068,550.61945,87.10043,0.0048850095,-0.002746841,-0.020698354,7.5582433,7.5680556,2,-1,0,0.9788101,1
12,17,1,0,0,-266.48068,550.61945,87.10043,0.0048850095,-0.002746841,-0.020698354,6.06357,6.0288887,2,-1,0,0.9558763,1
12,37,1,1,0,-267.09625,-445.8397,435.14783,0.009534162,-0.008396145,0.019190352,21.777506,21.721945,2,27,1,0.9893584,1
12,20,1,1,0,268.02277,386.0164,378.46713,0.001028216,-0.006176356,0.010747147,10.921569,10.949722,2,28,1,0.9855849,1
12,1,1,1,0,-305.31195,198.04253,409.57864,0.012994183,-0.0079961885,-0.017180683,9.457368,9.409722,2,29,1,0.9767944,1
12,25,1,1,0,-301.98358,-403.20938,216.65076,-0.008630435,0.0063106604,-0.004705416,8.703903,7.9591665,2,-1,1,0.97570384,1
12,40,1,1,0,308.37076,553.5209,430.8278,-0.01957251,-0.007995828,0.0022018112,20.383425,20.508333,2,30,1,0.9996762,1
12,1,1,0,0,-305.31195,198.04253,409.57864,0.012994183,-0.0079961885,-0.017180683,8.442743,8.367778,2,-1,0,0.9897008,1
12,4,1,1,0,306.3539,216.0717,314.8086,-0.0062660496,0.002646243,-0.00083753094,6.4051876,6.476111,2,31,1,0.96467805,1
12,15,1,1,0,320.15994,466.11984,184.82022,-0.019669384,0.024419498,0.019356735,22.297194,22.350834,2,32,1,0.9996118,1
12,13,0,0,0,0.0,0.0,0.0,0.0,0.0,0.0,2.719979,2.725,2,-1,0,0.5263681,1
12,15,1,0,0,320.15994,466.11984,184.82022,-0.019669384,0.024419498,0.019356735,10.06998,10.167778,2,-1,0,0.978019,1
12,21,1,1,0,-329.2892,-293.71652,328.28677,0.0007999855,0.004808041,0.001198135,5.1953197,5.022222,2,33,1,0.99563223,1
12,34,1,1,0,332.40976,427.4484,70.359314,0.021682994,-0.0025364764,-0.009047847,23.911646,18.258888,2,34,1,0.99710864,1
12,12,1,0,0,-358.49905,-457.37958,87.74418,0.0091751255,0.016762143,0.008723545,3.194521,3.1688888,2,-1,0,0.86760104,1
12,23,0,0,0,0.0,0.0,0.0,0.0,0.0,0.0,2.7043195,2.8577778,2,-1,0,0.8089247,1
12,2,1,1,0,-350.08832,-164.00235,292.6727,0.019575017,-0.018597016,-0.0013879192,14.294703,14.338611,2,35,1,0.99058783,1
12,2,1,0,0,-350.08832,-164.00235,292.6727,0.019575017,-0.018597016,-0.0013879192,12.355341,12.505278,2,-1,0,0.9783102,1
12,10,1,1,0,346.44858,-282.83307,408.947,0.033744827,-0.01160896,0.0064813187,23.484692,24.213055,2,-1,1,0.99956614,1
12,22,1,1,0,-352.37393,413.49963,201.021,-0.0077673662,-0.003771283,-0.0098220175,12.638181,12.1866665,2,36,1,0.9856383,1
12,12,1,1,0,-358.49905,-457.37958,87.74418,0.0091751255,0.016762143,0.008723545,19.878298,19.882223,2,37,1,0.97171086,1
12,23,0,0,0,0.0,0.0,0.0,0.0,0.0,0.0,2.9938748,2.9183333,2,-1,0,0.8777765,1
13,8,0,0,0,0.0,0.0,0.0,0.0,0.0,0.0,12.874318,-1.0,2,-1,0,0.98543733,1
13,8,0,0,0,0.0,0.0,0.0,0.0,0.0,0.0,3.3251665,-1.0,2,-1,0,0.7667699,1
13,11,1,1,0,14.958669,-75.2672,24.855804,0.016384793,-0.023359023,0.016695283,36.07023,36.42389,2,0,1,0.991156,1
13,18,1,1,0,-17.600512,472.7274,200.50415,-0.02097969,-0.0022473715,-0.025013437,20.264507,18.337778,2,1,1,0.9987203,1
13,4,1,1,0,17.704344,271.9673,331.84445,0.025699561,0.018639568,-0.0017489081,30.724577,30.490833,2,2,1,0.96883035,1
13,5,1,1,0,-27.925116,102.04564,283.46664,0.012175688,-0.0066641797,0.006158099,16.868118,16.668612,2,3,1,0.99758554,1
13,4,1,0,0,17.704344,271.9673,331.84445,0.025699561,0.018639568,-0.0017489081,4.4076805,4.405,2,-1,0,0.9638656,1
13,6,1,1,0,-32.043114,168.02898,254.31815,-0.02787187,-0.004958031,-0.01679366,39.276237,39.56111,2,4,1,0.9997801,1
13,18,1,0,0,-17.600512,472.7274,200.50415,-0.02097969,-0.0022473715,-0.025013437,12.494707,12.539444,2,-1,0,0.9934129,1
13,18,1,0,0,-17.600512,472.7274,200.50415,-0.02097969,-0.0022473715,-0.025013437,5.5690417,5.5841665,2,-1,0,0.9932554,1
13,18,1,0,0,-17.600512,472.7274,200.50415,-0.02097969,-0.0022473715,-0.025013437,4.5240903,4.5130553,2,-1,0,0.9675542,1
13,28,1,1,0,65.379944,129.69089,378.60657,-0.014985617,-0.009057673,0.04345041,33.403976,33.286945,2,6,1,0.99903,1
13,21,1,1,0,62.94875,304.02664,315.07593,-0.0122784795,0.01517921,0.004720499,24.482924,24.105556,2,7,1,0.9670564,1
13,28,1,0,0,65.379944,129.69089,378.60657,-0.014985617,-0.009057673,0.04345041,20.658222,20.315,2,-1,0,0.9751902,1
13,25,1,0,0,-85.94272,275.40115,373.00366,0.018924719,0.010032755,-0.008662869,5.137111,5.1441665,2,-1,0,0.97288334,1
13,25,1,0,0,-85.94272,275.40115,373.00366,0.018924719,0.010032755,-0.008662869,4.498958,4.366667,2,-1,0,0.98343086,1
13,2,1,1,0,-80.47804,-266.4151,52.09186,-0.015279062,0.011744148,-0.01842981,20.509674,20.20861,2,8,1,0.9989292,1
13,25,1,0,0,-85.94272,275.40115,373.00366,0.018924719,0.010032755,-0.008662869,5.577465,5.587222,2,-1,0,0.99488634,1
13,25,1,1,0,-85.94272,275.40115,373.00366,0.018924719,0.010032755,-0.008662869,16.343061,16.133333,2,9,1,0.99596405,1
13,34,1,0,0,105.354164,460.4913,241.1637,-0.0045276256,0.01593172,-0.0040881657,7.4902983,7.6619444,2,-1,0,0.98422307,1
13,2,1,0,0,-80.47804,-266.4151,52.09186,-0.015279062,0.011744148,-0.01842981,5.9980555,6.0280557,2,-1,0,0.98862106,1
13,34,1,1,0,105.354164,460.4913,241.1637,-0.0045276256,0.01593172,-0.0040881657,8.3909025,5.418611,2,10,1,0.98637736,1
13,17,1,1,0,-118.69459,162.81972,150.04515,0.018005218,0.0007394588,-0.024042292,28.52602,26.695278,2,11,1,0.99524903,1
13,40,1,1,0,123.914215,408.5053,336.72006,0.0065004104,0.009659042,-0.0071966806,6.404187,6.396111,2,12,1,0.9992379,1
13,40,1,0,0,123.914215,408.5053,336.72006,0.0065004104,0.009659042,-0.0071966806,5.7247705,5.6161113,2,-1,0,0.9994874,1
13,29,1,1,0,128.03616,-375.94318,291.66833,0.018622661,-0.009798223,0.01654138,26.165932,25.930555,2,13,1,0.99165314,1
13,12,1,1,0,141.02237,-205.88759,133.74031,-0.02211493,-0.00848236,-0.013107275,23.092722,22.960278,2,14,1,0.99866414,1
13,29,1,0,0,128.03616,-375.94318,291.66833,0.018622661,-0.009798223,0.01654138,3.2952917,3.3177779,2,-1,0,0.9511037,1
13,30,0,0,0,0.0,0.0,0.0,0.0,0.0,0.0,8.785666,-1.0,2,-1,0,0.98010045,1
13,39,1,1,0,157.67717,-150.01984,412.72266,0.0023881756,0.012399195,0.031086547,29.965847,30.098333,2,15,1,0.97336847,1
13,39,1,0,0,157.67717,-150.01984,412.72266,0.0023881756,0.012399195,0.031086547,6.2272086,6.255833,2,-1,0,0.9846571,1
13,25,1,0,0,133.99422,164.06575,427.98993,0.018924719,0.010032755,-0.008662869,3.9938471,3.8811111,2,-1,0,0.84526587,1
13,27,1,1,0,-207.6082,374.84872,279.19916,-0.0044906475,-0.012248024,0.0015447185,11.483416,4.792222,2,16,1,0.98458487,1
13,13,1,1,0,-216.81752,267.44406,181.97826,-0.011183409,-0.00035538932,-0.01915501,10.28143,10.405,2,17,1,0.9960776,1
13,13,1,0,0,-216.81752,267.44406,181.97826,-0.011183409,-0.00035538932,-0.01915501,8.155757,5.866389,2,-1,0,0.9906143,1
13,13,1,0,0,-216.81752,267.44406,181.97826,-0.011183409,-0.00035538932,-0.01915501,3.3990767,3.3925,2,-1,0,0.92650163,1
13,33,1,1,0,240.85966,18.08483,157.24791,-0.009690625,0.012319422,-0.009248437,19.144327,18.708334,2,18,1,0.9913449,1
13,38,1,1,0,238.74365,598.0809,199.61797,0.0001472482,0.017701877,-0.0016392452,4.4930696,4.4919443,2,19,1,0.9442303,1
13,16,1,1,0,-261.13885,-536.11505,460.89194,0.0488851,0.026032243,-0.035312716,38.790657,58.939167,2,20,1,0.9881343,1
13,3,1,1,0,-266.38867,205.12694,324.09198,0.015946072,0.008236061,-0.0013924304,18.87029,18.831388,2,21,1,0.9980889,1
13,9,1,1,0,-277.8588,-348.02728,455.6293,0.0059755417,0.010157815,0.004334052,11.732132,11.7080555,2,22,1,0.98730695,1
13,10,1,0,0,-296.6113,73.45989,256.19812,0.030074075,0.022717861,0.0025703202,8.916743,8.955833,2,-1,0,0.987043,1
13,26,1,1,0,279.53976,-299.00934,314.68707,-0.0065129087,0.007038393,-0.0011922353,7.853375,5.1719446,2,23,1,0.9742197,1
13,35,1,1,0,282.20465,-172.00226,315.86377,0.02952025,0.005661271,-0.021883516,34.064243,34.52778,2,24,1,0.99202174,1
13,10,1,0,0,-296.6113,73.45989,256.19812,0.030074075,0.022717861,0.0025703202,5.3034515,5.2541666,2,-1,0,0.9811492,1
13,20,1,0,0,291.05768,449.60202,51.487206,0.00076146825,0.015384804,0.016740613,7.748327,7.716111,2,-1,0,0.9993173,1
13,20,1,0,0,291.05768,449.60202,51.487206,0.00076146825,0.015384804,0.016740613,2.793611,2.7769444,2,-1,0,0.89246684,1
13,20,1,1,0,291.05768,449.60202,51.487206,0.00076146825,0.015384804,0.016740613,11.362778,11.166667,2,25,1,0.9984817,1
13,10,1,1,0,-296.6113,73.45989,256.19812,0.030074075,0.022717861,0.0025703202,18.42934,18.384722,2,26,1,0.99999976,1
13,1,1,1,0,-294.55258,-530.83405,95.09553,0.008883009,0.024186743,0.00068673433,26.689548,22.025278,2,27,1,0.9985941,1
13,19,1,1,0,-293.7527,432.23026,67.82755,-0.0013947343,-0.00015298711,0.021146616,13.467444,13.302778,2,28,1,0.9876446,1
13,19,1,0,0,-293.7527,432.23026,67.82755,-0.0013947343,-0.00015298711,0.021146616,4.208285,4.106389,2,-1,0,0.98050404,1
13,31,1,1,0,302.25723,-55.304096,182.08417,0.019425794,-0.0142465,-0.0043995916,20.49965,20.498333,2,29,1,0.9763697,1
13,22,1,1,0,311.1594,114.74434,120.60639,-0.0054436633,0.0070489794,0.01486867,16.089994,15.918333,2,30,1,0.9991351,1
13,36,1,1,0,310.45807,-284.83694,127.92002,0.0033380908,-0.015417822,-0.0101508275,18.416784,18.266388,2,31,1,0.9890609,1
13,36,0,0,0,0.0,0.0,0.0,0.0,0.0,0.0,2.8902779,2.8911111,2,-1,0,0.52755183,1
13,32,1,1,0,-319.5133,327.22925,5.0403395,0.019536942,0.02813715,-0.02055757,24.432165,24.623888,2,32,1,0.9976992,1
13,37,1,0,0,-347.50793,19.836735,122.41249,-0.0014063021,-0.01783222,-0.006628356,2.9392915,2.9677777,2,-1,0,0.66844624,1
13,31,1,0,0,302.25723,-55.304096,182.08417,0.019425794,-0.0142465,-0.0043995916,3.0737224,3.0902777,2,-1,0,0.8004745,1
13,24,1,1,0,330.29358,366.98923,146.31834,0.012406177,0.015379399,-0.0016681929,15.921215,15.816112,2,33,1,0.98919404,1
13,14,1,1,0,-345.52222,-308.8536,363.211,-0.005514322,0.027614666,-0.0037391123,15.034214,15.045,2,34,1,0.99775785,1
13,37,1,1,0,-347.50793,19.836735,122.41249,-0.0014063021,-0.01783222,-0.006628356,14.331569,10.465834,2,35,1,0.979325,1
13,23,1,1,0,350.53552,-187.13095,112.458855,0.019137252,0.017612295,-0.034567844,22.162266,15.390555,2,36,1,0.9845227,1
13,15,1,1,0,356.6292,-79.26008,421.88593,-0.004260789,0.0070365476,0.007856051,8.762041,8.773056,2,37,1,0.99395645,1
13,14,1,0,0,-345.52222,-308.8536,363.211,-0.005514322,0.027614666,-0.0037391123,8.903333,8.990833,2,-1,0,0.9962752,1
13,23,1,0,0,350.53552,-187.13095,112.458855,0.019137252,0.017612295,-0.034567844,12.762798,12.807777,2,-1,0,0.96654165,1
14,7,1,1,0,8.454811,39.166218,311.9581,0.0115118595,-0.014353792,0.0071484987,23.641146,24.018612,2,0,1,0.9987275,1
14,16,1,0,0,26.848482,68.211,290.77106,-0.024149833,0.015643317,-0.01200272,7.313368,7.1880555,2,-1,0,0.9837156,1
14,16,1,0,0,26.848482,68.211,290.77106,-0.024149833,0.015643317,-0.01200272,4.811306,4.723889,2,-1,0,0.9795228,1
14,7,1,0,0,8.454811,39.166218,311.9581,0.0115118595,-0.014353792,0.0071484987,3.6712081,3.5325,2,-1,0,0.85508895,1
14,16,1,1,0,26.848482,68.211,290.77106,-0.024149833,0.015643317,-0.01200272,17.378227,17.464445,2,1,1,0.99996996,1
14,9,0,0,0,0.0,0.0,0.0,0.0,0.0,0.0,3.11525,3.0930555,2,-1,0,0.7627153,1
14,9,1,0,0,-36.668514,-24.538239,64.66614,0.0066831512,0.021634705,0.0035449602,8.964736,8.850555,2,-1,0,0.98101324,1
14,36,1,1,0,32.461746,327.10736,173.14589,0.009227995,0.004896654,-0.008789059,12.006625,9.866389,2,2,1,0.9994721,1
14,9,1,1,0,-36.668514,-24.538239,64.66614,0.0066831512,0.021634705,0.0035449602,11.087285,11.2025,2,3,1,0.9938719,1
14,23,1,1,0,43.875896,385.78452,292.91235,-0.0066700527,-4.0018298e-05,-0.011340933,10.655209,10.529722,2,4,1,0.9997199,1
14,28,0,0,0,0.0,0.0,0.0,0.0,0.0,0.0,2.7688959,2.4947221,2,-1,0,0.6655592,1
14,31,1,1,0,53.650154,-597.4563,297.58716,0.0074767377,0.0013667782,0.0007252169,9.228611,8.990278,2,5,1,0.9966349,1
14,2,1,1,0,-63.39236,588.6722,3.3999383,-0.0057996833,0.030733226,-0.048214138,9.670382,8.847777,2,6,1,0.98926884,1
14,33,1,1,0,65.66763,112.701935,357.3721,-0.0062841745,-0.020279728,-0.012957493,26.034182,25.598888,2,7,1,0.99927634,1
14,25,0,0,0,0.0,0.0,0.0,0.0,0.0,0.0,10.885924,-1.0,2,-1,0,0.98871964,1
14,3,1,1,0,-68.78226,-22.412014,134.83919,-0.003612681,-0.010454034,-0.011559905,9.941847,9.892777,2,8,1,0.9675034,1
14,14,1,1,0,74.76087,591.5087,381.42273,0.0012492186,0.0040587024,-0.0052208453,7.770723,6.8325,2,10,1,0.9865465,1
14,4,0,0,0,0.0,0.0,0.0,0.0,0.0,0.0,34.419758,-1.0,2,-1,0,0.9999938,1
14,32,1,1,0,-87.14969,493.33215,388.31833,0.015211898,-0.015490373,-0.009185497,28.819723,28.550556,2,11,1,0.99819845,1
14,40,1,1,0,-82.30763,466.1887,72.39492,-0.009024107,-0.0167844,0.0013153672,20.584583,11.0725,2,12,1,0.9852409,1
14,34,1,1,0,-98.16079,569.09204,40.952705,-0.019288177,0.0009074682,0.004668477,21.443806,21.409445,2,13,1,0.9984597,1
14,37,1,0,0,108.64753,442.66177,393.7474,0.0023747291,0.040853787,0.05451444,3.6863406,3.7386112,2,-1,0,0.954347,1
14,33,1,0,0,65.66763,112.701935,357.3721,-0.0062841745,-0.020279728,-0.012957493,4.2293262,4.2255554,2,-1,0,0.9773761,1
14,30,1,1,0,-106.27288,213.77647,313.7472,0.004394012,0.016561393,0.039408986,22.007696,22.3675,2,14,1,0.9968731,1
14,30,1,0,0,-106.27288,213.77647,313.7472,0.004394012,0.016561393,0.039408986,6.7184305,6.757222,2,-1,0,0.98221725,1
14,30,1,0,0,-106.27288,213.77647,313.7472,0.004394012,0.016561393,0.039408986,6.113521,6.104722,2,-1,0,0.9825752,1
14,37,1,0,0,108.64753,442.66177,393.7474,0.0023747291,0.040853787,0.05451444,16.811798,16.722778,2,-1,0,0.9999875,1
14,37,1,1,0,108.64753,442.66177,393.7474,0.0023747291,0.040853787,0.05451444,28.401402,28.083334,2,15,1,0.9999461,1
14,37,1,0,0,108.64753,442.66177,393.7474,0.0023747291,0.040853787,0.05451444,6.080826,6.2458334,2,-1,0,0.98468256,1
14,37,1,0,0,108.64753,442.66177,393.7474,0.0023747291,0.040853787,0.05451444,16.727152,16.710556,2,-1,0,0.99986374,1
14,31,1,0,0,53.650154,-597.4563,297.58716,0.0074767377,0.0013667782,0.0007252169,4.370285,4.459722,2,-1,0,0.97854793,1
14,31,1,0,0,53.650154,-597.4563,297.58716,0.0074767377,0.0013667782,0.0007252169,3.5854447,3.508889,2,-1,0,0.95291924,1
14,12,1,1,0,135.24239,-482.6472,125.58626,0.026421871,0.011004752,-0.030980824,31.094706,36.51611,2,17,1,0.9571145,1
14,17,1,0,0,-145.96152,-522.47577,29.673649,0.0023917854,-0.010845023,0.008937302,4.0735273,4.0755553,2,-1,0,0.9781823,1
14,17,1,1,0,-145.96152,-522.47577,29.673649,0.0023917854,-0.010845023,0.008937302,10.545022,6.771111,2,18,1,0.9932279,1
14,17,1,0,0,-145.96152,-522.47577,29.673649,0.0023917854,-0.010845023,0.008937302,4.7066875,4.7141666,2,-1,0,0.98275936,1
14,35,1,1,0,-148.82516,-118.19726,282.99985,-0.028791973,0.013926815,-0.008146911,22.086048,21.6025,2,19,1,0.9798948,1
14,35,1,0,0,-148.82516,-118.19726,282.99985,-0.028791973,0.013926815,-0.008146911,7.4799304,7.5713887,2,-1,0,0.9928948,1
14,13,1,1,0,-170.83575,300.89438,52.360165,0.009518944,-0.009745992,-0.016816927,16.185625,16.151945,2,20,1,0.9861872,1
14,27,1,1,0,200.61359,276.52295,448.05997,-0.0029017688,0.017343637,0.0021790762,19.134874,19.399723,2,21,1,0.99901223,1
14,24,0,0,0,0.0,0.0,0.0,0.0,0.0,0.0,2.9542637,2.9644444,2,-1,0,0.50278634,1
14,26,1,1,0,-222.35448,-216.13388,75.01376,-0.009335404,0.0008625902,0.010907236,15.352348,14.137222,2,22,1,0.99329454,1
14,24,1,1,0,-237.51186,251.8313,27.920528,0.019063156,-0.0016223873,-0.010723287,21.06786,21.296389,2,23,1,0.9999999,1
14,28,1,1,0,-243.8386,-43.346436,352.64844,0.017334407,0.020922255,0.013118344,29.20795,29.164444,2,24,1,0.9997322,1
14,21,1,1,0,250.71402,507.4368,446.247,-0.01785382,0.019032596,0.0055708983,24.714918,24.914722,2,25,1,0.99997723,1
14,6,1,1,0,254.1029,542.3637,116.78818,-0.0028572106,-0.001835532,-0.016927967,18.586987,18.494722,2,26,1,0.9567322,1
14,5,1,1,0,249.95947,-330.7976,266.58762,0.0287422,-0.027404873,0.0068889493,34.44335,23.780556,2,27,1,0.99608,1
14,15,1,0,0,-252.96024,359.93515,1.1677371,0.014318934,-0.032336593,-0.013832648,5.847403,5.794722,2,-1,0,0.9900069,1
14,5,1,0,0,249.95947,-330.7976,266.58762,0.0287422,-0.027404873,0.0068889493,5.8686395,5.9219446,2,-1,0,0.9916824,1
14,20,1,1,0,265.0302,-423.1732,259.33246,0.0014103914,0.0143392645,0.010679143,18.847305,18.150278,2,28,1,0.99188566,1
14,35,0,0,0,0.0,0.0,0.0,0.0,0.0,0.0,2.8110902,-1.0,2,-1,0,0.516415,1
14,10,1,1,0,-287.4129,414.7919,16.998793,-0.004644787,0.022260642,0.011930624,24.964334,24.985556,2,29,1,0.9925673,1
14,15,1,1,0,-252.96024,359.93515,1.1677371,0.014318934,-0.032336593,-0.013832648,6.6918955,6.628889,2,30,1,0.9739639,1
14,1,1,1,0,-297.00742,104.56178,195.386,-0.00034340663,-0.010246539,-0.0009071448,10.599764,10.662222,2,31,1,0.9837608,1
14,39,1,1,0,296.3894,195.08052,278.8581,0.011893542,0.004515784,0.0015214182,12.6733265,12.645833,2,32,1,0.98335046,1
14,11,1,1,0,305.88974,-440.54865,435.03003,0.02576162,0.0475461,-0.004305722,38.79273,39.907223,2,33,1,0.99966884,1
14,19,1,1,0,-310.84824,518.1411,290.84766,0.008952673,0.009780543,0.0004662328,17.888424,17.874445,2,34,1,0.98495954,1
14,11,1,0,0,305.88974,-440.54865,435.03003,0.02576162,0.0475461,-0.004305722,5.821479,5.745,2,-1,0,0.9913646,1
14,11,1,0,0,305.88974,-440.54865,435.03003,0.02576162,0.0475461,-0.004305722,3.3184376,3.4213889,2,-1,0,0.9220779,1
14,29,1,1,0,333.43356,563.7169,88.494446,0.00422191,0.0040483642,-0.008734104,9.528806,6.1241665,2,35,1,0.9898122,1
14,29,1,0,0,333.43356,563.7169,88.494446,0.00422191,0.0040483642,-0.008734104,6.3029513,6.2544446,2,-1,0,0.9668238,1
14,18,1,1,0,-337.64185,341.6268,314.48685,-0.0028496322,0.002719041,0.015944773,16.148064,16.157223,2,36,1,0.977737,1
14,22,1,1,0,360.2463,506.07025,89.610855,0.015622491,0.020845767,-0.012427297,7.6094584,6.68,2,37,1,0.9770368,1
15,33,1,1,0,-27.018908,-547.19446,36.29904,0.019177781,-0.007624557,-0.018212806,23.79757,24.1325,2,0,1,0.99655616,1
15,26,1,0,0,38.452293,-202.21774,349.88904,-0.008325685,0.0046658446,0.013173923,5.3505554,5.4402776,2,-1,0,0.947104,1
15,26,1,1,0,38.452293,-202.21774,349.88904,-0.008325685,0.0046658446,0.013173923,11.523832,11.465,2,1,1,0.983196,1
15,39,1,1,0,41.83888,-278.51547,19.731544,0.0099018905,-0.0004481281,-0.012673389,9.530006,9.061944,2,2,1,0.99792564,1
15,39,1,0,0,41.83888,-278.51547,19.731544,0.0099018905,-0.0004481281,-0.012673389,6.608104,6.551111,2,-1,0,0.978318,1
15,12,0,0,0,0.0,0.0,0.0,0.0,0.0,0.0,5.200083,-1.0,2,-1,0,0.9726209,1
15,30,1,0,0,92.81065,-496.1863,74.30397,-0.015158681,0.023126177,0.016716609,4.5874586,4.459722,2,-1,0,0.98896056,1
15,32,1,0,0,-118.0932,-252.63376,329.6103,0.014037458,-0.0040319767,-0.013399172,3.2934515,3.476389,2,-1,0,0.7963163,1
15,26,0,0,0,0.0,0.0,0.0,0.0,0.0,0.0,6.272639,-1.0,2,-1,0,0.9935103,1
15,30,1,1,0,92.81065,-496.1863,74.30397,-0.015158681,0.023126177,0.016716609,18.583763,18.426945,2,3,1,0.99628735,1
15,7,1,0,0,102.65374,-67.24396,250.693,-0.03600074,-0.030550987,-0.0006901464,4.4789166,4.4525,2,-1,0,0.8973551,1
15,7,1,0,0,102.65374,-67.24396,250.693,-0.03600074,-0.030550987,-0.0006901464,6.015,6.043889,2,-1,0,0.9906126,1
15,30,1,0,0,92.81065,-496.1863,74.30397,-0.015158681,0.023126177,0.016716609,12.409993,12.2325,2,-1,0,0.99052036,1
15,7,1,0,0,102.65374,-67.24396,250.693,-0.03600074,-0.030550987,-0.0006901464,4.7579656,4.7391667,2,-1,0,0.8133255,1
15,7,1,1,0,102.65374,-67.24396,250.693,-0.03600074,-0.030550987,-0.0006901464,29.134653,29.016388,2,4,1,0.99875414,1
15,24,1,1,0,-98.85457,-280.5586,314.3398,-0.014248941,0.01713249,0.025561137,35.38644,35.379166,2,5,1,0.99645823,1
15,32,1,0,0,-118.0932,-252.63376,329.6103,0.014037458,-0.0040319767,-0.013399172,2.6565,2.6519444,2,-1,0,0.7311324,1
15,24,1,0,0,-98.85457,-280.5586,314.3398,-0.014248941,0.01713249,0.025561137,4.329986,4.2094445,2,-1,0,0.82996416,1
15,32,1,1,0,-118.0932,-252.63376,329.6103,0.014037458,-0.0040319767,-0.013399172,11.992486,11.8122225,2,6,1,0.99214935,1
15,12,0,0,0,0.0,0.0,0.0,0.0,0.0,0.0,15.108208,-1.0,2,-1,0,0.9980532,1
15,20,1,1,0,-136.73651,279.193,50.751167,0.016161567,0.0022547648,-0.0044444106,19.275507,19.37,2,7,1,0.99937433,1
15,12,1,1,0,128.6523,-117.1945,231.19789,-0.015217612,-0.0056469394,-0.01595981,6.930743,6.9019446,2,8,1,0.9914187,1
15,16,1,0,0,157.67581,527.095,341.33517,0.013354883,0.012857295,-0.0060702884,4.525014,4.405,2,-1,0,0.85265946,1
15,16,1,1,0,157.67581,527.095,341.33517,0.013354883,0.012857295,-0.0060702884,22.411049,22.196112,2,9,1,0.99942917,1
15,13,1,1,0,-164.58395,-574.9973,157.73189,-0.004384058,-0.0001544359,0.000922511,4.618903,4.5830555,2,10,1,0.9719282,1
15,38,1,1,0,-173.01016,-16.901604,437.257,0.014208201,0.012961661,-0.0052440926,21.90648,22.012222,2,11,1,0.9896818,1
15,25,1,0,0,-185.84175,95.080315,158.80478,0.030904738,-0.00034719225,0.023543283,3.2545834,3.378611,2,-1,0,0.90625,1
15,4,1,0,0,185.94493,-502.4075,29.319597,-0.010884568,-0.01592025,0.012862407,8.332541,8.378056,2,-1,0,0.9893411,1
15,31,1,1,0,179.09633,267.743,31.343506,0.010509264,0.02132792,-0.014648884,13.303909,13.295555,2,12,1,0.9936885,1
15,14,1,0,0,183.73474,-97.85089,27.85889,-0.0062718764,0.024995983,0.018253284,8.592208,8.420834,2,-1,0,0.9834188,1
15,31,1,0,0,179.09633,267.743,31.343506,0.010509264,0.02132792,-0.014648884,11.752451,6.7575,2,-1,0,0.9920947,1
15,14,1,1,0,183.73474,-97.85089,27.85889,-0.0062718764,0.024995983,0.018253284,27.092812,25.95139,2,13,1,0.989209,1
15,31,1,0,0,179.09633,267.743,31.343506,0.010509264,0.02132792,-0.014648884,2.698,2.702222,2,-1,0,0.54742926,1
15,31,1,0,0,179.09633,267.743,31.343506,0.010509264,0.02132792,-0.014648884,6.4476943,6.334722,2,-1,0,0.976823,1
15,25,1,1,0,-185.84175,95.080315,158.80478,0.030904738,-0.00034719225,0.023543283,37.433556,35.0,2,14,1,0.6916507,1
15,4,1,1,0,185.94493,-502.4075,29.319597,-0.010884568,-0.01592025,0.012862407,13.94959,13.953611,2,15,1,0.98559684,1
15,35,1,0,0,192.20891,103.94026,114.62859,0.022995096,0.023557082,0.006157234,4.7064443,4.7058334,2,-1,0,0.99763536,1
15,35,1,1,0,192.20891,103.94026,114.62859,0.022995096,0.023557082,0.006157234,28.811556,26.553612,2,16,1,0.8685466,1
15,3,1,1,0,-203.71873,550.2445,344.40344,0.02288871,0.004639217,0.0043704724,24.267235,24.496944,2,17,1,0.99665964,1
15,3,1,0,0,-203.71873,550.2445,344.40344,0.02288871,0.004639217,0.0043704724,5.73459,5.784167,2,-1,0,0.98530906,1
15,40,1,0,0,218.04634,124.26517,191.89034,-0.005318759,-0.00027656154,0.00068440643,3.293847,3.303611,2,-1,0,0.94804037,1
15,34,0,0,0,0.0,0.0,0.0,0.0,0.0,0.0,36.948128,-1.0,2,-1,0,0.98970616,1
15,40,1,1,0,218.04634,124.26517,191.89034,-0.005318759,-0.00027656154,0.00068440643,5.441389,5.464722,2,18,1,0.98209214,1
15,5,1,1,0,-227.13002,298.10153,428.14297,0.0046861847,-0.00535611,0.010877551,12.808993,12.320833,2,19,1,0.9627429,1
15,19,1,1,0,238.5866,591.89844,44.650635,-3.942264e-05,-0.0065140226,-0.016021399,14.131771,14.258611,2,20,1,0.98410195,1
15,28,1,0,0,243.62686,-383.097,250.7167,-0.012657207,-0.008406258,0.02065257,5.2680416,5.3447223,2,-1,0,0.9606183,1
15,23,1,1,0,-239.88846,551.61523,426.2278,0.0004482251,-0.0015467198,-0.0034393584,3.5757499,3.5069444,2,21,1,0.89869475,1
15,1,1,1,0,-241.40898,494.67767,209.21062,0.0038202868,0.0012711629,0.004814196,4.639861,4.2602777,2,22,1,0.99279,1
15,28,1,1,0,243.62686,-383.097,250.7167,-0.012657207,-0.008406258,0.02065257,17.150187,17.277779,2,23,1,0.978773,1
15,18,1,1,0,-252.46602,527.66736,274.07944,-0.010912251,-0.007993661,0.0015690568,10.681834,7.786667,2,24,1,0.9836404,1
15,18,1,0,0,-252.46602,527.66736,274.07944,-0.010912251,-0.007993661,0.0015690568,5.7875834,5.7858334,2,-1,0,0.9655587,1
15,15,1,1,0,-261.28613,576.8857,56.2728,0.015492803,-0.0011745493,0.0086032115,16.851202,16.91,2,25,1,0.9672152,1
15,6,1,1,0,-279.56775,256.2222,151.0973,-0.0120719215,-0.008388176,-0.0059359684,12.512222,12.542222,2,26,1,0.958888,1
15,8,1,1,0,-297.2514,-141.32452,59.130814,0.0057644835,0.031055965,0.013013127,19.226755,19.177221,2,27,1,0.9836066,1
15,22,1,1,0,287.90356,-219.26544,205.83212,3.8768036e-07,-0.0048429575,-0.018293602,19.05516,19.112778,2,28,1,0.9859346,1
15,29,1,1,0,290.22498,-423.8608,23.923128,0.010196467,0.0007351137,-0.019007338,21.974659,20.238333,2,29,1,0.9902085,1
15,8,1,0,0,-297.2514,-141.32452,59.130814,0.0057644835,0.031055965,0.013013127,12.070035,11.875,2,-1,0,0.98918086,1
15,27,0,0,0,0.0,0.0,0.0,0.0,0.0,0.0,8.450542,-1.0,2,-1,0,0.98543566,1
15,9,1,1,0,311.02628,167.50934,231.0693,-0.020176087,-0.0058228425,0.010478317,10.760083,10.784166,2,30,1,0.98930687,1
15,2,1,1,0,310.41763,-361.07547,0.6238802,0.0060863798,0.009345404,0.004501696,10.276556,8.3116665,2,31,1,0.96422654,1
15,21,1,1,0,-319.30414,-443.37952,259.198,-0.013068107,-0.010032127,0.014010284,17.926716,17.872778,2,32,1,0.9299423,1
15,17,1,1,0,321.06137,132.5319,394.27878,0.011358224,0.012201653,-0.014121351,18.869646,16.14889,2,33,1,0.9977196,1
15,10,1,0,0,-329.70816,24.97134,216.87502,0.004423273,0.024655668,-0.021925086,13.733791,13.744722,2,-1,0,0.98344153,1
15,10,1,1,0,-329.70816,24.97134,216.87502,0.004423273,0.024655668,-0.021925086,16.925346,13.104722,2,35,1,0.99699557,1
15,10,1,0,0,-329.70816,24.97134,216.87502,0.004423273,0.024655668,-0.021925086,3.036146,3.045,2,-1,0,0.77747613,1
15,21,1,0,0,-319.30414,-443.37952,259.198,-0.013068107,-0.010032127,0.014010284,3.3476944,3.3494444,2,-1,0,0.97464675,1
15,11,1,1,0,-333.2749,-92.398544,389.74887,-0.0134834265,0.008157144,-0.0007124745,11.507292,2.932778,2,36,1,0.9846298,1
15,37,1,0,0,341.42166,-218.75241,40.31142,0.011489169,0.040882263,-0.0037590421,10.177097,10.113055,2,-1,0,0.96238923,1
15,37,1,0,0,341.42166,-218.75241,40.31142,0.011489169,0.040882263,-0.0037590421,13.511348,13.5325,2,-1,0,0.92981696,1
15,36,1,1,0,-347.19656,-459.2661,406.62808,-0.0035293826,-0.018256888,-0.005704463,12.552729,11.872778,2,37,1,0.9674466,1
15,36,1,0,0,-347.19656,-459.2661,406.62808,-0.0035293826,-0.018256888,-0.005704463,6.574069,6.4205556,2,-1,0,0.9836089,1
15,37,1,0,0,341.42166,-218.75241,40.31142,0.011489169,0.040882263,-0.0037590421,3.6003125,3.578889,2,-1,0,0.9695859,1
15,37,1,1,0,341.42166,-218.75241,40.31142,0.011489169,0.040882263,-0.0037590421,13.861534,13.776667,2,38,1,0.98354775,1
15,15,0,0,0,0.0,0.0,0.0,0.0,0.0,0.0,2.6299098,0.57805556,2,-1,0,0.7215791,1
16,4,1,1,0,-6.507129,-218.8221,250.85683,-0.009109801,-0.03513823,-0.035310023,50.123486,49.02139,2,0,1,1.0,1
16,4,1,0,0,-6.507129,-218.8221,250.85683,-0.009109801,-0.03513823,-0.035310023,7.1610827,7.1666665,2,-1,0,0.99908376,1
16,28,1,1,0,53.137184,568.9418,31.369482,0.0044969358,0.0039923275,0.001760033,6.871167,6.765,2,1,1,0.9824882,1
16,17,1,1,0,61.61231,455.69443,63.137333,-0.003000708,-0.014715539,-0.015822535,23.452797,23.275833,2,2,1,0.9998896,1
16,17,1,0,0,61.61231,455.69443,63.137333,-0.003000708,-0.014715539,-0.015822535,6.5260625,6.542778,2,-1,0,0.9929097,1
16,24,1,1,0,61.74483,-188.64555,101.20311,0.015359177,0.020490486,0.026879262,42.141457,41.745834,2,3,1,0.9974201,1
16,14,0,0,0,0.0,0.0,0.0,0.0,0.0,0.0,2.6211457,2.5852778,2,-1,0,0.7054156,1
16,3,1,0,0,86.785835,446.15082,292.45798,0.004026813,-0.007979533,-0.015516845,4.850374,4.8830557,2,-1,0,0.9925827,1
16,3,1,1,0,86.785835,446.15082,292.45798,0.004026813,-0.007979533,-0.015516845,6.5646043,6.570833,2,4,1,0.99359185,1
16,3,1,0,0,86.785835,446.15082,292.45798,0.004026813,-0.007979533,-0.015516845,6.3492637,6.284167,2,-1,0,0.9943145,1
16,34,1,1,0,72.9282,-236.28651,378.47107,0.013704225,-0.00082259055,0.00783158,4.1811395,4.0241666,2,5,1,0.95778185,1
16,28,1,0,0,53.137184,568.9418,31.369482,0.0044969358,0.0039923275,0.001760033,5.3215346,5.1752777,2,-1,0,0.9573057,1
16,20,1,0,0,-121.28448,61.95914,448.5898,0.020931536,-0.026370611,0.0019969298,3.303944,3.303611,2,-1,0,0.84768057,1
16,27,1,1,0,116.246414,358.41736,203.99641,0.001496666,-0.015014151,-0.031249112,39.16271,39.221943,2,6,1,0.99939024,1
16,20,1,1,0,-121.28448,61.95914,448.5898,0.020931536,-0.026370611,0.0019969298,32.19377,32.195557,2,7,1,0.9690962,1
16,20,1,0,0,-121.28448,61.95914,448.5898,0.020931536,-0.026370611,0.0019969298,3.5047498,3.6097221,2,-1,0,0.9259015,1
16,8,1,1,0,132.14307,579.97833,40.690796,0.008133047,0.015080519,0.0044585494,18.780117,15.528055,2,8,1,0.98456305,1
16,16,1,0,0,134.05191,537.9348,233.47398,0.0052961563,-0.012346597,0.008291233,4.4036736,4.352778,2,-1,0,0.98888665,1
16,16,1,1,0,134.05191,537.9348,233.47398,0.0052961563,-0.012346597,0.008291233,18.048674,15.070833,2,9,1,0.9988896,1
16,15,1,1,0,-165.10527,16.001125,449.3988,0.0078915665,0.0139816385,-0.0061686444,10.844798,10.791111,2,10,1,0.997654,1
16,15,1,0,0,-165.10527,16.001125,449.3988,0.0078915665,0.0139816385,-0.0061686444,6.6333404,6.528333,2,-1,0,0.9886475,1
16,33,1,1,0,165.56241,182.99225,188.37508,0.011426857,0.003946391,-0.014139047,18.444729,17.585833,2,11,1,0.97950864,1
16,37,1,1,0,189.50739,-53.224678,267.8431,-0.013718388,-0.014987877,-0.002902344,22.482721,22.133888,2,12,1,0.9999546,1
16,38,0,0,0,0.0,0.0,0.0,0.0,0.0,0.0,25.835464,-1.0,2,-1,0,0.9907171,1
16,10,1,1,0,-196.98047,-193.63965,453.45706,-0.008733979,-0.0036503328,0.008742086,12.330937,11.425,2,13,1,0.9420816,1
16,12,1,1,0,205.17525,-487.60022,11.027851,0.007853085,-0.006171623,0.0042641265,13.034416,12.857223,2,14,1,0.9981982,1
16,17,1,0,0,42.670483,699.2379,77.88887,-0.003000708,-0.014715539,-0.015822535,8.423035,8.459167,2,-1,0,0.933129,1
16,21,1,1,0,210.69905,-288.14276,34.3051,-0.0070762723,0.015012268,0.0049857874,18.965853,19.172777,2,15,1,0.9949372,1
16,40,1,1,0,222.74327,-473.03735,267.7214,-0.0133710345,-0.0073046163,0.015378378,18.554493,18.458334,2,16,1,0.9980788,1
16,7,1,1,0,218.7272,480.35965,265.411,0.01641856,0.01294796,0.016449738,22.879444,22.953333,2,17,1,0.9360337,1
16,11,1,1,0,221.38254,-138.48172,188.26875,0.018137429,0.0061215907,-0.005359072,18.600098,18.51111,2,18,1,0.9966517,1
16,29,1,1,0,-222.33078,9.929413,442.7565,-7.0780916e-05,-0.0056527676,0.010669893,12.629868,12.388889,2,19,1,0.97756994,1
16,26,1,1,0,231.86678,378.81635,17.851187,0.0012950288,0.0013065445,0.016202545,17.248993,17.314444,2,20,1,0.9771113,1
16,14,1,1,0,-245.02602,-69.9652,249.10437,0.004988527,1.1586001e-05,0.014124507,12.4817705,12.598056,2,21,1,0.99526656,1
16,30,1,1,0,247.8577,-93.17092,283.0094,0.0082308715,0.0074717733,0.017764734,14.040458,14.145278,2,22,1,0.9868369,1
16,1,1,1,0,-259.1213,354.62997,19.455208,0.026408112,-0.0012769526,-0.015627336,24.832972,24.616112,2,23,1,0.9979786,1
16,1,1,0,0,-259.1213,354.62997,19.455208,0.026408112,-0.0012769526,-0.015627336,5.156125,5.201389,2,-1,0,0.973422,1
16,35,1,1,0,251.04657,-298.26813,14.595762,-0.00029112684,-0.020208616,-0.0035230215,18.345867,15.34,2,24,1,0.99245596,1
16,9,1,1,0,-252.24896,-581.4348,334.93887,-0.015670447,-0.013027051,0.0054462277,18.719126,18.78111,2,25,1,0.95692813,1
16,22,1,1,0,-262.9567,550.2356,428.84158,-0.020398475,-0.014827619,-0.017663311,21.073868,20.292778,2,26,1,0.9976,1
16,19,1,0,0,-268.79895,-1.826853,284.41394,0.011992643,-0.020935409,-0.011487775,5.494375,5.733611,2,-1,0,0.98065794,1
16,19,1,1,0,-268.79895,-1.826853,284.41394,0.011992643,-0.020935409,-0.011487775,17.741756,17.409721,2,27,1,0.99110854,1
16,30,1,0,0,247.8577,-93.17092,283.0094,0.0082308715,0.0074717733,0.017764734,3.2943332,3.3475,2,-1,0,0.619973,1
16,23,1,1,0,283.15955,-515.4145,321.24518,-0.007762177,0.007997238,0.0008662837,10.848473,10.858611,2,28,1,0.9746823,1
16,2,1,1,0,285.3844,-510.91937,309.03934,-0.0075795525,-0.0009569011,-0.0024228254,7.9812016,7.9958334,2,29,1,0.9785346,1
16,34,0,0,0,0.0,0.0,0.0,0.0,0.0,0.0,11.867181,-1.0,2,-1,0,0.9931514,1
16,34,0,0,0,0.0,0.0,0.0,0.0,0.0,0.0,3.2560902,-1.0,2,-1,0,0.94847006,1
16,22,1,0,0,-262.9567,550.2356,428.84158,-0.020398475,-0.014827619,-0.017663311,4.0181875,4.0322223,2,-1,0,0.97280157,1
16,6,1,1,0,-312.67383,397.6767,132.95602,-0.022055961,-0.0102598965,0.03167751,22.013681,21.847221,2,30,1,0.99909306,1
16,6,1,0,0,-312.67383,397.6767,132.95602,-0.022055961,-0.0102598965,0.03167751,14.659841,14.939722,2,-1,0,0.98038447,1
16,31,1,1,0,-317.46558,-319.50592,362.88525,0.014163625,-0.020163743,0.0013666501,26.855318,26.866945,2,31,1,0.99339175,1
16,25,1,0,0,316.60672,139.43677,255.36809,0.0058307326,5.0605093e-05,-0.011717209,3.448875,2.2513888,2,-1,0,0.9732636,1
16,25,1,1,0,316.60672,139.43677,255.36809,0.0058307326,5.0605093e-05,-0.011717209,8.309882,8.405,2,32,1,0.98962057,1
16,5,1,1,0,322.22757,437.4175,198.9319,-0.011643901,0.008508666,-0.00772234,15.468068,15.259722,2,33,1,0.9926685,1
16,32,1,0,0,322.69354,-41.836033,361.55283,0.0056681046,0.0055270544,0.017217485,8.843562,8.816389,2,-1,0,0.99473614,1
16,32,1,1,0,322.69354,-41.836033,361.55283,0.0056681046,0.0055270544,0.017217485,9.733209,9.913055,2,34,1,0.9579127,1
16,36,1,1,0,-352.5492,188.26486,164.75203,-0.000667026,0.017608866,-0.0136118205,16.977036,9.745833,2,35,1,0.97183704,1
16,36,1,0,0,-352.5492,188.26486,164.75203,-0.000667026,0.017608866,-0.0136118205,6.308403,3.6452777,2,-1,0,0.9777504,1
16,18,1,1,0,353.59836,91.602776,179.8714,0.018543951,0.018789839,0.00035265923,18.211014,18.137222,2,36,1,0.99996924,1
16,13,1,1,0,-355.99814,67.89694,258.19012,-0.023900464,0.01737726,-0.0025051457,17.527473,17.564167,2,37,1,0.99677616,1
16,18,1,0,0,353.59836,91.602776,179.8714,0.018543951,0.018789839,0.00035265923,5.3739376,5.36,2,-1,0,0.97182626,1
16,28,1,0,0,-379.0743,587.01556,30.20322,0.0044969358,0.0039923275,0.001760033,4.2204304,4.283056,2,-1,0,0.9149097,1
17,21,1,1,0,7.2297177,-507.65695,446.09256,-0.017954795,-0.01668622,0.0040048435,13.519438,12.761111,2,0,1,0.9928405,1
17,35,1,1,0,9.619477,-530.14355,10.908604,-0.009333863,-0.008333659,-0.014099911,5.2839165,5.217222,2,1,1,0.9847707,1
17,37,1,1,0,-13.515553,19.85871,358.3364,0.012568459,0.0025526811,-0.0013675845,18.988222,15.907778,2,2,1,0.98513883,1
17,7,1,1,0,11.888422,213.01938,32.512177,0.009477304,-0.009338927,-0.01354227,18.388485,18.491388,2,3,1,0.9717415,1
17,39,0,0,0,0.0,0.0,0.0,0.0,0.0,0.0,16.557125,-1.0,2,-1,0,0.9967013,1
17,39,0,0,0,0.0,0.0,0.0,0.0,0.0,0.0,4.5768056,-1.0,2,-1,0,0.9933646,1
17,29,1,1,0,-26.510614,-139.02269,98.46026,-0.022686835,0.00037519776,-0.013068842,26.453352,26.6325,2,5,1,0.7894889,1
17,39,0,0,0,0.0,0.0,0.0,0.0,0.0,0.0,3.90725,-1.0,2,-1,0,0.94152457,1
17,40,1,0,0,42.402443,-561.55743,374.83926,0.0063378983,-0.008925899,0.02255701,7.374125,7.345556,2,-1,0,0.98186064,1
17,3,1,1,0,-35.30186,56.95431,362.23383,0.0053311675,-0.0141456695,0.004937085,18.152647,18.255556,2,6,1,0.9971404,1
17,9,1,0,0,-48.59231,-160.50175,120.46239,-0.025870288,-0.0019361275,-0.011613813,5.246382,5.2955556,2,-1,0,0.9699626,1
17,40,1,0,0,42.402443,-561.55743,374.83926,0.0063378983,-0.008925899,0.02255701,3.8705418,3.7047222,2,-1,0,0.7816479,1
17,40,1,1,0,42.402443,-561.55743,374.83926,0.0063378983,-0.008925899,0.02255701,18.774883,18.612223,2,7,1,0.9952565,1
17,40,1,0,0,42.402443,-561.55743,374.83926,0.0063378983,-0.008925899,0.02255701,4.098708,4.032778,2,-1,0,0.98658854,1
17,9,1,1,0,-48.59231,-160.50175,120.46239,-0.025870288,-0.0019361275,-0.011613813,32.310734,32.14111,2,8,1,0.999884,1
17,30,0,0,0,0.0,0.0,0.0,0.0,0.0,0.0,9.985988,-1.0,2,-1,0,0.99581957,1
17,17,1,1,0,-51.785908,-297.56924,72.63377,0.0014430349,-0.009268584,0.007978845,15.441319,14.335,2,9,1,0.99736977,1
17,4,1,1,0,-58.65448,-282.10907,172.74008,-0.009076118,-0.010356483,-0.026431082,31.425375,31.693056,2,10,1,0.9862547,1
17,13,1,1,0,-64.37283,84.904564,123.18025,0.0078064115,0.020622885,0.013021584,18.477377,16.783611,2,11,1,0.9964418,1
17,13,1,0,0,-64.37283,84.904564,123.18025,0.0078064115,0.020622885,0.013021584,9.724485,9.678889,2,-1,0,0.98053735,1
17,13,1,0,0,-64.37283,84.904564,123.18025,0.0078064115,0.020622885,0.013021584,3.179764,2.98,2,-1,0,0.5664009,1
17,18,1,1,0,70.3588,-517.06604,10.19365,0.0016176284,-0.004656031,0.015056713,18.679138,18.633333,2,12,1,0.98305273,1
17,23,1,1,0,76.39619,-393.3403,421.8177,0.013769506,-0.008967846,-0.030472804,20.943027,21.004723,2,13,1,0.9886447,1
17,23,1,0,0,76.39619,-393.3403,421.8177,0.013769506,-0.008967846,-0.030472804,17.082659,16.930277,2,-1,0,0.9804366,1
17,33,1,1,0,107.82262,-70.03863,50.96348,-0.0022290456,-0.018965071,-0.015351605,22.086367,20.932777,2,15,1,0.99433446,1
17,20,1,1,0,117.6656,154.49786,307.14758,0.005383459,0.02018547,-0.019378187,29.57504,29.478056,2,16,1,0.9965262,1
17,4,0,0,0,0.0,0.0,0.0,0.0,0.0,0.0,2.8311388,2.8275,2,-1,0,0.7828658,1
17,34,1,1,0,-138.24384,-261.53802,29.56941,-0.009149018,-0.027617354,0.0025785556,20.507847,18.724445,2,17,1,0.98550135,1
17,1,1,1,0,-145.53537,-594.43097,306.30157,-0.00022764408,-0.009543019,-0.0070044696,11.326736,11.215,2,18,1,0.9646997,1
17,34,1,0,0,-138.24384,-261.53802,29.56941,-0.009149018,-0.027617354,0.0025785556,5.750924,5.913611,2,-1,0,0.95334494,1
17,36,1,0,0,166.0091,-73.45507,315.57162,-0.00061102177,-0.0014915545,-0.010044512,3.5576878,3.5647223,2,-1,0,0.8099844,1
17,1,1,0,0,-145.53537,-594.43097,306.30157,-0.00022764408,-0.009543019,-0.0070044696,4.3753614,4.4394445,2,-1,0,0.99346465,1
17,30,0,0,0,0.0,0.0,0.0,0.0,0.0,0.0,3.6218333,-1.0,2,-1,0,0.9132545,1
17,36,1,1,0,166.0091,-73.45507,315.57162,-0.00061102177,-0.0014915545,-0.010044512,11.253062,8.678056,2,19,1,0.9418612,1
17,2,1,1,0,200.20883,89.50178,169.21077,0.021169968,0.002324674,0.014627774,13.691861,13.628889,2,20,1,0.9913338,1
17,24,1,1,0,-202.08145,-211.18617,83.82288,-0.017613163,0.021124622,0.004831192,17.051985,16.98639,2,21,1,0.9998223,1
17,5,1,0,0,205.50119,485.92633,206.46878,-0.00042943325,0.017518613,0.002640515,3.6183057,3.6680555,2,-1,0,0.99197406,1
17,2,1,0,0,200.20883,89.50178,169.21077,0.021169968,0.002324674,0.014627774,12.883709,12.702778,2,-1,0,0.9777924,1
17,24,1,0,0,-202.08145,-211.18617,83.82288,-0.017613163,0.021124622,0.004831192,8.2746525,8.360556,2,-1,0,0.99294347,1
17,5,1,1,0,205.50119,485.92633,206.46878,-0.00042943325,0.017518613,0.002640515,12.029181,12.066389,2,22,1,0.9941003,1
17,12,1,1,0,-252.11096,186.67636,316.67667,-0.010827563,-0.026511716,0.025222424,38.847336,39.121666,2,23,1,0.9991516,1
17,32,0,0,0,0.0,0.0,0.0,0.0,0.0,0.0,4.4059725,-1.0,2,-1,0,0.99454653,1
17,6,1,1,0,264.6449,132.80049,36.996998,-0.01464096,0.021152435,0.0069526406,28.563599,28.57,2,24,1,0.9959741,1
17,14,1,1,0,-263.89923,-278.57477,386.3358,0.0040096897,0.011954361,-0.0043392107,7.8074794,7.7775,2,25,1,0.99354905,1
17,10,1,0,0,283.67252,418.93274,263.98923,-0.014522043,-0.0028062284,0.028621094,3.3596807,3.4280555,2,-1,0,0.9685172,1
17,25,1,1,0,272.79388,-577.20197,296.13916,0.007744589,0.0068267724,0.008944523,14.0310135,14.263056,2,26,1,0.9809893,1
17,10,1,1,0,283.67252,418.93274,263.98923,-0.014522043,-0.0028062284,0.028621094,28.050152,28.229723,2,27,1,0.96781075,1
17,15,1,1,0,-278.71103,-395.31003,394.67313,0.008278329,-0.0029753675,-0.003870093,5.833952,5.792778,2,28,1,0.97570056,1
17,19,1,1,0,-281.755,104.4537,259.11438,-0.010233635,0.0046333363,0.007839276,11.739062,10.453055,2,29,1,0.9949458,1
17,11,0,0,0,0.0,0.0,0.0,0.0,0.0,0.0,4.6844997,-1.0,2,-1,0,0.97742385,1
17,27,1,0,0,-287.2216,-193.3096,78.88399,-0.014615448,-0.005416066,0.020390179,8.413187,7.3352776,2,-1,0,0.98040456,1
17,27,1,0,0,-287.2216,-193.3096,78.88399,-0.014615448,-0.005416066,0.020390179,5.9975,5.9677777,2,-1,0,0.9720666,1
17,32,1,0,0,305.33383,-233.02469,317.57632,-0.024513526,0.0010542456,-0.051156584,15.832612,15.997778,2,-1,0,0.9894056,1
17,32,1,1,0,305.33383,-233.02469,317.57632,-0.024513526,0.0010542456,-0.051156584,22.152473,22.122778,2,30,1,0.9940646,1
17,27,1,1,0,-287.2216,-193.3096,78.88399,-0.014615448,-0.005416066,0.020390179,10.76643,10.733055,2,31,1,0.9807248,1
17,31,1,0,0,-330.4527,-422.75684,368.4388,0.024789566,0.04446106,-0.037342522,10.184284,10.238611,2,-1,0,0.9715256,1
17,11,0,0,0,0.0,0.0,0.0,0.0,0.0,0.0,22.432535,-1.0,2,-1,0,0.99306643,1
17,31,1,0,0,-330.4527,-422.75684,368.4388,0.024789566,0.04446106,-0.037342522,12.559548,12.79,2,-1,0,0.9875113,1
17,32,1,0,0,305.33383,-233.02469,317.57632,-0.024513526,0.0010542456,-0.051156584,7.681673,7.6666665,2,-1,0,0.99556065,1
17,22,1,0,0,-343.53366,461.74875,118.25258,0.014647735,0.00084113376,0.0008403674,2.8824377,2.8277779,2,-1,0,0.92181736,1
17,31,1,1,0,-330.4527,-422.75684,368.4388,0.024789566,0.04446106,-0.037342522,34.777554,34.634445,2,32,1,0.9997696,1
17,8,1,1,0,332.50336,-54.777763,441.17715,-0.00703308,0.0040220227,-0.013370285,11.563257,11.563889,2,33,1,0.9923873,1
17,28,1,1,0,-336.1377,192.28006,30.416405,0.0074574808,0.027017806,0.0015064476,14.676804,14.5,2,34,1,0.98417944,1
17,28,1,0,0,-336.1377,192.28006,30.416405,0.0074574808,0.027017806,0.0015064476,4.32116,4.3625,2,-1,0,0.9937524,1
17,28,1,0,0,-336.1377,192.28006,30.416405,0.0074574808,0.027017806,0.0015064476,8.244125,7.7447224,2,-1,0,0.9477181,1
17,22,1,1,0,-343.53366,461.74875,118.25258,0.014647735,0.00084113376,0.0008403674,12.820298,12.501945,2,35,1,0.9789201,1
17,16,1,1,0,-349.4789,-166.7713,104.89123,-0.002713899,-0.005959096,0.008610557,9.443514,9.101389,2,36,1,0.96418875,1
17,26,1,1,0,361.06342,-394.5163,354.5561,-0.012086003,-0.012553635,-0.029521853,15.869277,15.808333,2,37,1,0.97176534,1
17,26,1,0,0,361.06342,-394.5163,354.5561,-0.012086003,-0.012553635,-0.029521853,3.3566802,3.361389,2,-1,0,0.968765,1
18,31,1,1,0,4.4311385,202.10667,23.479486,-0.0058417004,0.016920734,0.009934636,5.0310345,4.967222,2,0,1,0.99488693,1
18,26,0,0,0,0.0,0.0,0.0,0.0,0.0,0.0,3.0651457,3.0877779,2,-1,0,0.6880018,1
18,23,1,1,0,38.869083,-377.57153,246.51074,0.014526617,0.0030611723,0.0067630922,12.472569,12.493055,2,1,1,0.9585835,1
18,36,1,1,0,-42.39595,148.2359,166.46547,0.010006617,9.500286e-05,0.02414671,22.936367,23.005,2,2,1,0.992716,1
18,36,1,0,0,-42.39595,148.2359,166.46547,0.010006617,9.500286e-05,0.02414671,6.1193333,5.634444,2,-1,0,0.9827252,1
18,23,0,0,0,0.0,0.0,0.0,0.0,0.0,0.0,4.35775,-1.0,2,-1,0,0.9590548,1
18,20,1,1,0,62.80312,595.5483,254.75888,0.013568173,0.012568287,0.008651658,22.828665,23.173334,2,3,1,0.9990433,1
18,25,1,1,0,-65.14382,-274.74295,10.385006,-0.0070636002,0.009158523,0.02056589,25.34495,25.615,2,4,1,0.98667204,1
18,25,1,0,0,-65.14382,-274.74295,10.385006,-0.0070636002,0.009158523,0.02056589,3.000597,2.9891667,2,-1,0,0.54344606,1
18,6,1,1,0,88.0695,283.47055,444.9483,0.0019710027,-0.010463715,0.014577609,19.579084,13.3116665,2,5,1,0.9893371,1
18,17,1,1,0,-92.04654,-261.42822,129.06557,-0.011009623,-0.006364433,0.008364451,17.727556,17.671667,2,6,1,0.9891366,1
18,37,1,1,0,-92.76828,-72.37837,75.0206,-0.039436966,-0.0032808015,-0.028857894,17.586535,16.1925,2,7,1,0.94464105,1
18,27,1,0,0,107.903175,-172.2888,138.92558,-0.01674219,-0.006357825,0.020591859,15.079014,15.129167,2,-1,0,0.9904875,1
18,19,1,0,0,-104.855995,421.56482,64.58961,-0.0043556793,0.012686129,0.017216764,3.000861,2.968889,2,-1,0,0.55278957,1
18,27,1,1,0,107.903175,-172.2888,138.92558,-0.01674219,-0.006357825,0.020591859,15.724063,15.390278,2,8,1,0.98067653,1
18,19,1,0,0,-104.855995,421.56482,64.58961,-0.0043556793,0.012686129,0.017216764,5.7338405,3.6980555,2,-1,0,0.8676004,1
18,19,1,1,0,-104.855995,421.56482,64.58961,-0.0043556793,0.012686129,0.017216764,6.999361,6.9830556,2,9,1,0.96283066,1
18,19,1,0,0,-104.855995,421.56482,64.58961,-0.0043556793,0.012686129,0.017216764,5.4924445,5.502222,2,-1,0,0.9656438,1
18,8,1,1,0,-107.92956,48.974186,450.78006,-0.030571004,-0.0027679433,0.007978028,27.575222,10.368333,2,10,1,0.9998753,1
18,12,1,1,0,-131.62437,358.06555,84.16162,0.01584581,-0.00090357236,-0.014241102,15.895742,15.842778,2,11,1,0.9901112,1
18,12,1,0,0,-131.62437,358.06555,84.16162,0.01584581,-0.00090357236,-0.014241102,6.48959,6.438611,2,-1,0,0.9822381,1
18,3,1,1,0,-137.71843,211.21935,401.46365,-0.0356713,-0.012764934,-0.0067068716,30.777521,30.378334,2,12,1,0.99991,1
18,37,1,0,0,-92.76828,-72.37837,75.0206,-0.039436966,-0.0032808015,-0.028857894,10.073507,9.869166,2,-1,0,0.98293024,1
18,29,0,0,0,0.0,0.0,0.0,0.0,0.0,0.0,2.7851112,2.7916667,2,-1,0,0.7622231,1
18,26,1,0,0,207.7392,588.5453,137.42429,-0.027093418,-0.0142174885,-0.0053903507,8.943069,8.796667,2,-1,0,0.9814088,1
18,37,1,0,0,-92.76828,-72.37837,75.0206,-0.039436966,-0.0032808015,-0.028857894,17.78834,17.649445,2,-1,0,0.9313511,1
18,37,1,0,0,-92.76828,-72.37837,75.0206,-0.039436966,-0.0032808015,-0.028857894,2.4499373,2.4916666,2,-1,0,0.91247916,1
18,34,1,1,0,-168.72343,139.89963,57.28585,0.0099981725,-0.00028115252,-0.010771346,15.2526865,15.239445,2,13,1,0.9960777,1
18,3,1,0,0,-137.71843,211.21935,401.46365,-0.0356713,-0.012764934,-0.0067068716,3.4538195,3.5280557,2,-1,0,0.7914609,1
18,34,1,0,0,-168.72343,139.89963,57.28585,0.0099981725,-0.00028115252,-0.010771346,3.2053053,3.2544444,2,-1,0,0.9023896,1
18,14,1,1,0,187.33484,-593.58044,388.38168,0.0035234937,-0.010086831,0.0070300745,7.412042,4.520278,2,14,1,0.99686676,1
18,14,1,0,0,187.33484,-593.58044,388.38168,0.0035234937,-0.010086831,0.0070300745,4.136597,4.1241665,2,-1,0,0.9336423,1
18,10,1,1,0,-193.3828,109.05048,270.19406,-8.812066e-05,-0.0011796621,-0.00327783,3.5948334,3.4997222,2,15,1,0.88076836,1
18,39,1,1,0,-193.27022,-566.4871,418.9051,-0.02744012,-0.0014656826,0.018356703,22.52355,22.363611,2,16,1,0.8875878,1
18,26,1,0,0,207.7392,588.5453,137.42429,-0.027093418,-0.0142174885,-0.0053903507,4.23984,4.213333,2,-1,0,0.9894344,1
18,18,1,1,0,-203.83449,-580.5979,96.55094,0.022676563,-0.004447608,0.0018265444,16.081417,16.1375,2,17,1,0.9952893,1
18,26,1,1,0,207.7392,588.5453,137.42429,-0.027093418,-0.0142174885,-0.0053903507,20.357819,19.860834,2,18,1,0.9914767,1
18,29,1,1,0,209.71147,45.44973,91.08557,0.0012146897,0.01166797,0.00096856005,13.1735,13.267222,2,19,1,0.9876653,1
18,39,1,0,0,-193.27022,-566.4871,418.9051,-0.02744012,-0.0014656826,0.018356703,5.0577574,5.0480556,2,-1,0,0.9987576,1
18,2,1,1,0,213.36226,204.23225,21.799133,0.0043241237,0.02543237,0.018059187,20.311522,19.197222,2,20,1,0.99432796,1
18,13,1,1,0,-253.4803,-439.0046,145.02763,-0.00632169,-0.018797755,-0.0014731501,10.823723,10.903055,2,21,1,0.9820855,1
18,35,1,1,0,235.6302,531.83826,276.60168,-0.011677395,-7.886792e-05,0.030528814,32.08498,32.1475,2,22,1,0.9946814,1
18,35,1,0,0,235.6302,531.83826,276.60168,-0.011677395,-7.886792e-05,0.030528814,3.694472,3.4761112,2,-1,0,0.98916924,1
18,2,1,0,0,213.36226,204.23225,21.799133,0.0043241237,0.02543237,0.018059187,8.981472,8.923333,2,-1,0,0.9974598,1
18,13,1,0,0,-253.4803,-439.0046,145.02763,-0.00632169,-0.018797755,-0.0014731501,6.9381804,6.900833,2,-1,0,0.97949094,1
18,28,1,1,0,-263.32364,105.200005,224.74469,-0.008049344,-0.0001159408,-0.016557133,18.192472,15.789444,2,23,1,0.97977877,1
18,18,0,0,0,0.0,0.0,0.0,0.0,0.0,0.0,2.9970763,2.978611,2,-1,0,0.78108823,1
18,22,1,1,0,-273.25253,302.2451,401.8342,-0.014943011,0.028881505,-0.024007576,31.494972,31.037222,2,24,1,0.99364316,1
18,9,1,1,0,-274.74298,261.11206,245.06941,0.010487653,-0.0016743622,-0.00025399492,10.594812,10.643888,2,25,1,0.95761645,1
18,7,1,1,0,272.4936,-486.96652,187.19836,-0.001356041,0.01183274,-0.013191826,12.602194,12.5425,2,26,1,0.95536184,1
18,7,1,0,0,272.4936,-486.96652,187.19836,-0.001356041,0.01183274,-0.013191826,5.270639,1.8638889,2,-1,0,0.9552808,1
18,4,1,0,0,305.23105,27.803492,299.19446,-0.014117808,0.027899185,0.017376745,4.61491,4.575278,2,-1,0,0.9795926,1
18,4,1,1,0,305.23105,27.803492,299.19446,-0.014117808,0.027899185,0.017376745,28.955492,29.153334,2,27,1,0.96504617,1
18,1,1,1,0,305.15225,-553.54926,244.09541,0.016196508,0.013029788,0.0123992385,14.837569,14.735833,2,28,1,0.9876183,1
18,30,1,1,0,307.8473,546.0985,93.519875,-0.002776804,0.0024386058,0.010960709,11.256424,11.2711115,2,29,1,0.9602819,1
18,5,1,1,0,-308.06152,-533.04877,420.12543,-0.010325426,-0.0035533472,0.001248184,10.4123125,10.439167,2,30,1,0.9738337,1
18,15,1,1,0,-313.6718,-437.48965,417.28278,0.012622105,-0.007098662,-0.012492078,9.096111,9.070833,2,31,1,0.978225,1
18,15,1,0,0,-313.6718,-437.48965,417.28278,0.012622105,-0.007098662,-0.012492078,8.84775,8.780556,2,-1,0,0.982488,1
18,32,1,1,0,314.9349,129.11229,43.674156,0.013019447,-0.005169462,0.015276541,20.596869,17.010555,2,32,1,0.9982835,1
18,1,1,0,0,305.15225,-553.54926,244.09541,0.016196508,0.013029788,0.0123992385,3.1098611,3.0677779,2,-1,0,0.87355226,1
18,40,1,1,0,-325.54202,-483.35107,146.52538,0.013423519,-0.011485064,-0.016714396,16.975285,17.065277,2,33,1,0.9626964,1
18,32,1,0,0,314.9349,129.11229,43.674156,0.013019447,-0.005169462,0.015276541,4.2144027,4.253611,2,-1,0,0.9728663,1
18,21,1,1,0,-349.16522,194.80841,212.1439,0.025363661,-0.0023690918,-0.0065995916,24.594175,22.343056,2,34,1,0.99999523,1
18,21,1,0,0,-349.16522,194.80841,212.1439,0.025363661,-0.0023690918,-0.0065995916,3.5585208,3.518889,2,-1,0,0.81906897,1
18,11,1,0,0,352.2498,527.4272,364.04434,-0.00964865,0.003211021,-0.054384857,6.640055,6.619167,2,-1,0,0.96739745,1
18,11,1,1,0,352.2498,527.4272,364.04434,-0.00964865,0.003211021,-0.054384857,22.447067,20.578888,2,35,1,0.9996542,1
18,11,1,0,0,352.2498,527.4272,364.04434,-0.00964865,0.003211021,-0.054384857,4.989215,5.0333333,2,-1,0,0.96897084,1
18,11,1,0,0,352.2498,527.4272,364.04434,-0.00964865,0.003211021,-0.054384857,7.5178266,7.518611,2,-1,0,0.9703169,1
18,38,1,1,0,353.40308,289.9388,316.6711,0.023171976,-0.006457598,0.009818142,12.158778,12.032222,2,36,1,0.98112893,1
18,38,1,0,0,353.40308,289.9388,316.6711,0.023171976,-0.006457598,0.009818142,4.052875,4.0369444,2,-1,0,0.9624229,1
18,16,1,1,0,356.0354,-120.89129,391.43234,-0.002655954,0.0058461884,0.020166684,18.806246,18.876112,2,-1,1,0.98932064,1
18,33,1,1,0,-360.65805,33.065807,19.829031,-0.03249437,0.0050771236,-0.0013324145,5.5121665,5.481111,2,-1,1,0.9764445,1
19,12,1,1,0,20.788153,-208.6072,336.68832,0.0073440177,-0.022494983,-0.012905685,33.259525,30.629444,2,0,1,0.9979367,1
19,19,1,1,0,-20.836588,451.31073,0.30548787,-0.014404888,0.0028070922,0.00043284413,8.230124,8.197778,2,1,1,0.994418,1
19,19,1,0,0,-20.836588,451.31073,0.30548787,-0.014404888,0.0028070922,0.00043284413,4.527618,4.5730557,2,-1,0,0.9917636,1
19,27,1,1,0,-35.81815,159.17114,395.31152,-0.018991863,-0.007665759,0.02305073,33.38315,31.745832,2,2,1,0.97573197,1
19,30,1,1,0,-55.71692,-109.581085,13.309644,-0.02217715,0.0043122033,0.028689248,27.322216,27.255,2,3,1,0.99998736,1
19,30,1,0,0,-55.71692,-109.581085,13.309644,-0.02217715,0.0043122033,0.028689248,13.557702,13.3955555,2,-1,0,0.9963147,1
19,30,1,0,0,-55.71692,-109.581085,13.309644,-0.02217715,0.0043122033,0.028689248,2.692278,2.7358334,2,-1,0,0.59986347,1
19,8,1,1,0,73.34851,-582.8666,400.88162,-0.0031315712,-0.0023808493,0.005796591,9.550249,9.422222,2,4,1,0.98727036,1
19,6,0,0,0,0.0,0.0,0.0,0.0,0.0,0.0,2.9671874,2.8047223,2,-1,0,0.5102766,1
19,39,1,0,0,166.30193,476.08398,242.32741,-0.0041367975,-0.014561619,0.0021984156,5.488854,5.6455555,2,-1,0,0.9496968,1
19,13,1,1,0,101.5536,-367.55618,152.3257,0.0027263395,-0.030096175,0.012820241,26.78536,23.779444,2,5,1,0.99884784,1
19,13,1,0,0,101.5536,-367.55618,152.3257,0.0027263395,-0.030096175,0.012820241,2.6426735,2.6644444,2,-1,0,0.86149895,1
19,13,1,0,0,101.5536,-367.55618,152.3257,0.0027263395,-0.030096175,0.012820241,9.014819,9.163889,2,-1,0,0.9871536,1
19,38,1,0,0,-151.26459,46.512184,28.205383,0.005084389,0.0023025991,0.006777252,5.6173882,5.634444,2,-1,0,0.985209,1
19,7,1,1,0,-149.13309,-62.62206,257.47495,-0.022246934,-0.022459578,-0.0002758254,29.081875,28.991945,2,6,1,0.9939247,1
19,38,1,1,0,-151.26459,46.512184,28.205383,0.005084389,0.0023025991,0.006777252,8.921431,8.773056,2,7,1,0.9819578,1
19,9,1,1,0,-160.1791,310.26672,275.794,0.011509406,0.0076702405,-0.015487113,21.511576,21.473333,2,8,1,0.998926,1
19,32,1,0,0,-170.13843,-594.5194,163.52634,-0.0049002166,0.024688737,0.021107463,5.8032637,5.765,2,-1,0,0.9861653,1
19,9,1,0,0,-160.1791,310.26672,275.794,0.011509406,0.0076702405,-0.015487113,6.3950276,6.3869443,2,-1,0,0.991723,1
19,39,1,1,0,166.30193,476.08398,242.32741,-0.0041367975,-0.014561619,0.0021984156,16.873999,17.0675,2,9,1,0.9999856,1
19,32,1,1,0,-170.13843,-594.5194,163.52634,-0.0049002166,0.024688737,0.021107463,17.058159,17.249445,2,10,1,0.94528717,1
19,16,1,1,0,-168.41713,207.24284,258.273,-0.0023006524,0.003968557,0.0076390635,6.9022503,7.0005555,2,11,1,0.9834359,1
19,32,1,0,0,-170.13843,-594.5194,163.52634,-0.0049002166,0.024688737,0.021107463,14.008188,7.7319446,2,-1,0,0.9994234,1
19,18,1,0,0,189.03871,462.2983,275.70392,-0.013393248,0.01523186,0.03502288,4.347361,4.288611,2,-1,0,0.98960435,1
19,23,1,0,0,187.13525,-276.3713,280.82715,-0.019504942,0.014727789,0.025161108,6.5656805,6.096667,2,-1,0,0.9343355,1
19,23,1,1,0,187.13525,-276.3713,280.82715,-0.019504942,0.014727789,0.025161108,29.219145,28.98639,2,12,1,0.9996251,1
19,18,1,1,0,189.03871,462.2983,275.70392,-0.013393248,0.01523186,0.03502288,33.101585,32.941113,2,13,1,0.99999356,1
19,18,1,0,0,189.03871,462.2983,275.70392,-0.013393248,0.01523186,0.03502288,2.9152915,2.9172223,2,-1,0,0.9051503,1
19,15,1,1,0,198.993,-189.2277,176.03444,-0.008601291,0.03698919,-0.009756573,33.448734,31.090279,2,14,1,0.93815714,1
19,15,1,0,0,198.993,-189.2277,176.03444,-0.008601291,0.03698919,-0.009756573,5.469896,5.3941665,2,-1,0,0.9810889,1
19,4,1,0,0,-203.14569,123.3905,201.94322,-0.016495548,-0.010089889,-0.027424183,3.1443403,3.1855555,2,-1,0,0.8875281,1
19,4,1,1,0,-203.14569,123.3905,201.94322,-0.016495548,-0.010089889,-0.027424183,18.014936,16.910555,2,15,1,0.93670416,1
19,20,1,1,0,-206.01445,-305.82974,337.70538,-0.020506639,0.020679101,0.015229112,25.74652,23.62861,2,16,1,0.997393,1
19,20,1,0,0,-206.01445,-305.82974,337.70538,-0.020506639,0.020679101,0.015229112,5.506674,5.513889,2,-1,0,0.9895399,1
19,14,1,1,0,216.32816,358.98346,42.131313,-0.0111888,-0.008432971,0.010828372,17.141048,16.070278,2,17,1,0.9915047,1
19,20,1,0,0,-206.01445,-305.82974,337.70538,-0.020506639,0.020679101,0.015229112,4.8535485,4.6161113,2,-1,0,0.953853,1
19,11,1,0,0,258.98972,519.08075,353.71008,0.013517336,-0.011588519,-0.010399792,3.0908542,3.1383333,2,-1,0,0.5650122,1
19,35,1,1,0,-225.41296,-540.4106,2.5234873,-0.015261714,-0.0150310295,-0.0137474155,8.704034,7.256111,2,18,1,0.9845071,1
19,35,1,0,0,-225.41296,-540.4106,2.5234873,-0.015261714,-0.0150310295,-0.0137474155,4.5807085,4.528611,2,-1,0,0.9632789,1
19,6,1,1,0,-243.87146,-5.0473876,138.73463,0.0066453707,0.004825362,0.0077472255,4.029097,4.0669446,2,19,1,0.9593834,1
19,5,1,1,0,-237.3941,-317.53442,59.15458,0.0066982456,0.025632715,0.013567699,31.22088,31.331667,2,20,1,0.9988398,1
19,24,1,1,0,-238.57109,-379.5979,50.484894,-0.029172542,0.024792582,-0.0003456834,32.071514,19.346111,2,21,1,0.97838575,1
19,6,0,0,0,0.0,0.0,0.0,0.0,0.0,0.0,6.6605625,-1.0,2,-1,0,0.9698398,1
19,10,1,0,0,266.60867,383.85876,437.36118,-0.021947514,0.015626231,-0.007674357,4.3733406,4.365556,2,-1,0,0.9865124,1
19,31,1,0,0,-277.34076,277.46875,219.26591,0.016630316,0.003931635,0.02005735,4.7082086,4.713333,2,-1,0,0.9683409,1
19,33,1,0,0,-255.29318,372.744,344.81308,0.012021324,0.007133777,0.035816062,7.114028,6.9358335,2,-1,0,0.99880683,1
19,33,1,1,0,-255.29318,372.744,344.81308,0.012021324,0.007133777,0.035816062,28.06201,27.331667,2,22,1,0.99657613,1
19,28,1,0,0,261.13202,-544.66864,334.3502,0.013020305,0.0033593986,0.004622427,4.706569,4.653333,2,-1,0,0.9866828,1
19,10,1,1,0,266.60867,383.85876,437.36118,-0.021947514,0.015626231,-0.007674357,24.753185,20.787222,2,23,1,0.9881207,1
19,28,1,1,0,261.13202,-544.66864,334.3502,0.013020305,0.0033593986,0.004622427,14.695139,14.842778,2,24,1,0.9942708,1
19,11,1,1,0,262.88126,551.9013,317.08234,0.013517336,-0.011588519,-0.010399792,11.02325,11.0419445,2,25,1,0.9953601,1
19,11,1,0,0,262.88126,551.9013,317.08234,0.013517336,-0.011588519,-0.010399792,7.730188,7.7991667,2,-1,0,0.95050204,1
19,2,0,0,0,0.0,0.0,0.0,0.0,0.0,0.0,12.723244,-1.0,2,-1,0,0.9985482,1
19,2,0,0,0,0.0,0.0,0.0,0.0,0.0,0.0,3.5924306,-1.0,2,-1,0,0.8344276,1
19,29,0,0,0,0.0,0.0,0.0,0.0,0.0,0.0,19.949293,-1.0,2,-1,0,0.9011106,1
19,29,0,0,0,0.0,0.0,0.0,0.0,0.0,0.0,5.623729,-1.0,2,-1,0,0.97886616,1
19,31,1,1,0,-277.34076,277.46875,219.26591,0.016630316,0.003931635,0.02005735,20.169472,20.044445,2,26,1,0.999705,1
19,4,1,0,0,-203.14569,123.3905,201.94322,-0.016495548,-0.010089889,-0.027424183,13.327541,13.379444,2,-1,0,0.9601957,1
19,21,1,1,0,278.94147,8.741756,119.49595,-0.009927438,-0.0015273651,0.022901991,20.261206,20.1575,2,27,1,0.9855562,1
19,40,1,1,0,-283.8672,37.713654,69.99854,0.011964878,-0.016044071,0.006249323,20.698984,20.410278,2,28,1,0.9837647,1
19,21,1,0,0,278.94147,8.741756,119.49595,-0.009927438,-0.0015273651,0.022901991,3.4950418,3.6394444,2,-1,0,0.92709124,1
19,36,1,1,0,-281.483,-75.19696,18.597843,-0.000100675694,-2.2941387e-05,0.035439905,23.833723,23.998611,2,29,1,0.9997093,1
19,36,1,0,0,-281.483,-75.19696,18.597843,-0.000100675694,-2.2941387e-05,0.035439905,11.54627,11.465278,2,-1,0,0.9959254,1
19,17,1,1,0,291.1405,555.00885,117.24165,-0.01129437,0.005300874,-0.003464643,11.400486,11.455,2,30,1,0.992539,1
19,34,0,0,0,0.0,0.0,0.0,0.0,0.0,0.0,9.005083,-1.0,2,-1,0,0.9896998,1
19,36,1,0,0,-281.483,-75.19696,18.597843,-0.000100675694,-2.2941387e-05,0.035439905,4.4009585,4.3475,2,-1,0,0.9713628,1
19,1,1,1,0,312.30804,-278.86963,201.3624,-0.007519935,-0.014067205,-1.29955915e-05,9.952826,9.975555,2,31,1,0.98958546,1
19,22,1,1,0,307.94308,322.8667,422.59125,0.03080866,0.020811288,-0.008293486,31.323153,26.228056,2,32,1,0.9999778,1
19,1,1,0,0,312.30804,-278.86963,201.3624,-0.007519935,-0.014067205,-1.29955915e-05,5.961528,5.9594445,2,-1,0,0.97527844,1
19,17,1,0,0,291.1405,555.00885,117.24165,-0.01129437,0.005300874,-0.003464643,2.6742501,2.6444445,2,-1,0,0.7126625,1
19,25,1,1,0,335.86975,-465.7943,258.95367,0.0048219906,0.01479598,0.025808247,14.538687,14.458889,2,33,1,0.9621691,1
19,25,1,0,0,335.86975,-465.7943,258.95367,0.0048219906,0.01479598,0.025808247,13.975784,13.384167,2,-1,0,0.9860561,1
19,3,1,1,0,346.22296,167.26625,142.35117,0.00064473884,0.019712633,-0.011137581,21.164145,21.4225,2,34,1,0.9960901,1
19,37,1,1,0,-348.17795,260.75076,424.25662,-0.0009663606,0.008473099,0.01503093,14.709195,14.646944,2,35,1,0.9792022,1
19,26,0,0,0,0.0,0.0,0.0,0.0,0.0,0.0,5.9812293,-1.0,2,-1,0,0.97399193,1
19,26,1,1,0,362.40417,-580.5235,288.3781,-0.001499407,0.015416853,-0.008284811,17.49575,17.455833,2,36,1,0.9902,1
19,40,1,0,0,-294.92535,196.9855,341.08377,0.011964878,-0.016044071,0.006249323,2.8715348,3.0055556,2,-1,0,0.8323723,1
