file_index,event,is_marley,is_main_track,is_es_interaction,pos_x,pos_y,pos_z,momentum_x,momentum_y,momentum_z,cluster_energy,particle_energy,plane_id,match_id,true_label,prediction_prob,predicted_label
0,4,0,0,0,0.0,0.0,0.0,0.0,0.0,0.0,2.296736,2.266389,2,-1,0,0.10308794,0
0,11,0,0,0,0.0,0.0,0.0,0.0,0.0,0.0,2.5998957,2.4955556,2,-1,0,0.12930965,0
0,22,0,0,0,0.0,0.0,0.0,0.0,0.0,0.0,2.544611,2.4833333,2,-1,0,0.11029781,0
0,31,0,0,0,0.0,0.0,0.0,0.0,0.0,0.0,2.6595554,2.733611,2,-1,0,0.15026896,0
0,26,0,0,0,0.0,0.0,0.0,0.0,0.0,0.0,1.9787916,2.016389,2,-1,0,0.088138066,0
0,20,0,0,0,0.0,0.0,0.0,0.0,0.0,0.0,2.1505833,2.1452777,2,-1,0,0.055665467,0
0,35,0,0,0,0.0,0.0,0.0,0.0,0.0,0.0,2.4511597,2.4377778,2,-1,0,0.25158754,0
0,39,1,1,1,24.947477,-537.0906,237.54236,-0.0057738353,0.004235292,0.005120664,9.2895975,9.192778,2,0,1,0.99367887,1
0,34,0,0,0,0.0,0.0,0.0,0.0,0.0,0.0,1.9543542,2.0033333,2,-1,0,0.06244255,0
0,30,0,0,0,0.0,0.0,0.0,0.0,0.0,0.0,2.2605693,2.2447221,2,-1,0,0.061680607,0
0,16,1,0,1,50.837093,-565.5283,301.2869,-0.014290324,0.0048699244,0.009905704,3.0782707,3.0686111,2,-1,0,0.032285165,0
0,16,1,1,1,50.837093,-565.5283,301.2869,-0.014290324,0.0048699244,0.009905704,18.736694,18.703056,2,1,1,0.9503184,1
0,7,0,0,0,0.0,0.0,0.0,0.0,0.0,0.0,2.4588404,2.4691668,2,-1,0,0.124619186,0
0,8,1,1,1,55.134624,342.6188,1.685105,-0.0034526044,0.002631184,0.0027881658,5.5865974,5.555,2,2,1,0.98891395,1
0,7,0,0,0,0.0,0.0,0.0,0.0,0.0,0.0,2.6087224,2.6019444,2,-1,0,0.13974959,0
0,25,0,0,0,0.0,0.0,0.0,0.0,0.0,0.0,2.2691944,2.1975,2,-1,0,0.069078594,0
0,12,0,0,0,0.0,0.0,0.0,0.0,0.0,0.0,2.4424794,2.5908334,2,-1,0,0.081380546,0
0,25,0,0,0,0.0,0.0,0.0,0.0,0.0,0.0,1.963361,2.0558333,2,-1,0,0.10032362,0
0,20,0,0,0,0.0,0.0,0.0,0.0,0.0,0.0,2.747986,2.6783333,2,-1,0,0.07309818,0
0,35,1,1,1,-69.20338,134.30737,23.6535,-0.0138094025,0.0052500935,0.013572952,13.583188,13.7325,2,3,1,0.9918522,1
0,33,0,0,0,0.0,0.0,0.0,0.0,0.0,0.0,2.0683334,2.1277778,2,-1,0,0.121776365,0
0,35,0,0,0,0.0,0.0,0.0,0.0,0.0,0.0,2.386104,2.4627779,2,-1,0,0.13434984,0
0,6,0,0,0,0.0,0.0,0.0,0.0,0.0,0.0,2.3385208,2.3155556,2,-1,0,0.18245247,0
0,29,1,1,1,-77.89658,39.411552,39.031475,-0.0061720377,0.00029470187,0.0030247564,7.437528,7.3933334,2,4,1,0.97994,1
0,13,0,0,0,0.0,0.0,0.0,0.0,0.0,0.0,2.1644862,2.1622221,2,-1,0,0.11157347,0
0,1,0,0,0,0.0,0.0,0.0,0.0,0.0,0.0,1.9449373,2.001111,2,-1,0,0.12579085,0
0,25,0,0,0,0.0,0.0,0.0,0.0,0.0,0.0,2.1024237,2.1369445,2,-1,0,0.10366943,0
0,11,0,0,0,0.0,0.0,0.0,0.0,0.0,0.0,2.3064444,2.3391666,2,-1,0,0.24692008,0
0,27,0,0,0,0.0,0.0,0.0,0.0,0.0,0.0,2.134375,2.106111,2,-1,0,0.09970576,0
0,34,0,0,0,0.0,0.0,0.0,0.0,0.0,0.0,2.215396,2.216389,2,-1,0,0.111854546,0
0,3,0,0,0,0.0,0.0,0.0,0.0,0.0,0.0,2.4238052,2.4288888,2,-1,0,0.20901704,0
0,2,1,1,1,-92.586945,230.24898,70.20382,-0.006602967,0.0032440643,0.0047281487,10.511979,10.173611,2,5,1,0.98456997,1
0,40,0,0,0,0.0,0.0,0.0,0.0,0.0,0.0,2.323361,2.3722222,2,-1,0,0.09535747,0
0,17,0,0,0,0.0,0.0,0.0,0.0,0.0,0.0,2.3652084,2.4094443,2,-1,0,0.16851085,0
0,17,1,1,1,-102.06815,-433.23065,363.9145,-0.0062014097,0.0027763187,0.008013609,7.743882,7.761389,2,6,1,0.9827968,1
0,38,1,1,1,-56.913292,19.608713,154.35297,-0.007639285,0.0037244519,0.0036646533,4.2400346,4.3094444,2,7,1,0.9858867,1
0,27,0,0,0,0.0,0.0,0.0,0.0,0.0,0.0,2.008,2.0763888,2,-1,0,0.06804045,0
0,17,0,0,0,0.0,0.0,0.0,0.0,0.0,0.0,2.0735834,2.0330555,2,-1,0,0.09980332,0
0,3,0,0,0,0.0,0.0,0.0,0.0,0.0,0.0,2.457847,2.4661112,2,-1,0,0.0842816,0
0,21,0,0,0,0.0,0.0,0.0,0.0,0.0,0.0,2.1713333,2.1872222,2,-1,0,0.045194864,0
0,18,0,0,0,0.0,0.0,0.0,0.0,0.0,0.0,2.2707777,2.2619445,2,-1,0,0.12095964,0
0,4,0,0,0,0.0,0.0,0.0,0.0,0.0,0.0,2.326639,2.1894445,2,-1,0,0.11142817,0
0,22,0,0,0,0.0,0.0,0.0,0.0,0.0,0.0,2.3155417,2.3916667,2,-1,0,0.1320128,0
0,25,0,0,0,0.0,0.0,0.0,0.0,0.0,0.0,2.1958196,2.2213888,2,-1,0,0.11126455,0
0,12,1,1,1,123.47901,-340.5098,306.30695,-0.0082050655,0.0026346683,0.0074197166,11.957339,11.8875,2,8,1,0.98513746,1
0,34,1,1,1,-119.84403,483.65094,365.55118,-0.0041986303,0.0026530947,0.0022134087,5.5870833,5.6833334,2,9,1,0.9872477,1
0,38,0,0,0,0.0,0.0,0.0,0.0,0.0,0.0,2.3397639,2.2691667,2,-1,0,0.09495009,0
0,20,0,0,0,0.0,0.0,0.0,0.0,0.0,0.0,2.4896252,2.5719445,2,-1,0,0.047880046,0
0,9,0,0,0,0.0,0.0,0.0,0.0,0.0,0.0,2.8294375,2.8422222,2,-1,0,0.18909876,0
0,7,0,0,0,0.0,0.0,0.0,0.0,0.0,0.0,2.0175972,2.0625,2,-1,0,0.06289147,0
0,28,0,0,0,0.0,0.0,0.0,0.0,0.0,0.0,2.1261945,2.1861112,2,-1,0,0.078216,0
0,33,1,1,1,-126.30929,-177.33623,132.52026,-0.0042449166,0.0010326199,0.00090005423,4.5832496,4.581389,2,10,1,0.96209145,1
0,25,1,1,1,129.65904,371.83572,259.22162,-0.0029131684,-0.00054334535,0.0033266603,4.521909,4.5947223,2,11,1,0.8436462,1
0,27,0,0,0,0.0,0.0,0.0,0.0,0.0,0.0,2.1093888,2.1594443,2,-1,0,0.099873975,0
0,15,1,1,1,-137.34251,-519.47504,311.1611,-0.004465759,0.002640401,0.0017674268,5.845653,5.8519444,2,12,1,0.99829787,1
0,2,0,0,0,0.0,0.0,0.0,0.0,0.0,0.0,2.07525,2.0663888,2,-1,0,0.081054136,0
0,18,0,0,0,0.0,0.0,0.0,0.0,0.0,0.0,2.8813956,2.8780556,2,-1,0,0.897478,1
0,18,1,1,1,-144.61964,-562.79376,312.90582,-0.010497303,0.0012200158,0.00840101,14.756506,14.627222,2,13,1,0.96731436,1
0,17,0,0,0,0.0,0.0,0.0,0.0,0.0,0.0,2.3885348,2.4105556,2,-1,0,0.10343223,0
0,24,1,0,1,161.45258,599.5987,443.85287,-0.014750162,0.007554707,0.011405085,2.339493,2.2794445,2,-1,0,0.13803588,0
0,19,0,0,0,0.0,0.0,0.0,0.0,0.0,0.0,2.2831526,2.403889,2,-1,0,0.14868844,0
0,24,0,0,0,0.0,0.0,0.0,0.0,0.0,0.0,2.743611,2.8216667,2,-1,0,0.048640285,0
0,14,0,0,0,0.0,0.0,0.0,0.0,0.0,0.0,2.8125072,2.7925,2,-1,0,0.5634413,1
0,24,1,1,1,161.45258,599.5987,443.85287,-0.014750162,0.007554707,0.011405085,5.4136252,5.4086113,2,14,1,0.9733638,1
0,8,0,0,0,0.0,0.0,0.0,0.0,0.0,0.0,2.1141667,2.098611,2,-1,0,0.07944027,0
0,12,0,0,0,0.0,0.0,0.0,0.0,0.0,0.0,2.196889,2.171111,2,-1,0,0.11457006,0
0,7,0,0,0,0.0,0.0,0.0,0.0,0.0,0.0,2.0310347,2.0972223,2,-1,0,0.11291679,0
0,24,0,0,0,0.0,0.0,0.0,0.0,0.0,0.0,2.3727293,2.3875,2,-1,0,0.031039815,0
0,28,1,1,1,-170.87978,512.5247,72.781525,-0.010371364,0.0020059594,0.010216045,16.248138,16.171112,2,15,1,0.9778454,1
0,35,1,0,1,-69.20338,134.30737,23.6535,-0.0138094025,0.0052500935,0.013572952,3.570139,3.4727778,2,-1,0,0.9453589,1
0,11,0,0,0,0.0,0.0,0.0,0.0,0.0,0.0,2.9079652,2.8966668,2,-1,0,0.19297664,0
0,29,0,0,0,0.0,0.0,0.0,0.0,0.0,0.0,2.2237222,2.1602778,2,-1,0,0.12432275,0
0,19,0,0,0,0.0,0.0,0.0,0.0,0.0,0.0,2.188278,2.2925,2,-1,0,0.13546942,0
0,35,0,0,0,0.0,0.0,0.0,0.0,0.0,0.0,2.3978612,2.4194446,2,-1,0,0.19567584,0
0,26,1,1,1,-179.41008,-228.38298,154.59319,-0.0020352602,-0.0002770901,0.0028751253,3.242507,3.295,2,16,1,0.89382017,1
0,32,0,0,0,0.0,0.0,0.0,0.0,0.0,0.0,2.3973958,2.4055555,2,-1,0,0.2096949,0
0,38,0,0,0,0.0,0.0,0.0,0.0,0.0,0.0,2.0390208,2.0205555,2,-1,0,0.064683385,0
0,2,0,0,0,0.0,0.0,0.0,0.0,0.0,0.0,2.0860207,2.0280557,2,-1,0,0.07250671,0
0,2,0,0,0,0.0,0.0,0.0,0.0,0.0,0.0,2.283125,2.2580554,2,-1,0,0.14796124,0
0,23,1,1,1,193.54788,99.208984,218.93005,-0.0033715277,0.00046889295,0.004098141,5.4343333,5.425833,2,17,1,0.99514896,1
0,8,0,0,0,0.0,0.0,0.0,0.0,0.0,0.0,2.2624168,2.2266667,2,-1,0,0.07623005,0
0,31,0,0,0,0.0,0.0,0.0,0.0,0.0,0.0,2.1135833,2.1497223,2,-1,0,0.08756411,0
0,4,0,0,0,0.0,0.0,0.0,0.0,0.0,0.0,2.3015692,2.2538888,2,-1,0,0.20760687,0
0,5,1,1,1,203.79051,56.25377,378.0963,-0.0065320693,-6.6467014e-06,0.0031461215,5.4825134,5.4530554,2,18,1,0.9924353,1
0,1,0,0,0,0.0,0.0,0.0,0.0,0.0,0.0,2.5827363,2.6608334,2,-1,0,0.19964083,0
0,27,1,1,1,205.20045,21.026455,28.017267,-0.004695112,-0.0006194016,0.0036168406,5.762118,5.8375,2,19,1,0.995353,1
0,17,0,0,0,0.0,0.0,0.0,0.0,0.0,0.0,2.5135417,2.4961112,2,-1,0,0.072210364,0
0,31,1,1,1,-205.02592,219.31166,320.0434,-0.0060292385,0.0019196435,0.0073291305,5.690306,5.7925,2,20,1,0.95661753,1
0,11,0,0,0,0.0,0.0,0.0,0.0,0.0,0.0,2.3808403,2.3988888,2,-1,0,0.090636514,0
0,25,0,0,0,0.0,0.0,0.0,0.0,0.0,0.0,2.2751112,2.2375,2,-1,0,0.060321182,0
0,40,1,1,1,212.63335,-176.38777,20.28401,-0.008723413,0.0035603354,0.009289652,10.903653,10.868333,2,21,1,0.984527,1
0,16,0,0,0,0.0,0.0,0.0,0.0,0.0,0.0,2.1729999,2.2397223,2,-1,0,0.074337445,0
0,6,0,0,0,0.0,0.0,0.0,0.0,0.0,0.0,1.9432986,1.9333333,2,-1,0,0.091479294,0
0,2,0,0,0,0.0,0.0,0.0,0.0,0.0,0.0,2.009861,2.0197222,2,-1,0,0.1324703,0
0,13,1,1,1,224.81174,300.6265,115.31502,-0.0026940978,0.0005373692,0.0031720025,3.7741113,3.6722221,2,22,1,0.97624946,1
0,16,0,0,0,0.0,0.0,0.0,0.0,0.0,0.0,2.207521,2.1105556,2,-1,0,0.102450386,0
0,31,0,0,0,0.0,0.0,0.0,0.0,0.0,0.0,2.792521,2.8605556,2,-1,0,0.09465657,0
0,21,0,0,0,0.0,0.0,0.0,0.0,0.0,0.0,2.0298958,2.0630555,2,-1,0,0.09854679,0
0,10,1,1,1,-243.31935,-171.72058,455.21246,-0.007954639,0.0042489767,0.005142399,10.36541,10.328611,2,23,1,0.990741,1
0,24,0,0,0,0.0,0.0,0.0,0.0,0.0,0.0,2.2520833,2.2675,2,-1,0,0.09563676,0
0,9,1,1,1,-253.21622,536.3984,268.9189,-0.004767052,4.0855997e-05,0.005558867,5.5476665,5.5725,2,24,1,0.99041593,1
0,37,0,0,0,0.0,0.0,0.0,0.0,0.0,0.0,2.3250277,2.3180556,2,-1,0,0.11538493,0
0,13,0,0,0,0.0,0.0,0.0,0.0,0.0,0.0,2.3627224,2.3955555,2,-1,0,0.09894527,0
0,9,0,0,0,0.0,0.0,0.0,0.0,0.0,0.0,2.6116667,2.6288888,2,-1,0,0.06698401,0
0,28,0,0,0,0.0,0.0,0.0,0.0,0.0,0.0,2.803111,2.8033333,2,-1,0,0.31306553,0
0,33,0,0,0,0.0,0.0,0.0,0.0,0.0,0.0,2.1194444,2.1736112,2,-1,0,0.0554724,0
0,8,0,0,0,0.0,0.0,0.0,0.0,0.0,0.0,2.1834445,2.1994445,2,-1,0,0.09917007,0
0,19,1,1,1,-267.13223,-323.1342,288.09528,-0.0058844094,0.0037687614,0.0067693284,6.4005413,6.3861113,2,25,1,0.99742234,1
0,19,1,0,1,-267.13223,-323.1342,288.09528,-0.0058844094,0.0037687614,0.0067693284,3.4130485,3.3983333,2,-1,0,0.93367547,1
0,19,0,0,0,0.0,0.0,0.0,0.0,0.0,0.0,2.1410418,2.1772223,2,-1,0,0.12659404,0
0,38,0,0,0,0.0,0.0,0.0,0.0,0.0,0.0,2.132354,2.1961112,2,-1,0,0.10839044,0
0,14,1,1,1,286.6949,114.061646,0.91840845,-0.014438853,0.0036635746,0.013246573,19.922924,20.01361,2,26,1,0.9985208,1
0,9,0,0,0,0.0,0.0,0.0,0.0,0.0,0.0,2.1039374,2.1108334,2,-1,0,0.060062822,0
0,9,0,0,0,0.0,0.0,0.0,0.0,0.0,0.0,2.4763124,2.5308332,2,-1,0,0.07700997,0
0,22,1,1,1,284.909,250.17458,112.377846,-0.014044596,0.007041875,0.010432348,19.451084,19.545279,2,27,1,0.99421,1
0,37,0,0,0,0.0,0.0,0.0,0.0,0.0,0.0,2.1629446,2.1141667,2,-1,0,0.05367377,0
0,34,0,0,0,0.0,0.0,0.0,0.0,0.0,0.0,2.4704168,2.3983333,2,-1,0,0.16633797,0
0,18,0,0,0,0.0,0.0,0.0,0.0,0.0,0.0,2.1850834,2.1627777,2,-1,0,0.07476269,0
0,15,0,0,0,0.0,0.0,0.0,0.0,0.0,0.0,2.841222,2.8625,2,-1,0,0.40201095,0
0,10,0,0,0,0.0,0.0,0.0,0.0,0.0,0.0,2.7265277,2.646111,2,-1,0,0.24027297,0
0,4,0,0,0,0.0,0.0,0.0,0.0,0.0,0.0,2.3014374,2.2633333,2,-1,0,0.10115763,0
0,16,0,0,0,0.0,0.0,0.0,0.0,0.0,0.0,2.593125,2.5544446,2,-1,0,0.45995283,0
0,24,0,0,0,0.0,0.0,0.0,0.0,0.0,0.0,2.0639446,2.1225,2,-1,0,0.082524106,0
0,37,0,0,0,0.0,0.0,0.0,0.0,0.0,0.0,2.4095278,2.4261112,2,-1,0,0.069569245,0
0,20,1,1,1,-313.8517,536.13934,57.252842,-0.003479532,-0.00065043784,0.0017692975,3.399514,3.3997223,2,28,1,0.8372503,1
0,6,1,1,1,-314.72897,20.303228,335.33554,-0.025011268,0.005551215,0.018343642,18.99316,19.024445,2,29,1,0.99340516,1
0,11,1,1,1,-316.23932,68.04179,365.02808,-0.0039767716,0.0011832467,0.005008819,5.185729,5.241389,2,30,1,0.9801383,1
0,6,1,0,1,-314.72897,20.303228,335.33554,-0.025011268,0.005551215,0.018343642,7.3680067,7.2836113,2,-1,0,0.9869164,1
0,40,0,0,0,0.0,0.0,0.0,0.0,0.0,0.0,2.5001943,2.5119445,2,-1,0,0.15351717,0
0,26,0,0,0,0.0,0.0,0.0,0.0,0.0,0.0,2.2568057,2.3233333,2,-1,0,0.099095285,0
0,17,0,0,0,0.0,0.0,0.0,0.0,0.0,0.0,3.0110834,0.1886111,2,-1,0,0.003319074,0
0,6,0,0,0,0.0,0.0,0.0,0.0,0.0,0.0,2.3764584,2.3944445,2,-1,0,0.09136922,0
0,21,0,0,0,0.0,0.0,0.0,0.0,0.0,0.0,2.1959794,2.173889,2,-1,0,0.13238642,0
0,6,0,0,0,0.0,0.0,0.0,0.0,0.0,0.0,2.114118,2.1258333,2,-1,0,0.0845205,0
0,24,0,0,0,0.0,0.0,0.0,0.0,0.0,0.0,2.3044026,2.281111,2,-1,0,0.0950861,0
0,29,0,0,0,0.0,0.0,0.0,0.0,0.0,0.0,2.3141668,2.3130555,2,-1,0,0.106889404,0
0,11,0,0,0,0.0,0.0,0.0,0.0,0.0,0.0,2.3739722,2.3144445,2,-1,0,0.10681249,0
0,21,1,1,1,-352.62616,359.04385,249.42233,-0.006716119,-0.00058394537,0.0047588306,6.7096806,6.6766667,2,-1,1,0.9678745,1
0,39,0,0,0,0.0,0.0,0.0,0.0,0.0,0.0,2.1219585,2.1233332,2,-1,0,0.089039676,0
0,37,1,1,1,361.24246,-245.47696,295.9158,-0.023642102,0.0072975317,0.015019096,25.274223,25.5575,2,31,1,0.9500315,1
0,30,1,1,1,-354.35446,-514.44464,423.06628,-0.008658418,0.0027413794,0.0034789478,8.2955,8.2497225,2,32,1,0.9835005,1
0,5,0,0,0,0.0,0.0,0.0,0.0,0.0,0.0,2.4084303,2.4666667,2,-1,0,0.09590261,0
0,6,0,0,0,0.0,0.0,0.0,0.0,0.0,0.0,2.4216251,2.3372223,2,-1,0,0.10745341,0
0,2,0,0,0,0.0,0.0,0.0,0.0,0.0,0.0,2.0578818,2.083889,2,-1,0,0.13047989,0
0,11,0,0,0,0.0,0.0,0.0,0.0,0.0,0.0,2.088889,2.1577778,2,-1,0,0.11004884,0
0,14,0,0,0,0.0,0.0,0.0,0.0,0.0,0.0,2.2930694,2.3633332,2,-1,0,0.06139789,0
0,12,0,0,0,0.0,0.0,0.0,0.0,0.0,0.0,2.1789305,2.1636112,2,-1,0,0.08403235,0
0,37,0,0,0,0.0,0.0,0.0,0.0,0.0,0.0,2.0753334,2.066111,2,-1,0,0.08475848,0
0,9,0,0,0,0.0,0.0,0.0,0.0,0.0,0.0,2.2619028,2.253611,2,-1,0,0.12065552,0
0,19,0,0,0,0.0,0.0,0.0,0.0,0.0,0.0,2.6352084,2.5133333,2,-1,0,0.12745965,0
0,12,0,0,0,0.0,0.0,0.0,0.0,0.0,0.0,2.1414583,2.2119443,2,-1,0,0.111942075,0
0,16,0,0,0,0.0,0.0,0.0,0.0,0.0,0.0,2.2886457,2.3569446,2,-1,0,0.11805539,0
0,40,0,0,0,0.0,0.0,0.0,0.0,0.0,0.0,2.6304998,2.685,2,-1,0,0.28581434,0
0,13,0,0,0,0.0,0.0,0.0,0.0,0.0,0.0,2.1934443,2.2430556,2,-1,0,0.1781452,0
0,29,0,0,0,0.0,0.0,0.0,0.0,0.0,0.0,2.6969028,2.6205556,2,-1,0,0.11264699,0
0,12,0,0,0,0.0,0.0,0.0,0.0,0.0,0.0,2.2031944,2.2125,2,-1,0,0.05982518,0
0,4,0,0,0,0.0,0.0,0.0,0.0,0.0,0.0,2.207632,2.2044444,2,-1,0,0.10037322,0
0,37,0,0,0,0.0,0.0,0.0,0.0,0.0,0.0,2.5956526,2.675,2,-1,0,0.17766216,0
0,10,0,0,0,0.0,0.0,0.0,0.0,0.0,0.0,2.064764,2.1805556,2,-1,0,0.09578173,0
0,16,0,0,0,0.0,0.0,0.0,0.0,0.0,0.0,2.4793541,2.4683332,2,-1,0,0.12178962,0
0,3,0,0,0,0.0,0.0,0.0,0.0,0.0,0.0,2.2664306,2.2094445,2,-1,0,0.1076737,0
0,4,0,0,0,0.0,0.0,0.0,0.0,0.0,0.0,2.1779444,2.1280556,2,-1,0,0.071279295,0
0,1,0,0,0,0.0,0.0,0.0,0.0,0.0,0.0,2.2046876,2.2361112,2,-1,0,0.0701122,0
0,35,0,0,0,0.0,0.0,0.0,0.0,0.0,0.0,2.4405973,2.4133334,2,-1,0,0.2398947,0
0,32,0,0,0,0.0,0.0,0.0,0.0,0.0,0.0,2.2426527,2.2477777,2,-1,0,0.10415961,0
1,12,1,1,1,11.021951,140.44958,359.14676,-0.013555571,0.0037963525,0.009515407,20.502892,20.5075,2,0,1,0.99143463,1
1,29,0,0,0,0.0,0.0,0.0,0.0,0.0,0.0,2.1543055,2.19,2,-1,0,0.063324615,0
1,26,0,0,0,0.0,0.0,0.0,0.0,0.0,0.0,2.1365554,2.1702778,2,-1,0,0.03420838,0
1,28,0,0,0,0.0,0.0,0.0,0.0,0.0,0.0,2.3986666,2.4833333,2,-1,0,0.09267206,0
1,40,1,1,1,-19.85528,-315.277,320.30127,-0.009641195,0.00400949,0.0052503985,14.069833,14.085278,2,1,1,0.9987796,1
1,20,0,0,0,0.0,0.0,0.0,0.0,0.0,0.0,2.6723473,2.6880555,2,-1,0,0.052626323,0
1,1,1,1,1,28.586105,423.65704,220.9324,-0.017830523,0.0041098823,0.012673211,16.393604,16.311945,2,2,1,0.97531873,1
1,25,0,0,0,0.0,0.0,0.0,0.0,0.0,0.0,2.7302084,2.7461112,2,-1,0,0.24505958,0
1,34,0,0,0,0.0,0.0,0.0,0.0,0.0,0.0,2.1382709,2.078889,2,-1,0,0.07023321,0
1,3,0,0,0,0.0,0.0,0.0,0.0,0.0,0.0,2.641861,2.5711112,2,-1,0,0.11564468,0
1,35,0,0,0,0.0,0.0,0.0,0.0,0.0,0.0,2.2654166,2.2630556,2,-1,0,0.123152554,0
1,1,0,0,0,0.0,0.0,0.0,0.0,0.0,0.0,2.3475626,2.271389,2,-1,0,0.1014666,0
1,8,0,0,0,0.0,0.0,0.0,0.0,0.0,0.0,2.271618,2.2677777,2,-1,0,0.10652763,0
1,17,0,0,0,0.0,0.0,0.0,0.0,0.0,0.0,2.1529167,2.2041667,2,-1,0,0.0541378,0
1,15,0,0,0,0.0,0.0,0.0,0.0,0.0,0.0,2.1464584,2.0894444,2,-1,0,0.10596752,0
1,10,0,0,0,0.0,0.0,0.0,0.0,0.0,0.0,2.041889,2.0152779,2,-1,0,0.1126382,0
1,30,0,0,0,0.0,0.0,0.0,0.0,0.0,0.0,3.7259376,3.8322222,2,-1,0,0.5792136,1
1,39,0,0,0,0.0,0.0,0.0,0.0,0.0,0.0,2.1929514,2.2886112,2,-1,0,0.056529697,0
1,3,0,0,0,0.0,0.0,0.0,0.0,0.0,0.0,2.5680835,2.5719445,2,-1,0,0.13491039,0
1,23,1,1,1,-59.589344,566.0546,263.31448,-0.007892658,0.002616233,0.0031233937,10.7502365,10.511389,2,3,1,0.9915696,1
1,26,0,0,0,0.0,0.0,0.0,0.0,0.0,0.0,2.1377778,2.1258333,2,-1,0,0.14212582,0
1,18,0,0,0,0.0,0.0,0.0,0.0,0.0,0.0,2.1203125,2.1180556,2,-1,0,0.10502736,0
1,35,1,1,1,76.1694,299.9574,33.18073,-0.014783164,0.0020006583,0.009429495,9.861305,9.896667,2,4,1,0.9954596,1
1,35,1,0,1,76.1694,299.9574,33.18073,-0.014783164,0.0020006583,0.009429495,8.682347,8.6472225,2,-1,0,0.73074424,1
1,31,0,0,0,0.0,0.0,0.0,0.0,0.0,0.0,2.0748541,2.0933332,2,-1,0,0.102374226,0
1,25,1,1,1,-74.17737,328.16263,349.36362,-0.014388547,0.0035943936,0.011094404,10.793409,10.546945,2,5,1,0.9471581,1
1,26,0,0,0,0.0,0.0,0.0,0.0,0.0,0.0,1.9740417,2.0347223,2,-1,0,0.09721525,0
1,5,0,0,0,0.0,0.0,0.0,0.0,0.0,0.0,1.9753333,2.0080554,2,-1,0,0.053976968,0
1,20,0,0,0,0.0,0.0,0.0,0.0,0.0,0.0,2.7830832,2.7386112,2,-1,0,0.56274205,1
1,21,0,0,0,0.0,0.0,0.0,0.0,0.0,0.0,2.9060278,2.9541667,2,-1,0,0.24969204,0
1,8,0,0,0,0.0,0.0,0.0,0.0,0.0,0.0,2.276396,2.251111,2,-1,0,0.06418007,0
1,24,1,1,1,99.3012,292.21426,89.57492,-0.008497087,0.00318779,0.0051102713,11.237055,11.451389,2,6,1,0.9609592,1
1,16,1,1,1,100.91822,-273.38022,393.58078,-0.0030950261,0.0028580225,0.0039958404,6.1467986,6.1516666,2,7,1,0.99443036,1
1,25,0,0,0,0.0,0.0,0.0,0.0,0.0,0.0,2.353021,2.3591666,2,-1,0,0.14639509,0
1,25,1,0,1,-74.17737,328.16263,349.36362,-0.014388547,0.0035943936,0.011094404,9.845104,10.069445,2,-1,0,0.9972178,1
1,13,1,1,1,-102.238014,-239.0521,71.103836,-0.0013162883,0.0018838053,0.002053998,2.9406874,2.8691666,2,8,1,0.46321505,0
1,39,0,0,0,0.0,0.0,0.0,0.0,0.0,0.0,2.6537914,2.6302779,2,-1,0,0.2172439,0
1,38,0,0,0,0.0,0.0,0.0,0.0,0.0,0.0,2.1289165,2.1077778,2,-1,0,0.079225875,0
1,34,1,1,1,112.943214,-452.14587,461.67407,-0.003982515,0.0027904036,0.0044729407,7.3592424,7.188889,2,9,1,0.9892018,1
1,26,0,0,0,0.0,0.0,0.0,0.0,0.0,0.0,2.4155555,2.3972223,2,-1,0,0.08286193,0
1,21,0,0,0,0.0,0.0,0.0,0.0,0.0,0.0,2.2653472,2.2833333,2,-1,0,0.12483859,0
1,18,0,0,0,0.0,0.0,0.0,0.0,0.0,0.0,2.5482638,2.5430555,2,-1,0,0.22117376,0
1,29,1,1,1,128.98709,-493.64517,137.64401,-0.012941632,0.006209237,0.009883292,18.245846,18.153055,2,10,1,0.9892019,1
1,36,0,0,0,0.0,0.0,0.0,0.0,0.0,0.0,2.20625,2.2194445,2,-1,0,0.1884184,0
1,19,0,0,0,0.0,0.0,0.0,0.0,0.0,0.0,2.431,2.4136112,2,-1,0,0.22577946,0
1,19,1,1,1,-140.4411,156.79886,135.00887,-0.016548155,0.0072551877,0.014689023,22.55432,22.665833,2,11,1,0.99113303,1
1,38,0,0,0,0.0,0.0,0.0,0.0,0.0,0.0,2.2587361,2.3105555,2,-1,0,0.05576982,0
1,6,0,0,0,0.0,0.0,0.0,0.0,0.0,0.0,2.3237777,2.3055556,2,-1,0,0.067406006,0
1,11,0,0,0,0.0,0.0,0.0,0.0,0.0,0.0,2.1455,2.1180556,2,-1,0,0.09315373,0
1,38,0,0,0,0.0,0.0,0.0,0.0,0.0,0.0,2.1347222,2.1436112,2,-1,0,0.099025026,0
1,6,0,0,0,0.0,0.0,0.0,0.0,0.0,0.0,2.1815417,2.1322222,2,-1,0,0.098080084,0
1,10,0,0,0,0.0,0.0,0.0,0.0,0.0,0.0,2.5979373,2.5377777,2,-1,0,0.5638697,1
1,9,1,1,1,-162.8484,-499.17606,271.30246,-0.005929816,0.0012436187,0.0026180225,7.0858335,7.1469445,2,12,1,0.97282344,1
1,40,0,0,0,0.0,0.0,0.0,0.0,0.0,0.0,2.4251459,2.3819444,2,-1,0,0.108078636,0
1,6,1,1,1,168.29178,368.668,174.07324,-0.006757819,-0.00031108476,0.0044359397,8.537812,8.596945,2,13,1,0.9797418,1
1,10,1,1,1,172.32503,-80.67031,7.7281876,-0.012170408,0.004784206,0.010130382,15.121952,15.034445,2,14,1,0.9962141,1
1,31,1,1,1,-171.42833,335.29007,109.67558,-0.0015974327,0.0016134218,0.002669862,3.460611,3.348611,2,-1,1,0.68327683,1
1,15,0,0,0,0.0,0.0,0.0,0.0,0.0,0.0,2.3475833,2.3675,2,-1,0,0.08647105,0
1,23,0,0,0,0.0,0.0,0.0,0.0,0.0,0.0,2.4017987,2.4116666,2,-1,0,0.10063239,0
1,30,1,1,1,183.75604,113.17036,258.36383,-0.010075036,0.0019625903,0.0073730764,13.781708,13.808611,2,15,1,0.9974262,1
1,22,1,1,1,182.62369,536.0522,143.93132,-0.007669885,0.004074603,0.004797764,9.842001,9.760555,2,16,1,0.9462153,1
1,10,0,0,0,0.0,0.0,0.0,0.0,0.0,0.0,2.2826457,2.3488889,2,-1,0,0.15643032,0
1,40,0,0,0,0.0,0.0,0.0,0.0,0.0,0.0,2.1267083,2.1358333,2,-1,0,0.09873652,0
1,5,1,1,1,193.67776,183.1719,190.20256,-0.005724663,0.0025061248,0.003247975,5.8096733,5.706389,2,17,1,0.9752856,1
1,32,1,1,1,-196.9605,-352.1426,213.82661,-0.011296304,0.0057463893,0.008462301,13.70391,13.898889,2,18,1,0.9661678,1
1,32,1,0,1,-196.9605,-352.1426,213.82661,-0.011296304,0.0057463893,0.008462301,2.2112012,2.2761111,2,-1,0,0.041081637,0
1,16,0,0,0,0.0,0.0,0.0,0.0,0.0,0.0,2.3836112,2.38,2,-1,0,0.17661206,0
1,16,0,0,0,0.0,0.0,0.0,0.0,0.0,0.0,2.386486,2.3394444,2,-1,0,0.16864167,0
1,33,0,0,0,0.0,0.0,0.0,0.0,0.0,0.0,2.3975694,2.4458334,2,-1,0,0.046110984,0
1,2,1,1,1,-205.97836,240.75363,11.911872,-0.0049395594,0.0026265022,0.0027276247,6.0647364,6.121111,2,19,1,0.96490973,1
1,28,0,0,0,0.0,0.0,0.0,0.0,0.0,0.0,2.1233542,2.093611,2,-1,0,0.09784017,0
1,20,0,0,0,0.0,0.0,0.0,0.0,0.0,0.0,2.6775,2.5402777,2,-1,0,0.11180793,0
1,37,1,1,1,-225.27876,391.66705,360.27417,-0.006271282,0.0019799543,0.0041889357,8.012438,8.048333,2,20,1,0.99008244,1
1,21,1,1,1,235.7778,389.10568,324.82346,-0.003875814,-0.00016154336,0.0022831028,4.2350903,4.1266665,2,21,1,0.9662443,1
1,29,0,0,0,0.0,0.0,0.0,0.0,0.0,0.0,2.0152502,2.06,2,-1,0,0.10473194,0
1,8,1,1,1,242.57318,26.458101,164.69315,-0.0059211254,-5.762447e-05,0.0045090704,7.3156185,7.385,2,22,1,0.9807823,1
1,14,0,0,0,0.0,0.0,0.0,0.0,0.0,0.0,2.3959305,2.346111,2,-1,0,0.15982434,0
1,8,0,0,0,0.0,0.0,0.0,0.0,0.0,0.0,2.4058752,2.4,2,-1,0,0.22487776,0
1,27,0,0,0,0.0,0.0,0.0,0.0,0.0,0.0,2.380528,2.2630556,2,-1,0,0.078927636,0
1,35,0,0,0,0.0,0.0,0.0,0.0,0.0,0.0,2.5742428,2.4677777,2,-1,0,0.10990228,0
1,13,0,0,0,0.0,0.0,0.0,0.0,0.0,0.0,2.3296387,2.2586112,2,-1,0,0.1090321,0
1,11,1,1,1,-261.70895,340.30557,229.06831,-0.002437453,-0.0009092419,0.0016542883,2.8927083,2.8238888,2,23,1,0.20618553,0
1,1,0,0,0,0.0,0.0,0.0,0.0,0.0,0.0,2.1767292,2.2130556,2,-1,0,0.048941344,0
1,20,0,0,0,0.0,0.0,0.0,0.0,0.0,0.0,2.3253748,2.2275,2,-1,0,0.07691693,0
1,27,0,0,0,0.0,0.0,0.0,0.0,0.0,0.0,2.1015553,2.0522223,2,-1,0,0.111178495,0
1,34,0,0,0,0.0,0.0,0.0,0.0,0.0,0.0,1.9863889,1.9677777,2,-1,0,0.08980696,0
1,17,1,1,1,272.8834,539.69366,104.56906,-0.012795285,0.005908143,0.011881762,14.96416,14.873889,2,24,1,0.9945675,1
1,8,0,0,0,0.0,0.0,0.0,0.0,0.0,0.0,2.1546319,2.143889,2,-1,0,0.08384848,0
1,28,1,1,1,272.99097,-498.1085,279.41434,-0.0066735195,0.003947417,0.0074173473,10.829361,10.766111,2,25,1,0.99491924,1
1,36,0,0,0,0.0,0.0,0.0,0.0,0.0,0.0,2.3707917,2.0919445,2,-1,0,0.039970275,0
1,14,0,0,0,0.0,0.0,0.0,0.0,0.0,0.0,2.0142293,2.0358334,2,-1,0,0.09033027,0
1,15,0,0,0,0.0,0.0,0.0,0.0,0.0,0.0,2.2190416,2.1636112,2,-1,0,0.11177883,0
1,15,1,1,1,280.28857,-343.81033,136.62175,-0.008165763,0.004703298,0.0061364667,3.857861,3.8755555,2,26,1,0.94171387,1
1,4,1,1,1,283.19724,-210.15538,226.92094,-0.012096131,0.0007448272,0.009425744,16.005821,16.018055,2,27,1,0.97578317,1
1,40,0,0,0,0.0,0.0,0.0,0.0,0.0,0.0,2.4342918,2.3305554,2,-1,0,0.10948199,0
1,3,0,0,0,0.0,0.0,0.0,0.0,0.0,0.0,2.4334583,2.425,2,-1,0,0.12547328,0
1,3,0,0,0,0.0,0.0,0.0,0.0,0.0,0.0,2.2361388,2.1608334,2,-1,0,0.13087474,0
1,27,0,0,0,0.0,0.0,0.0,0.0,0.0,0.0,2.1040833,2.1566668,2,-1,0,0.07656301,0
1,2,0,0,0,0.0,0.0,0.0,0.0,0.0,0.0,2.3162708,2.2505555,2,-1,0,0.1881553,0
1,16,0,0,0,0.0,0.0,0.0,0.0,0.0,0.0,2.22525,2.2258334,2,-1,0,0.02822489,0
1,18,1,1,1,-292.1892,413.5904,29.52399,-0.010516059,0.004321621,0.010720386,7.337632,7.365556,2,28,1,0.996564,1
1,37,0,0,0,0.0,0.0,0.0,0.0,0.0,0.0,2.2549028,2.2172222,2,-1,0,0.10367744,0
1,27,1,1,1,311.08722,-310.34265,41.5758,-0.013624619,0.0016654005,0.012147955,16.036785,16.223333,2,29,1,0.9354076,1
1,22,0,0,0,0.0,0.0,0.0,0.0,0.0,0.0,2.3461525,2.4066668,2,-1,0,0.090051845,0
1,33,1,1,1,317.8434,431.98462,211.0008,-0.0061910343,0.0037509464,0.0037957728,7.6075554,7.6419444,2,30,1,0.97809863,1
1,18,1,0,1,-292.1892,413.5904,29.52399,-0.010516059,0.004321621,0.010720386,2.9113123,2.9083333,2,-1,0,0.33451557,0
1,14,0,0,0,0.0,0.0,0.0,0.0,0.0,0.0,2.2336805,2.133889,2,-1,0,0.14136755,0
1,9,0,0,0,0.0,0.0,0.0,0.0,0.0,0.0,2.1165833,2.1033332,2,-1,0,0.13238408,0
1,1,0,0,0,0.0,0.0,0.0,0.0,0.0,0.0,2.145,2.185,2,-1,0,0.12150272,0
1,6,0,0,0,0.0,0.0,0.0,0.0,0.0,0.0,2.2151735,2.2519445,2,-1,0,0.16447434,0
1,16,0,0,0,0.0,0.0,0.0,0.0,0.0,0.0,2.0610557,2.0027778,2,-1,0,0.06240114,0
1,24,0,0,0,0.0,0.0,0.0,0.0,0.0,0.0,2.6663053,2.6466668,2,-1,0,0.37528965,0
1,13,0,0,0,0.0,0.0,0.0,0.0,0.0,0.0,2.454236,2.5169444,2,-1,0,0.11308335,0
1,40,0,0,0,0.0,0.0,0.0,0.0,0.0,0.0,2.7220833,2.7930555,2,-1,0,0.23248602,0
1,18,0,0,0,0.0,0.0,0.0,0.0,0.0,0.0,2.2903333,2.2583334,2,-1,0,0.07015082,0
1,32,0,0,0,0.0,0.0,0.0,0.0,0.0,0.0,1.9467361,2.0422223,2,-1,0,0.091741785,0
1,7,0,0,0,0.0,0.0,0.0,0.0,0.0,0.0,2.3880138,2.3930554,2,-1,0,0.57672054,1
1,26,1,1,1,-360.48618,325.50745,366.12515,-0.006061942,0.0019825166,0.007890964,8.600743,8.788055,2,31,1,0.9986022,1
1,13,0,0,0,0.0,0.0,0.0,0.0,0.0,0.0,2.0958195,2.0316668,2,-1,0,0.11401939,0
1,5,0,0,0,0.0,0.0,0.0,0.0,0.0,0.0,2.0603542,2.0744445,2,-1,0,0.07272123,0
1,18,0,0,0,0.0,0.0,0.0,0.0,0.0,0.0,2.0471666,2.0380557,2,-1,0,0.08527366,0
1,35,0,0,0,0.0,0.0,0.0,0.0,0.0,0.0,2.4096181,2.4247222,2,-1,0,0.101702325,0
1,4,0,0,0,0.0,0.0,0.0,0.0,0.0,0.0,2.7410555,2.7391667,2,-1,0,0.08183188,0
1,38,0,0,0,0.0,0.0,0.0,0.0,0.0,0.0,2.5477083,2.6027777,2,-1,0,0.35392365,0
1,17,0,0,0,0.0,0.0,0.0,0.0,0.0,0.0,2.2896252,2.2641666,2,-1,0,0.23623855,0
1,14,0,0,0,0.0,0.0,0.0,0.0,0.0,0.0,2.6317775,2.6133332,2,-1,0,0.0930923,0
1,33,0,0,0,0.0,0.0,0.0,0.0,0.0,0.0,1.9643403,2.026389,2,-1,0,0.088382065,0
1,32,0,0,0,0.0,0.0,0.0,0.0,0.0,0.0,2.038014,2.0233333,2,-1,0,0.08364963,0
1,4,0,0,0,0.0,0.0,0.0,0.0,0.0,0.0,2.236625,2.148611,2,-1,0,0.1411753,0
1,35,0,0,0,0.0,0.0,0.0,0.0,0.0,0.0,2.1430554,2.0719445,2,-1,0,0.105001576,0
1,39,0,0,0,0.0,0.0,0.0,0.0,0.0,0.0,2.1580904,2.1566668,2,-1,0,0.078691356,0
1,2,0,0,0,0.0,0.0,0.0,0.0,0.0,0.0,1.9219862,2.031389,2,-1,0,0.07927688,0
1,4,0,0,0,0.0,0.0,0.0,0.0,0.0,0.0,2.7111943,2.6305556,2,-1,0,0.15805255,0
1,38,0,0,0,0.0,0.0,0.0,0.0,0.0,0.0,2.2889307,2.281389,2,-1,0,0.13014773,0
1,15,0,0,0,0.0,0.0,0.0,0.0,0.0,0.0,2.1874652,2.1597223,2,-1,0,0.0665417,0
1,34,0,0,0,0.0,0.0,0.0,0.0,0.0,0.0,2.1543958,2.1944444,2,-1,0,0.1021508,0
1,29,0,0,0,0.0,0.0,0.0,0.0,0.0,0.0,2.099639,2.1444445,2,-1,0,0.08415249,0
1,34,0,0,0,0.0,0.0,0.0,0.0,0.0,0.0,2.7868333,2.781389,2,-1,0,0.263679,0
1,11,0,0,0,0.0,0.0,0.0,0.0,0.0,0.0,2.2025623,2.1136112,2,-1,0,0.062157817,0
1,22,0,0,0,0.0,0.0,0.0,0.0,0.0,0.0,2.331389,2.2102778,2,-1,0,0.056173198,0
1,3,0,0,0,0.0,0.0,0.0,0.0,0.0,0.0,2.115264,2.0516667,2,-1,0,0.058530577,0
1,27,0,0,0,0.0,0.0,0.0,0.0,0.0,0.0,2.0296252,2.0372221,2,-1,0,0.040181447,0
1,7,0,0,0,0.0,0.0,0.0,0.0,0.0,0.0,2.055,2.0091667,2,-1,0,0.07863286,0
1,20,0,0,0,0.0,0.0,0.0,0.0,0.0,0.0,2.1432986,2.1111112,2,-1,0,0.17299336,0
1,28,0,0,0,0.0,0.0,0.0,0.0,0.0,0.0,2.2418127,2.2141666,2,-1,0,0.12055689,0
2,10,1,1,1,7.9700036,391.6156,353.4415,-0.002308098,-0.0003571649,0.00093367236,2.6590555,2.6363888,2,0,1,0.11195599,0
2,21,0,0,0,0.0,0.0,0.0,0.0,0.0,0.0,1.9833126,2.0705554,2,-1,0,0.08308509,0
2,23,1,1,1,-10.075363,-235.5592,30.847782,-0.0037026273,-0.0004710018,0.0015987597,4.4280763,4.553056,2,1,1,0.97751725,1
2,37,0,0,0,0.0,0.0,0.0,0.0,0.0,0.0,2.718021,2.8055556,2,-1,0,0.2561418,0
2,16,0,0,0,0.0,0.0,0.0,0.0,0.0,0.0,2.167021,2.2386112,2,-1,0,0.10731296,0
2,2,1,1,1,-13.138613,-306.416,52.135902,-0.010635375,0.002986721,0.008589406,15.856875,16.31639,2,2,1,0.9908462,1
2,22,1,1,1,-12.967691,497.63412,378.0809,-0.026378492,0.0060701063,0.019308548,22.374466,22.4575,2,3,1,0.99392164,1
2,6,0,0,0,0.0,0.0,0.0,0.0,0.0,0.0,2.0625901,2.0222223,2,-1,0,0.07367101,0
2,1,0,0,0,0.0,0.0,0.0,0.0,0.0,0.0,2.4961596,2.4016666,2,-1,0,0.13872725,0
2,2,0,0,0,0.0,0.0,0.0,0.0,0.0,0.0,2.494764,2.5294445,2,-1,0,0.07923787,0
2,40,0,0,0,0.0,0.0,0.0,0.0,0.0,0.0,2.1894445,2.0397222,2,-1,0,0.11296707,0
2,12,0,0,0,0.0,0.0,0.0,0.0,0.0,0.0,2.0528889,2.0044444,2,-1,0,0.14969788,0
2,34,1,1,1,-22.608341,165.5801,230.96669,-0.016301055,0.0024129702,0.009502107,12.164556,12.1275,2,4,1,0.9801332,1
2,21,0,0,0,0.0,0.0,0.0,0.0,0.0,0.0,2.727167,2.7172222,2,-1,0,0.14000922,0
2,4,0,0,0,0.0,0.0,0.0,0.0,0.0,0.0,2.1447499,2.0869443,2,-1,0,0.08874186,0
2,22,1,0,1,-12.967691,497.63412,378.0809,-0.026378492,0.0060701063,0.019308548,3.301611,3.353611,2,-1,0,0.7147756,1
2,22,1,0,1,-12.967691,497.63412,378.0809,-0.026378492,0.0060701063,0.019308548,2.7938333,2.7841666,2,-1,0,0.12207868,0
2,22,1,0,1,-12.967691,497.63412,378.0809,-0.026378492,0.0060701063,0.019308548,5.869125,5.919722,2,-1,0,0.9881788,1
2,7,1,1,1,38.208824,-9.789837,123.5196,-0.008883289,0.0005837133,0.0061130123,12.82541,12.985278,2,5,1,0.9506451,1
2,24,0,0,0,0.0,0.0,0.0,0.0,0.0,0.0,2.1944444,2.1422222,2,-1,0,0.1266272,0
2,34,0,0,0,0.0,0.0,0.0,0.0,0.0,0.0,2.1886668,2.0677779,2,-1,0,0.083777405,0
2,4,0,0,0,0.0,0.0,0.0,0.0,0.0,0.0,2.2061388,2.1888888,2,-1,0,0.050305523,0
2,39,0,0,0,0.0,0.0,0.0,0.0,0.0,0.0,2.0910416,2.1033332,2,-1,0,0.07172874,0
2,7,0,0,0,0.0,0.0,0.0,0.0,0.0,0.0,2.004639,2.0586112,2,-1,0,0.09647002,0
2,22,0,0,0,0.0,0.0,0.0,0.0,0.0,0.0,2.339521,2.2833333,2,-1,0,0.094594195,0
2,14,1,1,1,-52.807518,-330.54498,445.60654,-0.027090188,0.00720411,0.020322422,27.793064,27.908611,2,6,1,0.9841539,1
2,3,0,0,0,0.0,0.0,0.0,0.0,0.0,0.0,2.3880415,2.4455554,2,-1,0,0.08832469,0
2,22,1,0,1,-12.967691,497.63412,378.0809,-0.026378492,0.0060701063,0.019308548,2.9870558,3.0394444,2,-1,0,0.27140656,0
2,14,1,0,1,-52.807518,-330.54498,445.60654,-0.027090188,0.00720411,0.020322422,6.509722,6.7530556,2,-1,0,0.97638136,1
2,28,0,0,0,0.0,0.0,0.0,0.0,0.0,0.0,2.16575,2.2383332,2,-1,0,0.08576618,0
2,4,0,0,0,0.0,0.0,0.0,0.0,0.0,0.0,2.4327083,2.5694444,2,-1,0,0.17941564,0
2,17,0,0,0,0.0,0.0,0.0,0.0,0.0,0.0,2.2810693,2.2819445,2,-1,0,0.079208486,0
2,15,1,1,1,83.31703,-196.80807,36.14172,-0.00785447,0.0010408601,0.004226336,9.849375,9.801945,2,7,1,0.98634607,1
2,30,0,0,0,0.0,0.0,0.0,0.0,0.0,0.0,2.966965,2.906111,2,-1,0,0.07891521,0
2,31,1,1,1,104.66516,-261.07236,247.39055,-0.014505189,0.0037894496,0.008961736,13.87716,13.7475,2,8,1,0.94611764,1
2,31,1,0,1,104.66516,-261.07236,247.39055,-0.014505189,0.0037894496,0.008961736,5.8168893,5.813889,2,-1,0,0.9958134,1
2,3,0,0,0,0.0,0.0,0.0,0.0,0.0,0.0,2.6243474,2.4680555,2,-1,0,0.19266698,0
2,13,1,1,1,-104.2236,-471.26236,313.65308,-0.028497895,0.011427202,0.025447313,37.872833,38.043056,2,9,1,0.9998841,1
2,3,1,1,1,-104.84217,-349.26926,436.38925,-0.0028005084,0.0009464156,0.0041717147,5.022354,5.025833,2,10,1,0.9731933,1
2,37,1,1,1,-109.98187,-101.17001,327.0743,-0.010294369,0.004134222,0.0052492344,11.648687,11.680278,2,11,1,0.97588205,1
2,2,0,0,0,0.0,0.0,0.0,0.0,0.0,0.0,2.0821042,2.0655556,2,-1,0,0.113178626,0
2,29,1,1,1,120.30063,-540.8367,167.52014,-0.019706964,0.0071167606,0.012923318,24.520584,24.556389,2,12,1,0.989176,1
2,27,0,0,0,0.0,0.0,0.0,0.0,0.0,0.0,2.3266249,2.2705555,2,-1,0,0.1762895,0
2,30,0,0,0,0.0,0.0,0.0,0.0,0.0,0.0,2.3284583,2.3472223,2,-1,0,0.10797617,0
2,33,1,1,1,-127.581406,-183.62592,408.20947,-0.007529687,0.002835427,0.00960582,10.150925,10.096111,2,13,1,0.8771883,1
2,40,0,0,0,0.0,0.0,0.0,0.0,0.0,0.0,2.128236,2.1625,2,-1,0,0.04724015,0
2,33,1,0,1,-127.581406,-183.62592,408.20947,-0.007529687,0.002835427,0.00960582,2.4263124,2.503611,2,-1,0,0.13184714,0
2,5,1,0,1,168.72374,156.94357,286.27426,-0.010410689,0.0047779013,0.007024409,2.4823472,2.4813888,2,-1,0,0.1156515,0
2,13,1,0,1,-104.2236,-471.26236,313.65308,-0.028497895,0.011427202,0.025447313,3.0401595,3.0711112,2,-1,0,0.66336906,1
2,12,0,0,0,0.0,0.0,0.0,0.0,0.0,0.0,2.2465487,2.1380556,2,-1,0,0.07047674,0
2,35,0,0,0,0.0,0.0,0.0,0.0,0.0,0.0,2.0643265,2.0844445,2,-1,0,0.08970118,0
2,40,1,1,1,-144.08966,562.8951,453.68088,-0.009013971,0.0027361652,0.008366559,13.855632,13.888889,2,14,1,0.9911708,1
2,40,0,0,0,0.0,0.0,0.0,0.0,0.0,0.0,2.9334443,2.9922223,2,-1,0,0.32675195,0
2,6,1,1,1,156.17792,486.46548,236.89047,-0.0012088851,0.0016935584,0.0020721229,2.6995416,2.6319444,2,15,1,0.11367239,0
2,1,0,0,0,0.0,0.0,0.0,0.0,0.0,0.0,2.6905346,2.5747223,2,-1,0,0.22576733,0
2,37,0,0,0,0.0,0.0,0.0,0.0,0.0,0.0,2.0512917,2.0277777,2,-1,0,0.079446234,0
2,30,0,0,0,0.0,0.0,0.0,0.0,0.0,0.0,2.4999583,2.5594444,2,-1,0,0.13004,0
2,4,0,0,0,0.0,0.0,0.0,0.0,0.0,0.0,2.1580765,2.098611,2,-1,0,0.09200698,0
2,36,0,0,0,0.0,0.0,0.0,0.0,0.0,0.0,2.023111,2.0375,2,-1,0,0.08252582,0
2,5,1,1,1,168.72374,156.94357,286.27426,-0.010410689,0.0047779013,0.007024409,10.31859,10.509722,2,16,1,0.9953067,1
2,28,1,0,1,170.65486,-35.099926,164.56972,-0.010746344,0.0020695503,0.009907678,3.5219374,3.5908334,2,-1,0,0.92754555,1
2,28,1,1,1,170.65486,-35.099926,164.56972,-0.010746344,0.0020695503,0.009907678,10.644757,10.586945,2,17,1,0.98837835,1
2,33,0,0,0,0.0,0.0,0.0,0.0,0.0,0.0,2.1433334,2.1272223,2,-1,0,0.08739067,0
2,26,0,0,0,0.0,0.0,0.0,0.0,0.0,0.0,2.1408958,2.1744444,2,-1,0,0.07266784,0
2,32,1,1,1,-172.39833,384.11435,178.27599,-0.009597323,0.0033835436,0.00395133,9.713944,9.856944,2,18,1,0.97966796,1
2,19,0,0,0,0.0,0.0,0.0,0.0,0.0,0.0,2.1476665,2.2841666,2,-1,0,0.10096563,0
2,36,1,1,1,-174.23547,-342.8368,317.51,-0.010146609,0.003631804,0.005722614,13.168153,13.282222,2,19,1,0.9880824,1
2,7,0,0,0,0.0,0.0,0.0,0.0,0.0,0.0,2.289382,2.3266666,2,-1,0,0.040491283,0
2,14,0,0,0,0.0,0.0,0.0,0.0,0.0,0.0,2.419375,2.3791666,2,-1,0,0.08287953,0
2,24,0,0,0,0.0,0.0,0.0,0.0,0.0,0.0,2.355382,2.3705556,2,-1,0,0.09673541,0
2,14,0,0,0,0.0,0.0,0.0,0.0,0.0,0.0,2.0850832,2.128611,2,-1,0,0.13167207,0
2,25,0,0,0,0.0,0.0,0.0,0.0,0.0,0.0,2.474764,2.4344444,2,-1,0,0.14783157,0
2,11,0,0,0,0.0,0.0,0.0,0.0,0.0,0.0,2.6527987,2.6125,2,-1,0,0.37387767,0
2,27,1,1,1,-186.4997,152.83351,108.10448,-0.0043997183,0.002532401,0.0062102135,8.420569,8.417222,2,20,1,0.999495,1
2,37,0,0,0,0.0,0.0,0.0,0.0,0.0,0.0,2.0537083,2.0452778,2,-1,0,0.08409411,0
2,27,0,0,0,0.0,0.0,0.0,0.0,0.0,0.0,2.947,2.9630556,2,-1,0,0.22345096,0
2,4,0,0,0,0.0,0.0,0.0,0.0,0.0,0.0,2.163,2.143889,2,-1,0,0.092777826,0
2,39,0,0,0,0.0,0.0,0.0,0.0,0.0,0.0,3.1440554,3.095,2,-1,0,0.70324284,1
2,1,1,0,1,210.93097,170.59676,5.520943,-0.018701514,0.008487915,0.015374697,3.7465832,3.698611,2,-1,0,0.9740389,1
2,8,1,0,1,202.34537,47.053345,156.373,-0.013085394,0.0030933674,0.0076048537,3.217757,3.3019445,2,-1,0,0.9169883,1
2,6,0,0,0,0.0,0.0,0.0,0.0,0.0,0.0,2.291611,2.223611,2,-1,0,0.1687806,0
2,18,1,1,1,-196.07005,-284.76718,232.68384,-0.009348271,0.001994538,0.007778868,10.470666,10.616389,2,21,1,0.986698,1
2,20,0,0,0,0.0,0.0,0.0,0.0,0.0,0.0,2.209889,2.153889,2,-1,0,0.14729685,0
2,17,0,0,0,0.0,0.0,0.0,0.0,0.0,0.0,2.1358056,2.0547223,2,-1,0,0.12117178,0
2,8,1,1,1,202.34537,47.053345,156.373,-0.013085394,0.0030933674,0.0076048537,8.734312,8.711111,2,22,1,0.9697908,1
2,30,1,1,1,-202.57904,150.3772,405.20984,-0.010476129,0.0019835231,0.005111191,9.772874,9.8175,2,23,1,0.9772349,1
2,21,0,0,0,0.0,0.0,0.0,0.0,0.0,0.0,2.1362917,2.1991668,2,-1,0,0.06786577,0
2,38,1,1,1,-204.03497,-181.61755,327.94165,-0.0045148656,0.00071821146,0.0033562994,5.4947777,5.568333,2,24,1,0.89931065,1
2,1,1,0,1,210.93097,170.59676,5.520943,-0.018701514,0.008487915,0.015374697,9.005841,8.972222,2,-1,0,0.970579,1
2,31,0,0,0,0.0,0.0,0.0,0.0,0.0,0.0,2.4332638,2.4325,2,-1,0,0.1305306,0
2,1,1,1,1,210.93097,170.59676,5.520943,-0.018701514,0.008487915,0.015374697,12.500139,12.401944,2,-1,1,0.9890805,1
2,16,0,0,0,0.0,0.0,0.0,0.0,0.0,0.0,2.092139,2.1244445,2,-1,0,0.06987521,0
2,12,1,1,1,-209.96141,490.12042,327.51303,-0.013643411,0.005389575,0.010919814,17.335861,17.3825,2,25,1,0.9970144,1
2,21,0,0,0,0.0,0.0,0.0,0.0,0.0,0.0,2.5890694,2.5516667,2,-1,0,0.13062921,0
2,20,0,0,0,0.0,0.0,0.0,0.0,0.0,0.0,2.5589442,2.1377778,2,-1,0,0.04359382,0
2,30,0,0,0,0.0,0.0,0.0,0.0,0.0,0.0,2.3735554,2.3669446,2,-1,0,0.1005709,0
2,35,0,0,0,0.0,0.0,0.0,0.0,0.0,0.0,2.1051042,2.1530557,2,-1,0,0.08057501,0
2,21,1,1,1,222.39,425.28915,289.2433,-0.0059062755,0.0019684783,0.0049361405,7.883562,8.063889,2,26,1,0.9901419,1
2,11,1,1,1,221.81834,-124.83979,319.55368,-0.0016656916,0.002143347,0.002029795,2.8061388,2.745,2,27,1,0.2777092,0
2,17,1,1,1,-222.67061,-477.92633,400.37863,-0.011051659,0.001202156,0.009995527,14.109299,14.033889,2,28,1,0.9985738,1
2,28,0,0,0,0.0,0.0,0.0,0.0,0.0,0.0,2.6697917,2.6702778,2,-1,0,0.18257661,0
2,17,0,0,0,0.0,0.0,0.0,0.0,0.0,0.0,2.0695972,2.067222,2,-1,0,0.14912352,0
2,34,0,0,0,0.0,0.0,0.0,0.0,0.0,0.0,2.0171251,2.0680556,2,-1,0,0.13231727,0
2,17,0,0,0,0.0,0.0,0.0,0.0,0.0,0.0,2.3325415,2.2941666,2,-1,0,0.18057655,0
2,19,0,0,0,0.0,0.0,0.0,0.0,0.0,0.0,2.0459235,2.0916667,2,-1,0,0.07710984,0
2,7,0,0,0,0.0,0.0,0.0,0.0,0.0,0.0,2.4497151,2.5363889,2,-1,0,0.084829055,0
2,2,0,0,0,0.0,0.0,0.0,0.0,0.0,0.0,2.202979,2.1444445,2,-1,0,0.08659731,0
2,24,0,0,0,0.0,0.0,0.0,0.0,0.0,0.0,2.0361876,2.0586112,2,-1,0,0.15286489,0
2,35,1,1,1,237.65688,174.3836,236.86745,-0.0062821675,0.003979015,0.0034303672,6.9760075,6.9266667,2,29,1,0.97749466,1
2,31,0,0,0,0.0,0.0,0.0,0.0,0.0,0.0,2.3933334,2.3319445,2,-1,0,0.28740317,0
2,6,0,0,0,0.0,0.0,0.0,0.0,0.0,0.0,2.0069582,2.0338888,2,-1,0,0.09767986,0
2,29,0,0,0,0.0,0.0,0.0,0.0,0.0,0.0,2.5256944,2.5980556,2,-1,0,0.12124231,0
2,19,1,1,1,253.683,-108.07559,305.69583,-0.0032854613,-0.00028392818,0.0038867448,4.9881945,4.873611,2,30,1,0.95728457,1
2,4,0,0,0,0.0,0.0,0.0,0.0,0.0,0.0,2.281389,2.2827778,2,-1,0,0.045416053,0
2,8,0,0,0,0.0,0.0,0.0,0.0,0.0,0.0,2.3561387,2.3427777,2,-1,0,0.056592837,0
2,4,1,1,1,265.694,56.04008,411.38235,-0.0075007933,0.0021176096,0.0069751786,10.402216,10.305,2,31,1,0.9985556,1
2,5,0,0,0,0.0,0.0,0.0,0.0,0.0,0.0,2.4685488,2.3969445,2,-1,0,0.09721556,0
2,16,0,0,0,0.0,0.0,0.0,0.0,0.0,0.0,1.9993194,2.0075,2,-1,0,0.08443366,0
2,35,0,0,0,0.0,0.0,0.0,0.0,0.0,0.0,2.223764,2.2722223,2,-1,0,0.1437591,0
2,23,0,0,0,0.0,0.0,0.0,0.0,0.0,0.0,2.077771,2.0777779,2,-1,0,0.09927105,0
2,7,0,0,0,0.0,0.0,0.0,0.0,0.0,0.0,2.0161667,2.0244443,2,-1,0,0.1282243,0
2,13,0,0,0,0.0,0.0,0.0,0.0,0.0,0.0,2.4935763,2.4725,2,-1,0,0.09856798,0
2,7,0,0,0,0.0,0.0,0.0,0.0,0.0,0.0,2.1489303,2.1558332,2,-1,0,0.0941704,0
2,22,0,0,0,0.0,0.0,0.0,0.0,0.0,0.0,2.4723682,2.3969445,2,-1,0,0.0699854,0
2,26,1,0,1,-293.28046,-395.4608,22.143728,-0.020613348,0.008014314,0.014590997,9.312854,9.298056,2,-1,0,0.98539966,1
2,26,1,0,1,-293.28046,-395.4608,22.143728,-0.020613348,0.008014314,0.014590997,4.967215,5.0041666,2,-1,0,0.9963109,1
2,18,0,0,0,0.0,0.0,0.0,0.0,0.0,0.0,2.1628957,2.1575,2,-1,0,0.16843946,0
2,25,1,1,1,-305.91223,-204.94905,428.73233,-0.016337767,0.0030078439,0.012909835,17.115492,17.352222,2,32,1,0.9237309,1
2,30,0,0,0,0.0,0.0,0.0,0.0,0.0,0.0,2.1292014,2.0705554,2,-1,0,0.10603165,0
2,19,0,0,0,0.0,0.0,0.0,0.0,0.0,0.0,2.604083,2.5241666,2,-1,0,0.117174335,0
2,7,0,0,0,0.0,0.0,0.0,0.0,0.0,0.0,2.3506668,2.3694444,2,-1,0,0.06312662,0
2,30,0,0,0,0.0,0.0,0.0,0.0,0.0,0.0,2.4517846,2.531389,2,-1,0,0.27753317,0
2,26,1,1,1,-293.28046,-395.4608,22.143728,-0.020613348,0.008014314,0.014590997,11.751021,11.7705555,2,33,1,0.97525126,1
2,39,1,1,1,325.93903,70.988785,102.09971,-0.010418054,0.0026999847,0.0061891004,9.701402,9.635278,2,34,1,0.9758052,1
2,16,1,1,1,-326.90173,162.67294,118.07286,-0.022651687,0.008845611,0.01708908,23.65691,23.474722,2,35,1,0.98269755,1
2,3,0,0,0,0.0,0.0,0.0,0.0,0.0,0.0,2.265222,2.3063889,2,-1,0,0.11093665,0
2,8,0,0,0,0.0,0.0,0.0,0.0,0.0,0.0,2.5243611,2.525,2,-1,0,0.117004335,0
2,27,0,0,0,0.0,0.0,0.0,0.0,0.0,0.0,2.5386872,0.72805554,2,-1,0,0.20134531,0
2,38,0,0,0,0.0,0.0,0.0,0.0,0.0,0.0,2.5115416,2.4877777,2,-1,0,0.12209894,0
2,34,0,0,0,0.0,0.0,0.0,0.0,0.0,0.0,2.6072502,2.4580555,2,-1,0,0.12230929,0
2,8,0,0,0,0.0,0.0,0.0,0.0,0.0,0.0,2.1000695,2.0922222,2,-1,0,0.09839318,0
2,35,0,0,0,0.0,0.0,0.0,0.0,0.0,0.0,2.5061598,2.4891667,2,-1,0,0.13273504,0
2,40,0,0,0,0.0,0.0,0.0,0.0,0.0,0.0,2.2343333,2.192222,2,-1,0,0.19969115,0
2,5,0,0,0,0.0,0.0,0.0,0.0,0.0,0.0,2.5894027,2.656111,2,-1,0,0.12729196,0
2,9,0,0,0,0.0,0.0,0.0,0.0,0.0,0.0,2.2382917,2.2727778,2,-1,0,0.08249948,0
2,29,0,0,0,0.0,0.0,0.0,0.0,0.0,0.0,2.1871111,2.1847222,2,-1,0,0.05433448,0
2,10,0,0,0,0.0,0.0,0.0,0.0,0.0,0.0,2.2269793,2.1869445,2,-1,0,0.13431183,0
2,23,0,0,0,0.0,0.0,0.0,0.0,0.0,0.0,2.1433263,2.0775,2,-1,0,0.045441985,0
2,36,0,0,0,0.0,0.0,0.0,0.0,0.0,0.0,2.377493,2.3497221,2,-1,0,0.106361054,0
2,12,0,0,0,0.0,0.0,0.0,0.0,0.0,0.0,2.6288543,2.5552778,2,-1,0,0.112514555,0
2,4,0,0,0,0.0,0.0,0.0,0.0,0.0,0.0,2.0239584,2.0833333,2,-1,0,0.07780689,0
2,13,0,0,0,0.0,0.0,0.0,0.0,0.0,0.0,2.7791667,2.7697222,2,-1,0,0.19564769,0
2,4,0,0,0,0.0,0.0,0.0,0.0,0.0,0.0,2.1191182,2.0680556,2,-1,0,0.11389313,0
2,37,0,0,0,0.0,0.0,0.0,0.0,0.0,0.0,1.9812777,2.0186112,2,-1,0,0.07138616,0
2,21,0,0,0,0.0,0.0,0.0,0.0,0.0,0.0,2.4877777,2.4505556,2,-1,0,0.13925973,0
2,33,0,0,0,0.0,0.0,0.0,0.0,0.0,0.0,2.0290694,2.06,2,-1,0,0.09956503,0
2,2,0,0,0,0.0,0.0,0.0,0.0,0.0,0.0,2.1821737,2.1302779,2,-1,0,0.13308163,0
2,1,0,0,0,0.0,0.0,0.0,0.0,0.0,0.0,2.4824724,2.523611,2,-1,0,0.10818856,0
2,38,0,0,0,0.0,0.0,0.0,0.0,0.0,0.0,2.5717845,2.5725,2,-1,0,0.16377307,0
2,34,0,0,0,0.0,0.0,0.0,0.0,0.0,0.0,2.1207013,1.8802778,2,-1,0,0.10088528,0
2,4,0,0,0,0.0,0.0,0.0,0.0,0.0,0.0,2.25625,2.307778,2,-1,0,0.026032984,0
2,27,0,0,0,0.0,0.0,0.0,0.0,0.0,0.0,2.473125,2.4941666,2,-1,0,0.11454351,0
2,23,0,0,0,0.0,0.0,0.0,0.0,0.0,0.0,2.4716458,2.398611,2,-1,0,0.113731995,0
2,1,0,0,0,0.0,0.0,0.0,0.0,0.0,0.0,2.1317778,2.1588888,2,-1,0,0.08917365,0
2,39,0,0,0,0.0,0.0,0.0,0.0,0.0,0.0,2.4307916,2.4313889,2,-1,0,0.16253386,0
2,28,0,0,0,0.0,0.0,0.0,0.0,0.0,0.0,2.2991319,2.3030555,2,-1,0,0.10894028,0
2,6,0,0,0,0.0,0.0,0.0,0.0,0.0,0.0,2.0341458,2.0738888,2,-1,0,0.05265065,0
2,8,0,0,0,0.0,0.0,0.0,0.0,0.0,0.0,2.4732502,2.4069445,2,-1,0,0.15926859,0
2,19,0,0,0,0.0,0.0,0.0,0.0,0.0,0.0,2.1579168,2.2416666,2,-1,0,0.08266884,0
2,40,0,0,0,0.0,0.0,0.0,0.0,0.0,0.0,2.0246806,2.0830555,2,-1,0,0.099733785,0
3,4,1,1,1,6.8026977,-411.6684,285.82477,-0.005711022,0.0017117023,0.0053530964,9.4869375,9.346389,2,0,1,0.963174,1
3,40,0,0,0,0.0,0.0,0.0,0.0,0.0,0.0,2.261979,2.2638888,2,-1,0,0.1073901,0
3,29,1,1,1,-8.757173,-15.662862,225.15044,-0.007247953,0.0019683796,0.0075973514,12.984293,13.1875,2,1,1,0.99842,1
3,24,0,0,0,0.0,0.0,0.0,0.0,0.0,0.0,2.0264168,2.0922222,2,-1,0,0.08017514,0
3,27,0,0,0,0.0,0.0,0.0,0.0,0.0,0.0,2.4050348,2.4480555,2,-1,0,0.005781995,0
3,14,0,0,0,0.0,0.0,0.0,0.0,0.0,0.0,2.5785556,2.646111,2,-1,0,0.46712968,0
3,6,0,0,0,0.0,0.0,0.0,0.0,0.0,0.0,2.1284027,2.0711112,2,-1,0,0.12122234,0
3,28,0,0,0,0.0,0.0,0.0,0.0,0.0,0.0,2.0339653,2.0891666,2,-1,0,0.1109947,0
3,5,0,0,0,0.0,0.0,0.0,0.0,0.0,0.0,2.018139,2.0113888,2,-1,0,0.08907019,0
3,14,0,0,0,0.0,0.0,0.0,0.0,0.0,0.0,2.4553058,2.3522222,2,-1,0,0.18589236,0
3,21,0,0,0,0.0,0.0,0.0,0.0,0.0,0.0,2.2141666,2.1833334,2,-1,0,0.1217076,0
3,3,1,0,1,41.871334,-166.02254,96.45832,-0.025029687,0.004669284,0.019283809,3.6796389,3.66,2,-1,0,0.93143976,1
3,3,1,0,1,41.871334,-166.02254,96.45832,-0.025029687,0.004669284,0.019283809,3.3868608,3.3416667,2,-1,0,0.5949645,1
3,3,1,0,1,41.871334,-166.02254,96.45832,-0.025029687,0.004669284,0.019283809,8.930389,8.870277,2,-1,0,0.9578083,1
3,3,1,1,1,41.871334,-166.02254,96.45832,-0.025029687,0.004669284,0.019283809,12.206507,12.184722,2,2,1,0.98519415,1
3,3,1,0,1,41.871334,-166.02254,96.45832,-0.025029687,0.004669284,0.019283809,4.9611945,4.909167,2,-1,0,0.9880356,1
3,15,0,0,0,0.0,0.0,0.0,0.0,0.0,0.0,2.285125,2.2997222,2,-1,0,0.13530104,0
3,17,0,0,0,0.0,0.0,0.0,0.0,0.0,0.0,2.1661668,2.2116666,2,-1,0,0.09978476,0
3,37,0,0,0,0.0,0.0,0.0,0.0,0.0,0.0,2.063347,2.2008333,2,-1,0,0.0407106,0
3,24,0,0,0,0.0,0.0,0.0,0.0,0.0,0.0,2.2755,2.2869444,2,-1,0,0.075441316,0
3,32,1,1,1,-55.848698,578.4745,249.0399,-0.017647285,0.007885581,0.01591313,25.42493,25.487223,2,3,1,0.98505473,1
3,32,1,0,1,-55.848698,578.4745,249.0399,-0.017647285,0.007885581,0.01591313,4.6772223,4.575,2,-1,0,0.9694773,1
3,35,0,0,0,0.0,0.0,0.0,0.0,0.0,0.0,2.1634235,2.1625,2,-1,0,0.11983918,0
3,30,0,0,0,0.0,0.0,0.0,0.0,0.0,0.0,2.4745417,2.3244445,2,-1,0,0.1264638,0
3,32,0,0,0,0.0,0.0,0.0,0.0,0.0,0.0,2.1885138,2.1175,2,-1,0,0.09487132,0
3,2,0,0,0,0.0,0.0,0.0,0.0,0.0,0.0,2.4661458,1.8144444,2,-1,0,0.06120993,0
3,18,1,1,1,69.85891,-418.28845,267.08185,-0.004899304,0.00095141365,0.0047816914,7.7147365,7.6822224,2,4,1,0.9562386,1
3,37,0,0,0,0.0,0.0,0.0,0.0,0.0,0.0,2.3011806,2.2375,2,-1,0,0.10615008,0
3,24,0,0,0,0.0,0.0,0.0,0.0,0.0,0.0,2.164257,2.2072222,2,-1,0,0.11497609,0
3,28,1,1,1,-74.98121,-529.3793,274.17764,-0.0031518987,0.002778651,0.0042749913,6.369986,6.395278,2,5,1,0.9935364,1
3,37,0,0,0,0.0,0.0,0.0,0.0,0.0,0.0,2.26825,2.2347221,2,-1,0,0.12251082,0
3,13,0,0,0,0.0,0.0,0.0,0.0,0.0,0.0,2.0188332,2.0141666,2,-1,0,0.06955885,0
3,13,1,1,1,-81.38955,-473.6687,388.13522,-0.003937392,0.0018205018,0.00096255966,4.608805,4.5652776,2,6,1,0.8623079,1
3,4,0,0,0,0.0,0.0,0.0,0.0,0.0,0.0,2.4023056,2.3311112,2,-1,0,0.17595127,0
3,11,0,0,0,0.0,0.0,0.0,0.0,0.0,0.0,2.2192917,2.2569444,2,-1,0,0.09361535,0
3,27,0,0,0,0.0,0.0,0.0,0.0,0.0,0.0,2.5317361,2.4602778,2,-1,0,0.1588947,0
3,17,0,0,0,0.0,0.0,0.0,0.0,0.0,0.0,2.256639,2.195,2,-1,0,0.08767811,0
3,24,1,1,1,-92.21753,232.3946,159.53241,-0.0069078896,0.0039142026,0.004320064,6.0286527,5.9319444,2,7,1,0.9874685,1
3,24,1,0,1,-92.21753,232.3946,159.53241,-0.0069078896,0.0039142026,0.004320064,4.426306,4.500278,2,-1,0,0.9791671,1
3,5,1,1,1,-98.8469,198.83351,162.23557,-0.010659058,0.0038969095,0.0069855666,13.233459,13.040833,2,8,1,0.9490771,1
3,26,0,0,0,0.0,0.0,0.0,0.0,0.0,0.0,2.3384721,2.3747222,2,-1,0,0.1902751,0
3,24,0,0,0,0.0,0.0,0.0,0.0,0.0,0.0,2.0035694,2.0683334,2,-1,0,0.12406385,0
3,30,0,0,0,0.0,0.0,0.0,0.0,0.0,0.0,2.1901805,2.1683333,2,-1,0,0.11281746,0
3,25,0,0,0,0.0,0.0,0.0,0.0,0.0,0.0,2.1258543,2.2425,2,-1,0,0.08370774,0
3,21,1,1,1,-113.4162,-382.68512,69.8734,-0.007955575,0.0031861814,0.0046385364,11.177604,11.0375,2,9,1,0.96998954,1
3,6,0,0,0,0.0,0.0,0.0,0.0,0.0,0.0,2.35175,2.2941666,2,-1,0,0.07807648,0
3,12,0,0,0,0.0,0.0,0.0,0.0,0.0,0.0,2.343611,2.358611,2,-1,0,0.10631905,0
3,35,0,0,0,0.0,0.0,0.0,0.0,0.0,0.0,2.646361,2.6458333,2,-1,0,0.21891433,0
3,34,0,0,0,0.0,0.0,0.0,0.0,0.0,0.0,2.334479,2.205,2,-1,0,0.07909813,0
3,9,0,0,0,0.0,0.0,0.0,0.0,0.0,0.0,2.2016876,2.183889,2,-1,0,0.1167707,0
3,32,0,0,0,0.0,0.0,0.0,0.0,0.0,0.0,2.2904167,2.3333333,2,-1,0,0.11411959,0
3,19,0,0,0,0.0,0.0,0.0,0.0,0.0,0.0,2.3407776,2.396389,2,-1,0,0.095045656,0
3,28,0,0,0,0.0,0.0,0.0,0.0,0.0,0.0,2.2751114,2.2227778,2,-1,0,0.1198788,0
3,34,1,0,1,136.07367,527.7429,166.8824,-0.0249639,0.009665662,0.020449279,8.034222,8.0425,2,-1,0,0.9866985,1
3,6,0,0,0,0.0,0.0,0.0,0.0,0.0,0.0,2.713764,2.7294445,2,-1,0,0.14414382,0
3,1,1,1,1,144.941,281.79968,301.83173,-0.02204391,0.008170097,0.016713789,11.244458,11.293333,2,10,1,0.9924331,1
3,34,1,1,1,136.07367,527.7429,166.8824,-0.0249639,0.009665662,0.020449279,23.1035,22.858334,2,11,1,0.9989109,1
3,1,1,0,1,144.941,281.79968,301.83173,-0.02204391,0.008170097,0.016713789,8.078451,8.026944,2,-1,0,0.98526865,1
3,7,0,0,0,0.0,0.0,0.0,0.0,0.0,0.0,2.3085973,2.3186111,2,-1,0,0.10698706,0
3,23,1,1,1,-138.33293,-148.35303,379.1024,-0.010133817,0.00087711663,0.010357738,13.828813,13.8175,2,12,1,0.99903333,1
3,1,1,0,1,144.941,281.79968,301.83173,-0.02204391,0.008170097,0.016713789,6.8911805,6.9522223,2,-1,0,0.9834229,1
3,23,0,0,0,0.0,0.0,0.0,0.0,0.0,0.0,2.0259237,2.0166667,2,-1,0,0.07414641,0
3,1,1,0,1,144.941,281.79968,301.83173,-0.02204391,0.008170097,0.016713789,5.361111,5.42,2,-1,0,0.4975465,0
3,6,1,1,1,-143.37234,-75.39638,410.1815,-0.011040709,0.0021853147,0.005428571,11.513847,11.648334,2,13,1,0.9773746,1
3,31,1,1,1,-146.32106,-387.1619,63.603714,-0.0076360716,0.003042049,0.008492456,10.054757,9.871944,2,14,1,0.991251,1
3,16,0,0,0,0.0,0.0,0.0,0.0,0.0,0.0,1.9932362,2.0369444,2,-1,0,0.082190365,0
3,20,0,0,0,0.0,0.0,0.0,0.0,0.0,0.0,2.6714442,2.6772223,2,-1,0,0.1347691,0
3,15,0,0,0,0.0,0.0,0.0,0.0,0.0,0.0,2.2815068,2.2455556,2,-1,0,0.14635399,0
3,23,0,0,0,0.0,0.0,0.0,0.0,0.0,0.0,2.6741111,2.61,2,-1,0,0.19584155,0
3,26,1,1,1,-153.09201,541.7381,106.20799,-0.007963991,2.3450631e-05,0.0069842953,10.810951,10.974167,2,15,1,0.9749088,1
3,23,0,0,0,0.0,0.0,0.0,0.0,0.0,0.0,2.5993333,2.5016668,2,-1,0,0.18099569,0
3,28,0,0,0,0.0,0.0,0.0,0.0,0.0,0.0,2.5629025,2.5625,2,-1,0,0.46156603,0
3,1,0,0,0,0.0,0.0,0.0,0.0,0.0,0.0,2.2923405,2.3597221,2,-1,0,0.113511585,0
3,20,1,1,1,-163.07024,344.21695,21.434187,-0.0011058331,0.0016155313,0.0019773564,2.6219096,2.6227777,2,16,1,0.38018367,0
3,35,0,0,0,0.0,0.0,0.0,0.0,0.0,0.0,2.0833611,2.0916667,2,-1,0,0.08932337,0
3,6,0,0,0,0.0,0.0,0.0,0.0,0.0,0.0,2.3005903,2.3541667,2,-1,0,0.059579156,0
3,32,0,0,0,0.0,0.0,0.0,0.0,0.0,0.0,2.3820903,2.2530556,2,-1,0,0.17365347,0
3,16,1,1,1,169.90237,76.37053,27.862076,-0.00877674,0.0027391063,0.009452857,13.882055,13.760278,2,17,1,0.9869518,1
3,33,0,0,0,0.0,0.0,0.0,0.0,0.0,0.0,2.0573056,2.0594444,2,-1,0,0.04836555,0
3,14,0,0,0,0.0,0.0,0.0,0.0,0.0,0.0,2.3995001,2.3563888,2,-1,0,0.06989765,0
3,22,1,1,1,182.58115,130.07375,286.6375,-0.0061516794,0.00017120501,0.0024133185,5.3636527,5.4394445,2,18,1,0.99278814,1
3,10,1,1,1,-185.30588,-433.5078,425.34933,-0.010659732,0.0054370984,0.009903619,17.44516,17.336111,2,19,1,0.99594575,1
3,12,1,0,1,203.4035,-297.2513,184.55226,-0.015875619,0.0058887294,0.009578948,8.303326,8.217222,2,-1,0,0.97833717,1
3,26,0,0,0,0.0,0.0,0.0,0.0,0.0,0.0,2.7212293,2.6533334,2,-1,0,0.49350438,0
3,4,0,0,0,0.0,0.0,0.0,0.0,0.0,0.0,2.4120696,2.5325,2,-1,0,0.11829611,0
3,14,0,0,0,0.0,0.0,0.0,0.0,0.0,0.0,2.1233194,2.2183332,2,-1,0,0.10054462,0
3,13,0,0,0,0.0,0.0,0.0,0.0,0.0,0.0,2.1967084,2.14,2,-1,0,0.1224422,0
3,9,0,0,0,0.0,0.0,0.0,0.0,0.0,0.0,2.298875,2.3811111,2,-1,0,0.119759984,0
3,12,0,0,0,0.0,0.0,0.0,0.0,0.0,0.0,2.6041386,2.53,2,-1,0,0.19867308,0
3,33,0,0,0,0.0,0.0,0.0,0.0,0.0,0.0,2.0347638,2.035,2,-1,0,0.07338191,0
3,12,1,1,1,203.4035,-297.2513,184.55226,-0.015875619,0.0058887294,0.009578948,10.976305,10.919723,2,20,1,0.9701657,1
3,20,0,0,0,0.0,0.0,0.0,0.0,0.0,0.0,2.2843332,2.283611,2,-1,0,0.09944088,0
3,39,0,0,0,0.0,0.0,0.0,0.0,0.0,0.0,2.7258334,2.7686112,2,-1,0,0.16467777,0
3,29,0,0,0,0.0,0.0,0.0,0.0,0.0,0.0,2.2982361,2.3458333,2,-1,0,0.16397788,0
3,39,0,0,0,0.0,0.0,0.0,0.0,0.0,0.0,2.5349448,2.456389,2,-1,0,0.116195746,0
3,27,1,1,1,-208.53502,333.11124,351.04962,-0.021095932,0.006604835,0.015616384,18.743006,18.870277,2,21,1,0.9860903,1
3,37,1,1,1,-211.30748,-520.1437,199.77846,-0.00963279,0.0032776124,0.010561489,14.8840275,15.013333,2,22,1,0.9988907,1
3,27,1,0,1,-208.53502,333.11124,351.04962,-0.021095932,0.006604835,0.015616384,2.6895416,2.6522222,2,-1,0,0.40166554,0
3,20,0,0,0,0.0,0.0,0.0,0.0,0.0,0.0,2.3296945,2.3083334,2,-1,0,0.06626533,0
3,27,1,0,1,-208.53502,333.11124,351.04962,-0.021095932,0.006604835,0.015616384,2.714278,2.7152777,2,-1,0,0.15263672,0
3,35,0,0,0,0.0,0.0,0.0,0.0,0.0,0.0,2.132889,2.192222,2,-1,0,0.07488913,0
3,25,0,0,0,0.0,0.0,0.0,0.0,0.0,0.0,2.2423542,2.233611,2,-1,0,0.09582848,0
3,35,0,0,0,0.0,0.0,0.0,0.0,0.0,0.0,2.2570138,2.2733333,2,-1,0,0.44837365,0
3,9,0,0,0,0.0,0.0,0.0,0.0,0.0,0.0,2.685139,2.746389,2,-1,0,0.37674707,0
3,34,0,0,0,0.0,0.0,0.0,0.0,0.0,0.0,2.143111,2.1455555,2,-1,0,0.063106224,0
3,33,1,1,1,-235.69495,-368.68088,392.28284,-0.0052888314,0.0034899663,0.005983079,8.822389,8.798611,2,23,1,0.9886313,1
3,32,0,0,0,0.0,0.0,0.0,0.0,0.0,0.0,2.131875,2.2019444,2,-1,0,0.08103746,0
3,1,0,0,0,0.0,0.0,0.0,0.0,0.0,0.0,2.2420416,2.231111,2,-1,0,0.11034963,0
3,6,0,0,0,0.0,0.0,0.0,0.0,0.0,0.0,2.1049306,2.1311111,2,-1,0,0.091750525,0
3,25,0,0,0,0.0,0.0,0.0,0.0,0.0,0.0,2.5245557,2.445,2,-1,0,0.20831715,0
3,36,1,1,1,-255.76208,-165.83698,79.74794,-0.007658928,2.6398118e-05,0.003629509,7.3302984,7.2588887,2,24,1,0.9661198,1
3,40,1,1,1,260.73538,51.2146,364.14798,-0.005737918,0.0022825808,0.0020313107,6.4255695,6.408056,2,25,1,0.9571172,1
3,16,0,0,0,0.0,0.0,0.0,0.0,0.0,0.0,2.8017778,2.791111,2,-1,0,0.13774538,0
3,2,1,1,1,262.90512,593.68616,228.57599,-0.0017710173,0.0012700021,0.0029308836,2.7129307,2.8397222,2,26,1,0.15720823,0
3,12,0,0,0,0.0,0.0,0.0,0.0,0.0,0.0,2.2123055,2.2419446,2,-1,0,0.06459362,0
3,24,0,0,0,0.0,0.0,0.0,0.0,0.0,0.0,2.0973473,2.0669444,2,-1,0,0.120839134,0
3,11,1,1,1,273.18497,99.52535,211.89569,-0.0022508216,-0.00091155776,0.0015226651,2.3865693,2.4436111,2,27,1,0.19948561,0
3,6,0,0,0,0.0,0.0,0.0,0.0,0.0,0.0,2.2939308,2.27,2,-1,0,0.20860685,0
3,7,0,0,0,0.0,0.0,0.0,0.0,0.0,0.0,2.6859097,2.7308333,2,-1,0,0.63660526,1
3,31,0,0,0,0.0,0.0,0.0,0.0,0.0,0.0,2.0444584,2.1152778,2,-1,0,0.012948965,0
3,24,0,0,0,0.0,0.0,0.0,0.0,0.0,0.0,2.1150138,2.1630557,2,-1,0,0.11625135,0
3,5,0,0,0,0.0,0.0,0.0,0.0,0.0,0.0,2.3611388,2.3555555,2,-1,0,0.16843848,0
3,9,0,0,0,0.0,0.0,0.0,0.0,0.0,0.0,2.1814582,2.111389,2,-1,0,0.11045639,0
3,19,1,1,1,-287.35916,-167.87965,288.8974,-0.01531269,0.0048583415,0.0105563225,18.253763,18.256945,2,28,1,0.9961474,1
3,4,0,0,0,0.0,0.0,0.0,0.0,0.0,0.0,2.566632,2.6294444,2,-1,0,0.029574605,0
3,30,0,0,0,0.0,0.0,0.0,0.0,0.0,0.0,2.2156944,2.2233334,2,-1,0,0.12886833,0
3,6,0,0,0,0.0,0.0,0.0,0.0,0.0,0.0,2.0988123,2.0608332,2,-1,0,0.06427854,0
3,11,0,0,0,0.0,0.0,0.0,0.0,0.0,0.0,2.1886597,2.2616668,2,-1,0,0.09445833,0
3,8,1,1,1,-301.9649,326.7869,81.981995,-0.00789877,0.00393782,0.0059771906,7.7554784,7.720278,2,29,1,0.9975975,1
3,19,0,0,0,0.0,0.0,0.0,0.0,0.0,0.0,2.0192223,2.0105555,2,-1,0,0.10419695,0
3,4,0,0,0,0.0,0.0,0.0,0.0,0.0,0.0,2.262646,2.3866668,2,-1,0,0.07521152,0
3,6,0,0,0,0.0,0.0,0.0,0.0,0.0,0.0,2.1608195,2.2133334,2,-1,0,0.12932658,0
3,14,1,1,1,-319.15555,460.88257,401.05255,-0.0033785226,0.0023770556,0.0047185556,5.731264,5.675833,2,30,1,0.98979354,1
3,15,0,0,0,0.0,0.0,0.0,0.0,0.0,0.0,3.4954307,3.528889,2,-1,0,0.0764809,0
3,30,1,1,1,-322.82684,388.8912,401.18753,-0.0011066616,0.0016525357,0.0019665645,2.1786668,2.1755555,2,31,1,0.07383495,0
3,35,0,0,0,0.0,0.0,0.0,0.0,0.0,0.0,2.2948542,2.2569444,2,-1,0,0.14294626,0
3,32,0,0,0,0.0,0.0,0.0,0.0,0.0,0.0,2.3027568,2.2527778,2,-1,0,0.12041331,0
3,33,0,0,0,0.0,0.0,0.0,0.0,0.0,0.0,2.0571737,2.1116667,2,-1,0,0.09746686,0
3,35,1,1,1,-338.60052,-71.31917,60.085472,-0.0073475176,0.0027017314,0.007716523,9.073895,9.080556,2,32,1,0.9734519,1
3,2,0,0,0,0.0,0.0,0.0,0.0,0.0,0.0,2.1026597,2.061389,2,-1,0,0.11880969,0
3,21,0,0,0,0.0,0.0,0.0,0.0,0.0,0.0,2.1062152,2.0819445,2,-1,0,0.100830324,0
3,38,1,1,1,348.4082,-496.61655,359.6047,-0.0017343123,0.0021450378,0.0017098371,2.5495763,2.5652778,2,33,1,0.20509474,0
3,12,0,0,0,0.0,0.0,0.0,0.0,0.0,0.0,2.297778,2.2397223,2,-1,0,0.11365246,0
3,9,0,0,0,0.0,0.0,0.0,0.0,0.0,0.0,2.5611737,2.5066667,2,-1,0,0.34330234,0
3,1,0,0,0,0.0,0.0,0.0,0.0,0.0,0.0,2.0538332,2.0633333,2,-1,0,0.11202766,0
3,6,0,0,0,0.0,0.0,0.0,0.0,0.0,0.0,2.2719097,2.348611,2,-1,0,0.10121353,0
3,19,0,0,0,0.0,0.0,0.0,0.0,0.0,0.0,2.0442362,2.0094445,2,-1,0,0.14281473,0
3,20,0,0,0,0.0,0.0,0.0,0.0,0.0,0.0,2.091153,2.108611,2,-1,0,0.08719986,0
3,19,0,0,0,0.0,0.0,0.0,0.0,0.0,0.0,2.2564168,2.2891667,2,-1,0,0.13537231,0
3,15,0,0,0,0.0,0.0,0.0,0.0,0.0,0.0,2.3965073,2.3183334,2,-1,0,0.10033089,0
3,14,0,0,0,0.0,0.0,0.0,0.0,0.0,0.0,2.1859097,2.1766667,2,-1,0,0.101026356,0
3,22,0,0,0,0.0,0.0,0.0,0.0,0.0,0.0,2.0842638,2.118611,2,-1,0,0.08187847,0
3,33,0,0,0,0.0,0.0,0.0,0.0,0.0,0.0,2.02659,2.0055556,2,-1,0,0.050187375,0
3,25,0,0,0,0.0,0.0,0.0,0.0,0.0,0.0,2.1700835,2.2322223,2,-1,0,0.13841271,0
3,37,0,0,0,0.0,0.0,0.0,0.0,0.0,0.0,2.069125,2.03,2,-1,0,0.04954733,0
3,24,0,0,0,0.0,0.0,0.0,0.0,0.0,0.0,2.1402917,2.1411111,2,-1,0,0.2168176,0
3,7,0,0,0,0.0,0.0,0.0,0.0,0.0,0.0,2.7352293,2.7752779,2,-1,0,0.14341302,0
3,8,0,0,0,0.0,0.0,0.0,0.0,0.0,0.0,2.2856321,2.336111,2,-1,0,0.07717263,0
3,38,0,0,0,0.0,0.0,0.0,0.0,0.0,0.0,2.1956944,2.2422223,2,-1,0,0.11325753,0
3,36,0,0,0,0.0,0.0,0.0,0.0,0.0,0.0,2.660882,2.6616666,2,-1,0,0.19233283,0
3,25,0,0,0,0.0,0.0,0.0,0.0,0.0,0.0,2.2102916,2.1975,2,-1,0,0.08915113,0
3,36,0,0,0,0.0,0.0,0.0,0.0,0.0,0.0,2.3864584,2.5763888,2,-1,0,0.092765406,0
3,29,0,0,0,0.0,0.0,0.0,0.0,0.0,0.0,2.6976252,2.6341667,2,-1,0,0.24311139,0
3,18,0,0,0,0.0,0.0,0.0,0.0,0.0,0.0,2.098861,2.0975,2,-1,0,0.076619275,0
3,35,0,0,0,0.0,0.0,0.0,0.0,0.0,0.0,2.1520762,2.2094445,2,-1,0,0.034793723,0
3,12,0,0,0,0.0,0.0,0.0,0.0,0.0,0.0,2.0228333,2.057778,2,-1,0,0.11409299,0
3,23,0,0,0,0.0,0.0,0.0,0.0,0.0,0.0,2.0501943,2.0455556,2,-1,0,0.08485164,0
4,31,1,1,1,-11.512582,-141.13005,328.4065,-0.019085899,0.0046904506,0.014879158,19.79754,20.001944,2,0,1,0.9998617,1
4,13,1,0,1,35.958134,-158.68365,33.111237,-0.012040487,0.0020673163,0.010808614,2.3052847,2.3636112,2,-1,0,0.12493941,0
4,10,1,1,1,22.2031,274.1151,288.33514,-0.011543997,0.0013550818,0.01076868,18.843445,18.946667,2,1,1,0.99152714,1
4,26,0,0,0,0.0,0.0,0.0,0.0,0.0,0.0,2.707868,2.7172222,2,-1,0,0.10294527,0
4,6,0,1,1,-19.268967,-167.8704,349.6048,-0.0070714904,0.0032731087,0.0030308918,10.635326,10.244166,2,2,1,0.9976163,1
4,19,0,0,0,0.0,0.0,0.0,0.0,0.0,0.0,2.0348332,2.0511112,2,-1,0,0.06925495,0
4,4,0,0,0,0.0,0.0,0.0,0.0,0.0,0.0,2.3241806,2.308889,2,-1,0,0.10010992,0
4,2,0,0,0,0.0,0.0,0.0,0.0,0.0,0.0,2.1982083,2.16,2,-1,0,0.09065409,0
4,31,1,0,1,-11.512582,-141.13005,328.4065,-0.019085899,0.0046904506,0.014879158,7.708889,7.962222,2,-1,0,0.9895084,1
4,13,1,1,1,35.958134,-158.68365,33.111237,-0.012040487,0.0020673163,0.010808614,16.093153,15.998611,2,3,1,0.96693903,1
4,14,0,0,0,0.0,0.0,0.0,0.0,0.0,0.0,2.2279792,2.2838888,2,-1,0,0.085155785,0
4,38,0,0,0,0.0,0.0,0.0,0.0,0.0,0.0,3.0011945,2.9205556,2,-1,0,0.11718659,0
4,28,0,0,0,0.0,0.0,0.0,0.0,0.0,0.0,2.150625,2.2019444,2,-1,0,0.06621428,0
4,15,0,0,0,0.0,0.0,0.0,0.0,0.0,0.0,2.122986,2.1430554,2,-1,0,0.075995415,0
4,1,0,0,0,0.0,0.0,0.0,0.0,0.0,0.0,2.1613333,2.1063888,2,-1,0,0.15462863,0
4,18,1,1,1,-42.191628,519.0903,19.605955,-0.0058961185,-0.0004876372,0.003345052,7.8071947,7.668889,2,-1,1,0.9838727,1
4,18,0,0,0,0.0,0.0,0.0,0.0,0.0,0.0,2.6229444,2.5119445,2,-1,0,0.11866615,0
4,3,0,0,0,0.0,0.0,0.0,0.0,0.0,0.0,2.9113889,2.913889,2,-1,0,0.26495445,0
4,10,0,0,0,0.0,0.0,0.0,0.0,0.0,0.0,2.1027222,2.1088889,2,-1,0,0.08520614,0
4,19,0,0,0,0.0,0.0,0.0,0.0,0.0,0.0,2.883771,2.981111,2,-1,0,0.12571007,0
4,25,1,1,1,-61.22976,-127.96127,342.57294,-0.0060015344,0.0017706801,0.0024238632,7.5384517,7.6844444,2,4,1,0.9921079,1
4,12,0,0,0,0.0,0.0,0.0,0.0,0.0,0.0,1.9907085,2.0655556,2,-1,0,0.08773792,0
4,35,0,0,0,0.0,0.0,0.0,0.0,0.0,0.0,2.096139,2.0544446,2,-1,0,0.08776887,0
4,11,1,1,1,-82.59942,17.780922,50.18416,-0.0047232313,0.0025618828,0.006587087,9.406501,9.509444,2,5,1,0.9886967,1
4,13,0,0,0,0.0,0.0,0.0,0.0,0.0,0.0,2.4553335,2.436389,2,-1,0,0.12138055,0
4,37,0,0,0,0.0,0.0,0.0,0.0,0.0,0.0,2.4228196,2.4027777,2,-1,0,0.08569949,0
4,31,0,0,0,0.0,0.0,0.0,0.0,0.0,0.0,1.9925348,2.0366666,2,-1,0,0.059364926,0
4,35,1,0,1,103.78413,-236.28915,114.22034,-0.020864043,0.0047916872,0.01298418,5.67591,5.740278,2,-1,0,0.22655077,0
4,35,1,1,1,103.78413,-236.28915,114.22034,-0.020864043,0.0047916872,0.01298418,21.92213,21.971111,2,6,1,0.986591,1
4,13,0,0,0,0.0,0.0,0.0,0.0,0.0,0.0,2.0940557,1.9455556,2,-1,0,0.054690294,0
4,31,0,0,0,0.0,0.0,0.0,0.0,0.0,0.0,2.3831527,2.4180555,2,-1,0,0.12929215,0
4,40,0,0,0,0.0,0.0,0.0,0.0,0.0,0.0,2.5170696,0.7286111,2,-1,0,0.16960582,0
4,28,1,1,1,-99.93451,73.643,65.881035,-0.007023296,0.0017784921,0.0071334904,11.52525,11.631945,2,7,1,0.9956714,1
4,2,0,0,0,0.0,0.0,0.0,0.0,0.0,0.0,2.0052083,2.053611,2,-1,0,0.1002506,0
4,2,0,0,0,0.0,0.0,0.0,0.0,0.0,0.0,2.365236,2.3622222,2,-1,0,0.12879686,0
4,6,0,0,0,0.0,0.0,0.0,0.0,0.0,0.0,2.474972,2.4683332,2,-1,0,0.16119713,0
4,34,0,0,0,0.0,0.0,0.0,0.0,0.0,0.0,2.094361,2.1019444,2,-1,0,0.05113049,0
4,3,0,0,0,0.0,0.0,0.0,0.0,0.0,0.0,2.8636806,2.7783334,2,-1,0,0.163937,0
4,35,0,0,0,0.0,0.0,0.0,0.0,0.0,0.0,2.0534792,2.0175,2,-1,0,0.097641975,0
4,35,0,0,0,0.0,0.0,0.0,0.0,0.0,0.0,2.6018474,2.6377778,2,-1,0,0.115757056,0
4,15,0,0,0,0.0,0.0,0.0,0.0,0.0,0.0,1.9829792,2.0438888,2,-1,0,0.037616868,0
4,36,1,0,1,158.06953,422.97052,129.83037,-0.024628019,0.009725401,0.019023016,9.430596,9.456388,2,-1,0,0.9905414,1
4,22,1,0,1,143.81166,86.24463,356.01068,-0.013612989,0.0036979464,0.013540554,4.4292016,4.5727777,2,-1,0,0.9719499,1
4,30,1,0,1,134.40933,558.34235,135.93227,-0.012367567,0.004799593,0.009797769,4.317604,4.2208333,2,-1,0,0.89512503,1
4,30,1,1,1,134.40933,558.34235,135.93227,-0.012367567,0.004799593,0.009797769,14.717889,14.836945,2,8,1,0.9790283,1
4,15,0,0,0,0.0,0.0,0.0,0.0,0.0,0.0,2.0538542,2.0855556,2,-1,0,0.09071012,0
4,10,0,0,0,0.0,0.0,0.0,0.0,0.0,0.0,2.3179443,2.305,2,-1,0,0.14456302,0
4,33,0,0,0,0.0,0.0,0.0,0.0,0.0,0.0,2.1011806,2.1633334,2,-1,0,0.073068716,0
4,6,0,0,0,0.0,0.0,0.0,0.0,0.0,0.0,2.015486,2.0347223,2,-1,0,0.08240076,0
4,14,0,0,0,0.0,0.0,0.0,0.0,0.0,0.0,2.2045903,2.1875,2,-1,0,0.11064906,0
4,20,1,1,1,-137.34058,453.9487,139.74641,-0.01608049,0.007470897,0.0133457305,20.996521,20.895834,2,9,1,0.99774784,1
4,29,1,0,1,165.59306,487.08926,328.30725,-0.011343135,0.00095085544,0.009827162,2.5740137,2.6505556,2,-1,0,0.07950142,0
4,20,1,0,1,-137.34058,453.9487,139.74641,-0.01608049,0.007470897,0.0133457305,3.7232502,3.826111,2,-1,0,0.94416076,1
4,22,1,1,1,143.81166,86.24463,356.01068,-0.013612989,0.0036979464,0.013540554,14.957472,14.964723,2,10,1,0.9974502,1
4,32,1,1,1,-141.65697,-456.37927,82.19926,-0.003971756,0.0020955421,0.0057373103,7.839083,7.9238887,2,11,1,0.9811648,1
4,4,1,1,1,-142.04019,-291.5651,441.58746,-0.020974236,0.004752571,0.015284263,25.623564,25.05611,2,12,1,0.9513138,1
4,24,0,0,0,0.0,0.0,0.0,0.0,0.0,0.0,2.1971946,2.0972223,2,-1,0,0.14796694,0
4,10,0,0,0,0.0,0.0,0.0,0.0,0.0,0.0,2.1201806,2.136111,2,-1,0,0.085245885,0
4,12,1,1,1,154.74408,-437.54572,114.90237,-0.014622665,0.0031741387,0.006898915,16.851667,17.014166,2,13,1,0.9904151,1
4,10,0,0,0,0.0,0.0,0.0,0.0,0.0,0.0,2.646847,2.645,2,-1,0,0.22532766,0
4,36,1,1,1,158.06953,422.97052,129.83037,-0.024628019,0.009725401,0.019023016,22.480173,22.339167,2,14,1,0.9957327,1
4,16,0,0,0,0.0,0.0,0.0,0.0,0.0,0.0,2.8192084,2.8080556,2,-1,0,0.328205,0
4,3,0,0,0,0.0,0.0,0.0,0.0,0.0,0.0,2.1496112,1.9486111,2,-1,0,0.086371444,0
4,14,1,1,1,158.27615,379.12546,148.5638,-0.007695096,0.0014393503,0.0032944432,8.530229,8.587222,2,15,1,0.9656962,1
4,36,0,0,0,0.0,0.0,0.0,0.0,0.0,0.0,2.1444168,2.0905557,2,-1,0,0.09430252,0
4,33,1,1,1,158.78516,486.21027,408.00543,-0.0057822303,0.0025865824,0.0020881393,6.5848403,6.6222224,2,16,1,0.9806337,1
4,40,0,0,0,0.0,0.0,0.0,0.0,0.0,0.0,2.0275278,2.0330555,2,-1,0,0.067979954,0
4,29,1,1,1,165.59306,487.08926,328.30725,-0.011343135,0.00095085544,0.009827162,10.807355,10.930278,2,17,1,0.9974376,1
4,27,1,1,1,-164.05582,-185.70319,147.48666,-0.009489417,0.002078736,0.01014725,12.130395,12.262222,2,18,1,0.9925223,1
4,40,1,1,1,-167.16708,-26.153296,316.80518,-0.0100630205,0.00040134112,0.007828435,11.881291,11.844444,2,19,1,0.99657744,1
4,27,1,0,1,-164.05582,-185.70319,147.48666,-0.009489417,0.002078736,0.01014725,2.2058334,2.223611,2,-1,0,0.11470235,0
4,8,1,1,1,174.88875,334.91113,160.10031,-0.009372822,0.0039793956,0.006589359,10.224653,10.461945,2,20,1,0.9947154,1
4,3,0,0,0,0.0,0.0,0.0,0.0,0.0,0.0,1.9433819,2.0469444,2,-1,0,0.1527333,0
4,6,0,0,0,0.0,0.0,0.0,0.0,0.0,0.0,2.3999794,2.378611,2,-1,0,0.10520688,0
4,1,1,1,1,172.68916,-162.72188,114.4895,-0.0025443756,0.000562714,0.00015842498,2.3082776,2.3094444,2,21,1,0.13401832,0
4,15,0,0,0,0.0,0.0,0.0,0.0,0.0,0.0,2.1059444,2.1197221,2,-1,0,0.12537563,0
4,24,0,0,0,0.0,0.0,0.0,0.0,0.0,0.0,3.8610835,3.7180555,2,-1,0,0.9304813,1
4,20,0,0,0,0.0,0.0,0.0,0.0,0.0,0.0,2.0676665,2.0144444,2,-1,0,0.046534482,0
4,3,1,1,1,188.4091,221.28992,362.9815,-0.010666172,0.0030971703,0.0071734264,13.684965,13.518333,2,22,1,0.9931363,1
4,2,0,0,0,0.0,0.0,0.0,0.0,0.0,0.0,2.1255,2.1047223,2,-1,0,0.03831339,0
4,40,0,0,0,0.0,0.0,0.0,0.0,0.0,0.0,2.082611,2.0641668,2,-1,0,0.122602984,0
4,3,0,0,0,0.0,0.0,0.0,0.0,0.0,0.0,2.3128266,2.2216666,2,-1,0,0.11404058,0
4,11,0,0,0,0.0,0.0,0.0,0.0,0.0,0.0,2.130625,2.1377778,2,-1,0,0.138204,0
4,38,1,1,1,195.53973,-397.7947,437.0846,-0.010660492,0.003453264,0.0055482183,10.820979,10.673333,2,23,1,0.99143475,1
4,36,0,0,0,0.0,0.0,0.0,0.0,0.0,0.0,2.401354,2.4119444,2,-1,0,0.16910198,0
4,17,0,0,0,0.0,0.0,0.0,0.0,0.0,0.0,2.1215138,2.071389,2,-1,0,0.040301207,0
4,12,0,0,0,0.0,0.0,0.0,0.0,0.0,0.0,2.3935692,2.4627779,2,-1,0,0.13454182,0
4,10,0,0,0,0.0,0.0,0.0,0.0,0.0,0.0,1.9495277,2.0591667,2,-1,0,0.07312558,0
4,4,0,0,0,0.0,0.0,0.0,0.0,0.0,0.0,1.9582709,2.0280557,2,-1,0,0.07288368,0
4,25,0,0,0,0.0,0.0,0.0,0.0,0.0,0.0,2.4155416,2.4222221,2,-1,0,0.052102275,0
4,37,1,1,1,-210.44429,572.6819,59.607666,-0.012921482,0.0038978446,0.008386286,16.561401,16.525278,2,24,1,0.99664587,1
4,2,1,1,1,214.8148,578.54193,202.4225,-0.008268951,0.003618798,0.008761247,12.833083,12.996111,2,25,1,0.9374904,1
4,33,0,0,0,0.0,0.0,0.0,0.0,0.0,0.0,2.1226113,2.076111,2,-1,0,0.07744188,0
4,2,0,0,0,0.0,0.0,0.0,0.0,0.0,0.0,2.4942155,2.4913888,2,-1,0,0.29309684,0
4,34,1,1,1,-221.51202,-131.9365,345.4725,-0.009546514,0.003459053,0.0051795626,12.126569,12.103333,2,26,1,0.9962669,1
4,36,0,0,0,0.0,0.0,0.0,0.0,0.0,0.0,2.0878193,2.1411111,2,-1,0,0.06778711,0
4,2,0,0,0,0.0,0.0,0.0,0.0,0.0,0.0,2.4596386,2.461111,2,-1,0,0.0802104,0
4,1,0,0,0,0.0,0.0,0.0,0.0,0.0,0.0,1.9443126,2.0172222,2,-1,0,0.09560887,0
4,21,1,1,1,251.29161,139.6552,366.0811,-0.008209522,0.0024407906,0.007704754,11.803355,11.956944,2,27,1,0.99363846,1
4,26,0,0,0,0.0,0.0,0.0,0.0,0.0,0.0,2.7829514,2.7497222,2,-1,0,0.12294627,0
4,33,0,0,0,0.0,0.0,0.0,0.0,0.0,0.0,2.07475,2.025,2,-1,0,0.058386616,0
4,31,0,0,0,0.0,0.0,0.0,0.0,0.0,0.0,2.1159723,2.1572223,2,-1,0,0.046600528,0
4,2,0,0,0,0.0,0.0,0.0,0.0,0.0,0.0,2.1405694,2.1444445,2,-1,0,0.088932775,0
4,25,0,0,0,0.0,0.0,0.0,0.0,0.0,0.0,2.4288266,2.4236112,2,-1,0,0.14739554,0
4,11,0,0,0,0.0,0.0,0.0,0.0,0.0,0.0,2.3912153,2.4147222,2,-1,0,0.18966132,0
4,24,1,1,1,-273.7896,111.57244,221.8578,-0.01755804,0.0050166813,0.015410297,18.61136,18.526112,2,28,1,0.9856653,1
4,24,1,0,1,-273.7896,111.57244,221.8578,-0.01755804,0.0050166813,0.015410297,5.285625,5.209722,2,-1,0,0.97726506,1
4,9,1,1,1,-286.16757,446.2759,271.08365,-0.011622676,0.0054969788,0.0076272045,12.202451,12.2575,2,29,1,0.9754313,1
4,7,1,1,1,296.89716,-170.00156,457.797,-0.011374616,0.006135686,0.01146748,16.464527,16.241945,2,30,1,0.9933462,1
4,28,0,0,0,0.0,0.0,0.0,0.0,0.0,0.0,2.9816942,3.0113888,2,-1,0,0.23870583,0
4,25,0,0,0,0.0,0.0,0.0,0.0,0.0,0.0,2.4091666,2.4019444,2,-1,0,0.12939465,0
4,19,1,1,1,-302.74704,195.57205,223.4993,-0.0059215813,0.0036978368,0.0052777543,8.733708,8.801666,2,31,1,0.9861835,1
4,17,0,0,0,0.0,0.0,0.0,0.0,0.0,0.0,2.871125,2.9080555,2,-1,0,0.1948163,0
4,8,0,0,0,0.0,0.0,0.0,0.0,0.0,0.0,2.1906042,2.1308334,2,-1,0,0.04491174,0
4,14,0,0,0,0.0,0.0,0.0,0.0,0.0,0.0,2.482361,2.5158334,2,-1,0,0.13467972,0
4,10,0,0,0,0.0,0.0,0.0,0.0,0.0,0.0,2.2909584,2.2866666,2,-1,0,0.101535276,0
4,5,0,0,0,0.0,0.0,0.0,0.0,0.0,0.0,2.2002153,2.2941666,2,-1,0,0.0836798,0
4,39,0,0,0,0.0,0.0,0.0,0.0,0.0,0.0,2.0239165,2.0225,2,-1,0,0.101345316,0
4,23,1,1,1,325.09073,-40.491608,203.89948,-0.004546328,-0.00041751596,0.0031070877,5.03191,5.0591664,2,32,1,0.97092795,1
4,39,0,0,0,0.0,0.0,0.0,0.0,0.0,0.0,2.2338471,2.143889,2,-1,0,0.12652573,0
4,31,0,0,0,0.0,0.0,0.0,0.0,0.0,0.0,2.0230973,2.055,2,-1,0,0.09102241,0
4,1,0,0,0,0.0,0.0,0.0,0.0,0.0,0.0,2.0706878,2.118611,2,-1,0,0.20551118,0
4,35,0,0,0,0.0,0.0,0.0,0.0,0.0,0.0,2.0662224,2.0683334,2,-1,0,0.08520335,0
4,26,0,0,0,0.0,0.0,0.0,0.0,0.0,0.0,2.3970556,2.4258332,2,-1,0,0.102438085,0
4,39,0,0,0,0.0,0.0,0.0,0.0,0.0,0.0,1.9492779,2.0066667,2,-1,0,0.081828564,0
4,16,1,1,1,346.2644,-452.9853,263.35416,-0.014204935,0.0026088574,0.009445631,13.766547,13.656111,2,33,1,0.99997234,1
4,26,0,0,0,0.0,0.0,0.0,0.0,0.0,0.0,2.0956042,2.1422222,2,-1,0,0.17885216,0
4,26,1,1,1,-347.62506,-125.28499,427.56448,-0.009799988,0.0038098264,0.008029834,12.513583,12.517222,2,34,1,0.97648877,1
4,39,0,0,0,0.0,0.0,0.0,0.0,0.0,0.0,2.4677572,2.4783332,2,-1,0,0.16375509,0
4,38,0,0,0,0.0,0.0,0.0,0.0,0.0,0.0,2.0777292,2.0402777,2,-1,0,0.109635495,0
4,17,0,0,0,0.0,0.0,0.0,0.0,0.0,0.0,2.2194307,2.1455555,2,-1,0,0.074359454,0
4,2,0,0,0,0.0,0.0,0.0,0.0,0.0,0.0,2.2247915,2.1941667,2,-1,0,0.1353447,0
4,5,1,1,1,357.68353,38.165123,425.5757,-0.011879179,0.005189203,0.009946306,15.8069725,15.830556,2,35,1,0.9690976,1
4,9,0,0,0,0.0,0.0,0.0,0.0,0.0,0.0,1.9543194,2.0038888,2,-1,0,0.10308757,0
4,24,0,0,0,0.0,0.0,0.0,0.0,0.0,0.0,2.3364513,2.346111,2,-1,0,0.09898405,0
4,2,0,0,0,0.0,0.0,0.0,0.0,0.0,0.0,2.7104032,2.7616668,2,-1,0,0.15301818,0
4,26,0,0,0,0.0,0.0,0.0,0.0,0.0,0.0,2.7526665,2.7322223,2,-1,0,0.14709958,0
4,8,0,0,0,0.0,0.0,0.0,0.0,0.0,0.0,2.0934443,2.0927777,2,-1,0,0.19016786,0
4,16,0,0,0,0.0,0.0,0.0,0.0,0.0,0.0,1.9911944,2.0855556,2,-1,0,0.11673591,0
4,20,0,0,0,0.0,0.0,0.0,0.0,0.0,0.0,2.176847,2.198611,2,-1,0,0.059512503,0
4,40,0,0,0,0.0,0.0,0.0,0.0,0.0,0.0,2.1459029,2.2002778,2,-1,0,0.085187815,0
4,1,0,0,0,0.0,0.0,0.0,0.0,0.0,0.0,2.181903,2.211111,2,-1,0,0.09556726,0
4,22,0,0,0,0.0,0.0,0.0,0.0,0.0,0.0,2.4726665,2.3997223,2,-1,0,0.09757266,0
4,33,0,0,0,0.0,0.0,0.0,0.0,0.0,0.0,2.4127083,2.4183333,2,-1,0,0.08776157,0
4,7,0,0,0,0.0,0.0,0.0,0.0,0.0,0.0,2.0537777,2.0608332,2,-1,0,0.095789984,0
4,7,0,0,0,0.0,0.0,0.0,0.0,0.0,0.0,2.171458,2.0597222,2,-1,0,0.1412644,0
4,31,0,0,0,0.0,0.0,0.0,0.0,0.0,0.0,2.1528335,2.1508334,2,-1,0,0.18668465,0
4,13,0,0,0,0.0,0.0,0.0,0.0,0.0,0.0,2.665375,2.7119443,2,-1,0,0.33602887,0
4,12,0,0,0,0.0,0.0,0.0,0.0,0.0,0.0,2.0747223,2.1225,2,-1,0,0.17279136,0
4,15,0,0,0,0.0,0.0,0.0,0.0,0.0,0.0,2.4441667,2.4505556,2,-1,0,0.17255718,0
4,11,0,0,0,0.0,0.0,0.0,0.0,0.0,0.0,2.2201111,2.2444444,2,-1,0,0.07320952,0
4,11,0,0,0,0.0,0.0,0.0,0.0,0.0,0.0,2.5745556,2.5452778,2,-1,0,0.11625426,0
4,22,0,0,0,0.0,0.0,0.0,0.0,0.0,0.0,2.4121528,2.4116666,2,-1,0,0.09283682,0
4,10,0,0,0,0.0,0.0,0.0,0.0,0.0,0.0,2.6978333,2.686389,2,-1,0,0.34590054,0
4,15,0,0,0,0.0,0.0,0.0,0.0,0.0,0.0,2.1058333,2.1025,2,-1,0,0.08417973,0
4,10,0,0,0,0.0,0.0,0.0,0.0,0.0,0.0,2.352507,2.2641666,2,-1,0,0.065093905,0
4,26,0,0,0,0.0,0.0,0.0,0.0,0.0,0.0,2.5608263,2.5947223,2,-1,0,0.16563046,0
4,26,0,0,0,0.0,0.0,0.0,0.0,0.0,0.0,2.3025,2.2769444,2,-1,0,0.17262504,0
4,6,0,0,0,0.0,0.0,0.0,0.0,0.0,0.0,2.3345764,2.3208334,2,-1,0,0.1668141,0
4,17,0,0,0,0.0,0.0,0.0,0.0,0.0,0.0,2.194236,2.192222,2,-1,0,0.13966204,0
4,39,0,0,0,0.0,0.0,0.0,0.0,0.0,0.0,2.023382,2.0305555,2,-1,0,0.06275207,0
4,3,0,0,0,0.0,0.0,0.0,0.0,0.0,0.0,2.0490553,2.0694444,2,-1,0,0.11921809,0
4,16,0,0,0,0.0,0.0,0.0,0.0,0.0,0.0,2.2157223,2.195,2,-1,0,0.09109702,0
4,18,0,0,0,0.0,0.0,0.0,0.0,0.0,0.0,2.1057777,2.0925,2,-1,0,0.0841376,0
5,37,0,0,0,0.0,0.0,0.0,0.0,0.0,0.0,2.2568336,2.2133334,2,-1,0,0.12480757,0
5,13,0,0,0,0.0,0.0,0.0,0.0,0.0,0.0,2.771861,2.7919445,2,-1,0,0.1407132,0
5,18,0,0,0,0.0,0.0,0.0,0.0,0.0,0.0,2.3329444,2.3955555,2,-1,0,0.12404703,0
5,34,0,0,0,0.0,0.0,0.0,0.0,0.0,0.0,2.0092638,2.0758333,2,-1,0,0.050071113,0
5,25,0,0,0,0.0,0.0,0.0,0.0,0.0,0.0,2.3329444,2.3302777,2,-1,0,0.13793528,0
5,22,1,1,1,-27.019808,-108.48101,54.14361,-0.005184496,0.0022953204,0.0066097286,10.571806,10.535277,2,0,1,0.9955647,1
5,10,0,0,0,0.0,0.0,0.0,0.0,0.0,0.0,2.166271,2.1991668,2,-1,0,0.09945402,0
5,16,1,1,1,32.887814,-228.65244,461.99658,-0.0040678782,0.0027836538,0.0018575693,5.834847,5.9566665,2,1,1,0.9693392,1
5,10,0,0,0,0.0,0.0,0.0,0.0,0.0,0.0,2.239889,2.293611,2,-1,0,0.07434237,0
5,33,0,0,0,0.0,0.0,0.0,0.0,0.0,0.0,2.5751598,2.5033333,2,-1,0,0.096618146,0
5,18,1,1,1,40.36192,402.16727,104.011024,-0.002616941,0.00057515764,0.00040141604,2.7341666,2.7077777,2,2,1,0.214687,0
5,1,0,0,0,0.0,0.0,0.0,0.0,0.0,0.0,2.134986,2.123889,2,-1,0,0.07724353,0
5,4,1,1,1,-49.494446,-508.93918,63.44126,-0.019715846,0.0061895223,0.01275543,22.284138,22.135279,2,3,1,0.96957546,1
5,16,0,0,0,0.0,0.0,0.0,0.0,0.0,0.0,2.0479999,2.0566666,2,-1,0,0.064836234,0
5,12,1,0,1,82.76467,320.33755,35.323803,-0.022738291,0.008424146,0.014230381,3.103993,3.1447222,2,-1,0,0.37475473,0
5,23,0,0,0,0.0,0.0,0.0,0.0,0.0,0.0,2.1128957,2.0275,2,-1,0,0.09253383,0
5,28,0,0,0,0.0,0.0,0.0,0.0,0.0,0.0,2.0846875,2.041111,2,-1,0,0.10713537,0
5,4,1,0,1,-49.494446,-508.93918,63.44126,-0.019715846,0.0061895223,0.01275543,5.763938,5.775,2,-1,0,0.97223425,1
5,2,0,0,0,0.0,0.0,0.0,0.0,0.0,0.0,2.307639,2.263611,2,-1,0,0.1399012,0
5,14,0,0,0,0.0,0.0,0.0,0.0,0.0,0.0,2.815097,2.7344444,2,-1,0,0.14967538,0
5,38,0,0,0,0.0,0.0,0.0,0.0,0.0,0.0,2.0019307,2.0052779,2,-1,0,0.09334426,0
5,12,1,0,1,82.76467,320.33755,35.323803,-0.022738291,0.008424146,0.014230381,6.489868,6.339722,2,-1,0,0.9971733,1
5,37,1,0,1,102.30981,417.07718,372.45728,-0.015022996,0.0053293793,0.012719489,5.355284,5.3275,2,-1,0,0.9208342,1
5,10,0,0,0,0.0,0.0,0.0,0.0,0.0,0.0,2.421,2.4358332,2,-1,0,0.094661355,0
5,2,0,0,0,0.0,0.0,0.0,0.0,0.0,0.0,2.456583,2.521111,2,-1,0,0.11723829,0
5,13,0,0,0,0.0,0.0,0.0,0.0,0.0,0.0,2.103486,1.9955555,2,-1,0,0.031977613,0
5,5,0,0,0,0.0,0.0,0.0,0.0,0.0,0.0,2.272993,2.2402778,2,-1,0,0.12666465,0
5,39,0,0,0,0.0,0.0,0.0,0.0,0.0,0.0,2.9634168,2.9655557,2,-1,0,0.20697407,0
5,4,0,0,0,0.0,0.0,0.0,0.0,0.0,0.0,2.1028333,2.1369445,2,-1,0,0.12060444,0
5,38,0,0,0,0.0,0.0,0.0,0.0,0.0,0.0,2.144882,2.1866667,2,-1,0,0.17643572,0
5,22,0,0,0,0.0,0.0,0.0,0.0,0.0,0.0,2.8527155,2.9558334,2,-1,0,0.24822938,0
5,12,1,1,1,82.76467,320.33755,35.323803,-0.022738291,0.008424146,0.014230381,17.844536,17.611944,2,4,1,0.99956316,1
5,18,0,0,0,0.0,0.0,0.0,0.0,0.0,0.0,2.1831806,2.1775,2,-1,0,0.16685791,0
5,36,1,1,1,88.60243,466.8757,440.8343,-0.016756436,0.0067598936,0.013310092,25.238333,24.673056,2,5,1,0.87726694,1
5,7,0,0,0,0.0,0.0,0.0,0.0,0.0,0.0,2.1296735,2.1444445,2,-1,0,0.10115195,0
5,33,0,0,0,0.0,0.0,0.0,0.0,0.0,0.0,2.3065279,1.3575,2,-1,0,0.1381407,0
5,36,0,0,0,0.0,0.0,0.0,0.0,0.0,0.0,2.349778,2.4208333,2,-1,0,0.09260204,0
5,9,0,0,0,0.0,0.0,0.0,0.0,0.0,0.0,2.6032848,2.442222,2,-1,0,0.12853245,0
5,1,0,0,0,0.0,0.0,0.0,0.0,0.0,0.0,2.3176248,2.26,2,-1,0,0.08963105,0
5,37,1,1,1,102.30981,417.07718,372.45728,-0.015022996,0.0053293793,0.012719489,11.374049,11.235833,2,6,1,0.9887961,1
5,32,1,1,1,99.91176,533.9329,356.06097,-0.0032614558,-0.00071876205,0.0019534016,4.0214167,4.0069447,2,7,1,0.96378785,1
5,19,0,0,0,0.0,0.0,0.0,0.0,0.0,0.0,2.0021389,2.033611,2,-1,0,0.022896599,0
5,37,1,0,1,102.30981,417.07718,372.45728,-0.015022996,0.0053293793,0.012719489,2.7953055,2.8597221,2,-1,0,0.68857265,1
5,38,0,0,0,0.0,0.0,0.0,0.0,0.0,0.0,2.021417,2.016389,2,-1,0,0.09837831,0
5,32,0,0,0,0.0,0.0,0.0,0.0,0.0,0.0,2.1839166,2.1688888,2,-1,0,0.08985714,0
5,29,0,0,0,0.0,0.0,0.0,0.0,0.0,0.0,2.2029443,2.2369444,2,-1,0,0.07825297,0
5,24,1,1,1,-112.206436,565.756,336.1038,-0.0070252335,0.0039895936,0.0042667976,9.354062,9.273056,2,8,1,0.98001754,1
5,36,0,0,0,0.0,0.0,0.0,0.0,0.0,0.0,2.0505555,2.0633333,2,-1,0,0.10847998,0
5,8,1,1,1,129.16908,-146.8468,107.93476,-0.021141702,0.0025335865,0.014161839,24.23039,24.037777,2,9,1,0.9566723,1
5,36,0,0,0,0.0,0.0,0.0,0.0,0.0,0.0,2.2141945,2.2580554,2,-1,0,0.084001236,0
5,19,0,0,0,0.0,0.0,0.0,0.0,0.0,0.0,2.2262917,2.2905555,2,-1,0,0.061511,0
5,7,0,0,0,0.0,0.0,0.0,0.0,0.0,0.0,2.1892776,2.1861112,2,-1,0,0.076605886,0
5,13,0,0,0,0.0,0.0,0.0,0.0,0.0,0.0,2.6307917,2.6641667,2,-1,0,0.14551474,0
5,6,0,0,0,0.0,0.0,0.0,0.0,0.0,0.0,2.034896,2.0216668,2,-1,0,0.055903368,0
5,32,0,0,0,0.0,0.0,0.0,0.0,0.0,0.0,2.5573335,2.498889,2,-1,0,0.11753746,0
5,16,0,0,0,0.0,0.0,0.0,0.0,0.0,0.0,2.0112083,2.0966666,2,-1,0,0.086202286,0
5,10,0,0,0,0.0,0.0,0.0,0.0,0.0,0.0,2.263375,2.146389,2,-1,0,0.07272445,0
5,38,1,1,1,-146.13632,478.2175,117.37878,-0.0076687885,3.632612e-05,0.004492564,7.9986033,8.0325,2,10,1,0.99248123,1
5,37,0,0,0,0.0,0.0,0.0,0.0,0.0,0.0,2.1774306,2.2461112,2,-1,0,0.11155406,0
5,27,0,0,0,0.0,0.0,0.0,0.0,0.0,0.0,2.0980208,2.0969443,2,-1,0,0.07816731,0
5,20,0,0,0,0.0,0.0,0.0,0.0,0.0,0.0,2.2024863,2.1630557,2,-1,0,0.057011046,0
5,30,0,0,0,0.0,0.0,0.0,0.0,0.0,0.0,2.2385972,2.29,2,-1,0,0.08446683,0
5,40,0,0,0,0.0,0.0,0.0,0.0,0.0,0.0,2.5074306,2.5952778,2,-1,0,0.16629456,0
5,34,0,0,0,0.0,0.0,0.0,0.0,0.0,0.0,2.4328334,2.4375,2,-1,0,0.032453008,0
5,13,0,0,0,0.0,0.0,0.0,0.0,0.0,0.0,2.039882,2.0475,2,-1,0,0.099053726,0
5,39,0,0,0,0.0,0.0,0.0,0.0,0.0,0.0,2.8462918,2.876111,2,-1,0,0.15541404,0
5,12,0,0,0,0.0,0.0,0.0,0.0,0.0,0.0,2.1489723,2.2369444,2,-1,0,0.154487,0
5,7,0,0,0,0.0,0.0,0.0,0.0,0.0,0.0,2.3015625,2.2316666,2,-1,0,0.11057536,0
5,29,0,0,0,0.0,0.0,0.0,0.0,0.0,0.0,3.0406597,3.0997221,2,-1,0,0.23145339,0
5,9,0,0,0,0.0,0.0,0.0,0.0,0.0,0.0,2.4691386,2.4252777,2,-1,0,0.07743068,0
5,26,0,0,0,0.0,0.0,0.0,0.0,0.0,0.0,1.9965485,2.0416667,2,-1,0,0.077776924,0
5,16,0,0,0,0.0,0.0,0.0,0.0,0.0,0.0,1.9223053,2.0083334,2,-1,0,0.06137302,0
5,27,0,0,0,0.0,0.0,0.0,0.0,0.0,0.0,2.2777777,2.2169445,2,-1,0,0.09251289,0
5,20,0,0,0,0.0,0.0,0.0,0.0,0.0,0.0,2.19975,2.2161112,2,-1,0,0.09844755,0
5,11,0,0,0,0.0,0.0,0.0,0.0,0.0,0.0,2.2624097,2.3038888,2,-1,0,0.09834418,0
5,11,1,1,1,195.20052,-319.40106,278.72223,-0.0020205965,0.0017997442,0.00067618786,2.5915697,2.5686111,2,11,1,0.16433725,0
5,21,1,1,1,200.9564,169.85966,179.63008,-0.012050646,0.0009639437,0.009252819,12.242084,12.336389,2,12,1,0.9748377,1
5,13,1,1,1,207.65611,158.751,98.726,-0.025867058,0.009785751,0.021605799,34.51678,35.29111,2,13,1,0.9998597,1
5,2,0,0,0,0.0,0.0,0.0,0.0,0.0,0.0,2.4864583,1.3794445,2,-1,0,0.08916308,0
5,14,0,0,0,0.0,0.0,0.0,0.0,0.0,0.0,2.8980904,2.8063889,2,-1,0,0.14606808,0
5,21,1,0,1,200.9564,169.85966,179.63008,-0.012050646,0.0009639437,0.009252819,2.502646,2.5394444,2,-1,0,0.44929734,0
5,23,0,0,0,0.0,0.0,0.0,0.0,0.0,0.0,2.2951877,2.2294445,2,-1,0,0.055428572,0
5,25,1,1,1,202.73203,-472.12152,436.24554,-0.003769778,0.0004399676,0.00093448104,3.8085418,3.6713889,2,14,1,0.9439895,1
5,25,0,0,0,0.0,0.0,0.0,0.0,0.0,0.0,2.3133056,2.3105555,2,-1,0,0.3501433,0
5,33,1,1,1,-204.15991,542.6698,178.84679,-0.0068703913,0.0009877306,0.007157227,10.319694,10.3758335,2,15,1,0.9862938,1
5,39,0,0,0,0.0,0.0,0.0,0.0,0.0,0.0,2.089639,2.0630555,2,-1,0,0.059934217,0
5,16,0,0,0,0.0,0.0,0.0,0.0,0.0,0.0,2.5711665,2.57,2,-1,0,0.14151669,0
5,35,1,1,1,-218.9336,335.83246,42.247944,-0.011240063,0.006002202,0.008603973,13.941757,13.960278,2,16,1,0.99486816,1
5,14,1,1,1,-220.23729,188.14693,173.83168,-0.011722344,0.0029075192,0.006856983,14.473507,14.423611,2,17,1,0.9950287,1
5,19,0,0,0,0.0,0.0,0.0,0.0,0.0,0.0,2.2161043,2.221111,2,-1,0,0.0651757,0
5,19,1,0,1,255.2938,-52.675854,399.5473,-0.014809638,0.0064012664,0.012952338,6.641153,6.6275,2,-1,0,0.9806354,1
5,23,0,0,0,0.0,0.0,0.0,0.0,0.0,0.0,2.6294444,2.5902777,2,-1,0,0.13464695,0
5,26,1,1,1,-228.63408,-196.02281,330.63824,-0.00085676106,0.00064518617,0.002443508,2.2055695,2.193889,2,18,1,0.10991387,0
5,29,0,0,0,0.0,0.0,0.0,0.0,0.0,0.0,2.0723681,2.1736112,2,-1,0,0.09048954,0
5,36,0,0,0,0.0,0.0,0.0,0.0,0.0,0.0,2.103604,2.106111,2,-1,0,0.11443099,0
5,27,1,1,1,-231.29228,-273.0241,155.95378,-0.009817459,0.0023127047,0.004272426,9.127402,9.029166,2,19,1,0.9780448,1
5,8,0,0,0,0.0,0.0,0.0,0.0,0.0,0.0,2.032132,2.0108333,2,-1,0,0.1255872,0
5,3,1,1,1,-238.71014,-126.68118,8.429995,-0.0061607393,0.0034284818,0.0031939473,7.7089725,7.7308335,2,20,1,0.9857017,1
5,9,1,1,1,-247.68787,590.5326,404.31934,-0.018420426,0.0043151695,0.014852802,24.505846,24.609722,2,21,1,0.9992454,1
5,26,0,0,0,0.0,0.0,0.0,0.0,0.0,0.0,2.3142083,2.3194444,2,-1,0,0.10509772,0
5,28,1,1,1,-248.18263,-379.8479,21.748594,-0.010005719,0.0011897808,0.0073832865,10.584966,10.6825,2,22,1,0.96990395,1
5,31,1,1,1,-248.72287,573.7842,369.19812,-0.0059525915,0.0024767895,0.002224524,6.382639,6.432778,2,23,1,0.97201914,1
5,27,0,0,0,0.0,0.0,0.0,0.0,0.0,0.0,2.1219792,2.1002777,2,-1,0,0.16472495,0
5,40,1,0,1,261.68933,-229.88686,269.85852,-0.0193391,0.003734336,0.015020099,5.9825835,5.973611,2,-1,0,0.96701247,1
5,19,1,1,1,255.2938,-52.675854,399.5473,-0.014809638,0.0064012664,0.012952338,12.745472,12.6652775,2,24,1,0.9739774,1
5,40,1,1,1,261.68933,-229.88686,269.85852,-0.0193391,0.003734336,0.015020099,18.641535,18.818056,2,25,1,0.9122786,1
5,22,0,0,0,0.0,0.0,0.0,0.0,0.0,0.0,2.1879582,2.181111,2,-1,0,0.08525156,0
5,13,0,0,0,0.0,0.0,0.0,0.0,0.0,0.0,2.1802154,2.1577778,2,-1,0,0.10945205,0
5,16,0,0,0,0.0,0.0,0.0,0.0,0.0,0.0,2.0902846,2.0202777,2,-1,0,0.08802033,0
5,13,0,0,0,0.0,0.0,0.0,0.0,0.0,0.0,1.9918264,2.016389,2,-1,0,0.1279875,0
5,32,0,0,0,0.0,0.0,0.0,0.0,0.0,0.0,2.0169582,2.015,2,-1,0,0.12420478,0
5,20,0,0,0,0.0,0.0,0.0,0.0,0.0,0.0,2.089986,2.0947223,2,-1,0,0.07742072,0
5,18,0,0,0,0.0,0.0,0.0,0.0,0.0,0.0,2.408132,2.458889,2,-1,0,0.107586674,0
5,2,0,0,0,0.0,0.0,0.0,0.0,0.0,0.0,2.3014584,2.3263888,2,-1,0,0.07111209,0
5,39,0,0,0,0.0,0.0,0.0,0.0,0.0,0.0,2.0249722,2.0266666,2,-1,0,0.086901754,0
5,15,0,0,0,0.0,0.0,0.0,0.0,0.0,0.0,2.2700279,2.2558334,2,-1,0,0.10163054,0
5,15,1,1,1,285.6206,-516.32556,193.02197,-0.006276491,-0.00041140654,0.0033397246,6.525306,6.6538887,2,26,1,0.9811948,1
5,6,1,1,1,286.48676,554.6656,155.36784,-0.0049249483,0.002303657,0.0028133364,6.0784307,6.088889,2,27,1,0.9745978,1
5,26,0,0,0,0.0,0.0,0.0,0.0,0.0,0.0,2.270611,2.2652779,2,-1,0,0.17141311,0
5,39,1,1,1,-297.9133,337.32193,114.09795,-0.0029062468,-0.0007092404,0.0014210396,3.1667361,2.8708334,2,28,1,0.09411658,0
5,17,1,1,1,300.39594,-240.22733,136.42995,-0.0076882974,0.00039979437,0.0042939167,7.50209,7.2994447,2,29,1,0.9671186,1
5,1,1,1,1,-300.70703,438.98212,69.27871,-0.015775602,0.0035425734,0.009623942,13.652223,13.787778,2,30,1,0.9892019,1
5,19,0,0,0,0.0,0.0,0.0,0.0,0.0,0.0,2.7938056,2.6336112,2,-1,0,0.37105426,0
5,34,1,1,1,310.4458,-253.75354,233.56326,-0.009504901,0.0028884541,0.0099260295,12.383701,12.388333,2,31,1,0.9633686,1
5,4,0,0,0,0.0,0.0,0.0,0.0,0.0,0.0,2.1529791,2.1369445,2,-1,0,0.08254125,0
5,33,0,0,0,0.0,0.0,0.0,0.0,0.0,0.0,2.719979,2.725,2,-1,0,0.5263681,1
5,35,0,0,0,0.0,0.0,0.0,0.0,0.0,0.0,2.2228124,2.2036111,2,-1,0,0.118937306,0
5,7,1,1,1,317.34927,-340.79382,276.36124,-0.013617651,0.0053975005,0.007685077,15.555617,15.736667,2,32,1,0.99198675,1
5,23,1,1,1,-315.10086,-139.91498,205.38187,-0.013235541,0.003961765,0.008423298,13.976736,14.026667,2,33,1,0.98889625,1
5,9,0,0,0,0.0,0.0,0.0,0.0,0.0,0.0,2.0040972,2.031111,2,-1,0,0.09273317,0
5,29,1,1,1,326.0488,175.89407,82.66543,-0.004276494,0.001007623,0.006069044,6.837299,6.868889,2,34,1,0.98279345,1
5,10,1,1,1,-327.4428,-521.8851,68.456505,-0.011070498,0.0033000493,0.011206887,10.978869,11.093333,2,35,1,0.9627483,1
5,3,0,0,0,0.0,0.0,0.0,0.0,0.0,0.0,2.1659863,2.103889,2,-1,0,0.06518351,0
5,22,0,0,0,0.0,0.0,0.0,0.0,0.0,0.0,2.0485,2.0466666,2,-1,0,0.14012517,0
5,6,0,0,0,0.0,0.0,0.0,0.0,0.0,0.0,2.020139,2.077222,2,-1,0,0.10284439,0
5,32,0,0,0,0.0,0.0,0.0,0.0,0.0,0.0,1.9896805,2.0119445,2,-1,0,0.24560227,0
5,22,0,0,0,0.0,0.0,0.0,0.0,0.0,0.0,2.5845416,2.5886111,2,-1,0,0.048157923,0
5,39,0,0,0,0.0,0.0,0.0,0.0,0.0,0.0,2.092875,2.1530557,2,-1,0,0.0479339,0
5,21,0,0,0,0.0,0.0,0.0,0.0,0.0,0.0,2.7277915,2.7402778,2,-1,0,0.16519505,0
5,40,0,0,0,0.0,0.0,0.0,0.0,0.0,0.0,2.7229931,2.738889,2,-1,0,0.2723471,0
5,27,0,0,0,0.0,0.0,0.0,0.0,0.0,0.0,2.5783887,2.5527778,2,-1,0,0.08776177,0
5,22,0,0,0,0.0,0.0,0.0,0.0,0.0,0.0,2.0836806,2.1713889,2,-1,0,0.12555058,0
5,6,0,0,0,0.0,0.0,0.0,0.0,0.0,0.0,2.4693334,2.4444444,2,-1,0,0.13129373,0
5,22,0,0,0,0.0,0.0,0.0,0.0,0.0,0.0,3.015958,2.9472222,2,-1,0,0.2853389,0
5,22,0,0,0,0.0,0.0,0.0,0.0,0.0,0.0,2.054507,2.066111,2,-1,0,0.06207187,0
5,10,1,0,1,-327.4428,-521.8851,68.456505,-0.011070498,0.0033000493,0.011206887,4.389951,4.295833,2,-1,0,0.99919814,1
5,2,0,0,0,0.0,0.0,0.0,0.0,0.0,0.0,2.938611,3.04,2,-1,0,0.15349002,0
5,15,0,0,0,0.0,0.0,0.0,0.0,0.0,0.0,2.3049443,2.245278,2,-1,0,0.12485457,0
5,6,0,0,0,0.0,0.0,0.0,0.0,0.0,0.0,2.4296875,2.4291666,2,-1,0,0.067839965,0
5,25,0,0,0,0.0,0.0,0.0,0.0,0.0,0.0,2.0594375,2.06,2,-1,0,0.0923391,0
5,22,0,0,0,0.0,0.0,0.0,0.0,0.0,0.0,2.441007,2.4233334,2,-1,0,0.11835996,0
5,34,0,0,0,0.0,0.0,0.0,0.0,0.0,0.0,2.188625,2.1769445,2,-1,0,0.12133579,0
5,12,0,0,0,0.0,0.0,0.0,0.0,0.0,0.0,2.1125,2.088889,2,-1,0,0.08957908,0
5,16,0,0,0,0.0,0.0,0.0,0.0,0.0,0.0,2.532736,2.4777777,2,-1,0,0.07436617,0
5,8,0,0,0,0.0,0.0,0.0,0.0,0.0,0.0,2.8024306,2.7783334,2,-1,0,0.21051943,0
5,27,0,0,0,0.0,0.0,0.0,0.0,0.0,0.0,2.3066666,2.2380555,2,-1,0,0.08873886,0
5,38,0,0,0,0.0,0.0,0.0,0.0,0.0,0.0,2.1573334,2.2494445,2,-1,0,0.052314717,0
5,30,0,0,0,0.0,0.0,0.0,0.0,0.0,0.0,2.0935347,2.1108334,2,-1,0,0.11365013,0
5,8,0,0,0,0.0,0.0,0.0,0.0,0.0,0.0,2.1866944,2.1816666,2,-1,0,0.032221153,0
5,39,0,0,0,0.0,0.0,0.0,0.0,0.0,0.0,2.1298332,2.1005557,2,-1,0,0.06812165,0
5,21,0,0,0,0.0,0.0,0.0,0.0,0.0,0.0,2.5398474,2.4633334,2,-1,0,0.18194182,0
5,26,0,0,0,0.0,0.0,0.0,0.0,0.0,0.0,2.0232015,2.0347223,2,-1,0,0.088169724,0
5,40,0,0,0,0.0,0.0,0.0,0.0,0.0,0.0,2.207,2.2155557,2,-1,0,0.12042952,0
5,24,0,0,0,0.0,0.0,0.0,0.0,0.0,0.0,2.027139,2.006389,2,-1,0,0.15318042,0
5,37,0,0,0,0.0,0.0,0.0,0.0,0.0,0.0,2.1969512,2.1527777,2,-1,0,0.04333376,0
5,1,0,0,0,0.0,0.0,0.0,0.0,0.0,0.0,2.2221596,2.3177779,2,-1,0,0.10112552,0
5,3,0,0,0,0.0,0.0,0.0,0.0,0.0,0.0,2.609208,2.6147223,2,-1,0,0.14764686,0
5,16,0,0,0,0.0,0.0,0.0,0.0,0.0,0.0,2.3211665,2.3016667,2,-1,0,0.09565376,0
5,6,0,0,0,0.0,0.0,0.0,0.0,0.0,0.0,2.4619863,2.3966668,2,-1,0,0.1621381,0
6,30,0,0,0,0.0,0.0,0.0,0.0,0.0,0.0,2.406347,2.3905556,2,-1,0,0.08766615,0
6,9,0,0,0,0.0,0.0,0.0,0.0,0.0,0.0,2.0442638,2.163889,2,-1,0,0.05098978,0
6,4,1,1,1,-8.096761,-475.53552,254.71194,-0.0074817995,0.004674509,0.005750067,12.7630625,12.838056,2,0,1,0.9538337,1
6,32,1,1,1,-12.325173,122.34849,158.80444,-0.0072530047,0.0012027533,0.0076952744,6.7984233,6.7516665,2,1,1,0.9845392,1
6,3,0,0,0,0.0,0.0,0.0,0.0,0.0,0.0,2.1194375,2.1208334,2,-1,0,0.10686312,0
6,37,0,0,0,0.0,0.0,0.0,0.0,0.0,0.0,2.4132848,2.4305556,2,-1,0,0.2709388,0
6,32,1,0,1,-12.325173,122.34849,158.80444,-0.0072530047,0.0012027533,0.0076952744,4.976493,4.9691668,2,-1,0,0.9845612,1
6,29,1,1,1,19.352158,142.6418,407.3645,-0.013099971,0.004254686,0.0072891884,17.09157,16.814444,2,2,1,0.9996755,1
6,21,0,0,0,0.0,0.0,0.0,0.0,0.0,0.0,2.5034447,2.508889,2,-1,0,0.04624011,0
6,34,1,1,1,-23.828682,15.823042,212.57329,-0.019118637,0.006890219,0.013661104,25.277534,25.219444,2,3,1,0.99914944,1
6,5,1,1,1,27.9838,-412.86072,407.63196,-0.004351587,0.0017140049,0.004117548,7.2920203,7.285,2,4,1,0.98492163,1
6,30,0,0,0,0.0,0.0,0.0,0.0,0.0,0.0,2.5499306,2.4697223,2,-1,0,0.10686359,0
6,39,0,0,0,0.0,0.0,0.0,0.0,0.0,0.0,2.1961737,2.2394445,2,-1,0,0.12965098,0
6,21,0,0,0,0.0,0.0,0.0,0.0,0.0,0.0,2.2453473,2.243611,2,-1,0,0.11383407,0
6,22,0,0,0,0.0,0.0,0.0,0.0,0.0,0.0,2.228125,2.2830555,2,-1,0,0.12061476,0
6,36,0,0,0,0.0,0.0,0.0,0.0,0.0,0.0,2.361875,2.3086112,2,-1,0,0.09035418,0
6,34,0,0,0,0.0,0.0,0.0,0.0,0.0,0.0,2.1793056,2.193889,2,-1,0,0.12757944,0
6,16,0,0,0,0.0,0.0,0.0,0.0,0.0,0.0,2.2784166,2.3108332,2,-1,0,0.06175845,0
6,40,0,0,0,0.0,0.0,0.0,0.0,0.0,0.0,2.2626526,2.2691667,2,-1,0,0.09286614,0
6,5,0,0,0,0.0,0.0,0.0,0.0,0.0,0.0,2.2365835,2.2819445,2,-1,0,0.14223798,0
6,4,0,0,0,0.0,0.0,0.0,0.0,0.0,0.0,2.1403055,2.063611,2,-1,0,0.07197984,0
6,24,0,0,0,0.0,0.0,0.0,0.0,0.0,0.0,2.2176113,2.1594443,2,-1,0,0.09073604,0
6,22,0,0,0,0.0,0.0,0.0,0.0,0.0,0.0,2.1690278,2.171111,2,-1,0,0.09955439,0
6,23,1,1,1,67.502686,358.911,174.30795,-0.002841795,-2.2520297e-05,0.002734994,3.983986,3.9452777,2,5,1,0.89892906,1
6,6,0,0,0,0.0,0.0,0.0,0.0,0.0,0.0,2.2370625,2.2469444,2,-1,0,0.09069796,0
6,14,0,0,0,0.0,0.0,0.0,0.0,0.0,0.0,2.3666387,2.3705556,2,-1,0,0.14406405,0
6,20,1,1,1,77.796745,23.468332,169.1304,-0.006385293,5.686399e-05,0.0065457313,8.986195,8.951944,2,6,1,0.99614394,1
6,5,0,0,0,0.0,0.0,0.0,0.0,0.0,0.0,2.5430002,2.5891666,2,-1,0,0.15421109,0
6,22,0,0,0,0.0,0.0,0.0,0.0,0.0,0.0,2.19284,2.1575,2,-1,0,0.08316671,0
6,20,0,0,0,0.0,0.0,0.0,0.0,0.0,0.0,2.0389373,2.1083333,2,-1,0,0.0985112,0
6,35,0,0,0,0.0,0.0,0.0,0.0,0.0,0.0,2.093583,2.0919445,2,-1,0,0.15584542,0
6,27,1,1,1,98.25617,170.68565,353.43274,-0.0056735864,0.0013681505,0.0022815028,6.6274166,6.6525,2,7,1,0.9959312,1
6,23,0,0,0,0.0,0.0,0.0,0.0,0.0,0.0,2.2834864,2.3083334,2,-1,0,0.10567344,0
6,14,0,0,0,0.0,0.0,0.0,0.0,0.0,0.0,2.6882153,2.695,2,-1,0,0.072364606,0
6,15,0,0,0,0.0,0.0,0.0,0.0,0.0,0.0,2.0012848,2.1172223,2,-1,0,0.06462166,0
6,31,0,0,0,0.0,0.0,0.0,0.0,0.0,0.0,2.2489097,2.2733333,2,-1,0,0.08269161,0
6,17,0,0,0,0.0,0.0,0.0,0.0,0.0,0.0,2.6115136,2.5133333,2,-1,0,0.28523153,0
6,33,1,1,1,115.65125,-308.65515,336.0075,-0.022320919,0.0062342566,0.015896456,14.840902,14.939167,2,8,1,0.9884086,1
6,3,1,1,1,-106.037865,-171.26526,272.6409,-0.009742495,0.0004355158,0.004997912,12.062576,12.1247225,2,9,1,0.9742449,1
6,20,0,0,0,0.0,0.0,0.0,0.0,0.0,0.0,2.2449028,2.308889,2,-1,0,0.106057055,0
6,33,1,0,1,115.65125,-308.65515,336.0075,-0.022320919,0.0062342566,0.015896456,14.943807,14.8336115,2,-1,0,0.8708328,1
6,1,0,0,0,0.0,0.0,0.0,0.0,0.0,0.0,2.227875,2.1669445,2,-1,0,0.069660254,0
6,14,1,1,1,-114.7153,-300.21576,332.65076,-0.013590519,0.001555328,0.011711305,14.945416,14.866111,2,10,1,0.93666065,1
6,15,0,0,0,0.0,0.0,0.0,0.0,0.0,0.0,2.346889,2.341389,2,-1,0,0.13113679,0
6,16,0,0,0,0.0,0.0,0.0,0.0,0.0,0.0,2.4148958,2.433889,2,-1,0,0.18170613,0
6,10,0,0,0,0.0,0.0,0.0,0.0,0.0,0.0,2.2065728,2.101389,2,-1,0,0.042844404,0
6,12,1,1,1,-138.18816,-293.5887,284.431,-0.008913195,0.0031433688,0.005132394,8.34625,8.310555,2,11,1,0.9892552,1
6,35,0,0,0,0.0,0.0,0.0,0.0,0.0,0.0,2.1592362,2.1733334,2,-1,0,0.08039632,0
6,36,1,1,1,-144.75444,-153.26315,141.2647,-0.011407775,0.001046084,0.008785281,8.551138,8.608889,2,12,1,0.96480644,1
6,36,1,0,1,-144.75444,-153.26315,141.2647,-0.011407775,0.001046084,0.008785281,7.8483334,7.9866667,2,-1,0,0.98857427,1
6,2,0,0,0,0.0,0.0,0.0,0.0,0.0,0.0,2.9553401,2.8716667,2,-1,0,0.18282156,0
6,8,0,0,0,0.0,0.0,0.0,0.0,0.0,0.0,2.2151113,2.2652779,2,-1,0,0.08676688,0
6,20,0,0,0,0.0,0.0,0.0,0.0,0.0,0.0,2.5932221,2.5261111,2,-1,0,0.38049752,0
6,1,0,0,0,0.0,0.0,0.0,0.0,0.0,0.0,3.203514,3.2244444,2,-1,0,0.085192576,0
6,37,0,0,0,0.0,0.0,0.0,0.0,0.0,0.0,2.3053749,2.327222,2,-1,0,0.11773142,0
6,8,1,0,1,174.77315,325.55154,317.3865,-0.01521163,0.004017874,0.009238855,5.573889,5.4958334,2,-1,0,0.9886678,1
6,30,1,1,1,165.85748,225.2054,294.3946,-0.0016149479,0.002148189,0.0018692946,3.0945556,3.0844445,2,13,1,0.4804279,0
6,39,1,1,1,-169.98863,572.0374,81.64078,-0.009091786,0.0022139738,0.009383026,12.774876,12.783334,2,14,1,0.984696,1
6,34,0,0,0,0.0,0.0,0.0,0.0,0.0,0.0,2.3196595,2.2541666,2,-1,0,0.1237575,0
6,8,1,1,1,174.77315,325.55154,317.3865,-0.01521163,0.004017874,0.009238855,12.029562,11.805,2,15,1,0.9914209,1
6,39,0,0,0,0.0,0.0,0.0,0.0,0.0,0.0,2.0854723,2.141389,2,-1,0,0.03786432,0
6,25,0,0,0,0.0,0.0,0.0,0.0,0.0,0.0,2.3844445,2.4480555,2,-1,0,0.24186796,0
6,22,0,0,0,0.0,0.0,0.0,0.0,0.0,0.0,2.1202776,2.1647222,2,-1,0,0.08683123,0
6,6,0,0,0,0.0,0.0,0.0,0.0,0.0,0.0,2.1511042,2.1530557,2,-1,0,0.13290536,0
6,8,0,0,0,0.0,0.0,0.0,0.0,0.0,0.0,2.6965554,2.7061112,2,-1,0,0.28646478,0
6,11,0,0,0,0.0,0.0,0.0,0.0,0.0,0.0,2.5352707,2.4891667,2,-1,0,0.2664801,0
6,17,1,1,1,-187.99664,-576.62354,320.6321,-0.009216649,0.0013022673,0.006697592,12.46275,12.371667,2,16,1,0.9899927,1
6,20,0,0,0,0.0,0.0,0.0,0.0,0.0,0.0,2.2024167,2.1266668,2,-1,0,0.0961071,0
6,19,1,1,1,201.08961,25.151798,62.474785,-0.0076855505,0.002606564,0.004347891,8.447292,8.345278,2,17,1,0.94894475,1
6,11,0,0,0,0.0,0.0,0.0,0.0,0.0,0.0,2.0684168,2.1425,2,-1,0,0.07789141,0
6,11,1,1,1,-202.44836,-409.7728,292.6013,-0.011298224,0.001985809,0.0094639,9.215028,9.211945,2,18,1,0.9909685,1
6,10,0,0,0,0.0,0.0,0.0,0.0,0.0,0.0,2.0089722,2.0891666,2,-1,0,0.10897785,0
6,18,0,0,0,0.0,0.0,0.0,0.0,0.0,0.0,2.132368,2.19,2,-1,0,0.12057382,0
6,31,0,0,0,0.0,0.0,0.0,0.0,0.0,0.0,2.4343057,2.4077778,2,-1,0,0.09417022,0
6,11,1,0,1,-202.44836,-409.7728,292.6013,-0.011298224,0.001985809,0.0094639,5.1741667,5.0797224,2,-1,0,0.9956006,1
6,30,0,0,0,0.0,0.0,0.0,0.0,0.0,0.0,2.5750763,2.6069446,2,-1,0,0.32983547,0
6,9,0,0,0,0.0,0.0,0.0,0.0,0.0,0.0,2.219271,2.2152777,2,-1,0,0.11129001,0
6,16,0,0,0,0.0,0.0,0.0,0.0,0.0,0.0,2.0633333,2.076111,2,-1,0,0.11357863,0
6,26,1,1,1,-222.09322,191.97327,42.16427,-0.006151479,0.0019254677,0.003126036,7.299667,7.1786113,2,19,1,0.96014696,1
6,38,0,0,0,0.0,0.0,0.0,0.0,0.0,0.0,2.0753126,2.1358333,2,-1,0,0.10297233,0
6,15,0,0,0,0.0,0.0,0.0,0.0,0.0,0.0,2.5598125,2.6616666,2,-1,0,0.26318315,0
6,2,1,1,1,248.29306,74.76828,175.71138,-0.009346013,0.0050128684,0.0097510135,14.290454,14.192778,2,20,1,0.989016,1
6,18,1,1,1,-246.81915,-575.95856,329.87286,-0.013784099,0.001758965,0.010219519,14.250536,14.030556,2,21,1,0.96823823,1
6,13,0,0,0,0.0,0.0,0.0,0.0,0.0,0.0,2.8504238,2.7966666,2,-1,0,0.5199567,1
6,11,0,0,0,0.0,0.0,0.0,0.0,0.0,0.0,2.2177777,2.1583333,2,-1,0,0.087817095,0
6,16,1,1,1,-253.3233,93.519936,321.7915,-0.004415055,-0.00021663003,0.0015164854,4.0595484,4.0091667,2,-1,1,0.9883156,1
6,21,0,0,0,0.0,0.0,0.0,0.0,0.0,0.0,2.2585554,2.265,2,-1,0,0.1282753,0
6,4,0,0,0,0.0,0.0,0.0,0.0,0.0,0.0,2.1275277,2.1702778,2,-1,0,0.03798676,0
6,3,0,0,0,0.0,0.0,0.0,0.0,0.0,0.0,2.437583,2.4022222,2,-1,0,0.14419574,0
6,30,0,0,0,0.0,0.0,0.0,0.0,0.0,0.0,2.406014,2.3608334,2,-1,0,0.0730556,0
6,8,0,0,0,0.0,0.0,0.0,0.0,0.0,0.0,2.5065,2.5030556,2,-1,0,0.21353021,0
6,35,1,1,1,-267.31622,-498.66837,294.50494,-0.009992491,0.00091525906,0.004834052,6.52991,6.5033336,2,22,1,0.97680515,1
6,30,0,0,0,0.0,0.0,0.0,0.0,0.0,0.0,2.699222,2.7122223,2,-1,0,0.12148186,0
6,9,1,1,1,-278.57086,78.77471,327.14218,-0.014190693,0.00278055,0.0079441555,16.953772,16.800278,2,23,1,0.98474944,1
6,5,0,0,0,0.0,0.0,0.0,0.0,0.0,0.0,2.1620762,2.1058333,2,-1,0,0.046297997,0
6,13,0,0,0,0.0,0.0,0.0,0.0,0.0,0.0,2.8008475,2.7894444,2,-1,0,0.37475896,0
6,28,1,1,1,289.10248,520.6903,310.5215,-0.013031698,0.0056127,0.01123901,17.46191,17.435556,2,24,1,0.9868635,1
6,30,0,0,0,0.0,0.0,0.0,0.0,0.0,0.0,2.2037637,2.1433334,2,-1,0,0.002465866,0
6,3,0,0,0,0.0,0.0,0.0,0.0,0.0,0.0,2.8696876,2.9108334,2,-1,0,0.2642332,0
6,35,1,0,1,-267.31622,-498.66837,294.50494,-0.009992491,0.00091525906,0.004834052,3.4022222,3.3558333,2,-1,0,0.96960866,1
6,8,0,0,0,0.0,0.0,0.0,0.0,0.0,0.0,2.2500277,2.1847222,2,-1,0,0.08169414,0
6,38,0,0,0,0.0,0.0,0.0,0.0,0.0,0.0,2.122611,2.1408334,2,-1,0,0.20366365,0
6,15,1,1,1,-317.63693,-582.16223,366.90875,-0.0078416,0.002935699,0.007399372,10.625208,10.609167,2,25,1,0.9749911,1
6,10,1,0,1,327.2308,221.9634,29.82757,-0.021246502,0.008444321,0.016000206,10.6408615,10.660833,2,-1,0,0.9639848,1
6,24,1,1,1,-320.2737,-577.4847,297.23395,-0.0038135175,0.0023314934,0.0017840867,4.0975623,4.1927776,2,26,1,0.9945109,1
6,40,1,1,1,-322.15448,31.255144,115.89608,-0.0025765165,0.0005425501,0.0042509055,4.488125,4.486111,2,-1,1,0.96298,1
6,10,1,1,1,327.2308,221.9634,29.82757,-0.021246502,0.008444321,0.016000206,14.251487,14.330833,2,27,1,0.9754587,1
6,25,0,0,0,0.0,0.0,0.0,0.0,0.0,0.0,2.0954027,2.0975,2,-1,0,0.06289657,0
6,39,0,0,0,0.0,0.0,0.0,0.0,0.0,0.0,2.0058472,2.0533333,2,-1,0,0.14403489,0
6,38,1,1,1,-328.4445,-489.89923,194.54848,-0.00844458,0.0046282625,0.008898917,12.474333,12.479722,2,28,1,0.98426604,1
6,1,0,0,0,0.0,0.0,0.0,0.0,0.0,0.0,2.7014236,2.6577778,2,-1,0,0.3180564,0
6,35,0,0,0,0.0,0.0,0.0,0.0,0.0,0.0,2.660458,2.6494443,2,-1,0,0.084171526,0
6,20,0,0,0,0.0,0.0,0.0,0.0,0.0,0.0,2.5537639,2.478889,2,-1,0,0.20842583,0
6,25,1,1,1,-339.3006,225.30624,107.48342,-0.0149124125,0.0071077636,0.00915718,14.555438,14.411111,2,29,1,0.99526125,1
6,3,0,0,0,0.0,0.0,0.0,0.0,0.0,0.0,2.7043195,2.8577778,2,-1,0,0.8089247,1
6,1,1,1,1,350.31802,-96.76588,345.32108,-0.023254279,0.006451971,0.017930815,24.002598,24.335556,2,30,1,0.98983055,1
6,34,0,0,0,0.0,0.0,0.0,0.0,0.0,0.0,2.3697987,2.356111,2,-1,0,0.075388186,0
6,14,0,0,0,0.0,0.0,0.0,0.0,0.0,0.0,2.0046666,2.0061111,2,-1,0,0.04384077,0
6,10,0,0,0,0.0,0.0,0.0,0.0,0.0,0.0,2.083861,2.096111,2,-1,0,0.08303224,0
6,31,0,0,0,0.0,0.0,0.0,0.0,0.0,0.0,2.2464027,2.2408333,2,-1,0,0.078431435,0
6,13,1,1,1,-350.1258,506.90967,202.364,-0.010880404,0.0041758963,0.0062353816,12.121653,12.1825,2,31,1,0.9945074,1
6,37,1,1,1,351.6961,441.35394,141.55476,-0.0035638374,9.259388e-05,0.0033320049,3.0262222,2.9833333,2,32,1,0.8543229,1
6,17,0,0,0,0.0,0.0,0.0,0.0,0.0,0.0,2.7807498,2.8147223,2,-1,0,0.18610594,0
6,10,0,0,0,0.0,0.0,0.0,0.0,0.0,0.0,1.9820904,2.0269444,2,-1,0,0.061554365,0
6,33,0,0,0,0.0,0.0,0.0,0.0,0.0,0.0,2.6967916,2.6983333,2,-1,0,0.13542257,0
6,35,0,0,0,0.0,0.0,0.0,0.0,0.0,0.0,2.2147152,2.2061112,2,-1,0,0.1225981,0
6,33,0,0,0,0.0,0.0,0.0,0.0,0.0,0.0,2.3853748,2.3633332,2,-1,0,0.16303095,0
6,39,0,0,0,0.0,0.0,0.0,0.0,0.0,0.0,2.3267362,2.266389,2,-1,0,0.12282207,0
6,29,0,0,0,0.0,0.0,0.0,0.0,0.0,0.0,2.0728753,2.0925,2,-1,0,0.08267032,0
6,29,0,0,0,0.0,0.0,0.0,0.0,0.0,0.0,2.7642224,2.7625,2,-1,0,0.2867438,0
6,37,0,0,0,0.0,0.0,0.0,0.0,0.0,0.0,2.3150694,2.2791667,2,-1,0,0.09967495,0
6,8,0,0,0,0.0,0.0,0.0,0.0,0.0,0.0,2.5220554,2.4133334,2,-1,0,0.12648767,0
6,15,0,0,0,0.0,0.0,0.0,0.0,0.0,0.0,2.2248473,2.2833333,2,-1,0,0.10535027,0
6,3,0,0,0,0.0,0.0,0.0,0.0,0.0,0.0,1.9895,2.0441666,2,-1,0,0.1042913,0
6,23,0,0,0,0.0,0.0,0.0,0.0,0.0,0.0,2.0857291,2.0022223,2,-1,0,0.09632422,0
6,19,0,0,0,0.0,0.0,0.0,0.0,0.0,0.0,2.6346457,2.5691667,2,-1,0,0.16867281,0
6,24,0,0,0,0.0,0.0,0.0,0.0,0.0,0.0,2.5078263,2.5227778,2,-1,0,0.10962009,0
6,26,0,0,0,0.0,0.0,0.0,0.0,0.0,0.0,2.2640834,2.2619445,2,-1,0,0.09222913,0
6,11,0,0,0,0.0,0.0,0.0,0.0,0.0,0.0,2.0771875,2.0866666,2,-1,0,0.098080084,0
6,4,0,0,0,0.0,0.0,0.0,0.0,0.0,0.0,2.0414584,2.085,2,-1,0,0.079154246,0
6,3,0,0,0,0.0,0.0,0.0,0.0,0.0,0.0,2.9938748,2.9183333,2,-1,0,0.8777765,1
6,8,0,0,0,0.0,0.0,0.0,0.0,0.0,0.0,2.012764,2.0383334,2,-1,0,0.07617136,0
7,30,0,0,0,0.0,0.0,0.0,0.0,0.0,0.0,2.2436388,2.3030555,2,-1,0,0.05088216,0
7,28,1,1,1,15.178762,-246.59294,351.28314,-0.01303263,0.0027623333,0.011239905,21.567638,21.589167,2,0,1,0.99627185,1
7,24,0,0,0,0.0,0.0,0.0,0.0,0.0,0.0,2.0863054,2.1355555,2,-1,0,0.10302469,0
7,17,0,0,0,0.0,0.0,0.0,0.0,0.0,0.0,2.5510278,2.5925,2,-1,0,0.114357784,0
7,38,1,0,1,21.64945,-512.3304,344.43448,-0.010839296,0.0051890947,0.0069718356,6.3748193,6.4122224,2,-1,0,0.97721297,1
7,38,1,1,1,21.64945,-512.3304,344.43448,-0.010839296,0.0051890947,0.0069718356,11.109028,11.091111,2,1,1,0.9891704,1
7,8,0,0,0,0.0,0.0,0.0,0.0,0.0,0.0,2.3451111,2.3344445,2,-1,0,0.15215908,0
7,21,0,0,0,0.0,0.0,0.0,0.0,0.0,0.0,2.265986,2.2133334,2,-1,0,0.09121332,0
7,40,0,0,0,0.0,0.0,0.0,0.0,0.0,0.0,2.5781875,2.578889,2,-1,0,0.15543018,0
7,21,0,0,0,0.0,0.0,0.0,0.0,0.0,0.0,2.0187986,2.011111,2,-1,0,0.029220471,0
7,27,1,1,1,32.059525,186.21878,28.785465,-0.01652921,0.006115367,0.011185754,22.994131,22.770834,2,2,1,0.9522705,1
7,29,0,0,0,0.0,0.0,0.0,0.0,0.0,0.0,3.11525,3.0930555,2,-1,0,0.7627153,1
7,25,0,0,0,0.0,0.0,0.0,0.0,0.0,0.0,2.538604,2.5508332,2,-1,0,0.10597709,0
7,30,0,0,0,0.0,0.0,0.0,0.0,0.0,0.0,2.2387083,2.233611,2,-1,0,0.09402773,0
7,5,0,0,0,0.0,0.0,0.0,0.0,0.0,0.0,2.4375625,2.4208333,2,-1,0,0.19485088,0
7,9,0,0,0,0.0,0.0,0.0,0.0,0.0,0.0,2.7564306,2.766389,2,-1,0,0.22171068,0
7,21,0,0,0,0.0,0.0,0.0,0.0,0.0,0.0,2.8861387,2.9547222,2,-1,0,0.23102738,0
7,40,1,1,1,48.58345,-222.01079,377.1187,-0.01017569,0.0054205894,0.006283968,10.355625,10.46,2,3,1,0.9927551,1
7,35,1,1,1,-45.671738,559.5964,442.6128,-0.0034790519,-0.0006469149,0.0026299774,4.802388,4.9,2,4,1,0.98241913,1
7,40,1,0,1,48.58345,-222.01079,377.1187,-0.01017569,0.0054205894,0.006283968,2.6470277,2.6947222,2,-1,0,0.27096754,0
7,31,0,0,0,0.0,0.0,0.0,0.0,0.0,0.0,1.93875,2.0108333,2,-1,0,0.09056489,0
7,1,0,0,0,0.0,0.0,0.0,0.0,0.0,0.0,2.375903,2.4072223,2,-1,0,0.09928193,0
7,31,0,0,0,0.0,0.0,0.0,0.0,0.0,0.0,2.345243,2.4152777,2,-1,0,0.11750209,0
7,29,1,1,1,-57.48773,-265.28238,293.80185,-0.0013345178,0.00038634916,0.0025036482,2.1599581,2.2722223,2,5,1,0.17511372,0
7,11,0,0,0,0.0,0.0,0.0,0.0,0.0,0.0,2.2377083,2.3,2,-1,0,0.060729228,0
7,23,1,1,1,66.886604,-78.132576,52.9046,-0.014566069,0.0039335694,0.014329114,17.130714,17.147778,2,6,1,0.97014713,1
7,29,0,0,0,0.0,0.0,0.0,0.0,0.0,0.0,2.7781668,2.7061112,2,-1,0,0.21721673,0
7,31,1,0,1,86.97959,-176.00179,126.14558,-0.013930011,0.0050810706,0.008371907,3.094611,3.0630555,2,-1,0,0.36901787,0
7,17,0,0,0,0.0,0.0,0.0,0.0,0.0,0.0,2.1129723,2.0466666,2,-1,0,0.13743587,0
7,32,1,1,1,68.51458,-125.00945,446.5426,-0.011955666,0.004706748,0.008133688,15.010897,14.866667,2,7,1,0.99862444,1
7,23,1,0,1,66.886604,-78.132576,52.9046,-0.014566069,0.0039335694,0.014329114,5.774493,5.749722,2,-1,0,0.9865009,1
7,20,1,1,1,-65.528984,381.42767,25.661285,-0.0036269757,0.0030030427,0.0030646787,6.261479,6.2802777,2,8,1,0.99071866,1
7,15,0,0,0,0.0,0.0,0.0,0.0,0.0,0.0,2.3855693,2.3827777,2,-1,0,0.107711226,0
7,39,0,0,0,0.0,0.0,0.0,0.0,0.0,0.0,2.5488613,2.5127778,2,-1,0,0.30874884,0
7,14,0,0,0,0.0,0.0,0.0,0.0,0.0,0.0,2.0867639,2.0886111,2,-1,0,0.1058402,0
7,4,0,0,0,0.0,0.0,0.0,0.0,0.0,0.0,2.4839377,2.4725,2,-1,0,0.091132894,0
7,39,1,1,1,-77.92282,358.33176,108.62619,-0.006440926,0.0025963031,0.00798289,11.863958,11.718889,2,9,1,0.98768204,1
7,22,1,1,1,84.0047,4.6097455,452.78983,-0.005275989,-0.0003667961,0.0022595166,6.545722,6.4655557,2,10,1,0.98934245,1
7,31,1,1,1,86.97959,-176.00179,126.14558,-0.013930011,0.0050810706,0.008371907,13.4435005,13.744166,2,11,1,0.9904463,1
7,34,1,1,1,-86.46184,-37.658237,63.002693,-0.021902809,0.0059114583,0.018554125,21.006145,21.204445,2,12,1,0.9947443,1
7,21,0,0,0,0.0,0.0,0.0,0.0,0.0,0.0,2.1329584,2.2572222,2,-1,0,0.10959386,0
7,40,0,0,0,0.0,0.0,0.0,0.0,0.0,0.0,2.5909722,2.565,2,-1,0,0.14064986,0
7,17,0,0,0,0.0,0.0,0.0,0.0,0.0,0.0,2.377375,2.4019444,2,-1,0,0.10131156,0
7,30,1,1,1,97.979965,-106.57289,185.03897,-0.0048972582,-0.0008008496,0.0029785833,6.1075277,6.0983334,2,13,1,0.9790821,1
7,12,0,0,0,0.0,0.0,0.0,0.0,0.0,0.0,2.1843612,2.1288888,2,-1,0,0.09991302,0
7,34,1,0,1,-86.46184,-37.658237,63.002693,-0.021902809,0.0059114583,0.018554125,8.788681,8.751389,2,-1,0,0.9889781,1
7,4,0,0,0,0.0,0.0,0.0,0.0,0.0,0.0,2.7090278,2.6966667,2,-1,0,0.13406283,0
7,18,0,0,0,0.0,0.0,0.0,0.0,0.0,0.0,2.0490973,2.0858333,2,-1,0,0.109918326,0
7,34,0,0,0,0.0,0.0,0.0,0.0,0.0,0.0,1.976264,2.0102777,2,-1,0,0.1287945,0
7,14,0,0,0,0.0,0.0,0.0,0.0,0.0,0.0,2.3318262,2.2597222,2,-1,0,0.06683097,0
7,17,0,0,0,0.0,0.0,0.0,0.0,0.0,0.0,2.3138611,2.2986112,2,-1,0,0.10755098,0
7,6,0,0,0,0.0,0.0,0.0,0.0,0.0,0.0,2.708861,2.6497223,2,-1,0,0.20113471,0
7,4,0,0,0,0.0,0.0,0.0,0.0,0.0,0.0,2.1625137,2.0338888,2,-1,0,0.064275555,0
7,34,0,0,0,0.0,0.0,0.0,0.0,0.0,0.0,2.1828542,2.2425,2,-1,0,0.087391615,0
7,8,0,0,0,0.0,0.0,0.0,0.0,0.0,0.0,2.245889,2.2697222,2,-1,0,0.22967727,0
7,39,0,0,0,0.0,0.0,0.0,0.0,0.0,0.0,2.381639,2.3752778,2,-1,0,0.1472579,0
7,29,0,0,0,0.0,0.0,0.0,0.0,0.0,0.0,2.4642015,2.4069445,2,-1,0,0.14804485,0
7,9,1,1,1,-132.13158,-348.28412,284.33972,-0.010076351,0.0019794754,0.004703295,10.122527,10.08,2,14,1,0.9591671,1
7,36,1,1,1,136.34077,-202.95555,345.33676,-0.0076468997,0.0015739438,0.0031532217,8.587111,8.675555,2,15,1,0.99151117,1
7,37,0,0,0,0.0,0.0,0.0,0.0,0.0,0.0,1.9656874,2.0083334,2,-1,0,0.11960244,0
7,8,1,1,1,-138.85835,492.215,100.25953,-0.0010370817,8.0857775e-05,0.0025062151,2.7036805,2.6275,2,16,1,0.3091435,0
7,37,1,1,1,150.42241,31.816298,434.42273,-0.013982204,0.0040576463,0.012830605,14.836215,14.822778,2,17,1,0.995415,1
7,14,1,1,1,159.31883,-317.273,283.0274,-0.0055823876,-3.211915e-05,0.004859606,7.257222,7.4477777,2,18,1,0.9790059,1
7,32,0,0,0,0.0,0.0,0.0,0.0,0.0,0.0,2.8118196,2.8580556,2,-1,0,0.052706406,0
7,39,0,0,0,0.0,0.0,0.0,0.0,0.0,0.0,2.5304513,2.62,2,-1,0,0.0678261,0
7,34,0,0,0,0.0,0.0,0.0,0.0,0.0,0.0,2.468861,2.4302778,2,-1,0,0.095962495,0
7,34,0,0,0,0.0,0.0,0.0,0.0,0.0,0.0,2.006736,2.0069444,2,-1,0,0.07504118,0
7,6,1,1,1,174.9296,89.018486,443.96362,-0.015353289,0.0027070036,0.013430261,21.212408,21.339445,2,19,1,0.99679667,1
7,35,0,0,0,0.0,0.0,0.0,0.0,0.0,0.0,2.656882,2.52,2,-1,0,0.034162007,0
7,26,1,1,1,178.18138,-510.54156,117.838554,-0.013126303,0.004461528,0.006996208,16.143007,16.38889,2,20,1,0.90232426,1
7,9,0,0,0,0.0,0.0,0.0,0.0,0.0,0.0,2.3630555,2.3744445,2,-1,0,0.1429708,0
7,36,0,0,0,0.0,0.0,0.0,0.0,0.0,0.0,2.3199167,2.3755555,2,-1,0,0.0895782,0
7,24,1,1,1,-188.24721,477.65073,279.18973,-0.0032109,0.002920586,0.003472167,5.3152223,5.3483334,2,21,1,0.9761095,1
7,1,1,1,1,-188.60617,-586.0027,311.32196,-0.008586763,0.0029697285,0.009119197,13.643478,13.497778,2,-1,1,0.99986863,1
7,36,0,0,0,0.0,0.0,0.0,0.0,0.0,0.0,2.1736877,2.1772223,2,-1,0,0.034751255,0
7,13,0,0,0,0.0,0.0,0.0,0.0,0.0,0.0,2.4399447,2.422778,2,-1,0,0.038925726,0
7,29,0,0,0,0.0,0.0,0.0,0.0,0.0,0.0,1.9387083,2.0130556,2,-1,0,0.08298181,0
7,18,0,0,0,0.0,0.0,0.0,0.0,0.0,0.0,2.500764,2.5416667,2,-1,0,0.068091236,0
7,21,0,0,0,0.0,0.0,0.0,0.0,0.0,0.0,2.0416527,2.0397222,2,-1,0,0.069103174,0
7,30,0,0,0,0.0,0.0,0.0,0.0,0.0,0.0,2.0902083,2.0708334,2,-1,0,0.08616115,0
7,10,0,0,0,0.0,0.0,0.0,0.0,0.0,0.0,2.62725,2.601389,2,-1,0,0.37031388,0
7,24,0,0,0,0.0,0.0,0.0,0.0,0.0,0.0,2.3823888,2.3716667,2,-1,0,0.092447095,0
7,33,1,1,1,216.42064,-248.05586,37.683693,-0.010459696,0.004060118,0.005314746,10.927569,10.878612,2,22,1,0.96877295,1
7,1,0,0,0,0.0,0.0,0.0,0.0,0.0,0.0,2.181993,2.1494443,2,-1,0,0.12400434,0
7,15,1,1,1,219.0742,-298.07996,85.94233,-0.015624486,0.003925232,0.012337465,18.141314,18.1675,2,23,1,0.9828159,1
7,10,0,0,0,0.0,0.0,0.0,0.0,0.0,0.0,2.044361,2.0902777,2,-1,0,0.051355727,0
7,15,1,0,1,219.0742,-298.07996,85.94233,-0.015624486,0.003925232,0.012337465,2.0467083,2.1080556,2,-1,0,0.09204615,0
7,10,0,0,0,0.0,0.0,0.0,0.0,0.0,0.0,2.0620832,2.0255556,2,-1,0,0.05045386,0
7,5,1,1,1,-226.95244,177.6925,166.23286,-0.012903209,0.0023282198,0.0071036825,15.202021,15.242222,2,24,1,0.99596334,1
7,10,1,0,1,237.05821,192.9869,73.468704,-0.015432497,0.0025554374,0.010726375,5.0757985,5.0877776,2,-1,0,0.96221536,1
7,19,1,1,1,-229.47194,255.97292,299.80115,-0.006878308,0.0012514084,0.006412392,3.741444,3.6930556,2,-1,1,0.9385482,1
7,10,1,1,1,237.05821,192.9869,73.468704,-0.015432497,0.0025554374,0.010726375,10.003778,10.129723,2,25,1,0.991767,1
7,10,1,0,1,237.05821,192.9869,73.468704,-0.015432497,0.0025554374,0.010726375,3.9115484,3.8780556,2,-1,0,0.8713818,1
7,3,0,0,0,0.0,0.0,0.0,0.0,0.0,0.0,2.8266666,2.6605556,2,-1,0,0.11302953,0
7,11,1,1,1,245.21321,-10.386059,453.67477,-0.0042111017,-0.00049665495,0.0017265236,3.900896,3.958889,2,26,1,0.9809084,1
7,21,0,0,0,0.0,0.0,0.0,0.0,0.0,0.0,2.310389,2.2816668,2,-1,0,0.1250691,0
7,28,0,0,0,0.0,0.0,0.0,0.0,0.0,0.0,2.3184445,2.3441668,2,-1,0,0.06697507,0
7,6,0,0,0,0.0,0.0,0.0,0.0,0.0,0.0,2.1953194,2.2152777,2,-1,0,0.12940662,0
7,28,0,0,0,0.0,0.0,0.0,0.0,0.0,0.0,2.3255556,2.333611,2,-1,0,0.07717062,0
7,17,1,1,1,258.43976,-51.23826,396.688,-0.0069056596,0.0029938177,0.0029740606,7.937604,8.034166,2,27,1,0.98114,1
7,23,0,0,0,0.0,0.0,0.0,0.0,0.0,0.0,2.72375,2.466389,2,-1,0,0.04168706,0
7,6,0,0,0,0.0,0.0,0.0,0.0,0.0,0.0,2.330757,2.3733332,2,-1,0,0.13335109,0
7,26,0,0,0,0.0,0.0,0.0,0.0,0.0,0.0,2.2984445,2.2477777,2,-1,0,0.116932,0
7,27,0,0,0,0.0,0.0,0.0,0.0,0.0,0.0,2.2961664,2.2786112,2,-1,0,0.10041558,0
7,17,0,0,0,0.0,0.0,0.0,0.0,0.0,0.0,2.676868,2.5980556,2,-1,0,0.11875884,0
7,38,0,0,0,0.0,0.0,0.0,0.0,0.0,0.0,2.034375,2.0925,2,-1,0,0.14516443,0
7,19,1,0,1,-229.47194,255.97292,299.80115,-0.006878308,0.0012514084,0.006412392,2.655146,2.5969443,2,-1,0,0.30196807,0
7,38,0,0,0,0.0,0.0,0.0,0.0,0.0,0.0,2.5307221,2.5583334,2,-1,0,0.1927384,0
7,23,0,0,0,0.0,0.0,0.0,0.0,0.0,0.0,1.9604931,2.0491667,2,-1,0,0.08857537,0
7,30,0,0,0,0.0,0.0,0.0,0.0,0.0,0.0,2.0859027,2.0825,2,-1,0,0.12030997,0
7,20,0,0,0,0.0,0.0,0.0,0.0,0.0,0.0,2.7117639,2.6075,2,-1,0,0.14244486,0
7,14,0,0,0,0.0,0.0,0.0,0.0,0.0,0.0,1.9933125,2.033611,2,-1,0,0.10932262,0
7,22,0,0,0,0.0,0.0,0.0,0.0,0.0,0.0,2.0475,2.0469444,2,-1,0,0.07918814,0
7,27,0,0,0,0.0,0.0,0.0,0.0,0.0,0.0,2.129021,2.083889,2,-1,0,0.10987686,0
7,8,0,0,0,0.0,0.0,0.0,0.0,0.0,0.0,2.301653,2.313611,2,-1,0,0.11778638,0
7,2,1,1,1,-310.1148,401.78827,273.47037,-0.0285524,0.009303068,0.022447845,30.836805,32.579166,2,28,1,0.9965862,1
7,7,1,1,1,315.03387,-228.90707,456.02356,-0.008890896,0.0012876356,0.0074900594,11.369139,11.355,2,29,1,0.9866388,1
7,2,0,0,0,0.0,0.0,0.0,0.0,0.0,0.0,2.6245692,2.5441666,2,-1,0,0.10588629,0
7,20,0,0,0,0.0,0.0,0.0,0.0,0.0,0.0,2.172979,2.226389,2,-1,0,0.10546359,0
7,16,0,0,0,0.0,0.0,0.0,0.0,0.0,0.0,2.8902779,2.8911111,2,-1,0,0.52755183,1
7,34,0,0,0,0.0,0.0,0.0,0.0,0.0,0.0,2.0959723,2.1377778,2,-1,0,0.10672998,0
7,29,0,0,0,0.0,0.0,0.0,0.0,0.0,0.0,2.4042568,2.3366666,2,-1,0,0.121088386,0
7,5,0,0,0,0.0,0.0,0.0,0.0,0.0,0.0,2.3105137,2.3569446,2,-1,0,0.061553504,0
7,4,1,1,1,-328.67596,224.12758,46.51704,-0.014859679,0.002701524,0.009178798,9.134236,9.214167,2,30,1,0.9712432,1
7,21,0,0,0,0.0,0.0,0.0,0.0,0.0,0.0,2.042139,2.083889,2,-1,0,0.104307376,0
7,4,1,0,1,-328.67596,224.12758,46.51704,-0.014859679,0.002701524,0.009178798,7.1369653,7.170833,2,-1,0,0.99296135,1
7,13,1,1,1,345.69864,405.59174,105.076294,-0.0040324777,-1.1546488e-05,0.0010701244,3.3933334,3.4355555,2,31,1,0.9344424,1
7,8,0,0,0,0.0,0.0,0.0,0.0,0.0,0.0,2.0555,2.0580556,2,-1,0,0.07957468,0
7,35,0,0,0,0.0,0.0,0.0,0.0,0.0,0.0,2.7376456,2.7386112,2,-1,0,0.18892111,0
7,12,1,1,1,347.96146,-206.57661,14.591025,-0.0016292594,0.0012844518,0.003117837,3.3571386,3.2380555,2,32,1,0.9513533,1
7,40,0,0,0,0.0,0.0,0.0,0.0,0.0,0.0,2.6063888,2.5977778,2,-1,0,0.2938456,0
7,16,1,1,1,353.25674,360.97305,445.49045,-0.003111494,0.002407471,0.0041426215,5.0855074,5.1169443,2,33,1,0.99011374,1
7,5,0,0,0,0.0,0.0,0.0,0.0,0.0,0.0,2.6971874,2.6877778,2,-1,0,0.1974385,0
7,33,0,0,0,0.0,0.0,0.0,0.0,0.0,0.0,2.0134861,2.0747223,2,-1,0,0.112060584,0
7,31,0,0,0,0.0,0.0,0.0,0.0,0.0,0.0,2.2458751,2.2083333,2,-1,0,0.101808734,0
7,12,0,0,0,0.0,0.0,0.0,0.0,0.0,0.0,2.37,2.3866668,2,-1,0,0.14556281,0
7,19,0,0,0,0.0,0.0,0.0,0.0,0.0,0.0,2.463389,2.4347222,2,-1,0,0.045742977,0
7,15,0,0,0,0.0,0.0,0.0,0.0,0.0,0.0,2.5932987,2.7133334,2,-1,0,0.22632033,0
7,9,0,0,0,0.0,0.0,0.0,0.0,0.0,0.0,2.1245208,2.1516666,2,-1,0,0.10716791,0
7,17,0,0,0,0.0,0.0,0.0,0.0,0.0,0.0,2.5226111,2.525,2,-1,0,0.09350516,0
7,31,0,0,0,0.0,0.0,0.0,0.0,0.0,0.0,2.7503471,2.6813889,2,-1,0,0.27413929,0
7,38,0,0,0,0.0,0.0,0.0,0.0,0.0,0.0,2.1134932,2.0527778,2,-1,0,0.09928629,0
7,24,0,0,0,0.0,0.0,0.0,0.0,0.0,0.0,2.683889,2.4488888,2,-1,0,0.35007265,0
7,32,0,0,0,0.0,0.0,0.0,0.0,0.0,0.0,2.0428126,2.0013888,2,-1,0,0.11459684,0
7,38,0,0,0,0.0,0.0,0.0,0.0,0.0,0.0,2.4499307,2.3397222,2,-1,0,0.07218875,0
7,36,0,0,0,0.0,0.0,0.0,0.0,0.0,0.0,2.2276943,2.1752777,2,-1,0,0.08572812,0
7,35,0,0,0,0.0,0.0,0.0,0.0,0.0,0.0,2.495875,2.563611,2,-1,0,0.12759914,0
7,40,0,0,0,0.0,0.0,0.0,0.0,0.0,0.0,2.228125,2.1669445,2,-1,0,0.079295196,0
7,17,0,0,0,0.0,0.0,0.0,0.0,0.0,0.0,2.3731527,2.3766668,2,-1,0,0.11688824,0
7,31,0,0,0,0.0,0.0,0.0,0.0,0.0,0.0,2.1048887,2.1322222,2,-1,0,0.07753048,0
7,25,0,0,0,0.0,0.0,0.0,0.0,0.0,0.0,2.3682916,2.4208333,2,-1,0,0.039761696,0
7,32,0,0,0,0.0,0.0,0.0,0.0,0.0,0.0,2.0319445,2.0497222,2,-1,0,0.092060216,0
7,6,0,0,0,0.0,0.0,0.0,0.0,0.0,0.0,2.292361,2.2280555,2,-1,0,0.12551016,0
7,12,0,0,0,0.0,0.0,0.0,0.0,0.0,0.0,2.1374862,2.1980555,2,-1,0,0.08745304,0
7,31,0,0,0,0.0,0.0,0.0,0.0,0.0,0.0,1.9662777,2.0202777,2,-1,0,0.063159734,0
7,22,0,0,0,0.0,0.0,0.0,0.0,0.0,0.0,1.9857639,2.0341666,2,-1,0,0.078318894,0
7,11,0,0,0,0.0,0.0,0.0,0.0,0.0,0.0,2.2131388,2.218889,2,-1,0,0.11722052,0
7,16,0,0,0,0.0,0.0,0.0,0.0,0.0,0.0,2.3422222,2.3683333,2,-1,0,0.112946905,0
7,22,0,0,0,0.0,0.0,0.0,0.0,0.0,0.0,2.139139,2.138611,2,-1,0,0.10585777,0
7,35,0,0,0,0.0,0.0,0.0,0.0,0.0,0.0,2.085236,2.0586112,2,-1,0,0.03344814,0
7,34,0,0,0,0.0,0.0,0.0,0.0,0.0,0.0,2.2461667,2.1780555,2,-1,0,0.06414256,0
7,21,0,0,0,0.0,0.0,0.0,0.0,0.0,0.0,2.1957154,2.2616668,2,-1,0,0.06750305,0
7,34,0,0,0,0.0,0.0,0.0,0.0,0.0,0.0,2.5493262,2.4594445,2,-1,0,0.1578644,0
7,37,0,0,0,0.0,0.0,0.0,0.0,0.0,0.0,1.9888195,2.0597222,2,-1,0,0.08609359,0
8,11,0,0,0,0.0,0.0,0.0,0.0,0.0,0.0,2.8017223,2.7897222,2,-1,0,0.058667384,0
8,16,1,1,1,-3.209781,186.2074,53.96399,-0.016947871,0.005951203,0.015604439,20.275375,20.211111,2,0,1,0.9674233,1
8,35,1,1,1,12.343882,-163.60951,134.83563,-0.010354608,0.0027530685,0.004488464,11.784388,11.776389,2,1,1,0.9880292,1
8,12,0,0,0,0.0,0.0,0.0,0.0,0.0,0.0,2.222389,2.1666667,2,-1,0,0.08336794,0
8,32,0,0,0,0.0,0.0,0.0,0.0,0.0,0.0,2.625521,2.7166667,2,-1,0,0.1263384,0
8,40,0,0,0,0.0,0.0,0.0,0.0,0.0,0.0,2.009882,2.0591667,2,-1,0,0.047266245,0
8,26,1,1,1,26.751865,581.31573,82.32422,-0.014296818,0.006433496,0.0122254295,24.625063,24.44389,2,2,1,0.99556655,1
8,20,1,1,1,23.81713,-348.6773,309.6305,-0.0039678863,0.0020144244,0.00145865,5.2675834,5.209722,2,3,1,0.9835031,1
8,33,1,1,1,25.796062,-53.119106,2.198987,-0.007969011,0.0013262959,0.006834984,12.232437,12.338333,2,4,1,0.9952494,1
8,27,0,0,0,0.0,0.0,0.0,0.0,0.0,0.0,2.8788123,2.7947223,2,-1,0,0.4041052,0
8,35,0,0,0,0.0,0.0,0.0,0.0,0.0,0.0,2.088368,2.0563889,2,-1,0,0.14931606,0
8,22,0,0,0,0.0,0.0,0.0,0.0,0.0,0.0,2.0516667,2.0941668,2,-1,0,0.088533476,0
8,25,0,0,0,0.0,0.0,0.0,0.0,0.0,0.0,2.4403195,2.5105555,2,-1,0,0.09983579,0
8,37,0,0,0,0.0,0.0,0.0,0.0,0.0,0.0,2.1593611,2.0877779,2,-1,0,0.110784225,0
8,25,0,0,0,0.0,0.0,0.0,0.0,0.0,0.0,2.2389722,2.1708333,2,-1,0,0.08626505,0
8,3,1,1,1,-44.48882,204.84692,280.1354,-0.004266652,0.0008563582,0.0043381327,7.3509517,7.377222,2,5,1,0.99555075,1
8,3,0,0,0,0.0,0.0,0.0,0.0,0.0,0.0,2.9433126,2.8847222,2,-1,0,0.25293034,0
8,8,0,0,0,0.0,0.0,0.0,0.0,0.0,0.0,2.7688959,2.4947221,2,-1,0,0.6655592,1
8,27,0,0,0,0.0,0.0,0.0,0.0,0.0,0.0,2.2261457,2.223611,2,-1,0,0.07620309,0
8,17,0,0,0,0.0,0.0,0.0,0.0,0.0,0.0,2.2164097,2.2361112,2,-1,0,0.10939817,0
8,40,0,0,0,0.0,0.0,0.0,0.0,0.0,0.0,2.1984582,2.2402778,2,-1,0,0.10695209,0
8,19,0,0,0,0.0,0.0,0.0,0.0,0.0,0.0,2.3333054,2.3138888,2,-1,0,0.13105789,0
8,15,0,0,0,0.0,0.0,0.0,0.0,0.0,0.0,2.0970278,2.0502777,2,-1,0,0.114642896,0
8,7,1,1,1,-61.704617,-407.13397,94.84189,-0.0058992235,0.0020838904,0.006977808,10.660076,10.758056,2,6,1,0.95159674,1
8,39,0,0,0,0.0,0.0,0.0,0.0,0.0,0.0,2.2438264,2.1694446,2,-1,0,0.113448754,0
8,39,0,0,0,0.0,0.0,0.0,0.0,0.0,0.0,2.128007,2.0941668,2,-1,0,0.0649399,0
8,2,0,0,0,0.0,0.0,0.0,0.0,0.0,0.0,2.900264,2.8544445,2,-1,0,0.057499547,0
8,25,1,1,1,74.66322,465.83475,317.78885,-0.007961903,0.0009603764,0.004850096,9.797014,9.831944,2,7,1,0.93605757,1
8,22,0,0,0,0.0,0.0,0.0,0.0,0.0,0.0,2.7655556,2.7730556,2,-1,0,0.076081425,0
8,11,0,0,0,0.0,0.0,0.0,0.0,0.0,0.0,2.7946322,2.8736112,2,-1,0,0.074078195,0
8,14,1,1,1,77.29259,-279.65955,83.96785,-0.0017741619,0.0016585857,0.00067304133,2.453889,2.4544444,2,8,1,0.11482605,0
8,9,0,0,0,0.0,0.0,0.0,0.0,0.0,0.0,2.717118,2.6927779,2,-1,0,0.10714451,0
8,22,0,0,0,0.0,0.0,0.0,0.0,0.0,0.0,2.2931945,2.2941666,2,-1,0,0.046404388,0
8,23,1,1,1,-79.99682,-45.39288,343.04688,-0.020878453,0.006976698,0.015361796,30.42186,30.582222,2,9,1,0.98934454,1
8,6,0,0,0,0.0,0.0,0.0,0.0,0.0,0.0,2.046486,2.115,2,-1,0,0.08360002,0
8,38,0,0,0,0.0,0.0,0.0,0.0,0.0,0.0,2.2901113,2.2922223,2,-1,0,0.11584748,0
8,6,0,0,0,0.0,0.0,0.0,0.0,0.0,0.0,2.3980696,2.3233333,2,-1,0,0.09140511,0
8,5,0,0,0,0.0,0.0,0.0,0.0,0.0,0.0,2.2896945,2.2719445,2,-1,0,0.052533504,0
8,39,0,0,0,0.0,0.0,0.0,0.0,0.0,0.0,2.929139,2.8375,2,-1,0,0.35925967,0
8,15,1,1,1,-106.68584,314.99112,167.8424,-0.0070817634,0.0041327043,0.005333192,9.712639,9.783334,2,10,1,0.9840179,1
8,17,0,0,0,0.0,0.0,0.0,0.0,0.0,0.0,2.7785833,2.8058333,2,-1,0,0.43675172,0
8,27,1,1,1,114.35573,-364.69678,192.18434,-0.0049969554,0.0015051485,0.0014909637,6.082528,6.1113887,2,11,1,0.9429371,1
8,34,1,1,1,-127.25939,-147.6993,438.02664,-0.03383549,0.006422586,0.024438843,36.07075,35.914444,2,12,1,0.9775064,1
8,24,0,0,0,0.0,0.0,0.0,0.0,0.0,0.0,2.847014,2.7966666,2,-1,0,0.26166543,0
8,24,0,0,0,0.0,0.0,0.0,0.0,0.0,0.0,2.2990835,2.3577778,2,-1,0,0.1027333,0
8,23,0,0,0,0.0,0.0,0.0,0.0,0.0,0.0,2.389708,2.336111,2,-1,0,0.12805328,0
8,34,0,0,0,0.0,0.0,0.0,0.0,0.0,0.0,2.8770416,2.8830554,2,-1,0,0.18954846,0
8,36,0,0,0,0.0,0.0,0.0,0.0,0.0,0.0,2.1744165,2.1136112,2,-1,0,0.10108139,0
8,34,1,0,1,-127.25939,-147.6993,438.02664,-0.03383549,0.006422586,0.024438843,4.6454372,4.5866666,2,-1,0,0.9856123,1
8,28,0,0,0,0.0,0.0,0.0,0.0,0.0,0.0,2.109375,2.1633334,2,-1,0,0.1225522,0
8,40,0,0,0,0.0,0.0,0.0,0.0,0.0,0.0,2.3203473,2.3225,2,-1,0,0.08705199,0
8,5,0,0,0,0.0,0.0,0.0,0.0,0.0,0.0,2.1615832,2.1155555,2,-1,0,0.08802021,0
8,34,1,0,1,-127.25939,-147.6993,438.02664,-0.03383549,0.006422586,0.024438843,4.002389,4.1119447,2,-1,0,0.97183615,1
8,6,0,0,0,0.0,0.0,0.0,0.0,0.0,0.0,2.2801666,2.283611,2,-1,0,0.09827957,0
8,32,1,1,1,-153.76381,-248.64806,444.807,-0.008112983,0.0007511732,0.008038403,12.220251,12.288333,2,13,1,0.98928714,1
8,16,0,0,0,0.0,0.0,0.0,0.0,0.0,0.0,2.2291806,2.2122223,2,-1,0,0.09155247,0
8,19,0,0,0,0.0,0.0,0.0,0.0,0.0,0.0,2.34909,2.3063889,2,-1,0,0.14295855,0
8,29,0,0,0,0.0,0.0,0.0,0.0,0.0,0.0,2.053257,2.0666666,2,-1,0,0.10934224,0
8,18,1,1,1,163.87991,409.54007,410.4468,-0.003945934,0.0013742053,0.0056071985,5.6670623,5.5544443,2,14,1,0.989532,1
8,8,0,0,0,0.0,0.0,0.0,0.0,0.0,0.0,2.2887638,2.308889,2,-1,0,0.055724878,0
8,15,0,0,0,0.0,0.0,0.0,0.0,0.0,0.0,2.2641666,2.1983333,2,-1,0,0.08914817,0
8,20,0,0,0,0.0,0.0,0.0,0.0,0.0,0.0,2.3029861,2.3216667,2,-1,0,0.05035182,0
8,39,0,0,0,0.0,0.0,0.0,0.0,0.0,0.0,2.1474583,2.1341667,2,-1,0,0.096520424,0
8,17,0,0,0,0.0,0.0,0.0,0.0,0.0,0.0,2.411736,2.4275,2,-1,0,0.116028294,0
8,35,0,0,0,0.0,0.0,0.0,0.0,0.0,0.0,2.7999516,2.803611,2,-1,0,0.20863783,0
8,21,0,0,0,0.0,0.0,0.0,0.0,0.0,0.0,2.310486,2.4375,2,-1,0,0.20138247,0
8,14,0,0,0,0.0,0.0,0.0,0.0,0.0,0.0,2.2231321,2.3108332,2,-1,0,0.089536704,0
8,8,0,0,0,0.0,0.0,0.0,0.0,0.0,0.0,2.0684514,2.0933332,2,-1,0,0.061435618,0
8,9,0,0,0,0.0,0.0,0.0,0.0,0.0,0.0,2.189514,2.1552777,2,-1,0,0.061935578,0
8,22,0,0,0,0.0,0.0,0.0,0.0,0.0,0.0,2.6918056,2.6477778,2,-1,0,0.4209158,0
8,3,0,0,0,0.0,0.0,0.0,0.0,0.0,0.0,2.3562152,2.375,2,-1,0,0.0976678,0
8,17,0,0,0,0.0,0.0,0.0,0.0,0.0,0.0,1.9602083,2.02,2,-1,0,0.11333036,0
8,36,0,0,0,0.0,0.0,0.0,0.0,0.0,0.0,2.5353613,2.5433333,2,-1,0,0.10365768,0
8,8,1,1,1,203.1987,-471.0175,338.87585,-0.023244295,0.005231722,0.015701886,26.850466,27.00639,2,15,1,0.97277325,1
8,24,1,1,1,206.57841,-296.95526,381.60745,-0.016705146,0.0045842766,0.011551406,22.49,22.475555,2,16,1,0.98862994,1
8,4,0,0,0,0.0,0.0,0.0,0.0,0.0,0.0,2.9542637,2.9644444,2,-1,0,0.50278634,1
8,8,1,0,1,203.1987,-471.0175,338.87585,-0.023244295,0.005231722,0.015701886,2.6699443,2.675,2,-1,0,0.43089408,0
8,23,0,0,0,0.0,0.0,0.0,0.0,0.0,0.0,2.0980833,2.0363889,2,-1,0,0.06540938,0
8,32,0,0,0,0.0,0.0,0.0,0.0,0.0,0.0,2.382118,2.3205554,2,-1,0,0.0884282,0
8,10,1,1,1,-210.92314,457.10376,248.15024,-0.0024191749,-0.0005161125,0.0006803989,2.3339236,2.3038888,2,17,1,0.13388686,0
8,12,0,0,0,0.0,0.0,0.0,0.0,0.0,0.0,2.382118,2.3833334,2,-1,0,0.18121283,0
8,19,0,0,0,0.0,0.0,0.0,0.0,0.0,0.0,2.3058887,2.264722,2,-1,0,0.23058762,0
8,27,0,0,0,0.0,0.0,0.0,0.0,0.0,0.0,1.9192084,2.0055556,2,-1,0,0.09405921,0
8,35,0,0,0,0.0,0.0,0.0,0.0,0.0,0.0,2.026778,2.0869443,2,-1,0,0.09580047,0
8,27,0,0,0,0.0,0.0,0.0,0.0,0.0,0.0,2.4365,2.3875,2,-1,0,0.1184516,0
8,36,1,1,1,223.53044,540.72327,38.183792,-0.009024596,0.0006180877,0.00789329,12.732507,12.705833,2,18,1,0.9878363,1
8,1,0,0,0,0.0,0.0,0.0,0.0,0.0,0.0,1.9495416,2.0286112,2,-1,0,0.092137195,0
8,11,0,0,0,0.0,0.0,0.0,0.0,0.0,0.0,2.4622846,2.4002779,2,-1,0,0.17175287,0
8,19,0,0,0,0.0,0.0,0.0,0.0,0.0,0.0,2.011611,2.0277777,2,-1,0,0.09775286,0
8,20,0,0,0,0.0,0.0,0.0,0.0,0.0,0.0,2.322736,2.3980556,2,-1,0,0.088363454,0
8,39,0,0,0,0.0,0.0,0.0,0.0,0.0,0.0,2.2123125,2.3175,2,-1,0,0.04607266,0
8,19,0,0,0,0.0,0.0,0.0,0.0,0.0,0.0,2.5202012,2.4458334,2,-1,0,0.16345763,0
8,6,0,0,0,0.0,0.0,0.0,0.0,0.0,0.0,2.3873332,2.4658334,2,-1,0,0.05951565,0
8,32,0,0,0,0.0,0.0,0.0,0.0,0.0,0.0,2.3354445,2.3566666,2,-1,0,0.11400084,0
8,1,1,1,1,248.48875,31.45867,24.542233,-0.005511473,0.0011054085,0.0069472594,8.831708,8.743611,2,19,1,0.98439294,1
8,17,0,0,0,0.0,0.0,0.0,0.0,0.0,0.0,2.1005137,2.1044445,2,-1,0,0.07694436,0
8,8,0,0,0,0.0,0.0,0.0,0.0,0.0,0.0,2.164875,2.1591666,2,-1,0,0.1268408,0
8,28,0,0,0,0.0,0.0,0.0,0.0,0.0,0.0,2.1533403,2.1269445,2,-1,0,0.11575488,0
8,35,0,0,0,0.0,0.0,0.0,0.0,0.0,0.0,2.0989652,2.1408334,2,-1,0,0.0667053,0
8,19,0,0,0,0.0,0.0,0.0,0.0,0.0,0.0,2.1625555,2.125,2,-1,0,0.11322973,0
8,30,1,1,1,273.29855,368.85416,85.50566,-0.0058732447,0.0027857402,0.007589652,8.027972,8.110278,2,20,1,0.9820801,1
8,31,0,0,0,0.0,0.0,0.0,0.0,0.0,0.0,2.0751112,2.0730555,2,-1,0,0.12337198,0
8,28,0,0,0,0.0,0.0,0.0,0.0,0.0,0.0,2.187743,2.2113888,2,-1,0,0.09137347,0
8,32,0,0,0,0.0,0.0,0.0,0.0,0.0,0.0,2.3809094,2.4113889,2,-1,0,0.32017848,0
8,2,1,1,1,283.3073,-598.0051,271.25336,-0.010682901,0.00085512246,0.006397359,11.477471,11.559167,2,21,1,0.9923369,1
8,9,1,1,1,-279.96948,-566.49054,320.5863,-0.0071925293,0.00065935485,0.008189281,9.941618,10.008889,2,22,1,0.991875,1
8,40,1,1,1,284.6893,533.2784,337.57388,-0.008223304,0.00044545069,0.008396433,12.187582,12.105,2,23,1,0.9850653,1
8,33,0,0,0,0.0,0.0,0.0,0.0,0.0,0.0,2.3579724,2.4127777,2,-1,0,0.12972903,0
8,17,0,0,0,0.0,0.0,0.0,0.0,0.0,0.0,2.3725417,2.3238888,2,-1,0,0.21708372,0
8,20,0,0,0,0.0,0.0,0.0,0.0,0.0,0.0,2.5217152,2.5241666,2,-1,0,0.15569367,0
8,31,1,1,1,323.31628,215.74696,430.44846,-0.011169281,0.00088916364,0.0076388773,9.688027,9.595,2,24,1,0.9861455,1
8,30,0,0,0,0.0,0.0,0.0,0.0,0.0,0.0,2.294764,2.3241668,2,-1,0,0.10256076,0
8,29,1,1,1,299.37482,198.69064,463.3806,-0.016888252,0.0033748024,0.012787673,5.3629103,5.415,2,25,1,0.98211974,1
8,34,0,0,0,0.0,0.0,0.0,0.0,0.0,0.0,2.1474445,2.1591666,2,-1,0,0.072983265,0
8,34,0,0,0,0.0,0.0,0.0,0.0,0.0,0.0,2.0714512,2.1141667,2,-1,0,0.16981,0
8,37,1,1,1,303.74896,132.5444,342.8343,-0.004673626,-0.0006535947,0.003023826,4.9485483,4.9944444,2,26,1,0.99706227,1
8,20,0,0,0,0.0,0.0,0.0,0.0,0.0,0.0,2.0860417,2.1311111,2,-1,0,0.12757605,0
8,25,0,0,0,0.0,0.0,0.0,0.0,0.0,0.0,2.4170833,2.3294444,2,-1,0,0.099541396,0
8,14,0,0,0,0.0,0.0,0.0,0.0,0.0,0.0,2.265597,2.2569444,2,-1,0,0.120681085,0
8,13,1,1,1,-310.95798,22.89729,59.03048,-0.008237164,0.0010655043,0.0061336695,5.935354,5.9219446,2,27,1,0.9854548,1
8,37,0,0,0,0.0,0.0,0.0,0.0,0.0,0.0,2.5717778,2.6541667,2,-1,0,0.12601678,0
8,6,0,0,0,0.0,0.0,0.0,0.0,0.0,0.0,2.1641388,2.1416667,2,-1,0,0.1761371,0
8,13,1,0,1,-310.95798,22.89729,59.03048,-0.008237164,0.0010655043,0.0061336695,2.5694027,2.478611,2,-1,0,0.21719465,0
8,18,0,0,0,0.0,0.0,0.0,0.0,0.0,0.0,2.2399306,2.3247223,2,-1,0,0.08897325,0
8,18,0,0,0,0.0,0.0,0.0,0.0,0.0,0.0,2.1889446,2.2116666,2,-1,0,0.09557565,0
8,28,1,1,1,-321.82593,-14.111291,418.77298,-0.0033723556,-0.0005829592,0.0035929934,4.539618,4.623889,2,28,1,0.99814785,1
8,31,1,0,1,323.31628,215.74696,430.44846,-0.011169281,0.00088916364,0.0076388773,2.2064512,2.1947222,2,-1,0,0.114939064,0
8,5,0,0,0,0.0,0.0,0.0,0.0,0.0,0.0,2.9544237,2.9938889,2,-1,0,0.22982705,0
8,17,0,0,0,0.0,0.0,0.0,0.0,0.0,0.0,2.3680346,2.3811111,2,-1,0,0.112955056,0
8,24,0,0,0,0.0,0.0,0.0,0.0,0.0,0.0,2.124903,2.1441667,2,-1,0,0.08003187,0
8,8,0,0,0,0.0,0.0,0.0,0.0,0.0,0.0,2.1069167,0.49805555,2,-1,0,0.09614864,0
8,34,0,0,0,0.0,0.0,0.0,0.0,0.0,0.0,2.2060554,2.1388888,2,-1,0,0.05145841,0
8,18,0,0,0,0.0,0.0,0.0,0.0,0.0,0.0,2.6086946,2.5338888,2,-1,0,0.17992088,0
8,39,0,0,0,0.0,0.0,0.0,0.0,0.0,0.0,2.7686877,2.7658334,2,-1,0,0.3020154,0
8,25,0,0,0,0.0,0.0,0.0,0.0,0.0,0.0,2.022882,2.058889,2,-1,0,0.07622875,0
8,39,1,1,1,347.35028,321.50513,212.72917,-0.00320567,-0.0002043047,0.0011353623,2.56625,2.6908333,2,29,1,0.14832045,0
8,7,0,0,0,0.0,0.0,0.0,0.0,0.0,0.0,2.1455276,2.0386112,2,-1,0,0.08391214,0
8,28,0,0,0,0.0,0.0,0.0,0.0,0.0,0.0,2.189632,2.1794446,2,-1,0,0.061950564,0
8,38,0,0,0,0.0,0.0,0.0,0.0,0.0,0.0,2.1647432,2.293611,2,-1,0,0.112332724,0
8,25,0,0,0,0.0,0.0,0.0,0.0,0.0,0.0,2.113771,2.0647223,2,-1,0,0.09866492,0
8,21,0,0,0,0.0,0.0,0.0,0.0,0.0,0.0,2.212368,2.208611,2,-1,0,0.11114998,0
8,35,0,0,0,0.0,0.0,0.0,0.0,0.0,0.0,2.2093055,2.2808332,2,-1,0,0.12289958,0
8,17,0,0,0,0.0,0.0,0.0,0.0,0.0,0.0,2.1419237,2.192222,2,-1,0,0.08810599,0
8,35,0,0,0,0.0,0.0,0.0,0.0,0.0,0.0,2.6299098,0.57805556,2,-1,0,0.7215791,1
8,22,0,0,0,0.0,0.0,0.0,0.0,0.0,0.0,2.080875,2.0527778,2,-1,0,0.055226102,0
8,11,0,0,0,0.0,0.0,0.0,0.0,0.0,0.0,2.2045348,2.2866666,2,-1,0,0.075651824,0
8,10,0,0,0,0.0,0.0,0.0,0.0,0.0,0.0,2.4496875,2.5083334,2,-1,0,0.12837544,0
8,13,0,0,0,0.0,0.0,0.0,0.0,0.0,0.0,2.5390277,2.4916666,2,-1,0,0.19819407,0
8,33,0,0,0,0.0,0.0,0.0,0.0,0.0,0.0,2.5669863,2.5075,2,-1,0,0.15738872,0
8,17,0,0,0,0.0,0.0,0.0,0.0,0.0,0.0,2.2650208,2.2852778,2,-1,0,0.11308528,0
8,11,0,0,0,0.0,0.0,0.0,0.0,0.0,0.0,2.1590416,2.2075,2,-1,0,0.038520623,0
8,2,0,0,0,0.0,0.0,0.0,0.0,0.0,0.0,2.180389,2.1825,2,-1,0,0.18457331,0
8,34,0,0,0,0.0,0.0,0.0,0.0,0.0,0.0,2.2408125,2.205,2,-1,0,0.027501665,0
8,33,0,0,0,0.0,0.0,0.0,0.0,0.0,0.0,2.045375,2.0491667,2,-1,0,0.08689753,0
8,39,0,0,0,0.0,0.0,0.0,0.0,0.0,0.0,2.1127431,2.0538888,2,-1,0,0.04866679,0
8,15,0,0,0,0.0,0.0,0.0,0.0,0.0,0.0,2.5013194,2.4691668,2,-1,0,0.093470074,0
9,11,0,0,0,0.0,0.0,0.0,0.0,0.0,0.0,2.1439307,2.2058334,2,-1,0,0.0891656,0
9,15,0,0,0,0.0,0.0,0.0,0.0,0.0,0.0,2.06325,2.0458333,2,-1,0,0.076337196,0
9,37,0,0,0,0.0,0.0,0.0,0.0,0.0,0.0,2.0628195,2.0038888,2,-1,0,0.095055945,0
9,24,0,0,0,0.0,0.0,0.0,0.0,0.0,0.0,2.5441458,2.5533333,2,-1,0,0.22494069,0
9,24,0,0,0,0.0,0.0,0.0,0.0,0.0,0.0,2.0956388,2.1158333,2,-1,0,0.12456345,0
9,21,0,0,0,0.0,0.0,0.0,0.0,0.0,0.0,2.2205276,2.22,2,-1,0,0.10191619,0
9,13,0,0,0,0.0,0.0,0.0,0.0,0.0,0.0,2.1348193,2.1294444,2,-1,0,0.09391762,0
9,14,1,1,1,37.527664,144.09813,266.48325,-0.015907831,0.0030865963,0.010515621,21.883945,21.725834,2,0,1,0.9988439,1
9,26,1,1,1,-34.34459,-220.93445,303.09402,-0.011201496,0.0044257347,0.0065490343,16.8196,16.739445,2,1,1,0.9988747,1
9,10,1,1,1,36.142384,-8.867087,51.73958,-0.009284348,0.0026510542,0.005817923,12.917639,12.866667,2,2,1,0.98850876,1
9,2,0,0,0,0.0,0.0,0.0,0.0,0.0,0.0,2.1114583,2.2716668,2,-1,0,0.054993182,0
9,13,1,1,1,38.584766,-240.14723,124.59784,-0.0044303536,0.0027588853,0.0053179474,8.804403,8.854722,2,3,1,0.989972,1
9,34,0,0,0,0.0,0.0,0.0,0.0,0.0,0.0,2.3497498,2.2608333,2,-1,0,0.1317655,0
9,38,1,1,1,-41.749786,272.0118,36.05401,-0.0034832074,0.00080359844,0.001295719,4.2435765,4.230278,2,4,1,0.9208898,1
9,21,0,0,0,0.0,0.0,0.0,0.0,0.0,0.0,2.3464165,2.3527777,2,-1,0,0.24721904,0
9,14,0,0,0,0.0,0.0,0.0,0.0,0.0,0.0,2.2029235,2.1977777,2,-1,0,0.096263506,0
9,10,0,0,0,0.0,0.0,0.0,0.0,0.0,0.0,2.6047711,2.6155555,2,-1,0,0.22522081,0
9,3,1,1,1,-54.870342,34.15883,105.630066,-0.0093222065,0.0034154998,0.00411931,12.96334,12.905556,2,5,1,0.87366134,1
9,5,0,0,0,0.0,0.0,0.0,0.0,0.0,0.0,2.3557708,2.3377779,2,-1,0,0.22073127,0
9,8,1,1,1,-55.39993,154.28003,52.379112,-0.0129479505,0.0024196128,0.0088135,15.190292,15.345278,2,6,1,0.99030566,1
9,8,1,0,1,-55.39993,154.28003,52.379112,-0.0129479505,0.0024196128,0.0088135,2.4194446,2.3611112,2,-1,0,0.11501698,0
9,14,0,0,0,0.0,0.0,0.0,0.0,0.0,0.0,2.642625,2.6883333,2,-1,0,0.093804836,0
9,11,0,0,0,0.0,0.0,0.0,0.0,0.0,0.0,2.431972,2.4505556,2,-1,0,0.09283706,0
9,1,0,0,0,0.0,0.0,0.0,0.0,0.0,0.0,2.19284,2.1847222,2,-1,0,0.12716156,0
9,16,0,0,0,0.0,0.0,0.0,0.0,0.0,0.0,2.2724724,2.363889,2,-1,0,0.11565702,0
9,14,0,0,0,0.0,0.0,0.0,0.0,0.0,0.0,2.086632,2.0352778,2,-1,0,0.07235713,0
9,13,0,0,0,0.0,0.0,0.0,0.0,0.0,0.0,2.1025279,2.0983334,2,-1,0,0.09794843,0
9,17,0,0,0,0.0,0.0,0.0,0.0,0.0,0.0,2.8902917,2.8997223,2,-1,0,0.1381716,0
9,15,0,0,0,0.0,0.0,0.0,0.0,0.0,0.0,2.0076807,2.014722,2,-1,0,0.029862328,0
9,21,1,1,1,89.27761,452.3524,217.16153,-0.02195238,0.0054091415,0.015553125,25.257803,25.401667,2,7,1,0.99999356,1
9,40,0,0,0,0.0,0.0,0.0,0.0,0.0,0.0,2.2788196,2.286111,2,-1,0,0.100647666,0
9,34,0,0,0,0.0,0.0,0.0,0.0,0.0,0.0,2.6211457,2.5852778,2,-1,0,0.7054156,1
9,24,0,0,0,0.0,0.0,0.0,0.0,0.0,0.0,2.216,2.196389,2,-1,0,0.0986173,0
9,6,0,0,0,0.0,0.0,0.0,0.0,0.0,0.0,1.9991806,2.0483334,2,-1,0,0.051540576,0
9,36,0,0,0,0.0,0.0,0.0,0.0,0.0,0.0,2.1790416,2.2377777,2,-1,0,0.110369064,0
9,31,0,0,0,0.0,0.0,0.0,0.0,0.0,0.0,2.6477084,2.7155557,2,-1,0,0.09719771,0
9,24,1,1,1,-98.37809,-72.79912,93.759735,-0.0028922232,0.0013888131,0.0047905454,6.204452,6.268611,2,8,1,0.9328447,1
9,19,0,0,0,0.0,0.0,0.0,0.0,0.0,0.0,2.0834513,2.1347222,2,-1,0,0.12819043,0
9,38,0,0,0,0.0,0.0,0.0,0.0,0.0,0.0,2.57659,2.5738888,2,-1,0,0.37314326,0
9,10,0,0,0,0.0,0.0,0.0,0.0,0.0,0.0,2.281875,2.23,2,-1,0,0.083165236,0
9,30,0,0,0,0.0,0.0,0.0,0.0,0.0,0.0,2.4447916,2.504722,2,-1,0,0.16073374,0
9,22,0,0,0,0.0,0.0,0.0,0.0,0.0,0.0,2.4807363,2.5222223,2,-1,0,0.10375175,0
9,17,0,0,0,0.0,0.0,0.0,0.0,0.0,0.0,2.3073683,2.4002779,2,-1,0,0.14332515,0
9,21,0,0,0,0.0,0.0,0.0,0.0,0.0,0.0,2.1377292,2.128611,2,-1,0,0.09853434,0
9,7,1,1,1,-133.52617,-540.6326,190.25594,-0.0073248744,0.00024100028,0.0037906696,8.466216,8.430833,2,9,1,0.94161403,1
9,29,0,0,0,0.0,0.0,0.0,0.0,0.0,0.0,2.034257,2.0291667,2,-1,0,0.037392497,0
9,6,0,0,0,0.0,0.0,0.0,0.0,0.0,0.0,2.2482014,2.2505555,2,-1,0,0.07122846,0
9,39,0,0,0,0.0,0.0,0.0,0.0,0.0,0.0,2.2914028,2.271111,2,-1,0,0.115919754,0
9,4,1,0,1,154.80334,222.53072,443.8366,-0.012092934,0.004518707,0.008466518,2.213625,2.2630556,2,-1,0,0.123103485,0
9,24,0,0,0,0.0,0.0,0.0,0.0,0.0,0.0,2.6047776,2.6788888,2,-1,0,0.40173018,0
9,22,0,0,0,0.0,0.0,0.0,0.0,0.0,0.0,2.203153,2.1291666,2,-1,0,0.08041066,0
9,29,0,0,0,0.0,0.0,0.0,0.0,0.0,0.0,2.3324723,2.31,2,-1,0,0.11054559,0
9,19,1,1,1,145.41982,368.54855,88.62569,-0.0043293675,0.0018364857,0.002934171,5.6257567,5.6608334,2,10,1,0.9958204,1
9,3,0,0,0,0.0,0.0,0.0,0.0,0.0,0.0,2.2797499,2.2972221,2,-1,0,0.09901311,0
9,16,0,0,0,0.0,0.0,0.0,0.0,0.0,0.0,2.6179862,2.5902777,2,-1,0,0.220972,0
9,17,1,1,1,-147.50908,342.5683,410.11478,-0.0048172167,0.0031449578,0.0027077887,5.361083,5.3577776,2,-1,1,0.98174196,1
9,6,0,0,0,0.0,0.0,0.0,0.0,0.0,0.0,2.3108125,2.3622222,2,-1,0,0.066061,0
9,4,1,1,1,154.80334,222.53072,443.8366,-0.012092934,0.004518707,0.008466518,9.232521,9.283334,2,11,1,0.95967317,1
9,33,0,0,0,0.0,0.0,0.0,0.0,0.0,0.0,2.9697778,2.9244444,2,-1,0,0.4724514,0
9,27,0,0,0,0.0,0.0,0.0,0.0,0.0,0.0,2.092111,2.071389,2,-1,0,0.085404806,0
9,7,0,0,0,0.0,0.0,0.0,0.0,0.0,0.0,2.141146,2.1319444,2,-1,0,0.15510887,0
9,9,0,0,0,0.0,0.0,0.0,0.0,0.0,0.0,2.149889,2.2633333,2,-1,0,0.06851625,0
9,30,0,0,0,0.0,0.0,0.0,0.0,0.0,0.0,2.1686597,2.131389,2,-1,0,0.15357392,0
9,29,0,0,0,0.0,0.0,0.0,0.0,0.0,0.0,2.3809721,2.3911111,2,-1,0,0.06886782,0
9,40,1,1,1,172.30577,-586.97815,247.8342,-0.011892543,0.0020179383,0.011195534,17.576694,17.5425,2,12,1,0.9223107,1
9,11,1,0,1,194.22308,-244.72232,338.358,-0.020051356,0.0059966636,0.016438864,4.6240277,4.6161113,2,-1,0,0.97711414,1
9,10,0,0,0,0.0,0.0,0.0,0.0,0.0,0.0,2.1183333,2.0594444,2,-1,0,0.08572823,0
9,30,1,1,1,-179.06218,-323.7094,191.64114,-0.006460071,0.00039297622,0.006000651,7.4205003,7.36,2,13,1,0.9753483,1
9,1,0,0,0,0.0,0.0,0.0,0.0,0.0,0.0,2.0403333,2.0633333,2,-1,0,0.11553798,0
9,13,0,0,0,0.0,0.0,0.0,0.0,0.0,0.0,1.9703056,2.028889,2,-1,0,0.07891488,0
9,11,1,1,1,194.22308,-244.72232,338.358,-0.020051356,0.0059966636,0.016438864,22.65428,22.99611,2,14,1,0.98198557,1
9,29,1,1,1,-196.14604,401.41623,104.940186,-0.008059396,0.0008412502,0.007739042,11.157792,11.081944,2,15,1,0.99291235,1
9,5,1,1,1,-196.6251,171.83649,309.13272,-0.011539683,0.005973699,0.011201868,14.359271,14.510834,2,16,1,0.9527361,1
9,24,0,0,0,0.0,0.0,0.0,0.0,0.0,0.0,3.2235835,3.2355556,2,-1,0,0.1467393,0
9,23,0,0,0,0.0,0.0,0.0,0.0,0.0,0.0,2.116257,2.1208334,2,-1,0,0.088784195,0
9,39,0,0,0,0.0,0.0,0.0,0.0,0.0,0.0,2.120271,2.1547222,2,-1,0,0.10284595,0
9,10,0,0,0,0.0,0.0,0.0,0.0,0.0,0.0,2.169,2.273611,2,-1,0,0.07844764,0
9,9,1,1,1,217.03654,-449.5696,16.777695,-0.011761107,0.0013063027,0.008833792,13.427715,13.220555,2,17,1,0.99730384,1
9,25,0,0,0,0.0,0.0,0.0,0.0,0.0,0.0,2.4254444,2.3847222,2,-1,0,0.08862474,0
9,2,1,1,1,-213.14772,554.5696,439.7326,-0.002829696,0.0014891464,0.0047664973,5.858299,5.7875,2,18,1,0.9934807,1
9,39,0,0,0,0.0,0.0,0.0,0.0,0.0,0.0,2.1865277,2.2422223,2,-1,0,0.14084363,0
9,1,1,1,1,217.95828,349.88837,215.21037,-0.0020078963,0.0021654945,0.0014032809,2.9105,2.911111,2,19,1,0.6840671,1
9,16,0,0,0,0.0,0.0,0.0,0.0,0.0,0.0,2.5855484,2.5522223,2,-1,0,0.0876393,0
9,32,0,0,0,0.0,0.0,0.0,0.0,0.0,0.0,2.7585554,2.8425,2,-1,0,0.08782638,0
9,31,1,1,1,231.94183,317.71152,245.41792,-0.0033895874,2.7748287e-05,0.0046297056,5.5533333,5.5516667,2,20,1,0.9884293,1
9,22,1,1,1,233.00308,-194.73726,267.6251,-0.0046159513,0.0035745641,0.003030186,6.745625,6.711111,2,21,1,0.9549711,1
9,36,1,1,1,-232.99992,-368.5961,372.30737,-0.0038832247,0.001092257,0.0046624793,4.6902847,4.6516666,2,22,1,0.9621838,1
9,13,0,0,0,0.0,0.0,0.0,0.0,0.0,0.0,2.2188263,2.2397223,2,-1,0,0.07932397,0
9,22,0,0,0,0.0,0.0,0.0,0.0,0.0,0.0,2.2829862,2.2466667,2,-1,0,0.115352154,0
9,7,0,0,0,0.0,0.0,0.0,0.0,0.0,0.0,1.9910278,2.0522223,2,-1,0,0.06870181,0
9,35,1,1,1,-244.17462,-149.52574,383.64575,-0.008664061,0.0014534843,0.0058114645,10.724577,10.663889,2,23,1,0.7611911,1
9,30,0,0,0,0.0,0.0,0.0,0.0,0.0,0.0,2.2386806,2.241111,2,-1,0,0.07392333,0
9,30,0,0,0,0.0,0.0,0.0,0.0,0.0,0.0,2.2301528,2.2252777,2,-1,0,0.088235125,0
9,3,0,0,0,0.0,0.0,0.0,0.0,0.0,0.0,2.486924,2.3491666,2,-1,0,0.077893585,0
9,31,0,0,0,0.0,0.0,0.0,0.0,0.0,0.0,2.6225,2.6747222,2,-1,0,0.11860732,0
9,7,0,0,0,0.0,0.0,0.0,0.0,0.0,0.0,2.1002362,2.1388888,2,-1,0,0.08389977,0
9,15,0,0,0,0.0,0.0,0.0,0.0,0.0,0.0,2.1530137,2.1483333,2,-1,0,0.046429798,0
9,4,0,0,0,0.0,0.0,0.0,0.0,0.0,0.0,2.2008612,2.166111,2,-1,0,0.2049664,0
9,10,0,0,0,0.0,0.0,0.0,0.0,0.0,0.0,2.445771,2.4575,2,-1,0,0.05901057,0
9,20,1,1,1,281.0848,-592.7698,174.37177,-0.023843441,0.006134788,0.015575963,28.153545,28.258333,2,24,1,0.9699444,1
9,4,0,0,0,0.0,0.0,0.0,0.0,0.0,0.0,2.4663959,2.4097223,2,-1,0,0.06669193,0
9,35,0,0,0,0.0,0.0,0.0,0.0,0.0,0.0,2.1781735,2.2372222,2,-1,0,0.087050624,0
9,35,0,0,0,0.0,0.0,0.0,0.0,0.0,0.0,2.5821252,2.5,2,-1,0,0.16989331,0
9,16,0,0,0,0.0,0.0,0.0,0.0,0.0,0.0,2.0950346,2.1308334,2,-1,0,0.11084027,0
9,39,1,1,1,288.71008,-413.03717,129.9485,-0.003379098,0.0020673,0.001309769,3.8094096,3.7777777,2,25,1,0.9635832,1
9,35,0,0,0,0.0,0.0,0.0,0.0,0.0,0.0,2.5397012,2.5097222,2,-1,0,0.16016164,0
9,18,1,1,1,300.11267,-326.16763,92.68742,-0.0028793975,0.0013337752,0.003924726,4.5578756,4.496389,2,26,1,0.97806454,1
9,22,0,0,0,0.0,0.0,0.0,0.0,0.0,0.0,2.0695972,2.0483334,2,-1,0,0.056237254,0
9,9,0,0,0,0.0,0.0,0.0,0.0,0.0,0.0,2.1510277,2.1566668,2,-1,0,0.071399055,0
9,3,0,0,0,0.0,0.0,0.0,0.0,0.0,0.0,2.4568613,2.4608333,2,-1,0,0.09409473,0
9,28,0,0,0,0.0,0.0,0.0,0.0,0.0,0.0,2.3523054,2.4180555,2,-1,0,0.15263352,0
9,30,0,0,0,0.0,0.0,0.0,0.0,0.0,0.0,2.3874164,2.3844445,2,-1,0,0.09054583,0
9,7,0,0,0,0.0,0.0,0.0,0.0,0.0,0.0,2.258618,2.2105556,2,-1,0,0.1170904,0
9,12,0,0,0,0.0,0.0,0.0,0.0,0.0,0.0,2.2522223,2.286111,2,-1,0,0.11211077,0
9,15,1,1,1,-313.64862,366.78906,166.76527,-0.010673248,0.004844547,0.0077912086,13.661653,13.729722,2,27,1,0.98249245,1
9,8,0,0,0,0.0,0.0,0.0,0.0,0.0,0.0,1.9545556,2.0741668,2,-1,0,0.085610874,0
9,26,0,0,0,0.0,0.0,0.0,0.0,0.0,0.0,2.599854,2.5158334,2,-1,0,0.10907,0
9,10,0,0,0,0.0,0.0,0.0,0.0,0.0,0.0,2.3607638,2.3547223,2,-1,0,0.13066553,0
9,31,0,0,0,0.0,0.0,0.0,0.0,0.0,0.0,2.1160555,2.0558333,2,-1,0,0.080263995,0
9,23,0,0,0,0.0,0.0,0.0,0.0,0.0,0.0,2.029389,2.1025,2,-1,0,0.060253873,0
9,40,0,0,0,0.0,0.0,0.0,0.0,0.0,0.0,2.6404443,2.6683333,2,-1,0,0.105004914,0
9,18,0,0,0,0.0,0.0,0.0,0.0,0.0,0.0,2.209,2.1713889,2,-1,0,0.0939439,0
9,27,1,1,1,-333.89206,-271.1599,46.401234,-0.0068392516,0.0002183059,0.0041409386,7.5336523,7.645,2,28,1,0.9650223,1
9,12,1,1,1,337.04666,-74.62869,225.51933,-0.0040423987,-0.00033712405,0.0023216403,4.154514,4.1491666,2,29,1,0.96823156,1
9,23,0,0,0,0.0,0.0,0.0,0.0,0.0,0.0,2.2738194,2.2766666,2,-1,0,0.23627076,0
9,9,0,0,0,0.0,0.0,0.0,0.0,0.0,0.0,2.0167918,2.0372221,2,-1,0,0.1285211,0
9,6,1,1,1,-341.81073,302.15527,305.86655,-0.0020762577,0.0022268335,0.0029369672,3.6473334,3.565,2,30,1,0.96546304,1
9,23,0,0,0,0.0,0.0,0.0,0.0,0.0,0.0,2.0081875,2.1022222,2,-1,0,0.1405451,0
9,17,0,0,0,0.0,0.0,0.0,0.0,0.0,0.0,2.6395762,2.5,2,-1,0,0.069872424,0
9,28,1,1,1,-348.88916,-520.4864,74.09091,-0.0042556776,0.001998559,0.0012077115,4.114125,4.2369447,2,31,1,0.9656114,1
9,13,0,0,0,0.0,0.0,0.0,0.0,0.0,0.0,2.2566805,2.1894445,2,-1,0,0.049185775,0
9,37,1,1,1,-360.43796,-68.84986,176.68439,-0.00405063,0.0010907431,0.005669563,4.8769584,4.9063888,2,32,1,0.98320264,1
9,21,0,0,0,0.0,0.0,0.0,0.0,0.0,0.0,2.2984304,2.363889,2,-1,0,0.11609556,0
9,15,0,0,0,0.0,0.0,0.0,0.0,0.0,0.0,2.3176665,2.301389,2,-1,0,0.18006498,0
9,28,0,0,0,0.0,0.0,0.0,0.0,0.0,0.0,2.2499027,2.2780557,2,-1,0,0.12289419,0
9,4,0,0,0,0.0,0.0,0.0,0.0,0.0,0.0,2.2510417,2.32,2,-1,0,0.18208192,0
9,20,0,0,0,0.0,0.0,0.0,0.0,0.0,0.0,2.1569166,2.1063888,2,-1,0,0.12867104,0
9,17,0,0,0,0.0,0.0,0.0,0.0,0.0,0.0,2.0240278,2.0072222,2,-1,0,0.10811904,0
9,39,0,0,0,0.0,0.0,0.0,0.0,0.0,0.0,2.0254583,2.0694444,2,-1,0,0.0641543,0
9,18,0,0,0,0.0,0.0,0.0,0.0,0.0,0.0,2.2014027,2.2161112,2,-1,0,0.09336932,0
9,18,0,0,0,0.0,0.0,0.0,0.0,0.0,0.0,2.4235277,2.547778,2,-1,0,0.4684132,0
9,40,0,0,0,0.0,0.0,0.0,0.0,0.0,0.0,2.1657014,2.1380556,2,-1,0,0.10803521,0
9,31,0,0,0,0.0,0.0,0.0,0.0,0.0,0.0,2.139139,2.0911112,2,-1,0,0.10155533,0
9,32,0,0,0,0.0,0.0,0.0,0.0,0.0,0.0,2.1302502,2.0725,2,-1,0,0.07718242,0
9,16,0,0,0,0.0,0.0,0.0,0.0,0.0,0.0,2.2001388,2.202222,2,-1,0,0.10680327,0
9,7,0,0,0,0.0,0.0,0.0,0.0,0.0,0.0,2.2718887,2.2597222,2,-1,0,0.0782639,0
9,33,0,0,0,0.0,0.0,0.0,0.0,0.0,0.0,1.9837153,2.0427778,2,-1,0,0.08495582,0
10,20,0,0,0,0.0,0.0,0.0,0.0,0.0,0.0,2.261979,2.2638888,2,-1,0,0.1073901,0
10,4,0,0,0,0.0,0.0,0.0,0.0,0.0,0.0,2.0264168,2.0922222,2,-1,0,0.08017514,0
10,7,0,0,0,0.0,0.0,0.0,0.0,0.0,0.0,2.4050348,2.4480555,2,-1,0,0.005781995,0
10,8,0,0,0,0.0,0.0,0.0,0.0,0.0,0.0,2.0339653,2.0891666,2,-1,0,0.1109947,0
10,39,0,0,0,0.0,0.0,0.0,0.0,0.0,0.0,2.0348332,2.0511112,2,-1,0,0.06925495,0
10,24,0,0,0,0.0,0.0,0.0,0.0,0.0,0.0,2.3241806,2.308889,2,-1,0,0.10010992,0
10,22,0,0,0,0.0,0.0,0.0,0.0,0.0,0.0,2.1982083,2.16,2,-1,0,0.09065409,0
10,18,1,1,0,-27.394585,-365.05563,384.27182,-0.020028042,0.0069851866,0.024831317,40.005566,39.976665,2,0,1,0.9967097,1
10,20,1,1,0,-55.796913,-602.42267,142.90088,0.017400477,0.0036991257,-0.0116031105,10.626569,10.601944,2,1,1,0.9811972,1
10,34,0,0,0,0.0,0.0,0.0,0.0,0.0,0.0,2.2279792,2.2838888,2,-1,0,0.085155785,0
10,1,0,0,0,0.0,0.0,0.0,0.0,0.0,0.0,2.2141666,2.1833334,2,-1,0,0.12170757,0
10,35,0,0,0,0.0,0.0,0.0,0.0,0.0,0.0,2.122986,2.1430554,2,-1,0,0.075995415,0
10,21,0,0,0,0.0,0.0,0.0,0.0,0.0,0.0,2.1613333,2.1063888,2,-1,0,0.15462863,0
10,28,0,0,0,0.0,0.0,0.0,0.0,0.0,0.0,15.8324175,-1.0,2,-1,0,0.9919734,1
10,28,0,0,0,0.0,0.0,0.0,0.0,0.0,0.0,6.9931736,-1.0,2,-1,0,0.99220467,1
10,38,0,0,0,0.0,0.0,0.0,0.0,0.0,0.0,2.6229444,2.5119445,2,-1,0,0.11866615,0
10,23,0,0,0,0.0,0.0,0.0,0.0,0.0,0.0,2.9113889,2.913889,2,-1,0,0.26495445,0
10,17,0,0,0,0.0,0.0,0.0,0.0,0.0,0.0,2.063347,2.2008333,2,-1,0,0.0407106,0
10,20,1,0,0,-55.796913,-602.42267,142.90088,0.017400477,0.0036991257,-0.0116031105,2.45825,2.528889,2,-1,0,0.10973969,0
10,30,0,0,0,0.0,0.0,0.0,0.0,0.0,0.0,2.1027222,2.1088889,2,-1,0,0.08520614,0
10,4,0,0,0,0.0,0.0,0.0,0.0,0.0,0.0,2.2755,2.2869444,2,-1,0,0.075441316,0
10,39,0,0,0,0.0,0.0,0.0,0.0,0.0,0.0,2.883771,2.981111,2,-1,0,0.12571007,0
10,34,1,1,0,-60.1733,-160.18677,346.05743,0.009242539,0.0088036535,0.00028710495,15.690286,15.5622225,2,2,1,0.9853656,1
10,1,1,1,0,-57.608883,-409.70642,296.44098,-0.0085333865,0.058650587,-0.0047506043,49.350548,40.753056,2,3,1,0.99996984,1
10,1,1,0,0,-57.608883,-409.70642,296.44098,-0.0085333865,0.058650587,-0.0047506043,6.3581395,3.985278,2,-1,0,0.96749777,1
10,1,1,0,0,-57.608883,-409.70642,296.44098,-0.0085333865,0.058650587,-0.0047506043,4.5221667,4.2944446,2,-1,0,0.9479086,1
10,1,1,0,0,-57.608883,-409.70642,296.44098,-0.0085333865,0.058650587,-0.0047506043,4.61582,4.5172224,2,-1,0,0.9701282,1
10,1,1,0,0,-57.608883,-409.70642,296.44098,-0.0085333865,0.058650587,-0.0047506043,4.7892222,4.6444445,2,-1,0,0.9850013,1
10,32,0,0,0,0.0,0.0,0.0,0.0,0.0,0.0,1.9907085,2.0655556,2,-1,0,0.08773792,0
10,15,0,0,0,0.0,0.0,0.0,0.0,0.0,0.0,2.1634235,2.1625,2,-1,0,0.11983918,0
10,10,0,0,0,0.0,0.0,0.0,0.0,0.0,0.0,2.4745417,2.3244445,2,-1,0,0.1264638,0
10,12,0,0,0,0.0,0.0,0.0,0.0,0.0,0.0,2.1885138,2.1175,2,-1,0,0.09487132,0
10,22,1,1,0,-69.92111,-481.99734,111.06774,0.009839411,-0.010579233,-0.0006012334,16.425438,16.569445,2,4,1,0.99732566,1
10,17,0,0,0,0.0,0.0,0.0,0.0,0.0,0.0,2.3011806,2.2375,2,-1,0,0.10615008,0
10,4,0,0,0,0.0,0.0,0.0,0.0,0.0,0.0,2.164257,2.2072222,2,-1,0,0.11497609,0
10,17,0,0,0,0.0,0.0,0.0,0.0,0.0,0.0,2.26825,2.2347221,2,-1,0,0.12251085,0
10,33,0,0,0,0.0,0.0,0.0,0.0,0.0,0.0,2.4553335,2.436389,2,-1,0,0.12138052,0
10,7,0,0,0,0.0,0.0,0.0,0.0,0.0,0.0,2.5317361,2.4602778,2,-1,0,0.1588947,0
10,26,1,1,0,96.18769,-487.72784,361.324,0.014681096,0.017182281,0.005222273,20.215681,9.115833,2,5,1,0.9662252,1
10,33,0,0,0,0.0,0.0,0.0,0.0,0.0,0.0,2.0940557,1.9455556,2,-1,0,0.054690294,0
10,15,1,1,0,99.652855,-201.74858,142.26591,0.0057632755,-0.007380265,-0.030581212,13.357333,13.381389,2,6,1,0.9839761,1
10,15,1,0,0,99.652855,-201.74858,142.26591,0.0057632755,-0.007380265,-0.030581212,4.391437,4.4405556,2,-1,0,0.9845724,1
10,15,1,0,0,99.652855,-201.74858,142.26591,0.0057632755,-0.007380265,-0.030581212,12.919215,12.846111,2,-1,0,0.97297883,1
10,6,0,0,0,0.0,0.0,0.0,0.0,0.0,0.0,2.3384721,2.3747222,2,-1,0,0.1902751,0
10,15,1,0,0,99.652855,-201.74858,142.26591,0.0057632755,-0.007380265,-0.030581212,3.319389,3.323611,2,-1,0,0.50039035,1
10,4,0,0,0,0.0,0.0,0.0,0.0,0.0,0.0,2.0035694,2.0683334,2,-1,0,0.12406385,0
10,22,0,0,0,0.0,0.0,0.0,0.0,0.0,0.0,2.0052083,2.053611,2,-1,0,0.1002506,0
10,22,0,0,0,0.0,0.0,0.0,0.0,0.0,0.0,2.365236,2.3622222,2,-1,0,0.12879686,0
10,26,0,0,0,0.0,0.0,0.0,0.0,0.0,0.0,2.474972,2.4683332,2,-1,0,0.16119713,0
10,10,0,0,0,0.0,0.0,0.0,0.0,0.0,0.0,2.1901805,2.1683333,2,-1,0,0.11281746,0
10,36,0,0,0,0.0,0.0,0.0,0.0,0.0,0.0,8.818438,-1.0,2,-1,0,0.9998872,1
10,5,0,0,0,0.0,0.0,0.0,0.0,0.0,0.0,2.1258543,2.2425,2,-1,0,0.08370774,0
10,33,1,1,0,-109.29879,411.8829,140.08708,0.004021017,0.022293953,0.019149018,32.032192,31.993334,2,7,1,0.98221266,1
10,15,0,0,0,0.0,0.0,0.0,0.0,0.0,0.0,2.646361,2.6458333,2,-1,0,0.21891433,0
10,17,1,0,0,-152.78711,-95.08718,309.3108,0.005027909,-0.004727229,-0.0018763902,2.403375,2.4383333,2,-1,0,0.14823799,0
10,23,0,0,0,0.0,0.0,0.0,0.0,0.0,0.0,2.8636806,2.7783334,2,-1,0,0.163937,0
10,14,0,0,0,0.0,0.0,0.0,0.0,0.0,0.0,2.334479,2.205,2,-1,0,0.07909813,0
10,12,0,0,0,0.0,0.0,0.0,0.0,0.0,0.0,2.2904167,2.3333333,2,-1,0,0.11411959,0
10,8,0,0,0,0.0,0.0,0.0,0.0,0.0,0.0,2.2751114,2.2227778,2,-1,0,0.1198788,0
10,35,0,0,0,0.0,0.0,0.0,0.0,0.0,0.0,1.9829792,2.0438888,2,-1,0,0.037616868,0
10,35,0,0,0,0.0,0.0,0.0,0.0,0.0,0.0,2.0538542,2.0855556,2,-1,0,0.09071012,0
10,30,0,0,0,0.0,0.0,0.0,0.0,0.0,0.0,2.3179443,2.305,2,-1,0,0.14456302,0
10,26,0,0,0,0.0,0.0,0.0,0.0,0.0,0.0,2.015486,2.0347223,2,-1,0,0.08240076,0
10,32,1,0,0,156.41159,39.543827,46.98833,-0.007540704,-0.010354146,0.011791785,2.7401874,2.6119444,2,-1,0,0.2580306,0
10,34,0,0,0,0.0,0.0,0.0,0.0,0.0,0.0,2.2045903,2.1875,2,-1,0,0.11064906,0
10,3,0,0,0,0.0,0.0,0.0,0.0,0.0,0.0,2.0259237,2.0166667,2,-1,0,0.07414641,0
10,32,1,0,0,156.41159,39.543827,46.98833,-0.007540704,-0.010354146,0.011791785,3.1678336,3.1494443,2,-1,0,0.83911926,1
10,30,0,0,0,0.0,0.0,0.0,0.0,0.0,0.0,2.1201806,2.136111,2,-1,0,0.085245885,0
10,3,0,0,0,0.0,0.0,0.0,0.0,0.0,0.0,2.6741111,2.61,2,-1,0,0.19584155,0
10,17,1,1,0,-152.78711,-95.08718,309.3108,0.005027909,-0.004727229,-0.0018763902,6.7945347,6.673611,2,8,1,0.99365175,1
10,30,0,0,0,0.0,0.0,0.0,0.0,0.0,0.0,2.646847,2.645,2,-1,0,0.22532766,0
10,28,0,0,0,0.0,0.0,0.0,0.0,0.0,0.0,13.615673,-1.0,2,-1,0,0.9752993,1
10,32,1,1,0,156.41159,39.543827,46.98833,-0.007540704,-0.010354146,0.011791785,13.232626,13.488611,2,9,1,0.9998548,1
10,36,0,0,0,0.0,0.0,0.0,0.0,0.0,0.0,2.8192084,2.8080556,2,-1,0,0.32820502,0
10,23,0,0,0,0.0,0.0,0.0,0.0,0.0,0.0,2.1496112,1.9486111,2,-1,0,0.086371444,0
10,3,0,0,0,0.0,0.0,0.0,0.0,0.0,0.0,2.5993333,2.5016668,2,-1,0,0.18099569,0
10,14,1,0,0,191.9912,-341.32114,39.797237,-0.01464824,-0.025831344,0.020994864,11.042104,11.174167,2,-1,0,0.9967541,1
10,8,0,0,0,0.0,0.0,0.0,0.0,0.0,0.0,2.5629025,2.5625,2,-1,0,0.46156603,0
10,15,0,0,0,0.0,0.0,0.0,0.0,0.0,0.0,2.0833611,2.0916667,2,-1,0,0.08932337,0
10,12,0,0,0,0.0,0.0,0.0,0.0,0.0,0.0,2.3820903,2.2530556,2,-1,0,0.17365347,0
10,3,1,1,0,-165.48386,-487.36212,255.69337,-0.012902225,0.016396152,0.0074334303,13.279659,13.277778,2,10,1,0.97805357,1
10,38,1,0,0,-174.79272,-356.62817,190.34752,-0.00035116405,-0.0023148095,0.0067579434,1.9900835,2.036111,2,-1,0,0.008103624,0
10,35,1,1,0,-166.3256,-528.53424,90.158806,-0.016023563,-0.016215522,0.021931954,17.0037,17.095556,2,11,1,0.9909127,1
10,35,1,0,0,-166.3256,-528.53424,90.158806,-0.016023563,-0.016215522,0.021931954,14.557411,14.496388,2,-1,0,0.9418094,1
10,31,1,0,0,-178.30461,-490.1952,298.90506,-0.0050645266,0.016426217,-0.0062446496,2.0657082,2.0791667,2,-1,0,0.09043565,0
10,23,0,0,0,0.0,0.0,0.0,0.0,0.0,0.0,1.9433819,2.0469444,2,-1,0,0.1527333,0
10,26,0,0,0,0.0,0.0,0.0,0.0,0.0,0.0,2.3999794,2.378611,2,-1,0,0.10520688,0
10,13,0,0,0,0.0,0.0,0.0,0.0,0.0,0.0,2.0573056,2.0594444,2,-1,0,0.04836555,0
10,38,1,1,0,-174.79272,-356.62817,190.34752,-0.00035116405,-0.0023148095,0.0067579434,7.6532917,7.591111,2,12,1,0.9785705,1
10,7,1,0,0,193.57498,-463.49957,71.36929,-0.026042731,-0.037338395,-0.048610397,2.8172638,2.8369443,2,-1,0,0.19296157,0
10,35,0,0,0,0.0,0.0,0.0,0.0,0.0,0.0,2.1059444,2.1197221,2,-1,0,0.12537563,0
10,31,1,1,0,-178.30461,-490.1952,298.90506,-0.0050645266,0.016426217,-0.0062446496,19.882648,11.393056,2,13,1,0.98560125,1
10,7,1,0,0,193.57498,-463.49957,71.36929,-0.026042731,-0.037338395,-0.048610397,4.5919304,4.479722,2,-1,0,0.9845152,1
10,35,1,0,0,-166.3256,-528.53424,90.158806,-0.016023563,-0.016215522,0.021931954,2.3397846,2.345,2,-1,0,0.13430323,0
10,7,1,0,0,193.57498,-463.49957,71.36929,-0.026042731,-0.037338395,-0.048610397,2.8666458,2.7952778,2,-1,0,0.38353786,0
10,36,1,1,0,-191.32068,-298.5298,278.31943,0.039951727,-0.040824704,0.008392701,2.8709517,2.7994444,2,14,1,0.5564144,1
10,40,0,0,0,0.0,0.0,0.0,0.0,0.0,0.0,2.0676665,2.0144444,2,-1,0,0.046534482,0
10,3,1,0,0,-165.48386,-487.36212,255.69337,-0.012902225,0.016396152,0.0074334303,9.292111,9.486667,2,-1,0,0.992446,1
10,22,0,0,0,0.0,0.0,0.0,0.0,0.0,0.0,2.1255,2.1047223,2,-1,0,0.03831339,0
10,6,0,0,0,0.0,0.0,0.0,0.0,0.0,0.0,2.7212293,2.6533334,2,-1,0,0.49350438,0
10,23,0,0,0,0.0,0.0,0.0,0.0,0.0,0.0,2.3128266,2.2216666,2,-1,0,0.11404058,0
10,14,1,1,0,191.9912,-341.32114,39.797237,-0.01464824,-0.025831344,0.020994864,27.724401,27.462223,2,15,1,0.96145463,1
10,21,1,1,0,197.01051,318.95035,417.77277,-0.018277083,-0.0011671307,-0.01668512,22.417437,16.835833,2,16,1,0.9998658,1
10,21,1,0,0,197.01051,318.95035,417.77277,-0.018277083,-0.0011671307,-0.01668512,5.033986,4.9608335,2,-1,0,0.94850904,1
10,31,0,0,0,0.0,0.0,0.0,0.0,0.0,0.0,2.130625,2.1377778,2,-1,0,0.138204,0
10,7,1,1,0,193.57498,-463.49957,71.36929,-0.026042731,-0.037338395,-0.048610397,21.223812,21.32361,2,17,1,0.9941964,1
10,7,1,0,0,193.57498,-463.49957,71.36929,-0.026042731,-0.037338395,-0.048610397,17.41761,17.439444,2,-1,0,0.97570896,1
10,7,1,0,0,193.57498,-463.49957,71.36929,-0.026042731,-0.037338395,-0.048610397,16.85802,16.70139,2,-1,0,0.9933368,1
10,13,0,0,0,0.0,0.0,0.0,0.0,0.0,0.0,2.0347638,2.035,2,-1,0,0.07338191,0
10,37,0,0,0,0.0,0.0,0.0,0.0,0.0,0.0,2.1215138,2.071389,2,-1,0,0.040301207,0
10,32,0,0,0,0.0,0.0,0.0,0.0,0.0,0.0,2.3935692,2.4627779,2,-1,0,0.13454182,0
10,30,0,0,0,0.0,0.0,0.0,0.0,0.0,0.0,1.9495277,2.0591667,2,-1,0,0.07312558,0
10,7,1,0,0,193.57498,-463.49957,71.36929,-0.026042731,-0.037338395,-0.048610397,6.7283683,6.8369446,2,-1,0,0.97219175,1
10,19,0,0,0,0.0,0.0,0.0,0.0,0.0,0.0,2.7258334,2.7686112,2,-1,0,0.16467777,0
10,9,0,0,0,0.0,0.0,0.0,0.0,0.0,0.0,2.2982361,2.3458333,2,-1,0,0.16397788,0
10,19,0,0,0,0.0,0.0,0.0,0.0,0.0,0.0,2.5349448,2.456389,2,-1,0,0.116195776,0
10,24,0,0,0,0.0,0.0,0.0,0.0,0.0,0.0,1.9582709,2.0280557,2,-1,0,0.07288366,0
10,36,0,0,0,0.0,0.0,0.0,0.0,0.0,0.0,16.124569,-1.0,2,-1,0,0.95123667,1
10,22,0,0,0,0.0,0.0,0.0,0.0,0.0,0.0,2.4942155,2.4913888,2,-1,0,0.29309684,0
10,15,0,0,0,0.0,0.0,0.0,0.0,0.0,0.0,2.132889,2.192222,2,-1,0,0.07488913,0
10,2,1,1,0,222.47446,497.30096,58.78275,0.003263117,-0.0043958384,0.0030036045,6.4737706,6.3744445,2,18,1,0.95282614,1
10,5,0,0,0,0.0,0.0,0.0,0.0,0.0,0.0,2.2423542,2.233611,2,-1,0,0.09582848,0
10,25,1,1,0,-228.11467,-596.3371,43.83913,-0.020735182,0.0046700854,-0.0014557969,19.35511,19.421944,2,19,1,0.9996196,1
10,15,0,0,0,0.0,0.0,0.0,0.0,0.0,0.0,2.2570138,2.2733333,2,-1,0,0.44837365,0
10,22,0,0,0,0.0,0.0,0.0,0.0,0.0,0.0,2.4596386,2.461111,2,-1,0,0.0802104,0
10,25,1,0,0,-228.11467,-596.3371,43.83913,-0.020735182,0.0046700854,-0.0014557969,2.7502012,2.7919445,2,-1,0,0.28429225,0
10,14,0,0,0,0.0,0.0,0.0,0.0,0.0,0.0,2.143111,2.1455555,2,-1,0,0.063106224,0
10,36,0,0,0,0.0,0.0,0.0,0.0,0.0,0.0,2.4871945,-1.0,2,-1,0,0.12845859,0
10,21,0,0,0,0.0,0.0,0.0,0.0,0.0,0.0,1.9443126,2.0172222,2,-1,0,0.09560887,0
10,12,0,0,0,0.0,0.0,0.0,0.0,0.0,0.0,2.131875,2.2019444,2,-1,0,0.08103746,0
10,13,1,1,0,-244.38734,217.9675,394.85922,0.020994965,0.0088609485,-0.013525722,20.95619,21.03389,2,20,1,0.96410066,1
10,13,1,0,0,-244.38734,217.9675,394.85922,0.020994965,0.0088609485,-0.013525722,5.936819,5.8919444,2,-1,0,0.9885584,1
10,27,1,1,0,244.44913,44.65758,448.5144,0.014400954,-0.0067625176,-0.01666734,17.043903,17.074167,2,21,1,0.9845376,1
10,36,0,0,0,0.0,0.0,0.0,0.0,0.0,0.0,2.1311111,-1.0,2,-1,0,0.06917584,0
10,36,0,0,0,0.0,0.0,0.0,0.0,0.0,0.0,22.35968,-1.0,2,-1,0,0.9780005,1
10,36,0,0,0,0.0,0.0,0.0,0.0,0.0,0.0,8.951743,-1.0,2,-1,0,0.7190349,1
10,40,1,1,0,-252.62479,171.55229,277.88953,-0.032443415,-0.0028475723,0.0094574755,31.266117,31.946112,2,22,1,0.9959204,1
10,5,0,0,0,0.0,0.0,0.0,0.0,0.0,0.0,2.5245557,2.445,2,-1,0,0.20831719,0
10,29,1,1,0,254.92673,434.51773,166.9341,0.01726136,-0.0019112657,0.014050623,14.016938,13.665833,2,23,1,0.9909292,1
10,29,1,0,0,254.92673,434.51773,166.9341,0.01726136,-0.0019112657,0.014050623,7.396778,7.3344445,2,-1,0,0.9756079,1
10,40,1,0,0,-252.62479,171.55229,277.88953,-0.032443415,-0.0028475723,0.0094574755,2.4950347,2.5052779,2,-1,0,0.22521833,0
10,10,1,1,0,262.72507,401.5629,53.270676,0.0011264394,-0.01856806,-0.0127805555,16.507383,12.394167,2,24,1,0.9957177,1
10,10,1,0,0,262.72507,401.5629,53.270676,0.0011264394,-0.01856806,-0.0127805555,8.266417,8.265,2,-1,0,0.9847498,1
10,22,0,0,0,0.0,0.0,0.0,0.0,0.0,0.0,2.1405694,2.1444445,2,-1,0,0.088932775,0
10,4,0,0,0,0.0,0.0,0.0,0.0,0.0,0.0,2.0973473,2.0669444,2,-1,0,0.120839134,0
10,16,1,1,0,-273.2826,371.21967,234.19408,0.015554272,0.007127361,-0.0010836053,17.740444,17.7025,2,25,1,0.98938507,1
10,31,0,0,0,0.0,0.0,0.0,0.0,0.0,0.0,2.3912153,2.4147222,2,-1,0,0.18966132,0
10,11,0,0,0,0.0,0.0,0.0,0.0,0.0,0.0,2.0444584,2.1152778,2,-1,0,0.012948965,0
10,27,1,0,0,244.44913,44.65758,448.5144,0.014400954,-0.0067625176,-0.01666734,3.5204723,3.5925,2,-1,0,0.98074967,1
10,19,1,1,0,-282.298,-469.15344,92.76772,-0.024646252,-0.0050882157,-0.03216593,35.141865,34.4775,2,26,1,0.9930743,1
10,4,0,0,0,0.0,0.0,0.0,0.0,0.0,0.0,2.1150138,2.1630557,2,-1,0,0.11625135,0
10,24,1,1,0,-291.0803,-365.18204,84.912056,0.0054555936,0.0073266765,-0.012713299,14.34768,14.4997225,2,27,1,0.962141,1
10,10,0,0,0,0.0,0.0,0.0,0.0,0.0,0.0,2.2156944,2.2233334,2,-1,0,0.12886833,0
10,37,0,0,0,0.0,0.0,0.0,0.0,0.0,0.0,2.871125,2.9080555,2,-1,0,0.1948163,0
10,28,0,0,0,0.0,0.0,0.0,0.0,0.0,0.0,2.1906042,2.1308334,2,-1,0,0.04491174,0
10,8,1,1,0,-311.0721,581.31335,245.62866,0.003022818,0.028875647,-0.02623676,39.694675,39.363056,2,28,1,0.9971105,1
10,34,0,0,0,0.0,0.0,0.0,0.0,0.0,0.0,2.482361,2.5158334,2,-1,0,0.13467972,0
10,12,1,1,0,311.13458,-435.47623,298.11984,0.0025694133,0.016080512,0.0023994583,16.388687,16.438334,2,29,1,0.99947673,1
10,30,0,0,0,0.0,0.0,0.0,0.0,0.0,0.0,2.2909584,2.2866666,2,-1,0,0.101535276,0
10,25,0,0,0,0.0,0.0,0.0,0.0,0.0,0.0,2.2002153,2.2941666,2,-1,0,0.0836798,0
10,19,1,0,0,-282.298,-469.15344,92.76772,-0.024646252,-0.0050882157,-0.03216593,2.1781805,2.2013888,2,-1,0,0.07248369,0
10,30,1,1,0,319.18237,534.069,118.844124,0.00022453158,-0.0063707465,-0.01651259,17.582548,17.700277,2,30,1,0.98741156,1
10,15,0,0,0,0.0,0.0,0.0,0.0,0.0,0.0,2.2948542,2.2569444,2,-1,0,0.14294626,0
10,37,1,1,0,-332.03268,280.22128,450.64908,0.007332348,0.026917627,-0.00834371,30.923416,29.81611,2,31,1,0.99382895,1
10,12,0,0,0,0.0,0.0,0.0,0.0,0.0,0.0,2.3027568,2.2527778,2,-1,0,0.12041331,0
10,21,0,0,0,0.0,0.0,0.0,0.0,0.0,0.0,2.0706878,2.118611,2,-1,0,0.20551118,0
10,9,1,1,0,329.84894,516.34485,147.21385,-0.0037123375,0.004929636,0.0003086097,5.576125,5.5591664,2,32,1,0.96629053,1
10,23,1,1,0,-338.78168,104.274124,444.96555,0.022939144,0.010837172,0.0110805165,23.982908,23.96,2,33,1,0.9994449,1
10,37,1,0,0,-332.03268,280.22128,450.64908,0.007332348,0.026917627,-0.00834371,2.0995278,2.0511112,2,-1,0,0.08082942,0
10,12,1,0,0,311.13458,-435.47623,298.11984,0.0025694133,0.016080512,0.0023994583,2.5963194,2.6372223,2,-1,0,0.31500217,0
10,13,0,0,0,0.0,0.0,0.0,0.0,0.0,0.0,2.0571737,2.1116667,2,-1,0,0.09746688,0
10,1,0,0,0,0.0,0.0,0.0,0.0,0.0,0.0,2.1062152,2.0819445,2,-1,0,0.100830324,0
10,4,1,1,0,-347.52118,-543.4069,427.58078,0.0008274166,0.017186137,0.011235391,19.304438,18.511389,2,34,1,0.998844,1
10,11,1,1,0,349.6966,-424.91833,311.92172,0.004047513,-0.0016327864,-0.0031849786,4.94666,4.9641666,2,35,1,0.9717317,1
10,37,0,0,0,0.0,0.0,0.0,0.0,0.0,0.0,2.2194307,2.1455555,2,-1,0,0.074359454,0
10,22,0,0,0,0.0,0.0,0.0,0.0,0.0,0.0,2.2247915,2.1941667,2,-1,0,0.1353447,0
10,6,1,1,0,-355.41998,33.727043,102.93191,0.0052633355,-0.018341998,-0.016291196,21.513563,9.976944,2,36,1,0.99595237,1
10,29,0,0,0,0.0,0.0,0.0,0.0,0.0,0.0,1.9543194,2.0038888,2,-1,0,0.10308757,0
10,39,1,1,0,359.5881,-425.914,355.4335,0.018074637,0.009257636,0.011842373,10.286104,10.376945,2,37,1,0.98991627,1
10,39,1,0,0,359.5881,-425.914,355.4335,0.018074637,0.009257636,0.011842373,9.436382,9.452778,2,-1,0,0.9893919,1
10,39,1,0,0,298.86816,-497.1975,322.62912,0.018074637,0.009257636,0.011842373,2.1281667,2.1516666,2,-1,0,0.11489292,0
10,22,0,0,0,0.0,0.0,0.0,0.0,0.0,0.0,2.7104032,2.7616668,2,-1,0,0.15301818,0
10,39,1,0,0,298.86816,-497.1975,322.62912,0.018074637,0.009257636,0.011842373,3.3783474,3.3222222,2,-1,0,0.9443427,1
10,28,0,0,0,0.0,0.0,0.0,0.0,0.0,0.0,2.0934443,2.0927777,2,-1,0,0.19016786,0
10,36,0,0,0,0.0,0.0,0.0,0.0,0.0,0.0,1.9911944,2.0855556,2,-1,0,0.11673591,0
10,40,0,0,0,0.0,0.0,0.0,0.0,0.0,0.0,2.176847,2.198611,2,-1,0,0.059512503,0
10,2,0,0,0,0.0,0.0,0.0,0.0,0.0,0.0,2.0842638,2.118611,2,-1,0,0.08187847,0
10,13,0,0,0,0.0,0.0,0.0,0.0,0.0,0.0,2.02659,2.0055556,2,-1,0,0.050187375,0
10,21,0,0,0,0.0,0.0,0.0,0.0,0.0,0.0,2.181903,2.211111,2,-1,0,0.09556726,0
10,27,0,0,0,0.0,0.0,0.0,0.0,0.0,0.0,2.0537777,2.0608332,2,-1,0,0.095789984,0
10,27,0,0,0,0.0,0.0,0.0,0.0,0.0,0.0,2.171458,2.0597222,2,-1,0,0.1412644,0
10,5,0,0,0,0.0,0.0,0.0,0.0,0.0,0.0,2.1700835,2.2322223,2,-1,0,0.13841271,0
10,33,0,0,0,0.0,0.0,0.0,0.0,0.0,0.0,2.665375,2.7119443,2,-1,0,0.33602887,0
10,32,0,0,0,0.0,0.0,0.0,0.0,0.0,0.0,2.0747223,2.1225,2,-1,0,0.17279136,0
10,17,0,0,0,0.0,0.0,0.0,0.0,0.0,0.0,2.069125,2.03,2,-1,0,0.04954733,0
10,35,0,0,0,0.0,0.0,0.0,0.0,0.0,0.0,2.4441667,2.4505556,2,-1,0,0.17255718,0
10,4,0,0,0,0.0,0.0,0.0,0.0,0.0,0.0,2.1402917,2.1411111,2,-1,0,0.2168176,0
10,31,0,0,0,0.0,0.0,0.0,0.0,0.0,0.0,2.2201111,2.2444444,2,-1,0,0.07320952,0
10,31,0,0,0,0.0,0.0,0.0,0.0,0.0,0.0,2.5745556,2.5452778,2,-1,0,0.116254285,0
10,30,0,0,0,0.0,0.0,0.0,0.0,0.0,0.0,2.6978333,2.686389,2,-1,0,0.34590054,0
10,35,0,0,0,0.0,0.0,0.0,0.0,0.0,0.0,2.1058333,2.1025,2,-1,0,0.08417973,0
10,30,0,0,0,0.0,0.0,0.0,0.0,0.0,0.0,2.352507,2.2641666,2,-1,0,0.065093905,0
10,18,0,0,0,0.0,0.0,0.0,0.0,0.0,0.0,2.1956944,2.2422223,2,-1,0,0.11325753,0
10,16,0,0,0,0.0,0.0,0.0,0.0,0.0,0.0,2.660882,2.6616666,2,-1,0,0.19233279,0
10,5,0,0,0,0.0,0.0,0.0,0.0,0.0,0.0,2.2102916,2.1975,2,-1,0,0.08915113,0
10,26,0,0,0,0.0,0.0,0.0,0.0,0.0,0.0,2.3345764,2.3208334,2,-1,0,0.1668141,0
10,37,0,0,0,0.0,0.0,0.0,0.0,0.0,0.0,2.194236,2.192222,2,-1,0,0.13966204,0
10,16,0,0,0,0.0,0.0,0.0,0.0,0.0,0.0,2.3864584,2.5763888,2,-1,0,0.092765406,0
10,23,0,0,0,0.0,0.0,0.0,0.0,0.0,0.0,2.0490553,2.0694444,2,-1,0,0.11921809,0
10,9,0,0,0,0.0,0.0,0.0,0.0,0.0,0.0,2.6976252,2.6341667,2,-1,0,0.24311139,0
10,36,0,0,0,0.0,0.0,0.0,0.0,0.0,0.0,2.2157223,2.195,2,-1,0,0.09109702,0
10,15,0,0,0,0.0,0.0,0.0,0.0,0.0,0.0,2.1520762,2.2094445,2,-1,0,0.034793723,0
10,3,0,0,0,0.0,0.0,0.0,0.0,0.0,0.0,2.0501943,2.0455556,2,-1,0,0.08485164,0
10,38,0,0,0,0.0,0.0,0.0,0.0,0.0,0.0,2.1057777,2.0925,2,-1,0,0.0841376,0
11,33,0,0,0,0.0,0.0,0.0,0.0,0.0,0.0,2.771861,2.7919445,2,-1,0,0.1407132,0
11,38,0,0,0,0.0,0.0,0.0,0.0,0.0,0.0,2.3329444,2.3955555,2,-1,0,0.12404703,0
11,6,0,0,0,0.0,0.0,0.0,0.0,0.0,0.0,2.707868,2.7172222,2,-1,0,0.10294527,0
11,26,1,1,0,-23.205154,-65.76109,212.58568,0.0013755278,0.0053178477,-0.0007965538,7.212264,7.204167,2,0,1,0.9967625,1
11,30,0,0,0,0.0,0.0,0.0,0.0,0.0,0.0,2.166271,2.1991668,2,-1,0,0.09945402,0
11,7,1,1,0,-31.696537,-57.63507,413.626,0.014693122,0.03572575,0.0096666915,48.06734,48.30361,2,1,1,0.9998055,1
11,18,0,0,0,0.0,0.0,0.0,0.0,0.0,0.0,3.0011945,2.9205556,2,-1,0,0.11718659,0
11,30,0,0,0,0.0,0.0,0.0,0.0,0.0,0.0,2.239889,2.293611,2,-1,0,0.07434237,0
11,8,0,0,0,0.0,0.0,0.0,0.0,0.0,0.0,2.150625,2.2019444,2,-1,0,0.06621428,0
11,12,1,0,0,58.912754,142.38904,389.4586,-0.010864488,-0.0027319863,0.020378096,2.2287638,2.156389,2,-1,0,0.15608838,0
11,15,1,1,0,-40.25647,55.577507,95.52083,-0.01740494,-1.0928198e-05,-0.010961492,18.895014,18.8825,2,2,1,0.98802024,1
11,28,1,1,0,-45.557953,229.42715,169.0525,-0.002360337,-0.013902284,-0.012731714,22.255966,22.019167,2,3,1,0.99664474,1
11,21,0,0,0,0.0,0.0,0.0,0.0,0.0,0.0,2.134986,2.123889,2,-1,0,0.07724353,0
11,36,0,0,0,0.0,0.0,0.0,0.0,0.0,0.0,2.0479999,2.0566666,2,-1,0,0.064836234,0
11,17,0,0,0,0.0,0.0,0.0,0.0,0.0,0.0,20.154943,-1.0,2,-1,0,0.9824144,1
11,12,1,1,0,58.912754,142.38904,389.4586,-0.010864488,-0.0027319863,0.020378096,21.569223,21.366112,2,4,1,0.98464346,1
11,15,1,0,0,-40.25647,55.577507,95.52083,-0.01740494,-1.0928198e-05,-0.010961492,1.9535903,2.0016668,2,-1,0,0.06902192,0
11,22,0,0,0,0.0,0.0,0.0,0.0,0.0,0.0,2.307639,2.263611,2,-1,0,0.1399012,0
11,34,0,0,0,0.0,0.0,0.0,0.0,0.0,0.0,2.815097,2.7344444,2,-1,0,0.14967538,0
11,38,0,0,0,0.0,0.0,0.0,0.0,0.0,0.0,5.151534,-1.0,2,-1,0,0.9896423,1
11,4,1,0,0,-66.91295,-13.098666,241.94855,-0.005437791,0.0053079356,0.02215245,3.8248887,3.8608334,2,-1,0,0.8906574,1
11,18,1,1,0,61.78259,-429.4055,398.77634,0.0024253228,-0.003252669,0.021564486,26.386776,26.312222,2,5,1,0.955314,1
11,30,0,0,0,0.0,0.0,0.0,0.0,0.0,0.0,2.421,2.4358332,2,-1,0,0.094661355,0
11,22,0,0,0,0.0,0.0,0.0,0.0,0.0,0.0,2.456583,2.521111,2,-1,0,0.11723829,0
11,4,1,1,0,-66.91295,-13.098666,241.94855,-0.005437791,0.0053079356,0.02215245,18.342701,17.478611,2,6,1,0.9715181,1
11,33,0,0,0,0.0,0.0,0.0,0.0,0.0,0.0,2.103486,1.9955555,2,-1,0,0.031977613,0
11,18,1,0,0,61.78259,-429.4055,398.77634,0.0024253228,-0.003252669,0.021564486,2.9450765,2.9077778,2,-1,0,0.40228868,0
11,25,0,0,0,0.0,0.0,0.0,0.0,0.0,0.0,2.272993,2.2402778,2,-1,0,0.12666465,0
11,24,0,0,0,0.0,0.0,0.0,0.0,0.0,0.0,2.1028333,2.1369445,2,-1,0,0.12060444,0
11,38,0,0,0,0.0,0.0,0.0,0.0,0.0,0.0,2.1831806,2.1775,2,-1,0,0.16685791,0
11,4,1,0,0,-66.91295,-13.098666,241.94855,-0.005437791,0.0053079356,0.02215245,6.630111,6.814722,2,-1,0,0.9889789,1
11,15,0,0,0,0.0,0.0,0.0,0.0,0.0,0.0,2.096139,2.0544446,2,-1,0,0.08776887,0
11,27,0,0,0,0.0,0.0,0.0,0.0,0.0,0.0,2.1296735,2.1444445,2,-1,0,0.10115195,0
11,17,0,0,0,0.0,0.0,0.0,0.0,0.0,0.0,2.4228196,2.4027777,2,-1,0,0.08569949,0
11,29,0,0,0,0.0,0.0,0.0,0.0,0.0,0.0,2.6032848,2.442222,2,-1,0,0.12853245,0
11,11,0,0,0,0.0,0.0,0.0,0.0,0.0,0.0,1.9925348,2.0366666,2,-1,0,0.059364926,0
11,21,0,0,0,0.0,0.0,0.0,0.0,0.0,0.0,2.3176248,2.26,2,-1,0,0.08963105,0
11,33,1,0,0,-112.37202,470.5658,401.16537,0.02154757,-0.01835764,-0.012530797,3.3353472,3.4983332,2,-1,0,0.76583135,1
11,11,0,0,0,0.0,0.0,0.0,0.0,0.0,0.0,2.3831527,2.4180555,2,-1,0,0.12929215,0
11,38,0,0,0,0.0,0.0,0.0,0.0,0.0,0.0,2.1871529,-1.0,2,-1,0,0.091007695,0
11,20,0,0,0,0.0,0.0,0.0,0.0,0.0,0.0,2.5170696,0.7286111,2,-1,0,0.16960582,0
11,3,1,1,0,-102.042206,-292.53525,10.54809,0.012979817,0.0067802295,0.021960223,28.990915,7.642778,2,7,1,0.9995028,1
11,3,1,0,0,-102.042206,-292.53525,10.54809,0.012979817,0.0067802295,0.021960223,4.1375413,4.0569444,2,-1,0,0.9499962,1
11,38,0,0,0,0.0,0.0,0.0,0.0,0.0,0.0,10.623055,-1.0,2,-1,0,0.9975581,1
11,39,0,0,0,0.0,0.0,0.0,0.0,0.0,0.0,2.0021389,2.033611,2,-1,0,0.022896599,0
11,14,0,0,0,0.0,0.0,0.0,0.0,0.0,0.0,2.094361,2.1019444,2,-1,0,0.05113049,0
11,33,1,1,0,-112.37202,470.5658,401.16537,0.02154757,-0.01835764,-0.012530797,30.135681,30.364166,2,8,1,0.951777,1
11,20,1,1,0,121.9742,-481.85468,156.72903,-0.016082074,0.011550998,0.002001591,18.293293,18.318611,2,9,1,0.94209164,1
11,15,0,0,0,0.0,0.0,0.0,0.0,0.0,0.0,2.0534792,2.0175,2,-1,0,0.097641975,0
11,15,0,0,0,0.0,0.0,0.0,0.0,0.0,0.0,2.6018474,2.6377778,2,-1,0,0.115757056,0
11,39,0,0,0,0.0,0.0,0.0,0.0,0.0,0.0,2.2262917,2.2905555,2,-1,0,0.061511,0
11,27,0,0,0,0.0,0.0,0.0,0.0,0.0,0.0,2.1892776,2.1861112,2,-1,0,0.076605886,0
11,33,0,0,0,0.0,0.0,0.0,0.0,0.0,0.0,2.6307917,2.6641667,2,-1,0,0.14551474,0
11,26,0,0,0,0.0,0.0,0.0,0.0,0.0,0.0,2.034896,2.0216668,2,-1,0,0.055903368,0
11,13,0,0,0,0.0,0.0,0.0,0.0,0.0,0.0,2.1011806,2.1633334,2,-1,0,0.073068716,0
11,36,0,0,0,0.0,0.0,0.0,0.0,0.0,0.0,2.0112083,2.0966666,2,-1,0,0.086202286,0
11,30,0,0,0,0.0,0.0,0.0,0.0,0.0,0.0,2.263375,2.146389,2,-1,0,0.07272445,0
11,27,1,1,0,-141.19002,323.68463,74.87039,0.010641872,-0.011537524,-0.017346285,25.46759,25.458889,2,10,1,0.9935015,1
11,4,0,0,0,0.0,0.0,0.0,0.0,0.0,0.0,2.1971946,2.0972223,2,-1,0,0.14796694,0
11,40,1,1,0,-155.89082,430.7847,346.61462,0.0011873981,-0.010016053,-0.0074831764,13.11734,13.016111,2,11,1,0.9639639,1
11,16,0,0,0,0.0,0.0,0.0,0.0,0.0,0.0,2.1444168,2.0905557,2,-1,0,0.09430252,0
11,40,0,0,0,0.0,0.0,0.0,0.0,0.0,0.0,2.2024863,2.1630557,2,-1,0,0.057011046,0
11,20,0,0,0,0.0,0.0,0.0,0.0,0.0,0.0,2.0275278,2.0330555,2,-1,0,0.067979954,0
11,33,0,0,0,0.0,0.0,0.0,0.0,0.0,0.0,2.039882,2.0475,2,-1,0,0.099053726,0
11,17,1,1,0,-147.35374,-452.55695,444.57718,-0.013865508,0.0045150723,-0.010209903,2.2340279,2.25,2,12,1,0.12473176,0
11,32,0,0,0,0.0,0.0,0.0,0.0,0.0,0.0,2.1489723,2.2369444,2,-1,0,0.154487,0
11,31,1,0,0,178.50664,-561.11835,173.6993,-0.0061899656,-0.00031136032,-0.030876132,2.97925,2.8811111,2,-1,0,0.8707204,1
11,27,0,0,0,0.0,0.0,0.0,0.0,0.0,0.0,2.3015625,2.2316666,2,-1,0,0.11057536,0
11,31,1,1,0,178.50664,-561.11835,173.6993,-0.0061899656,-0.00031136032,-0.030876132,28.809938,29.045834,2,13,1,0.9484612,1
11,4,0,0,0,0.0,0.0,0.0,0.0,0.0,0.0,3.8610835,3.7180555,2,-1,0,0.9304813,1
11,29,0,0,0,0.0,0.0,0.0,0.0,0.0,0.0,2.4691386,2.4252777,2,-1,0,0.07743068,0
11,8,1,1,0,187.61383,14.603989,7.2699084,-0.015850998,0.00303966,-0.0046779225,15.706383,15.802778,2,14,1,0.8762247,1
11,36,0,0,0,0.0,0.0,0.0,0.0,0.0,0.0,1.9223053,2.0083334,2,-1,0,0.06137302,0
11,20,0,0,0,0.0,0.0,0.0,0.0,0.0,0.0,2.082611,2.0641668,2,-1,0,0.122602984,0
11,40,0,0,0,0.0,0.0,0.0,0.0,0.0,0.0,2.19975,2.2161112,2,-1,0,0.09844755,0
11,22,1,1,0,195.22044,189.3351,335.20932,-0.014394715,0.019161414,0.0031657028,24.560139,24.671667,2,15,1,0.97812414,1
11,16,0,0,0,0.0,0.0,0.0,0.0,0.0,0.0,2.401354,2.4119444,2,-1,0,0.16910198,0
11,31,0,0,0,0.0,0.0,0.0,0.0,0.0,0.0,2.2624097,2.3038888,2,-1,0,0.09834418,0
11,22,0,0,0,0.0,0.0,0.0,0.0,0.0,0.0,2.4864583,1.3794445,2,-1,0,0.08916308,0
11,34,0,0,0,0.0,0.0,0.0,0.0,0.0,0.0,2.8980904,2.8063889,2,-1,0,0.14606808,0
11,5,1,1,0,-209.93202,-541.28937,393.3635,-0.010552489,0.017561805,0.00094907644,15.429507,15.516945,2,16,1,0.9865957,1
11,5,0,0,0,0.0,0.0,0.0,0.0,0.0,0.0,2.4155416,2.4222221,2,-1,0,0.052102275,0
11,5,1,0,0,-209.93202,-541.28937,393.3635,-0.010552489,0.017561805,0.00094907644,3.810507,3.7291667,2,-1,0,0.93270695,1
11,23,1,1,0,-212.38522,-481.3501,259.90103,0.0049247295,-0.01899548,0.0029204614,17.79898,9.227222,2,17,1,0.98261297,1
11,13,0,0,0,0.0,0.0,0.0,0.0,0.0,0.0,2.1226113,2.076111,2,-1,0,0.077441856,0
11,5,1,0,0,-209.93202,-541.28937,393.3635,-0.010552489,0.017561805,0.00094907644,4.1021805,4.0594444,2,-1,0,0.94604325,1
11,36,0,0,0,0.0,0.0,0.0,0.0,0.0,0.0,2.5711665,2.57,2,-1,0,0.14151669,0
11,39,0,0,0,0.0,0.0,0.0,0.0,0.0,0.0,2.2161043,2.221111,2,-1,0,0.0651757,0
11,6,1,1,0,235.14,-243.80043,318.87167,-0.03047695,0.000627411,0.012500878,27.701986,27.84111,2,18,1,0.97749287,1
11,16,0,0,0,0.0,0.0,0.0,0.0,0.0,0.0,2.0878193,2.1411111,2,-1,0,0.06778711,0
11,36,1,1,0,-230.30534,-536.34906,340.29254,0.0023865774,-0.007870515,0.008734325,11.396826,11.331667,2,19,1,0.98545605,1
11,6,1,0,0,235.14,-243.80043,318.87167,-0.03047695,0.000627411,0.012500878,3.914139,3.8966668,2,-1,0,0.99663734,1
11,39,1,1,0,238.60468,208.6492,272.28915,-0.013331202,-0.01246963,0.0055544926,14.6425495,14.656944,2,20,1,0.94407564,1
11,39,1,0,0,238.60468,208.6492,272.28915,-0.013331202,-0.01246963,0.0055544926,5.8933682,5.8469443,2,-1,0,0.9639936,1
11,28,0,0,0,0.0,0.0,0.0,0.0,0.0,0.0,2.032132,2.0108333,2,-1,0,0.1255872,0
11,9,1,1,0,-239.92365,302.23672,322.7556,-0.007759911,0.023976577,-0.016180696,22.566813,20.15611,2,21,1,0.9649052,1
11,37,1,1,0,241.25018,364.00668,294.07336,-0.0014186193,0.026502138,0.0082730865,27.183008,27.172777,2,22,1,0.9891824,1
11,14,1,0,0,-242.2796,-513.3116,308.4651,-0.0041971533,0.02231298,-0.020545548,11.784382,11.939445,2,-1,0,0.9903673,1
11,14,1,0,0,-242.2796,-513.3116,308.4651,-0.0041971533,0.02231298,-0.020545548,2.010875,2.0652778,2,-1,0,0.0780508,0
11,14,1,1,0,-242.2796,-513.3116,308.4651,-0.0041971533,0.02231298,-0.020545548,16.266556,16.187778,2,23,1,0.99451315,1
11,24,1,0,0,-94.22843,-482.85623,241.34311,0.005647918,-0.021973783,-0.0028807092,2.4901667,2.4902778,2,-1,0,0.1632665,0
11,9,1,0,0,-239.92365,302.23672,322.7556,-0.007759911,0.023976577,-0.016180696,3.9964306,3.9608333,2,-1,0,0.96615726,1
11,9,1,0,0,-239.92365,302.23672,322.7556,-0.007759911,0.023976577,-0.016180696,6.008951,5.9358335,2,-1,0,0.98762476,1
11,6,0,0,0,0.0,0.0,0.0,0.0,0.0,0.0,2.7829514,2.7497222,2,-1,0,0.12294627,0
11,16,1,0,0,-254.61983,369.52686,218.2906,-0.017857857,0.008990912,0.011383247,11.017458,8.423333,2,-1,0,0.9946702,1
11,16,1,1,0,-254.61983,369.52686,218.2906,-0.017857857,0.008990912,0.011383247,14.179916,14.012777,2,24,1,0.9844008,1
11,19,1,0,0,-256.6202,-535.4908,101.377846,-0.015203994,-0.0011348935,-0.00524546,7.5867915,7.6475,2,-1,0,0.98718125,1
11,13,0,0,0,0.0,0.0,0.0,0.0,0.0,0.0,2.07475,2.025,2,-1,0,0.058386616,0
11,19,1,1,0,-256.6202,-535.4908,101.377846,-0.015203994,-0.0011348935,-0.00524546,8.77825,8.768611,2,25,1,0.9820654,1
11,11,0,0,0,0.0,0.0,0.0,0.0,0.0,0.0,2.1159723,2.1572223,2,-1,0,0.046600528,0
11,33,0,0,0,0.0,0.0,0.0,0.0,0.0,0.0,2.1802154,2.1577778,2,-1,0,0.10945205,0
11,35,1,0,0,-275.61783,455.20108,288.9153,0.031111822,0.0093513075,-0.0076978686,2.9539444,2.9625,2,-1,0,0.40477836,0
11,35,1,0,0,-275.61783,455.20108,288.9153,0.031111822,0.0093513075,-0.0076978686,11.492619,11.804444,2,-1,0,0.941419,1
11,36,0,0,0,0.0,0.0,0.0,0.0,0.0,0.0,2.0902846,2.0202777,2,-1,0,0.08802033,0
11,33,0,0,0,0.0,0.0,0.0,0.0,0.0,0.0,1.9918264,2.016389,2,-1,0,0.1279875,0
11,11,1,1,0,-269.59915,372.75592,440.87958,0.005020686,-0.03798918,0.029283902,41.632244,41.471943,2,26,1,0.99992895,1
11,40,0,0,0,0.0,0.0,0.0,0.0,0.0,0.0,2.089986,2.0947223,2,-1,0,0.07742074,0
11,21,1,1,0,-265.4568,-173.86388,450.59995,-0.0007077655,-0.022035724,-0.00629475,23.499245,23.875834,2,27,1,0.9752245,1
11,38,0,0,0,0.0,0.0,0.0,0.0,0.0,0.0,2.408132,2.458889,2,-1,0,0.107586674,0
11,5,0,0,0,0.0,0.0,0.0,0.0,0.0,0.0,2.4288266,2.4236112,2,-1,0,0.14739554,0
11,35,1,1,0,-275.61783,455.20108,288.9153,0.031111822,0.0093513075,-0.0076978686,15.805097,15.700833,2,28,1,0.9882913,1
11,11,1,0,0,-269.59915,372.75592,440.87958,0.005020686,-0.03798918,0.029283902,2.8613124,2.9008334,2,-1,0,0.408432,0
11,1,1,1,0,-271.84213,-137.25838,267.50128,-0.012338093,-0.0150504215,-0.007789436,17.674944,13.685278,2,29,1,0.99983156,1
11,24,1,0,0,-94.22843,-482.85623,241.34311,0.005647918,-0.021973783,-0.0028807092,2.178875,2.1380556,2,-1,0,0.15492155,0
11,22,0,0,0,0.0,0.0,0.0,0.0,0.0,0.0,2.3014584,2.3263888,2,-1,0,0.07111209,0
11,30,1,0,0,279.3026,-507.22424,198.28194,0.0042871125,-0.003812178,-0.0012600726,2.62675,2.5708334,2,-1,0,0.75437355,1
11,35,0,0,0,0.0,0.0,0.0,0.0,0.0,0.0,2.2700279,2.2558334,2,-1,0,0.10163058,0
11,30,1,1,0,279.3026,-507.22424,198.28194,0.0042871125,-0.003812178,-0.0012600726,6.590229,6.6825,2,30,1,0.97224367,1
11,32,1,1,0,291.62653,542.72906,20.2779,-0.0066804998,-0.033016875,-0.015085299,30.907167,30.83639,2,31,1,0.9865194,1
11,32,0,0,0,0.0,0.0,0.0,0.0,0.0,0.0,3.3882499,0.33694443,2,-1,0,0.9066888,1
11,1,1,0,0,-271.84213,-137.25838,267.50128,-0.012338093,-0.0150504215,-0.007789436,2.5824444,2.621389,2,-1,0,0.31806168,0
11,8,0,0,0,0.0,0.0,0.0,0.0,0.0,0.0,2.9816942,3.0113888,2,-1,0,0.23870583,0
11,5,0,0,0,0.0,0.0,0.0,0.0,0.0,0.0,2.4091666,2.4019444,2,-1,0,0.12939465,0
11,25,1,1,0,-303.23325,-232.96568,96.55665,-0.011859691,0.03161401,0.0030183534,33.143997,33.640556,2,32,1,0.99587786,1
11,39,0,0,0,0.0,0.0,0.0,0.0,0.0,0.0,2.7938056,2.6336112,2,-1,0,0.37105426,0
11,10,1,1,0,314.73993,493.15234,282.18777,-0.021353973,-0.0034421843,-0.011148873,18.555897,12.097777,2,33,1,0.99711895,1
11,24,0,0,0,0.0,0.0,0.0,0.0,0.0,0.0,2.1529791,2.1369445,2,-1,0,0.08254125,0
11,10,1,0,0,314.73993,493.15234,282.18777,-0.021353973,-0.0034421843,-0.011148873,6.716403,6.7716665,2,-1,0,0.99990916,1
11,34,1,0,0,321.62198,144.89172,263.1899,0.0028240192,-0.0017496542,0.014529023,2.2549791,2.266389,2,-1,0,0.08687941,0
11,34,1,1,0,321.62198,144.89172,263.1899,0.0028240192,-0.0017496542,0.014529023,9.17923,9.164166,2,34,1,0.9909972,1
11,34,1,0,0,321.62198,144.89172,263.1899,0.0028240192,-0.0017496542,0.014529023,3.0075,3.0363889,2,-1,0,0.7675318,1
11,34,1,0,0,321.62198,144.89172,263.1899,0.0028240192,-0.0017496542,0.014529023,2.468021,2.4491668,2,-1,0,0.5076135,1
11,19,0,0,0,0.0,0.0,0.0,0.0,0.0,0.0,2.0239165,2.0225,2,-1,0,0.101345316,0
11,29,0,0,0,0.0,0.0,0.0,0.0,0.0,0.0,2.0040972,2.031111,2,-1,0,0.09273317,0
11,19,0,0,0,0.0,0.0,0.0,0.0,0.0,0.0,2.2338471,2.143889,2,-1,0,0.12652574,0
11,11,0,0,0,0.0,0.0,0.0,0.0,0.0,0.0,2.0230973,2.055,2,-1,0,0.091022454,0
11,13,1,1,0,-330.30014,-600.6454,431.35342,0.004358097,-0.0036893312,-0.026685914,5.545388,5.4808335,2,35,1,0.96386003,1
11,23,0,0,0,0.0,0.0,0.0,0.0,0.0,0.0,2.1659863,2.103889,2,-1,0,0.06518353,0
11,24,1,0,0,-335.69852,-335.0828,321.65436,0.005647918,-0.021973783,-0.0028807092,4.1161113,4.0975,2,-1,0,0.9865481,1
11,26,0,0,0,0.0,0.0,0.0,0.0,0.0,0.0,2.020139,2.077222,2,-1,0,0.10284439,0
11,24,1,1,0,-335.69852,-335.0828,321.65436,0.005647918,-0.021973783,-0.0028807092,17.960257,17.973888,2,36,1,0.9717073,1
11,15,0,0,0,0.0,0.0,0.0,0.0,0.0,0.0,2.0662224,2.0683334,2,-1,0,0.08520335,0
11,6,0,0,0,0.0,0.0,0.0,0.0,0.0,0.0,2.3970556,2.4258332,2,-1,0,0.102438085,0
11,19,0,0,0,0.0,0.0,0.0,0.0,0.0,0.0,1.9492779,2.0066667,2,-1,0,0.081828564,0
11,24,1,0,0,-335.69852,-335.0828,321.65436,0.005647918,-0.021973783,-0.0028807092,2.114097,2.0875,2,-1,0,0.10913545,0
11,6,0,0,0,0.0,0.0,0.0,0.0,0.0,0.0,2.0956042,2.1422222,2,-1,0,0.17885216,0
11,2,1,1,0,345.26724,-251.30338,302.61627,0.014538202,0.010774381,0.024307689,25.243069,24.109722,2,37,1,0.99253654,1
11,26,0,0,0,0.0,0.0,0.0,0.0,0.0,0.0,2.4693334,2.4444444,2,-1,0,0.13129373,0
11,19,0,0,0,0.0,0.0,0.0,0.0,0.0,0.0,2.4677572,2.4783332,2,-1,0,0.16375509,0
11,2,1,0,0,345.26724,-251.30338,302.61627,0.014538202,0.010774381,0.024307689,2.7417085,2.7494445,2,-1,0,0.14454967,0
11,18,0,0,0,0.0,0.0,0.0,0.0,0.0,0.0,2.0777292,2.0402777,2,-1,0,0.109635495,0
11,29,1,1,0,-353.03882,-467.51108,166.71832,0.0076565887,0.013063454,0.010465647,16.905334,16.678612,2,38,1,0.98979735,1
11,2,1,0,0,345.26724,-251.30338,302.61627,0.014538202,0.010774381,0.024307689,2.0076804,2.0158334,2,-1,0,0.06870737,0
11,4,0,0,0,0.0,0.0,0.0,0.0,0.0,0.0,2.3364513,2.346111,2,-1,0,0.09898405,0
11,22,0,0,0,0.0,0.0,0.0,0.0,0.0,0.0,2.938611,3.04,2,-1,0,0.15349002,0
11,35,0,0,0,0.0,0.0,0.0,0.0,0.0,0.0,2.3049443,2.245278,2,-1,0,0.12485456,0
11,6,0,0,0,0.0,0.0,0.0,0.0,0.0,0.0,2.7526665,2.7322223,2,-1,0,0.14709958,0
11,26,0,0,0,0.0,0.0,0.0,0.0,0.0,0.0,2.4296875,2.4291666,2,-1,0,0.06783996,0
11,32,0,0,0,0.0,0.0,0.0,0.0,0.0,0.0,2.1125,2.088889,2,-1,0,0.08957908,0
11,36,0,0,0,0.0,0.0,0.0,0.0,0.0,0.0,2.532736,2.4777777,2,-1,0,0.07436617,0
11,28,0,0,0,0.0,0.0,0.0,0.0,0.0,0.0,2.8024306,2.7783334,2,-1,0,0.21051943,0
11,20,0,0,0,0.0,0.0,0.0,0.0,0.0,0.0,2.1459029,2.2002778,2,-1,0,0.085187815,0
11,2,0,0,0,0.0,0.0,0.0,0.0,0.0,0.0,2.4726665,2.3997223,2,-1,0,0.09757266,0
11,13,0,0,0,0.0,0.0,0.0,0.0,0.0,0.0,2.4127083,2.4183333,2,-1,0,0.08776157,0
11,11,0,0,0,0.0,0.0,0.0,0.0,0.0,0.0,2.1528335,2.1508334,2,-1,0,0.18668465,0
11,28,0,0,0,0.0,0.0,0.0,0.0,0.0,0.0,2.1866944,2.1816666,2,-1,0,0.032221153,0
11,2,0,0,0,0.0,0.0,0.0,0.0,0.0,0.0,2.4121528,2.4116666,2,-1,0,0.09283684,0
11,21,0,0,0,0.0,0.0,0.0,0.0,0.0,0.0,2.2221596,2.3177779,2,-1,0,0.10112552,0
11,6,0,0,0,0.0,0.0,0.0,0.0,0.0,0.0,2.5608263,2.5947223,2,-1,0,0.16563046,0
11,23,0,0,0,0.0,0.0,0.0,0.0,0.0,0.0,2.609208,2.6147223,2,-1,0,0.14764686,0
11,6,0,0,0,0.0,0.0,0.0,0.0,0.0,0.0,2.3025,2.2769444,2,-1,0,0.17262499,0
11,19,0,0,0,0.0,0.0,0.0,0.0,0.0,0.0,2.023382,2.0305555,2,-1,0,0.06275207,0
11,36,0,0,0,0.0,0.0,0.0,0.0,0.0,0.0,2.3211665,2.3016667,2,-1,0,0.09565376,0
11,26,0,0,0,0.0,0.0,0.0,0.0,0.0,0.0,2.4619863,2.3966668,2,-1,0,0.1621381,0
12,29,0,0,0,0.0,0.0,0.0,0.0,0.0,0.0,2.0442638,2.163889,2,-1,0,0.05098978,0
12,9,1,1,0,-6.9322925,-382.7652,379.00763,0.0019550773,0.0042188047,-0.017299639,11.399112,11.364722,2,0,1,0.97156173,1
12,17,0,0,0,0.0,0.0,0.0,0.0,0.0,0.0,2.2568336,2.2133334,2,-1,0,0.12480757,0
12,26,1,1,0,-4.2516193,56.985195,83.82414,0.024562689,0.012325664,0.009474348,7.452257,7.4583335,2,1,1,0.99184567,1
12,33,1,0,0,69.60987,-254.81436,59.082706,-0.05541332,0.028279625,0.02682971,8.889007,8.874444,2,-1,0,0.9403797,1
12,26,1,0,0,-4.2516193,56.985195,83.82414,0.024562689,0.012325664,0.009474348,4.3482776,4.294722,2,-1,0,0.9910416,1
12,29,1,0,0,14.8217945,267.6543,394.77444,0.008143544,-0.0090697,0.035831686,2.8173335,2.6925,2,-1,0,0.45252782,0
12,23,0,0,0,0.0,0.0,0.0,0.0,0.0,0.0,2.1194375,2.1208334,2,-1,0,0.10686312,0
12,29,1,1,0,14.8217945,267.6543,394.77444,0.008143544,-0.0090697,0.035831686,24.981258,24.855556,2,2,1,0.99853957,1
12,29,1,0,0,14.8217945,267.6543,394.77444,0.008143544,-0.0090697,0.035831686,7.690305,7.78,2,-1,0,0.99464005,1
12,29,1,0,0,14.8217945,267.6543,394.77444,0.008143544,-0.0090697,0.035831686,3.338104,3.3155556,2,-1,0,0.79505616,1
12,26,1,0,0,-4.2516193,56.985195,83.82414,0.024562689,0.012325664,0.009474348,4.8184233,4.886389,2,-1,0,0.98821837,1
12,14,0,0,0,0.0,0.0,0.0,0.0,0.0,0.0,2.0092638,2.0758333,2,-1,0,0.050071113,0
12,5,0,0,0,0.0,0.0,0.0,0.0,0.0,0.0,2.3329444,2.3302777,2,-1,0,0.13793528,0
12,13,0,0,0,0.0,0.0,0.0,0.0,0.0,0.0,2.5751598,2.5033333,2,-1,0,0.096618146,0
12,33,1,0,0,69.60987,-254.81436,59.082706,-0.05541332,0.028279625,0.02682971,2.5959446,2.5825,2,-1,0,0.15818813,0
12,30,1,1,0,41.393726,-201.0547,67.096855,0.013283128,-0.004194106,0.01975289,17.63389,17.756945,2,3,1,0.9910972,1
12,33,1,0,0,69.60987,-254.81436,59.082706,-0.05541332,0.028279625,0.02682971,11.094764,10.968056,2,-1,0,0.99099874,1
12,36,0,0,0,0.0,0.0,0.0,0.0,0.0,0.0,2.2784166,2.3108332,2,-1,0,0.06175845,0
12,3,1,1,0,52.863194,-434.8396,109.96127,0.027391875,-0.017821247,0.0070073875,25.502703,24.268055,2,4,1,0.97497004,1
12,3,0,0,0,0.0,0.0,0.0,0.0,0.0,0.0,2.1128957,2.0275,2,-1,0,0.09253383,0
12,13,1,1,0,57.977657,421.8935,329.2526,-0.003820885,0.013393042,0.007389472,15.016786,14.791667,2,5,1,0.99875975,1
12,13,1,0,0,57.977657,421.8935,329.2526,-0.003820885,0.013393042,0.007389472,3.4563193,3.4052777,2,-1,0,0.9752474,1
12,8,0,0,0,0.0,0.0,0.0,0.0,0.0,0.0,2.0846875,2.041111,2,-1,0,0.10713537,0
12,33,1,1,0,69.60987,-254.81436,59.082706,-0.05541332,0.028279625,0.02682971,31.566795,43.75028,2,6,1,0.95677775,1
12,30,1,0,0,41.393726,-201.0547,67.096855,0.013283128,-0.004194106,0.01975289,9.734424,9.775556,2,-1,0,0.9706635,1
12,3,1,0,0,52.863194,-434.8396,109.96127,0.027391875,-0.017821247,0.0070073875,10.738028,10.684444,2,-1,0,0.97275066,1
12,25,0,0,0,0.0,0.0,0.0,0.0,0.0,0.0,2.2365835,2.2819445,2,-1,0,0.14223796,0
12,13,1,0,0,57.977657,421.8935,329.2526,-0.003820885,0.013393042,0.007389472,3.797625,3.8033333,2,-1,0,0.9354181,1
12,18,0,0,0,0.0,0.0,0.0,0.0,0.0,0.0,2.0019307,2.0052779,2,-1,0,0.093344234,0
12,24,0,0,0,0.0,0.0,0.0,0.0,0.0,0.0,2.1403055,2.063611,2,-1,0,0.07197984,0
12,19,0,0,0,0.0,0.0,0.0,0.0,0.0,0.0,2.9634168,2.9655557,2,-1,0,0.20697407,0
12,18,0,0,0,0.0,0.0,0.0,0.0,0.0,0.0,2.144882,2.1866667,2,-1,0,0.17643572,0
12,2,0,0,0,0.0,0.0,0.0,0.0,0.0,0.0,2.8527155,2.9558334,2,-1,0,0.24822938,0
12,26,0,0,0,0.0,0.0,0.0,0.0,0.0,0.0,2.2370625,2.2469444,2,-1,0,0.09069796,0
12,34,0,0,0,0.0,0.0,0.0,0.0,0.0,0.0,2.3666387,2.3705556,2,-1,0,0.14406405,0
12,35,1,0,0,96.294586,-384.5891,385.05215,-0.007988625,0.016217772,-0.01873871,4.554389,4.4652777,2,-1,0,0.96868515,1
12,32,1,1,0,-83.90576,-27.160955,309.8464,0.014458517,0.00048491068,0.0023093764,15.285132,15.341389,2,7,1,0.99308264,1
12,25,0,0,0,0.0,0.0,0.0,0.0,0.0,0.0,2.5430002,2.5891666,2,-1,0,0.15421109,0
12,3,1,0,0,52.863194,-434.8396,109.96127,0.027391875,-0.017821247,0.0070073875,2.4195833,2.4236112,2,-1,0,0.08930723,0
12,13,0,0,0,0.0,0.0,0.0,0.0,0.0,0.0,2.3065279,1.3575,2,-1,0,0.1381407,0
12,14,1,0,0,91.04797,490.64496,159.50267,0.003750075,0.0039992332,-0.025372446,8.4938545,8.4775,2,-1,0,0.9997507,1
12,14,1,1,0,91.04797,490.64496,159.50267,0.003750075,0.0039992332,-0.025372446,14.33367,14.289722,2,8,1,0.9985973,1
12,16,0,0,0,0.0,0.0,0.0,0.0,0.0,0.0,2.349778,2.4208333,2,-1,0,0.09260204,0
12,14,1,0,0,91.04797,490.64496,159.50267,0.003750075,0.0039992332,-0.025372446,2.4692085,2.5008333,2,-1,0,0.1148848,0
12,40,0,0,0,0.0,0.0,0.0,0.0,0.0,0.0,2.0389373,2.1083333,2,-1,0,0.0985112,0
12,35,1,1,0,96.294586,-384.5891,385.05215,-0.007988625,0.016217772,-0.01873871,25.265627,25.450556,2,9,1,0.9432277,1
12,18,0,0,0,0.0,0.0,0.0,0.0,0.0,0.0,2.021417,2.016389,2,-1,0,0.09837831,0
12,34,0,0,0,0.0,0.0,0.0,0.0,0.0,0.0,2.6882153,2.695,2,-1,0,0.072364606,0
12,11,1,1,0,-105.19124,-130.95609,38.308453,-0.00083799683,-0.0036924148,0.0256257,31.825714,30.243055,2,10,1,0.992912,1
12,35,0,0,0,0.0,0.0,0.0,0.0,0.0,0.0,2.0012848,2.1172223,2,-1,0,0.06462166,0
12,37,0,0,0,0.0,0.0,0.0,0.0,0.0,0.0,2.6115136,2.5133333,2,-1,0,0.28523153,0
12,12,0,0,0,0.0,0.0,0.0,0.0,0.0,0.0,2.1839166,2.1688888,2,-1,0,0.08985714,0
12,40,0,0,0,0.0,0.0,0.0,0.0,0.0,0.0,2.2449028,2.308889,2,-1,0,0.106057055,0
12,9,0,0,0,0.0,0.0,0.0,0.0,0.0,0.0,2.2029443,2.2369444,2,-1,0,0.07825297,0
12,21,0,0,0,0.0,0.0,0.0,0.0,0.0,0.0,2.227875,2.1669445,2,-1,0,0.069660254,0
12,28,1,0,0,148.37036,-335.9684,273.15405,0.012358683,0.00055471755,-0.009328952,6.3242016,6.454167,2,-1,0,0.98352563,1
12,7,1,1,0,121.30223,-156.66681,177.65826,-0.013136786,-0.0139967855,-0.009206388,18.310951,18.336666,2,11,1,0.9982869,1
12,16,0,0,0,0.0,0.0,0.0,0.0,0.0,0.0,2.0505555,2.0633333,2,-1,0,0.10847998,0
12,23,1,1,0,-119.32521,588.59033,311.02505,-0.0059428853,0.017708922,-0.0031591568,19.065376,15.418333,2,12,1,0.98859066,1
12,7,1,0,0,121.30223,-156.66681,177.65826,-0.013136786,-0.0139967855,-0.009206388,6.8690276,6.88,2,-1,0,0.97759855,1
12,33,1,0,0,69.60987,-254.81436,59.082706,-0.05541332,0.028279625,0.02682971,3.461972,3.4313889,2,-1,0,0.93254876,1
12,16,0,0,0,0.0,0.0,0.0,0.0,0.0,0.0,2.2141945,2.2580554,2,-1,0,0.084001236,0
12,35,0,0,0,0.0,0.0,0.0,0.0,0.0,0.0,2.346889,2.341389,2,-1,0,0.13113682,0
12,36,0,0,0,0.0,0.0,0.0,0.0,0.0,0.0,2.4148958,2.433889,2,-1,0,0.18170613,0
12,30,0,0,0,0.0,0.0,0.0,0.0,0.0,0.0,2.2065728,2.101389,2,-1,0,0.042844404,0
12,12,0,0,0,0.0,0.0,0.0,0.0,0.0,0.0,2.5573335,2.498889,2,-1,0,0.11753746,0
12,38,1,0,0,-140.87378,273.4209,151.1869,0.000216304,-0.023093667,-0.013768385,2.1490486,2.1316667,2,-1,0,0.092759185,0
12,16,1,1,0,139.91983,319.821,53.578808,0.01714705,0.0061426656,0.0041155634,17.583416,17.258055,2,13,1,0.9232489,1
12,38,1,1,0,-140.87378,273.4209,151.1869,0.000216304,-0.023093667,-0.013768385,26.419106,26.39889,2,14,1,0.9953993,1
12,38,1,0,0,-140.87378,273.4209,151.1869,0.000216304,-0.023093667,-0.013768385,2.613215,2.733611,2,-1,0,0.25811818,0
12,18,1,0,0,-183.20781,-314.6835,5.9285564,0.026800623,0.030535588,-0.0070075365,4.761667,4.7625,2,-1,0,0.9753703,1
12,17,0,0,0,0.0,0.0,0.0,0.0,0.0,0.0,2.1774306,2.2461112,2,-1,0,0.11155406,0
12,22,0,0,0,0.0,0.0,0.0,0.0,0.0,0.0,2.9553401,2.8716667,2,-1,0,0.18282156,0
12,28,1,1,0,148.37036,-335.9684,273.15405,0.012358683,0.00055471755,-0.009328952,11.845312,11.357778,2,15,1,0.9674587,1
12,28,1,0,0,148.37036,-335.9684,273.15405,0.012358683,0.00055471755,-0.009328952,4.2125835,4.0852776,2,-1,0,0.97264004,1
12,7,0,0,0,0.0,0.0,0.0,0.0,0.0,0.0,2.0980208,2.0969443,2,-1,0,0.07816731,0
12,28,0,0,0,0.0,0.0,0.0,0.0,0.0,0.0,2.2151113,2.2652779,2,-1,0,0.08676688,0
12,40,0,0,0,0.0,0.0,0.0,0.0,0.0,0.0,2.5932221,2.5261111,2,-1,0,0.38049752,0
12,18,1,0,0,-183.20781,-314.6835,5.9285564,0.026800623,0.030535588,-0.0070075365,5.861979,5.859722,2,-1,0,0.98119223,1
12,21,0,0,0,0.0,0.0,0.0,0.0,0.0,0.0,3.203514,3.2244444,2,-1,0,0.085192576,0
12,16,1,0,0,139.91983,319.821,53.578808,0.01714705,0.0061426656,0.0041155634,3.5782497,3.5508332,2,-1,0,0.9966184,1
12,5,1,1,0,161.49307,-343.1996,314.79745,-0.022088654,-0.0089937905,0.005650252,24.4366,24.439167,2,16,1,0.99226236,1
12,36,1,1,0,-183.10132,-432.92157,437.7292,0.02796846,0.0117676295,0.004956371,14.249431,14.121388,2,17,1,0.9970789,1
12,10,0,0,0,0.0,0.0,0.0,0.0,0.0,0.0,2.2385972,2.29,2,-1,0,0.08446683,0
12,20,0,0,0,0.0,0.0,0.0,0.0,0.0,0.0,2.5074306,2.5952778,2,-1,0,0.16629456,0
12,24,1,1,0,165.81868,199.64246,110.766396,-0.024239887,0.00073660066,0.027805053,40.766136,40.863335,2,18,1,0.9543088,1
12,14,0,0,0,0.0,0.0,0.0,0.0,0.0,0.0,2.4328334,2.4375,2,-1,0,0.032453008,0
12,19,0,0,0,0.0,0.0,0.0,0.0,0.0,0.0,2.8462918,2.876111,2,-1,0,0.15541404,0
12,18,1,0,0,-183.20781,-314.6835,5.9285564,0.026800623,0.030535588,-0.0070075365,2.824375,2.7747223,2,-1,0,0.58184606,1
12,9,0,0,0,0.0,0.0,0.0,0.0,0.0,0.0,3.0406597,3.0997221,2,-1,0,0.23145339,0
12,26,0,0,0,0.0,0.0,0.0,0.0,0.0,0.0,2.1511042,2.1530557,2,-1,0,0.13290535,0
12,18,1,1,0,-183.20781,-314.6835,5.9285564,0.026800623,0.030535588,-0.0070075365,23.598772,23.498333,2,19,1,0.98206836,1
12,28,0,0,0,0.0,0.0,0.0,0.0,0.0,0.0,2.6965554,2.7061112,2,-1,0,0.28646478,0
12,36,1,0,0,-183.10132,-432.92157,437.7292,0.02796846,0.0117676295,0.004956371,12.323568,12.256945,2,-1,0,0.99662435,1
12,6,0,0,0,0.0,0.0,0.0,0.0,0.0,0.0,1.9965485,2.0416667,2,-1,0,0.077776924,0
12,31,0,0,0,0.0,0.0,0.0,0.0,0.0,0.0,2.5352707,2.4891667,2,-1,0,0.2664801,0
12,31,1,1,0,183.5239,538.13324,33.340614,0.00068682194,0.0058327215,-0.018105682,21.000341,19.900555,2,20,1,0.02574973,0
12,7,0,0,0,0.0,0.0,0.0,0.0,0.0,0.0,2.2777777,2.2169445,2,-1,0,0.09251289,0
12,40,0,0,0,0.0,0.0,0.0,0.0,0.0,0.0,2.2024167,2.1266668,2,-1,0,0.0961071,0
12,19,1,0,0,217.97229,-486.34448,263.1659,-0.020221869,0.008411602,0.018340336,5.3583126,5.4475,2,-1,0,0.9554893,1
12,3,0,0,0,0.0,0.0,0.0,0.0,0.0,0.0,2.2951877,2.2294445,2,-1,0,0.055428572,0
12,31,0,0,0,0.0,0.0,0.0,0.0,0.0,0.0,2.0684168,2.1425,2,-1,0,0.07789141,0
12,5,0,0,0,0.0,0.0,0.0,0.0,0.0,0.0,2.3133056,2.3105555,2,-1,0,0.3501434,0
12,30,0,0,0,0.0,0.0,0.0,0.0,0.0,0.0,2.0089722,2.0891666,2,-1,0,0.10897785,0
12,19,1,0,0,217.97229,-486.34448,263.1659,-0.020221869,0.008411602,0.018340336,3.6661665,3.6230555,2,-1,0,0.9543794,1
12,19,0,0,0,0.0,0.0,0.0,0.0,0.0,0.0,2.089639,2.0630555,2,-1,0,0.059934217,0
12,38,0,0,0,0.0,0.0,0.0,0.0,0.0,0.0,2.132368,2.19,2,-1,0,0.12057382,0
12,19,1,1,0,217.97229,-486.34448,263.1659,-0.020221869,0.008411602,0.018340336,16.821146,16.624445,2,21,1,0.9950943,1
12,6,1,1,0,-215.21463,-89.36482,184.69608,0.0006812483,-0.005355727,0.021874096,25.889257,23.6125,2,22,1,0.9943404,1
12,29,0,0,0,0.0,0.0,0.0,0.0,0.0,0.0,2.219271,2.2152777,2,-1,0,0.11129001,0
12,36,0,0,0,0.0,0.0,0.0,0.0,0.0,0.0,2.0633333,2.076111,2,-1,0,0.11357863,0
12,19,1,0,0,217.97229,-486.34448,263.1659,-0.020221869,0.008411602,0.018340336,2.3676112,2.3094444,2,-1,0,0.10730933,0
12,3,0,0,0,0.0,0.0,0.0,0.0,0.0,0.0,2.6294444,2.5902777,2,-1,0,0.13464695,0
12,9,0,0,0,0.0,0.0,0.0,0.0,0.0,0.0,2.0723681,2.1736112,2,-1,0,0.09048954,0
12,8,1,1,0,-238.3017,-547.8605,131.33475,0.016626911,-0.031298265,-0.03049879,24.659286,24.467777,2,23,1,0.9996489,1
12,16,0,0,0,0.0,0.0,0.0,0.0,0.0,0.0,2.103604,2.106111,2,-1,0,0.11443099,0
12,8,1,0,0,-238.3017,-547.8605,131.33475,0.016626911,-0.031298265,-0.03049879,7.158,7.136667,2,-1,0,0.9883935,1
12,8,1,0,0,-238.3017,-547.8605,131.33475,0.016626911,-0.031298265,-0.03049879,15.494785,15.537222,2,-1,0,0.9850552,1
12,35,0,0,0,0.0,0.0,0.0,0.0,0.0,0.0,2.5598125,2.6616666,2,-1,0,0.26318315,0
12,39,1,0,0,245.8375,157.84184,151.75368,0.0077821044,0.0045004003,0.020761043,7.0352287,7.016389,2,-1,0,0.9461844,1
12,39,1,0,0,245.8375,157.84184,151.75368,0.0077821044,0.0045004003,0.020761043,5.042181,5.234722,2,-1,0,0.93642694,1
12,39,1,1,0,245.8375,157.84184,151.75368,0.0077821044,0.0045004003,0.020761043,7.2595487,7.32,2,24,1,0.9809756,1
12,33,0,0,0,0.0,0.0,0.0,0.0,0.0,0.0,2.8504238,2.7966666,2,-1,0,0.5199567,1
12,6,0,0,0,0.0,0.0,0.0,0.0,0.0,0.0,2.3142083,2.3194444,2,-1,0,0.10509772,0
12,31,0,0,0,0.0,0.0,0.0,0.0,0.0,0.0,2.2177777,2.1583333,2,-1,0,0.087817095,0
12,27,0,0,0,0.0,0.0,0.0,0.0,0.0,0.0,2.7205627,-1.0,2,-1,0,0.77418894,1
12,39,1,0,0,245.8375,157.84184,151.75368,0.0077821044,0.0045004003,0.020761043,3.1459234,3.1416667,2,-1,0,0.8770279,1
12,7,0,0,0,0.0,0.0,0.0,0.0,0.0,0.0,2.1219792,2.1002777,2,-1,0,0.16472495,0
12,27,1,1,0,-256.861,-361.4023,249.83841,0.020529633,-0.006753436,-0.0012254937,20.898325,21.041111,2,25,1,0.93671566,1
12,2,0,0,0,0.0,0.0,0.0,0.0,0.0,0.0,2.1879582,2.181111,2,-1,0,0.08525156,0
12,24,0,0,0,0.0,0.0,0.0,0.0,0.0,0.0,2.1275277,2.1702778,2,-1,0,0.03798676,0
12,12,0,0,0,0.0,0.0,0.0,0.0,0.0,0.0,2.0169582,2.015,2,-1,0,0.12420478,0
12,23,0,0,0,0.0,0.0,0.0,0.0,0.0,0.0,2.437583,2.4022222,2,-1,0,0.14419574,0
12,28,0,0,0,0.0,0.0,0.0,0.0,0.0,0.0,2.5065,2.5030556,2,-1,0,0.21353021,0
12,17,1,1,0,-266.48068,550.61945,87.10043,0.0048850095,-0.002746841,-0.020698354,7.821542,7.6075,2,26,1,0.98489976,1
12,17,1,0,0,-266.48068,550.61945,87.10043,0.0048850095,-0.002746841,-0.020698354,7.5582433,7.5680556,2,-1,0,0.9788101,1
12,17,1,0,0,-266.48068,550.61945,87.10043,0.0048850095,-0.002746841,-0.020698354,6.06357,6.0288887,2,-1,0,0.9558763,1
12,37,1,1,0,-267.09625,-445.8397,435.14783,0.009534162,-0.008396145,0.019190352,21.777506,21.721945,2,27,1,0.9893584,1
12,20,1,1,0,268.02277,386.0164,378.46713,0.001028216,-0.006176356,0.010747147,10.921569,10.949722,2,28,1,0.9855849,1
12,19,0,0,0,0.0,0.0,0.0,0.0,0.0,0.0,2.0249722,2.0266666,2,-1,0,0.086901754,0
12,25,0,0,0,0.0,0.0,0.0,0.0,0.0,0.0,2.1620762,2.1058333,2,-1,0,0.046297997,0
12,33,0,0,0,0.0,0.0,0.0,0.0,0.0,0.0,2.8008475,2.7894444,2,-1,0,0.37475896,0
12,1,1,1,0,-305.31195,198.04253,409.57864,0.012994183,-0.0079961885,-0.017180683,9.457368,9.409722,2,29,1,0.9767944,1
12,23,0,0,0,0.0,0.0,0.0,0.0,0.0,0.0,2.8696876,2.9108334,2,-1,0,0.2642332,0
12,6,0,0,0,0.0,0.0,0.0,0.0,0.0,0.0,2.270611,2.2652779,2,-1,0,0.17141311,0
12,28,0,0,0,0.0,0.0,0.0,0.0,0.0,0.0,2.2500277,2.1847222,2,-1,0,0.08169414,0
12,25,1,1,0,-301.98358,-403.20938,216.65076,-0.008630435,0.0063106604,-0.004705416,8.703903,7.9591665,2,-1,1,0.97570384,1
12,40,1,1,0,308.37076,553.5209,430.8278,-0.01957251,-0.007995828,0.0022018112,20.383425,20.508333,2,30,1,0.9996762,1
12,1,1,0,0,-305.31195,198.04253,409.57864,0.012994183,-0.0079961885,-0.017180683,8.442743,8.367778,2,-1,0,0.9897008,1
12,4,1,1,0,306.3539,216.0717,314.8086,-0.0062660496,0.002646243,-0.00083753094,6.4051876,6.476111,2,31,1,0.96467805,1
12,15,1,1,0,320.15994,466.11984,184.82022,-0.019669384,0.024419498,0.019356735,22.297194,22.350834,2,32,1,0.9996118,1
12,13,0,0,0,0.0,0.0,0.0,0.0,0.0,0.0,2.719979,2.725,2,-1,0,0.5263681,1
12,15,0,0,0,0.0,0.0,0.0,0.0,0.0,0.0,2.2228124,2.2036111,2,-1,0,0.118937306,0
12,15,1,0,0,320.15994,466.11984,184.82022,-0.019669384,0.024419498,0.019356735,10.06998,10.167778,2,-1,0,0.978019,1
12,21,1,1,0,-329.2892,-293.71652,328.28677,0.0007999855,0.004808041,0.001198135,5.1953197,5.022222,2,33,1,0.99563223,1
12,21,0,0,0,0.0,0.0,0.0,0.0,0.0,0.0,2.7014236,2.6577778,2,-1,0,0.31805652,0
12,22,1,0,0,-352.37393,413.49963,201.021,-0.0077673662,-0.003771283,-0.0098220175,2.399472,2.3916667,2,-1,0,0.08028389,0
12,2,0,0,0,0.0,0.0,0.0,0.0,0.0,0.0,2.0485,2.0466666,2,-1,0,0.14012517,0
12,34,1,1,0,332.40976,427.4484,70.359314,0.021682994,-0.0025364764,-0.009047847,23.911646,18.258888,2,34,1,0.99710864,1
12,12,0,0,0,0.0,0.0,0.0,0.0,0.0,0.0,1.9896805,2.0119445,2,-1,0,0.24560227,0
12,40,0,0,0,0.0,0.0,0.0,0.0,0.0,0.0,2.5537639,2.478889,2,-1,0,0.20842583,0
12,2,0,0,0,0.0,0.0,0.0,0.0,0.0,0.0,2.5845416,2.5886111,2,-1,0,0.048157923,0
12,12,1,0,0,-358.49905,-457.37958,87.74418,0.0091751255,0.016762143,0.008723545,3.194521,3.1688888,2,-1,0,0.86760104,1
12,19,0,0,0,0.0,0.0,0.0,0.0,0.0,0.0,2.092875,2.1530557,2,-1,0,0.0479339,0
12,23,0,0,0,0.0,0.0,0.0,0.0,0.0,0.0,2.7043195,2.8577778,2,-1,0,0.8089247,1
12,1,0,0,0,0.0,0.0,0.0,0.0,0.0,0.0,2.7277915,2.7402778,2,-1,0,0.16519505,0
12,20,0,0,0,0.0,0.0,0.0,0.0,0.0,0.0,2.7229931,2.738889,2,-1,0,0.2723471,0
12,2,1,1,0,-350.08832,-164.00235,292.6727,0.019575017,-0.018597016,-0.0013879192,14.294703,14.338611,2,35,1,0.99058783,1
12,7,0,0,0,0.0,0.0,0.0,0.0,0.0,0.0,2.5783887,2.5527778,2,-1,0,0.08776177,0
12,2,1,0,0,-350.08832,-164.00235,292.6727,0.019575017,-0.018597016,-0.0013879192,12.355341,12.505278,2,-1,0,0.9783102,1
12,10,1,1,0,346.44858,-282.83307,408.947,0.033744827,-0.01160896,0.0064813187,23.484692,24.213055,2,-1,1,0.99956614,1
12,2,0,0,0,0.0,0.0,0.0,0.0,0.0,0.0,2.0836806,2.1713889,2,-1,0,0.12555058,0
12,34,0,0,0,0.0,0.0,0.0,0.0,0.0,0.0,2.0046666,2.0061111,2,-1,0,0.04384077,0
12,30,0,0,0,0.0,0.0,0.0,0.0,0.0,0.0,2.083861,2.096111,2,-1,0,0.08303224,0
12,22,1,1,0,-352.37393,413.49963,201.021,-0.0077673662,-0.003771283,-0.0098220175,12.638181,12.1866665,2,36,1,0.9856383,1
12,2,0,0,0,0.0,0.0,0.0,0.0,0.0,0.0,3.015958,2.9472222,2,-1,0,0.2853389,0
12,2,0,0,0,0.0,0.0,0.0,0.0,0.0,0.0,2.054507,2.066111,2,-1,0,0.06207187,0
12,37,0,0,0,0.0,0.0,0.0,0.0,0.0,0.0,2.7807498,2.8147223,2,-1,0,0.18610594,0
12,12,1,1,0,-358.49905,-457.37958,87.74418,0.0091751255,0.016762143,0.008723545,19.878298,19.882223,2,37,1,0.97171086,1
12,30,0,0,0,0.0,0.0,0.0,0.0,0.0,0.0,1.9820904,2.0269444,2,-1,0,0.061554365,0
12,5,0,0,0,0.0,0.0,0.0,0.0,0.0,0.0,2.0594375,2.06,2,-1,0,0.0923391,0
12,2,0,0,0,0.0,0.0,0.0,0.0,0.0,0.0,2.441007,2.4233334,2,-1,0,0.11835996,0
12,14,0,0,0,0.0,0.0,0.0,0.0,0.0,0.0,2.188625,2.1769445,2,-1,0,0.12133579,0
12,7,0,0,0,0.0,0.0,0.0,0.0,0.0,0.0,2.3066666,2.2380555,2,-1,0,0.08873886,0
12,18,0,0,0,0.0,0.0,0.0,0.0,0.0,0.0,2.1573334,2.2494445,2,-1,0,0.052314717,0
12,10,0,0,0,0.0,0.0,0.0,0.0,0.0,0.0,2.0935347,2.1108334,2,-1,0,0.11365013,0
12,19,0,0,0,0.0,0.0,0.0,0.0,0.0,0.0,2.1298332,2.1005557,2,-1,0,0.06812165,0
12,1,0,0,0,0.0,0.0,0.0,0.0,0.0,0.0,2.5398474,2.4633334,2,-1,0,0.18194188,0
12,6,0,0,0,0.0,0.0,0.0,0.0,0.0,0.0,2.0232015,2.0347223,2,-1,0,0.088169724,0
12,28,0,0,0,0.0,0.0,0.0,0.0,0.0,0.0,2.5220554,2.4133334,2,-1,0,0.12648767,0
12,20,0,0,0,0.0,0.0,0.0,0.0,0.0,0.0,2.207,2.2155557,2,-1,0,0.12042952,0
12,4,0,0,0,0.0,0.0,0.0,0.0,0.0,0.0,2.027139,2.006389,2,-1,0,0.15318042,0
12,35,0,0,0,0.0,0.0,0.0,0.0,0.0,0.0,2.2248473,2.2833333,2,-1,0,0.10535027,0
12,23,0,0,0,0.0,0.0,0.0,0.0,0.0,0.0,1.9895,2.0441666,2,-1,0,0.1042913,0
12,39,0,0,0,0.0,0.0,0.0,0.0,0.0,0.0,2.6346457,2.5691667,2,-1,0,0.16867281,0
12,17,0,0,0,0.0,0.0,0.0,0.0,0.0,0.0,2.1969512,2.1527777,2,-1,0,0.04333376,0
12,31,0,0,0,0.0,0.0,0.0,0.0,0.0,0.0,2.0771875,2.0866666,2,-1,0,0.098080084,0
12,24,0,0,0,0.0,0.0,0.0,0.0,0.0,0.0,2.0414584,2.085,2,-1,0,0.079154246,0
12,23,0,0,0,0.0,0.0,0.0,0.0,0.0,0.0,2.9938748,2.9183333,2,-1,0,0.8777765,1
12,28,0,0,0,0.0,0.0,0.0,0.0,0.0,0.0,2.012764,2.0383334,2,-1,0,0.07617136,0
13,10,0,0,0,0.0,0.0,0.0,0.0,0.0,0.0,2.406347,2.3905556,2,-1,0,0.08766615,0
13,8,0,0,0,0.0,0.0,0.0,0.0,0.0,0.0,12.874318,-1.0,2,-1,0,0.98543733,1
13,8,0,0,0,0.0,0.0,0.0,0.0,0.0,0.0,3.3251665,-1.0,2,-1,0,0.7667699,1
13,17,0,0,0,0.0,0.0,0.0,0.0,0.0,0.0,2.4132848,2.4305556,2,-1,0,0.2709388,0
13,11,1,1,0,14.958669,-75.2672,24.855804,0.016384793,-0.023359023,0.016695283,36.07023,36.42389,2,0,1,0.991156,1
13,37,0,0,0,0.0,0.0,0.0,0.0,0.0,0.0,2.5510278,2.5925,2,-1,0,0.114357784,0
13,18,1,1,0,-17.600512,472.7274,200.50415,-0.02097969,-0.0022473715,-0.025013437,20.264507,18.337778,2,1,1,0.9987203,1
13,4,1,1,0,17.704344,271.9673,331.84445,0.025699561,0.018639568,-0.0017489081,30.724577,30.490833,2,2,1,0.96883035,1
13,1,0,0,0,0.0,0.0,0.0,0.0,0.0,0.0,2.5034447,2.508889,2,-1,0,0.04624011,0
13,5,1,1,0,-27.925116,102.04564,283.46664,0.012175688,-0.0066641797,0.006158099,16.868118,16.668612,2,3,1,0.99758554,1
13,4,1,0,0,17.704344,271.9673,331.84445,0.025699561,0.018639568,-0.0017489081,4.4076805,4.405,2,-1,0,0.9638656,1
13,10,0,0,0,0.0,0.0,0.0,0.0,0.0,0.0,2.5499306,2.4697223,2,-1,0,0.106863566,0
13,19,0,0,0,0.0,0.0,0.0,0.0,0.0,0.0,2.1961737,2.2394445,2,-1,0,0.12965098,0
13,1,0,0,0,0.0,0.0,0.0,0.0,0.0,0.0,2.2453473,2.243611,2,-1,0,0.11383407,0
13,6,1,1,0,-32.043114,168.02898,254.31815,-0.02787187,-0.004958031,-0.01679366,39.276237,39.56111,2,4,1,0.9997801,1
13,25,0,0,0,0.0,0.0,0.0,0.0,0.0,0.0,2.4375625,2.4208333,2,-1,0,0.19485088,0
13,8,0,0,0,0.0,0.0,0.0,0.0,0.0,0.0,2.1540833,-1.0,2,-1,0,0.18233241,0
13,2,0,0,0,0.0,0.0,0.0,0.0,0.0,0.0,2.228125,2.2830555,2,-1,0,0.12061476,0
13,29,0,0,0,0.0,0.0,0.0,0.0,0.0,0.0,2.7564306,2.766389,2,-1,0,0.2217107,0
13,8,0,0,0,0.0,0.0,0.0,0.0,0.0,0.0,2.7945557,-1.0,2,-1,0,0.43543372,0
13,18,1,0,0,-17.600512,472.7274,200.50415,-0.02097969,-0.0022473715,-0.025013437,12.494707,12.539444,2,-1,0,0.9934129,1
13,16,0,0,0,0.0,0.0,0.0,0.0,0.0,0.0,2.361875,2.3086112,2,-1,0,0.09035418,0
13,18,1,0,0,-17.600512,472.7274,200.50415,-0.02097969,-0.0022473715,-0.025013437,5.5690417,5.5841665,2,-1,0,0.9932554,1
13,7,1,1,0,47.38056,114.61847,373.09467,-0.0021171153,-0.0001161737,-0.00090409315,2.362375,2.283611,2,5,1,0.18478712,0
13,18,1,0,0,-17.600512,472.7274,200.50415,-0.02097969,-0.0022473715,-0.025013437,4.5240903,4.5130553,2,-1,0,0.9675542,1
13,14,0,0,0,0.0,0.0,0.0,0.0,0.0,0.0,2.1793056,2.193889,2,-1,0,0.12757944,0
13,21,0,0,0,0.0,0.0,0.0,0.0,0.0,0.0,2.375903,2.4072223,2,-1,0,0.09928193,0
13,28,1,1,0,65.379944,129.69089,378.60657,-0.014985617,-0.009057673,0.04345041,33.403976,33.286945,2,6,1,0.99903,1
13,20,0,0,0,0.0,0.0,0.0,0.0,0.0,0.0,2.2626526,2.2691667,2,-1,0,0.09286614,0
13,21,1,1,0,62.94875,304.02664,315.07593,-0.0122784795,0.01517921,0.004720499,24.482924,24.105556,2,7,1,0.9670564,1
13,31,0,0,0,0.0,0.0,0.0,0.0,0.0,0.0,2.2377083,2.3,2,-1,0,0.060729228,0
13,28,1,0,0,65.379944,129.69089,378.60657,-0.014985617,-0.009057673,0.04345041,20.658222,20.315,2,-1,0,0.9751902,1
13,37,0,0,0,0.0,0.0,0.0,0.0,0.0,0.0,2.1129723,2.0466666,2,-1,0,0.13743587,0
13,4,0,0,0,0.0,0.0,0.0,0.0,0.0,0.0,2.2176113,2.1594443,2,-1,0,0.09073604,0
13,2,0,0,0,0.0,0.0,0.0,0.0,0.0,0.0,2.1690278,2.171111,2,-1,0,0.09955439,0
13,35,0,0,0,0.0,0.0,0.0,0.0,0.0,0.0,2.3855693,2.3827777,2,-1,0,0.107711226,0
13,25,1,0,0,-85.94272,275.40115,373.00366,0.018924719,0.010032755,-0.008662869,5.137111,5.1441665,2,-1,0,0.97288334,1
13,7,1,0,0,47.38056,114.61847,373.09467,-0.0021171153,-0.0001161737,-0.00090409315,2.2434864,2.2638888,2,-1,0,0.1310327,0
13,34,0,0,0,0.0,0.0,0.0,0.0,0.0,0.0,2.0867639,2.0886111,2,-1,0,0.1058402,0
13,24,0,0,0,0.0,0.0,0.0,0.0,0.0,0.0,2.4839377,2.4725,2,-1,0,0.091132894,0
13,25,1,0,0,-85.94272,275.40115,373.00366,0.018924719,0.010032755,-0.008662869,4.498958,4.366667,2,-1,0,0.98343086,1
13,2,1,1,0,-80.47804,-266.4151,52.09186,-0.015279062,0.011744148,-0.01842981,20.509674,20.20861,2,8,1,0.9989292,1
13,25,1,0,0,-85.94272,275.40115,373.00366,0.018924719,0.010032755,-0.008662869,5.577465,5.587222,2,-1,0,0.99488634,1
13,25,1,1,0,-85.94272,275.40115,373.00366,0.018924719,0.010032755,-0.008662869,16.343061,16.133333,2,9,1,0.99596405,1
13,2,0,0,0,0.0,0.0,0.0,0.0,0.0,0.0,2.19284,2.1575,2,-1,0,0.08316671,0
13,25,1,0,0,133.99422,164.06575,427.98993,0.018924719,0.010032755,-0.008662869,2.404,2.4725,2,-1,0,0.093436584,0
13,34,1,0,0,105.354164,460.4913,241.1637,-0.0045276256,0.01593172,-0.0040881657,7.4902983,7.6619444,2,-1,0,0.98422307,1
13,37,0,0,0,0.0,0.0,0.0,0.0,0.0,0.0,2.377375,2.4019444,2,-1,0,0.10131156,0
13,15,0,0,0,0.0,0.0,0.0,0.0,0.0,0.0,2.093583,2.0919445,2,-1,0,0.15584542,0
13,25,1,0,0,133.99422,164.06575,427.98993,0.018924719,0.010032755,-0.008662869,2.8464165,2.7558334,2,-1,0,0.2677435,0
13,3,0,0,0,0.0,0.0,0.0,0.0,0.0,0.0,2.2834864,2.3083334,2,-1,0,0.10567344,0
13,2,1,0,0,-80.47804,-266.4151,52.09186,-0.015279062,0.011744148,-0.01842981,5.9980555,6.0280557,2,-1,0,0.98862106,1
13,34,1,1,0,105.354164,460.4913,241.1637,-0.0045276256,0.01593172,-0.0040881657,8.3909025,5.418611,2,10,1,0.98637736,1
13,11,0,0,0,0.0,0.0,0.0,0.0,0.0,0.0,2.2489097,2.2733333,2,-1,0,0.08269161,0
13,32,0,0,0,0.0,0.0,0.0,0.0,0.0,0.0,2.1843612,2.1288888,2,-1,0,0.09991302,0
13,24,0,0,0,0.0,0.0,0.0,0.0,0.0,0.0,2.7090278,2.6966667,2,-1,0,0.13406283,0
13,38,0,0,0,0.0,0.0,0.0,0.0,0.0,0.0,2.0490973,2.0858333,2,-1,0,0.109918326,0
13,34,0,0,0,0.0,0.0,0.0,0.0,0.0,0.0,2.3318262,2.2597222,2,-1,0,0.06683097,0
13,17,1,1,0,-118.69459,162.81972,150.04515,0.018005218,0.0007394588,-0.024042292,28.52602,26.695278,2,11,1,0.99524903,1
13,37,0,0,0,0.0,0.0,0.0,0.0,0.0,0.0,2.3138611,2.2986112,2,-1,0,0.10755098,0
13,26,0,0,0,0.0,0.0,0.0,0.0,0.0,0.0,2.708861,2.6497223,2,-1,0,0.20113471,0
13,24,0,0,0,0.0,0.0,0.0,0.0,0.0,0.0,2.1625137,2.0338888,2,-1,0,0.064275555,0
13,40,1,1,0,123.914215,408.5053,336.72006,0.0065004104,0.009659042,-0.0071966806,6.404187,6.396111,2,12,1,0.9992379,1
13,40,1,0,0,123.914215,408.5053,336.72006,0.0065004104,0.009659042,-0.0071966806,5.7247705,5.6161113,2,-1,0,0.9994874,1
13,12,1,0,0,141.02237,-205.88759,133.74031,-0.02211493,-0.00848236,-0.013107275,2.1630557,2.183889,2,-1,0,0.08398411,0
13,12,1,0,0,141.02237,-205.88759,133.74031,-0.02211493,-0.00848236,-0.013107275,2.9673336,2.9066668,2,-1,0,0.2823441,0
13,40,1,0,0,123.914215,408.5053,336.72006,0.0065004104,0.009659042,-0.0071966806,2.0199168,2.0905557,2,-1,0,0.09303811,0
13,28,0,0,0,0.0,0.0,0.0,0.0,0.0,0.0,2.245889,2.2697222,2,-1,0,0.22967727,0
13,29,1,0,0,128.23946,-375.2162,291.71173,0.018622661,-0.009798223,0.01654138,2.4615002,2.4552777,2,-1,0,0.08659182,0
13,29,1,1,0,128.03616,-375.94318,291.66833,0.018622661,-0.009798223,0.01654138,26.165932,25.930555,2,13,1,0.99165314,1
13,12,1,1,0,141.02237,-205.88759,133.74031,-0.02211493,-0.00848236,-0.013107275,23.092722,22.960278,2,14,1,0.99866414,1
13,25,1,0,0,133.99422,164.06575,427.98993,0.018924719,0.010032755,-0.008662869,2.672375,2.5941668,2,-1,0,0.2649994,0
13,29,1,0,0,128.03616,-375.94318,291.66833,0.018622661,-0.009798223,0.01654138,3.2952917,3.3177779,2,-1,0,0.9511037,1
13,15,0,0,0,0.0,0.0,0.0,0.0,0.0,0.0,2.1592362,2.1733334,2,-1,0,0.08039632,0
13,30,0,0,0,0.0,0.0,0.0,0.0,0.0,0.0,8.785666,-1.0,2,-1,0,0.98010045,1
13,39,1,1,0,157.67717,-150.01984,412.72266,0.0023881756,0.012399195,0.031086547,29.965847,30.098333,2,15,1,0.97336847,1
13,39,1,0,0,157.67717,-150.01984,412.72266,0.0023881756,0.012399195,0.031086547,6.2272086,6.255833,2,-1,0,0.9846571,1
13,17,0,0,0,0.0,0.0,0.0,0.0,0.0,0.0,2.3053749,2.327222,2,-1,0,0.11773142,0
13,25,1,0,0,133.99422,164.06575,427.98993,0.018924719,0.010032755,-0.008662869,3.9938471,3.8811111,2,-1,0,0.84526587,1
13,30,0,0,0,0.0,0.0,0.0,0.0,0.0,0.0,2.083653,-1.0,2,-1,0,0.051672027,0
13,14,0,0,0,0.0,0.0,0.0,0.0,0.0,0.0,2.3196595,2.2541666,2,-1,0,0.1237575,0
13,19,0,0,0,0.0,0.0,0.0,0.0,0.0,0.0,2.0854723,2.141389,2,-1,0,0.03786432,0
13,5,0,0,0,0.0,0.0,0.0,0.0,0.0,0.0,2.3844445,2.4480555,2,-1,0,0.24186794,0
13,2,0,0,0,0.0,0.0,0.0,0.0,0.0,0.0,2.1202776,2.1647222,2,-1,0,0.08683121,0
13,29,0,0,0,0.0,0.0,0.0,0.0,0.0,0.0,2.3630555,2.3744445,2,-1,0,0.1429708,0
13,33,0,0,0,0.0,0.0,0.0,0.0,0.0,0.0,2.4399447,2.422778,2,-1,0,0.038925726,0
13,38,0,0,0,0.0,0.0,0.0,0.0,0.0,0.0,2.500764,2.5416667,2,-1,0,0.068091236,0
13,27,1,1,0,-207.6082,374.84872,279.19916,-0.0044906475,-0.012248024,0.0015447185,11.483416,4.792222,2,16,1,0.98458487,1
13,27,1,0,0,-207.6082,374.84872,279.19916,-0.0044906475,-0.012248024,0.0015447185,2.565875,2.6022222,2,-1,0,0.14266972,0
13,30,0,0,0,0.0,0.0,0.0,0.0,0.0,0.0,2.62725,2.601389,2,-1,0,0.37031388,0
13,11,0,0,0,0.0,0.0,0.0,0.0,0.0,0.0,2.4343057,2.4077778,2,-1,0,0.09417022,0
13,10,0,0,0,0.0,0.0,0.0,0.0,0.0,0.0,2.5750763,2.6069446,2,-1,0,0.3298355,0
13,21,0,0,0,0.0,0.0,0.0,0.0,0.0,0.0,2.181993,2.1494443,2,-1,0,0.12400434,0
13,13,1,1,0,-216.81752,267.44406,181.97826,-0.011183409,-0.00035538932,-0.01915501,10.28143,10.405,2,17,1,0.9960776,1
13,13,1,0,0,-216.81752,267.44406,181.97826,-0.011183409,-0.00035538932,-0.01915501,8.155757,5.866389,2,-1,0,0.9906143,1
13,30,0,0,0,0.0,0.0,0.0,0.0,0.0,0.0,2.044361,2.0902777,2,-1,0,0.051355727,0
13,13,1,0,0,-216.81752,267.44406,181.97826,-0.011183409,-0.00035538932,-0.01915501,3.3990767,3.3925,2,-1,0,0.92650163,1
13,30,0,0,0,0.0,0.0,0.0,0.0,0.0,0.0,2.0620832,2.0255556,2,-1,0,0.05045386,0
13,16,1,0,0,-261.13885,-536.11505,460.89194,0.0488851,0.026032243,-0.035312716,2.03625,2.035,2,-1,0,0.059285782,0
13,33,1,1,0,240.85966,18.08483,157.24791,-0.009690625,0.012319422,-0.009248437,19.144327,18.708334,2,18,1,0.9913449,1
13,38,1,1,0,238.74365,598.0809,199.61797,0.0001472482,0.017701877,-0.0016392452,4.4930696,4.4919443,2,19,1,0.9442303,1
13,23,0,0,0,0.0,0.0,0.0,0.0,0.0,0.0,2.8266666,2.6605556,2,-1,0,0.11302951,0
13,18,0,0,0,0.0,0.0,0.0,0.0,0.0,0.0,2.0753126,2.1358333,2,-1,0,0.10297233,0
13,16,1,1,0,-261.13885,-536.11505,460.89194,0.0488851,0.026032243,-0.035312716,38.790657,58.939167,2,20,1,0.9881343,1
13,26,0,0,0,0.0,0.0,0.0,0.0,0.0,0.0,2.1953194,2.2152777,2,-1,0,0.12940662,0
13,1,0,0,0,0.0,0.0,0.0,0.0,0.0,0.0,2.2585554,2.265,2,-1,0,0.1282753,0
13,3,1,1,0,-266.38867,205.12694,324.09198,0.015946072,0.008236061,-0.0013924304,18.87029,18.831388,2,21,1,0.9980889,1
13,26,0,0,0,0.0,0.0,0.0,0.0,0.0,0.0,2.330757,2.3733332,2,-1,0,0.13335109,0
13,3,1,0,0,-266.38867,205.12694,324.09198,0.015946072,0.008236061,-0.0013924304,2.2460833,2.198611,2,-1,0,0.12259427,0
13,10,0,0,0,0.0,0.0,0.0,0.0,0.0,0.0,2.406014,2.3608334,2,-1,0,0.0730556,0
13,37,0,0,0,0.0,0.0,0.0,0.0,0.0,0.0,2.676868,2.5980556,2,-1,0,0.11875884,0
13,10,0,0,0,0.0,0.0,0.0,0.0,0.0,0.0,2.699222,2.7122223,2,-1,0,0.12148186,0
13,9,1,1,0,-277.8588,-348.02728,455.6293,0.0059755417,0.010157815,0.004334052,11.732132,11.7080555,2,22,1,0.98730695,1
13,10,1,0,0,-296.6113,73.45989,256.19812,0.030074075,0.022717861,0.0025703202,8.916743,8.955833,2,-1,0,0.987043,1
13,26,1,1,0,279.53976,-299.00934,314.68707,-0.0065129087,0.007038393,-0.0011922353,7.853375,5.1719446,2,23,1,0.9742197,1
13,35,1,1,0,282.20465,-172.00226,315.86377,0.02952025,0.005661271,-0.021883516,34.064243,34.52778,2,24,1,0.99202174,1
13,26,1,0,0,279.53976,-299.00934,314.68707,-0.0065129087,0.007038393,-0.0011922353,2.6594791,2.672778,2,-1,0,0.18828937,0
13,10,1,0,0,-296.6113,73.45989,256.19812,0.030074075,0.022717861,0.0025703202,5.3034515,5.2541666,2,-1,0,0.9811492,1
13,31,1,0,0,302.25723,-55.304096,182.08417,0.019425794,-0.0142465,-0.0043995916,2.1536112,2.1088889,2,-1,0,0.088364124,0
13,20,1,0,0,291.05768,449.60202,51.487206,0.00076146825,0.015384804,0.016740613,7.748327,7.716111,2,-1,0,0.9993173,1
13,20,1,0,0,291.05768,449.60202,51.487206,0.00076146825,0.015384804,0.016740613,2.793611,2.7769444,2,-1,0,0.89246684,1
13,10,0,0,0,0.0,0.0,0.0,0.0,0.0,0.0,2.2037637,2.1433334,2,-1,0,0.002465866,0
13,20,1,1,0,291.05768,449.60202,51.487206,0.00076146825,0.015384804,0.016740613,11.362778,11.166667,2,25,1,0.9984817,1
13,10,1,1,0,-296.6113,73.45989,256.19812,0.030074075,0.022717861,0.0025703202,18.42934,18.384722,2,26,1,0.99999976,1
13,1,1,1,0,-294.55258,-530.83405,95.09553,0.008883009,0.024186743,0.00068673433,26.689548,22.025278,2,27,1,0.9985941,1
13,19,1,1,0,-293.7527,432.23026,67.82755,-0.0013947343,-0.00015298711,0.021146616,13.467444,13.302778,2,28,1,0.9876446,1
13,19,1,0,0,-293.7527,432.23026,67.82755,-0.0013947343,-0.00015298711,0.021146616,2.5899377,2.5847223,2,-1,0,0.13666087,0
13,19,1,0,0,-293.7527,432.23026,67.82755,-0.0013947343,-0.00015298711,0.021146616,4.208285,4.106389,2,-1,0,0.98050404,1
13,31,1,0,0,302.25723,-55.304096,182.08417,0.019425794,-0.0142465,-0.0043995916,3.341875,3.1491666,2,-1,0,0.22831377,0
13,18,0,0,0,0.0,0.0,0.0,0.0,0.0,0.0,2.122611,2.1408334,2,-1,0,0.20366365,0
13,31,1,1,0,302.25723,-55.304096,182.08417,0.019425794,-0.0142465,-0.0043995916,20.49965,20.498333,2,29,1,0.9763697,1
13,40,0,0,0,0.0,0.0,0.0,0.0,0.0,0.0,2.7117639,2.6075,2,-1,0,0.14244486,0
13,34,0,0,0,0.0,0.0,0.0,0.0,0.0,0.0,1.9933125,2.033611,2,-1,0,0.10932262,0
13,22,1,1,0,311.1594,114.74434,120.60639,-0.0054436633,0.0070489794,0.01486867,16.089994,15.918333,2,30,1,0.9991351,1
13,36,1,1,0,310.45807,-284.83694,127.92002,0.0033380908,-0.015417822,-0.0101508275,18.416784,18.266388,2,31,1,0.9890609,1
13,28,0,0,0,0.0,0.0,0.0,0.0,0.0,0.0,2.301653,2.313611,2,-1,0,0.11778638,0
13,22,0,0,0,0.0,0.0,0.0,0.0,0.0,0.0,2.6245692,2.5441666,2,-1,0,0.10588629,0
13,40,0,0,0,0.0,0.0,0.0,0.0,0.0,0.0,2.172979,2.226389,2,-1,0,0.10546359,0
13,36,0,0,0,0.0,0.0,0.0,0.0,0.0,0.0,2.8902779,2.8911111,2,-1,0,0.52755183,1
13,32,1,1,0,-319.5133,327.22925,5.0403395,0.019536942,0.02813715,-0.02055757,24.432165,24.623888,2,32,1,0.9976992,1
13,37,1,0,0,-347.50793,19.836735,122.41249,-0.0014063021,-0.01783222,-0.006628356,2.9392915,2.9677777,2,-1,0,0.66844624,1
13,5,0,0,0,0.0,0.0,0.0,0.0,0.0,0.0,2.0954027,2.0975,2,-1,0,0.06289656,0
13,31,1,0,0,302.25723,-55.304096,182.08417,0.019425794,-0.0142465,-0.0043995916,3.0737224,3.0902777,2,-1,0,0.8004745,1
13,19,0,0,0,0.0,0.0,0.0,0.0,0.0,0.0,2.0058472,2.0533333,2,-1,0,0.14403489,0
13,25,0,0,0,0.0,0.0,0.0,0.0,0.0,0.0,2.3105137,2.3569446,2,-1,0,0.061553504,0
13,24,1,1,0,330.29358,366.98923,146.31834,0.012406177,0.015379399,-0.0016681929,15.921215,15.816112,2,33,1,0.98919404,1
13,15,0,0,0,0.0,0.0,0.0,0.0,0.0,0.0,2.660458,2.6494443,2,-1,0,0.08417156,0
13,14,0,0,0,0.0,0.0,0.0,0.0,0.0,0.0,2.3697987,2.356111,2,-1,0,0.075388186,0
13,28,0,0,0,0.0,0.0,0.0,0.0,0.0,0.0,2.0555,2.0580556,2,-1,0,0.07957468,0
13,14,1,1,0,-345.52222,-308.8536,363.211,-0.005514322,0.027614666,-0.0037391123,15.034214,15.045,2,34,1,0.99775785,1
13,37,1,1,0,-347.50793,19.836735,122.41249,-0.0014063021,-0.01783222,-0.006628356,14.331569,10.465834,2,35,1,0.979325,1
13,11,0,0,0,0.0,0.0,0.0,0.0,0.0,0.0,2.2464027,2.2408333,2,-1,0,0.078431435,0
13,23,1,1,0,350.53552,-187.13095,112.458855,0.019137252,0.017612295,-0.034567844,22.162266,15.390555,2,36,1,0.9845227,1
13,15,1,1,0,356.6292,-79.26008,421.88593,-0.004260789,0.0070365476,0.007856051,8.762041,8.773056,2,37,1,0.99395645,1
13,14,1,0,0,-345.52222,-308.8536,363.211,-0.005514322,0.027614666,-0.0037391123,8.903333,8.990833,2,-1,0,0.9962752,1
13,25,0,0,0,0.0,0.0,0.0,0.0,0.0,0.0,2.6971874,2.6877778,2,-1,0,0.1974385,0
13,23,1,0,0,350.53552,-187.13095,112.458855,0.019137252,0.017612295,-0.034567844,12.762798,12.807777,2,-1,0,0.96654165,1
13,32,0,0,0,0.0,0.0,0.0,0.0,0.0,0.0,2.37,2.3866668,2,-1,0,0.14556281,0
13,39,0,0,0,0.0,0.0,0.0,0.0,0.0,0.0,2.463389,2.4347222,2,-1,0,0.045742977,0
13,35,0,0,0,0.0,0.0,0.0,0.0,0.0,0.0,2.5932987,2.7133334,2,-1,0,0.22632033,0
13,13,0,0,0,0.0,0.0,0.0,0.0,0.0,0.0,2.6967916,2.6983333,2,-1,0,0.13542257,0
13,29,0,0,0,0.0,0.0,0.0,0.0,0.0,0.0,2.1245208,2.1516666,2,-1,0,0.10716791,0
13,37,0,0,0,0.0,0.0,0.0,0.0,0.0,0.0,2.5226111,2.525,2,-1,0,0.09350516,0
13,15,0,0,0,0.0,0.0,0.0,0.0,0.0,0.0,2.2147152,2.2061112,2,-1,0,0.1225981,0
13,13,0,0,0,0.0,0.0,0.0,0.0,0.0,0.0,2.3853748,2.3633332,2,-1,0,0.16303095,0
13,19,0,0,0,0.0,0.0,0.0,0.0,0.0,0.0,2.3267362,2.266389,2,-1,0,0.12282207,0
13,9,0,0,0,0.0,0.0,0.0,0.0,0.0,0.0,2.0728753,2.0925,2,-1,0,0.08267032,0
13,9,0,0,0,0.0,0.0,0.0,0.0,0.0,0.0,2.7642224,2.7625,2,-1,0,0.2867438,0
13,37,0,0,0,0.0,0.0,0.0,0.0,0.0,0.0,2.3731527,2.3766668,2,-1,0,0.11688824,0
13,17,0,0,0,0.0,0.0,0.0,0.0,0.0,0.0,2.3150694,2.2791667,2,-1,0,0.09967495,0
13,26,0,0,0,0.0,0.0,0.0,0.0,0.0,0.0,2.292361,2.2280555,2,-1,0,0.12551016,0
13,3,0,0,0,0.0,0.0,0.0,0.0,0.0,0.0,2.0857291,2.0022223,2,-1,0,0.09632422,0
13,32,0,0,0,0.0,0.0,0.0,0.0,0.0,0.0,2.1374862,2.1980555,2,-1,0,0.08745304,0
13,4,0,0,0,0.0,0.0,0.0,0.0,0.0,0.0,2.5078263,2.5227778,2,-1,0,0.10962009,0
13,6,0,0,0,0.0,0.0,0.0,0.0,0.0,0.0,2.2640834,2.2619445,2,-1,0,0.09222913,0
13,31,0,0,0,0.0,0.0,0.0,0.0,0.0,0.0,2.2131388,2.218889,2,-1,0,0.11722054,0
13,36,0,0,0,0.0,0.0,0.0,0.0,0.0,0.0,2.3422222,2.3683333,2,-1,0,0.112946905,0
14,31,0,0,0,0.0,0.0,0.0,0.0,0.0,0.0,2.8017223,2.7897222,2,-1,0,0.058667384,0
14,10,0,0,0,0.0,0.0,0.0,0.0,0.0,0.0,2.2436388,2.3030555,2,-1,0,0.05088218,0
14,7,1,1,0,8.454811,39.166218,311.9581,0.0115118595,-0.014353792,0.0071484987,23.641146,24.018612,2,0,1,0.9987275,1
14,7,1,0,0,8.454811,39.166218,311.9581,0.0115118595,-0.014353792,0.0071484987,2.3850832,2.2133334,2,-1,0,0.10320104,0
14,32,0,0,0,0.0,0.0,0.0,0.0,0.0,0.0,2.222389,2.1666667,2,-1,0,0.08336794,0
14,16,1,0,0,26.848482,68.211,290.77106,-0.024149833,0.015643317,-0.01200272,7.313368,7.1880555,2,-1,0,0.9837156,1
14,16,1,0,0,26.848482,68.211,290.77106,-0.024149833,0.015643317,-0.01200272,4.811306,4.723889,2,-1,0,0.9795228,1
14,7,1,0,0,8.454811,39.166218,311.9581,0.0115118595,-0.014353792,0.0071484987,3.6712081,3.5325,2,-1,0,0.85508895,1
14,4,0,0,0,0.0,0.0,0.0,0.0,0.0,0.0,2.0863054,2.1355555,2,-1,0,0.10302469,0
14,1,0,0,0,0.0,0.0,0.0,0.0,0.0,0.0,2.265986,2.2133334,2,-1,0,0.09121332,0
14,16,1,1,0,26.848482,68.211,290.77106,-0.024149833,0.015643317,-0.01200272,17.378227,17.464445,2,1,1,0.99996996,1
14,20,0,0,0,0.0,0.0,0.0,0.0,0.0,0.0,2.5781875,2.578889,2,-1,0,0.15543018,0
14,1,0,0,0,0.0,0.0,0.0,0.0,0.0,0.0,2.0187986,2.011111,2,-1,0,0.029220471,0
14,9,0,0,0,0.0,0.0,0.0,0.0,0.0,0.0,3.11525,3.0930555,2,-1,0,0.7627153,1
14,5,0,0,0,0.0,0.0,0.0,0.0,0.0,0.0,2.538604,2.5508332,2,-1,0,0.10597709,0
14,9,1,0,0,-36.668514,-24.538239,64.66614,0.0066831512,0.021634705,0.0035449602,8.964736,8.850555,2,-1,0,0.98101324,1
14,36,1,1,0,32.461746,327.10736,173.14589,0.009227995,0.004896654,-0.008789059,12.006625,9.866389,2,2,1,0.9994721,1
14,10,0,0,0,0.0,0.0,0.0,0.0,0.0,0.0,2.2387083,2.233611,2,-1,0,0.09402773,0
14,9,1,1,0,-36.668514,-24.538239,64.66614,0.0066831512,0.021634705,0.0035449602,11.087285,11.2025,2,3,1,0.9938719,1
14,1,0,0,0,0.0,0.0,0.0,0.0,0.0,0.0,2.8861387,2.9547222,2,-1,0,0.23102738,0
14,23,1,1,0,43.875896,385.78452,292.91235,-0.0066700527,-4.0018298e-05,-0.011340933,10.655209,10.529722,2,4,1,0.9997199,1
14,23,0,0,0,0.0,0.0,0.0,0.0,0.0,0.0,2.9433126,2.8847222,2,-1,0,0.25293034,0
14,28,0,0,0,0.0,0.0,0.0,0.0,0.0,0.0,2.7688959,2.4947221,2,-1,0,0.6655592,1
14,11,0,0,0,0.0,0.0,0.0,0.0,0.0,0.0,1.93875,2.0108333,2,-1,0,0.09056489,0
14,38,1,0,0,-68.60906,-88.03084,343.40082,0.0011484075,-0.00046051442,0.0025619054,2.1410072,2.2077777,2,-1,0,0.0698895,0
14,31,1,1,0,53.650154,-597.4563,297.58716,0.0074767377,0.0013667782,0.0007252169,9.228611,8.990278,2,5,1,0.9966349,1
14,11,0,0,0,0.0,0.0,0.0,0.0,0.0,0.0,2.345243,2.4152777,2,-1,0,0.11750209,0
14,37,0,0,0,0.0,0.0,0.0,0.0,0.0,0.0,2.2164097,2.2361112,2,-1,0,0.10939817,0
14,39,0,0,0,0.0,0.0,0.0,0.0,0.0,0.0,2.3333054,2.3138888,2,-1,0,0.13105789,0
14,35,0,0,0,0.0,0.0,0.0,0.0,0.0,0.0,2.0970278,2.0502777,2,-1,0,0.114642896,0
14,9,0,0,0,0.0,0.0,0.0,0.0,0.0,0.0,2.7781668,2.7061112,2,-1,0,0.21721673,0
14,2,1,1,0,-63.39236,588.6722,3.3999383,-0.0057996833,0.030733226,-0.048214138,9.670382,8.847777,2,6,1,0.98926884,1
14,33,1,1,0,65.66763,112.701935,357.3721,-0.0062841745,-0.020279728,-0.012957493,26.034182,25.598888,2,7,1,0.99927634,1
14,25,0,0,0,0.0,0.0,0.0,0.0,0.0,0.0,10.885924,-1.0,2,-1,0,0.98871964,1
14,3,1,1,0,-68.78226,-22.412014,134.83919,-0.003612681,-0.010454034,-0.011559905,9.941847,9.892777,2,8,1,0.9675034,1
14,38,1,1,0,-68.60906,-88.03084,343.40082,0.0011484075,-0.00046051442,0.0025619054,2.882493,2.7952778,2,9,1,0.11321563,0
14,19,0,0,0,0.0,0.0,0.0,0.0,0.0,0.0,2.5488613,2.5127778,2,-1,0,0.30874884,0
14,22,0,0,0,0.0,0.0,0.0,0.0,0.0,0.0,2.900264,2.8544445,2,-1,0,0.057499547,0
14,3,1,0,0,-68.78226,-22.412014,134.83919,-0.003612681,-0.010454034,-0.011559905,2.5317566,2.511111,2,-1,0,0.19462942,0
14,14,1,1,0,74.76087,591.5087,381.42273,0.0012492186,0.0040587024,-0.0052208453,7.770723,6.8325,2,10,1,0.9865465,1
14,4,0,0,0,0.0,0.0,0.0,0.0,0.0,0.0,34.419758,-1.0,2,-1,0,0.9999938,1
14,31,0,0,0,0.0,0.0,0.0,0.0,0.0,0.0,2.7946322,2.8736112,2,-1,0,0.074078195,0
14,29,0,0,0,0.0,0.0,0.0,0.0,0.0,0.0,2.717118,2.6927779,2,-1,0,0.10714451,0
14,32,1,1,0,-87.14969,493.33215,388.31833,0.015211898,-0.015490373,-0.009185497,28.819723,28.550556,2,11,1,0.99819845,1
14,25,0,0,0,0.0,0.0,0.0,0.0,0.0,0.0,2.234993,-1.0,2,-1,0,0.11298487,0
14,26,0,0,0,0.0,0.0,0.0,0.0,0.0,0.0,2.046486,2.115,2,-1,0,0.08360002,0
14,40,1,1,0,-82.30763,466.1887,72.39492,-0.009024107,-0.0167844,0.0013153672,20.584583,11.0725,2,12,1,0.9852409,1
14,26,0,0,0,0.0,0.0,0.0,0.0,0.0,0.0,2.3980696,2.3233333,2,-1,0,0.09140511,0
14,1,0,0,0,0.0,0.0,0.0,0.0,0.0,0.0,2.1329584,2.2572222,2,-1,0,0.10959386,0
14,25,0,0,0,0.0,0.0,0.0,0.0,0.0,0.0,2.2896945,2.2719445,2,-1,0,0.052533504,0
14,20,0,0,0,0.0,0.0,0.0,0.0,0.0,0.0,2.5909722,2.565,2,-1,0,0.14064986,0
14,34,1,1,0,-98.16079,569.09204,40.952705,-0.019288177,0.0009074682,0.004668477,21.443806,21.409445,2,13,1,0.9984597,1
14,37,1,0,0,108.64753,442.66177,393.7474,0.0023747291,0.040853787,0.05451444,3.6863406,3.7386112,2,-1,0,0.954347,1
14,33,1,0,0,65.66763,112.701935,357.3721,-0.0062841745,-0.020279728,-0.012957493,4.2293262,4.2255554,2,-1,0,0.9773761,1
14,30,1,1,0,-106.27288,213.77647,313.7472,0.004394012,0.016561393,0.039408986,22.007696,22.3675,2,14,1,0.9968731,1
14,30,1,0,0,-106.27288,213.77647,313.7472,0.004394012,0.016561393,0.039408986,6.7184305,6.757222,2,-1,0,0.98221725,1
14,30,1,0,0,-106.27288,213.77647,313.7472,0.004394012,0.016561393,0.039408986,2.563847,2.6005557,2,-1,0,0.15209521,0
14,30,1,0,0,-106.27288,213.77647,313.7472,0.004394012,0.016561393,0.039408986,6.113521,6.104722,2,-1,0,0.9825752,1
14,37,1,0,0,108.64753,442.66177,393.7474,0.0023747291,0.040853787,0.05451444,16.811798,16.722778,2,-1,0,0.9999875,1
14,37,1,1,0,108.64753,442.66177,393.7474,0.0023747291,0.040853787,0.05451444,28.401402,28.083334,2,15,1,0.9999461,1
14,37,1,0,0,108.64753,442.66177,393.7474,0.0023747291,0.040853787,0.05451444,6.080826,6.2458334,2,-1,0,0.98468256,1
14,37,1,0,0,108.64753,442.66177,393.7474,0.0023747291,0.040853787,0.05451444,16.727152,16.710556,2,-1,0,0.99986374,1
14,31,1,0,0,53.650154,-597.4563,297.58716,0.0074767377,0.0013667782,0.0007252169,4.370285,4.459722,2,-1,0,0.97854793,1
14,37,0,0,0,0.0,0.0,0.0,0.0,0.0,0.0,2.7785833,2.8058333,2,-1,0,0.43675172,0
14,14,0,0,0,0.0,0.0,0.0,0.0,0.0,0.0,1.976264,2.0102777,2,-1,0,0.1287945,0
14,31,1,0,0,53.650154,-597.4563,297.58716,0.0074767377,0.0013667782,0.0007252169,3.5854447,3.508889,2,-1,0,0.95291924,1
14,14,0,0,0,0.0,0.0,0.0,0.0,0.0,0.0,2.1828542,2.2425,2,-1,0,0.087391615,0
14,19,0,0,0,0.0,0.0,0.0,0.0,0.0,0.0,2.381639,2.3752778,2,-1,0,0.1472579,0
14,9,0,0,0,0.0,0.0,0.0,0.0,0.0,0.0,2.4642015,2.4069445,2,-1,0,0.14804485,0
14,4,1,1,0,-81.68892,-515.1965,178.93639,0.015259189,0.020852199,-0.023324236,2.3959236,2.3425,2,16,1,0.15748668,0
14,12,1,1,0,135.24239,-482.6472,125.58626,0.026421871,0.011004752,-0.030980824,31.094706,36.51611,2,17,1,0.9571145,1
14,17,1,0,0,-145.96152,-522.47577,29.673649,0.0023917854,-0.010845023,0.008937302,4.0735273,4.0755553,2,-1,0,0.9781823,1
14,17,0,0,0,0.0,0.0,0.0,0.0,0.0,0.0,1.9656874,2.0083334,2,-1,0,0.11960244,0
14,17,1,1,0,-145.96152,-522.47577,29.673649,0.0023917854,-0.010845023,0.008937302,10.545022,6.771111,2,18,1,0.9932279,1
14,25,0,0,0,0.0,0.0,0.0,0.0,0.0,0.0,2.1615832,2.1155555,2,-1,0,0.08802021,0
14,17,1,0,0,-145.96152,-522.47577,29.673649,0.0023917854,-0.010845023,0.008937302,4.7066875,4.7141666,2,-1,0,0.98275936,1
14,35,1,1,0,-148.82516,-118.19726,282.99985,-0.028791973,0.013926815,-0.008146911,22.086048,21.6025,2,19,1,0.9798948,1
14,26,0,0,0,0.0,0.0,0.0,0.0,0.0,0.0,2.2801666,2.283611,2,-1,0,0.09827957,0
14,35,1,0,0,-148.82516,-118.19726,282.99985,-0.028791973,0.013926815,-0.008146911,7.4799304,7.5713887,2,-1,0,0.9928948,1
14,36,0,0,0,0.0,0.0,0.0,0.0,0.0,0.0,2.2291806,2.2122223,2,-1,0,0.09155247,0
14,13,1,0,0,-170.83575,300.89438,52.360165,0.009518944,-0.009745992,-0.016816927,2.4633195,2.4458334,2,-1,0,0.1301456,0
14,39,0,0,0,0.0,0.0,0.0,0.0,0.0,0.0,2.34909,2.3063889,2,-1,0,0.14295861,0
14,12,0,0,0,0.0,0.0,0.0,0.0,0.0,0.0,2.8118196,2.8580556,2,-1,0,0.052706406,0
14,19,0,0,0,0.0,0.0,0.0,0.0,0.0,0.0,2.5304513,2.62,2,-1,0,0.0678261,0
14,28,0,0,0,0.0,0.0,0.0,0.0,0.0,0.0,2.2887638,2.308889,2,-1,0,0.055724878,0
14,35,0,0,0,0.0,0.0,0.0,0.0,0.0,0.0,2.2641666,2.1983333,2,-1,0,0.08914817,0
14,13,1,0,0,-170.83575,300.89438,52.360165,0.009518944,-0.009745992,-0.016816927,2.6706874,2.6522222,2,-1,0,0.09662593,0
14,14,0,0,0,0.0,0.0,0.0,0.0,0.0,0.0,2.468861,2.4302778,2,-1,0,0.095962495,0
14,14,0,0,0,0.0,0.0,0.0,0.0,0.0,0.0,2.006736,2.0069444,2,-1,0,0.07504118,0
14,40,0,0,0,0.0,0.0,0.0,0.0,0.0,0.0,2.3029861,2.3216667,2,-1,0,0.05035182,0
14,13,1,1,0,-170.83575,300.89438,52.360165,0.009518944,-0.009745992,-0.016816927,16.185625,16.151945,2,20,1,0.9861872,1
14,15,0,0,0,0.0,0.0,0.0,0.0,0.0,0.0,2.656882,2.52,2,-1,0,0.034162007,0
14,37,0,0,0,0.0,0.0,0.0,0.0,0.0,0.0,2.411736,2.4275,2,-1,0,0.116028294,0
14,16,0,0,0,0.0,0.0,0.0,0.0,0.0,0.0,2.3199167,2.3755555,2,-1,0,0.0895782,0
14,34,0,0,0,0.0,0.0,0.0,0.0,0.0,0.0,2.2231321,2.3108332,2,-1,0,0.089536704,0
14,16,0,0,0,0.0,0.0,0.0,0.0,0.0,0.0,2.1736877,2.1772223,2,-1,0,0.034751255,0
14,28,0,0,0,0.0,0.0,0.0,0.0,0.0,0.0,2.0684514,2.0933332,2,-1,0,0.061435618,0
14,29,0,0,0,0.0,0.0,0.0,0.0,0.0,0.0,2.189514,2.1552777,2,-1,0,0.061935548,0
14,23,0,0,0,0.0,0.0,0.0,0.0,0.0,0.0,2.3562152,2.375,2,-1,0,0.0976678,0
14,37,0,0,0,0.0,0.0,0.0,0.0,0.0,0.0,1.9602083,2.02,2,-1,0,0.11333036,0
14,27,1,0,0,200.61359,276.52295,448.05997,-0.0029017688,0.017343637,0.0021790762,2.870736,2.8663888,2,-1,0,0.21948223,0
14,27,1,1,0,200.61359,276.52295,448.05997,-0.0029017688,0.017343637,0.0021790762,19.134874,19.399723,2,21,1,0.99901223,1
14,24,0,0,0,0.0,0.0,0.0,0.0,0.0,0.0,2.9542637,2.9644444,2,-1,0,0.50278634,1
14,9,0,0,0,0.0,0.0,0.0,0.0,0.0,0.0,1.9387083,2.0130556,2,-1,0,0.08298181,0
14,1,0,0,0,0.0,0.0,0.0,0.0,0.0,0.0,2.0416527,2.0397222,2,-1,0,0.069103174,0
14,10,0,0,0,0.0,0.0,0.0,0.0,0.0,0.0,2.0902083,2.0708334,2,-1,0,0.08616115,0
14,4,0,0,0,0.0,0.0,0.0,0.0,0.0,0.0,2.3823888,2.3716667,2,-1,0,0.092447095,0
14,32,0,0,0,0.0,0.0,0.0,0.0,0.0,0.0,2.382118,2.3833334,2,-1,0,0.18121283,0
14,39,0,0,0,0.0,0.0,0.0,0.0,0.0,0.0,2.3058887,2.264722,2,-1,0,0.23058762,0
14,26,1,1,0,-222.35448,-216.13388,75.01376,-0.009335404,0.0008625902,0.010907236,15.352348,14.137222,2,22,1,0.99329454,1
14,21,0,0,0,0.0,0.0,0.0,0.0,0.0,0.0,1.9495416,2.0286112,2,-1,0,0.092137195,0
14,31,0,0,0,0.0,0.0,0.0,0.0,0.0,0.0,2.4622846,2.4002779,2,-1,0,0.17175287,0
14,39,0,0,0,0.0,0.0,0.0,0.0,0.0,0.0,2.011611,2.0277777,2,-1,0,0.097752884,0
14,24,1,1,0,-237.51186,251.8313,27.920528,0.019063156,-0.0016223873,-0.010723287,21.06786,21.296389,2,23,1,0.9999999,1
14,40,0,0,0,0.0,0.0,0.0,0.0,0.0,0.0,2.322736,2.3980556,2,-1,0,0.088363454,0
14,28,1,1,0,-243.8386,-43.346436,352.64844,0.017334407,0.020922255,0.013118344,29.20795,29.164444,2,24,1,0.9997322,1
14,39,0,0,0,0.0,0.0,0.0,0.0,0.0,0.0,2.5202012,2.4458334,2,-1,0,0.16345763,0
14,21,1,1,0,250.71402,507.4368,446.247,-0.01785382,0.019032596,0.0055708983,24.714918,24.914722,2,25,1,0.99997723,1
14,5,0,0,0,0.0,0.0,0.0,0.0,0.0,0.0,2.0800972,-1.0,2,-1,0,0.09005696,0
14,26,0,0,0,0.0,0.0,0.0,0.0,0.0,0.0,2.3873332,2.4658334,2,-1,0,0.05951565,0
14,1,0,0,0,0.0,0.0,0.0,0.0,0.0,0.0,2.310389,2.2816668,2,-1,0,0.1250691,0
14,8,0,0,0,0.0,0.0,0.0,0.0,0.0,0.0,2.3184445,2.3441668,2,-1,0,0.06697507,0
14,6,1,1,0,254.1029,542.3637,116.78818,-0.0028572106,-0.001835532,-0.016927967,18.586987,18.494722,2,26,1,0.9567322,1
14,5,1,1,0,249.95947,-330.7976,266.58762,0.0287422,-0.027404873,0.0068889493,34.44335,23.780556,2,27,1,0.99608,1
14,37,0,0,0,0.0,0.0,0.0,0.0,0.0,0.0,2.1005137,2.1044445,2,-1,0,0.07694436,0
14,15,1,0,0,-252.96024,359.93515,1.1677371,0.014318934,-0.032336593,-0.013832648,5.847403,5.794722,2,-1,0,0.9900069,1
14,8,0,0,0,0.0,0.0,0.0,0.0,0.0,0.0,2.3255556,2.333611,2,-1,0,0.07717062,0
14,3,0,0,0,0.0,0.0,0.0,0.0,0.0,0.0,2.72375,2.466389,2,-1,0,0.04168706,0
14,5,1,0,0,249.95947,-330.7976,266.58762,0.0287422,-0.027404873,0.0068889493,5.8686395,5.9219446,2,-1,0,0.9916824,1
14,28,0,0,0,0.0,0.0,0.0,0.0,0.0,0.0,2.164875,2.1591666,2,-1,0,0.12684077,0
14,20,1,1,0,265.0302,-423.1732,259.33246,0.0014103914,0.0143392645,0.010679143,18.847305,18.150278,2,28,1,0.99188566,1
14,39,0,0,0,0.0,0.0,0.0,0.0,0.0,0.0,2.1625555,2.125,2,-1,0,0.11322973,0
14,35,0,0,0,0.0,0.0,0.0,0.0,0.0,0.0,2.8110902,-1.0,2,-1,0,0.516415,1
14,6,0,0,0,0.0,0.0,0.0,0.0,0.0,0.0,2.2984445,2.2477777,2,-1,0,0.116932,0
14,7,0,0,0,0.0,0.0,0.0,0.0,0.0,0.0,2.2961664,2.2786112,2,-1,0,0.10041558,0
14,18,0,0,0,0.0,0.0,0.0,0.0,0.0,0.0,2.034375,2.0925,2,-1,0,0.14516443,0
14,18,0,0,0,0.0,0.0,0.0,0.0,0.0,0.0,2.5307221,2.5583334,2,-1,0,0.1927384,0
14,37,0,0,0,0.0,0.0,0.0,0.0,0.0,0.0,2.3725417,2.3238888,2,-1,0,0.21708372,0
14,40,0,0,0,0.0,0.0,0.0,0.0,0.0,0.0,2.5217152,2.5241666,2,-1,0,0.15569367,0
14,10,1,1,0,-287.4129,414.7919,16.998793,-0.004644787,0.022260642,0.011930624,24.964334,24.985556,2,29,1,0.9925673,1
14,15,1,1,0,-252.96024,359.93515,1.1677371,0.014318934,-0.032336593,-0.013832648,6.6918955,6.628889,2,30,1,0.9739639,1
14,1,1,1,0,-297.00742,104.56178,195.386,-0.00034340663,-0.010246539,-0.0009071448,10.599764,10.662222,2,31,1,0.9837608,1
14,39,1,1,0,296.3894,195.08052,278.8581,0.011893542,0.004515784,0.0015214182,12.6733265,12.645833,2,32,1,0.98335046,1
14,3,0,0,0,0.0,0.0,0.0,0.0,0.0,0.0,1.9604931,2.0491667,2,-1,0,0.08857537,0
14,40,0,0,0,0.0,0.0,0.0,0.0,0.0,0.0,2.0860417,2.1311111,2,-1,0,0.12757605,0
14,34,0,0,0,0.0,0.0,0.0,0.0,0.0,0.0,2.265597,2.2569444,2,-1,0,0.120681085,0
14,10,0,0,0,0.0,0.0,0.0,0.0,0.0,0.0,2.0859027,2.0825,2,-1,0,0.12030997,0
14,11,1,1,0,305.88974,-440.54865,435.03003,0.02576162,0.0475461,-0.004305722,38.79273,39.907223,2,33,1,0.99966884,1
14,19,1,1,0,-310.84824,518.1411,290.84766,0.008952673,0.009780543,0.0004662328,17.888424,17.874445,2,34,1,0.98495954,1
14,2,0,0,0,0.0,0.0,0.0,0.0,0.0,0.0,2.0475,2.0469444,2,-1,0,0.07918814,0
14,7,0,0,0,0.0,0.0,0.0,0.0,0.0,0.0,2.129021,2.083889,2,-1,0,0.10987686,0
14,14,0,0,0,0.0,0.0,0.0,0.0,0.0,0.0,2.0959723,2.1377778,2,-1,0,0.10672998,0
14,26,0,0,0,0.0,0.0,0.0,0.0,0.0,0.0,2.1641388,2.1416667,2,-1,0,0.17613712,0
14,38,0,0,0,0.0,0.0,0.0,0.0,0.0,0.0,2.2399306,2.3247223,2,-1,0,0.08897325,0
14,38,0,0,0,0.0,0.0,0.0,0.0,0.0,0.0,2.1889446,2.2116666,2,-1,0,0.09557565,0
14,11,1,0,0,305.88974,-440.54865,435.03003,0.02576162,0.0475461,-0.004305722,5.821479,5.745,2,-1,0,0.9913646,1
14,9,0,0,0,0.0,0.0,0.0,0.0,0.0,0.0,2.4042568,2.3366666,2,-1,0,0.121088386,0
14,25,0,0,0,0.0,0.0,0.0,0.0,0.0,0.0,2.9544237,2.9938889,2,-1,0,0.22982705,0
14,1,0,0,0,0.0,0.0,0.0,0.0,0.0,0.0,2.042139,2.083889,2,-1,0,0.104307376,0
14,37,0,0,0,0.0,0.0,0.0,0.0,0.0,0.0,2.3680346,2.3811111,2,-1,0,0.112955056,0
14,11,1,0,0,305.88974,-440.54865,435.03003,0.02576162,0.0475461,-0.004305722,3.3184376,3.4213889,2,-1,0,0.9220779,1
14,28,0,0,0,0.0,0.0,0.0,0.0,0.0,0.0,2.1069167,0.49805555,2,-1,0,0.09614861,0
14,29,1,1,0,333.43356,563.7169,88.494446,0.00422191,0.0040483642,-0.008734104,9.528806,6.1241665,2,35,1,0.9898122,1
14,38,0,0,0,0.0,0.0,0.0,0.0,0.0,0.0,2.6086946,2.5338888,2,-1,0,0.17992088,0
14,29,1,0,0,333.43356,563.7169,88.494446,0.00422191,0.0040483642,-0.008734104,6.3029513,6.2544446,2,-1,0,0.9668238,1
14,39,1,0,0,296.3894,195.08052,278.8581,0.011893542,0.004515784,0.0015214182,2.3844445,2.2922223,2,-1,0,0.15411583,0
14,18,1,1,0,-337.64185,341.6268,314.48685,-0.0028496322,0.002719041,0.015944773,16.148064,16.157223,2,36,1,0.977737,1
14,15,0,0,0,0.0,0.0,0.0,0.0,0.0,0.0,2.7376456,2.7386112,2,-1,0,0.18892111,0
14,27,0,0,0,0.0,0.0,0.0,0.0,0.0,0.0,2.1455276,2.0386112,2,-1,0,0.08391214,0
14,20,0,0,0,0.0,0.0,0.0,0.0,0.0,0.0,2.6063888,2.5977778,2,-1,0,0.2938456,0
14,22,1,1,0,360.2463,506.07025,89.610855,0.015622491,0.020845767,-0.012427297,7.6094584,6.68,2,37,1,0.9770368,1
14,13,0,0,0,0.0,0.0,0.0,0.0,0.0,0.0,2.0134861,2.0747223,2,-1,0,0.112060584,0
14,11,0,0,0,0.0,0.0,0.0,0.0,0.0,0.0,2.2458751,2.2083333,2,-1,0,0.101808734,0
14,37,0,0,0,0.0,0.0,0.0,0.0,0.0,0.0,2.1419237,2.192222,2,-1,0,0.08810599,0
14,11,0,0,0,0.0,0.0,0.0,0.0,0.0,0.0,2.7503471,2.6813889,2,-1,0,0.27413929,0
14,18,0,0,0,0.0,0.0,0.0,0.0,0.0,0.0,2.1134932,2.0527778,2,-1,0,0.09928629,0
14,4,0,0,0,0.0,0.0,0.0,0.0,0.0,0.0,2.683889,2.4488888,2,-1,0,0.35007265,0
14,12,0,0,0,0.0,0.0,0.0,0.0,0.0,0.0,2.0428126,2.0013888,2,-1,0,0.11459684,0
14,18,0,0,0,0.0,0.0,0.0,0.0,0.0,0.0,2.4499307,2.3397222,2,-1,0,0.07218875,0
14,16,0,0,0,0.0,0.0,0.0,0.0,0.0,0.0,2.2276943,2.1752777,2,-1,0,0.08572812,0
14,15,0,0,0,0.0,0.0,0.0,0.0,0.0,0.0,2.495875,2.563611,2,-1,0,0.12759914,0
14,20,0,0,0,0.0,0.0,0.0,0.0,0.0,0.0,2.228125,2.1669445,2,-1,0,0.079295196,0
14,31,0,0,0,0.0,0.0,0.0,0.0,0.0,0.0,2.2045348,2.2866666,2,-1,0,0.075651824,0
14,30,0,0,0,0.0,0.0,0.0,0.0,0.0,0.0,2.4496875,2.5083334,2,-1,0,0.12837544,0
14,11,0,0,0,0.0,0.0,0.0,0.0,0.0,0.0,2.1048887,2.1322222,2,-1,0,0.07753048,0
14,33,0,0,0,0.0,0.0,0.0,0.0,0.0,0.0,2.5390277,2.4916666,2,-1,0,0.19819407,0
14,5,0,0,0,0.0,0.0,0.0,0.0,0.0,0.0,2.3682916,2.4208333,2,-1,0,0.039761696,0
14,37,0,0,0,0.0,0.0,0.0,0.0,0.0,0.0,2.2650208,2.2852778,2,-1,0,0.11308528,0
14,31,0,0,0,0.0,0.0,0.0,0.0,0.0,0.0,2.1590416,2.2075,2,-1,0,0.038520623,0
14,12,0,0,0,0.0,0.0,0.0,0.0,0.0,0.0,2.0319445,2.0497222,2,-1,0,0.092060216,0
14,22,0,0,0,0.0,0.0,0.0,0.0,0.0,0.0,2.180389,2.1825,2,-1,0,0.18457331,0
14,11,0,0,0,0.0,0.0,0.0,0.0,0.0,0.0,1.9662777,2.0202777,2,-1,0,0.063159734,0
14,2,0,0,0,0.0,0.0,0.0,0.0,0.0,0.0,1.9857639,2.0341666,2,-1,0,0.078318894,0
14,2,0,0,0,0.0,0.0,0.0,0.0,0.0,0.0,2.139139,2.138611,2,-1,0,0.10585777,0
14,15,0,0,0,0.0,0.0,0.0,0.0,0.0,0.0,2.085236,2.0586112,2,-1,0,0.033448134,0
14,35,0,0,0,0.0,0.0,0.0,0.0,0.0,0.0,2.5013194,2.4691668,2,-1,0,0.093470074,0
14,14,0,0,0,0.0,0.0,0.0,0.0,0.0,0.0,2.2461667,2.1780555,2,-1,0,0.06414256,0
14,1,0,0,0,0.0,0.0,0.0,0.0,0.0,0.0,2.1957154,2.2616668,2,-1,0,0.06750305,0
14,14,0,0,0,0.0,0.0,0.0,0.0,0.0,0.0,2.5493262,2.4594445,2,-1,0,0.1578644,0
14,17,0,0,0,0.0,0.0,0.0,0.0,0.0,0.0,1.9888195,2.0597222,2,-1,0,0.08609359,0
15,31,0,0,0,0.0,0.0,0.0,0.0,0.0,0.0,2.1439307,2.2058334,2,-1,0,0.0891656,0
15,35,0,0,0,0.0,0.0,0.0,0.0,0.0,0.0,2.06325,2.0458333,2,-1,0,0.076337196,0
15,12,0,0,0,0.0,0.0,0.0,0.0,0.0,0.0,2.625521,2.7166667,2,-1,0,0.1263384,0
15,33,1,0,0,-27.018908,-547.19446,36.29904,0.019177781,-0.007624557,-0.018212806,2.6995904,2.6452777,2,-1,0,0.124717936,0
15,20,0,0,0,0.0,0.0,0.0,0.0,0.0,0.0,2.009882,2.0591667,2,-1,0,0.047266245,0
15,33,1,1,0,-27.018908,-547.19446,36.29904,0.019177781,-0.007624557,-0.018212806,23.79757,24.1325,2,0,1,0.99655616,1
15,7,0,0,0,0.0,0.0,0.0,0.0,0.0,0.0,2.8788123,2.7947223,2,-1,0,0.4041052,0
15,15,0,0,0,0.0,0.0,0.0,0.0,0.0,0.0,2.088368,2.0563889,2,-1,0,0.14931606,0
15,33,0,0,0,0.0,0.0,0.0,0.0,0.0,0.0,2.1348193,2.1294444,2,-1,0,0.09391762,0
15,2,0,0,0,0.0,0.0,0.0,0.0,0.0,0.0,2.0516667,2.0941668,2,-1,0,0.088533476,0
15,22,0,0,0,0.0,0.0,0.0,0.0,0.0,0.0,2.1114583,2.2716668,2,-1,0,0.054993182,0
15,26,1,0,0,38.452293,-202.21774,349.88904,-0.008325685,0.0046658446,0.013173923,3.5370936,2.6533334,2,-1,0,0.2944029,0
15,26,1,0,0,38.452293,-202.21774,349.88904,-0.008325685,0.0046658446,0.013173923,5.3505554,5.4402776,2,-1,0,0.947104,1
15,26,1,1,0,38.452293,-202.21774,349.88904,-0.008325685,0.0046658446,0.013173923,11.523832,11.465,2,1,1,0.983196,1
15,5,0,0,0,0.0,0.0,0.0,0.0,0.0,0.0,2.4403195,2.5105555,2,-1,0,0.09983579,0
15,17,0,0,0,0.0,0.0,0.0,0.0,0.0,0.0,2.1593611,2.0877779,2,-1,0,0.110784225,0
15,39,1,1,0,41.83888,-278.51547,19.731544,0.0099018905,-0.0004481281,-0.012673389,9.530006,9.061944,2,2,1,0.99792564,1
15,39,1,0,0,41.83888,-278.51547,19.731544,0.0099018905,-0.0004481281,-0.012673389,2.0560417,1.1313889,2,-1,0,0.28040603,0
15,5,0,0,0,0.0,0.0,0.0,0.0,0.0,0.0,2.2389722,2.1708333,2,-1,0,0.08626505,0
15,39,1,0,0,41.83888,-278.51547,19.731544,0.0099018905,-0.0004481281,-0.012673389,6.608104,6.551111,2,-1,0,0.978318,1
15,34,0,0,0,0.0,0.0,0.0,0.0,0.0,0.0,2.2029235,2.1977777,2,-1,0,0.096263506,0
15,30,0,0,0,0.0,0.0,0.0,0.0,0.0,0.0,2.6047711,2.6155555,2,-1,0,0.22522081,0
15,7,1,0,0,102.65374,-67.24396,250.693,-0.03600074,-0.030550987,-0.0006901464,2.660389,2.743611,2,-1,0,0.2258631,0
15,7,0,0,0,0.0,0.0,0.0,0.0,0.0,0.0,2.2261457,2.223611,2,-1,0,0.07620309,0
15,25,0,0,0,0.0,0.0,0.0,0.0,0.0,0.0,2.3557708,2.3377779,2,-1,0,0.22073127,0
15,20,0,0,0,0.0,0.0,0.0,0.0,0.0,0.0,2.1984582,2.2402778,2,-1,0,0.10695209,0
15,34,0,0,0,0.0,0.0,0.0,0.0,0.0,0.0,2.642625,2.6883333,2,-1,0,0.0938048,0
15,31,0,0,0,0.0,0.0,0.0,0.0,0.0,0.0,2.431972,2.4505556,2,-1,0,0.09283706,0
15,19,0,0,0,0.0,0.0,0.0,0.0,0.0,0.0,2.2438264,2.1694446,2,-1,0,0.113448784,0
15,21,0,0,0,0.0,0.0,0.0,0.0,0.0,0.0,2.19284,2.1847222,2,-1,0,0.12716156,0
15,36,0,0,0,0.0,0.0,0.0,0.0,0.0,0.0,2.2724724,2.363889,2,-1,0,0.11565702,0
15,19,0,0,0,0.0,0.0,0.0,0.0,0.0,0.0,2.128007,2.0941668,2,-1,0,0.0649399,0
15,12,0,0,0,0.0,0.0,0.0,0.0,0.0,0.0,5.200083,-1.0,2,-1,0,0.9726209,1
15,30,1,0,0,92.81065,-496.1863,74.30397,-0.015158681,0.023126177,0.016716609,4.5874586,4.459722,2,-1,0,0.98896056,1
15,32,1,0,0,-118.0932,-252.63376,329.6103,0.014037458,-0.0040319767,-0.013399172,3.2934515,3.476389,2,-1,0,0.7963163,1
15,2,0,0,0,0.0,0.0,0.0,0.0,0.0,0.0,2.7655556,2.7730556,2,-1,0,0.076081425,0
15,26,0,0,0,0.0,0.0,0.0,0.0,0.0,0.0,6.272639,-1.0,2,-1,0,0.9935103,1
15,34,0,0,0,0.0,0.0,0.0,0.0,0.0,0.0,2.086632,2.0352778,2,-1,0,0.07235713,0
15,33,0,0,0,0.0,0.0,0.0,0.0,0.0,0.0,2.1025279,2.0983334,2,-1,0,0.09794843,0
15,37,0,0,0,0.0,0.0,0.0,0.0,0.0,0.0,2.8902917,2.8997223,2,-1,0,0.1381716,0
15,30,1,1,0,92.81065,-496.1863,74.30397,-0.015158681,0.023126177,0.016716609,18.583763,18.426945,2,3,1,0.99628735,1
15,2,0,0,0,0.0,0.0,0.0,0.0,0.0,0.0,2.2931945,2.2941666,2,-1,0,0.046404388,0
15,35,0,0,0,0.0,0.0,0.0,0.0,0.0,0.0,2.0076807,2.014722,2,-1,0,0.029862342,0
15,18,0,0,0,0.0,0.0,0.0,0.0,0.0,0.0,2.2901113,2.2922223,2,-1,0,0.11584748,0
15,7,1,0,0,102.65374,-67.24396,250.693,-0.03600074,-0.030550987,-0.0006901464,4.4789166,4.4525,2,-1,0,0.8973551,1
15,7,1,0,0,102.65374,-67.24396,250.693,-0.03600074,-0.030550987,-0.0006901464,6.015,6.043889,2,-1,0,0.9906126,1
15,26,0,0,0,0.0,0.0,0.0,0.0,0.0,0.0,1.9991806,2.0483334,2,-1,0,0.051540576,0
15,19,0,0,0,0.0,0.0,0.0,0.0,0.0,0.0,2.929139,2.8375,2,-1,0,0.35925967,0
15,30,1,0,0,92.81065,-496.1863,74.30397,-0.015158681,0.023126177,0.016716609,12.409993,12.2325,2,-1,0,0.99052036,1
15,7,1,0,0,102.65374,-67.24396,250.693,-0.03600074,-0.030550987,-0.0006901464,4.7579656,4.7391667,2,-1,0,0.8133255,1
15,7,1,1,0,102.65374,-67.24396,250.693,-0.03600074,-0.030550987,-0.0006901464,29.134653,29.016388,2,4,1,0.99875414,1
15,24,1,1,0,-98.85457,-280.5586,314.3398,-0.014248941,0.01713249,0.025561137,35.38644,35.379166,2,5,1,0.99645823,1
15,7,1,0,0,102.65374,-67.24396,250.693,-0.03600074,-0.030550987,-0.0006901464,2.7301526,2.7827778,2,-1,0,0.36531985,0
15,32,1,0,0,-118.0932,-252.63376,329.6103,0.014037458,-0.0040319767,-0.013399172,2.6565,2.6519444,2,-1,0,0.7311324,1
15,24,1,0,0,-98.85457,-280.5586,314.3398,-0.014248941,0.01713249,0.025561137,4.329986,4.2094445,2,-1,0,0.82996416,1
15,39,0,0,0,0.0,0.0,0.0,0.0,0.0,0.0,2.0834513,2.1347222,2,-1,0,0.12819043,0
15,32,1,1,0,-118.0932,-252.63376,329.6103,0.014037458,-0.0040319767,-0.013399172,11.992486,11.8122225,2,6,1,0.99214935,1
15,30,0,0,0,0.0,0.0,0.0,0.0,0.0,0.0,2.281875,2.23,2,-1,0,0.083165236,0
15,12,0,0,0,0.0,0.0,0.0,0.0,0.0,0.0,15.108208,-1.0,2,-1,0,0.9980532,1
15,4,0,0,0,0.0,0.0,0.0,0.0,0.0,0.0,2.847014,2.7966666,2,-1,0,0.26166543,0
15,37,0,0,0,0.0,0.0,0.0,0.0,0.0,0.0,2.3073683,2.4002779,2,-1,0,0.14332515,0
15,4,0,0,0,0.0,0.0,0.0,0.0,0.0,0.0,2.2990835,2.3577778,2,-1,0,0.1027333,0
15,20,1,1,0,-136.73651,279.193,50.751167,0.016161567,0.0022547648,-0.0044444106,19.275507,19.37,2,7,1,0.99937433,1
15,12,1,1,0,128.6523,-117.1945,231.19789,-0.015217612,-0.0056469394,-0.01595981,6.930743,6.9019446,2,8,1,0.9914187,1
15,26,0,0,0,0.0,0.0,0.0,0.0,0.0,0.0,2.2482014,2.2505555,2,-1,0,0.07122846,0
15,3,0,0,0,0.0,0.0,0.0,0.0,0.0,0.0,2.389708,2.336111,2,-1,0,0.12805328,0
15,14,0,0,0,0.0,0.0,0.0,0.0,0.0,0.0,2.8770416,2.8830554,2,-1,0,0.18954846,0
15,16,0,0,0,0.0,0.0,0.0,0.0,0.0,0.0,2.1744165,2.1136112,2,-1,0,0.10108139,0
15,8,0,0,0,0.0,0.0,0.0,0.0,0.0,0.0,2.109375,2.1633334,2,-1,0,0.1225522,0
15,23,0,0,0,0.0,0.0,0.0,0.0,0.0,0.0,2.2797499,2.2972221,2,-1,0,0.09901311,0
15,36,0,0,0,0.0,0.0,0.0,0.0,0.0,0.0,2.6179862,2.5902777,2,-1,0,0.220972,0
15,20,0,0,0,0.0,0.0,0.0,0.0,0.0,0.0,2.3203473,2.3225,2,-1,0,0.08705199,0
15,26,0,0,0,0.0,0.0,0.0,0.0,0.0,0.0,2.3108125,2.3622222,2,-1,0,0.066061,0
15,16,1,0,0,157.67581,527.095,341.33517,0.013354883,0.012857295,-0.0060702884,4.525014,4.405,2,-1,0,0.85265946,1
15,27,0,0,0,0.0,0.0,0.0,0.0,0.0,0.0,2.141146,2.1319444,2,-1,0,0.15510891,0
15,29,0,0,0,0.0,0.0,0.0,0.0,0.0,0.0,2.149889,2.2633333,2,-1,0,0.06851623,0
15,9,0,0,0,0.0,0.0,0.0,0.0,0.0,0.0,2.053257,2.0666666,2,-1,0,0.10934224,0
15,16,1,1,0,157.67581,527.095,341.33517,0.013354883,0.012857295,-0.0060702884,22.411049,22.196112,2,9,1,0.99942917,1
15,13,1,1,0,-164.58395,-574.9973,157.73189,-0.004384058,-0.0001544359,0.000922511,4.618903,4.5830555,2,10,1,0.9719282,1
15,38,1,1,0,-173.01016,-16.901604,437.257,0.014208201,0.012961661,-0.0052440926,21.90648,22.012222,2,11,1,0.9896818,1
15,19,0,0,0,0.0,0.0,0.0,0.0,0.0,0.0,2.1474583,2.1341667,2,-1,0,0.096520424,0
15,25,1,0,0,-185.84175,95.080315,158.80478,0.030904738,-0.00034719225,0.023543283,3.2545834,3.378611,2,-1,0,0.90625,1
15,15,0,0,0,0.0,0.0,0.0,0.0,0.0,0.0,2.7999516,2.803611,2,-1,0,0.20863783,0
15,4,1,0,0,185.94493,-502.4075,29.319597,-0.010884568,-0.01592025,0.012862407,8.332541,8.378056,2,-1,0,0.9893411,1
15,30,0,0,0,0.0,0.0,0.0,0.0,0.0,0.0,2.1183333,2.0594444,2,-1,0,0.08572823,0
15,31,1,1,0,179.09633,267.743,31.343506,0.010509264,0.02132792,-0.014648884,13.303909,13.295555,2,12,1,0.9936885,1
15,14,1,0,0,183.73474,-97.85089,27.85889,-0.0062718764,0.024995983,0.018253284,8.592208,8.420834,2,-1,0,0.9834188,1
15,31,1,0,0,179.09633,267.743,31.343506,0.010509264,0.02132792,-0.014648884,11.752451,6.7575,2,-1,0,0.9920947,1
15,14,1,1,0,183.73474,-97.85089,27.85889,-0.0062718764,0.024995983,0.018253284,27.092812,25.95139,2,13,1,0.989209,1
15,31,1,0,0,179.09633,267.743,31.343506,0.010509264,0.02132792,-0.014648884,2.698,2.702222,2,-1,0,0.54742926,1
15,14,1,0,0,183.73474,-97.85089,27.85889,-0.0062718764,0.024995983,0.018253284,2.9600487,2.9683332,2,-1,0,0.23041515,0
15,31,1,0,0,179.09633,267.743,31.343506,0.010509264,0.02132792,-0.014648884,6.4476943,6.334722,2,-1,0,0.976823,1
15,25,1,1,0,-185.84175,95.080315,158.80478,0.030904738,-0.00034719225,0.023543283,37.433556,35.0,2,14,1,0.6916507,1
15,4,1,1,0,185.94493,-502.4075,29.319597,-0.010884568,-0.01592025,0.012862407,13.94959,13.953611,2,15,1,0.98559684,1
15,1,0,0,0,0.0,0.0,0.0,0.0,0.0,0.0,2.310486,2.4375,2,-1,0,0.20138247,0
15,21,0,0,0,0.0,0.0,0.0,0.0,0.0,0.0,2.0403333,2.0633333,2,-1,0,0.11553798,0
15,35,1,0,0,192.20891,103.94026,114.62859,0.022995096,0.023557082,0.006157234,4.7064443,4.7058334,2,-1,0,0.99763536,1
15,33,0,0,0,0.0,0.0,0.0,0.0,0.0,0.0,1.9703056,2.028889,2,-1,0,0.07891488,0
15,35,1,1,0,192.20891,103.94026,114.62859,0.022995096,0.023557082,0.006157234,28.811556,26.553612,2,16,1,0.8685466,1
15,2,0,0,0,0.0,0.0,0.0,0.0,0.0,0.0,2.6918056,2.6477778,2,-1,0,0.4209158,0
15,3,1,1,0,-203.71873,550.2445,344.40344,0.02288871,0.004639217,0.0043704724,24.267235,24.496944,2,17,1,0.99665964,1
15,16,0,0,0,0.0,0.0,0.0,0.0,0.0,0.0,2.5353613,2.5433333,2,-1,0,0.10365768,0
15,3,1,0,0,-203.71873,550.2445,344.40344,0.02288871,0.004639217,0.0043704724,5.73459,5.784167,2,-1,0,0.98530906,1
15,40,1,0,0,218.04634,124.26517,191.89034,-0.005318759,-0.00027656154,0.00068440643,3.293847,3.303611,2,-1,0,0.94804037,1
15,34,0,0,0,0.0,0.0,0.0,0.0,0.0,0.0,36.948128,-1.0,2,-1,0,0.98970616,1
15,3,0,0,0,0.0,0.0,0.0,0.0,0.0,0.0,2.0980833,2.0363889,2,-1,0,0.06540938,0
15,12,0,0,0,0.0,0.0,0.0,0.0,0.0,0.0,2.382118,2.3205554,2,-1,0,0.0884282,0
15,30,0,0,0,0.0,0.0,0.0,0.0,0.0,0.0,2.169,2.273611,2,-1,0,0.07844764,0
15,40,1,1,0,218.04634,124.26517,191.89034,-0.005318759,-0.00027656154,0.00068440643,5.441389,5.464722,2,18,1,0.98209214,1
15,7,0,0,0,0.0,0.0,0.0,0.0,0.0,0.0,1.9192084,2.0055556,2,-1,0,0.09405921,0
15,15,0,0,0,0.0,0.0,0.0,0.0,0.0,0.0,2.026778,2.0869443,2,-1,0,0.09580047,0
15,7,0,0,0,0.0,0.0,0.0,0.0,0.0,0.0,2.4365,2.3875,2,-1,0,0.1184516,0
15,5,1,1,0,-227.13002,298.10153,428.14297,0.0046861847,-0.00535611,0.010877551,12.808993,12.320833,2,19,1,0.9627429,1
15,36,0,0,0,0.0,0.0,0.0,0.0,0.0,0.0,2.5855484,2.5522223,2,-1,0,0.0876393,0
15,19,1,0,0,238.5866,591.89844,44.650635,-3.942264e-05,-0.0065140226,-0.016021399,2.195507,2.1405556,2,-1,0,0.10313607,0
15,33,0,0,0,0.0,0.0,0.0,0.0,0.0,0.0,2.2188263,2.2397223,2,-1,0,0.07932397,0
15,19,1,1,0,238.5866,591.89844,44.650635,-3.942264e-05,-0.0065140226,-0.016021399,14.131771,14.258611,2,20,1,0.98410195,1
15,28,1,0,0,243.62686,-383.097,250.7167,-0.012657207,-0.008406258,0.02065257,5.2680416,5.3447223,2,-1,0,0.9606183,1
15,23,1,1,0,-239.88846,551.61523,426.2278,0.0004482251,-0.0015467198,-0.0034393584,3.5757499,3.5069444,2,21,1,0.89869475,1
15,1,1,1,0,-241.40898,494.67767,209.21062,0.0038202868,0.0012711629,0.004814196,4.639861,4.2602777,2,22,1,0.99279,1
15,19,0,0,0,0.0,0.0,0.0,0.0,0.0,0.0,2.2123125,2.3175,2,-1,0,0.04607266,0
15,28,1,1,0,243.62686,-383.097,250.7167,-0.012657207,-0.008406258,0.02065257,17.150187,17.277779,2,23,1,0.978773,1
15,19,1,0,0,238.5866,591.89844,44.650635,-3.942264e-05,-0.0065140226,-0.016021399,2.4552293,2.4080555,2,-1,0,0.08517671,0
15,23,1,0,0,-239.88846,551.61523,426.2278,0.0004482251,-0.0015467198,-0.0034393584,2.7086248,2.706389,2,-1,0,0.13493142,0
15,27,0,0,0,0.0,0.0,0.0,0.0,0.0,0.0,1.9910278,2.0522223,2,-1,0,0.06870181,0
15,12,0,0,0,0.0,0.0,0.0,0.0,0.0,0.0,2.3354445,2.3566666,2,-1,0,0.11400084,0
15,23,0,0,0,0.0,0.0,0.0,0.0,0.0,0.0,2.486924,2.3491666,2,-1,0,0.077893585,0
15,18,1,1,0,-252.46602,527.66736,274.07944,-0.010912251,-0.007993661,0.0015690568,10.681834,7.786667,2,24,1,0.9836404,1
15,18,1,0,0,-252.46602,527.66736,274.07944,-0.010912251,-0.007993661,0.0015690568,5.7875834,5.7858334,2,-1,0,0.9655587,1
15,15,1,1,0,-261.28613,576.8857,56.2728,0.015492803,-0.0011745493,0.0086032115,16.851202,16.91,2,25,1,0.9672152,1
15,8,0,0,0,0.0,0.0,0.0,0.0,0.0,0.0,2.1533403,2.1269445,2,-1,0,0.11575488,0
15,27,0,0,0,0.0,0.0,0.0,0.0,0.0,0.0,2.1002362,2.1388888,2,-1,0,0.08389977,0
15,15,0,0,0,0.0,0.0,0.0,0.0,0.0,0.0,2.0989652,2.1408334,2,-1,0,0.0667053,0
15,35,0,0,0,0.0,0.0,0.0,0.0,0.0,0.0,2.1530137,2.1483333,2,-1,0,0.046429798,0
15,24,0,0,0,0.0,0.0,0.0,0.0,0.0,0.0,2.2008612,2.166111,2,-1,0,0.2049664,0
15,30,0,0,0,0.0,0.0,0.0,0.0,0.0,0.0,2.445771,2.4575,2,-1,0,0.05901057,0
15,11,0,0,0,0.0,0.0,0.0,0.0,0.0,0.0,2.0751112,2.0730555,2,-1,0,0.12337198,0
15,8,0,0,0,0.0,0.0,0.0,0.0,0.0,0.0,2.187743,2.2113888,2,-1,0,0.09137347,0
15,24,0,0,0,0.0,0.0,0.0,0.0,0.0,0.0,2.4663959,2.4097223,2,-1,0,0.06669193,0
15,12,0,0,0,0.0,0.0,0.0,0.0,0.0,0.0,2.3809094,2.4113889,2,-1,0,0.32017848,0
15,6,1,1,0,-279.56775,256.2222,151.0973,-0.0120719215,-0.008388176,-0.0059359684,12.512222,12.542222,2,26,1,0.958888,1
15,13,0,0,0,0.0,0.0,0.0,0.0,0.0,0.0,2.3579724,2.4127777,2,-1,0,0.12972903,0
15,8,1,1,0,-297.2514,-141.32452,59.130814,0.0057644835,0.031055965,0.013013127,19.226755,19.177221,2,27,1,0.9836066,1
15,22,1,1,0,287.90356,-219.26544,205.83212,3.8768036e-07,-0.0048429575,-0.018293602,19.05516,19.112778,2,28,1,0.9859346,1
15,36,0,0,0,0.0,0.0,0.0,0.0,0.0,0.0,2.0950346,2.1308334,2,-1,0,0.11084027,0
15,29,1,1,0,290.22498,-423.8608,23.923128,0.010196467,0.0007351137,-0.019007338,21.974659,20.238333,2,29,1,0.9902085,1
15,10,0,0,0,0.0,0.0,0.0,0.0,0.0,0.0,2.294764,2.3241668,2,-1,0,0.10256076,0
15,14,0,0,0,0.0,0.0,0.0,0.0,0.0,0.0,2.1474445,2.1591666,2,-1,0,0.072983265,0
15,8,1,0,0,-297.2514,-141.32452,59.130814,0.0057644835,0.031055965,0.013013127,12.070035,11.875,2,-1,0,0.98918086,1
15,27,0,0,0,0.0,0.0,0.0,0.0,0.0,0.0,8.450542,-1.0,2,-1,0,0.98543566,1
15,14,0,0,0,0.0,0.0,0.0,0.0,0.0,0.0,2.0714512,2.1141667,2,-1,0,0.16981,0
15,9,1,1,0,311.02628,167.50934,231.0693,-0.020176087,-0.0058228425,0.010478317,10.760083,10.784166,2,30,1,0.98930687,1
15,5,0,0,0,0.0,0.0,0.0,0.0,0.0,0.0,2.4170833,2.3294444,2,-1,0,0.099541396,0
15,29,0,0,0,0.0,0.0,0.0,0.0,0.0,0.0,2.1510277,2.1566668,2,-1,0,0.07139904,0
15,23,0,0,0,0.0,0.0,0.0,0.0,0.0,0.0,2.4568613,2.4608333,2,-1,0,0.09409473,0
15,2,1,1,0,310.41763,-361.07547,0.6238802,0.0060863798,0.009345404,0.004501696,10.276556,8.3116665,2,31,1,0.96422654,1
15,2,1,0,0,310.41763,-361.07547,0.6238802,0.0060863798,0.009345404,0.004501696,2.6813612,1.1380556,2,-1,0,0.3204106,0
15,27,0,0,0,0.0,0.0,0.0,0.0,0.0,0.0,2.258618,2.2105556,2,-1,0,0.1170904,0
15,17,0,0,0,0.0,0.0,0.0,0.0,0.0,0.0,2.5717778,2.6541667,2,-1,0,0.12601677,0
15,32,0,0,0,0.0,0.0,0.0,0.0,0.0,0.0,2.2522223,2.286111,2,-1,0,0.11211077,0
15,28,0,0,0,0.0,0.0,0.0,0.0,0.0,0.0,1.9545556,2.0741668,2,-1,0,0.085610874,0
15,21,1,1,0,-319.30414,-443.37952,259.198,-0.013068107,-0.010032127,0.014010284,17.926716,17.872778,2,32,1,0.9299423,1
15,17,1,1,0,321.06137,132.5319,394.27878,0.011358224,0.012201653,-0.014121351,18.869646,16.14889,2,33,1,0.9977196,1
15,27,1,1,0,300.32184,-447.98233,221.13837,0.007932014,-0.0035425783,-0.0006148385,2.2040973,2.2505555,2,34,1,0.104101256,0
15,30,0,0,0,0.0,0.0,0.0,0.0,0.0,0.0,2.3607638,2.3547223,2,-1,0,0.13066553,0
15,10,1,0,0,-329.70816,24.97134,216.87502,0.004423273,0.024655668,-0.021925086,13.733791,13.744722,2,-1,0,0.98344153,1
15,10,1,1,0,-329.70816,24.97134,216.87502,0.004423273,0.024655668,-0.021925086,16.925346,13.104722,2,35,1,0.99699557,1
15,10,1,0,0,-329.70816,24.97134,216.87502,0.004423273,0.024655668,-0.021925086,3.036146,3.045,2,-1,0,0.77747613,1
15,21,1,0,0,-319.30414,-443.37952,259.198,-0.013068107,-0.010032127,0.014010284,3.3476944,3.3494444,2,-1,0,0.97464675,1
15,4,0,0,0,0.0,0.0,0.0,0.0,0.0,0.0,2.124903,2.1441667,2,-1,0,0.08003187,0
15,14,0,0,0,0.0,0.0,0.0,0.0,0.0,0.0,2.2060554,2.1388888,2,-1,0,0.05145841,0
15,38,0,0,0,0.0,0.0,0.0,0.0,0.0,0.0,2.209,2.1713889,2,-1,0,0.0939439,0
15,11,1,1,0,-333.2749,-92.398544,389.74887,-0.0134834265,0.008157144,-0.0007124745,11.507292,2.932778,2,36,1,0.9846298,1
15,29,0,0,0,0.0,0.0,0.0,0.0,0.0,0.0,2.0167918,2.0372221,2,-1,0,0.1285211,0
15,37,1,0,0,341.42166,-218.75241,40.31142,0.011489169,0.040882263,-0.0037590421,10.177097,10.113055,2,-1,0,0.96238923,1
15,37,1,0,0,341.42166,-218.75241,40.31142,0.011489169,0.040882263,-0.0037590421,13.511348,13.5325,2,-1,0,0.92981696,1
15,19,0,0,0,0.0,0.0,0.0,0.0,0.0,0.0,2.7686877,2.7658334,2,-1,0,0.3020154,0
15,37,0,0,0,0.0,0.0,0.0,0.0,0.0,0.0,2.6395762,2.5,2,-1,0,0.069872424,0
15,5,0,0,0,0.0,0.0,0.0,0.0,0.0,0.0,2.022882,2.058889,2,-1,0,0.07622875,0
15,36,1,1,0,-347.19656,-459.2661,406.62808,-0.0035293826,-0.018256888,-0.005704463,12.552729,11.872778,2,37,1,0.9674466,1
15,8,0,0,0,0.0,0.0,0.0,0.0,0.0,0.0,2.189632,2.1794446,2,-1,0,0.061950564,0
15,36,1,0,0,-347.19656,-459.2661,406.62808,-0.0035293826,-0.018256888,-0.005704463,6.574069,6.4205556,2,-1,0,0.9836089,1
15,37,1,0,0,341.42166,-218.75241,40.31142,0.011489169,0.040882263,-0.0037590421,3.6003125,3.578889,2,-1,0,0.9695859,1
15,37,1,1,0,341.42166,-218.75241,40.31142,0.011489169,0.040882263,-0.0037590421,13.861534,13.776667,2,38,1,0.98354775,1
15,18,0,0,0,0.0,0.0,0.0,0.0,0.0,0.0,2.1647432,2.293611,2,-1,0,0.112332724,0
15,33,0,0,0,0.0,0.0,0.0,0.0,0.0,0.0,2.2566805,2.1894445,2,-1,0,0.049185783,0
15,34,1,0,0,70.037544,-311.83337,612.0121,0.016055204,-0.01551786,0.030456198,2.1670277,2.1733334,2,-1,0,0.10123057,0
15,34,1,1,0,70.037544,-311.83337,612.0121,0.016055204,-0.01551786,0.030456198,2.8030832,2.7641666,2,39,1,0.13459803,0
15,5,0,0,0,0.0,0.0,0.0,0.0,0.0,0.0,2.113771,2.0647223,2,-1,0,0.09866492,0
15,1,0,0,0,0.0,0.0,0.0,0.0,0.0,0.0,2.212368,2.208611,2,-1,0,0.11114998,0
15,35,0,0,0,0.0,0.0,0.0,0.0,0.0,0.0,2.3176665,2.301389,2,-1,0,0.18006498,0
15,15,0,0,0,0.0,0.0,0.0,0.0,0.0,0.0,2.2093055,2.2808332,2,-1,0,0.12289958,0
15,15,0,0,0,0.0,0.0,0.0,0.0,0.0,0.0,2.6299098,0.57805556,2,-1,0,0.7215791,1
15,24,0,0,0,0.0,0.0,0.0,0.0,0.0,0.0,2.2510417,2.32,2,-1,0,0.18208192,0
15,2,0,0,0,0.0,0.0,0.0,0.0,0.0,0.0,2.080875,2.0527778,2,-1,0,0.055226102,0
15,40,0,0,0,0.0,0.0,0.0,0.0,0.0,0.0,2.1569166,2.1063888,2,-1,0,0.12867104,0
15,37,0,0,0,0.0,0.0,0.0,0.0,0.0,0.0,2.0240278,2.0072222,2,-1,0,0.10811904,0
15,38,0,0,0,0.0,0.0,0.0,0.0,0.0,0.0,2.2014027,2.2161112,2,-1,0,0.09336932,0
15,38,0,0,0,0.0,0.0,0.0,0.0,0.0,0.0,2.4235277,2.547778,2,-1,0,0.4684132,0
15,13,0,0,0,0.0,0.0,0.0,0.0,0.0,0.0,2.5669863,2.5075,2,-1,0,0.15738872,0
15,14,0,0,0,0.0,0.0,0.0,0.0,0.0,0.0,2.2408125,2.205,2,-1,0,0.02750165,0
15,13,0,0,0,0.0,0.0,0.0,0.0,0.0,0.0,2.045375,2.0491667,2,-1,0,0.08689749,0
15,36,0,0,0,0.0,0.0,0.0,0.0,0.0,0.0,2.2001388,2.202222,2,-1,0,0.10680327,0
15,19,0,0,0,0.0,0.0,0.0,0.0,0.0,0.0,2.1127431,2.0538888,2,-1,0,0.04866679,0
15,27,0,0,0,0.0,0.0,0.0,0.0,0.0,0.0,2.2718887,2.2597222,2,-1,0,0.0782639,0
16,4,1,1,0,-6.507129,-218.8221,250.85683,-0.009109801,-0.03513823,-0.035310023,50.123486,49.02139,2,0,1,1.0,1
16,4,1,0,0,-6.507129,-218.8221,250.85683,-0.009109801,-0.03513823,-0.035310023,2.379375,2.4066668,2,-1,0,0.108522944,0
16,39,0,0,0,0.0,0.0,0.0,0.0,0.0,0.0,2.6980555,2.8688889,2,-1,0,0.4439335,0
16,4,1,0,0,-6.507129,-218.8221,250.85683,-0.009109801,-0.03513823,-0.035310023,7.1610827,7.1666665,2,-1,0,0.99908376,1
16,25,0,0,0,0.0,0.0,0.0,0.0,0.0,0.0,2.2645833,2.2261112,2,-1,0,0.02802987,0
16,17,0,0,0,0.0,0.0,0.0,0.0,0.0,0.0,2.0628195,2.0038888,2,-1,0,0.095055945,0
16,4,0,0,0,0.0,0.0,0.0,0.0,0.0,0.0,2.5441458,2.5533333,2,-1,0,0.22494069,0
16,4,0,0,0,0.0,0.0,0.0,0.0,0.0,0.0,2.0956388,2.1158333,2,-1,0,0.12456345,0
16,1,0,0,0,0.0,0.0,0.0,0.0,0.0,0.0,2.2205276,2.22,2,-1,0,0.10191619,0
16,32,0,0,0,0.0,0.0,0.0,0.0,0.0,0.0,2.3115764,2.4025,2,-1,0,0.115855075,0
16,14,0,0,0,0.0,0.0,0.0,0.0,0.0,0.0,2.3497498,2.2608333,2,-1,0,0.1317655,0
16,1,0,0,0,0.0,0.0,0.0,0.0,0.0,0.0,2.3464165,2.3527777,2,-1,0,0.24721904,0
16,32,0,0,0,0.0,0.0,0.0,0.0,0.0,0.0,2.3180208,2.2925,2,-1,0,0.09571769,0
16,28,1,1,0,53.137184,568.9418,31.369482,0.0044969358,0.0039923275,0.001760033,6.871167,6.765,2,1,1,0.9824882,1
16,24,1,0,0,61.74483,-188.64555,101.20311,0.015359177,0.020490486,0.026879262,1.9487222,2.0105555,2,-1,0,0.07733621,0
16,35,0,0,0,0.0,0.0,0.0,0.0,0.0,0.0,2.1186666,2.0644445,2,-1,0,0.09278388,0
16,17,1,1,0,61.61231,455.69443,63.137333,-0.003000708,-0.014715539,-0.015822535,23.452797,23.275833,2,2,1,0.9998896,1
16,35,0,0,0,0.0,0.0,0.0,0.0,0.0,0.0,2.512167,2.4458334,2,-1,0,0.06001145,0
16,17,1,0,0,61.61231,455.69443,63.137333,-0.003000708,-0.014715539,-0.015822535,6.5260625,6.542778,2,-1,0,0.9929097,1
16,24,1,1,0,61.74483,-188.64555,101.20311,0.015359177,0.020490486,0.026879262,42.141457,41.745834,2,3,1,0.9974201,1
16,33,0,0,0,0.0,0.0,0.0,0.0,0.0,0.0,2.534375,2.6333334,2,-1,0,0.1189972,0
16,20,0,0,0,0.0,0.0,0.0,0.0,0.0,0.0,2.2788196,2.286111,2,-1,0,0.100647666,0
16,14,0,0,0,0.0,0.0,0.0,0.0,0.0,0.0,2.6211457,2.5852778,2,-1,0,0.7054156,1
16,3,1,0,0,86.785835,446.15082,292.45798,0.004026813,-0.007979533,-0.015516845,2.210125,2.0930555,2,-1,0,0.10599017,0
16,4,0,0,0,0.0,0.0,0.0,0.0,0.0,0.0,2.216,2.196389,2,-1,0,0.0986173,0
16,3,1,0,0,86.785835,446.15082,292.45798,0.004026813,-0.007979533,-0.015516845,4.850374,4.8830557,2,-1,0,0.9925827,1
16,3,1,1,0,86.785835,446.15082,292.45798,0.004026813,-0.007979533,-0.015516845,6.5646043,6.570833,2,4,1,0.99359185,1
16,3,1,0,0,86.785835,446.15082,292.45798,0.004026813,-0.007979533,-0.015516845,6.3492637,6.284167,2,-1,0,0.9943145,1
16,34,1,1,0,72.9282,-236.28651,378.47107,0.013704225,-0.00082259055,0.00783158,4.1811395,4.0241666,2,5,1,0.95778185,1
16,34,1,0,0,72.9282,-236.28651,378.47107,0.013704225,-0.00082259055,0.00783158,2.6578333,2.5291667,2,-1,0,0.15480289,0
16,28,1,0,0,53.137184,568.9418,31.369482,0.0044969358,0.0039923275,0.001760033,5.3215346,5.1752777,2,-1,0,0.9573057,1
16,24,1,0,0,61.74483,-188.64555,101.20311,0.015359177,0.020490486,0.026879262,2.7365973,2.728889,2,-1,0,0.3509788,0
16,16,0,0,0,0.0,0.0,0.0,0.0,0.0,0.0,2.1790416,2.2377777,2,-1,0,0.110369064,0
16,37,0,0,0,0.0,0.0,0.0,0.0,0.0,0.0,2.0342987,2.0844445,2,-1,0,0.06386339,0
16,11,0,0,0,0.0,0.0,0.0,0.0,0.0,0.0,2.6477084,2.7155557,2,-1,0,0.09719771,0
16,20,1,0,0,-121.28448,61.95914,448.5898,0.020931536,-0.026370611,0.0019969298,3.303944,3.303611,2,-1,0,0.84768057,1
16,27,1,1,0,116.246414,358.41736,203.99641,0.001496666,-0.015014151,-0.031249112,39.16271,39.221943,2,6,1,0.99939024,1
16,18,0,0,0,0.0,0.0,0.0,0.0,0.0,0.0,2.57659,2.5738888,2,-1,0,0.37314326,0
16,20,1,1,0,-121.28448,61.95914,448.5898,0.020931536,-0.026370611,0.0019969298,32.19377,32.195557,2,7,1,0.9690962,1
16,10,0,0,0,0.0,0.0,0.0,0.0,0.0,0.0,2.4447916,2.504722,2,-1,0,0.16073374,0
16,20,1,0,0,-121.28448,61.95914,448.5898,0.020931536,-0.026370611,0.0019969298,3.5047498,3.6097221,2,-1,0,0.9259015,1
16,34,0,0,0,0.0,0.0,0.0,0.0,0.0,0.0,2.8773334,2.7952778,2,-1,0,0.16805878,0
16,2,0,0,0,0.0,0.0,0.0,0.0,0.0,0.0,2.4807363,2.5222223,2,-1,0,0.10375175,0
16,28,0,0,0,0.0,0.0,0.0,0.0,0.0,0.0,3.0884721,3.0230556,2,-1,0,0.38614678,0
16,8,1,1,0,132.14307,579.97833,40.690796,0.008133047,0.015080519,0.0044585494,18.780117,15.528055,2,8,1,0.98456305,1
16,16,1,0,0,134.05191,537.9348,233.47398,0.0052961563,-0.012346597,0.008291233,4.4036736,4.352778,2,-1,0,0.98888665,1
16,1,0,0,0,0.0,0.0,0.0,0.0,0.0,0.0,2.1377292,2.128611,2,-1,0,0.09853434,0
16,24,0,0,0,0.0,0.0,0.0,0.0,0.0,0.0,2.2103264,2.1958334,2,-1,0,0.08246217,0
16,9,0,0,0,0.0,0.0,0.0,0.0,0.0,0.0,2.034257,2.0291667,2,-1,0,0.037392497,0
16,16,1,1,0,134.05191,537.9348,233.47398,0.0052961563,-0.012346597,0.008291233,18.048674,15.070833,2,9,1,0.9988896,1
16,19,0,0,0,0.0,0.0,0.0,0.0,0.0,0.0,2.2914028,2.271111,2,-1,0,0.115919754,0
16,4,0,0,0,0.0,0.0,0.0,0.0,0.0,0.0,2.6047776,2.6788888,2,-1,0,0.40173018,0
16,2,0,0,0,0.0,0.0,0.0,0.0,0.0,0.0,2.203153,2.1291666,2,-1,0,0.08041066,0
16,9,0,0,0,0.0,0.0,0.0,0.0,0.0,0.0,2.3324723,2.31,2,-1,0,0.11054559,0
16,32,0,0,0,0.0,0.0,0.0,0.0,0.0,0.0,2.0110834,2.03,2,-1,0,0.10587669,0
16,22,0,0,0,0.0,0.0,0.0,0.0,0.0,0.0,2.2039168,2.1333334,2,-1,0,0.10012894,0
16,13,0,0,0,0.0,0.0,0.0,0.0,0.0,0.0,2.9697778,2.9244444,2,-1,0,0.4724514,0
16,7,0,0,0,0.0,0.0,0.0,0.0,0.0,0.0,2.092111,2.071389,2,-1,0,0.085404806,0
16,22,0,0,0,0.0,0.0,0.0,0.0,0.0,0.0,2.3900695,2.3902779,2,-1,0,0.08661205,0
16,10,0,0,0,0.0,0.0,0.0,0.0,0.0,0.0,2.1686597,2.131389,2,-1,0,0.15357392,0
16,15,1,1,0,-165.10527,16.001125,449.3988,0.0078915665,0.0139816385,-0.0061686444,10.844798,10.791111,2,10,1,0.997654,1
16,15,1,0,0,-165.10527,16.001125,449.3988,0.0078915665,0.0139816385,-0.0061686444,6.6333404,6.528333,2,-1,0,0.9886475,1
16,9,0,0,0,0.0,0.0,0.0,0.0,0.0,0.0,2.3809721,2.3911111,2,-1,0,0.06886782,0
16,33,1,1,0,165.56241,182.99225,188.37508,0.011426857,0.003946391,-0.014139047,18.444729,17.585833,2,11,1,0.97950864,1
16,32,0,0,0,0.0,0.0,0.0,0.0,0.0,0.0,2.0704029,2.0686111,2,-1,0,0.07451471,0
16,37,1,1,0,189.50739,-53.224678,267.8431,-0.013718388,-0.014987877,-0.002902344,22.482721,22.133888,2,12,1,0.9999546,1
16,38,0,0,0,0.0,0.0,0.0,0.0,0.0,0.0,25.835464,-1.0,2,-1,0,0.9907171,1
16,30,0,0,0,0.0,0.0,0.0,0.0,0.0,0.0,2.3193889,2.3177779,2,-1,0,0.09082502,0
16,10,1,1,0,-196.98047,-193.63965,453.45706,-0.008733979,-0.0036503328,0.008742086,12.330937,11.425,2,13,1,0.9420816,1
16,7,1,0,0,218.7272,480.35965,265.411,0.01641856,0.01294796,0.016449738,2.1869168,2.0455556,2,-1,0,0.41728926,0
16,10,1,0,0,-196.98047,-193.63965,453.45706,-0.008733979,-0.0036503328,0.008742086,2.067514,2.0625,2,-1,0,0.073303625,0
16,4,0,0,0,0.0,0.0,0.0,0.0,0.0,0.0,3.2235835,3.2355556,2,-1,0,0.1467393,0
16,12,1,1,0,205.17525,-487.60022,11.027851,0.007853085,-0.006171623,0.0042641265,13.034416,12.857223,2,14,1,0.9981982,1
16,3,0,0,0,0.0,0.0,0.0,0.0,0.0,0.0,2.116257,2.1208334,2,-1,0,0.088784195,0
16,19,0,0,0,0.0,0.0,0.0,0.0,0.0,0.0,2.120271,2.1547222,2,-1,0,0.10284595,0
16,17,1,0,0,42.670483,699.2379,77.88887,-0.003000708,-0.014715539,-0.015822535,8.423035,8.459167,2,-1,0,0.933129,1
16,38,0,0,0,0.0,0.0,0.0,0.0,0.0,0.0,2.0211668,-1.0,2,-1,0,0.08216822,0
16,21,1,1,0,210.69905,-288.14276,34.3051,-0.0070762723,0.015012268,0.0049857874,18.965853,19.172777,2,15,1,0.9949372,1
16,25,0,0,0,0.0,0.0,0.0,0.0,0.0,0.0,2.1659167,2.1152778,2,-1,0,0.032884058,0
16,5,0,0,0,0.0,0.0,0.0,0.0,0.0,0.0,2.4254444,2.3847222,2,-1,0,0.08862474,0
16,26,0,0,0,0.0,0.0,0.0,0.0,0.0,0.0,2.315861,2.243611,2,-1,0,0.11958498,0
16,40,1,1,0,222.74327,-473.03735,267.7214,-0.0133710345,-0.0073046163,0.015378378,18.554493,18.458334,2,16,1,0.9980788,1
16,14,1,0,0,-245.02602,-69.9652,249.10437,0.004988527,1.1586001e-05,0.014124507,2.1211736,2.0983334,2,-1,0,0.1025268,0
16,7,1,1,0,218.7272,480.35965,265.411,0.01641856,0.01294796,0.016449738,22.879444,22.953333,2,17,1,0.9360337,1
16,19,0,0,0,0.0,0.0,0.0,0.0,0.0,0.0,2.1865277,2.2422223,2,-1,0,0.14084363,0
16,7,1,0,0,218.7272,480.35965,265.411,0.01641856,0.01294796,0.016449738,2.693771,1.4158334,2,-1,0,0.43138742,0
16,27,0,0,0,0.0,0.0,0.0,0.0,0.0,0.0,3.035361,3.0380557,2,-1,0,0.10158767,0
16,11,1,1,0,221.38254,-138.48172,188.26875,0.018137429,0.0061215907,-0.005359072,18.600098,18.51111,2,18,1,0.9966517,1
16,29,1,1,0,-222.33078,9.929413,442.7565,-7.0780916e-05,-0.0056527676,0.010669893,12.629868,12.388889,2,19,1,0.97756994,1
16,12,0,0,0,0.0,0.0,0.0,0.0,0.0,0.0,2.7585554,2.8425,2,-1,0,0.08782638,0
16,22,0,0,0,0.0,0.0,0.0,0.0,0.0,0.0,2.3384168,2.345,2,-1,0,0.11446349,0
16,26,1,1,0,231.86678,378.81635,17.851187,0.0012950288,0.0013065445,0.016202545,17.248993,17.314444,2,20,1,0.9771113,1
16,23,0,0,0,0.0,0.0,0.0,0.0,0.0,0.0,2.1029582,2.1380556,2,-1,0,0.11920448,0
16,2,0,0,0,0.0,0.0,0.0,0.0,0.0,0.0,2.2829862,2.2466667,2,-1,0,0.115352154,0
16,37,0,0,0,0.0,0.0,0.0,0.0,0.0,0.0,2.7018542,2.6933334,2,-1,0,0.21819666,0
16,14,1,1,0,-245.02602,-69.9652,249.10437,0.004988527,1.1586001e-05,0.014124507,12.4817705,12.598056,2,21,1,0.99526656,1
16,10,0,0,0,0.0,0.0,0.0,0.0,0.0,0.0,2.2386806,2.241111,2,-1,0,0.07392333,0
16,30,1,1,0,247.8577,-93.17092,283.0094,0.0082308715,0.0074717733,0.017764734,14.040458,14.145278,2,22,1,0.9868369,1
16,10,0,0,0,0.0,0.0,0.0,0.0,0.0,0.0,2.2301528,2.2252777,2,-1,0,0.088235125,0
16,1,1,1,0,-259.1213,354.62997,19.455208,0.026408112,-0.0012769526,-0.015627336,24.832972,24.616112,2,23,1,0.9979786,1
16,1,1,0,0,-259.1213,354.62997,19.455208,0.026408112,-0.0012769526,-0.015627336,5.156125,5.201389,2,-1,0,0.973422,1
16,35,1,1,0,251.04657,-298.26813,14.595762,-0.00029112684,-0.020208616,-0.0035230215,18.345867,15.34,2,24,1,0.99245596,1
16,9,1,1,0,-252.24896,-581.4348,334.93887,-0.015670447,-0.013027051,0.0054462277,18.719126,18.78111,2,25,1,0.95692813,1
16,37,0,0,0,0.0,0.0,0.0,0.0,0.0,0.0,2.4587917,2.406111,2,-1,0,0.18566345,0
16,14,1,0,0,-245.02602,-69.9652,249.10437,0.004988527,1.1586001e-05,0.014124507,2.3210974,2.3194444,2,-1,0,0.09828705,0
16,9,1,0,0,-252.24896,-581.4348,334.93887,-0.015670447,-0.013027051,0.0054462277,2.4789724,2.468889,2,-1,0,0.12031522,0
16,26,0,0,0,0.0,0.0,0.0,0.0,0.0,0.0,2.4358332,2.4819446,2,-1,0,0.042497214,0
16,11,0,0,0,0.0,0.0,0.0,0.0,0.0,0.0,2.6225,2.6747222,2,-1,0,0.11860732,0
16,22,1,1,0,-262.9567,550.2356,428.84158,-0.020398475,-0.014827619,-0.017663311,21.073868,20.292778,2,26,1,0.9976,1
16,19,1,0,0,-268.79895,-1.826853,284.41394,0.011992643,-0.020935409,-0.011487775,5.494375,5.733611,2,-1,0,0.98065794,1
16,35,0,0,0,0.0,0.0,0.0,0.0,0.0,0.0,1.906132,1.77,2,-1,0,0.02656035,0
16,19,1,1,0,-268.79895,-1.826853,284.41394,0.011992643,-0.020935409,-0.011487775,17.741756,17.409721,2,27,1,0.99110854,1
16,40,0,0,0,0.0,0.0,0.0,0.0,0.0,0.0,2.2961667,2.2863889,2,-1,0,0.07624666,0
16,28,0,0,0,0.0,0.0,0.0,0.0,0.0,0.0,2.2709723,2.3355556,2,-1,0,0.087030426,0
16,30,1,0,0,247.8577,-93.17092,283.0094,0.0082308715,0.0074717733,0.017764734,3.2943332,3.3475,2,-1,0,0.619973,1
16,34,0,0,0,0.0,0.0,0.0,0.0,0.0,0.0,2.0282917,2.0602777,2,-1,0,0.10884414,0
16,23,1,1,0,283.15955,-515.4145,321.24518,-0.007762177,0.007997238,0.0008662837,10.848473,10.858611,2,28,1,0.9746823,1
16,15,0,0,0,0.0,0.0,0.0,0.0,0.0,0.0,2.1781735,2.2372222,2,-1,0,0.087050624,0
16,22,0,0,0,0.0,0.0,0.0,0.0,0.0,0.0,2.4877288,2.4777777,2,-1,0,0.27456382,0
16,2,1,1,0,285.3844,-510.91937,309.03934,-0.0075795525,-0.0009569011,-0.0024228254,7.9812016,7.9958334,2,29,1,0.9785346,1
16,34,0,0,0,0.0,0.0,0.0,0.0,0.0,0.0,11.867181,-1.0,2,-1,0,0.9931514,1
16,30,1,0,0,247.8577,-93.17092,283.0094,0.0082308715,0.0074717733,0.017764734,2.4035697,2.4058332,2,-1,0,0.027852103,0
16,34,0,0,0,0.0,0.0,0.0,0.0,0.0,0.0,3.2560902,-1.0,2,-1,0,0.94847006,1
16,22,1,0,0,-262.9567,550.2356,428.84158,-0.020398475,-0.014827619,-0.017663311,4.0181875,4.0322223,2,-1,0,0.97280157,1
16,15,0,0,0,0.0,0.0,0.0,0.0,0.0,0.0,2.5821252,2.5,2,-1,0,0.16989331,0
16,2,1,0,0,285.3844,-510.91937,309.03934,-0.0075795525,-0.0009569011,-0.0024228254,2.0540557,2.021111,2,-1,0,0.12067134,0
16,21,0,0,0,0.0,0.0,0.0,0.0,0.0,0.0,2.0470834,2.0038888,2,-1,0,0.07971727,0
16,15,0,0,0,0.0,0.0,0.0,0.0,0.0,0.0,2.5397012,2.5097222,2,-1,0,0.16016164,0
16,23,0,0,0,0.0,0.0,0.0,0.0,0.0,0.0,2.2837641,2.2797222,2,-1,0,0.12766539,0
16,31,0,0,0,0.0,0.0,0.0,0.0,0.0,0.0,2.8515835,2.7683334,2,-1,0,0.18138994,0
16,31,0,0,0,0.0,0.0,0.0,0.0,0.0,0.0,2.7961805,2.8130555,2,-1,0,0.12766062,0
16,2,0,0,0,0.0,0.0,0.0,0.0,0.0,0.0,2.0695972,2.0483334,2,-1,0,0.056237254,0
16,38,0,0,0,0.0,0.0,0.0,0.0,0.0,0.0,2.1288888,2.101389,2,-1,0,0.11727449,0
16,8,0,0,0,0.0,0.0,0.0,0.0,0.0,0.0,2.3523054,2.4180555,2,-1,0,0.15263352,0
16,10,0,0,0,0.0,0.0,0.0,0.0,0.0,0.0,2.3874164,2.3844445,2,-1,0,0.09054583,0
16,6,1,1,0,-312.67383,397.6767,132.95602,-0.022055961,-0.0102598965,0.03167751,22.013681,21.847221,2,30,1,0.99909306,1
16,6,1,0,0,-312.67383,397.6767,132.95602,-0.022055961,-0.0102598965,0.03167751,14.659841,14.939722,2,-1,0,0.98038447,1
16,31,1,1,0,-317.46558,-319.50592,362.88525,0.014163625,-0.020163743,0.0013666501,26.855318,26.866945,2,31,1,0.99339175,1
16,39,0,0,0,0.0,0.0,0.0,0.0,0.0,0.0,2.0727222,2.0355556,2,-1,0,0.09176116,0
16,25,1,0,0,316.60672,139.43677,255.36809,0.0058307326,5.0605093e-05,-0.011717209,3.448875,2.2513888,2,-1,0,0.9732636,1
16,25,1,1,0,316.60672,139.43677,255.36809,0.0058307326,5.0605093e-05,-0.011717209,8.309882,8.405,2,32,1,0.98962057,1
16,31,1,0,0,-317.46558,-319.50592,362.88525,0.014163625,-0.020163743,0.0013666501,2.1598334,1.8863889,2,-1,0,0.44341442,0
16,34,0,0,0,0.0,0.0,0.0,0.0,0.0,0.0,2.853354,-1.0,2,-1,0,0.20927551,0
16,5,1,1,0,322.22757,437.4175,198.9319,-0.011643901,0.008508666,-0.00772234,15.468068,15.259722,2,33,1,0.9926685,1
16,32,1,0,0,322.69354,-41.836033,361.55283,0.0056681046,0.0055270544,0.017217485,8.843562,8.816389,2,-1,0,0.99473614,1
16,23,0,0,0,0.0,0.0,0.0,0.0,0.0,0.0,2.0870833,2.135,2,-1,0,0.12290904,0
16,32,1,1,0,322.69354,-41.836033,361.55283,0.0056681046,0.0055270544,0.017217485,9.733209,9.913055,2,34,1,0.9579127,1
16,6,0,0,0,0.0,0.0,0.0,0.0,0.0,0.0,2.599854,2.5158334,2,-1,0,0.10907,0
16,30,0,0,0,0.0,0.0,0.0,0.0,0.0,0.0,2.1740277,2.141389,2,-1,0,0.08677899,0
16,11,0,0,0,0.0,0.0,0.0,0.0,0.0,0.0,2.1160555,2.0558333,2,-1,0,0.080263995,0
16,3,0,0,0,0.0,0.0,0.0,0.0,0.0,0.0,2.029389,2.1025,2,-1,0,0.060253873,0
16,20,0,0,0,0.0,0.0,0.0,0.0,0.0,0.0,2.6404443,2.6683333,2,-1,0,0.105004914,0
16,3,0,0,0,0.0,0.0,0.0,0.0,0.0,0.0,2.2738194,2.2766666,2,-1,0,0.23627073,0
16,25,0,0,0,0.0,0.0,0.0,0.0,0.0,0.0,2.0542707,2.0241666,2,-1,0,0.08218702,0
16,3,0,0,0,0.0,0.0,0.0,0.0,0.0,0.0,2.0081875,2.1022222,2,-1,0,0.1405451,0
16,36,1,1,0,-352.5492,188.26486,164.75203,-0.000667026,0.017608866,-0.0136118205,16.977036,9.745833,2,35,1,0.97183704,1
16,36,1,0,0,-352.5492,188.26486,164.75203,-0.000667026,0.017608866,-0.0136118205,6.308403,3.6452777,2,-1,0,0.9777504,1
16,18,1,1,0,353.59836,91.602776,179.8714,0.018543951,0.018789839,0.00035265923,18.211014,18.137222,2,36,1,0.99996924,1
16,28,0,0,0,0.0,0.0,0.0,0.0,0.0,0.0,2.1649444,2.1469445,2,-1,0,0.09663114,0
16,13,1,1,0,-355.99814,67.89694,258.19012,-0.023900464,0.01737726,-0.0025051457,17.527473,17.564167,2,37,1,0.99677616,1
16,18,1,0,0,353.59836,91.602776,179.8714,0.018543951,0.018789839,0.00035265923,5.3739376,5.36,2,-1,0,0.97182626,1
16,1,0,0,0,0.0,0.0,0.0,0.0,0.0,0.0,2.2984304,2.363889,2,-1,0,0.11609556,0
16,27,0,0,0,0.0,0.0,0.0,0.0,0.0,0.0,2.0185277,2.0194445,2,-1,0,0.067522205,0
16,38,0,0,0,0.0,0.0,0.0,0.0,0.0,0.0,2.2782083,2.18,2,-1,0,0.1563834,0
16,23,0,0,0,0.0,0.0,0.0,0.0,0.0,0.0,2.1749446,2.1594443,2,-1,0,0.098088816,0
16,8,0,0,0,0.0,0.0,0.0,0.0,0.0,0.0,2.2499027,2.2780557,2,-1,0,0.12289419,0
16,36,0,0,0,0.0,0.0,0.0,0.0,0.0,0.0,2.7772498,2.7986112,2,-1,0,0.18257105,0
16,19,0,0,0,0.0,0.0,0.0,0.0,0.0,0.0,2.0254583,2.0694444,2,-1,0,0.0641543,0
16,20,0,0,0,0.0,0.0,0.0,0.0,0.0,0.0,2.1657014,2.1380556,2,-1,0,0.10803521,0
16,26,0,0,0,0.0,0.0,0.0,0.0,0.0,0.0,2.186271,2.25,2,-1,0,0.087358825,0
16,32,0,0,0,0.0,0.0,0.0,0.0,0.0,0.0,2.117861,2.18,2,-1,0,0.06255425,0
16,11,0,0,0,0.0,0.0,0.0,0.0,0.0,0.0,2.139139,2.0911112,2,-1,0,0.10155533,0
16,28,1,0,0,-379.0743,587.01556,30.20322,0.0044969358,0.0039923275,0.001760033,4.2204304,4.283056,2,-1,0,0.9149097,1
16,25,0,0,0,0.0,0.0,0.0,0.0,0.0,0.0,2.58275,2.6605556,2,-1,0,0.2406391,0
16,12,0,0,0,0.0,0.0,0.0,0.0,0.0,0.0,2.1302502,2.0725,2,-1,0,0.07718242,0
16,36,0,0,0,0.0,0.0,0.0,0.0,0.0,0.0,2.0833192,2.031111,2,-1,0,0.10471124,0
16,13,0,0,0,0.0,0.0,0.0,0.0,0.0,0.0,1.9837153,2.0427778,2,-1,0,0.08495582,0
16,23,0,0,0,0.0,0.0,0.0,0.0,0.0,0.0,2.3219583,2.3130555,2,-1,0,0.09977172,0
17,21,1,1,0,7.2297177,-507.65695,446.09256,-0.017954795,-0.01668622,0.0040048435,13.519438,12.761111,2,0,1,0.9928405,1
17,39,0,0,0,0.0,0.0,0.0,0.0,0.0,0.0,2.118757,2.139722,2,-1,0,0.08862179,0
17,34,0,0,0,0.0,0.0,0.0,0.0,0.0,0.0,1.9641321,2.031389,2,-1,0,0.09994422,0
17,35,1,1,0,9.619477,-530.14355,10.908604,-0.009333863,-0.008333659,-0.014099911,5.2839165,5.217222,2,1,1,0.9847707,1
17,37,1,1,0,-13.515553,19.85871,358.3364,0.012568459,0.0025526811,-0.0013675845,18.988222,15.907778,2,2,1,0.98513883,1
17,4,0,0,0,0.0,0.0,0.0,0.0,0.0,0.0,2.087507,2.0958333,2,-1,0,0.10993923,0
17,7,1,1,0,11.888422,213.01938,32.512177,0.009477304,-0.009338927,-0.01354227,18.388485,18.491388,2,3,1,0.9717415,1
17,36,0,0,0,0.0,0.0,0.0,0.0,0.0,0.0,2.2668056,2.2638888,2,-1,0,0.11931155,0
17,29,0,0,0,0.0,0.0,0.0,0.0,0.0,0.0,2.4346945,2.3902779,2,-1,0,0.10536126,0
17,21,1,0,0,7.2297177,-507.65695,446.09256,-0.017954795,-0.01668622,0.0040048435,2.9069304,2.9541667,2,-1,0,0.18256567,0
17,39,0,0,0,0.0,0.0,0.0,0.0,0.0,0.0,16.557125,-1.0,2,-1,0,0.9967013,1
17,39,0,0,0,0.0,0.0,0.0,0.0,0.0,0.0,4.5768056,-1.0,2,-1,0,0.9933646,1
17,30,1,1,0,49.775017,-188.29288,227.02303,0.006711014,-0.008681851,-0.008204293,2.1482291,2.0908334,2,4,1,0.117128655,0
17,10,0,0,0,0.0,0.0,0.0,0.0,0.0,0.0,2.4986112,2.5130556,2,-1,0,0.06571621,0
17,29,1,1,0,-26.510614,-139.02269,98.46026,-0.022686835,0.00037519776,-0.013068842,26.453352,26.6325,2,5,1,0.7894889,1
17,39,0,0,0,0.0,0.0,0.0,0.0,0.0,0.0,3.90725,-1.0,2,-1,0,0.94152457,1
17,7,0,0,0,0.0,0.0,0.0,0.0,0.0,0.0,2.4112222,2.3558333,2,-1,0,0.15994413,0
17,17,0,0,0,0.0,0.0,0.0,0.0,0.0,0.0,2.1432083,2.0775,2,-1,0,0.13695566,0
17,40,1,0,0,42.402443,-561.55743,374.83926,0.0063378983,-0.008925899,0.02255701,7.374125,7.345556,2,-1,0,0.98186064,1
17,3,1,1,0,-35.30186,56.95431,362.23383,0.0053311675,-0.0141456695,0.004937085,18.152647,18.255556,2,6,1,0.9971404,1
17,9,1,0,0,-48.59231,-160.50175,120.46239,-0.025870288,-0.0019361275,-0.011613813,5.246382,5.2955556,2,-1,0,0.9699626,1
17,40,1,0,0,42.402443,-561.55743,374.83926,0.0063378983,-0.008925899,0.02255701,3.8705418,3.7047222,2,-1,0,0.7816479,1
17,40,1,1,0,42.402443,-561.55743,374.83926,0.0063378983,-0.008925899,0.02255701,18.774883,18.612223,2,7,1,0.9952565,1
17,40,1,0,0,42.402443,-561.55743,374.83926,0.0063378983,-0.008925899,0.02255701,4.098708,4.032778,2,-1,0,0.98658854,1
17,36,0,0,0,0.0,0.0,0.0,0.0,0.0,0.0,2.6528335,2.4930556,2,-1,0,0.1043558,0
17,9,0,0,0,0.0,0.0,0.0,0.0,0.0,0.0,2.1074584,2.1030555,2,-1,0,0.101114474,0
17,9,1,1,0,-48.59231,-160.50175,120.46239,-0.025870288,-0.0019361275,-0.011613813,32.310734,32.14111,2,8,1,0.999884,1
17,30,0,0,0,0.0,0.0,0.0,0.0,0.0,0.0,9.985988,-1.0,2,-1,0,0.99581957,1
17,23,0,0,0,0.0,0.0,0.0,0.0,0.0,0.0,2.1848195,2.1005557,2,-1,0,0.15979545,0
17,17,1,1,0,-51.785908,-297.56924,72.63377,0.0014430349,-0.009268584,0.007978845,15.441319,14.335,2,9,1,0.99736977,1
17,38,0,0,0,0.0,0.0,0.0,0.0,0.0,0.0,2.3859444,2.3411112,2,-1,0,0.15268777,0
17,38,0,0,0,0.0,0.0,0.0,0.0,0.0,0.0,2.0298126,2.0638888,2,-1,0,0.085989214,0
17,34,0,0,0,0.0,0.0,0.0,0.0,0.0,0.0,2.3738124,2.422778,2,-1,0,0.06869824,0
17,23,0,0,0,0.0,0.0,0.0,0.0,0.0,0.0,2.093896,2.116111,2,-1,0,0.09063357,0
17,4,1,1,0,-58.65448,-282.10907,172.74008,-0.009076118,-0.010356483,-0.026431082,31.425375,31.693056,2,10,1,0.9862547,1
17,12,0,0,0,0.0,0.0,0.0,0.0,0.0,0.0,2.409146,2.353611,2,-1,0,0.17416279,0
17,13,1,1,0,-64.37283,84.904564,123.18025,0.0078064115,0.020622885,0.013021584,18.477377,16.783611,2,11,1,0.9964418,1
17,13,1,0,0,-64.37283,84.904564,123.18025,0.0078064115,0.020622885,0.013021584,9.724485,9.678889,2,-1,0,0.98053735,1
17,14,0,0,0,0.0,0.0,0.0,0.0,0.0,0.0,2.6659513,2.711111,2,-1,0,0.09962392,0
17,36,0,0,0,0.0,0.0,0.0,0.0,0.0,0.0,2.1611667,2.2044444,2,-1,0,0.12015624,0
17,13,1,0,0,-64.37283,84.904564,123.18025,0.0078064115,0.020622885,0.013021584,3.179764,2.98,2,-1,0,0.5664009,1
17,7,0,0,0,0.0,0.0,0.0,0.0,0.0,0.0,2.1406112,2.136111,2,-1,0,0.080587365,0
17,2,0,0,0,0.0,0.0,0.0,0.0,0.0,0.0,2.5123334,2.438611,2,-1,0,0.13351086,0
17,4,1,0,0,-58.65448,-282.10907,172.74008,-0.009076118,-0.010356483,-0.026431082,2.1953335,2.246389,2,-1,0,0.11203626,0
17,18,1,1,0,70.3588,-517.06604,10.19365,0.0016176284,-0.004656031,0.015056713,18.679138,18.633333,2,12,1,0.98305273,1
17,31,0,0,0,0.0,0.0,0.0,0.0,0.0,0.0,2.0239446,2.0922222,2,-1,0,0.11984838,0
17,23,1,1,0,76.39619,-393.3403,421.8177,0.013769506,-0.008967846,-0.030472804,20.943027,21.004723,2,13,1,0.9886447,1
17,23,1,0,0,76.39619,-393.3403,421.8177,0.013769506,-0.008967846,-0.030472804,2.82,2.8216667,2,-1,0,0.20770709,0
17,11,0,0,0,0.0,0.0,0.0,0.0,0.0,0.0,2.0886528,2.0944445,2,-1,0,0.05892455,0
17,38,1,1,0,-88.51888,164.26285,172.02528,0.000264427,0.003312172,-0.0032311578,5.3271246,4.5855556,2,14,1,0.30302778,0
17,23,1,0,0,76.39619,-393.3403,421.8177,0.013769506,-0.008967846,-0.030472804,17.082659,16.930277,2,-1,0,0.9804366,1
17,24,0,0,0,0.0,0.0,0.0,0.0,0.0,0.0,2.0248334,2.106111,2,-1,0,0.01486573,0
17,33,1,0,0,107.82262,-70.03863,50.96348,-0.0022290456,-0.018965071,-0.015351605,2.0974305,2.1016667,2,-1,0,0.085344575,0
17,36,0,0,0,0.0,0.0,0.0,0.0,0.0,0.0,2.2433612,2.3163888,2,-1,0,0.17121582,0
17,17,0,0,0,0.0,0.0,0.0,0.0,0.0,0.0,2.0703404,2.0266666,2,-1,0,0.11766178,0
17,33,1,0,0,107.82262,-70.03863,50.96348,-0.0022290456,-0.018965071,-0.015351605,2.1324306,2.1877778,2,-1,0,0.07753951,0
17,23,0,0,0,0.0,0.0,0.0,0.0,0.0,0.0,2.263875,2.25,2,-1,0,0.12838319,0
17,7,0,0,0,0.0,0.0,0.0,0.0,0.0,0.0,2.2975485,2.386111,2,-1,0,0.054494027,0
17,33,1,1,0,107.82262,-70.03863,50.96348,-0.0022290456,-0.018965071,-0.015351605,22.086367,20.932777,2,15,1,0.99433446,1
17,39,0,0,0,0.0,0.0,0.0,0.0,0.0,0.0,2.8180556,2.8627777,2,-1,0,0.15065017,0
17,33,1,0,0,107.82262,-70.03863,50.96348,-0.0022290456,-0.018965071,-0.015351605,2.3687363,2.3583333,2,-1,0,0.008552037,0
17,40,0,0,0,0.0,0.0,0.0,0.0,0.0,0.0,2.4407222,2.4094443,2,-1,0,0.15073009,0
17,14,0,0,0,0.0,0.0,0.0,0.0,0.0,0.0,2.2842503,2.3325,2,-1,0,0.097204044,0
17,22,0,0,0,0.0,0.0,0.0,0.0,0.0,0.0,2.6139793,2.611389,2,-1,0,0.062049925,0
17,20,1,1,0,117.6656,154.49786,307.14758,0.005383459,0.02018547,-0.019378187,29.57504,29.478056,2,16,1,0.9965262,1
17,2,0,0,0,0.0,0.0,0.0,0.0,0.0,0.0,2.1879306,2.2383332,2,-1,0,0.063001625,0
17,14,0,0,0,0.0,0.0,0.0,0.0,0.0,0.0,2.1125,2.0275,2,-1,0,0.19174701,0
17,28,0,0,0,0.0,0.0,0.0,0.0,0.0,0.0,2.6345832,2.4975,2,-1,0,0.18096802,0
17,21,0,0,0,0.0,0.0,0.0,0.0,0.0,0.0,2.142236,2.0941668,2,-1,0,0.07490501,0
17,4,0,0,0,0.0,0.0,0.0,0.0,0.0,0.0,2.8311388,2.8275,2,-1,0,0.7828658,1
17,38,0,0,0,0.0,0.0,0.0,0.0,0.0,0.0,2.4048193,2.4083333,2,-1,0,0.19565314,0
17,27,0,0,0,0.0,0.0,0.0,0.0,0.0,0.0,2.233611,2.2208333,2,-1,0,0.03168904,0
17,2,0,0,0,0.0,0.0,0.0,0.0,0.0,0.0,2.2847779,2.3622222,2,-1,0,0.09207092,0
17,34,1,1,0,-138.24384,-261.53802,29.56941,-0.009149018,-0.027617354,0.0025785556,20.507847,18.724445,2,17,1,0.98550135,1
17,39,0,0,0,0.0,0.0,0.0,0.0,0.0,0.0,2.434,2.463889,2,-1,0,0.07801056,0
17,39,0,0,0,0.0,0.0,0.0,0.0,0.0,0.0,2.0006945,2.0169444,2,-1,0,0.045820672,0
17,18,0,0,0,0.0,0.0,0.0,0.0,0.0,0.0,2.1480277,2.1322222,2,-1,0,0.09148961,0
17,1,1,1,0,-145.53537,-594.43097,306.30157,-0.00022764408,-0.009543019,-0.0070044696,11.326736,11.215,2,18,1,0.9646997,1
17,34,1,0,0,-138.24384,-261.53802,29.56941,-0.009149018,-0.027617354,0.0025785556,5.750924,5.913611,2,-1,0,0.95334494,1
17,36,1,0,0,166.0091,-73.45507,315.57162,-0.00061102177,-0.0014915545,-0.010044512,3.5576878,3.5647223,2,-1,0,0.8099844,1
17,36,0,0,0,0.0,0.0,0.0,0.0,0.0,0.0,2.3511944,2.3138888,2,-1,0,0.12478466,0
17,29,0,0,0,0.0,0.0,0.0,0.0,0.0,0.0,1.9900833,2.033611,2,-1,0,0.09532499,0
17,1,1,0,0,-145.53537,-594.43097,306.30157,-0.00022764408,-0.009543019,-0.0070044696,4.3753614,4.4394445,2,-1,0,0.99346465,1
17,30,0,0,0,0.0,0.0,0.0,0.0,0.0,0.0,3.6218333,-1.0,2,-1,0,0.9132545,1
17,13,0,0,0,0.0,0.0,0.0,0.0,0.0,0.0,2.4412293,2.4738889,2,-1,0,0.20620343,0
17,40,0,0,0,0.0,0.0,0.0,0.0,0.0,0.0,2.1376665,2.2619445,2,-1,0,0.1627919,0
17,36,1,1,0,166.0091,-73.45507,315.57162,-0.00061102177,-0.0014915545,-0.010044512,11.253062,8.678056,2,19,1,0.9418612,1
17,4,0,0,0,0.0,0.0,0.0,0.0,0.0,0.0,2.369875,2.311389,2,-1,0,0.14765641,0
17,21,0,0,0,0.0,0.0,0.0,0.0,0.0,0.0,2.5969443,2.4605556,2,-1,0,0.11989001,0
17,30,0,0,0,0.0,0.0,0.0,0.0,0.0,0.0,2.183007,2.1936111,2,-1,0,0.07069095,0
17,2,0,0,0,0.0,0.0,0.0,0.0,0.0,0.0,2.3282082,2.2916667,2,-1,0,0.13512848,0
17,26,0,0,0,0.0,0.0,0.0,0.0,0.0,0.0,2.3982363,2.403889,2,-1,0,0.11309665,0
17,17,0,0,0,0.0,0.0,0.0,0.0,0.0,0.0,2.3590002,2.3122222,2,-1,0,0.05631908,0
17,2,0,0,0,0.0,0.0,0.0,0.0,0.0,0.0,2.1794446,2.2825,2,-1,0,0.11249114,0
17,17,0,0,0,0.0,0.0,0.0,0.0,0.0,0.0,2.2684584,2.1352777,2,-1,0,0.09922081,0
17,2,1,1,0,200.20883,89.50178,169.21077,0.021169968,0.002324674,0.014627774,13.691861,13.628889,2,20,1,0.9913338,1
17,27,0,0,0,0.0,0.0,0.0,0.0,0.0,0.0,2.4508266,2.4669445,2,-1,0,0.06402399,0
17,24,1,1,0,-202.08145,-211.18617,83.82288,-0.017613163,0.021124622,0.004831192,17.051985,16.98639,2,21,1,0.9998223,1
17,24,1,0,0,-202.08145,-211.18617,83.82288,-0.017613163,0.021124622,0.004831192,2.2753541,2.2055554,2,-1,0,0.12740354,0
17,5,1,0,0,205.50119,485.92633,206.46878,-0.00042943325,0.017518613,0.002640515,3.6183057,3.6680555,2,-1,0,0.99197406,1
17,2,1,0,0,200.20883,89.50178,169.21077,0.021169968,0.002324674,0.014627774,12.883709,12.702778,2,-1,0,0.9777924,1
17,24,1,0,0,-202.08145,-211.18617,83.82288,-0.017613163,0.021124622,0.004831192,8.2746525,8.360556,2,-1,0,0.99294347,1
17,5,1,1,0,205.50119,485.92633,206.46878,-0.00042943325,0.017518613,0.002640515,12.029181,12.066389,2,22,1,0.9941003,1
17,5,1,0,0,205.50119,485.92633,206.46878,-0.00042943325,0.017518613,0.002640515,2.2842638,2.3147223,2,-1,0,0.084712,0
17,37,0,0,0,0.0,0.0,0.0,0.0,0.0,0.0,2.2461526,2.2169445,2,-1,0,0.1726684,0
17,10,0,0,0,0.0,0.0,0.0,0.0,0.0,0.0,1.9405625,2.0205555,2,-1,0,0.10205169,0
17,36,0,0,0,0.0,0.0,0.0,0.0,0.0,0.0,2.3869584,2.317222,2,-1,0,0.21475384,0
17,4,0,0,0,0.0,0.0,0.0,0.0,0.0,0.0,2.1900692,2.2825,2,-1,0,0.0920494,0
17,17,0,0,0,0.0,0.0,0.0,0.0,0.0,0.0,2.1374862,2.2302778,2,-1,0,0.12090287,0
17,30,0,0,0,0.0,0.0,0.0,0.0,0.0,0.0,1.98225,2.0363889,2,-1,0,0.11053109,0
17,4,0,0,0,0.0,0.0,0.0,0.0,0.0,0.0,2.0910833,2.0608332,2,-1,0,0.087639645,0
17,10,0,0,0,0.0,0.0,0.0,0.0,0.0,0.0,2.3105,2.1527777,2,-1,0,0.09376289,0
17,36,0,0,0,0.0,0.0,0.0,0.0,0.0,0.0,2.0098333,2.0255556,2,-1,0,0.12129126,0
17,21,0,0,0,0.0,0.0,0.0,0.0,0.0,0.0,2.6706944,2.6052778,2,-1,0,0.18300518,0
17,8,0,0,0,0.0,0.0,0.0,0.0,0.0,0.0,2.3903334,2.2197223,2,-1,0,0.08141548,0
17,27,0,0,0,0.0,0.0,0.0,0.0,0.0,0.0,2.0495138,2.0494444,2,-1,0,0.08147987,0
17,27,0,0,0,0.0,0.0,0.0,0.0,0.0,0.0,2.1205695,2.0705554,2,-1,0,0.1469313,0
17,9,0,0,0,0.0,0.0,0.0,0.0,0.0,0.0,2.3171182,2.2566667,2,-1,0,0.09547207,0
17,19,0,0,0,0.0,0.0,0.0,0.0,0.0,0.0,2.5405278,2.4725,2,-1,0,0.15740184,0
17,12,1,1,0,-252.11096,186.67636,316.67667,-0.010827563,-0.026511716,0.025222424,38.847336,39.121666,2,23,1,0.9991516,1
17,32,0,0,0,0.0,0.0,0.0,0.0,0.0,0.0,4.4059725,-1.0,2,-1,0,0.99454653,1
17,30,0,0,0,0.0,0.0,0.0,0.0,0.0,0.0,2.1544445,2.1305556,2,-1,0,0.151268,0
17,5,0,0,0,0.0,0.0,0.0,0.0,0.0,0.0,2.1535416,2.1311111,2,-1,0,0.1252898,0
17,6,1,1,0,264.6449,132.80049,36.996998,-0.01464096,0.021152435,0.0069526406,28.563599,28.57,2,24,1,0.9959741,1
17,40,0,0,0,0.0,0.0,0.0,0.0,0.0,0.0,2.3874235,2.3894444,2,-1,0,0.098947756,0
17,14,1,1,0,-263.89923,-278.57477,386.3358,0.0040096897,0.011954361,-0.0043392107,7.8074794,7.7775,2,25,1,0.99354905,1
17,18,0,0,0,0.0,0.0,0.0,0.0,0.0,0.0,2.1628194,2.1327777,2,-1,0,0.09604443,0
17,22,0,0,0,0.0,0.0,0.0,0.0,0.0,0.0,2.217854,2.168611,2,-1,0,0.041231904,0
17,10,1,0,0,283.67252,418.93274,263.98923,-0.014522043,-0.0028062284,0.028621094,3.3596807,3.4280555,2,-1,0,0.9685172,1
17,12,1,0,0,-252.11096,186.67636,316.67667,-0.010827563,-0.026511716,0.025222424,2.2230763,2.115,2,-1,0,0.04713931,0
17,22,0,0,0,0.0,0.0,0.0,0.0,0.0,0.0,2.2844026,2.3577778,2,-1,0,0.09212917,0
17,9,0,0,0,0.0,0.0,0.0,0.0,0.0,0.0,2.5721252,2.5969443,2,-1,0,0.2258841,0
17,25,1,1,0,272.79388,-577.20197,296.13916,0.007744589,0.0068267724,0.008944523,14.0310135,14.263056,2,26,1,0.9809893,1
17,39,0,0,0,0.0,0.0,0.0,0.0,0.0,0.0,2.495722,2.4941666,2,-1,0,0.2136581,0
17,10,1,1,0,283.67252,418.93274,263.98923,-0.014522043,-0.0028062284,0.028621094,28.050152,28.229723,2,27,1,0.96781075,1
17,15,1,1,0,-278.71103,-395.31003,394.67313,0.008278329,-0.0029753675,-0.003870093,5.833952,5.792778,2,28,1,0.97570056,1
17,36,0,0,0,0.0,0.0,0.0,0.0,0.0,0.0,2.200861,2.213889,2,-1,0,0.082566544,0
17,16,0,0,0,0.0,0.0,0.0,0.0,0.0,0.0,2.083868,2.1408334,2,-1,0,0.1151895,0
17,19,1,1,0,-281.755,104.4537,259.11438,-0.010233635,0.0046333363,0.007839276,11.739062,10.453055,2,29,1,0.9949458,1
17,5,0,0,0,0.0,0.0,0.0,0.0,0.0,0.0,2.3084583,2.2486112,2,-1,0,0.10026892,0
17,31,0,0,0,0.0,0.0,0.0,0.0,0.0,0.0,2.0293055,2.0216668,2,-1,0,0.08179122,0
17,11,0,0,0,0.0,0.0,0.0,0.0,0.0,0.0,4.6844997,-1.0,2,-1,0,0.97742385,1
17,27,1,0,0,-287.2216,-193.3096,78.88399,-0.014615448,-0.005416066,0.020390179,8.413187,7.3352776,2,-1,0,0.98040456,1
17,4,0,0,0,0.0,0.0,0.0,0.0,0.0,0.0,2.524514,2.4183333,2,-1,0,0.22846073,0
17,32,0,0,0,0.0,0.0,0.0,0.0,0.0,0.0,2.2885835,2.2997222,2,-1,0,0.013745171,0
17,40,0,0,0,0.0,0.0,0.0,0.0,0.0,0.0,2.0110555,2.005,2,-1,0,0.19353336,0
17,35,0,0,0,0.0,0.0,0.0,0.0,0.0,0.0,2.5423334,2.5911112,2,-1,0,0.24012414,0
17,27,1,0,0,-287.2216,-193.3096,78.88399,-0.014615448,-0.005416066,0.020390179,5.9975,5.9677777,2,-1,0,0.9720666,1
17,32,1,0,0,305.33383,-233.02469,317.57632,-0.024513526,0.0010542456,-0.051156584,15.832612,15.997778,2,-1,0,0.9894056,1
17,32,1,1,0,305.33383,-233.02469,317.57632,-0.024513526,0.0010542456,-0.051156584,22.152473,22.122778,2,30,1,0.9940646,1
17,20,0,0,0,0.0,0.0,0.0,0.0,0.0,0.0,2.5679166,2.506389,2,-1,0,0.11111111,0
17,31,1,0,0,-330.4527,-422.75684,368.4388,0.024789566,0.04446106,-0.037342522,2.9676666,3.0141666,2,-1,0,0.46482337,0
17,27,1,1,0,-287.2216,-193.3096,78.88399,-0.014615448,-0.005416066,0.020390179,10.76643,10.733055,2,31,1,0.9807248,1
17,31,1,0,0,-330.4527,-422.75684,368.4388,0.024789566,0.04446106,-0.037342522,10.184284,10.238611,2,-1,0,0.9715256,1
17,11,0,0,0,0.0,0.0,0.0,0.0,0.0,0.0,22.432535,-1.0,2,-1,0,0.99306643,1
17,31,1,0,0,-330.4527,-422.75684,368.4388,0.024789566,0.04446106,-0.037342522,12.559548,12.79,2,-1,0,0.9875113,1
17,27,0,0,0,0.0,0.0,0.0,0.0,0.0,0.0,2.0653265,2.101389,2,-1,0,0.12038776,0
17,32,1,0,0,305.33383,-233.02469,317.57632,-0.024513526,0.0010542456,-0.051156584,7.681673,7.6666665,2,-1,0,0.99556065,1
17,38,0,0,0,0.0,0.0,0.0,0.0,0.0,0.0,2.000507,2.0186112,2,-1,0,0.09334845,0
17,16,0,0,0,0.0,0.0,0.0,0.0,0.0,0.0,2.0220416,2.066111,2,-1,0,0.10443669,0
17,17,0,0,0,0.0,0.0,0.0,0.0,0.0,0.0,2.2173958,2.2341666,2,-1,0,0.04913806,0
17,22,1,0,0,-343.53366,461.74875,118.25258,0.014647735,0.00084113376,0.0008403674,2.8824377,2.8277779,2,-1,0,0.92181736,1
17,4,0,0,0,0.0,0.0,0.0,0.0,0.0,0.0,2.1390002,2.1011112,2,-1,0,0.115937725,0
17,31,1,1,0,-330.4527,-422.75684,368.4388,0.024789566,0.04446106,-0.037342522,34.777554,34.634445,2,32,1,0.9997696,1
17,40,0,0,0,0.0,0.0,0.0,0.0,0.0,0.0,2.142993,2.2,2,-1,0,0.15431178,0
17,8,1,1,0,332.50336,-54.777763,441.17715,-0.00703308,0.0040220227,-0.013370285,11.563257,11.563889,2,33,1,0.9923873,1
17,28,1,1,0,-336.1377,192.28006,30.416405,0.0074574808,0.027017806,0.0015064476,14.676804,14.5,2,34,1,0.98417944,1
17,28,1,0,0,-336.1377,192.28006,30.416405,0.0074574808,0.027017806,0.0015064476,4.32116,4.3625,2,-1,0,0.9937524,1
17,38,0,0,0,0.0,0.0,0.0,0.0,0.0,0.0,2.38084,2.3463888,2,-1,0,0.18980533,0
17,28,1,0,0,-336.1377,192.28006,30.416405,0.0074574808,0.027017806,0.0015064476,8.244125,7.7447224,2,-1,0,0.9477181,1
17,26,0,0,0,0.0,0.0,0.0,0.0,0.0,0.0,2.285528,2.2113888,2,-1,0,0.09394973,0
17,40,0,0,0,0.0,0.0,0.0,0.0,0.0,0.0,2.3153749,2.383889,2,-1,0,0.17172271,0
17,22,1,1,0,-343.53366,461.74875,118.25258,0.014647735,0.00084113376,0.0008403674,12.820298,12.501945,2,35,1,0.9789201,1
17,22,0,0,0,0.0,0.0,0.0,0.0,0.0,0.0,2.1815834,2.1730556,2,-1,0,0.12500599,0
17,16,1,1,0,-349.4789,-166.7713,104.89123,-0.002713899,-0.005959096,0.008610557,9.443514,9.101389,2,36,1,0.96418875,1
17,15,0,0,0,0.0,0.0,0.0,0.0,0.0,0.0,2.3946252,2.4661112,2,-1,0,0.12723583,0
17,8,1,0,0,332.50336,-54.777763,441.17715,-0.00703308,0.0040220227,-0.013370285,2.0747778,2.1288888,2,-1,0,0.09822008,0
17,26,1,1,0,361.06342,-394.5163,354.5561,-0.012086003,-0.012553635,-0.029521853,15.869277,15.808333,2,37,1,0.97176534,1
17,26,1,0,0,361.06342,-394.5163,354.5561,-0.012086003,-0.012553635,-0.029521853,3.3566802,3.361389,2,-1,0,0.968765,1
17,26,0,0,0,0.0,0.0,0.0,0.0,0.0,0.0,2.5154166,2.625,2,-1,0,0.04103262,0
17,15,0,0,0,0.0,0.0,0.0,0.0,0.0,0.0,2.7962015,2.9691668,2,-1,0,0.46977675,0
17,7,0,0,0,0.0,0.0,0.0,0.0,0.0,0.0,2.3488333,2.3652778,2,-1,0,0.2143435,0
17,27,0,0,0,0.0,0.0,0.0,0.0,0.0,0.0,2.0525,2.0511112,2,-1,0,0.102522925,0
17,32,0,0,0,0.0,0.0,0.0,0.0,0.0,0.0,2.6597152,2.6505556,2,-1,0,0.27518576,0
17,29,0,0,0,0.0,0.0,0.0,0.0,0.0,0.0,2.6750555,2.6697223,2,-1,0,0.28089312,0
17,5,0,0,0,0.0,0.0,0.0,0.0,0.0,0.0,2.3627431,2.31,2,-1,0,0.3159962,0
17,10,0,0,0,0.0,0.0,0.0,0.0,0.0,0.0,2.260375,2.2597222,2,-1,0,0.34878233,0
17,20,0,0,0,0.0,0.0,0.0,0.0,0.0,0.0,2.0973055,2.0055556,2,-1,0,0.099065,0
17,10,0,0,0,0.0,0.0,0.0,0.0,0.0,0.0,2.490625,2.526389,2,-1,0,0.15485954,0
17,7,0,0,0,0.0,0.0,0.0,0.0,0.0,0.0,2.1425138,2.2066667,2,-1,0,0.092202544,0
17,23,0,0,0,0.0,0.0,0.0,0.0,0.0,0.0,2.1013057,2.1044445,2,-1,0,0.08271036,0
17,18,0,0,0,0.0,0.0,0.0,0.0,0.0,0.0,2.5470004,2.5983334,2,-1,0,0.12119058,0
17,29,0,0,0,0.0,0.0,0.0,0.0,0.0,0.0,2.0540764,2.1133332,2,-1,0,0.08882168,0
17,27,0,0,0,0.0,0.0,0.0,0.0,0.0,0.0,2.386611,2.468889,2,-1,0,0.08533094,0
17,37,0,0,0,0.0,0.0,0.0,0.0,0.0,0.0,2.5087917,2.4361112,2,-1,0,0.15778106,0
17,3,0,0,0,0.0,0.0,0.0,0.0,0.0,0.0,2.202493,2.2605555,2,-1,0,0.1154892,0
17,7,0,0,0,0.0,0.0,0.0,0.0,0.0,0.0,2.928,3.048889,2,-1,0,0.2992585,0
17,24,0,0,0,0.0,0.0,0.0,0.0,0.0,0.0,2.1067638,2.1775,2,-1,0,0.08298141,0
17,13,0,0,0,0.0,0.0,0.0,0.0,0.0,0.0,2.1392152,2.1569445,2,-1,0,0.19790414,0
17,7,0,0,0,0.0,0.0,0.0,0.0,0.0,0.0,2.2404513,2.2080555,2,-1,0,0.10399036,0
17,18,0,0,0,0.0,0.0,0.0,0.0,0.0,0.0,2.189764,2.1658332,2,-1,0,0.07985004,0
17,32,0,0,0,0.0,0.0,0.0,0.0,0.0,0.0,2.5989444,2.5327778,2,-1,0,0.13005282,0
17,4,0,0,0,0.0,0.0,0.0,0.0,0.0,0.0,2.3208334,2.3422222,2,-1,0,0.04154663,0
18,39,0,0,0,0.0,0.0,0.0,0.0,0.0,0.0,2.2701318,2.3258333,2,-1,0,0.15824221,0
18,20,0,0,0,0.0,0.0,0.0,0.0,0.0,0.0,2.1555347,2.146389,2,-1,0,0.1487314,0
18,31,1,1,0,4.4311385,202.10667,23.479486,-0.0058417004,0.016920734,0.009934636,5.0310345,4.967222,2,0,1,0.99488693,1
18,40,0,0,0,0.0,0.0,0.0,0.0,0.0,0.0,2.405139,2.3688889,2,-1,0,0.11215158,0
18,26,0,0,0,0.0,0.0,0.0,0.0,0.0,0.0,3.0651457,3.0877779,2,-1,0,0.6880018,1
18,31,1,0,0,4.4311385,202.10667,23.479486,-0.0058417004,0.016920734,0.009934636,2.525,2.5080554,2,-1,0,0.13117643,0
18,32,0,0,0,0.0,0.0,0.0,0.0,0.0,0.0,2.3106737,2.3475,2,-1,0,0.072926804,0
18,32,0,0,0,0.0,0.0,0.0,0.0,0.0,0.0,2.1359098,2.1394444,2,-1,0,0.13786767,0
18,36,1,0,0,-42.39595,148.2359,166.46547,0.010006617,9.500286e-05,0.02414671,2.0182986,2.051389,2,-1,0,0.091109455,0
18,3,0,0,0,0.0,0.0,0.0,0.0,0.0,0.0,2.6629233,2.6644444,2,-1,0,0.09726784,0
18,17,0,0,0,0.0,0.0,0.0,0.0,0.0,0.0,2.0149863,2.026389,2,-1,0,0.08507327,0
18,23,0,0,0,0.0,0.0,0.0,0.0,0.0,0.0,2.2380002,-1.0,2,-1,0,0.0873959,0
18,17,0,0,0,0.0,0.0,0.0,0.0,0.0,0.0,2.4677777,0.98888886,2,-1,0,0.008948491,0
18,23,1,1,0,38.869083,-377.57153,246.51074,0.014526617,0.0030611723,0.0067630922,12.472569,12.493055,2,1,1,0.9585835,1
18,36,1,1,0,-42.39595,148.2359,166.46547,0.010006617,9.500286e-05,0.02414671,22.936367,23.005,2,2,1,0.992716,1
18,36,1,0,0,-42.39595,148.2359,166.46547,0.010006617,9.500286e-05,0.02414671,6.1193333,5.634444,2,-1,0,0.9827252,1
18,23,0,0,0,0.0,0.0,0.0,0.0,0.0,0.0,4.35775,-1.0,2,-1,0,0.9590548,1
18,4,0,0,0,0.0,0.0,0.0,0.0,0.0,0.0,2.115382,2.0863888,2,-1,0,0.092405856,0
18,32,0,0,0,0.0,0.0,0.0,0.0,0.0,0.0,2.2833333,2.2855556,2,-1,0,0.11780781,0
18,17,0,0,0,0.0,0.0,0.0,0.0,0.0,0.0,2.15125,2.1236112,2,-1,0,0.07158318,0
18,39,0,0,0,0.0,0.0,0.0,0.0,0.0,0.0,2.4364655,2.441111,2,-1,0,0.118685775,0
18,15,0,0,0,0.0,0.0,0.0,0.0,0.0,0.0,2.1489654,2.1688888,2,-1,0,0.08226955,0
18,20,1,1,0,62.80312,595.5483,254.75888,0.013568173,0.012568287,0.008651658,22.828665,23.173334,2,3,1,0.9990433,1
18,25,1,1,0,-65.14382,-274.74295,10.385006,-0.0070636002,0.009158523,0.02056589,25.34495,25.615,2,4,1,0.98667204,1
18,25,1,0,0,-65.14382,-274.74295,10.385006,-0.0070636002,0.009158523,0.02056589,3.000597,2.9891667,2,-1,0,0.54344606,1
18,18,0,0,0,0.0,0.0,0.0,0.0,0.0,0.0,2.3231945,2.433889,2,-1,0,0.11891103,0
18,39,0,0,0,0.0,0.0,0.0,0.0,0.0,0.0,2.0547707,2.093889,2,-1,0,0.05823465,0
18,3,0,0,0,0.0,0.0,0.0,0.0,0.0,0.0,2.4922917,2.4166667,2,-1,0,0.26549095,0
18,26,0,0,0,0.0,0.0,0.0,0.0,0.0,0.0,2.6802707,2.6794446,2,-1,0,0.12748487,0
18,26,0,0,0,0.0,0.0,0.0,0.0,0.0,0.0,2.0981874,2.1411111,2,-1,0,0.04784603,0
18,6,1,1,0,88.0695,283.47055,444.9483,0.0019710027,-0.010463715,0.014577609,19.579084,13.3116665,2,5,1,0.9893371,1
18,18,0,0,0,0.0,0.0,0.0,0.0,0.0,0.0,2.443625,2.4388888,2,-1,0,0.14517519,0
18,37,1,0,0,-92.76828,-72.37837,75.0206,-0.039436966,-0.0032808015,-0.028857894,2.934368,2.846111,2,-1,0,0.21189094,0
18,17,1,1,0,-92.04654,-261.42822,129.06557,-0.011009623,-0.006364433,0.008364451,17.727556,17.671667,2,6,1,0.9891366,1
18,37,1,1,0,-92.76828,-72.37837,75.0206,-0.039436966,-0.0032808015,-0.028857894,17.586535,16.1925,2,7,1,0.94464105,1
18,35,0,0,0,0.0,0.0,0.0,0.0,0.0,0.0,2.3542778,2.353889,2,-1,0,0.09750651,0
18,2,0,0,0,0.0,0.0,0.0,0.0,0.0,0.0,2.1992223,2.2825,2,-1,0,0.116892315,0
18,23,0,0,0,0.0,0.0,0.0,0.0,0.0,0.0,2.1708055,2.2191668,2,-1,0,0.050595213,0
18,27,1,0,0,107.903175,-172.2888,138.92558,-0.01674219,-0.006357825,0.020591859,15.079014,15.129167,2,-1,0,0.9904875,1
18,19,1,0,0,-104.855995,421.56482,64.58961,-0.0043556793,0.012686129,0.017216764,3.000861,2.968889,2,-1,0,0.55278957,1
18,21,0,0,0,0.0,0.0,0.0,0.0,0.0,0.0,2.0402083,2.0647223,2,-1,0,0.110842906,0
18,27,1,1,0,107.903175,-172.2888,138.92558,-0.01674219,-0.006357825,0.020591859,15.724063,15.390278,2,8,1,0.98067653,1
18,19,1,0,0,-104.855995,421.56482,64.58961,-0.0043556793,0.012686129,0.017216764,5.7338405,3.6980555,2,-1,0,0.8676004,1
18,19,1,1,0,-104.855995,421.56482,64.58961,-0.0043556793,0.012686129,0.017216764,6.999361,6.9830556,2,9,1,0.96283066,1
18,19,1,0,0,-104.855995,421.56482,64.58961,-0.0043556793,0.012686129,0.017216764,5.4924445,5.502222,2,-1,0,0.9656438,1
18,8,1,1,0,-107.92956,48.974186,450.78006,-0.030571004,-0.0027679433,0.007978028,27.575222,10.368333,2,10,1,0.9998753,1
18,25,0,0,0,0.0,0.0,0.0,0.0,0.0,0.0,2.445875,2.4444444,2,-1,0,0.0616959,0
18,8,0,0,0,0.0,0.0,0.0,0.0,0.0,0.0,2.0487015,2.0522223,2,-1,0,0.13313358,0
18,21,0,0,0,0.0,0.0,0.0,0.0,0.0,0.0,2.2267015,2.1091666,2,-1,0,0.13554451,0
18,12,1,1,0,-131.62437,358.06555,84.16162,0.01584581,-0.00090357236,-0.014241102,15.895742,15.842778,2,11,1,0.9901112,1
18,9,0,0,0,0.0,0.0,0.0,0.0,0.0,0.0,2.1643336,2.2494445,2,-1,0,0.12061115,0
18,13,0,0,0,0.0,0.0,0.0,0.0,0.0,0.0,2.2494512,2.1797223,2,-1,0,0.1315788,0
18,12,1,0,0,-131.62437,358.06555,84.16162,0.01584581,-0.00090357236,-0.014241102,6.48959,6.438611,2,-1,0,0.9822381,1
18,11,0,0,0,0.0,0.0,0.0,0.0,0.0,0.0,2.3725486,2.33,2,-1,0,0.15635107,0
18,40,0,0,0,0.0,0.0,0.0,0.0,0.0,0.0,2.1591113,2.1394444,2,-1,0,0.11627227,0
18,3,1,1,0,-137.71843,211.21935,401.46365,-0.0356713,-0.012764934,-0.0067068716,30.777521,30.378334,2,12,1,0.99991,1
18,37,1,0,0,-92.76828,-72.37837,75.0206,-0.039436966,-0.0032808015,-0.028857894,10.073507,9.869166,2,-1,0,0.98293024,1
18,2,0,0,0,0.0,0.0,0.0,0.0,0.0,0.0,2.4812777,2.4505556,2,-1,0,0.1727733,0
18,23,0,0,0,0.0,0.0,0.0,0.0,0.0,0.0,2.626153,2.59,2,-1,0,0.21168494,0
18,27,0,0,0,0.0,0.0,0.0,0.0,0.0,0.0,2.7312016,2.7080555,2,-1,0,0.14442597,0
18,36,0,0,0,0.0,0.0,0.0,0.0,0.0,0.0,2.012035,2.0327778,2,-1,0,0.007330227,0
18,16,0,0,0,0.0,0.0,0.0,0.0,0.0,0.0,2.494986,2.4530556,2,-1,0,0.13612282,0
18,29,0,0,0,0.0,0.0,0.0,0.0,0.0,0.0,2.7851112,2.7916667,2,-1,0,0.7622231,1
18,5,0,0,0,0.0,0.0,0.0,0.0,0.0,0.0,2.0463126,2.0475,2,-1,0,0.08710752,0
18,38,0,0,0,0.0,0.0,0.0,0.0,0.0,0.0,2.4518056,2.4483333,2,-1,0,0.111205354,0
18,26,1,0,0,207.7392,588.5453,137.42429,-0.027093418,-0.0142174885,-0.0053903507,8.943069,8.796667,2,-1,0,0.9814088,1
18,4,0,0,0,0.0,0.0,0.0,0.0,0.0,0.0,2.0880208,2.0638888,2,-1,0,0.07002396,0
18,24,0,0,0,0.0,0.0,0.0,0.0,0.0,0.0,2.020354,2.0808334,2,-1,0,0.08790483,0
18,4,0,0,0,0.0,0.0,0.0,0.0,0.0,0.0,2.345361,2.3422222,2,-1,0,0.14179516,0
18,29,0,0,0,0.0,0.0,0.0,0.0,0.0,0.0,2.346111,2.3191667,2,-1,0,0.15154845,0
18,37,1,0,0,-92.76828,-72.37837,75.0206,-0.039436966,-0.0032808015,-0.028857894,17.78834,17.649445,2,-1,0,0.9313511,1
18,37,1,0,0,-92.76828,-72.37837,75.0206,-0.039436966,-0.0032808015,-0.028857894,2.4499373,2.4916666,2,-1,0,0.91247916,1
18,26,0,0,0,0.0,0.0,0.0,0.0,0.0,0.0,2.2241666,2.1772223,2,-1,0,0.1287491,0
18,30,0,0,0,0.0,0.0,0.0,0.0,0.0,0.0,2.1348958,2.1952777,2,-1,0,0.08861903,0
18,33,0,0,0,0.0,0.0,0.0,0.0,0.0,0.0,2.4934304,2.3755555,2,-1,0,0.16228987,0
18,34,1,1,0,-168.72343,139.89963,57.28585,0.0099981725,-0.00028115252,-0.010771346,15.2526865,15.239445,2,13,1,0.9960777,1
18,1,0,0,0,0.0,0.0,0.0,0.0,0.0,0.0,2.604882,2.5486112,2,-1,0,0.16062683,0
18,15,0,0,0,0.0,0.0,0.0,0.0,0.0,0.0,2.7624025,2.85,2,-1,0,0.29172605,0
18,3,1,0,0,-137.71843,211.21935,401.46365,-0.0356713,-0.012764934,-0.0067068716,3.4538195,3.5280557,2,-1,0,0.7914609,1
18,34,1,0,0,-168.72343,139.89963,57.28585,0.0099981725,-0.00028115252,-0.010771346,3.2053053,3.2544444,2,-1,0,0.9023896,1
18,34,0,0,0,0.0,0.0,0.0,0.0,0.0,0.0,2.1780555,2.2002778,2,-1,0,0.09340985,0
18,38,0,0,0,0.0,0.0,0.0,0.0,0.0,0.0,2.0544307,2.1697223,2,-1,0,0.13615054,0
18,31,0,0,0,0.0,0.0,0.0,0.0,0.0,0.0,2.480868,2.423889,2,-1,0,0.18777888,0
18,14,1,1,0,187.33484,-593.58044,388.38168,0.0035234937,-0.010086831,0.0070300745,7.412042,4.520278,2,14,1,0.99686676,1
18,14,1,0,0,187.33484,-593.58044,388.38168,0.0035234937,-0.010086831,0.0070300745,4.136597,4.1241665,2,-1,0,0.9336423,1
18,10,1,1,0,-193.3828,109.05048,270.19406,-8.812066e-05,-0.0011796621,-0.00327783,3.5948334,3.4997222,2,15,1,0.88076836,1
18,39,1,1,0,-193.27022,-566.4871,418.9051,-0.02744012,-0.0014656826,0.018356703,22.52355,22.363611,2,16,1,0.8875878,1
18,26,1,0,0,207.7392,588.5453,137.42429,-0.027093418,-0.0142174885,-0.0053903507,4.23984,4.213333,2,-1,0,0.9894344,1
18,5,0,0,0,0.0,0.0,0.0,0.0,0.0,0.0,2.2577498,2.2091668,2,-1,0,0.13094452,0
18,18,1,1,0,-203.83449,-580.5979,96.55094,0.022676563,-0.004447608,0.0018265444,16.081417,16.1375,2,17,1,0.9952893,1
18,14,0,0,0,0.0,0.0,0.0,0.0,0.0,0.0,2.5353332,2.5491667,2,-1,0,0.114793755,0
18,26,1,1,0,207.7392,588.5453,137.42429,-0.027093418,-0.0142174885,-0.0053903507,20.357819,19.860834,2,18,1,0.9914767,1
18,38,0,0,0,0.0,0.0,0.0,0.0,0.0,0.0,2.1832361,2.1366668,2,-1,0,0.09265583,0
18,6,0,0,0,0.0,0.0,0.0,0.0,0.0,0.0,2.2157779,2.1952777,2,-1,0,0.10398075,0
18,33,0,0,0,0.0,0.0,0.0,0.0,0.0,0.0,2.2135348,2.28,2,-1,0,0.07619057,0
18,29,1,1,0,209.71147,45.44973,91.08557,0.0012146897,0.01166797,0.00096856005,13.1735,13.267222,2,19,1,0.9876653,1
18,32,0,0,0,0.0,0.0,0.0,0.0,0.0,0.0,2.1778748,2.1788888,2,-1,0,0.13987653,0
18,11,0,0,0,0.0,0.0,0.0,0.0,0.0,0.0,2.73591,2.7455556,2,-1,0,0.1294231,0
18,39,1,0,0,-193.27022,-566.4871,418.9051,-0.02744012,-0.0014656826,0.018356703,5.0577574,5.0480556,2,-1,0,0.9987576,1
18,2,1,1,0,213.36226,204.23225,21.799133,0.0043241237,0.02543237,0.018059187,20.311522,19.197222,2,20,1,0.99432796,1
18,40,0,0,0,0.0,0.0,0.0,0.0,0.0,0.0,2.0705,2.0638888,2,-1,0,0.07465437,0
18,30,0,0,0,0.0,0.0,0.0,0.0,0.0,0.0,2.200875,2.2455556,2,-1,0,0.07960006,0
18,19,0,0,0,0.0,0.0,0.0,0.0,0.0,0.0,2.6327431,2.6752777,2,-1,0,0.23250185,0
18,16,0,0,0,0.0,0.0,0.0,0.0,0.0,0.0,2.1807082,2.2519445,2,-1,0,0.09920198,0
18,5,0,0,0,0.0,0.0,0.0,0.0,0.0,0.0,2.0273335,2.0052779,2,-1,0,0.07093884,0
18,25,0,0,0,0.0,0.0,0.0,0.0,0.0,0.0,2.1867847,2.1133332,2,-1,0,0.03735903,0
18,8,0,0,0,0.0,0.0,0.0,0.0,0.0,0.0,2.327375,2.341389,2,-1,0,0.041332114,0
18,16,0,0,0,0.0,0.0,0.0,0.0,0.0,0.0,2.674611,2.6819444,2,-1,0,0.10326368,0
18,13,1,1,0,-253.4803,-439.0046,145.02763,-0.00632169,-0.018797755,-0.0014731501,10.823723,10.903055,2,21,1,0.9820855,1
18,35,1,1,0,235.6302,531.83826,276.60168,-0.011677395,-7.886792e-05,0.030528814,32.08498,32.1475,2,22,1,0.9946814,1
18,30,0,0,0,0.0,0.0,0.0,0.0,0.0,0.0,2.280472,2.2822223,2,-1,0,0.13545865,0
18,6,0,0,0,0.0,0.0,0.0,0.0,0.0,0.0,2.1643054,2.0705554,2,-1,0,0.118816614,0
18,9,0,0,0,0.0,0.0,0.0,0.0,0.0,0.0,2.6160417,2.6130555,2,-1,0,0.15515815,0
18,2,0,0,0,0.0,0.0,0.0,0.0,0.0,0.0,2.3366182,2.3941667,2,-1,0,0.118537895,0
18,35,1,0,0,235.6302,531.83826,276.60168,-0.011677395,-7.886792e-05,0.030528814,3.694472,3.4761112,2,-1,0,0.98916924,1
18,36,0,0,0,0.0,0.0,0.0,0.0,0.0,0.0,2.4519167,2.4536111,2,-1,0,0.07354702,0
18,30,0,0,0,0.0,0.0,0.0,0.0,0.0,0.0,2.4998193,2.4708333,2,-1,0,0.4028945,0
18,19,0,0,0,0.0,0.0,0.0,0.0,0.0,0.0,2.62175,2.6177778,2,-1,0,0.059572686,0
18,2,1,0,0,213.36226,204.23225,21.799133,0.0043241237,0.02543237,0.018059187,8.981472,8.923333,2,-1,0,0.9974598,1
18,13,1,0,0,-253.4803,-439.0046,145.02763,-0.00632169,-0.018797755,-0.0014731501,6.9381804,6.900833,2,-1,0,0.97949094,1
18,28,0,0,0,0.0,0.0,0.0,0.0,0.0,0.0,2.1547778,2.1780555,2,-1,0,0.0789617,0
18,4,1,0,0,305.23105,27.803492,299.19446,-0.014117808,0.027899185,0.017376745,2.7534165,2.7361112,2,-1,0,0.38800094,0
18,4,0,0,0,0.0,0.0,0.0,0.0,0.0,0.0,2.2620277,2.2475,2,-1,0,0.13144828,0
18,28,1,1,0,-263.32364,105.200005,224.74469,-0.008049344,-0.0001159408,-0.016557133,18.192472,15.789444,2,23,1,0.97977877,1
18,18,0,0,0,0.0,0.0,0.0,0.0,0.0,0.0,2.9970763,2.978611,2,-1,0,0.78108823,1
18,22,1,1,0,-273.25253,302.2451,401.8342,-0.014943011,0.028881505,-0.024007576,31.494972,31.037222,2,24,1,0.99364316,1
18,9,1,1,0,-274.74298,261.11206,245.06941,0.010487653,-0.0016743622,-0.00025399492,10.594812,10.643888,2,25,1,0.95761645,1
18,7,1,0,0,272.4936,-486.96652,187.19836,-0.001356041,0.01183274,-0.013191826,2.6805625,2.6683333,2,-1,0,0.15132234,0
18,7,1,1,0,272.4936,-486.96652,187.19836,-0.001356041,0.01183274,-0.013191826,12.602194,12.5425,2,26,1,0.95536184,1
18,7,1,0,0,272.4936,-486.96652,187.19836,-0.001356041,0.01183274,-0.013191826,5.270639,1.8638889,2,-1,0,0.9552808,1
18,15,0,0,0,0.0,0.0,0.0,0.0,0.0,0.0,2.3750136,2.5113888,2,-1,0,0.091280006,0
18,13,0,0,0,0.0,0.0,0.0,0.0,0.0,0.0,2.7080486,2.7052777,2,-1,0,0.11325728,0
18,22,1,0,0,-273.25253,302.2451,401.8342,-0.014943011,0.028881505,-0.024007576,2.126,2.0891666,2,-1,0,0.104228355,0
18,2,1,0,0,213.36226,204.23225,21.799133,0.0043241237,0.02543237,0.018059187,2.4210417,2.4625,2,-1,0,0.14683135,0
18,8,0,0,0,0.0,0.0,0.0,0.0,0.0,0.0,2.2839863,2.291111,2,-1,0,0.15131351,0
18,15,0,0,0,0.0,0.0,0.0,0.0,0.0,0.0,2.0867708,2.0258334,2,-1,0,0.09229039,0
18,17,0,0,0,0.0,0.0,0.0,0.0,0.0,0.0,2.2256112,2.2358334,2,-1,0,0.082700275,0
18,4,1,0,0,305.23105,27.803492,299.19446,-0.014117808,0.027899185,0.017376745,4.61491,4.575278,2,-1,0,0.9795926,1
18,4,1,1,0,305.23105,27.803492,299.19446,-0.014117808,0.027899185,0.017376745,28.955492,29.153334,2,27,1,0.96504617,1
18,25,0,0,0,0.0,0.0,0.0,0.0,0.0,0.0,2.4696662,2.4452777,2,-1,0,0.22233357,0
18,1,1,1,0,305.15225,-553.54926,244.09541,0.016196508,0.013029788,0.0123992385,14.837569,14.735833,2,28,1,0.9876183,1
18,30,1,1,0,307.8473,546.0985,93.519875,-0.002776804,0.0024386058,0.010960709,11.256424,11.2711115,2,29,1,0.9602819,1
18,5,1,1,0,-308.06152,-533.04877,420.12543,-0.010325426,-0.0035533472,0.001248184,10.4123125,10.439167,2,30,1,0.9738337,1
18,15,1,1,0,-313.6718,-437.48965,417.28278,0.012622105,-0.007098662,-0.012492078,9.096111,9.070833,2,31,1,0.978225,1
18,23,0,0,0,0.0,0.0,0.0,0.0,0.0,0.0,2.1310694,2.0758333,2,-1,0,0.0045656804,0
18,15,1,0,0,-313.6718,-437.48965,417.28278,0.012622105,-0.007098662,-0.012492078,8.84775,8.780556,2,-1,0,0.982488,1
18,9,0,0,0,0.0,0.0,0.0,0.0,0.0,0.0,2.4782777,2.4041667,2,-1,0,0.08323238,0
18,32,1,1,0,314.9349,129.11229,43.674156,0.013019447,-0.005169462,0.015276541,20.596869,17.010555,2,32,1,0.9982835,1
18,1,1,0,0,305.15225,-553.54926,244.09541,0.016196508,0.013029788,0.0123992385,3.1098611,3.0677779,2,-1,0,0.87355226,1
18,20,0,0,0,0.0,0.0,0.0,0.0,0.0,0.0,2.0490973,2.1288888,2,-1,0,0.11390976,0
18,23,0,0,0,0.0,0.0,0.0,0.0,0.0,0.0,2.4056113,2.3458333,2,-1,0,0.3814976,0
18,3,0,0,0,0.0,0.0,0.0,0.0,0.0,0.0,2.0303888,2.1019444,2,-1,0,0.10329707,0
18,40,1,1,0,-325.54202,-483.35107,146.52538,0.013423519,-0.011485064,-0.016714396,16.975285,17.065277,2,33,1,0.9626964,1
18,32,1,0,0,314.9349,129.11229,43.674156,0.013019447,-0.005169462,0.015276541,4.2144027,4.253611,2,-1,0,0.9728663,1
18,18,0,0,0,0.0,0.0,0.0,0.0,0.0,0.0,2.065243,2.0441666,2,-1,0,0.07160903,0
18,39,0,0,0,0.0,0.0,0.0,0.0,0.0,0.0,2.4786735,2.5444446,2,-1,0,0.18164502,0
18,23,0,0,0,0.0,0.0,0.0,0.0,0.0,0.0,2.4269862,2.3394444,2,-1,0,0.0725092,0
18,35,0,0,0,0.0,0.0,0.0,0.0,0.0,0.0,2.7815695,2.7841666,2,-1,0,0.22009584,0
18,11,0,0,0,0.0,0.0,0.0,0.0,0.0,0.0,2.6495419,2.6783333,2,-1,0,0.035661757,0
18,19,0,0,0,0.0,0.0,0.0,0.0,0.0,0.0,2.271021,2.1488888,2,-1,0,0.09771078,0
18,8,0,0,0,0.0,0.0,0.0,0.0,0.0,0.0,2.0655,2.0652778,2,-1,0,0.08560636,0
18,15,1,0,0,-313.6718,-437.48965,417.28278,0.012622105,-0.007098662,-0.012492078,3.1818056,3.2166667,2,-1,0,0.35974967,0
18,7,0,0,0,0.0,0.0,0.0,0.0,0.0,0.0,2.1729584,2.115,2,-1,0,0.12086834,0
18,11,1,0,0,352.2498,527.4272,364.04434,-0.00964865,0.003211021,-0.054384857,2.3435,2.3988888,2,-1,0,0.27088824,0
18,27,0,0,0,0.0,0.0,0.0,0.0,0.0,0.0,2.2575552,2.2558334,2,-1,0,0.11058413,0
18,7,0,0,0,0.0,0.0,0.0,0.0,0.0,0.0,2.678229,2.5816667,2,-1,0,0.09683333,0
18,9,0,0,0,0.0,0.0,0.0,0.0,0.0,0.0,2.3767223,2.3041666,2,-1,0,0.16509846,0
18,2,0,0,0,0.0,0.0,0.0,0.0,0.0,0.0,2.8112915,2.8855555,2,-1,0,0.09230517,0
18,21,1,1,0,-349.16522,194.80841,212.1439,0.025363661,-0.0023690918,-0.0065995916,24.594175,22.343056,2,34,1,0.99999523,1
18,21,1,0,0,-349.16522,194.80841,212.1439,0.025363661,-0.0023690918,-0.0065995916,3.5585208,3.518889,2,-1,0,0.81906897,1
18,11,1,0,0,352.2498,527.4272,364.04434,-0.00964865,0.003211021,-0.054384857,6.640055,6.619167,2,-1,0,0.96739745,1
18,11,1,1,0,352.2498,527.4272,364.04434,-0.00964865,0.003211021,-0.054384857,22.447067,20.578888,2,35,1,0.9996542,1
18,11,1,0,0,352.2498,527.4272,364.04434,-0.00964865,0.003211021,-0.054384857,4.989215,5.0333333,2,-1,0,0.96897084,1
18,9,0,0,0,0.0,0.0,0.0,0.0,0.0,0.0,2.1001527,2.0997221,2,-1,0,0.096702754,0
18,11,1,0,0,352.2498,527.4272,364.04434,-0.00964865,0.003211021,-0.054384857,7.5178266,7.518611,2,-1,0,0.9703169,1
18,21,0,0,0,0.0,0.0,0.0,0.0,0.0,0.0,2.2806735,2.2797222,2,-1,0,0.0922404,0
18,38,1,1,0,353.40308,289.9388,316.6711,0.023171976,-0.006457598,0.009818142,12.158778,12.032222,2,36,1,0.98112893,1
18,14,0,0,0,0.0,0.0,0.0,0.0,0.0,0.0,2.3009167,2.3311112,2,-1,0,0.10629787,0
18,38,1,0,0,353.40308,289.9388,316.6711,0.023171976,-0.006457598,0.009818142,4.052875,4.0369444,2,-1,0,0.9624229,1
18,16,1,1,0,356.0354,-120.89129,391.43234,-0.002655954,0.0058461884,0.020166684,18.806246,18.876112,2,-1,1,0.98932064,1
18,6,0,0,0,0.0,0.0,0.0,0.0,0.0,0.0,2.2719998,2.3097222,2,-1,0,0.05485874,0
18,33,1,1,0,-360.65805,33.065807,19.829031,-0.03249437,0.0050771236,-0.0013324145,5.5121665,5.481111,2,-1,1,0.9764445,1
18,36,0,0,0,0.0,0.0,0.0,0.0,0.0,0.0,2.5861387,2.5416667,2,-1,0,0.18384732,0
18,34,0,0,0,0.0,0.0,0.0,0.0,0.0,0.0,2.61125,2.583611,2,-1,0,0.122070804,0
18,24,0,0,0,0.0,0.0,0.0,0.0,0.0,0.0,1.9964445,2.005,2,-1,0,0.08567551,0
18,12,0,0,0,0.0,0.0,0.0,0.0,0.0,0.0,2.114597,2.1388888,2,-1,0,0.08956697,0
18,14,0,0,0,0.0,0.0,0.0,0.0,0.0,0.0,2.2008889,2.2941666,2,-1,0,0.11671672,0
18,34,0,0,0,0.0,0.0,0.0,0.0,0.0,0.0,2.3565834,2.3541667,2,-1,0,0.06813918,0
18,23,0,0,0,0.0,0.0,0.0,0.0,0.0,0.0,2.1380625,2.0402777,2,-1,0,0.056627452,0
18,27,0,0,0,0.0,0.0,0.0,0.0,0.0,0.0,2.1349027,2.0997221,2,-1,0,0.09067752,0
18,2,0,0,0,0.0,0.0,0.0,0.0,0.0,0.0,2.3354235,2.2572222,2,-1,0,0.006712235,0
18,16,0,0,0,0.0,0.0,0.0,0.0,0.0,0.0,2.1672916,2.1627777,2,-1,0,0.1285601,0
18,35,0,0,0,0.0,0.0,0.0,0.0,0.0,0.0,2.4943333,2.496389,2,-1,0,0.32557848,0
18,5,0,0,0,0.0,0.0,0.0,0.0,0.0,0.0,2.2511806,2.327222,2,-1,0,0.12191178,0
18,14,0,0,0,0.0,0.0,0.0,0.0,0.0,0.0,1.9993541,2.0258334,2,-1,0,0.077312194,0
18,26,0,0,0,0.0,0.0,0.0,0.0,0.0,0.0,1.9607986,2.0227778,2,-1,0,0.11249606,0
18,6,0,0,0,0.0,0.0,0.0,0.0,0.0,0.0,2.092736,2.1491666,2,-1,0,0.07138793,0
18,5,0,0,0,0.0,0.0,0.0,0.0,0.0,0.0,2.4865553,2.4425,2,-1,0,0.08131075,0
19,15,0,0,0,0.0,0.0,0.0,0.0,0.0,0.0,2.1519446,2.1988888,2,-1,0,0.08961835,0
19,33,0,0,0,0.0,0.0,0.0,0.0,0.0,0.0,2.65866,2.6616666,2,-1,0,0.4195803,0
19,17,0,0,0,0.0,0.0,0.0,0.0,0.0,0.0,2.2670207,2.3011112,2,-1,0,0.10575692,0
19,26,0,0,0,0.0,0.0,0.0,0.0,0.0,0.0,2.155875,2.2122223,2,-1,0,0.114106916,0
19,39,0,0,0,0.0,0.0,0.0,0.0,0.0,0.0,2.199375,2.2483332,2,-1,0,0.07196685,0
19,37,0,0,0,0.0,0.0,0.0,0.0,0.0,0.0,2.2809582,2.2152777,2,-1,0,0.18422247,0
19,12,1,1,0,20.788153,-208.6072,336.68832,0.0073440177,-0.022494983,-0.012905685,33.259525,30.629444,2,0,1,0.9979367,1
19,19,1,1,0,-20.836588,451.31073,0.30548787,-0.014404888,0.0028070922,0.00043284413,8.230124,8.197778,2,1,1,0.994418,1
19,19,1,0,0,-20.836588,451.31073,0.30548787,-0.014404888,0.0028070922,0.00043284413,4.527618,4.5730557,2,-1,0,0.9917636,1
19,9,0,0,0,0.0,0.0,0.0,0.0,0.0,0.0,2.1916943,2.1352777,2,-1,0,0.10016255,0
19,37,0,0,0,0.0,0.0,0.0,0.0,0.0,0.0,2.1464167,2.1525,2,-1,0,0.07687366,0
19,27,1,1,0,-35.81815,159.17114,395.31152,-0.018991863,-0.007665759,0.02305073,33.38315,31.745832,2,2,1,0.97573197,1
19,16,0,0,0,0.0,0.0,0.0,0.0,0.0,0.0,2.214611,2.2258334,2,-1,0,0.08523205,0
19,12,0,0,0,0.0,0.0,0.0,0.0,0.0,0.0,2.1023054,2.055,2,-1,0,0.07196707,0
19,33,0,0,0,0.0,0.0,0.0,0.0,0.0,0.0,2.139986,2.0483334,2,-1,0,0.08232038,0
19,39,0,0,0,0.0,0.0,0.0,0.0,0.0,0.0,2.1022081,2.1163888,2,-1,0,0.12079151,0
19,6,0,0,0,0.0,0.0,0.0,0.0,0.0,0.0,2.9849446,3.1288888,2,-1,0,0.03134861,0
19,19,0,0,0,0.0,0.0,0.0,0.0,0.0,0.0,2.007146,2.0055556,2,-1,0,0.06154755,0
19,10,0,0,0,0.0,0.0,0.0,0.0,0.0,0.0,2.4486248,2.3177779,2,-1,0,0.07701743,0
19,12,0,0,0,0.0,0.0,0.0,0.0,0.0,0.0,2.4183333,2.3588889,2,-1,0,0.26456168,0
19,40,0,0,0,0.0,0.0,0.0,0.0,0.0,0.0,2.6733334,2.6094444,2,-1,0,0.13673921,0
19,31,0,0,0,0.0,0.0,0.0,0.0,0.0,0.0,2.7122846,2.7338889,2,-1,0,0.32244444,0
19,30,1,1,0,-55.71692,-109.581085,13.309644,-0.02217715,0.0043122033,0.028689248,27.322216,27.255,2,3,1,0.99998736,1
19,23,0,0,0,0.0,0.0,0.0,0.0,0.0,0.0,2.6227918,2.5744445,2,-1,0,0.16123042,0
19,30,1,0,0,-55.71692,-109.581085,13.309644,-0.02217715,0.0043122033,0.028689248,13.557702,13.3955555,2,-1,0,0.9963147,1
19,30,1,0,0,-55.71692,-109.581085,13.309644,-0.02217715,0.0043122033,0.028689248,2.692278,2.7358334,2,-1,0,0.59986347,1
19,9,0,0,0,0.0,0.0,0.0,0.0,0.0,0.0,1.9693612,2.0133333,2,-1,0,0.093423665,0
19,3,0,0,0,0.0,0.0,0.0,0.0,0.0,0.0,2.2127917,2.2641666,2,-1,0,0.14589301,0
19,10,0,0,0,0.0,0.0,0.0,0.0,0.0,0.0,2.1558821,2.1580555,2,-1,0,0.08406182,0
19,15,0,0,0,0.0,0.0,0.0,0.0,0.0,0.0,2.2445,2.1377778,2,-1,0,0.06624863,0
19,16,0,0,0,0.0,0.0,0.0,0.0,0.0,0.0,2.4448335,2.3802779,2,-1,0,0.10519267,0
19,9,0,0,0,0.0,0.0,0.0,0.0,0.0,0.0,2.167125,2.083611,2,-1,0,0.08640318,0
19,27,0,0,0,0.0,0.0,0.0,0.0,0.0,0.0,2.2892778,2.2833333,2,-1,0,0.2250337,0
19,8,1,1,0,73.34851,-582.8666,400.88162,-0.0031315712,-0.0023808493,0.005796591,9.550249,9.422222,2,4,1,0.98727036,1
19,31,0,0,0,0.0,0.0,0.0,0.0,0.0,0.0,2.36025,2.3572223,2,-1,0,0.119224526,0
19,28,0,0,0,0.0,0.0,0.0,0.0,0.0,0.0,2.142,2.139722,2,-1,0,0.09895199,0
19,32,0,0,0,0.0,0.0,0.0,0.0,0.0,0.0,1.9960696,2.0194445,2,-1,0,0.13292544,0
19,22,0,0,0,0.0,0.0,0.0,0.0,0.0,0.0,2.0011318,2.0611112,2,-1,0,0.070818864,0
19,27,0,0,0,0.0,0.0,0.0,0.0,0.0,0.0,2.1916182,2.1855555,2,-1,0,0.026291825,0
19,7,0,0,0,0.0,0.0,0.0,0.0,0.0,0.0,2.071514,2.1658332,2,-1,0,0.09559312,0
19,6,0,0,0,0.0,0.0,0.0,0.0,0.0,0.0,2.9671874,2.8047223,2,-1,0,0.5102766,1
19,4,0,0,0,0.0,0.0,0.0,0.0,0.0,0.0,1.9780625,2.0180554,2,-1,0,0.0845402,0
19,39,1,0,0,166.30193,476.08398,242.32741,-0.0041367975,-0.014561619,0.0021984156,5.488854,5.6455555,2,-1,0,0.9496968,1
19,30,0,0,0,0.0,0.0,0.0,0.0,0.0,0.0,2.1128335,2.1436112,2,-1,0,0.07823573,0
19,27,0,0,0,0.0,0.0,0.0,0.0,0.0,0.0,2.237472,2.2475,2,-1,0,0.04702062,0
19,13,1,1,0,101.5536,-367.55618,152.3257,0.0027263395,-0.030096175,0.012820241,26.78536,23.779444,2,5,1,0.99884784,1
19,13,1,0,0,101.5536,-367.55618,152.3257,0.0027263395,-0.030096175,0.012820241,2.6426735,2.6644444,2,-1,0,0.86149895,1
19,33,0,0,0,0.0,0.0,0.0,0.0,0.0,0.0,2.0449443,2.1019444,2,-1,0,0.037891556,0
19,13,1,0,0,101.5536,-367.55618,152.3257,0.0027263395,-0.030096175,0.012820241,9.014819,9.163889,2,-1,0,0.9871536,1
19,6,0,0,0,0.0,0.0,0.0,0.0,0.0,0.0,2.473028,2.4752777,2,-1,0,0.07862956,0
19,29,0,0,0,0.0,0.0,0.0,0.0,0.0,0.0,2.2227778,2.1641667,2,-1,0,0.112698436,0
19,25,0,0,0,0.0,0.0,0.0,0.0,0.0,0.0,2.0266387,2.0222223,2,-1,0,0.09004694,0
19,38,1,0,0,-151.26459,46.512184,28.205383,0.005084389,0.0023025991,0.006777252,5.6173882,5.634444,2,-1,0,0.985209,1
19,11,0,0,0,0.0,0.0,0.0,0.0,0.0,0.0,2.7838542,2.8930554,2,-1,0,0.47235292,0
19,31,0,0,0,0.0,0.0,0.0,0.0,0.0,0.0,2.7648888,2.7963889,2,-1,0,0.25562814,0
19,31,0,0,0,0.0,0.0,0.0,0.0,0.0,0.0,2.0465555,2.0833333,2,-1,0,0.08217128,0
19,38,0,0,0,0.0,0.0,0.0,0.0,0.0,0.0,1.9943819,2.0130556,2,-1,0,0.082127474,0
19,7,0,0,0,0.0,0.0,0.0,0.0,0.0,0.0,2.0619307,-1.0,2,-1,0,0.0851954,0
19,9,0,0,0,0.0,0.0,0.0,0.0,0.0,0.0,2.7999446,2.7166667,2,-1,0,0.08870156,0
19,35,0,0,0,0.0,0.0,0.0,0.0,0.0,0.0,2.3504443,2.3155556,2,-1,0,0.08550928,0
19,9,0,0,0,0.0,0.0,0.0,0.0,0.0,0.0,2.135889,2.1311111,2,-1,0,0.11495191,0
19,37,0,0,0,0.0,0.0,0.0,0.0,0.0,0.0,2.7933886,2.855,2,-1,0,0.16361463,0
19,1,0,0,0,0.0,0.0,0.0,0.0,0.0,0.0,2.280486,2.2461112,2,-1,0,0.14365241,0
19,7,1,1,0,-149.13309,-62.62206,257.47495,-0.022246934,-0.022459578,-0.0002758254,29.081875,28.991945,2,6,1,0.9939247,1
19,38,1,1,0,-151.26459,46.512184,28.205383,0.005084389,0.0023025991,0.006777252,8.921431,8.773056,2,7,1,0.9819578,1
19,7,1,0,0,-149.13309,-62.62206,257.47495,-0.022246934,-0.022459578,-0.0002758254,4.410458,4.472778,2,-1,0,0.44223374,0
19,9,1,1,0,-160.1791,310.26672,275.794,0.011509406,0.0076702405,-0.015487113,21.511576,21.473333,2,8,1,0.998926,1
19,32,1,0,0,-170.13843,-594.5194,163.52634,-0.0049002166,0.024688737,0.021107463,5.8032637,5.765,2,-1,0,0.9861653,1
19,9,1,0,0,-160.1791,310.26672,275.794,0.011509406,0.0076702405,-0.015487113,6.3950276,6.3869443,2,-1,0,0.991723,1
19,39,1,1,0,166.30193,476.08398,242.32741,-0.0041367975,-0.014561619,0.0021984156,16.873999,17.0675,2,9,1,0.9999856,1
19,4,0,0,0,0.0,0.0,0.0,0.0,0.0,0.0,2.2326043,2.2822223,2,-1,0,0.09461175,0
19,32,1,1,0,-170.13843,-594.5194,163.52634,-0.0049002166,0.024688737,0.021107463,17.058159,17.249445,2,10,1,0.94528717,1
19,16,1,1,0,-168.41713,207.24284,258.273,-0.0023006524,0.003968557,0.0076390635,6.9022503,7.0005555,2,11,1,0.9834359,1
19,16,1,0,0,-168.41713,207.24284,258.273,-0.0023006524,0.003968557,0.0076390635,2.705104,0.7152778,2,-1,0,0.29626134,0
19,10,0,0,0,0.0,0.0,0.0,0.0,0.0,0.0,2.2706668,2.2613888,2,-1,0,0.104332775,0
19,32,1,0,0,-170.13843,-594.5194,163.52634,-0.0049002166,0.024688737,0.021107463,14.008188,7.7319446,2,-1,0,0.9994234,1
19,29,0,0,0,0.0,0.0,0.0,0.0,0.0,0.0,2.0399303,2.008889,2,-1,0,0.089139186,0
19,18,1,0,0,189.03871,462.2983,275.70392,-0.013393248,0.01523186,0.03502288,4.347361,4.288611,2,-1,0,0.98960435,1
19,23,1,0,0,187.13525,-276.3713,280.82715,-0.019504942,0.014727789,0.025161108,6.5656805,6.096667,2,-1,0,0.9343355,1
19,23,1,1,0,187.13525,-276.3713,280.82715,-0.019504942,0.014727789,0.025161108,29.219145,28.98639,2,12,1,0.9996251,1
19,18,1,1,0,189.03871,462.2983,275.70392,-0.013393248,0.01523186,0.03502288,33.101585,32.941113,2,13,1,0.99999356,1
19,8,0,0,0,0.0,0.0,0.0,0.0,0.0,0.0,2.3802779,2.3580556,2,-1,0,0.13272789,0
19,18,1,0,0,189.03871,462.2983,275.70392,-0.013393248,0.01523186,0.03502288,2.9152915,2.9172223,2,-1,0,0.9051503,1
19,34,0,0,0,0.0,0.0,0.0,0.0,0.0,0.0,2.4580693,2.4430556,2,-1,0,0.14002006,0
19,11,0,0,0,0.0,0.0,0.0,0.0,0.0,0.0,2.395285,2.4269445,2,-1,0,0.11346683,0
19,2,0,0,0,0.0,0.0,0.0,0.0,0.0,0.0,2.6458542,2.6519444,2,-1,0,0.085251644,0
19,12,0,0,0,0.0,0.0,0.0,0.0,0.0,0.0,2.688514,2.6872222,2,-1,0,0.19210072,0
19,7,0,0,0,0.0,0.0,0.0,0.0,0.0,0.0,2.1837082,2.2016666,2,-1,0,0.11789354,0
19,26,0,0,0,0.0,0.0,0.0,0.0,0.0,0.0,2.0251112,2.0227778,2,-1,0,0.09922787,0
19,15,1,1,0,198.993,-189.2277,176.03444,-0.008601291,0.03698919,-0.009756573,33.448734,31.090279,2,14,1,0.93815714,1
19,32,0,0,0,0.0,0.0,0.0,0.0,0.0,0.0,2.350507,2.4194446,2,-1,0,0.10683456,0
19,15,1,0,0,198.993,-189.2277,176.03444,-0.008601291,0.03698919,-0.009756573,5.469896,5.3941665,2,-1,0,0.9810889,1
19,16,0,0,0,0.0,0.0,0.0,0.0,0.0,0.0,2.2134929,2.1622221,2,-1,0,0.29643726,0
19,13,0,0,0,0.0,0.0,0.0,0.0,0.0,0.0,2.5437708,2.526389,2,-1,0,0.044202577,0
19,4,1,0,0,-203.14569,123.3905,201.94322,-0.016495548,-0.010089889,-0.027424183,3.1443403,3.1855555,2,-1,0,0.8875281,1
19,40,0,0,0,0.0,0.0,0.0,0.0,0.0,0.0,2.7336252,2.7727778,2,-1,0,0.112938166,0
19,4,1,1,0,-203.14569,123.3905,201.94322,-0.016495548,-0.010089889,-0.027424183,18.014936,16.910555,2,15,1,0.93670416,1
19,40,0,0,0,0.0,0.0,0.0,0.0,0.0,0.0,2.096896,2.1025,2,-1,0,0.031348884,0
19,20,1,1,0,-206.01445,-305.82974,337.70538,-0.020506639,0.020679101,0.015229112,25.74652,23.62861,2,16,1,0.997393,1
19,20,1,0,0,-206.01445,-305.82974,337.70538,-0.020506639,0.020679101,0.015229112,5.506674,5.513889,2,-1,0,0.9895399,1
19,25,0,0,0,0.0,0.0,0.0,0.0,0.0,0.0,2.449368,2.4247222,2,-1,0,0.09633432,0
19,16,0,0,0,0.0,0.0,0.0,0.0,0.0,0.0,2.4555,2.3747222,2,-1,0,0.07513226,0
19,25,0,0,0,0.0,0.0,0.0,0.0,0.0,0.0,2.079021,2.0777779,2,-1,0,0.11435732,0
19,14,1,1,0,216.32816,358.98346,42.131313,-0.0111888,-0.008432971,0.010828372,17.141048,16.070278,2,17,1,0.9915047,1
19,20,1,0,0,-206.01445,-305.82974,337.70538,-0.020506639,0.020679101,0.015229112,4.8535485,4.6161113,2,-1,0,0.953853,1
19,11,1,0,0,258.98972,519.08075,353.71008,0.013517336,-0.011588519,-0.010399792,3.0908542,3.1383333,2,-1,0,0.5650122,1
19,9,0,0,0,0.0,0.0,0.0,0.0,0.0,0.0,2.1841457,2.2633333,2,-1,0,0.077647,0
19,17,0,0,0,0.0,0.0,0.0,0.0,0.0,0.0,2.0023541,2.0155556,2,-1,0,0.06738017,0
19,40,0,0,0,0.0,0.0,0.0,0.0,0.0,0.0,2.5698612,2.4933333,2,-1,0,0.2791388,0
19,34,0,0,0,0.0,0.0,0.0,0.0,0.0,0.0,2.5070558,2.4569445,2,-1,0,0.12687106,0
19,4,0,0,0,0.0,0.0,0.0,0.0,0.0,0.0,2.120646,2.118611,2,-1,0,0.07027659,0
19,35,1,1,0,-225.41296,-540.4106,2.5234873,-0.015261714,-0.0150310295,-0.0137474155,8.704034,7.256111,2,18,1,0.9845071,1
19,35,1,0,0,-225.41296,-540.4106,2.5234873,-0.015261714,-0.0150310295,-0.0137474155,4.5807085,4.528611,2,-1,0,0.9632789,1
19,9,0,0,0,0.0,0.0,0.0,0.0,0.0,0.0,2.5328612,2.5425,2,-1,0,0.084768765,0
19,34,0,0,0,0.0,0.0,0.0,0.0,0.0,0.0,3.0176528,3.0308332,2,-1,0,0.082413204,0
19,40,0,0,0,0.0,0.0,0.0,0.0,0.0,0.0,2.1022222,2.0422223,2,-1,0,0.07911853,0
19,25,0,0,0,0.0,0.0,0.0,0.0,0.0,0.0,2.0458333,2.05,2,-1,0,0.11910677,0
19,6,1,1,0,-243.87146,-5.0473876,138.73463,0.0066453707,0.004825362,0.0077472255,4.029097,4.0669446,2,19,1,0.9593834,1
19,39,0,0,0,0.0,0.0,0.0,0.0,0.0,0.0,2.3005137,2.3044446,2,-1,0,0.20346949,0
19,5,1,1,0,-237.3941,-317.53442,59.15458,0.0066982456,0.025632715,0.013567699,31.22088,31.331667,2,20,1,0.9988398,1
19,24,1,1,0,-238.57109,-379.5979,50.484894,-0.029172542,0.024792582,-0.0003456834,32.071514,19.346111,2,21,1,0.97838575,1
19,17,0,0,0,0.0,0.0,0.0,0.0,0.0,0.0,2.2047846,2.1469445,2,-1,0,0.082739405,0
19,6,0,0,0,0.0,0.0,0.0,0.0,0.0,0.0,6.6605625,-1.0,2,-1,0,0.9698398,1
19,21,0,0,0,0.0,0.0,0.0,0.0,0.0,0.0,1.9727083,2.03,2,-1,0,0.08705986,0
19,10,1,0,0,266.60867,383.85876,437.36118,-0.021947514,0.015626231,-0.007674357,4.3733406,4.365556,2,-1,0,0.9865124,1
19,25,0,0,0,0.0,0.0,0.0,0.0,0.0,0.0,2.236639,2.2566667,2,-1,0,0.10416299,0
19,31,1,0,0,-277.34076,277.46875,219.26591,0.016630316,0.003931635,0.02005735,4.7082086,4.713333,2,-1,0,0.9683409,1
19,33,1,0,0,-255.29318,372.744,344.81308,0.012021324,0.007133777,0.035816062,7.114028,6.9358335,2,-1,0,0.99880683,1
19,24,0,0,0,0.0,0.0,0.0,0.0,0.0,0.0,2.5815349,2.5816667,2,-1,0,0.102583125,0
19,33,1,1,0,-255.29318,372.744,344.81308,0.012021324,0.007133777,0.035816062,28.06201,27.331667,2,22,1,0.99657613,1
19,28,1,0,0,261.13202,-544.66864,334.3502,0.013020305,0.0033593986,0.004622427,4.706569,4.653333,2,-1,0,0.9866828,1
19,19,0,0,0,0.0,0.0,0.0,0.0,0.0,0.0,2.0625417,2.0691667,2,-1,0,0.008318878,0
19,28,0,0,0,0.0,0.0,0.0,0.0,0.0,0.0,2.0056388,2.0397222,2,-1,0,0.10625227,0
19,24,1,0,0,-238.57109,-379.5979,50.484894,-0.029172542,0.024792582,-0.0003456834,2.053611,2.0733333,2,-1,0,0.08894722,0
19,10,1,1,0,266.60867,383.85876,437.36118,-0.021947514,0.015626231,-0.007674357,24.753185,20.787222,2,23,1,0.9881207,1
19,28,1,1,0,261.13202,-544.66864,334.3502,0.013020305,0.0033593986,0.004622427,14.695139,14.842778,2,24,1,0.9942708,1
19,19,0,0,0,0.0,0.0,0.0,0.0,0.0,0.0,2.1376388,2.1336112,2,-1,0,0.07646898,0
19,11,1,1,0,262.88126,551.9013,317.08234,0.013517336,-0.011588519,-0.010399792,11.02325,11.0419445,2,25,1,0.9953601,1
19,7,0,0,0,0.0,0.0,0.0,0.0,0.0,0.0,2.3766112,2.3469443,2,-1,0,0.14401142,0
19,11,1,0,0,262.88126,551.9013,317.08234,0.013517336,-0.011588519,-0.010399792,7.730188,7.7991667,2,-1,0,0.95050204,1
19,2,0,0,0,0.0,0.0,0.0,0.0,0.0,0.0,12.723244,-1.0,2,-1,0,0.9985482,1
19,2,0,0,0,0.0,0.0,0.0,0.0,0.0,0.0,3.5924306,-1.0,2,-1,0,0.8344276,1
19,29,0,0,0,0.0,0.0,0.0,0.0,0.0,0.0,19.949293,-1.0,2,-1,0,0.9011106,1
19,29,0,0,0,0.0,0.0,0.0,0.0,0.0,0.0,5.623729,-1.0,2,-1,0,0.97886616,1
19,15,0,0,0,0.0,0.0,0.0,0.0,0.0,0.0,2.2418056,2.251111,2,-1,0,0.0947048,0
19,28,0,0,0,0.0,0.0,0.0,0.0,0.0,0.0,2.3713613,2.3672223,2,-1,0,0.11272967,0
19,31,1,1,0,-277.34076,277.46875,219.26591,0.016630316,0.003931635,0.02005735,20.169472,20.044445,2,26,1,0.999705,1
19,4,1,0,0,-203.14569,123.3905,201.94322,-0.016495548,-0.010089889,-0.027424183,13.327541,13.379444,2,-1,0,0.9601957,1
19,21,1,1,0,278.94147,8.741756,119.49595,-0.009927438,-0.0015273651,0.022901991,20.261206,20.1575,2,27,1,0.9855562,1
19,40,1,1,0,-283.8672,37.713654,69.99854,0.011964878,-0.016044071,0.006249323,20.698984,20.410278,2,28,1,0.9837647,1
19,21,1,0,0,278.94147,8.741756,119.49595,-0.009927438,-0.0015273651,0.022901991,3.4950418,3.6394444,2,-1,0,0.92709124,1
19,28,0,0,0,0.0,0.0,0.0,0.0,0.0,0.0,2.4847918,2.3569446,2,-1,0,0.16616018,0
19,36,1,1,0,-281.483,-75.19696,18.597843,-0.000100675694,-2.2941387e-05,0.035439905,23.833723,23.998611,2,29,1,0.9997093,1
19,36,1,0,0,-281.483,-75.19696,18.597843,-0.000100675694,-2.2941387e-05,0.035439905,11.54627,11.465278,2,-1,0,0.9959254,1
19,17,1,1,0,291.1405,555.00885,117.24165,-0.01129437,0.005300874,-0.003464643,11.400486,11.455,2,30,1,0.992539,1
19,34,0,0,0,0.0,0.0,0.0,0.0,0.0,0.0,9.005083,-1.0,2,-1,0,0.9896998,1
19,36,1,0,0,-281.483,-75.19696,18.597843,-0.000100675694,-2.2941387e-05,0.035439905,2.2722502,2.2183332,2,-1,0,0.14797924,0
19,36,1,0,0,-281.483,-75.19696,18.597843,-0.000100675694,-2.2941387e-05,0.035439905,4.4009585,4.3475,2,-1,0,0.9713628,1
19,30,0,0,0,0.0,0.0,0.0,0.0,0.0,0.0,2.6559582,2.6483333,2,-1,0,0.17624041,0
19,17,0,0,0,0.0,0.0,0.0,0.0,0.0,0.0,2.172021,2.2341666,2,-1,0,0.091004305,0
19,17,1,0,0,291.1405,555.00885,117.24165,-0.01129437,0.005300874,-0.003464643,2.1372085,2.0683334,2,-1,0,0.10661658,0
19,7,0,0,0,0.0,0.0,0.0,0.0,0.0,0.0,2.1075556,2.2472222,2,-1,0,0.13190857,0
19,39,0,0,0,0.0,0.0,0.0,0.0,0.0,0.0,2.8161805,2.7275,2,-1,0,0.10928976,0
19,1,1,1,0,312.30804,-278.86963,201.3624,-0.007519935,-0.014067205,-1.29955915e-05,9.952826,9.975555,2,31,1,0.98958546,1
19,40,1,0,0,-294.92535,196.9855,341.08377,0.011964878,-0.016044071,0.006249323,2.662722,2.716389,2,-1,0,0.2091273,0
19,6,0,0,0,0.0,0.0,0.0,0.0,0.0,0.0,2.0467222,2.0811112,2,-1,0,0.09342875,0
19,18,0,0,0,0.0,0.0,0.0,0.0,0.0,0.0,2.093653,2.0916667,2,-1,0,0.08330998,0
19,22,1,1,0,307.94308,322.8667,422.59125,0.03080866,0.020811288,-0.008293486,31.323153,26.228056,2,32,1,0.9999778,1
19,12,0,0,0,0.0,0.0,0.0,0.0,0.0,0.0,2.0518541,2.0491667,2,-1,0,0.08899345,0
19,1,1,0,0,312.30804,-278.86963,201.3624,-0.007519935,-0.014067205,-1.29955915e-05,5.961528,5.9594445,2,-1,0,0.97527844,1
19,11,0,0,0,0.0,0.0,0.0,0.0,0.0,0.0,2.4785416,2.543611,2,-1,0,0.06880406,0
19,18,0,0,0,0.0,0.0,0.0,0.0,0.0,0.0,2.5607986,2.6347222,2,-1,0,0.15929742,0
19,17,1,0,0,291.1405,555.00885,117.24165,-0.01129437,0.005300874,-0.003464643,2.6742501,2.6444445,2,-1,0,0.7126625,1
19,8,0,0,0,0.0,0.0,0.0,0.0,0.0,0.0,2.1231043,2.1158333,2,-1,0,0.124053515,0
19,6,0,0,0,0.0,0.0,0.0,0.0,0.0,0.0,2.368389,2.3244445,2,-1,0,0.08114726,0
19,22,1,0,0,307.94308,322.8667,422.59125,0.03080866,0.020811288,-0.008293486,2.0146668,2.0397222,2,-1,0,0.13866074,0
19,24,1,0,0,-238.57109,-379.5979,50.484894,-0.029172542,0.024792582,-0.0003456834,2.3002849,2.34,2,-1,0,0.10077057,0
19,32,0,0,0,0.0,0.0,0.0,0.0,0.0,0.0,2.6228473,2.5666666,2,-1,0,0.104430914,0
19,7,0,0,0,0.0,0.0,0.0,0.0,0.0,0.0,2.360389,2.416111,2,-1,0,0.040414214,0
19,38,0,0,0,0.0,0.0,0.0,0.0,0.0,0.0,2.2831874,2.2466667,2,-1,0,0.075490825,0
19,25,1,1,0,335.86975,-465.7943,258.95367,0.0048219906,0.01479598,0.025808247,14.538687,14.458889,2,33,1,0.9621691,1
19,25,1,0,0,335.86975,-465.7943,258.95367,0.0048219906,0.01479598,0.025808247,13.975784,13.384167,2,-1,0,0.9860561,1
19,25,1,0,0,335.86975,-465.7943,258.95367,0.0048219906,0.01479598,0.025808247,2.300535,2.3080556,2,-1,0,0.100256346,0
19,30,0,0,0,0.0,0.0,0.0,0.0,0.0,0.0,2.1787083,2.2347221,2,-1,0,0.08681104,0
19,31,0,0,0,0.0,0.0,0.0,0.0,0.0,0.0,2.47125,2.5291667,2,-1,0,0.09377538,0
19,29,0,0,0,0.0,0.0,0.0,0.0,0.0,0.0,2.2060974,2.243611,2,-1,0,0.11031873,0
19,14,0,0,0,0.0,0.0,0.0,0.0,0.0,0.0,2.1627986,1.79,2,-1,0,0.039468255,0
19,40,0,0,0,0.0,0.0,0.0,0.0,0.0,0.0,2.0251806,2.0363889,2,-1,0,0.08733461,0
19,3,1,1,0,346.22296,167.26625,142.35117,0.00064473884,0.019712633,-0.011137581,21.164145,21.4225,2,34,1,0.9960901,1
19,37,1,1,0,-348.17795,260.75076,424.25662,-0.0009663606,0.008473099,0.01503093,14.709195,14.646944,2,35,1,0.9792022,1
19,32,0,0,0,0.0,0.0,0.0,0.0,0.0,0.0,2.0845833,2.0252779,2,-1,0,0.09492869,0
19,26,0,0,0,0.0,0.0,0.0,0.0,0.0,0.0,5.9812293,-1.0,2,-1,0,0.97399193,1
19,14,0,0,0,0.0,0.0,0.0,0.0,0.0,0.0,2.4023888,2.4113889,2,-1,0,0.15071186,0
19,39,0,0,0,0.0,0.0,0.0,0.0,0.0,0.0,2.2653055,2.2894444,2,-1,0,0.156935,0
19,22,0,0,0,0.0,0.0,0.0,0.0,0.0,0.0,2.605236,2.685,2,-1,0,0.14054947,0
19,26,1,1,0,362.40417,-580.5235,288.3781,-0.001499407,0.015416853,-0.008284811,17.49575,17.455833,2,36,1,0.9902,1
19,2,0,0,0,0.0,0.0,0.0,0.0,0.0,0.0,2.5916805,2.628611,2,-1,0,0.1330351,0
19,17,0,0,0,0.0,0.0,0.0,0.0,0.0,0.0,2.6792846,2.6225,2,-1,0,0.22525473,0
19,40,1,0,0,-294.92535,196.9855,341.08377,0.011964878,-0.016044071,0.006249323,2.8715348,3.0055556,2,-1,0,0.8323723,1
19,12,0,0,0,0.0,0.0,0.0,0.0,0.0,0.0,2.3678682,2.3883333,2,-1,0,0.11388739,0
19,34,0,0,0,0.0,0.0,0.0,0.0,0.0,0.0,2.6581945,2.6277778,2,-1,0,0.22993441,0
19,38,0,0,0,0.0,0.0,0.0,0.0,0.0,0.0,2.0453682,2.0777779,2,-1,0,0.041935027,0
19,24,0,0,0,0.0,0.0,0.0,0.0,0.0,0.0,2.3073888,2.2808332,2,-1,0,0.10137863,0
19,4,0,0,0,0.0,0.0,0.0,0.0,0.0,0.0,2.4536388,2.41,2,-1,0,0.11655605,0
19,19,0,0,0,0.0,0.0,0.0,0.0,0.0,0.0,2.325576,2.2847223,2,-1,0,0.19641127,0
19,32,0,0,0,0.0,0.0,0.0,0.0,0.0,0.0,2.4448054,2.4966667,2,-1,0,0.10337388,0
19,6,0,0,0,0.0,0.0,0.0,0.0,0.0,0.0,2.163625,2.051389,2,-1,0,0.05208037,0
19,30,0,0,0,0.0,0.0,0.0,0.0,0.0,0.0,2.3017778,2.35,2,-1,0,0.10582608,0
19,16,0,0,0,0.0,0.0,0.0,0.0,0.0,0.0,2.089125,2.0591667,2,-1,0,0.049212474,0
19,15,0,0,0,0.0,0.0,0.0,0.0,0.0,0.0,2.2271042,2.1713889,2,-1,0,0.088938355,0
19,34,0,0,0,0.0,0.0,0.0,0.0,0.0,0.0,2.3094373,2.3202777,2,-1,0,0.09470584,0
19,13,0,0,0,0.0,0.0,0.0,0.0,0.0,0.0,2.2748542,2.2775,2,-1,0,0.11000004,0
19,39,0,0,0,0.0,0.0,0.0,0.0,0.0,0.0,2.5386806,2.5530555,2,-1,0,0.12123844,0
19,39,0,0,0,0.0,0.0,0.0,0.0,0.0,0.0,2.3810835,2.298889,2,-1,0,0.110243954,0
19,24,0,0,0,0.0,0.0,0.0,0.0,0.0,0.0,2.7211318,2.7705555,2,-1,0,0.098420046,0
19,19,0,0,0,0.0,0.0,0.0,0.0,0.0,0.0,2.581271,2.5555556,2,-1,0,0.103647426,0
19,25,0,0,0,0.0,0.0,0.0,0.0,0.0,0.0,2.4430275,2.4397223,2,-1,0,0.0936509,0
19,11,0,0,0,0.0,0.0,0.0,0.0,0.0,0.0,2.683278,2.6947222,2,-1,0,0.13982862,0
19,18,0,0,0,0.0,0.0,0.0,0.0,0.0,0.0,2.2562153,2.256389,2,-1,0,0.09291478,0
19,12,0,0,0,0.0,0.0,0.0,0.0,0.0,0.0,2.474257,2.4491668,2,-1,0,0.07202971,0
19,29,0,0,0,0.0,0.0,0.0,0.0,0.0,0.0,2.2775695,2.3025,2,-1,0,0.06014509,0
