file_index,event,is_marley,is_main_track,is_es_interaction,pos_x,pos_y,pos_z,momentum_x,momentum_y,momentum_z,cluster_energy,particle_energy,plane_id,match_id,true_label,prediction_prob,predicted_label
0,18,1,1,0,-27.394585,-365.05563,384.27182,-0.020028042,0.0069851866,0.024831317,40.005566,39.976665,2,0,1,0.9967097,1
0,20,1,1,0,-55.796913,-602.42267,142.90088,0.017400477,0.0036991257,-0.0116031105,10.626569,10.601944,2,1,1,0.9811972,1
0,28,0,0,0,0.0,0.0,0.0,0.0,0.0,0.0,15.8324175,-1.0,2,-1,0,0.9919734,1
0,28,0,0,0,0.0,0.0,0.0,0.0,0.0,0.0,6.9931736,-1.0,2,-1,0,0.99220467,1
0,34,1,1,0,-60.1733,-160.18677,346.05743,0.009242539,0.0088036535,0.00028710495,15.690286,15.5622225,2,2,1,0.9853656,1
0,1,1,1,0,-57.608883,-409.70642,296.44098,-0.0085333865,0.058650587,-0.0047506043,49.350548,40.753056,2,3,1,0.99996984,1
0,1,1,0,0,-57.608883,-409.70642,296.44098,-0.0085333865,0.058650587,-0.0047506043,6.3581395,3.985278,2,-1,0,0.96749777,1
0,1,1,0,0,-57.608883,-409.70642,296.44098,-0.0085333865,0.058650587,-0.0047506043,4.3244996,4.2944446,2,-1,0,0.9769403,1
0,1,1,0,0,-57.608883,-409.70642,296.44098,-0.0085333865,0.058650587,-0.0047506043,4.61582,4.5172224,2,-1,0,0.9701282,1
0,1,1,0,0,-57.608883,-409.70642,296.44098,-0.0085333865,0.058650587,-0.0047506043,4.7892222,4.6444445,2,-1,0,0.9850013,1
0,22,1,1,0,-69.92111,-481.99734,111.06774,0.009839411,-0.010579233,-0.0006012334,16.425438,16.569445,2,4,1,0.99732566,1
0,26,1,1,0,96.18769,-487.72784,361.324,0.014681096,0.017182281,0.005222273,20.215681,9.115833,2,5,1,0.9662252,1
0,15,1,1,0,99.652855,-201.74858,142.26591,0.0057632755,-0.007380265,-0.030581212,13.357333,13.381389,2,6,1,0.9839761,1
0,15,1,0,0,99.652855,-201.74858,142.26591,0.0057632755,-0.007380265,-0.030581212,4.391437,4.4405556,2,-1,0,0.9845724,1
0,15,1,0,0,99.652855,-201.74858,142.26591,0.0057632755,-0.007380265,-0.030581212,12.919215,12.846111,2,-1,0,0.97297883,1
0,15,1,0,0,99.652855,-201.74858,142.26591,0.0057632755,-0.007380265,-0.030581212,3.319389,3.323611,2,-1,0,0.50039035,1
0,36,0,0,0,0.0,0.0,0.0,0.0,0.0,0.0,8.818438,-1.0,2,-1,0,0.9998872,1
0,33,1,1,0,-109.29879,411.8829,140.08708,0.004021017,0.022293953,0.019149018,32.032192,31.993334,2,7,1,0.98221266,1
0,32,1,0,0,156.41159,39.543827,46.98833,-0.007540704,-0.010354146,0.011791785,3.1678336,3.1494443,2,-1,0,0.83911926,1
0,17,1,1,0,-152.78711,-95.08718,309.3108,0.005027909,-0.004727229,-0.0018763902,6.7945347,6.673611,2,8,1,0.99365175,1
0,28,0,0,0,0.0,0.0,0.0,0.0,0.0,0.0,13.615673,-1.0,2,-1,0,0.9752993,1
0,32,1,1,0,156.41159,39.543827,46.98833,-0.007540704,-0.010354146,0.011791785,13.232626,13.488611,2,9,1,0.9998548,1
0,14,1,0,0,191.9912,-341.32114,39.797237,-0.01464824,-0.025831344,0.020994864,11.042104,11.174167,2,-1,0,0.9967541,1
0,3,1,1,0,-165.48386,-487.36212,255.69337,-0.012902225,0.016396152,0.0074334303,13.279659,13.277778,2,10,1,0.97805357,1
0,35,1,1,0,-166.3256,-528.53424,90.158806,-0.016023563,-0.016215522,0.021931954,18.453318,18.56611,2,11,1,0.9893546,1
0,35,1,0,0,-166.3256,-528.53424,90.158806,-0.016023563,-0.016215522,0.021931954,13.107792,13.025833,2,-1,0,0.9703563,1
0,38,1,1,0,-174.79272,-356.62817,190.34752,-0.00035116405,-0.0023148095,0.0067579434,7.6532917,7.591111,2,12,1,0.9785705,1
0,31,1,1,0,-178.30461,-490.1952,298.90506,-0.0050645266,0.016426217,-0.0062446496,19.882648,11.393056,2,13,1,0.98560125,1
0,7,1,0,0,193.57498,-463.49957,71.36929,-0.026042731,-0.037338395,-0.048610397,4.5919304,4.479722,2,-1,0,0.9845152,1
0,32,0,0,0,0.0,0.0,0.0,0.0,0.0,0.0,3.026132,3.0558333,2,-1,0,0.714412,1
0,36,1,1,0,-191.32068,-298.5298,278.31943,0.039951727,-0.040824704,0.008392701,2.8709517,2.7994444,2,14,1,0.5564144,1
0,3,1,0,0,-165.48386,-487.36212,255.69337,-0.012902225,0.016396152,0.0074334303,9.292111,9.486667,2,-1,0,0.992446,1
0,14,1,1,0,191.9912,-341.32114,39.797237,-0.01464824,-0.025831344,0.020994864,27.724401,27.462223,2,15,1,0.96145463,1
0,21,1,1,0,197.01051,318.95035,417.77277,-0.018277083,-0.0011671307,-0.01668512,22.417437,16.835833,2,16,1,0.9998658,1
0,21,1,0,0,197.01051,318.95035,417.77277,-0.018277083,-0.0011671307,-0.01668512,5.033986,4.9608335,2,-1,0,0.94850904,1
0,7,1,1,0,193.57498,-463.49957,71.36929,-0.026042731,-0.037338395,-0.048610397,21.223812,21.32361,2,17,1,0.9941964,1
0,7,1,0,0,193.57498,-463.49957,71.36929,-0.026042731,-0.037338395,-0.048610397,17.41761,17.439444,2,-1,0,0.97570896,1
0,7,1,0,0,193.57498,-463.49957,71.36929,-0.026042731,-0.037338395,-0.048610397,16.85802,16.70139,2,-1,0,0.9933368,1
0,7,1,0,0,193.57498,-463.49957,71.36929,-0.026042731,-0.037338395,-0.048610397,6.7283683,6.8369446,2,-1,0,0.97219175,1
0,36,0,0,0,0.0,0.0,0.0,0.0,0.0,0.0,16.124569,-1.0,2,-1,0,0.95123667,1
0,2,1,1,0,222.47446,497.30096,58.78275,0.003263117,-0.0043958384,0.0030036045,6.4737706,6.3744445,2,18,1,0.95282614,1
0,25,1,1,0,-228.11467,-596.3371,43.83913,-0.020735182,0.0046700854,-0.0014557969,19.35511,19.421944,2,19,1,0.9996196,1
0,13,1,1,0,-244.38734,217.9675,394.85922,0.020994965,0.0088609485,-0.013525722,20.95619,21.03389,2,20,1,0.96410066,1
0,13,1,0,0,-244.38734,217.9675,394.85922,0.020994965,0.0088609485,-0.013525722,5.936819,5.8919444,2,-1,0,0.9885584,1
0,27,1,1,0,244.44913,44.65758,448.5144,0.014400954,-0.0067625176,-0.01666734,17.043903,17.074167,2,21,1,0.9845376,1
0,36,0,0,0,0.0,0.0,0.0,0.0,0.0,0.0,22.35968,-1.0,2,-1,0,0.9780005,1
0,36,0,0,0,0.0,0.0,0.0,0.0,0.0,0.0,8.951743,-1.0,2,-1,0,0.7190349,1
0,40,1,1,0,-252.62479,171.55229,277.88953,-0.032443415,-0.0028475723,0.0094574755,31.266117,31.946112,2,22,1,0.9959204,1
0,29,1,1,0,254.92673,434.51773,166.9341,0.01726136,-0.0019112657,0.014050623,13.844507,13.665833,2,23,1,0.9885761,1
0,29,1,0,0,254.92673,434.51773,166.9341,0.01726136,-0.0019112657,0.014050623,7.396778,7.3344445,2,-1,0,0.9756079,1
0,10,1,1,0,262.72507,401.5629,53.270676,0.0011264394,-0.01856806,-0.0127805555,16.507383,12.394167,2,24,1,0.9957177,1
0,10,1,0,0,262.72507,401.5629,53.270676,0.0011264394,-0.01856806,-0.0127805555,8.266417,8.265,2,-1,0,0.9847498,1
0,16,1,1,0,-273.2826,371.21967,234.19408,0.015554272,0.007127361,-0.0010836053,17.740444,17.7025,2,25,1,0.98938507,1
0,27,1,0,0,244.44913,44.65758,448.5144,0.014400954,-0.0067625176,-0.01666734,3.5204723,3.5925,2,-1,0,0.98074967,1
0,19,1,1,0,-282.298,-469.15344,92.76772,-0.024646252,-0.0050882157,-0.03216593,35.141865,34.4775,2,26,1,0.9930743,1
0,24,1,1,0,-291.0803,-365.18204,84.912056,0.0054555936,0.0073266765,-0.012713299,14.34768,14.4997225,2,27,1,0.962141,1
0,8,1,1,0,-311.0721,581.31335,245.62866,0.003022818,0.028875647,-0.02623676,39.694675,39.363056,2,28,1,0.9971105,1
0,12,1,1,0,311.13458,-435.47623,298.11984,0.0025694133,0.016080512,0.0023994583,16.388687,16.438334,2,29,1,0.99947673,1
0,30,1,1,0,319.18237,534.069,118.844124,0.00022453158,-0.0063707465,-0.01651259,17.582548,17.700277,2,30,1,0.98741156,1
0,37,1,1,0,-332.03268,280.22128,450.64908,0.007332348,0.026917627,-0.00834371,30.923416,29.81611,2,31,1,0.99382895,1
0,9,1,1,0,329.84894,516.34485,147.21385,-0.0037123375,0.004929636,0.0003086097,4.021542,4.0433335,2,32,1,0.5400273,1
0,23,1,1,0,-338.78168,104.274124,444.96555,0.022939144,0.010837172,0.0110805165,23.982908,23.96,2,33,1,0.9994449,1
0,4,1,1,0,-347.52118,-543.4069,427.58078,0.0008274166,0.017186137,0.011235391,19.304438,18.511389,2,34,1,0.998844,1
0,11,1,1,0,349.6966,-424.91833,311.92172,0.004047513,-0.0016327864,-0.0031849786,4.94666,4.9641666,2,35,1,0.9717317,1
0,6,1,1,0,-355.41998,33.727043,102.93191,0.0052633355,-0.018341998,-0.016291196,21.513563,9.976944,2,36,1,0.99595237,1
0,39,1,1,0,359.5881,-425.914,355.4335,0.018074637,0.009257636,0.011842373,11.906855,11.9975,2,37,1,0.99004596,1
0,39,1,0,0,359.5881,-425.914,355.4335,0.018074637,0.009257636,0.011842373,7.815632,7.832222,2,-1,0,0.95774776,1
0,39,1,0,0,298.86816,-497.1975,322.62912,0.018074637,0.009257636,0.011842373,3.3783474,3.3222222,2,-1,0,0.9443427,1
0,21,0,0,0,0.0,0.0,0.0,0.0,0.0,0.0,2.700639,2.7030556,2,-1,0,0.5695149,1
1,26,1,1,0,-23.205154,-65.76109,212.58568,0.0013755278,0.0053178477,-0.0007965538,7.212264,7.204167,2,0,1,0.9967625,1
1,7,1,1,0,-31.696537,-57.63507,413.626,0.014693122,0.03572575,0.0096666915,48.06734,48.30361,2,1,1,0.9998055,1
1,18,0,0,0,0.0,0.0,0.0,0.0,0.0,0.0,3.2515626,3.266389,2,-1,0,0.67123467,1
1,15,1,1,0,-40.25647,55.577507,95.52083,-0.01740494,-1.0928198e-05,-0.010961492,18.895014,18.8825,2,2,1,0.98802024,1
1,28,1,1,0,-45.557953,229.42715,169.0525,-0.002360337,-0.013902284,-0.012731714,22.255966,22.019167,2,3,1,0.99664474,1
1,17,0,0,0,0.0,0.0,0.0,0.0,0.0,0.0,20.154943,-1.0,2,-1,0,0.9824144,1
1,12,1,1,0,58.912754,142.38904,389.4586,-0.010864488,-0.0027319863,0.020378096,21.569223,21.366112,2,4,1,0.98464346,1
1,38,0,0,0,0.0,0.0,0.0,0.0,0.0,0.0,5.151534,-1.0,2,-1,0,0.9896423,1
1,4,1,0,0,-66.91295,-13.098666,241.94855,-0.005437791,0.0053079356,0.02215245,3.8248887,3.8608334,2,-1,0,0.8906574,1
1,18,1,1,0,61.78259,-429.4055,398.77634,0.0024253228,-0.003252669,0.021564486,26.386776,26.312222,2,5,1,0.955314,1
1,4,1,1,0,-66.91295,-13.098666,241.94855,-0.005437791,0.0053079356,0.02215245,10.086436,9.216666,2,6,1,0.98092985,1
1,4,1,0,0,-66.91295,-13.098666,241.94855,-0.005437791,0.0053079356,0.02215245,8.967917,8.973056,2,-1,0,0.9884919,1
1,4,1,0,0,-66.91295,-13.098666,241.94855,-0.005437791,0.0053079356,0.02215245,6.630111,6.814722,2,-1,0,0.9889789,1
1,33,1,0,0,-112.37202,470.5658,401.16537,0.02154757,-0.01835764,-0.012530797,3.3353472,3.4983332,2,-1,0,0.76583135,1
1,3,1,1,0,-102.042206,-292.53525,10.54809,0.012979817,0.0067802295,0.021960223,28.990915,7.642778,2,7,1,0.9995028,1
1,3,1,0,0,-102.042206,-292.53525,10.54809,0.012979817,0.0067802295,0.021960223,4.1375413,4.0569444,2,-1,0,0.9499962,1
1,38,0,0,0,0.0,0.0,0.0,0.0,0.0,0.0,10.623055,-1.0,2,-1,0,0.9975581,1
1,33,1,1,0,-112.37202,470.5658,401.16537,0.02154757,-0.01835764,-0.012530797,30.135681,30.364166,2,8,1,0.95177704,1
1,20,1,1,0,121.9742,-481.85468,156.72903,-0.016082074,0.011550998,0.002001591,18.293293,18.318611,2,9,1,0.94209164,1
1,27,1,1,0,-141.19002,323.68463,74.87039,0.010641872,-0.011537524,-0.017346285,25.46759,25.458889,2,10,1,0.9935015,1
1,40,1,1,0,-155.89082,430.7847,346.61462,0.0011873981,-0.010016053,-0.0074831764,13.11734,13.016111,2,11,1,0.9639639,1
1,31,1,0,0,178.50664,-561.11835,173.6993,-0.0061899656,-0.00031136032,-0.030876132,2.97925,2.8811111,2,-1,0,0.8707204,1
1,31,1,1,0,178.50664,-561.11835,173.6993,-0.0061899656,-0.00031136032,-0.030876132,28.809938,29.045834,2,13,1,0.9484612,1
1,8,1,1,0,187.61383,14.603989,7.2699084,-0.015850998,0.00303966,-0.0046779225,15.706383,15.802778,2,14,1,0.87622476,1
1,22,1,1,0,195.22044,189.3351,335.20932,-0.014394715,0.019161414,0.0031657028,24.560139,24.671667,2,15,1,0.97812414,1
1,5,1,1,0,-209.93202,-541.28937,393.3635,-0.010552489,0.017561805,0.00094907644,14.198423,14.286944,2,16,1,0.99517775,1
1,5,1,0,0,-209.93202,-541.28937,393.3635,-0.010552489,0.017561805,0.00094907644,5.0415907,4.9591665,2,-1,0,0.94698775,1
1,23,1,1,0,-212.38522,-481.3501,259.90103,0.0049247295,-0.01899548,0.0029204614,17.79898,9.227222,2,17,1,0.98261297,1
1,5,1,0,0,-209.93202,-541.28937,393.3635,-0.010552489,0.017561805,0.00094907644,4.1021805,4.0594444,2,-1,0,0.94604325,1
1,6,1,1,0,235.14,-243.80043,318.87167,-0.03047695,0.000627411,0.012500878,27.701986,27.84111,2,18,1,0.97749287,1
1,36,1,1,0,-230.30534,-536.34906,340.29254,0.0023865774,-0.007870515,0.008734325,11.396826,11.331667,2,19,1,0.98545605,1
1,6,1,0,0,235.14,-243.80043,318.87167,-0.03047695,0.000627411,0.012500878,3.914139,3.8966668,2,-1,0,0.99663734,1
1,39,1,1,0,238.60468,208.6492,272.28915,-0.013331202,-0.01246963,0.0055544926,14.6425495,14.656944,2,20,1,0.94407564,1
1,39,1,0,0,238.60468,208.6492,272.28915,-0.013331202,-0.01246963,0.0055544926,5.8933682,5.8469443,2,-1,0,0.9639936,1
1,9,1,1,0,-239.92365,302.23672,322.7556,-0.007759911,0.023976577,-0.016180696,22.566813,20.15611,2,21,1,0.9649052,1
1,37,1,1,0,241.25018,364.00668,294.07336,-0.0014186193,0.026502138,0.0082730865,27.183008,27.172777,2,22,1,0.9891824,1
1,14,1,0,0,-242.2796,-513.3116,308.4651,-0.0041971533,0.02231298,-0.020545548,11.784382,11.939445,2,-1,0,0.9903673,1
1,14,1,1,0,-242.2796,-513.3116,308.4651,-0.0041971533,0.02231298,-0.020545548,16.266556,16.187778,2,23,1,0.99451315,1
1,9,1,0,0,-239.92365,302.23672,322.7556,-0.007759911,0.023976577,-0.016180696,3.9964306,3.9608333,2,-1,0,0.96615726,1
1,9,1,0,0,-239.92365,302.23672,322.7556,-0.007759911,0.023976577,-0.016180696,6.008951,5.9358335,2,-1,0,0.98762476,1
1,16,1,0,0,-254.61983,369.52686,218.2906,-0.017857857,0.008990912,0.011383247,11.017458,8.423333,2,-1,0,0.9946702,1
1,16,1,1,0,-254.61983,369.52686,218.2906,-0.017857857,0.008990912,0.011383247,14.179916,14.012777,2,24,1,0.9844008,1
1,19,1,0,0,-256.6202,-535.4908,101.377846,-0.015203994,-0.0011348935,-0.00524546,7.5867915,7.6475,2,-1,0,0.98718125,1
1,19,1,1,0,-256.6202,-535.4908,101.377846,-0.015203994,-0.0011348935,-0.00524546,8.77825,8.768611,2,25,1,0.9820654,1
1,35,1,0,0,-275.61783,455.20108,288.9153,0.031111822,0.0093513075,-0.0076978686,11.492619,11.804444,2,-1,0,0.941419,1
1,11,1,1,0,-269.59915,372.75592,440.87958,0.005020686,-0.03798918,0.029283902,41.632244,41.471943,2,26,1,0.99992895,1
1,21,1,1,0,-265.4568,-173.86388,450.59995,-0.0007077655,-0.022035724,-0.00629475,23.499245,23.875834,2,27,1,0.9752245,1
1,35,1,1,0,-275.61783,455.20108,288.9153,0.031111822,0.0093513075,-0.0076978686,15.805097,15.700833,2,28,1,0.9882913,1
1,1,1,1,0,-271.84213,-137.25838,267.50128,-0.012338093,-0.0150504215,-0.007789436,17.674944,13.685278,2,29,1,0.99983156,1
1,30,1,0,0,279.3026,-507.22424,198.28194,0.0042871125,-0.003812178,-0.0012600726,2.62675,2.5708334,2,-1,0,0.75437355,1
1,30,1,1,0,279.3026,-507.22424,198.28194,0.0042871125,-0.003812178,-0.0012600726,6.590229,6.6825,2,30,1,0.97224367,1
1,32,1,1,0,291.62653,542.72906,20.2779,-0.0066804998,-0.033016875,-0.015085299,30.907167,30.83639,2,31,1,0.9865194,1
1,25,1,1,0,-303.23325,-232.96568,96.55665,-0.011859691,0.03161401,0.0030183534,33.143997,33.640556,2,32,1,0.99587786,1
1,10,1,1,0,314.73993,493.15234,282.18777,-0.021353973,-0.0034421843,-0.011148873,18.555897,12.097777,2,33,1,0.99711895,1
1,10,1,0,0,314.73993,493.15234,282.18777,-0.021353973,-0.0034421843,-0.011148873,6.716403,6.7716665,2,-1,0,0.99990916,1
1,8,0,0,0,0.0,0.0,0.0,0.0,0.0,0.0,3.2058196,3.3819444,2,-1,0,0.6664127,1
1,34,1,1,0,321.62198,144.89172,263.1899,0.0028240192,-0.0017496542,0.014529023,9.17923,9.164166,2,34,1,0.9909972,1
1,34,1,0,0,321.62198,144.89172,263.1899,0.0028240192,-0.0017496542,0.014529023,3.0075,3.0363889,2,-1,0,0.76753175,1
1,34,1,0,0,321.62198,144.89172,263.1899,0.0028240192,-0.0017496542,0.014529023,2.468021,2.4491668,2,-1,0,0.5076135,1
1,13,1,1,0,-330.30014,-600.6454,431.35342,0.004358097,-0.0036893312,-0.026685914,5.545388,5.4808335,2,35,1,0.96386003,1
1,24,1,0,0,-335.69852,-335.0828,321.65436,0.005647918,-0.021973783,-0.0028807092,4.1161113,4.0975,2,-1,0,0.9865481,1
1,24,1,1,0,-335.69852,-335.0828,321.65436,0.005647918,-0.021973783,-0.0028807092,17.960257,17.973888,2,36,1,0.9717073,1
1,2,1,1,0,345.26724,-251.30338,302.61627,0.014538202,0.010774381,0.024307689,25.243069,24.109722,2,37,1,0.99253654,1
1,29,1,1,0,-353.03882,-467.51108,166.71832,0.0076565887,0.013063454,0.010465647,16.905334,16.678612,2,38,1,0.98979735,1
2,9,1,1,0,-6.9322925,-382.7652,379.00763,0.0019550773,0.0042188047,-0.017299639,10.347008,10.214723,2,-1,1,0.997546,1
2,26,1,1,0,-4.2516193,56.985195,83.82414,0.024562689,0.012325664,0.009474348,7.452257,7.4583335,2,0,1,0.99184567,1
2,33,1,0,0,69.60987,-254.81436,59.082706,-0.05541332,0.028279625,0.02682971,8.889007,8.874444,2,-1,0,0.9403797,1
2,26,1,0,0,-4.2516193,56.985195,83.82414,0.024562689,0.012325664,0.009474348,4.3482776,4.294722,2,-1,0,0.9910416,1
2,29,1,1,0,14.8217945,267.6543,394.77444,0.008143544,-0.0090697,0.035831686,24.981258,24.855556,2,1,1,0.99853957,1
2,29,1,0,0,14.8217945,267.6543,394.77444,0.008143544,-0.0090697,0.035831686,8.985229,9.074445,2,-1,0,0.9947936,1
2,29,1,0,0,14.8217945,267.6543,394.77444,0.008143544,-0.0090697,0.035831686,3.338104,3.3155556,2,-1,0,0.79505616,1
2,26,1,0,0,-4.2516193,56.985195,83.82414,0.024562689,0.012325664,0.009474348,4.8184233,4.886389,2,-1,0,0.98821837,1
2,16,0,0,0,0.0,0.0,0.0,0.0,0.0,0.0,3.6156669,3.525,2,-1,0,0.8396263,1
2,30,1,1,0,41.393726,-201.0547,67.096855,0.013283128,-0.004194106,0.01975289,17.63389,17.756945,2,2,1,0.9910972,1
2,33,1,0,0,69.60987,-254.81436,59.082706,-0.05541332,0.028279625,0.02682971,11.094764,10.968056,2,-1,0,0.99099874,1
2,3,1,1,0,52.863194,-434.8396,109.96127,0.027391875,-0.017821247,0.0070073875,25.502703,24.268055,2,3,1,0.97497004,1
2,13,1,1,0,57.977657,421.8935,329.2526,-0.003820885,0.013393042,0.007389472,15.016786,14.791667,2,4,1,0.99875975,1
2,13,1,0,0,57.977657,421.8935,329.2526,-0.003820885,0.013393042,0.007389472,3.4563193,3.4052777,2,-1,0,0.9752474,1
2,33,1,1,0,69.60987,-254.81436,59.082706,-0.05541332,0.028279625,0.02682971,28.214525,40.545277,2,5,1,0.7634501,1
2,30,1,0,0,41.393726,-201.0547,67.096855,0.013283128,-0.004194106,0.01975289,9.734424,9.775556,2,-1,0,0.9706635,1
2,33,1,0,0,69.60987,-254.81436,59.082706,-0.05541332,0.028279625,0.02682971,5.4395485,5.346389,2,-1,0,0.97863424,1
2,3,1,0,0,52.863194,-434.8396,109.96127,0.027391875,-0.017821247,0.0070073875,10.738028,10.684444,2,-1,0,0.97275066,1
2,13,1,0,0,57.977657,421.8935,329.2526,-0.003820885,0.013393042,0.007389472,3.797625,3.8033333,2,-1,0,0.9354181,1
2,35,1,0,0,96.294586,-384.5891,385.05215,-0.007988625,0.016217772,-0.01873871,4.554389,4.4652777,2,-1,0,0.96868515,1
2,32,1,1,0,-83.90576,-27.160955,309.8464,0.014458517,0.00048491068,0.0023093764,15.285132,15.341389,2,6,1,0.99308264,1
2,34,0,0,0,0.0,0.0,0.0,0.0,0.0,0.0,2.8104374,2.889722,2,-1,0,0.5039564,1
2,14,1,0,0,91.04797,490.64496,159.50267,0.003750075,0.0039992332,-0.025372446,9.9075,9.889722,2,-1,0,0.99964035,1
2,14,1,1,0,91.04797,490.64496,159.50267,0.003750075,0.0039992332,-0.025372446,18.02964,18.213888,2,7,1,0.99703765,1
2,35,1,1,0,96.294586,-384.5891,385.05215,-0.007988625,0.016217772,-0.01873871,25.265627,25.450556,2,8,1,0.9432277,1
2,11,1,1,0,-105.19124,-130.95609,38.308453,-0.00083799683,-0.0036924148,0.0256257,31.825714,30.243055,2,9,1,0.992912,1
2,28,1,0,0,148.37036,-335.9684,273.15405,0.012358683,0.00055471755,-0.009328952,6.3242016,6.454167,2,-1,0,0.98352563,1
2,7,1,1,0,121.30223,-156.66681,177.65826,-0.013136786,-0.0139967855,-0.009206388,18.310951,18.336666,2,10,1,0.9982869,1
2,23,1,1,0,-119.32521,588.59033,311.02505,-0.0059428853,0.017708922,-0.0031591568,19.065376,15.418333,2,11,1,0.98859066,1
2,7,1,0,0,121.30223,-156.66681,177.65826,-0.013136786,-0.0139967855,-0.009206388,6.8690276,6.88,2,-1,0,0.97759855,1
2,33,1,0,0,69.60987,-254.81436,59.082706,-0.05541332,0.028279625,0.02682971,3.461972,3.4313889,2,-1,0,0.93254876,1
2,16,1,1,0,139.91983,319.821,53.578808,0.01714705,0.0061426656,0.0041155634,17.583416,17.258055,2,12,1,0.9232489,1
2,38,1,1,0,-140.87378,273.4209,151.1869,0.000216304,-0.023093667,-0.013768385,26.419106,26.39889,2,13,1,0.9953993,1
2,18,1,0,0,-183.20781,-314.6835,5.9285564,0.026800623,0.030535588,-0.0070075365,4.761667,4.7625,2,-1,0,0.9753703,1
2,28,1,1,0,148.37036,-335.9684,273.15405,0.012358683,0.00055471755,-0.009328952,11.845312,11.357778,2,14,1,0.9674587,1
2,28,1,0,0,148.37036,-335.9684,273.15405,0.012358683,0.00055471755,-0.009328952,4.2125835,4.0852776,2,-1,0,0.97264004,1
2,18,1,0,0,-183.20781,-314.6835,5.9285564,0.026800623,0.030535588,-0.0070075365,5.861979,5.859722,2,-1,0,0.98119235,1
2,16,1,0,0,139.91983,319.821,53.578808,0.01714705,0.0061426656,0.0041155634,3.5782497,3.5508332,2,-1,0,0.9966184,1
2,5,1,1,0,161.49307,-343.1996,314.79745,-0.022088654,-0.0089937905,0.005650252,24.4366,24.439167,2,15,1,0.99226236,1
2,36,1,1,0,-183.10132,-432.92157,437.7292,0.02796846,0.0117676295,0.004956371,14.249431,14.121388,2,16,1,0.9970789,1
2,24,1,1,0,165.81868,199.64246,110.766396,-0.024239887,0.00073660066,0.027805053,40.766136,40.863335,2,17,1,0.9543088,1
2,18,1,0,0,-183.20781,-314.6835,5.9285564,0.026800623,0.030535588,-0.0070075365,2.824375,2.7747223,2,-1,0,0.581846,1
2,18,1,1,0,-183.20781,-314.6835,5.9285564,0.026800623,0.030535588,-0.0070075365,23.598772,23.498333,2,18,1,0.98206836,1
2,36,1,0,0,-183.10132,-432.92157,437.7292,0.02796846,0.0117676295,0.004956371,12.323568,12.256945,2,-1,0,0.99662435,1
2,19,1,0,0,217.97229,-486.34448,263.1659,-0.020221869,0.008411602,0.018340336,5.3583126,5.4475,2,-1,0,0.9554893,1
2,19,1,0,0,217.97229,-486.34448,263.1659,-0.020221869,0.008411602,0.018340336,3.6661665,3.6230555,2,-1,0,0.9543794,1
2,19,1,1,0,217.97229,-486.34448,263.1659,-0.020221869,0.008411602,0.018340336,16.821146,16.624445,2,20,1,0.9950943,1
2,6,1,1,0,-215.21463,-89.36482,184.69608,0.0006812483,-0.005355727,0.021874096,24.65023,23.6125,2,21,1,0.99615663,1
2,8,1,1,0,-238.3017,-547.8605,131.33475,0.016626911,-0.031298265,-0.03049879,24.659286,24.467777,2,22,1,0.9996489,1
2,8,1,0,0,-238.3017,-547.8605,131.33475,0.016626911,-0.031298265,-0.03049879,7.158,7.136667,2,-1,0,0.9883935,1
2,8,1,0,0,-238.3017,-547.8605,131.33475,0.016626911,-0.031298265,-0.03049879,15.494785,15.537222,2,-1,0,0.9850552,1
2,39,1,0,0,245.8375,157.84184,151.75368,0.0077821044,0.0045004003,0.020761043,7.2517433,7.016389,2,-1,0,0.9750797,1
2,39,1,0,0,245.8375,157.84184,151.75368,0.0077821044,0.0045004003,0.020761043,5.042181,5.234722,2,-1,0,0.93642694,1
2,39,1,1,0,245.8375,157.84184,151.75368,0.0077821044,0.0045004003,0.020761043,7.2595487,7.32,2,23,1,0.98097575,1
2,27,0,0,0,0.0,0.0,0.0,0.0,0.0,0.0,2.7205627,-1.0,2,-1,0,0.774189,1
2,39,1,0,0,245.8375,157.84184,151.75368,0.0077821044,0.0045004003,0.020761043,3.1459234,3.1416667,2,-1,0,0.8770279,1
2,27,1,1,0,-256.861,-361.4023,249.83841,0.020529633,-0.006753436,-0.0012254937,20.898325,21.041111,2,24,1,0.93671566,1
2,17,1,1,0,-266.48068,550.61945,87.10043,0.0048850095,-0.002746841,-0.020698354,7.711124,7.6075,2,25,1,0.98626083,1
2,17,1,0,0,-266.48068,550.61945,87.10043,0.0048850095,-0.002746841,-0.020698354,7.5582433,7.5680556,2,-1,0,0.9788101,1
2,17,1,0,0,-266.48068,550.61945,87.10043,0.0048850095,-0.002746841,-0.020698354,6.06357,6.0288887,2,-1,0,0.9558763,1
2,37,1,1,0,-267.09625,-445.8397,435.14783,0.009534162,-0.008396145,0.019190352,21.777506,21.721945,2,26,1,0.9893584,1
2,34,0,0,0,0.0,0.0,0.0,0.0,0.0,0.0,2.7265973,2.7258334,2,-1,0,0.6369734,1
2,20,1,1,0,268.02277,386.0164,378.46713,0.001028216,-0.006176356,0.010747147,10.921569,10.949722,2,27,1,0.9855849,1
2,1,1,0,0,-305.31195,198.04253,409.57864,0.012994183,-0.0079961885,-0.017180683,8.335576,8.256945,2,-1,0,0.9690066,1
2,25,1,1,0,-301.98358,-403.20938,216.65076,-0.008630435,0.0063106604,-0.004705416,8.703903,7.9591665,2,28,1,0.97570384,1
2,40,1,1,0,308.37076,553.5209,430.8278,-0.01957251,-0.007995828,0.0022018112,20.383425,20.508333,2,29,1,0.9996762,1
2,1,1,1,0,-305.31195,198.04253,409.57864,0.012994183,-0.0079961885,-0.017180683,8.442743,8.367778,2,30,1,0.9897008,1
2,4,1,1,0,306.3539,216.0717,314.8086,-0.0062660496,0.002646243,-0.00083753094,6.4051876,6.476111,2,31,1,0.96467805,1
2,15,1,1,0,320.15994,466.11984,184.82022,-0.019669384,0.024419498,0.019356735,22.297194,22.350834,2,32,1,0.9996118,1
2,15,1,0,0,320.15994,466.11984,184.82022,-0.019669384,0.024419498,0.019356735,10.06998,10.167778,2,-1,0,0.978019,1
2,21,1,1,0,-329.2892,-293.71652,328.28677,0.0007999855,0.004808041,0.001198135,5.1953197,5.022222,2,33,1,0.99563223,1
2,34,1,1,0,332.40976,427.4484,70.359314,0.021682994,-0.0025364764,-0.009047847,23.911646,18.258888,2,34,1,0.99710864,1
2,12,1,0,0,-358.49905,-457.37958,87.74418,0.0091751255,0.016762143,0.008723545,3.194521,3.1688888,2,-1,0,0.867601,1
2,2,1,1,0,-350.08832,-164.00235,292.6727,0.019575017,-0.018597016,-0.0013879192,14.294703,14.338611,2,35,1,0.99058783,1
2,2,1,0,0,-350.08832,-164.00235,292.6727,0.019575017,-0.018597016,-0.0013879192,12.355341,12.505278,2,-1,0,0.9783102,1
2,10,1,1,0,346.44858,-282.83307,408.947,0.033744827,-0.01160896,0.0064813187,23.484692,24.213055,2,-1,1,0.99956614,1
2,22,1,1,0,-352.37393,413.49963,201.021,-0.0077673662,-0.003771283,-0.0098220175,12.638181,12.1866665,2,36,1,0.9856383,1
2,12,1,1,0,-358.49905,-457.37958,87.74418,0.0091751255,0.016762143,0.008723545,19.878298,19.882223,2,37,1,0.97171086,1
3,8,0,0,0,0.0,0.0,0.0,0.0,0.0,0.0,12.874318,-1.0,2,-1,0,0.98543733,1
3,8,0,0,0,0.0,0.0,0.0,0.0,0.0,0.0,3.3251665,-1.0,2,-1,0,0.7667699,1
3,11,1,1,0,14.958669,-75.2672,24.855804,0.016384793,-0.023359023,0.016695283,36.07023,36.42389,2,0,1,0.991156,1
3,18,1,1,0,-17.600512,472.7274,200.50415,-0.02097969,-0.0022473715,-0.025013437,20.26512,18.337778,2,1,1,0.99865735,1
3,4,1,1,0,17.704344,271.9673,331.84445,0.025699561,0.018639568,-0.0017489081,30.724577,30.490833,2,2,1,0.96883035,1
3,5,1,1,0,-27.925116,102.04564,283.46664,0.012175688,-0.0066641797,0.006158099,16.868118,16.668612,2,3,1,0.99758554,1
3,4,1,0,0,17.704344,271.9673,331.84445,0.025699561,0.018639568,-0.0017489081,4.4076805,4.405,2,-1,0,0.9638656,1
3,6,1,1,0,-32.043114,168.02898,254.31815,-0.02787187,-0.004958031,-0.01679366,39.276237,39.56111,2,4,1,0.9997801,1
3,18,1,0,0,-17.600512,472.7274,200.50415,-0.02097969,-0.0022473715,-0.025013437,18.06375,18.123611,2,-1,0,0.99170023,1
3,18,1,0,0,-17.600512,472.7274,200.50415,-0.02097969,-0.0022473715,-0.025013437,4.5240903,4.5130553,2,-1,0,0.9675542,1
3,28,1,1,0,65.379944,129.69089,378.60657,-0.014985617,-0.009057673,0.04345041,33.403976,33.286945,2,6,1,0.99903,1
3,21,1,1,0,62.94875,304.02664,315.07593,-0.0122784795,0.01517921,0.004720499,24.482924,24.105556,2,7,1,0.9670564,1
3,28,1,0,0,65.379944,129.69089,378.60657,-0.014985617,-0.009057673,0.04345041,20.477388,20.315,2,-1,0,0.97204393,1
3,25,1,0,0,-85.94272,275.40115,373.00366,0.018924719,0.010032755,-0.008662869,5.137111,5.1441665,2,-1,0,0.97288334,1
3,25,1,0,0,-85.94272,275.40115,373.00366,0.018924719,0.010032755,-0.008662869,4.498958,4.366667,2,-1,0,0.98343086,1
3,2,1,1,0,-80.47804,-266.4151,52.09186,-0.015279062,0.011744148,-0.01842981,20.509674,20.20861,2,8,1,0.9989292,1
3,25,1,0,0,-85.94272,275.40115,373.00366,0.018924719,0.010032755,-0.008662869,5.577465,5.587222,2,-1,0,0.99488646,1
3,25,1,1,0,-85.94272,275.40115,373.00366,0.018924719,0.010032755,-0.008662869,16.343061,16.133333,2,9,1,0.99596405,1
3,34,1,1,0,105.354164,460.4913,241.1637,-0.0045276256,0.01593172,-0.0040881657,7.4902983,7.6619444,2,10,1,0.98422307,1
3,2,1,0,0,-80.47804,-266.4151,52.09186,-0.015279062,0.011744148,-0.01842981,5.9980555,6.0280557,2,-1,0,0.98862106,1
3,34,1,0,0,105.354164,460.4913,241.1637,-0.0045276256,0.01593172,-0.0040881657,8.3909025,5.418611,2,-1,0,0.98637736,1
3,17,1,1,0,-118.69459,162.81972,150.04515,0.018005218,0.0007394588,-0.024042292,28.52602,26.695278,2,11,1,0.99524903,1
3,40,1,1,0,123.914215,408.5053,336.72006,0.0065004104,0.009659042,-0.0071966806,6.404187,6.396111,2,12,1,0.9992379,1
3,40,1,0,0,123.914215,408.5053,336.72006,0.0065004104,0.009659042,-0.0071966806,5.7247705,5.6161113,2,-1,0,0.9994874,1
3,29,1,1,0,128.03616,-375.94318,291.66833,0.018622661,-0.009798223,0.01654138,26.179127,25.930555,2,13,1,0.99154246,1
3,12,1,1,0,141.02237,-205.88759,133.74031,-0.02211493,-0.00848236,-0.013107275,23.092722,22.960278,2,14,1,0.99866414,1
3,29,1,0,0,128.03616,-375.94318,291.66833,0.018622661,-0.009798223,0.01654138,3.2952917,3.3177779,2,-1,0,0.9511037,1
3,30,0,0,0,0.0,0.0,0.0,0.0,0.0,0.0,8.488215,-1.0,2,-1,0,0.9818284,1
3,39,1,1,0,157.67717,-150.01984,412.72266,0.0023881756,0.012399195,0.031086547,24.247993,24.338888,2,15,1,0.9819225,1
3,39,1,0,0,157.67717,-150.01984,412.72266,0.0023881756,0.012399195,0.031086547,6.2272086,6.255833,2,-1,0,0.9846571,1
3,39,1,0,0,157.67717,-150.01984,412.72266,0.0023881756,0.012399195,0.031086547,5.7178545,5.759444,2,-1,0,0.9862743,1
3,25,1,0,0,133.99422,164.06575,427.98993,0.018924719,0.010032755,-0.008662869,4.255035,4.0425,2,-1,0,0.8525747,1
3,7,0,0,0,0.0,0.0,0.0,0.0,0.0,0.0,3.0513337,2.933889,2,-1,0,0.5403747,1
3,27,1,1,0,-207.6082,374.84872,279.19916,-0.0044906475,-0.012248024,0.0015447185,11.483416,4.792222,2,16,1,0.98458487,1
3,13,1,1,0,-216.81752,267.44406,181.97826,-0.011183409,-0.00035538932,-0.01915501,10.28143,10.405,2,17,1,0.9960776,1
3,13,1,0,0,-216.81752,267.44406,181.97826,-0.011183409,-0.00035538932,-0.01915501,8.155757,5.866389,2,-1,0,0.9906143,1
3,13,1,0,0,-216.81752,267.44406,181.97826,-0.011183409,-0.00035538932,-0.01915501,3.3990767,3.3925,2,-1,0,0.92650163,1
3,33,1,1,0,240.85966,18.08483,157.24791,-0.009690625,0.012319422,-0.009248437,19.144327,18.708334,2,18,1,0.9913449,1
3,38,1,1,0,238.74365,598.0809,199.61797,0.0001472482,0.017701877,-0.0016392452,4.4930696,4.4919443,2,19,1,0.9442303,1
3,16,1,1,0,-261.13885,-536.11505,460.89194,0.0488851,0.026032243,-0.035312716,38.790657,58.939167,2,20,1,0.9881343,1
3,3,1,1,0,-266.38867,205.12694,324.09198,0.015946072,0.008236061,-0.0013924304,18.87029,18.831388,2,21,1,0.9980889,1
3,9,1,1,0,-277.8588,-348.02728,455.6293,0.0059755417,0.010157815,0.004334052,11.732132,11.7080555,2,22,1,0.98730695,1
3,10,1,0,0,-296.6113,73.45989,256.19812,0.030074075,0.022717861,0.0025703202,8.916743,8.955833,2,-1,0,0.987043,1
3,26,1,1,0,279.53976,-299.00934,314.68707,-0.0065129087,0.007038393,-0.0011922353,7.853375,5.1719446,2,23,1,0.9742197,1
3,35,1,1,0,282.20465,-172.00226,315.86377,0.02952025,0.005661271,-0.021883516,34.064243,34.52778,2,24,1,0.99202174,1
3,10,1,0,0,-296.6113,73.45989,256.19812,0.030074075,0.022717861,0.0025703202,5.3034515,5.2541666,2,-1,0,0.9811492,1
3,20,1,0,0,291.05768,449.60202,51.487206,0.00076146825,0.015384804,0.016740613,7.748327,7.716111,2,-1,0,0.9993173,1
3,20,1,0,0,291.05768,449.60202,51.487206,0.00076146825,0.015384804,0.016740613,2.793611,2.7769444,2,-1,0,0.89246684,1
3,20,1,1,0,291.05768,449.60202,51.487206,0.00076146825,0.015384804,0.016740613,9.860508,9.6247225,2,25,1,0.997883,1
3,10,1,1,0,-296.6113,73.45989,256.19812,0.030074075,0.022717861,0.0025703202,18.42934,18.384722,2,26,1,0.99999976,1
3,1,1,1,0,-294.55258,-530.83405,95.09553,0.008883009,0.024186743,0.00068673433,23.311806,22.025278,2,27,1,0.9903286,1
3,19,1,1,0,-293.7527,432.23026,67.82755,-0.0013947343,-0.00015298711,0.021146616,13.467444,13.302778,2,28,1,0.9876446,1
3,19,1,0,0,-293.7527,432.23026,67.82755,-0.0013947343,-0.00015298711,0.021146616,4.208285,4.106389,2,-1,0,0.98050404,1
3,31,1,0,0,302.25723,-55.304096,182.08417,0.019425794,-0.0142465,-0.0043995916,3.130375,3.1491666,2,-1,0,0.90572023,1
3,31,1,1,0,302.25723,-55.304096,182.08417,0.019425794,-0.0142465,-0.0043995916,20.49965,20.498333,2,29,1,0.9763697,1
3,22,1,1,0,311.1594,114.74434,120.60639,-0.0054436633,0.0070489794,0.01486867,16.089994,15.918333,2,30,1,0.9991351,1
3,36,1,1,0,310.45807,-284.83694,127.92002,0.0033380908,-0.015417822,-0.0101508275,15.5390625,15.4586115,2,31,1,0.9862937,1
3,32,1,1,0,-319.5133,327.22925,5.0403395,0.019536942,0.02813715,-0.02055757,24.922611,24.623888,2,32,1,0.9978781,1
3,37,1,0,0,-347.50793,19.836735,122.41249,-0.0014063021,-0.01783222,-0.006628356,2.9392915,2.9677777,2,-1,0,0.6684463,1
3,31,1,0,0,302.25723,-55.304096,182.08417,0.019425794,-0.0142465,-0.0043995916,3.0737224,3.0902777,2,-1,0,0.8004745,1
3,24,1,1,0,330.29358,366.98923,146.31834,0.012406177,0.015379399,-0.0016681929,15.921215,15.816112,2,33,1,0.98919404,1
3,14,1,1,0,-345.52222,-308.8536,363.211,-0.005514322,0.027614666,-0.0037391123,15.034214,15.045,2,34,1,0.99775785,1
3,37,1,1,0,-347.50793,19.836735,122.41249,-0.0014063021,-0.01783222,-0.006628356,14.331569,10.465834,2,35,1,0.979325,1
3,23,1,1,0,350.53552,-187.13095,112.458855,0.019137252,0.017612295,-0.034567844,22.162266,15.390555,2,36,1,0.9845227,1
3,15,1,1,0,356.6292,-79.26008,421.88593,-0.004260789,0.0070365476,0.007856051,8.762041,8.773056,2,37,1,0.99395645,1
3,14,1,0,0,-345.52222,-308.8536,363.211,-0.005514322,0.027614666,-0.0037391123,8.903333,8.990833,2,-1,0,0.9962752,1
3,23,1,0,0,350.53552,-187.13095,112.458855,0.019137252,0.017612295,-0.034567844,12.881667,12.923611,2,-1,0,0.9516058,1
4,7,1,1,0,8.454811,39.166218,311.9581,0.0115118595,-0.014353792,0.0071484987,23.641146,24.018612,2,0,1,0.9987275,1
4,16,1,0,0,26.848482,68.211,290.77106,-0.024149833,0.015643317,-0.01200272,7.313368,7.1880555,2,-1,0,0.9837156,1
4,16,1,0,0,26.848482,68.211,290.77106,-0.024149833,0.015643317,-0.01200272,4.811306,4.723889,2,-1,0,0.9795228,1
4,7,1,0,0,8.454811,39.166218,311.9581,0.0115118595,-0.014353792,0.0071484987,3.6712081,3.5325,2,-1,0,0.85508895,1
4,16,1,1,0,26.848482,68.211,290.77106,-0.024149833,0.015643317,-0.01200272,17.378227,17.464445,2,1,1,0.99996996,1
4,9,1,0,0,-36.668514,-24.538239,64.66614,0.0066831512,0.021634705,0.0035449602,8.964736,8.850555,2,-1,0,0.98101324,1
4,36,1,1,0,32.461746,327.10736,173.14589,0.009227995,0.004896654,-0.008789059,14.949972,12.940278,2,2,1,0.9947345,1
4,9,1,1,0,-36.668514,-24.538239,64.66614,0.0066831512,0.021634705,0.0035449602,11.087285,11.2025,2,3,1,0.9938719,1
4,23,1,1,0,43.875896,385.78452,292.91235,-0.0066700527,-4.0018298e-05,-0.011340933,10.655209,10.529722,2,4,1,0.9997199,1
4,31,1,1,0,53.650154,-597.4563,297.58716,0.0074767377,0.0013667782,0.0007252169,9.228611,8.990278,2,5,1,0.9966349,1
4,2,1,1,0,-63.39236,588.6722,3.3999383,-0.0057996833,0.030733226,-0.048214138,9.670382,8.847777,2,6,1,0.98926884,1
4,33,1,1,0,65.66763,112.701935,357.3721,-0.0062841745,-0.020279728,-0.012957493,26.034182,25.598888,2,7,1,0.99927634,1
4,25,0,0,0,0.0,0.0,0.0,0.0,0.0,0.0,10.885924,-1.0,2,-1,0,0.98871964,1
4,3,1,1,0,-68.78226,-22.412014,134.83919,-0.003612681,-0.010454034,-0.011559905,9.941847,9.892777,2,8,1,0.9675034,1
4,14,1,1,0,74.76087,591.5087,381.42273,0.0012492186,0.0040587024,-0.0052208453,7.770723,6.8325,2,10,1,0.9865465,1
4,4,0,0,0,0.0,0.0,0.0,0.0,0.0,0.0,34.419758,-1.0,2,-1,0,0.9999938,1
4,32,1,1,0,-87.14969,493.33215,388.31833,0.015211898,-0.015490373,-0.009185497,28.819723,28.550556,2,11,1,0.99819845,1
4,40,1,1,0,-82.30763,466.1887,72.39492,-0.009024107,-0.0167844,0.0013153672,20.584583,11.0725,2,12,1,0.9852409,1
4,34,1,1,0,-98.16079,569.09204,40.952705,-0.019288177,0.0009074682,0.004668477,21.443806,21.409445,2,13,1,0.9984597,1
4,37,1,0,0,108.64753,442.66177,393.7474,0.0023747291,0.040853787,0.05451444,3.6863406,3.7386112,2,-1,0,0.954347,1
4,33,1,0,0,65.66763,112.701935,357.3721,-0.0062841745,-0.020279728,-0.012957493,4.2293262,4.2255554,2,-1,0,0.9773761,1
4,30,1,1,0,-106.27288,213.77647,313.7472,0.004394012,0.016561393,0.039408986,22.007696,22.3675,2,14,1,0.9968731,1
4,30,1,0,0,-106.27288,213.77647,313.7472,0.004394012,0.016561393,0.039408986,10.694285,10.831111,2,-1,0,0.98783964,1
4,37,1,0,0,108.64753,442.66177,393.7474,0.0023747291,0.040853787,0.05451444,16.811798,16.722778,2,-1,0,0.9999875,1
4,37,1,1,0,108.64753,442.66177,393.7474,0.0023747291,0.040853787,0.05451444,28.401402,28.083334,2,15,1,0.9999461,1
4,37,1,0,0,108.64753,442.66177,393.7474,0.0023747291,0.040853787,0.05451444,19.85284,19.979166,2,-1,0,0.99825126,1
4,37,1,0,0,108.64753,442.66177,393.7474,0.0023747291,0.040853787,0.05451444,2.955139,2.9772222,2,-1,0,0.61252344,1
4,31,1,0,0,53.650154,-597.4563,297.58716,0.0074767377,0.0013667782,0.0007252169,4.370285,4.459722,2,-1,0,0.97854793,1
4,31,1,0,0,53.650154,-597.4563,297.58716,0.0074767377,0.0013667782,0.0007252169,3.5854447,3.508889,2,-1,0,0.95291924,1
4,12,1,1,0,135.24239,-482.6472,125.58626,0.026421871,0.011004752,-0.030980824,31.094706,36.51611,2,17,1,0.9571145,1
4,17,1,0,0,-145.96152,-522.47577,29.673649,0.0023917854,-0.010845023,0.008937302,4.0735273,4.0755553,2,-1,0,0.9781823,1
4,17,1,1,0,-145.96152,-522.47577,29.673649,0.0023917854,-0.010845023,0.008937302,10.545022,6.771111,2,18,1,0.9932279,1
4,17,1,0,0,-145.96152,-522.47577,29.673649,0.0023917854,-0.010845023,0.008937302,4.7066875,4.7141666,2,-1,0,0.98275936,1
4,35,1,1,0,-148.82516,-118.19726,282.99985,-0.028791973,0.013926815,-0.008146911,23.142881,23.195555,2,19,1,0.98589605,1
4,35,1,0,0,-148.82516,-118.19726,282.99985,-0.028791973,0.013926815,-0.008146911,7.4799304,7.5713887,2,-1,0,0.9928948,1
4,13,1,1,0,-170.83575,300.89438,52.360165,0.009518944,-0.009745992,-0.016816927,16.185625,16.151945,2,20,1,0.9861872,1
4,27,1,1,0,200.61359,276.52295,448.05997,-0.0029017688,0.017343637,0.0021790762,19.134874,19.399723,2,21,1,0.99901223,1
4,26,1,1,0,-222.35448,-216.13388,75.01376,-0.009335404,0.0008625902,0.010907236,15.352348,14.137222,2,22,1,0.99329454,1
4,24,1,1,0,-237.51186,251.8313,27.920528,0.019063156,-0.0016223873,-0.010723287,21.06786,21.296389,2,23,1,0.9999999,1
4,28,1,1,0,-243.8386,-43.346436,352.64844,0.017334407,0.020922255,0.013118344,29.20795,29.164444,2,24,1,0.9997322,1
4,21,1,1,0,250.71402,507.4368,446.247,-0.01785382,0.019032596,0.0055708983,24.714918,24.914722,2,25,1,0.99997723,1
4,6,1,1,0,254.1029,542.3637,116.78818,-0.0028572106,-0.001835532,-0.016927967,18.586987,18.494722,2,26,1,0.9567322,1
4,5,1,1,0,249.95947,-330.7976,266.58762,0.0287422,-0.027404873,0.0068889493,34.44335,23.780556,2,27,1,0.99608,1
4,15,1,0,0,-252.96024,359.93515,1.1677371,0.014318934,-0.032336593,-0.013832648,6.2487082,5.794722,2,-1,0,0.8874914,1
4,5,1,0,0,249.95947,-330.7976,266.58762,0.0287422,-0.027404873,0.0068889493,5.8686395,5.9219446,2,-1,0,0.9916824,1
4,20,1,1,0,265.0302,-423.1732,259.33246,0.0014103914,0.0143392645,0.010679143,18.847305,18.150278,2,28,1,0.99188566,1
4,35,0,0,0,0.0,0.0,0.0,0.0,0.0,0.0,2.8110902,-1.0,2,-1,0,0.51641506,1
4,10,1,1,0,-287.4129,414.7919,16.998793,-0.004644787,0.022260642,0.011930624,24.964334,24.985556,2,29,1,0.9925673,1
4,15,1,1,0,-252.96024,359.93515,1.1677371,0.014318934,-0.032336593,-0.013832648,6.6918955,6.628889,2,30,1,0.9739639,1
4,1,1,1,0,-297.00742,104.56178,195.386,-0.00034340663,-0.010246539,-0.0009071448,10.599764,10.662222,2,31,1,0.9837608,1
4,39,1,1,0,296.3894,195.08052,278.8581,0.011893542,0.004515784,0.0015214182,12.6733265,12.645833,2,32,1,0.98335046,1
4,11,1,1,0,305.88974,-440.54865,435.03003,0.02576162,0.0475461,-0.004305722,38.79273,39.907223,2,33,1,0.99966884,1
4,19,1,1,0,-310.84824,518.1411,290.84766,0.008952673,0.009780543,0.0004662328,17.888424,17.874445,2,34,1,0.98495954,1
4,11,1,0,0,305.88974,-440.54865,435.03003,0.02576162,0.0475461,-0.004305722,5.821479,5.745,2,-1,0,0.9913646,1
4,11,1,0,0,305.88974,-440.54865,435.03003,0.02576162,0.0475461,-0.004305722,3.3184376,3.4213889,2,-1,0,0.9220779,1
4,29,1,0,0,333.43356,563.7169,88.494446,0.00422191,0.0040483642,-0.008734104,9.528806,6.1241665,2,-1,0,0.9898122,1
4,29,1,1,0,333.43356,563.7169,88.494446,0.00422191,0.0040483642,-0.008734104,6.26116,6.2544446,2,35,1,0.97621506,1
4,18,1,1,0,-337.64185,341.6268,314.48685,-0.0028496322,0.002719041,0.015944773,14.695147,14.633889,2,36,1,0.9583687,1
4,22,1,1,0,360.2463,506.07025,89.610855,0.015622491,0.020845767,-0.012427297,7.6094584,6.68,2,37,1,0.9770368,1
4,7,0,0,0,0.0,0.0,0.0,0.0,0.0,0.0,2.7480974,2.7280555,2,-1,0,0.6037127,1
5,33,1,1,0,-27.018908,-547.19446,36.29904,0.019177781,-0.007624557,-0.018212806,23.79757,24.1325,2,0,1,0.99655616,1
5,26,1,0,0,38.452293,-202.21774,349.88904,-0.008325685,0.0046658446,0.013173923,7.9305696,8.093611,2,-1,0,0.98647726,1
5,26,1,1,0,38.452293,-202.21774,349.88904,-0.008325685,0.0046658446,0.013173923,11.523832,11.465,2,1,1,0.983196,1
5,39,1,1,0,41.83888,-278.51547,19.731544,0.0099018905,-0.0004481281,-0.012673389,8.337611,7.9438887,2,2,1,0.99835086,1
5,39,1,0,0,41.83888,-278.51547,19.731544,0.0099018905,-0.0004481281,-0.012673389,2.9268403,2.9008334,2,-1,0,0.791474,1
5,39,1,0,0,41.83888,-278.51547,19.731544,0.0099018905,-0.0004481281,-0.012673389,6.608104,6.551111,2,-1,0,0.978318,1
5,12,0,0,0,0.0,0.0,0.0,0.0,0.0,0.0,5.200083,-1.0,2,-1,0,0.9726209,1
5,30,1,0,0,92.81065,-496.1863,74.30397,-0.015158681,0.023126177,0.016716609,4.5874586,4.459722,2,-1,0,0.98896056,1
5,32,1,0,0,-118.0932,-252.63376,329.6103,0.014037458,-0.0040319767,-0.013399172,3.2934515,3.476389,2,-1,0,0.7963163,1
5,26,0,0,0,0.0,0.0,0.0,0.0,0.0,0.0,6.272639,-1.0,2,-1,0,0.9935103,1
5,30,1,1,0,92.81065,-496.1863,74.30397,-0.015158681,0.023126177,0.016716609,18.583763,18.426945,2,3,1,0.99628735,1
5,7,1,0,0,102.65374,-67.24396,250.693,-0.03600074,-0.030550987,-0.0006901464,4.4789166,4.4525,2,-1,0,0.8973551,1
5,7,1,0,0,102.65374,-67.24396,250.693,-0.03600074,-0.030550987,-0.0006901464,6.015,6.043889,2,-1,0,0.9906126,1
5,30,1,0,0,92.81065,-496.1863,74.30397,-0.015158681,0.023126177,0.016716609,12.409993,12.2325,2,-1,0,0.99052036,1
5,7,1,0,0,102.65374,-67.24396,250.693,-0.03600074,-0.030550987,-0.0006901464,4.7579656,4.7391667,2,-1,0,0.8133255,1
5,7,1,1,0,102.65374,-67.24396,250.693,-0.03600074,-0.030550987,-0.0006901464,29.28243,29.016388,2,4,1,0.95289606,1
5,24,1,1,0,-98.85457,-280.5586,314.3398,-0.014248941,0.01713249,0.025561137,35.38644,35.379166,2,5,1,0.99645823,1
5,32,1,0,0,-118.0932,-252.63376,329.6103,0.014037458,-0.0040319767,-0.013399172,2.6565,2.6519444,2,-1,0,0.7311324,1
5,24,1,0,0,-98.85457,-280.5586,314.3398,-0.014248941,0.01713249,0.025561137,4.329986,4.2094445,2,-1,0,0.82996416,1
5,32,1,1,0,-118.0932,-252.63376,329.6103,0.014037458,-0.0040319767,-0.013399172,11.992486,11.8122225,2,6,1,0.99214935,1
5,12,0,0,0,0.0,0.0,0.0,0.0,0.0,0.0,15.108208,-1.0,2,-1,0,0.9980532,1
5,20,1,1,0,-136.73651,279.193,50.751167,0.016161567,0.0022547648,-0.0044444106,19.275507,19.37,2,7,1,0.99937433,1
5,12,1,1,0,128.6523,-117.1945,231.19789,-0.015217612,-0.0056469394,-0.01595981,6.930743,6.9019446,2,8,1,0.9914187,1
5,16,1,0,0,157.67581,527.095,341.33517,0.013354883,0.012857295,-0.0060702884,4.435889,4.405,2,-1,0,0.9535206,1
5,16,1,1,0,157.67581,527.095,341.33517,0.013354883,0.012857295,-0.0060702884,22.411049,22.196112,2,9,1,0.99942917,1
5,13,1,1,0,-164.58395,-574.9973,157.73189,-0.004384058,-0.0001544359,0.000922511,4.618903,4.5830555,2,10,1,0.9719282,1
5,38,1,1,0,-173.01016,-16.901604,437.257,0.014208201,0.012961661,-0.0052440926,21.90648,22.012222,2,11,1,0.9896818,1
5,25,1,0,0,-185.84175,95.080315,158.80478,0.030904738,-0.00034719225,0.023543283,3.2545834,3.378611,2,-1,0,0.90625,1
5,4,1,0,0,185.94493,-502.4075,29.319597,-0.010884568,-0.01592025,0.012862407,8.332541,8.378056,2,-1,0,0.9893411,1
5,31,1,1,0,179.09633,267.743,31.343506,0.010509264,0.02132792,-0.014648884,13.303909,13.295555,2,12,1,0.9936885,1
5,14,1,0,0,183.73474,-97.85089,27.85889,-0.0062718764,0.024995983,0.018253284,8.592208,8.420834,2,-1,0,0.9834188,1
5,31,1,0,0,179.09633,267.743,31.343506,0.010509264,0.02132792,-0.014648884,11.752451,6.7575,2,-1,0,0.9920947,1
5,14,1,1,0,183.73474,-97.85089,27.85889,-0.0062718764,0.024995983,0.018253284,27.092812,25.95139,2,13,1,0.989209,1
5,31,1,0,0,179.09633,267.743,31.343506,0.010509264,0.02132792,-0.014648884,2.698,2.702222,2,-1,0,0.54742914,1
5,31,1,0,0,179.09633,267.743,31.343506,0.010509264,0.02132792,-0.014648884,6.4476943,6.334722,2,-1,0,0.976823,1
5,25,1,1,0,-185.84175,95.080315,158.80478,0.030904738,-0.00034719225,0.023543283,37.433556,35.0,2,14,1,0.6916507,1
5,4,1,1,0,185.94493,-502.4075,29.319597,-0.010884568,-0.01592025,0.012862407,13.94959,13.953611,2,15,1,0.98559684,1
5,35,1,0,0,192.20891,103.94026,114.62859,0.022995096,0.023557082,0.006157234,4.7064443,4.7058334,2,-1,0,0.99763536,1
5,35,1,1,0,192.20891,103.94026,114.62859,0.022995096,0.023557082,0.006157234,28.811556,26.553612,2,16,1,0.8685466,1
5,3,1,1,0,-203.71873,550.2445,344.40344,0.02288871,0.004639217,0.0043704724,24.267235,24.496944,2,17,1,0.99665964,1
5,3,1,0,0,-203.71873,550.2445,344.40344,0.02288871,0.004639217,0.0043704724,5.73459,5.784167,2,-1,0,0.98530906,1
5,40,1,0,0,218.04634,124.26517,191.89034,-0.005318759,-0.00027656154,0.00068440643,3.293847,3.303611,2,-1,0,0.94804037,1
5,34,0,0,0,0.0,0.0,0.0,0.0,0.0,0.0,36.948128,-1.0,2,-1,0,0.98970616,1
5,40,1,1,0,218.04634,124.26517,191.89034,-0.005318759,-0.00027656154,0.00068440643,5.441389,5.464722,2,18,1,0.98209214,1
5,5,1,1,0,-227.13002,298.10153,428.14297,0.0046861847,-0.00535611,0.010877551,12.808993,12.320833,2,19,1,0.9627429,1
5,19,1,1,0,238.5866,591.89844,44.650635,-3.942264e-05,-0.0065140226,-0.016021399,14.131771,14.258611,2,20,1,0.98410195,1
5,28,1,0,0,243.62686,-383.097,250.7167,-0.012657207,-0.008406258,0.02065257,5.2680416,5.3447223,2,-1,0,0.9606183,1
5,23,1,1,0,-239.88846,551.61523,426.2278,0.0004482251,-0.0015467198,-0.0034393584,3.5757499,3.5069444,2,21,1,0.89869475,1
5,1,1,1,0,-241.40898,494.67767,209.21062,0.0038202868,0.0012711629,0.004814196,4.639861,4.2602777,2,22,1,0.99279,1
5,28,1,1,0,243.62686,-383.097,250.7167,-0.012657207,-0.008406258,0.02065257,17.150187,17.277779,2,23,1,0.978773,1
5,18,1,1,0,-252.46602,527.66736,274.07944,-0.010912251,-0.007993661,0.0015690568,12.846139,8.675,2,24,1,0.9891812,1
5,18,1,0,0,-252.46602,527.66736,274.07944,-0.010912251,-0.007993661,0.0015690568,3.623278,3.6172223,2,-1,0,0.86492366,1
5,15,1,1,0,-261.28613,576.8857,56.2728,0.015492803,-0.0011745493,0.0086032115,16.851202,16.91,2,25,1,0.9672152,1
5,6,1,1,0,-279.56775,256.2222,151.0973,-0.0120719215,-0.008388176,-0.0059359684,12.512222,12.542222,2,26,1,0.9588879,1
5,8,1,1,0,-297.2514,-141.32452,59.130814,0.0057644835,0.031055965,0.013013127,19.226755,19.177221,2,27,1,0.9836066,1
5,22,1,1,0,287.90356,-219.26544,205.83212,3.8768036e-07,-0.0048429575,-0.018293602,19.05516,19.112778,2,28,1,0.9859346,1
5,29,1,1,0,290.22498,-423.8608,23.923128,0.010196467,0.0007351137,-0.019007338,21.974659,20.238333,2,29,1,0.9902085,1
5,8,1,0,0,-297.2514,-141.32452,59.130814,0.0057644835,0.031055965,0.013013127,12.070035,11.875,2,-1,0,0.98918086,1
5,27,0,0,0,0.0,0.0,0.0,0.0,0.0,0.0,8.450542,-1.0,2,-1,0,0.98543566,1
5,9,1,1,0,311.02628,167.50934,231.0693,-0.020176087,-0.0058228425,0.010478317,10.760083,10.784166,2,30,1,0.98930687,1
5,2,1,1,0,310.41763,-361.07547,0.6238802,0.0060863798,0.009345404,0.004501696,10.276556,8.3116665,2,31,1,0.96422654,1
5,21,1,1,0,-319.30414,-443.37952,259.198,-0.013068107,-0.010032127,0.014010284,17.926716,17.872778,2,32,1,0.92994225,1
5,17,1,1,0,321.06137,132.5319,394.27878,0.011358224,0.012201653,-0.014121351,18.869646,16.14889,2,33,1,0.9977196,1
5,10,1,1,0,-329.70816,24.97134,216.87502,0.004423273,0.024655668,-0.021925086,13.733791,13.744722,2,35,1,0.98344153,1
5,10,1,0,0,-329.70816,24.97134,216.87502,0.004423273,0.024655668,-0.021925086,16.925346,13.104722,2,-1,0,0.99699557,1
5,10,1,0,0,-329.70816,24.97134,216.87502,0.004423273,0.024655668,-0.021925086,3.036146,3.045,2,-1,0,0.77747613,1
5,21,1,0,0,-319.30414,-443.37952,259.198,-0.013068107,-0.010032127,0.014010284,3.3476944,3.3494444,2,-1,0,0.97464675,1
5,11,1,1,0,-333.2749,-92.398544,389.74887,-0.0134834265,0.008157144,-0.0007124745,11.507292,2.932778,2,36,1,0.9846298,1
5,37,1,0,0,341.42166,-218.75241,40.31142,0.011489169,0.040882263,-0.0037590421,10.177097,10.113055,2,-1,0,0.96238923,1
5,37,1,0,0,341.42166,-218.75241,40.31142,0.011489169,0.040882263,-0.0037590421,13.511348,13.5325,2,-1,0,0.92981696,1
5,36,1,1,0,-347.19656,-459.2661,406.62808,-0.0035293826,-0.018256888,-0.005704463,12.552729,11.872778,2,37,1,0.9674466,1
5,36,1,0,0,-347.19656,-459.2661,406.62808,-0.0035293826,-0.018256888,-0.005704463,6.574069,6.4205556,2,-1,0,0.9836089,1
5,37,1,0,0,341.42166,-218.75241,40.31142,0.011489169,0.040882263,-0.0037590421,3.6003125,3.578889,2,-1,0,0.9695859,1
5,37,1,1,0,341.42166,-218.75241,40.31142,0.011489169,0.040882263,-0.0037590421,13.861534,13.776667,2,38,1,0.98354787,1
6,4,1,1,0,-6.507129,-218.8221,250.85683,-0.009109801,-0.03513823,-0.035310023,50.123486,49.02139,2,0,1,1.0,1
6,4,1,0,0,-6.507129,-218.8221,250.85683,-0.009109801,-0.03513823,-0.035310023,7.242999,7.1666665,2,-1,0,0.99894565,1
6,28,1,1,0,53.137184,568.9418,31.369482,0.0044969358,0.0039923275,0.001760033,6.871167,6.765,2,1,1,0.9824882,1
6,17,1,1,0,61.61231,455.69443,63.137333,-0.003000708,-0.014715539,-0.015822535,23.452797,23.275833,2,2,1,0.9998896,1
6,17,1,0,0,61.61231,455.69443,63.137333,-0.003000708,-0.014715539,-0.015822535,6.5260625,6.542778,2,-1,0,0.9929097,1
6,24,1,1,0,61.74483,-188.64555,101.20311,0.015359177,0.020490486,0.026879262,42.141457,41.745834,2,3,1,0.9974201,1
6,3,1,1,0,86.785835,446.15082,292.45798,0.004026813,-0.007979533,-0.015516845,6.3178473,6.3494444,2,4,1,0.9961953,1
6,3,1,0,0,86.785835,446.15082,292.45798,0.004026813,-0.007979533,-0.015516845,5.097132,5.1044445,2,-1,0,0.9922282,1
6,3,1,0,0,86.785835,446.15082,292.45798,0.004026813,-0.007979533,-0.015516845,6.3492637,6.284167,2,-1,0,0.9943145,1
6,34,1,1,0,72.9282,-236.28651,378.47107,0.013704225,-0.00082259055,0.00783158,4.1811395,4.0241666,2,5,1,0.95778185,1
6,28,1,0,0,53.137184,568.9418,31.369482,0.0044969358,0.0039923275,0.001760033,5.54366,5.1752777,2,-1,0,0.93250096,1
6,20,1,0,0,-121.28448,61.95914,448.5898,0.020931536,-0.026370611,0.0019969298,3.303944,3.303611,2,-1,0,0.84768057,1
6,27,1,1,0,116.246414,358.41736,203.99641,0.001496666,-0.015014151,-0.031249112,39.16271,39.221943,2,6,1,0.99939024,1
6,20,1,1,0,-121.28448,61.95914,448.5898,0.020931536,-0.026370611,0.0019969298,32.19377,32.195557,2,7,1,0.9690962,1
6,20,1,0,0,-121.28448,61.95914,448.5898,0.020931536,-0.026370611,0.0019969298,3.5047498,3.6097221,2,-1,0,0.9259015,1
6,8,1,1,0,132.14307,579.97833,40.690796,0.008133047,0.015080519,0.0044585494,18.780117,15.528055,2,8,1,0.98456305,1
6,16,1,0,0,134.05191,537.9348,233.47398,0.0052961563,-0.012346597,0.008291233,4.4036736,4.352778,2,-1,0,0.98888665,1
6,16,1,1,0,134.05191,537.9348,233.47398,0.0052961563,-0.012346597,0.008291233,18.048674,15.070833,2,9,1,0.9988896,1
6,15,1,1,0,-165.10527,16.001125,449.3988,0.0078915665,0.0139816385,-0.0061686444,9.632549,9.502222,2,10,1,0.9703579,1
6,15,1,0,0,-165.10527,16.001125,449.3988,0.0078915665,0.0139816385,-0.0061686444,7.84559,7.817222,2,-1,0,0.99169815,1
6,33,1,1,0,165.56241,182.99225,188.37508,0.011426857,0.003946391,-0.014139047,18.444729,17.585833,2,11,1,0.97950864,1
6,37,1,1,0,189.50739,-53.224678,267.8431,-0.013718388,-0.014987877,-0.002902344,22.482721,22.133888,2,12,1,0.9999546,1
6,38,0,0,0,0.0,0.0,0.0,0.0,0.0,0.0,25.835464,-1.0,2,-1,0,0.9907171,1
6,10,1,1,0,-196.98047,-193.63965,453.45706,-0.008733979,-0.0036503328,0.008742086,12.330937,11.425,2,13,1,0.9420816,1
6,12,1,1,0,205.17525,-487.60022,11.027851,0.007853085,-0.006171623,0.0042641265,13.034416,12.857223,2,14,1,0.9981982,1
6,17,1,0,0,42.670483,699.2379,77.88887,-0.003000708,-0.014715539,-0.015822535,8.423035,8.459167,2,-1,0,0.933129,1
6,21,1,1,0,210.69905,-288.14276,34.3051,-0.0070762723,0.015012268,0.0049857874,18.965853,19.172777,2,15,1,0.9949372,1
6,40,1,1,0,222.74327,-473.03735,267.7214,-0.0133710345,-0.0073046163,0.015378378,18.554493,18.458334,2,16,1,0.9980788,1
6,7,1,1,0,218.7272,480.35965,265.411,0.01641856,0.01294796,0.016449738,22.879444,22.953333,2,17,1,0.9360337,1
6,11,1,1,0,221.38254,-138.48172,188.26875,0.018137429,0.0061215907,-0.005359072,18.600098,18.51111,2,18,1,0.9966517,1
6,29,1,1,0,-222.33078,9.929413,442.7565,-7.0780916e-05,-0.0056527676,0.010669893,12.629868,12.388889,2,19,1,0.97756994,1
6,26,1,1,0,231.86678,378.81635,17.851187,0.0012950288,0.0013065445,0.016202545,17.248993,17.314444,2,20,1,0.9771113,1
6,14,1,1,0,-245.02602,-69.9652,249.10437,0.004988527,1.1586001e-05,0.014124507,12.4817705,12.598056,2,21,1,0.99526656,1
6,30,1,1,0,247.8577,-93.17092,283.0094,0.0082308715,0.0074717733,0.017764734,14.040458,14.145278,2,22,1,0.9868369,1
6,1,1,0,0,-259.1213,354.62997,19.455208,0.026408112,-0.0012769526,-0.015627336,5.156125,5.201389,2,-1,0,0.973422,1
6,1,1,1,0,-259.1213,354.62997,19.455208,0.026408112,-0.0012769526,-0.015627336,24.832972,24.616112,2,23,1,0.9979786,1
6,35,1,0,0,251.04657,-298.26813,14.595762,-0.00029112684,-0.020208616,-0.0035230215,5.935396,2.8319445,2,-1,0,0.9812634,1
6,35,1,1,0,251.04657,-298.26813,14.595762,-0.00029112684,-0.020208616,-0.0035230215,14.758806,14.858889,2,24,1,0.995407,1
6,9,1,1,0,-252.24896,-581.4348,334.93887,-0.015670447,-0.013027051,0.0054462277,18.719126,18.78111,2,25,1,0.95692813,1
6,17,0,0,0,0.0,0.0,0.0,0.0,0.0,0.0,3.3284028,3.2372222,2,-1,0,0.9011517,1
6,22,1,1,0,-262.9567,550.2356,428.84158,-0.020398475,-0.014827619,-0.017663311,21.073868,20.292778,2,26,1,0.9976,1
6,19,1,0,0,-268.79895,-1.826853,284.41394,0.011992643,-0.020935409,-0.011487775,5.494375,5.733611,2,-1,0,0.98065794,1
6,19,1,1,0,-268.79895,-1.826853,284.41394,0.011992643,-0.020935409,-0.011487775,19.356714,18.983889,2,27,1,0.991582,1
6,30,1,0,0,247.8577,-93.17092,283.0094,0.0082308715,0.0074717733,0.017764734,3.2943332,3.3475,2,-1,0,0.619973,1
6,23,1,1,0,283.15955,-515.4145,321.24518,-0.007762177,0.007997238,0.0008662837,10.848473,10.858611,2,28,1,0.9746823,1
6,2,1,1,0,285.3844,-510.91937,309.03934,-0.0075795525,-0.0009569011,-0.0024228254,7.9812016,7.9958334,2,29,1,0.9785346,1
6,34,0,0,0,0.0,0.0,0.0,0.0,0.0,0.0,11.867181,-1.0,2,-1,0,0.9931514,1
6,34,0,0,0,0.0,0.0,0.0,0.0,0.0,0.0,3.2560902,-1.0,2,-1,0,0.94847006,1
6,22,1,0,0,-262.9567,550.2356,428.84158,-0.020398475,-0.014827619,-0.017663311,4.0181875,4.0322223,2,-1,0,0.97280157,1
6,6,1,1,0,-312.67383,397.6767,132.95602,-0.022055961,-0.0102598965,0.03167751,22.013681,21.847221,2,30,1,0.99909306,1
6,6,1,0,0,-312.67383,397.6767,132.95602,-0.022055961,-0.0102598965,0.03167751,14.659841,14.939722,2,-1,0,0.98038447,1
6,31,1,1,0,-317.46558,-319.50592,362.88525,0.014163625,-0.020163743,0.0013666501,26.855318,26.866945,2,31,1,0.99339175,1
6,25,1,1,0,316.60672,139.43677,255.36809,0.0058307326,5.0605093e-05,-0.011717209,11.758758,10.656389,2,32,1,0.99411243,1
6,5,1,1,0,322.22757,437.4175,198.9319,-0.011643901,0.008508666,-0.00772234,15.468068,15.259722,2,33,1,0.9926685,1
6,32,1,0,0,322.69354,-41.836033,361.55283,0.0056681046,0.0055270544,0.017217485,8.843562,8.816389,2,-1,0,0.99473614,1
6,32,1,1,0,322.69354,-41.836033,361.55283,0.0056681046,0.0055270544,0.017217485,9.733209,9.913055,2,34,1,0.9579127,1
6,36,1,1,0,-352.5492,188.26486,164.75203,-0.000667026,0.017608866,-0.0136118205,16.977036,9.745833,2,35,1,0.97183704,1
6,36,1,0,0,-352.5492,188.26486,164.75203,-0.000667026,0.017608866,-0.0136118205,6.308403,3.6452777,2,-1,0,0.9777504,1
6,18,1,1,0,353.59836,91.602776,179.8714,0.018543951,0.018789839,0.00035265923,18.211014,18.137222,2,36,1,0.99996924,1
6,13,1,1,0,-355.99814,67.89694,258.19012,-0.023900464,0.01737726,-0.0025051457,17.527473,17.564167,2,37,1,0.99677616,1
6,18,1,0,0,353.59836,91.602776,179.8714,0.018543951,0.018789839,0.00035265923,5.3739376,5.36,2,-1,0,0.97182626,1
6,28,1,0,0,-379.0743,587.01556,30.20322,0.0044969358,0.0039923275,0.001760033,4.2204304,4.283056,2,-1,0,0.9149097,1
7,21,1,1,0,7.2297177,-507.65695,446.09256,-0.017954795,-0.01668622,0.0040048435,13.519438,12.761111,2,0,1,0.9928405,1
7,35,1,1,0,9.619477,-530.14355,10.908604,-0.009333863,-0.008333659,-0.014099911,5.2839165,5.217222,2,1,1,0.9847707,1
7,37,1,1,0,-13.515553,19.85871,358.3364,0.012568459,0.0025526811,-0.0013675845,18.988222,15.907778,2,2,1,0.98513895,1
7,7,1,1,0,11.888422,213.01938,32.512177,0.009477304,-0.009338927,-0.01354227,18.388485,18.491388,2,3,1,0.9717415,1
7,39,0,0,0,0.0,0.0,0.0,0.0,0.0,0.0,16.557125,-1.0,2,-1,0,0.9967013,1
7,39,0,0,0,0.0,0.0,0.0,0.0,0.0,0.0,4.5768056,-1.0,2,-1,0,0.9933646,1
7,29,1,1,0,-26.510614,-139.02269,98.46026,-0.022686835,0.00037519776,-0.013068842,26.453352,26.6325,2,5,1,0.78948885,1
7,39,0,0,0,0.0,0.0,0.0,0.0,0.0,0.0,3.90725,-1.0,2,-1,0,0.94152457,1
7,40,1,0,0,42.402443,-561.55743,374.83926,0.0063378983,-0.008925899,0.02255701,7.374125,7.345556,2,-1,0,0.98186064,1
7,3,1,1,0,-35.30186,56.95431,362.23383,0.0053311675,-0.0141456695,0.004937085,18.152647,18.255556,2,6,1,0.9971404,1
7,9,1,0,0,-48.59231,-160.50175,120.46239,-0.025870288,-0.0019361275,-0.011613813,5.246382,5.2955556,2,-1,0,0.9699626,1
7,40,1,0,0,42.402443,-561.55743,374.83926,0.0063378983,-0.008925899,0.02255701,3.8705418,3.7047222,2,-1,0,0.78164786,1
7,40,1,1,0,42.402443,-561.55743,374.83926,0.0063378983,-0.008925899,0.02255701,18.774883,18.612223,2,7,1,0.9952565,1
7,40,1,0,0,42.402443,-561.55743,374.83926,0.0063378983,-0.008925899,0.02255701,4.098708,4.032778,2,-1,0,0.98658854,1
7,9,1,1,0,-48.59231,-160.50175,120.46239,-0.025870288,-0.0019361275,-0.011613813,32.310734,32.14111,2,8,1,0.999884,1
7,30,0,0,0,0.0,0.0,0.0,0.0,0.0,0.0,9.985988,-1.0,2,-1,0,0.99581957,1
7,17,1,1,0,-51.785908,-297.56924,72.63377,0.0014430349,-0.009268584,0.007978845,11.417708,10.4225,2,9,1,0.99797803,1
7,4,1,1,0,-58.65448,-282.10907,172.74008,-0.009076118,-0.010356483,-0.026431082,31.425375,31.693056,2,10,1,0.9862547,1
7,13,1,1,0,-64.37283,84.904564,123.18025,0.0078064115,0.020622885,0.013021584,18.477377,16.783611,2,11,1,0.9964418,1
7,13,1,0,0,-64.37283,84.904564,123.18025,0.0078064115,0.020622885,0.013021584,9.904857,9.678889,2,-1,0,0.923292,1
7,13,1,0,0,-64.37283,84.904564,123.18025,0.0078064115,0.020622885,0.013021584,3.179764,2.98,2,-1,0,0.5664009,1
7,18,1,1,0,70.3588,-517.06604,10.19365,0.0016176284,-0.004656031,0.015056713,18.679138,18.633333,2,12,1,0.98305273,1
7,23,1,1,0,76.39619,-393.3403,421.8177,0.013769506,-0.008967846,-0.030472804,18.703693,18.775555,2,13,1,0.9786703,1
7,23,1,0,0,76.39619,-393.3403,421.8177,0.013769506,-0.008967846,-0.030472804,17.082659,16.930277,2,-1,0,0.9804366,1
7,33,1,1,0,107.82262,-70.03863,50.96348,-0.0022290456,-0.018965071,-0.015351605,22.086367,20.932777,2,15,1,0.99433446,1
7,20,1,1,0,117.6656,154.49786,307.14758,0.005383459,0.02018547,-0.019378187,29.57504,29.478056,2,16,1,0.9965262,1
7,34,1,0,0,0.0,0.0,0.0,0.0,0.0,0.0,8.26393,0.17888889,2,-1,0,0.9908166,1
7,1,1,1,0,-145.53537,-594.43097,306.30157,-0.00022764408,-0.009543019,-0.0070044696,11.326736,11.215,2,17,1,0.9646997,1
7,34,1,1,0,-138.24384,-261.53802,29.56941,-0.009149018,-0.027617354,0.0025785556,5.750924,5.913611,2,18,1,0.95334494,1
7,36,1,0,0,166.0091,-73.45507,315.57162,-0.00061102177,-0.0014915545,-0.010044512,3.8246875,3.5647223,2,-1,0,0.67445457,1
7,1,1,0,0,-145.53537,-594.43097,306.30157,-0.00022764408,-0.009543019,-0.0070044696,4.3753614,4.4394445,2,-1,0,0.99346465,1
7,30,0,0,0,0.0,0.0,0.0,0.0,0.0,0.0,3.6218333,-1.0,2,-1,0,0.9132545,1
7,36,1,1,0,166.0091,-73.45507,315.57162,-0.00061102177,-0.0014915545,-0.010044512,11.253062,8.678056,2,19,1,0.9418612,1
7,2,1,1,0,200.20883,89.50178,169.21077,0.021169968,0.002324674,0.014627774,13.691861,13.628889,2,20,1,0.9913338,1
7,24,1,1,0,-202.08145,-211.18617,83.82288,-0.017613163,0.021124622,0.004831192,17.051985,16.98639,2,21,1,0.9998223,1
7,5,1,0,0,205.50119,485.92633,206.46878,-0.00042943325,0.017518613,0.002640515,3.6183057,3.6680555,2,-1,0,0.99197406,1
7,2,1,0,0,200.20883,89.50178,169.21077,0.021169968,0.002324674,0.014627774,12.883709,12.702778,2,-1,0,0.9777924,1
7,24,1,0,0,-202.08145,-211.18617,83.82288,-0.017613163,0.021124622,0.004831192,8.2746525,8.360556,2,-1,0,0.99294347,1
7,5,1,1,0,205.50119,485.92633,206.46878,-0.00042943325,0.017518613,0.002640515,12.029181,12.066389,2,22,1,0.9941003,1
7,12,1,1,0,-252.11096,186.67636,316.67667,-0.010827563,-0.026511716,0.025222424,38.847336,39.121666,2,23,1,0.9991516,1
7,32,0,0,0,0.0,0.0,0.0,0.0,0.0,0.0,4.4059725,-1.0,2,-1,0,0.99454653,1
7,6,1,1,0,264.6449,132.80049,36.996998,-0.01464096,0.021152435,0.0069526406,28.563599,28.57,2,24,1,0.9959741,1
7,14,1,1,0,-263.89923,-278.57477,386.3358,0.0040096897,0.011954361,-0.0043392107,7.8074794,7.7775,2,25,1,0.99354905,1
7,10,1,0,0,283.67252,418.93274,263.98923,-0.014522043,-0.0028062284,0.028621094,3.3596807,3.4280555,2,-1,0,0.9685172,1
7,25,1,1,0,272.79388,-577.20197,296.13916,0.007744589,0.0068267724,0.008944523,14.0310135,14.263056,2,26,1,0.9809893,1
7,10,1,1,0,283.67252,418.93274,263.98923,-0.014522043,-0.0028062284,0.028621094,28.050152,28.229723,2,27,1,0.96781075,1
7,15,1,1,0,-278.71103,-395.31003,394.67313,0.008278329,-0.0029753675,-0.003870093,5.833952,5.792778,2,28,1,0.97570056,1
7,19,1,1,0,-281.755,104.4537,259.11438,-0.010233635,0.0046333363,0.007839276,11.739062,10.453055,2,29,1,0.9949458,1
7,11,0,0,0,0.0,0.0,0.0,0.0,0.0,0.0,4.6844997,-1.0,2,-1,0,0.97742385,1
7,27,1,0,0,-287.2216,-193.3096,78.88399,-0.014615448,-0.005416066,0.020390179,8.413187,7.3352776,2,-1,0,0.98040456,1
7,27,1,0,0,-287.2216,-193.3096,78.88399,-0.014615448,-0.005416066,0.020390179,5.9975,5.9677777,2,-1,0,0.9720666,1
7,32,1,0,0,305.33383,-233.02469,317.57632,-0.024513526,0.0010542456,-0.051156584,15.832612,15.997778,2,-1,0,0.9894056,1
7,32,1,1,0,305.33383,-233.02469,317.57632,-0.024513526,0.0010542456,-0.051156584,22.152473,22.122778,2,30,1,0.9940646,1
7,27,1,1,0,-287.2216,-193.3096,78.88399,-0.014615448,-0.005416066,0.020390179,10.76643,10.733055,2,31,1,0.9807248,1
7,31,1,0,0,-330.4527,-422.75684,368.4388,0.024789566,0.04446106,-0.037342522,10.184284,10.238611,2,-1,0,0.9715256,1
7,11,0,0,0,0.0,0.0,0.0,0.0,0.0,0.0,22.432535,-1.0,2,-1,0,0.99306643,1
7,31,1,0,0,-330.4527,-422.75684,368.4388,0.024789566,0.04446106,-0.037342522,12.559548,12.79,2,-1,0,0.98751116,1
7,32,1,0,0,305.33383,-233.02469,317.57632,-0.024513526,0.0010542456,-0.051156584,7.681673,7.6666665,2,-1,0,0.99556065,1
7,22,1,0,0,-343.53366,461.74875,118.25258,0.014647735,0.00084113376,0.0008403674,2.8824377,2.8277779,2,-1,0,0.92181736,1
7,31,1,1,0,-330.4527,-422.75684,368.4388,0.024789566,0.04446106,-0.037342522,34.777554,34.634445,2,32,1,0.9997696,1
7,8,1,1,0,332.50336,-54.777763,441.17715,-0.00703308,0.0040220227,-0.013370285,11.563257,11.563889,2,33,1,0.9923873,1
7,28,1,1,0,-336.1377,192.28006,30.416405,0.0074574808,0.027017806,0.0015064476,14.621542,14.5,2,34,1,0.9847099,1
7,28,1,0,0,-336.1377,192.28006,30.416405,0.0074574808,0.027017806,0.0015064476,4.32116,4.3625,2,-1,0,0.9937524,1
7,28,1,0,0,-336.1377,192.28006,30.416405,0.0074574808,0.027017806,0.0015064476,8.244125,7.7447224,2,-1,0,0.9477181,1
7,22,1,1,0,-343.53366,461.74875,118.25258,0.014647735,0.00084113376,0.0008403674,12.820298,12.501945,2,35,1,0.9789202,1
7,16,1,1,0,-349.4789,-166.7713,104.89123,-0.002713899,-0.005959096,0.008610557,9.351326,9.008056,2,36,1,0.9488887,1
7,26,1,1,0,361.06342,-394.5163,354.5561,-0.012086003,-0.012553635,-0.029521853,19.225958,19.169722,2,37,1,0.974859,1
7,17,0,0,0,0.0,0.0,0.0,0.0,0.0,0.0,2.7230139,2.6144445,2,-1,0,0.7950864,1
8,31,1,1,0,4.4311385,202.10667,23.479486,-0.0058417004,0.016920734,0.009934636,5.0310345,4.967222,2,0,1,0.99488693,1
8,23,1,1,0,38.869083,-377.57153,246.51074,0.014526617,0.0030611723,0.0067630922,12.472569,12.493055,2,1,1,0.9585835,1
8,36,1,1,0,-42.39595,148.2359,166.46547,0.010006617,9.500286e-05,0.02414671,22.936367,23.005,2,2,1,0.992716,1
8,36,1,0,0,-42.39595,148.2359,166.46547,0.010006617,9.500286e-05,0.02414671,6.1193333,5.634444,2,-1,0,0.9827252,1
8,23,0,0,0,0.0,0.0,0.0,0.0,0.0,0.0,4.35775,-1.0,2,-1,0,0.9590548,1
8,39,0,0,0,0.0,0.0,0.0,0.0,0.0,0.0,2.8366804,2.7991667,2,-1,0,0.6074386,1
8,20,1,1,0,62.80312,595.5483,254.75888,0.013568173,0.012568287,0.008651658,24.031721,24.3975,2,3,1,0.9991511,1
8,25,1,1,0,-65.14382,-274.74295,10.385006,-0.0070636002,0.009158523,0.02056589,25.34495,25.615,2,4,1,0.98667204,1
8,25,1,0,0,-65.14382,-274.74295,10.385006,-0.0070636002,0.009158523,0.02056589,3.000597,2.9891667,2,-1,0,0.54344606,1
8,6,1,1,0,88.0695,283.47055,444.9483,0.0019710027,-0.010463715,0.014577609,19.579084,13.3116665,2,5,1,0.9893371,1
8,17,1,1,0,-92.04654,-261.42822,129.06557,-0.011009623,-0.006364433,0.008364451,17.727556,17.671667,2,6,1,0.9891366,1
8,37,1,0,0,-92.76828,-72.37837,75.0206,-0.039436966,-0.0032808015,-0.028857894,17.586535,16.1925,2,-1,0,0.94464105,1
8,27,1,0,0,107.903175,-172.2888,138.92558,-0.01674219,-0.006357825,0.020591859,15.079014,15.129167,2,-1,0,0.9904875,1
8,19,1,0,0,-104.855995,421.56482,64.58961,-0.0043556793,0.012686129,0.017216764,3.000861,2.968889,2,-1,0,0.55278957,1
8,27,1,1,0,107.903175,-172.2888,138.92558,-0.01674219,-0.006357825,0.020591859,15.724063,15.390278,2,7,1,0.98067653,1
8,19,1,0,0,-104.855995,421.56482,64.58961,-0.0043556793,0.012686129,0.017216764,5.7338405,3.6980555,2,-1,0,0.8676004,1
8,19,1,1,0,-104.855995,421.56482,64.58961,-0.0043556793,0.012686129,0.017216764,6.999361,6.9830556,2,8,1,0.96283054,1
8,19,1,0,0,-104.855995,421.56482,64.58961,-0.0043556793,0.012686129,0.017216764,5.4924445,5.502222,2,-1,0,0.9656438,1
8,8,1,1,0,-107.92956,48.974186,450.78006,-0.030571004,-0.0027679433,0.007978028,27.575222,10.368333,2,9,1,0.9998753,1
8,12,1,1,0,-131.62437,358.06555,84.16162,0.01584581,-0.00090357236,-0.014241102,15.895742,15.842778,2,10,1,0.9901112,1
8,12,1,0,0,-131.62437,358.06555,84.16162,0.01584581,-0.00090357236,-0.014241102,6.48959,6.438611,2,-1,0,0.9822381,1
8,3,1,1,0,-137.71843,211.21935,401.46365,-0.0356713,-0.012764934,-0.0067068716,30.551271,30.378334,2,11,1,0.9999107,1
8,37,1,0,0,-92.76828,-72.37837,75.0206,-0.039436966,-0.0032808015,-0.028857894,10.073507,9.869166,2,-1,0,0.98293024,1
8,26,1,0,0,207.7392,588.5453,137.42429,-0.027093418,-0.0142174885,-0.0053903507,8.943069,8.796667,2,-1,0,0.9814088,1
8,37,1,1,0,-92.76828,-72.37837,75.0206,-0.039436966,-0.0032808015,-0.028857894,17.78834,17.649445,2,12,1,0.9313511,1
8,37,1,0,0,-92.76828,-72.37837,75.0206,-0.039436966,-0.0032808015,-0.028857894,2.4499373,2.4916666,2,-1,0,0.91247904,1
8,34,1,1,0,-168.72343,139.89963,57.28585,0.0099981725,-0.00028115252,-0.010771346,15.2526865,15.239445,2,13,1,0.9960777,1
8,3,1,0,0,-137.71843,211.21935,401.46365,-0.0356713,-0.012764934,-0.0067068716,3.4538195,3.5280557,2,-1,0,0.7914609,1
8,34,1,0,0,-168.72343,139.89963,57.28585,0.0099981725,-0.00028115252,-0.010771346,3.2053053,3.2544444,2,-1,0,0.90238965,1
8,14,1,1,0,187.33484,-593.58044,388.38168,0.0035234937,-0.010086831,0.0070300745,11.548639,8.644444,2,14,1,0.9960204,1
8,10,1,1,0,-193.3828,109.05048,270.19406,-8.812066e-05,-0.0011796621,-0.00327783,3.5948334,3.4997222,2,15,1,0.88076836,1
8,39,1,1,0,-193.27022,-566.4871,418.9051,-0.02744012,-0.0014656826,0.018356703,22.52355,22.363611,2,16,1,0.8875878,1
8,26,1,0,0,207.7392,588.5453,137.42429,-0.027093418,-0.0142174885,-0.0053903507,4.23984,4.213333,2,-1,0,0.9894344,1
8,18,1,1,0,-203.83449,-580.5979,96.55094,0.022676563,-0.004447608,0.0018265444,16.081417,16.1375,2,17,1,0.9952893,1
8,26,1,1,0,207.7392,588.5453,137.42429,-0.027093418,-0.0142174885,-0.0053903507,20.357819,19.860834,2,18,1,0.9914767,1
8,29,1,1,0,209.71147,45.44973,91.08557,0.0012146897,0.01166797,0.00096856005,13.1735,13.267222,2,19,1,0.9876654,1
8,39,1,0,0,-193.27022,-566.4871,418.9051,-0.02744012,-0.0014656826,0.018356703,5.0577574,5.0480556,2,-1,0,0.9987576,1
8,2,1,1,0,213.36226,204.23225,21.799133,0.0043241237,0.02543237,0.018059187,20.311522,19.197222,2,20,1,0.99432796,1
8,5,0,0,0,0.0,0.0,0.0,0.0,0.0,0.0,4.171583,4.178056,2,-1,0,0.93300366,1
8,13,1,1,0,-253.4803,-439.0046,145.02763,-0.00632169,-0.018797755,-0.0014731501,10.823723,10.903055,2,21,1,0.9820855,1
8,35,1,1,0,235.6302,531.83826,276.60168,-0.011677395,-7.886792e-05,0.030528814,32.08498,32.1475,2,22,1,0.9946814,1
8,35,1,0,0,235.6302,531.83826,276.60168,-0.011677395,-7.886792e-05,0.030528814,3.694472,3.4761112,2,-1,0,0.98916924,1
8,2,1,0,0,213.36226,204.23225,21.799133,0.0043241237,0.02543237,0.018059187,8.981472,8.923333,2,-1,0,0.9974598,1
8,13,1,0,0,-253.4803,-439.0046,145.02763,-0.00632169,-0.018797755,-0.0014731501,6.9381804,6.900833,2,-1,0,0.97949094,1
8,28,1,1,0,-263.32364,105.200005,224.74469,-0.008049344,-0.0001159408,-0.016557133,18.192472,15.789444,2,23,1,0.97977877,1
8,22,1,1,0,-273.25253,302.2451,401.8342,-0.014943011,0.028881505,-0.024007576,31.494972,31.037222,2,24,1,0.99364316,1
8,9,1,1,0,-274.74298,261.11206,245.06941,0.010487653,-0.0016743622,-0.00025399492,10.594812,10.643888,2,25,1,0.95761645,1
8,7,1,1,0,272.4936,-486.96652,187.19836,-0.001356041,0.01183274,-0.013191826,12.602194,12.5425,2,26,1,0.95536184,1
8,7,1,0,0,272.4936,-486.96652,187.19836,-0.001356041,0.01183274,-0.013191826,5.270639,1.8638889,2,-1,0,0.9552808,1
8,4,1,0,0,305.23105,27.803492,299.19446,-0.014117808,0.027899185,0.017376745,4.61491,4.575278,2,-1,0,0.9795926,1
8,4,1,1,0,305.23105,27.803492,299.19446,-0.014117808,0.027899185,0.017376745,28.955492,29.153334,2,27,1,0.96504617,1
8,1,1,1,0,305.15225,-553.54926,244.09541,0.016196508,0.013029788,0.0123992385,14.837569,14.735833,2,28,1,0.9876183,1
8,30,1,1,0,307.8473,546.0985,93.519875,-0.002776804,0.0024386058,0.010960709,11.256424,11.2711115,2,29,1,0.9602819,1
8,5,1,1,0,-308.06152,-533.04877,420.12543,-0.010325426,-0.0035533472,0.001248184,10.4123125,10.439167,2,30,1,0.9738337,1
8,15,1,1,0,-313.6718,-437.48965,417.28278,0.012622105,-0.007098662,-0.012492078,9.096111,9.070833,2,31,1,0.978225,1
8,15,1,0,0,-313.6718,-437.48965,417.28278,0.012622105,-0.007098662,-0.012492078,8.84775,8.780556,2,-1,0,0.982488,1
8,32,1,1,0,314.9349,129.11229,43.674156,0.013019447,-0.005169462,0.015276541,20.596869,17.010555,2,32,1,0.9982835,1
8,1,1,0,0,305.15225,-553.54926,244.09541,0.016196508,0.013029788,0.0123992385,3.1098611,3.0677779,2,-1,0,0.87355226,1
8,40,1,1,0,-325.54202,-483.35107,146.52538,0.013423519,-0.011485064,-0.016714396,16.975285,17.065277,2,33,1,0.9626964,1
8,32,1,0,0,314.9349,129.11229,43.674156,0.013019447,-0.005169462,0.015276541,4.2144027,4.253611,2,-1,0,0.9728663,1
8,21,1,1,0,-349.16522,194.80841,212.1439,0.025363661,-0.0023690918,-0.0065995916,24.594175,22.343056,2,34,1,0.99999523,1
8,21,1,0,0,-349.16522,194.80841,212.1439,0.025363661,-0.0023690918,-0.0065995916,3.5585208,3.518889,2,-1,0,0.81906897,1
8,11,1,0,0,352.2498,527.4272,364.04434,-0.00964865,0.003211021,-0.054384857,6.640055,6.619167,2,-1,0,0.96739745,1
8,11,1,1,0,352.2498,527.4272,364.04434,-0.00964865,0.003211021,-0.054384857,20.732944,18.915,2,35,1,0.9992138,1
8,11,1,0,0,352.2498,527.4272,364.04434,-0.00964865,0.003211021,-0.054384857,4.989215,5.0333333,2,-1,0,0.96897084,1
8,11,1,0,0,352.2498,527.4272,364.04434,-0.00964865,0.003211021,-0.054384857,6.8706107,6.6205554,2,-1,0,0.9787243,1
8,38,1,1,0,353.40308,289.9388,316.6711,0.023171976,-0.006457598,0.009818142,11.155334,11.028889,2,36,1,0.9721372,1
8,38,1,0,0,353.40308,289.9388,316.6711,0.023171976,-0.006457598,0.009818142,5.056319,5.040278,2,-1,0,0.9972562,1
8,16,1,1,0,356.0354,-120.89129,391.43234,-0.002655954,0.0058461884,0.020166684,19.714245,19.783056,2,37,1,0.9834432,1
8,33,1,1,0,-360.65805,33.065807,19.829031,-0.03249437,0.0050771236,-0.0013324145,5.5121665,5.481111,2,-1,1,0.9764445,1
9,12,1,1,0,20.788153,-208.6072,336.68832,0.0073440177,-0.022494983,-0.012905685,33.30111,30.629444,2,0,1,0.9976653,1
9,19,1,1,0,-20.836588,451.31073,0.30548787,-0.014404888,0.0028070922,0.00043284413,9.606042,9.621667,2,1,1,0.98688847,1
9,27,1,1,0,-35.81815,159.17114,395.31152,-0.018991863,-0.007665759,0.02305073,33.38315,31.745832,2,2,1,0.97573197,1
9,30,1,1,0,-55.71692,-109.581085,13.309644,-0.02217715,0.0043122033,0.028689248,27.322216,27.255,2,3,1,0.99998736,1
9,30,1,0,0,-55.71692,-109.581085,13.309644,-0.02217715,0.0043122033,0.028689248,13.557702,13.3955555,2,-1,0,0.9963147,1
9,30,1,0,0,-55.71692,-109.581085,13.309644,-0.02217715,0.0043122033,0.028689248,2.692278,2.7358334,2,-1,0,0.59986347,1
9,8,1,1,0,73.34851,-582.8666,400.88162,-0.0031315712,-0.0023808493,0.005796591,9.550249,9.422222,2,4,1,0.98727036,1
9,39,1,0,0,166.30193,476.08398,242.32741,-0.0041367975,-0.014561619,0.0021984156,5.488854,5.6455555,2,-1,0,0.9496968,1
9,13,1,1,0,101.5536,-367.55618,152.3257,0.0027263395,-0.030096175,0.012820241,26.78536,23.779444,2,5,1,0.99884784,1
9,13,1,0,0,101.5536,-367.55618,152.3257,0.0027263395,-0.030096175,0.012820241,2.6426735,2.6644444,2,-1,0,0.86149895,1
9,13,1,0,0,101.5536,-367.55618,152.3257,0.0027263395,-0.030096175,0.012820241,9.014819,9.163889,2,-1,0,0.9871536,1
9,38,1,0,0,-151.26459,46.512184,28.205383,0.005084389,0.0023025991,0.006777252,5.6173882,5.634444,2,-1,0,0.98520887,1
9,7,1,1,0,-149.13309,-62.62206,257.47495,-0.022246934,-0.022459578,-0.0002758254,29.081875,28.991945,2,6,1,0.9939247,1
9,38,1,1,0,-151.26459,46.512184,28.205383,0.005084389,0.0023025991,0.006777252,8.921431,8.773056,2,7,1,0.9819578,1
9,9,1,1,0,-160.1791,310.26672,275.794,0.011509406,0.0076702405,-0.015487113,21.511576,21.473333,2,8,1,0.998926,1
9,32,1,0,0,-170.13843,-594.5194,163.52634,-0.0049002166,0.024688737,0.021107463,5.8032637,5.765,2,-1,0,0.9861653,1
9,9,1,0,0,-160.1791,310.26672,275.794,0.011509406,0.0076702405,-0.015487113,6.3950276,6.3869443,2,-1,0,0.991723,1
9,39,1,1,0,166.30193,476.08398,242.32741,-0.0041367975,-0.014561619,0.0021984156,16.873999,17.0675,2,9,1,0.9999856,1
9,32,1,1,0,-170.13843,-594.5194,163.52634,-0.0049002166,0.024688737,0.021107463,13.187958,13.341389,2,10,1,0.9596353,1
9,16,1,1,0,-168.41713,207.24284,258.273,-0.0023006524,0.003968557,0.0076390635,6.9022503,7.0005555,2,11,1,0.9834359,1
9,32,1,0,0,-170.13843,-594.5194,163.52634,-0.0049002166,0.024688737,0.021107463,17.87839,11.64,2,-1,0,0.99620014,1
9,18,1,0,0,189.03871,462.2983,275.70392,-0.013393248,0.01523186,0.03502288,4.347361,4.288611,2,-1,0,0.98960435,1
9,23,1,1,0,187.13525,-276.3713,280.82715,-0.019504942,0.014727789,0.025161108,33.401863,33.13361,2,12,1,0.9999999,1
9,18,1,1,0,189.03871,462.2983,275.70392,-0.013393248,0.01523186,0.03502288,33.033417,32.941113,2,13,1,0.99999726,1
9,18,1,0,0,189.03871,462.2983,275.70392,-0.013393248,0.01523186,0.03502288,2.9152915,2.9172223,2,-1,0,0.9051503,1
9,15,1,1,0,198.993,-189.2277,176.03444,-0.008601291,0.03698919,-0.009756573,35.311653,32.949722,2,14,1,0.9773556,1
9,15,1,0,0,198.993,-189.2277,176.03444,-0.008601291,0.03698919,-0.009756573,5.469896,5.3941665,2,-1,0,0.9810889,1
9,4,1,0,0,-203.14569,123.3905,201.94322,-0.016495548,-0.010089889,-0.027424183,3.1443403,3.1855555,2,-1,0,0.88752806,1
9,4,1,1,0,-203.14569,123.3905,201.94322,-0.016495548,-0.010089889,-0.027424183,18.014936,16.910555,2,15,1,0.93670416,1
9,20,1,1,0,-206.01445,-305.82974,337.70538,-0.020506639,0.020679101,0.015229112,25.74652,23.62861,2,16,1,0.997393,1
9,20,1,0,0,-206.01445,-305.82974,337.70538,-0.020506639,0.020679101,0.015229112,5.506674,5.513889,2,-1,0,0.9895399,1
9,14,1,1,0,216.32816,358.98346,42.131313,-0.0111888,-0.008432971,0.010828372,17.141048,16.070278,2,17,1,0.9915047,1
9,20,1,0,0,-206.01445,-305.82974,337.70538,-0.020506639,0.020679101,0.015229112,4.8535485,4.6161113,2,-1,0,0.953853,1
9,11,1,0,0,258.98972,519.08075,353.71008,0.013517336,-0.011588519,-0.010399792,3.0908542,3.1383333,2,-1,0,0.5650121,1
9,35,1,1,0,-225.41296,-540.4106,2.5234873,-0.015261714,-0.0150310295,-0.0137474155,8.704034,7.256111,2,18,1,0.9845071,1
9,35,1,0,0,-225.41296,-540.4106,2.5234873,-0.015261714,-0.0150310295,-0.0137474155,4.5807085,4.528611,2,-1,0,0.9632789,1
9,6,1,1,0,-243.87146,-5.0473876,138.73463,0.0066453707,0.004825362,0.0077472255,4.029097,4.0669446,2,19,1,0.9593834,1
9,5,1,1,0,-237.3941,-317.53442,59.15458,0.0066982456,0.025632715,0.013567699,31.22088,31.331667,2,20,1,0.9988398,1
9,24,1,1,0,-238.57109,-379.5979,50.484894,-0.029172542,0.024792582,-0.0003456834,32.071514,19.346111,2,21,1,0.97838575,1
9,6,0,0,0,0.0,0.0,0.0,0.0,0.0,0.0,6.6605625,-1.0,2,-1,0,0.9698398,1
9,10,1,0,0,266.60867,383.85876,437.36118,-0.021947514,0.015626231,-0.007674357,4.3733406,4.365556,2,-1,0,0.9865124,1
9,31,1,0,0,-277.34076,277.46875,219.26591,0.016630316,0.003931635,0.02005735,4.7082086,4.713333,2,-1,0,0.9683409,1
9,33,1,0,0,-255.29318,372.744,344.81308,0.012021324,0.007133777,0.035816062,7.114028,6.9358335,2,-1,0,0.99880683,1
9,33,1,1,0,-255.29318,372.744,344.81308,0.012021324,0.007133777,0.035816062,29.280672,28.55139,2,22,1,0.9957217,1
9,28,1,0,0,261.13202,-544.66864,334.3502,0.013020305,0.0033593986,0.004622427,4.706569,4.653333,2,-1,0,0.9866828,1
9,10,1,1,0,266.60867,383.85876,437.36118,-0.021947514,0.015626231,-0.007674357,24.753185,20.787222,2,23,1,0.9881207,1
9,28,1,1,0,261.13202,-544.66864,334.3502,0.013020305,0.0033593986,0.004622427,14.695139,14.842778,2,24,1,0.9942708,1
9,11,1,1,0,262.88126,551.9013,317.08234,0.013517336,-0.011588519,-0.010399792,11.02325,11.0419445,2,25,1,0.9953601,1
9,11,1,0,0,262.88126,551.9013,317.08234,0.013517336,-0.011588519,-0.010399792,7.730188,7.7991667,2,-1,0,0.95050204,1
9,2,0,0,0,0.0,0.0,0.0,0.0,0.0,0.0,12.723244,-1.0,2,-1,0,0.9985482,1
9,2,0,0,0,0.0,0.0,0.0,0.0,0.0,0.0,3.5924306,-1.0,2,-1,0,0.8344276,1
9,29,0,0,0,0.0,0.0,0.0,0.0,0.0,0.0,19.949293,-1.0,2,-1,0,0.9011106,1
9,29,0,0,0,0.0,0.0,0.0,0.0,0.0,0.0,5.623729,-1.0,2,-1,0,0.97886616,1
9,31,1,1,0,-277.34076,277.46875,219.26591,0.016630316,0.003931635,0.02005735,20.169472,20.044445,2,26,1,0.999705,1
9,4,1,0,0,-203.14569,123.3905,201.94322,-0.016495548,-0.010089889,-0.027424183,13.327541,13.379444,2,-1,0,0.9601957,1
9,21,1,1,0,278.94147,8.741756,119.49595,-0.009927438,-0.0015273651,0.022901991,20.261206,20.1575,2,27,1,0.9855562,1
9,40,1,1,0,-283.8672,37.713654,69.99854,0.011964878,-0.016044071,0.006249323,20.698984,20.410278,2,28,1,0.9837647,1
9,21,1,0,0,278.94147,8.741756,119.49595,-0.009927438,-0.0015273651,0.022901991,3.4950418,3.6394444,2,-1,0,0.92709136,1
9,36,1,1,0,-281.483,-75.19696,18.597843,-0.000100675694,-2.2941387e-05,0.035439905,24.985014,25.181389,2,29,1,0.99953616,1
9,36,1,0,0,-281.483,-75.19696,18.597843,-0.000100675694,-2.2941387e-05,0.035439905,9.325327,9.185,2,-1,0,0.9960945,1
9,17,1,1,0,291.1405,555.00885,117.24165,-0.01129437,0.005300874,-0.003464643,11.400486,11.455,2,30,1,0.992539,1
9,34,0,0,0,0.0,0.0,0.0,0.0,0.0,0.0,9.005083,-1.0,2,-1,0,0.9896998,1
9,36,1,0,0,-281.483,-75.19696,18.597843,-0.000100675694,-2.2941387e-05,0.035439905,4.4009585,4.3475,2,-1,0,0.9713628,1
9,1,1,1,0,312.30804,-278.86963,201.3624,-0.007519935,-0.014067205,-1.29955915e-05,10.039493,9.975555,2,31,1,0.97593087,1
9,22,1,1,0,307.94308,322.8667,422.59125,0.03080866,0.020811288,-0.008293486,31.323153,26.228056,2,-1,1,0.9999778,1
9,1,1,0,0,312.30804,-278.86963,201.3624,-0.007519935,-0.014067205,-1.29955915e-05,5.961528,5.9594445,2,-1,0,0.97527844,1
9,17,1,0,0,291.1405,555.00885,117.24165,-0.01129437,0.005300874,-0.003464643,2.6742501,2.6444445,2,-1,0,0.7126625,1
9,25,1,1,0,335.86975,-465.7943,258.95367,0.0048219906,0.01479598,0.025808247,14.538687,14.458889,2,32,1,0.9621691,1
9,25,1,0,0,335.86975,-465.7943,258.95367,0.0048219906,0.01479598,0.025808247,13.975784,13.384167,2,-1,0,0.9860561,1
9,3,1,1,0,346.22296,167.26625,142.35117,0.00064473884,0.019712633,-0.011137581,21.164145,21.4225,2,33,1,0.9960901,1
9,37,1,1,0,-348.17795,260.75076,424.25662,-0.0009663606,0.008473099,0.01503093,14.991556,14.929722,2,34,1,0.9927819,1
9,26,0,0,0,0.0,0.0,0.0,0.0,0.0,0.0,5.9812293,-1.0,2,-1,0,0.97399193,1
9,26,1,1,0,362.40417,-580.5235,288.3781,-0.001499407,0.015416853,-0.008284811,17.49575,17.455833,2,35,1,0.9902,1
9,40,1,0,0,-294.92535,196.9855,341.08377,0.011964878,-0.016044071,0.006249323,2.8715348,3.0055556,2,-1,0,0.8323723,1
10,6,1,0,0,-11.911281,-553.0023,415.6588,0.017125519,-0.013409859,0.00024268673,10.977854,10.795834,2,-1,0,0.99739397,1
10,6,1,1,0,-11.911281,-553.0023,415.6588,0.017125519,-0.013409859,0.00024268673,15.882847,15.786944,2,0,1,0.96382093,1
10,6,1,0,0,-11.911281,-553.0023,415.6588,0.017125519,-0.013409859,0.00024268673,4.0219793,3.9875,2,-1,0,0.9641435,1
10,3,1,1,0,16.036232,-199.40256,2.1446877,0.0021819244,0.023327138,0.029655803,23.10588,22.683056,2,1,1,0.9947378,1
10,3,1,0,0,16.036232,-199.40256,2.1446877,0.0021819244,0.023327138,0.029655803,17.302784,17.247223,2,-1,0,0.9817461,1
10,3,1,0,0,16.036232,-199.40256,2.1446877,0.0021819244,0.023327138,0.029655803,3.7626736,3.786111,2,-1,0,0.9752763,1
10,32,1,1,0,32.5421,-540.27783,428.72772,0.045072988,-0.042311817,0.029295452,38.030014,69.399445,2,2,1,0.99983704,1
10,33,1,1,0,-34.871544,-242.69649,128.29381,0.0011700556,0.003167046,0.00042037593,10.383583,7.018889,2,3,1,0.9948848,1
10,8,1,1,0,52.241146,381.37747,156.06084,0.0060776314,-0.026088128,0.0048779626,15.945507,14.2502775,2,4,1,0.9943116,1
10,8,1,0,0,52.241146,381.37747,156.06084,0.0060776314,-0.026088128,0.0048779626,8.2120075,8.126667,2,-1,0,0.9991543,1
10,40,1,1,0,61.472904,265.13174,375.03104,-0.014878945,-0.008777308,0.008846723,20.67993,20.66639,2,5,1,0.9813132,1
10,8,1,0,0,52.241146,381.37747,156.06084,0.0060776314,-0.026088128,0.0048779626,7.790861,7.9083333,2,-1,0,0.9934849,1
10,19,1,1,0,-66.071335,138.1093,459.27106,0.024900667,-0.01655169,0.0039446615,32.043835,32.23722,2,6,1,0.99864644,1
10,9,1,1,0,80.974815,323.2649,260.9348,-0.003367704,-0.010646427,0.00032913676,13.280341,13.2975,2,7,1,0.99702746,1
10,25,1,1,0,81.44756,523.0766,407.84286,0.019225677,4.865592e-05,0.0075264317,23.195126,23.387777,2,8,1,0.9991247,1
10,1,1,1,0,-99.9177,368.48648,207.51933,0.009219748,0.0012074497,-0.020387406,21.60632,21.592222,2,9,1,0.99653316,1
10,39,1,1,0,-152.63774,-379.11627,35.353096,0.018597469,-0.020700047,0.011816203,26.403042,26.205278,2,10,1,0.9959974,1
10,16,1,0,0,-159.64348,-356.57272,356.1145,-0.025044046,0.0048944745,0.0051257317,4.663694,4.526111,2,-1,0,0.9916328,1
10,5,1,1,0,155.61815,126.220085,396.44528,-0.0076370602,0.019803487,0.0078254985,24.922077,24.945278,2,11,1,0.9907175,1
10,32,0,0,0,0.0,0.0,0.0,0.0,0.0,0.0,3.0793056,3.0291667,2,-1,0,0.5096025,1
10,16,1,1,0,-159.64348,-356.57272,356.1145,-0.025044046,0.0048944745,0.0051257317,17.90289,13.323334,2,12,1,0.8955504,1
10,18,1,0,0,185.43414,-539.0839,149.41331,-0.038951654,0.004384137,-0.0009063062,5.1159515,5.118889,2,-1,0,0.97936624,1
10,16,1,0,0,-159.64348,-356.57272,356.1145,-0.025044046,0.0048944745,0.0051257317,5.846049,5.841111,2,-1,0,0.97695655,1
10,22,1,1,0,169.79103,209.63055,395.53296,-0.014108789,-0.00878454,0.015529766,22.66748,20.99611,2,13,1,0.9942041,1
10,10,1,1,0,169.07597,-235.78355,161.34323,0.013432863,-0.023434067,0.0005982145,20.068842,20.171389,2,14,1,0.9428192,1
10,12,1,0,0,177.18443,122.280785,69.080635,0.009657332,0.01504242,0.0008310996,4.0005555,3.9958334,2,-1,0,0.9446283,1
10,29,1,1,0,-173.2899,-197.8012,336.24207,0.0008893616,-0.0075647803,-0.0021461612,8.814667,8.725833,2,15,1,0.9846673,1
10,18,1,1,0,185.43414,-539.0839,149.41331,-0.038951654,0.004384137,-0.0009063062,25.553339,25.411112,2,16,1,0.97861344,1
10,12,1,1,0,177.18443,122.280785,69.080635,0.009657332,0.01504242,0.0008310996,20.55418,20.32361,2,17,1,0.9990681,1
10,18,1,0,0,185.43414,-539.0839,149.41331,-0.038951654,0.004384137,-0.0009063062,12.232437,12.2275,2,-1,0,0.8796059,1
10,10,1,0,0,169.07597,-235.78355,161.34323,0.013432863,-0.023434067,0.0005982145,3.981875,3.968611,2,-1,0,0.94113046,1
10,7,1,1,0,-181.2873,276.70917,344.58725,0.002170341,-0.008487304,0.002758014,5.7580485,5.891111,2,18,1,0.9481176,1
10,7,1,0,0,-181.2873,276.70917,344.58725,0.002170341,-0.008487304,0.002758014,5.289014,5.3013887,2,-1,0,0.93349797,1
10,16,1,0,0,-159.64348,-356.57272,356.1145,-0.025044046,0.0048944745,0.0051257317,4.6718054,4.573889,2,-1,0,0.9968263,1
10,2,1,1,0,191.47955,366.2877,458.8203,-0.0024279337,-0.013329204,-0.009600308,15.320597,15.544723,2,19,1,0.9767865,1
10,35,1,0,0,-229.54837,-135.27185,381.6098,0.026347151,-0.013935229,-0.019566197,3.6985972,3.7469444,2,-1,0,0.7935764,1
10,11,1,1,0,-215.26064,58.60703,426.56738,0.009900731,0.009373673,0.015224445,15.215104,15.176111,2,20,1,0.9232773,1
10,24,1,1,0,-210.23477,-108.30729,403.23254,-0.019987065,-0.0076019675,-0.0009509256,22.259535,17.691944,2,21,1,0.9942772,1
10,27,1,1,0,-213.79695,-200.23473,42.251762,0.0076318164,-0.008669496,-0.012384471,17.705168,17.647223,2,22,1,0.98222846,1
10,11,1,0,0,-215.26064,58.60703,426.56738,0.009900731,0.009373673,0.015224445,6.3702636,6.2836113,2,-1,0,0.9642842,1
10,18,1,0,0,185.43414,-539.0839,149.41331,-0.038951654,0.004384137,-0.0009063062,3.153479,3.155,2,-1,0,0.8385758,1
10,38,1,1,0,221.00595,69.32134,173.32678,-0.010154942,-0.012525197,-0.01912381,18.689465,17.188055,2,23,1,0.9536596,1
10,13,1,1,0,220.93431,273.5655,291.97488,-0.0046946453,0.009840169,-0.004482284,13.287868,13.193334,2,24,1,0.9963785,1
10,35,1,1,0,-229.54837,-135.27185,381.6098,0.026347151,-0.013935229,-0.019566197,18.911783,18.902222,2,25,1,0.9816773,1
10,36,1,1,0,224.3546,76.061325,426.49045,0.031355456,-0.013576715,0.001280332,24.256203,17.479166,2,26,1,0.9994487,1
10,35,1,0,0,-229.54837,-135.27185,381.6098,0.026347151,-0.013935229,-0.019566197,13.108146,13.105,2,-1,0,0.98386616,1
10,36,1,0,0,224.3546,76.061325,426.49045,0.031355456,-0.013576715,0.001280332,3.0643194,3.1008334,2,-1,0,0.8497018,1
10,37,1,1,0,-237.16628,-6.871837,451.00684,-0.03198254,-0.0038098788,0.0003092183,25.7263,25.706667,2,27,1,0.6919039,1
10,36,1,0,0,224.3546,76.061325,426.49045,0.031355456,-0.013576715,0.001280332,9.383625,9.4275,2,-1,0,0.92135507,1
10,17,1,1,0,-261.73093,-451.45697,436.17914,-0.02283544,-0.0026632352,0.00033940637,14.109021,14.055833,2,28,1,0.99402606,1
10,17,1,0,0,-261.73093,-451.45697,436.17914,-0.02283544,-0.0026632352,0.00033940637,5.634903,5.636389,2,-1,0,0.98218924,1
10,14,1,0,0,-276.4419,484.4123,177.24709,-0.01066064,0.001127918,0.0018309271,3.4652221,3.3830554,2,-1,0,0.889125,1
10,14,1,1,0,-276.4419,484.4123,177.24709,-0.01066064,0.001127918,0.0018309271,8.873736,8.859722,2,-1,1,0.9623717,1
10,4,1,1,0,-281.60196,-596.4234,118.4437,-0.005390083,-0.0006444477,-0.0029345525,6.845493,7.0558333,2,29,1,0.94003075,1
10,34,1,0,0,299.2188,-205.16153,362.59894,-0.0129228085,-0.012237312,0.014549501,2.6126873,2.6172223,2,-1,0,0.5547572,1
10,15,1,1,0,293.37283,92.23704,421.59335,-0.012141812,0.006601552,0.023396982,25.748293,25.606667,2,30,1,0.98929745,1
10,13,1,0,0,270.7917,298.96542,45.50134,-0.0046946453,0.009840169,-0.004482284,2.8749447,2.8911111,2,-1,0,0.6089147,1
10,34,1,1,0,299.2188,-205.16153,362.59894,-0.0129228085,-0.012237312,0.014549501,15.79493,15.781111,2,31,1,0.86532414,1
10,13,1,0,0,270.7917,298.96542,45.50134,-0.0046946453,0.009840169,-0.004482284,3.3280697,3.2972221,2,-1,0,0.93894315,1
10,26,0,0,0,0.0,0.0,0.0,0.0,0.0,0.0,19.354527,-1.0,2,-1,0,0.9810817,1
10,30,1,1,0,-321.78043,278.95856,374.91965,-0.00054330175,0.0026621823,-0.0053650574,4.7776594,2.841389,2,32,1,0.98580694,1
10,23,1,0,0,-340.1625,402.74146,255.17706,0.0031715522,0.0018644027,0.014495712,3.6890554,3.7233334,2,-1,0,0.9813633,1
10,21,1,1,0,-339.55222,-50.54068,1.8023497,0.006714754,-0.0024161953,0.0055892603,8.500097,8.446944,2,33,1,0.9909175,1
10,23,1,1,0,-340.1625,402.74146,255.17706,0.0031715522,0.0018644027,0.014495712,9.772431,9.887222,2,34,1,0.965747,1
10,31,1,1,0,-340.14798,58.508038,411.44617,-0.012040304,0.014797034,-0.00092513487,12.156756,7.9108334,2,35,1,0.9939476,1
10,23,1,0,0,-340.1625,402.74146,255.17706,0.0031715522,0.0018644027,0.014495712,4.07191,4.0519443,2,-1,0,0.9637717,1
10,28,1,1,0,-346.70734,450.8968,176.90076,-0.007778752,-0.037557725,-0.0033799896,37.10184,19.216667,2,36,1,0.9999989,1
10,31,1,0,0,-340.14798,58.508038,411.44617,-0.012040304,0.014797034,-0.00092513487,3.1473193,3.1125,2,-1,0,0.90652853,1
10,20,1,1,0,351.41028,134.60582,257.19113,-0.004804608,0.025940083,0.019745622,22.409353,22.517778,2,37,1,0.9972293,1
11,5,0,1,0,-13.593514,-129.86943,98.13444,0.025606237,0.0122010335,0.005968428,22.705725,22.683056,2,-1,1,0.96442986,1
11,37,1,1,0,9.87449,-582.4256,79.544365,-0.014112613,-0.04015737,0.008193519,26.013985,25.397778,2,0,1,0.9992478,1
11,19,1,0,0,44.73184,-218.08827,147.79814,-0.028040623,-0.019237906,-0.011384449,8.582583,8.409166,2,-1,0,0.99512464,1
11,9,0,0,0,-17.050251,17.01827,262.89355,-0.011459259,-0.024143226,0.012326947,3.1322916,2.97,2,-1,0,0.5031612,1
11,36,1,1,0,13.564008,-486.28464,102.293304,0.006666322,0.0035377536,-0.008725275,13.699583,13.693334,2,1,1,0.9914733,1
11,40,1,1,0,17.404829,316.98737,135.99965,-0.015002689,-0.0185584,-0.014401897,26.944258,26.9625,2,2,1,0.99401915,1
11,24,1,0,0,21.6281,346.60526,155.24352,-0.011615324,-0.0055689276,-0.014842586,2.9859238,2.5811112,2,-1,0,0.9749028,1
11,9,1,1,0,-17.050251,17.01827,262.89355,-0.011459259,-0.024143226,0.012326947,15.89636,15.737778,2,3,1,0.9947753,1
11,9,1,0,0,-17.050251,17.01827,262.89355,-0.011459259,-0.024143226,0.012326947,10.738334,10.655833,2,-1,0,0.9907775,1
11,24,1,1,0,21.6281,346.60526,155.24352,-0.011615324,-0.0055689276,-0.014842586,16.68843,16.614166,2,4,1,0.9710694,1
11,9,1,0,0,-17.050251,17.01827,262.89355,-0.011459259,-0.024143226,0.012326947,6.7646875,6.6572223,2,-1,0,0.99225336,1
11,19,1,0,0,44.73184,-218.08827,147.79814,-0.028040623,-0.019237906,-0.011384449,5.5152984,5.5880556,2,-1,0,0.97265357,1
11,16,1,1,0,-3.3635712,154.20467,164.71686,0.006355216,0.0017150557,0.0049667293,9.7426605,9.786111,2,5,1,0.9783422,1
11,19,1,1,0,44.73184,-218.08827,147.79814,-0.028040623,-0.019237906,-0.011384449,26.90737,27.02,2,6,1,0.99513537,1
11,29,1,0,0,-93.17226,277.46182,303.60284,0.015027563,-0.0024287333,0.0011191618,4.364278,4.451667,2,-1,0,0.96881145,1
11,30,1,1,0,44.467712,-152.93065,400.94116,0.0049704183,0.017983703,-0.014940329,27.61111,27.7475,2,7,1,0.9743285,1
11,19,1,0,0,44.73184,-218.08827,147.79814,-0.028040623,-0.019237906,-0.011384449,3.5865905,3.583889,2,-1,0,0.91861725,1
11,26,1,1,0,-74.96981,244.42735,444.28818,-0.00232696,0.014310163,-0.020260714,29.607538,29.675278,2,8,1,0.9599513,1
11,29,1,0,0,-93.17226,277.46182,303.60284,0.015027563,-0.0024287333,0.0011191618,6.207438,6.391667,2,-1,0,0.9852571,1
11,26,1,0,0,-74.96981,244.42735,444.28818,-0.00232696,0.014310163,-0.020260714,4.330021,4.2047224,2,-1,0,0.8533406,1
11,29,1,1,0,-93.17226,277.46182,303.60284,0.015027563,-0.0024287333,0.0011191618,11.759743,11.548889,2,9,1,0.9999678,1
11,21,1,1,0,104.09683,501.5936,252.52324,0.0063232454,0.01781022,0.015622767,22.73596,21.201666,2,10,1,0.9974794,1
11,21,1,0,0,104.09683,501.5936,252.52324,0.0063232454,0.01781022,0.015622767,5.2419443,5.0891666,2,-1,0,0.984297,1
11,7,1,1,0,-107.9497,443.18454,327.72684,0.0032941725,0.01384083,-0.0014312891,11.375589,9.916111,2,11,1,0.99232495,1
11,7,1,0,0,-107.9497,443.18454,327.72684,0.0032941725,0.01384083,-0.0014312891,5.1542993,2.095,2,-1,0,0.97279006,1
11,2,1,1,0,110.96789,54.083405,332.03958,-0.012902027,-0.0016824831,-0.016890319,23.007784,23.052778,2,12,1,0.996761,1
11,17,1,1,0,-110.35613,-588.60077,320.07318,-0.026872965,-0.0005883721,0.011067737,30.347874,30.45861,2,13,1,0.98062265,1
11,28,1,1,0,-118.87106,-70.99203,302.504,-0.0093397,-0.0011991449,-0.014184542,18.413769,17.737778,2,14,1,0.99617934,1
11,11,1,1,0,131.79666,-358.41193,344.85242,-0.027154362,0.013858314,-0.013856375,35.74405,36.016666,2,15,1,0.9992648,1
11,8,1,0,0,-172.17226,337.21185,109.71976,0.020451875,0.013767085,0.013351078,5.3025694,5.2636113,2,-1,0,0.9978654,1
11,22,1,1,0,132.91452,16.424297,72.134,-0.0036316589,-0.0021323732,0.008297396,9.966639,10.129167,2,16,1,0.98576874,1
11,10,1,1,0,132.42531,352.57678,327.69177,0.03096295,-0.011096305,0.00034833248,35.489784,27.855833,2,17,1,0.9983841,1
11,18,1,1,0,136.55272,517.88983,59.331272,0.02278064,-0.009857556,0.004086589,21.195644,11.069445,2,18,1,0.99277216,1
11,39,1,0,0,140.65663,597.56934,156.66669,-0.003971385,-0.003299856,-0.020333717,9.84625,9.818889,2,-1,0,0.98386705,1
11,39,1,1,0,140.65663,597.56934,156.66669,-0.003971385,-0.003299856,-0.020333717,13.634021,13.684167,2,19,1,0.9814989,1
11,18,1,0,0,136.55272,517.88983,59.331272,0.02278064,-0.009857556,0.004086589,4.050889,4.0641665,2,-1,0,0.97041523,1
11,29,1,0,0,90.05108,524.4029,163.39836,0.015027563,-0.0024287333,0.0011191618,2.763875,2.8527777,2,-1,0,0.6296421,1
11,31,1,1,0,-148.55022,382.8644,50.59524,0.007922106,0.018243853,-0.004334263,22.561281,22.183056,2,20,1,0.98932004,1
11,33,1,1,0,151.48303,193.847,288.2746,0.011334704,0.0067376,-0.010844383,15.896853,16.049166,2,21,1,0.9955973,1
11,29,1,0,0,90.05108,524.4029,163.39836,0.015027563,-0.0024287333,0.0011191618,3.2059445,3.1730556,2,-1,0,0.84394115,1
11,6,1,1,0,154.6153,185.18063,454.95297,-0.003398869,0.01639911,-0.015343869,18.23838,17.982222,2,22,1,0.9932475,1
11,6,1,0,0,154.6153,185.18063,454.95297,-0.003398869,0.01639911,-0.015343869,5.7963333,5.653333,2,-1,0,0.99863595,1
11,34,1,1,0,-157.41434,-517.22534,139.80934,0.0011434437,-0.0017014691,0.0040832525,4.9894586,4.9655557,2,23,1,0.95944893,1
11,4,1,0,0,-163.96242,272.35114,408.80014,-0.0029415933,0.0014209729,-0.013721522,3.7650208,3.765,2,-1,0,0.9746494,1
11,12,1,1,0,-159.13641,-463.73456,395.6789,-0.022641238,-0.0021459577,-0.005784128,18.432417,17.450556,2,24,1,0.92010504,1
11,20,1,1,0,160.30084,573.57324,84.30819,0.021109818,0.023700338,0.015940689,35.82357,32.128056,2,25,1,0.9999088,1
11,4,1,0,0,-163.96242,272.35114,408.80014,-0.0029415933,0.0014209729,-0.013721522,7.553493,2.1122222,2,-1,0,0.9885234,1
11,4,1,1,0,-163.96242,272.35114,408.80014,-0.0029415933,0.0014209729,-0.013721522,5.472417,5.501111,2,26,1,0.98800665,1
11,12,1,0,0,-159.13641,-463.73456,395.6789,-0.022641238,-0.0021459577,-0.005784128,5.683347,5.6691666,2,-1,0,0.98703533,1
11,8,1,1,0,-172.17226,337.21185,109.71976,0.020451875,0.013767085,0.013351078,18.03302,17.719723,2,27,1,0.7948676,1
11,32,1,1,0,173.3638,312.85092,283.62134,-0.013961295,-0.011675631,-0.013380834,24.96647,24.445555,2,28,1,0.97738576,1
11,13,1,1,0,-180.5463,553.9956,225.63554,0.010912707,0.024794748,-0.016431978,32.473843,27.311111,2,29,1,0.9764612,1
11,34,1,0,0,-157.41434,-517.22534,139.80934,0.0011434437,-0.0017014691,0.0040832525,3.6626666,3.6794446,2,-1,0,0.9523294,1
11,22,1,0,0,132.91452,16.424297,72.134,-0.0036316589,-0.0021323732,0.008297396,3.4612777,3.458611,2,-1,0,0.91180146,1
11,4,1,0,0,-163.96242,272.35114,408.80014,-0.0029415933,0.0014209729,-0.013721522,3.4060624,3.4047222,2,-1,0,0.92846954,1
11,25,1,0,0,258.06534,-295.4909,331.86914,-0.016638562,-9.039883e-05,-0.027279679,14.0639715,14.109445,2,-1,0,0.9834329,1
11,25,1,1,0,258.06534,-295.4909,331.86914,-0.016638562,-9.039883e-05,-0.027279679,18.081367,17.960556,2,30,1,0.9897343,1
11,23,1,1,0,-272.20212,-600.2735,412.8838,0.0067768013,0.008566357,0.011729269,13.873813,13.648889,2,31,1,0.9915959,1
11,27,1,1,0,271.4367,103.441505,341.7921,0.016212765,0.008892801,-0.0063559697,18.711987,18.649166,2,-1,1,0.9999441,1
11,1,1,0,0,-284.69702,280.77924,423.09552,-0.034445893,-0.02853008,0.024006689,21.877863,16.573889,2,-1,0,0.9950681,1
11,1,1,1,0,-284.69702,280.77924,423.09552,-0.034445893,-0.02853008,0.024006689,18.00739,17.999445,2,32,1,0.9594917,1
11,38,1,1,0,-304.07477,29.18928,226.3476,-0.0045791636,0.01711234,0.008671022,19.77027,15.025,2,33,1,0.9729301,1
11,14,1,1,0,332.78842,-233.04817,442.87573,0.013179856,-0.023045534,0.00054472004,21.404215,13.293056,2,34,1,0.9905296,1
11,35,1,0,0,282.9759,160.53839,69.08238,0.003944556,-0.00916885,0.0018168157,2.6272845,2.6341667,2,-1,0,0.68593097,1
11,14,1,0,0,332.78842,-233.04817,442.87573,0.013179856,-0.023045534,0.00054472004,4.917611,4.950278,2,-1,0,0.9815694,1
11,35,1,1,0,348.2417,259.52185,335.64252,0.003944556,-0.00916885,0.0018168157,13.302244,8.226111,2,35,1,0.9914123,1
11,15,1,1,0,-350.22318,336.6582,371.10718,0.006383774,0.008566324,-0.00055895274,9.630007,9.737778,2,36,1,0.97940594,1
11,30,0,0,0,0.0,0.0,0.0,0.0,0.0,0.0,2.4121318,2.4472222,2,-1,0,0.6815783,1
12,37,1,0,0,-43.58156,52.294384,62.548603,0.04479089,0.028417775,0.038827974,10.37493,10.1925,2,-1,0,0.99508274,1
12,23,1,1,0,17.15332,-277.04196,217.6753,0.017868068,-0.017958464,-0.0045434856,25.633999,25.56,2,0,1,0.96308124,1
12,37,1,0,0,-43.58156,52.294384,62.548603,0.04479089,0.028417775,0.038827974,12.935778,13.095,2,-1,0,0.9847994,1
12,28,1,1,0,37.87303,171.34116,123.37675,-0.016738767,-0.0075722453,0.0103577925,13.069805,12.658055,2,1,1,0.99905306,1
12,37,1,0,0,-43.58156,52.294384,62.548603,0.04479089,0.028417775,0.038827974,11.063832,10.772778,2,-1,0,0.97047734,1
12,28,1,0,0,37.87303,171.34116,123.37675,-0.016738767,-0.0075722453,0.0103577925,5.8718686,5.5633335,2,-1,0,0.989428,1
12,37,1,1,0,-43.58156,52.294384,62.548603,0.04479089,0.028417775,0.038827974,34.291214,34.00778,2,2,1,0.97841096,1
12,34,1,1,0,-43.767597,438.49133,217.3627,-0.0023637686,-0.007372302,0.013022629,11.324945,11.281944,2,3,1,0.97146726,1
12,21,0,0,0,0.0,0.0,0.0,0.0,0.0,0.0,10.668674,-1.0,2,-1,0,0.9914682,1
12,2,1,1,0,61.42957,370.75854,385.5556,0.009925192,0.013393275,-0.0012698512,19.906467,20.180277,2,4,1,0.9260736,1
12,16,1,0,0,80.15758,5.2916493,433.03464,0.0005987449,0.017918896,0.012043354,5.984681,5.943333,2,-1,0,0.95004076,1
12,12,1,1,0,-84.7269,-259.6835,83.28254,0.017255945,-0.024326747,0.01364647,19.59582,19.626944,2,5,1,0.9656254,1
12,16,1,1,0,80.15758,5.2916493,433.03464,0.0005987449,0.017918896,0.012043354,25.05581,24.708334,2,6,1,0.9921909,1
12,10,1,0,0,-88.94742,360.70535,373.13675,0.0052031977,-0.022182917,-0.0036101255,9.009744,8.952222,2,-1,0,0.9949458,1
12,4,1,1,0,85.072556,-469.1285,178.92543,-0.016252127,0.0055678147,-0.0008085819,15.154166,15.238889,2,7,1,0.96492904,1
12,12,1,0,0,-84.7269,-259.6835,83.28254,0.017255945,-0.024326747,0.01364647,14.768083,14.644722,2,-1,0,0.94594157,1
12,10,1,1,0,-88.94742,360.70535,373.13675,0.0052031977,-0.022182917,-0.0036101255,15.988951,16.251389,2,8,1,0.9901786,1
12,1,1,1,0,95.09513,-390.60864,357.22772,-0.008307237,0.0026595714,-0.013444938,16.637125,16.484444,2,9,1,0.96893543,1
12,17,0,0,0,0.0,0.0,0.0,0.0,0.0,0.0,15.88832,-1.0,2,-1,0,0.97215414,1
12,10,0,0,0,0.0,0.0,0.0,0.0,0.0,0.0,2.9934583,2.9288888,2,-1,0,0.5885603,1
12,40,1,1,0,136.44606,-42.411022,103.5314,-0.0024287086,0.011060525,-0.024016658,11.936869,12.053889,2,10,1,0.9855327,1
12,13,1,1,0,135.72757,337.8143,295.3522,0.016789706,-0.010369728,0.0077353287,21.640993,16.733889,2,11,1,0.99969673,1
12,40,1,0,0,136.44606,-42.411022,103.5314,-0.0024287086,0.011060525,-0.024016658,13.136937,11.654722,2,-1,0,0.9909163,1
12,13,1,0,0,135.72757,337.8143,295.3522,0.016789706,-0.010369728,0.0077353287,5.307125,5.4025,2,-1,0,0.99285066,1
12,35,1,1,0,-141.6226,414.58905,235.83128,0.007022892,0.006134138,0.0106975,16.670729,16.52111,2,12,1,0.9895244,1
12,32,1,1,0,-153.31209,461.32718,189.37155,0.010644617,-0.0011091436,-0.0016318734,10.292708,10.244166,2,13,1,0.8466025,1
12,24,1,1,0,150.95547,539.4951,272.97516,0.018479208,0.0069489125,0.018525353,29.133522,29.514166,2,14,1,0.9964982,1
12,22,1,1,0,154.04292,-448.23877,59.764412,-0.00091418426,0.0018343409,-0.0110716,10.199618,10.201944,2,15,1,0.9950237,1
12,22,1,0,0,154.04292,-448.23877,59.764412,-0.00091418426,0.0018343409,-0.0110716,3.1536806,2.1622221,2,-1,0,0.9445487,1
12,30,1,1,0,-178.27863,-356.99002,71.84281,-0.0040864972,-0.00048561688,0.0027747373,4.940923,4.96,2,16,1,0.9917961,1
12,3,1,0,0,-185.19618,282.6722,129.93126,-0.006126318,0.01671713,0.022387326,5.926007,5.798611,2,-1,0,0.9673911,1
12,3,1,1,0,-185.19618,282.6722,129.93126,-0.006126318,0.01671713,0.022387326,24.603832,24.614445,2,17,1,0.99431914,1
12,27,1,1,0,200.77255,454.68323,130.33414,-0.030659733,-0.0049546957,-0.0061811297,18.082485,18.080278,2,18,1,0.99999976,1
12,27,1,0,0,200.77255,454.68323,130.33414,-0.030659733,-0.0049546957,-0.0061811297,12.802882,12.876667,2,-1,0,0.9868189,1
12,5,0,0,0,0.0,0.0,0.0,0.0,0.0,0.0,11.755798,-1.0,2,-1,0,0.99123126,1
12,15,1,1,0,218.66547,318.10806,227.56767,0.0032615182,0.028233714,-0.009296917,25.97702,19.015556,2,19,1,0.9954562,1
12,15,1,0,0,218.66547,318.10806,227.56767,0.0032615182,0.028233714,-0.009296917,3.1670833,3.077222,2,-1,0,0.8875351,1
12,5,0,0,0,0.0,0.0,0.0,0.0,0.0,0.0,23.506145,-1.0,2,-1,0,0.99917287,1
12,36,1,1,0,244.22084,500.20688,192.15541,0.008175251,0.0012150718,0.024111442,15.429735,13.196667,2,20,1,0.99869233,1
12,36,1,0,0,244.22084,500.20688,192.15541,0.008175251,0.0012150718,0.024111442,10.7965975,10.718333,2,-1,0,0.9912089,1
12,19,1,1,0,-250.01828,341.6971,63.593304,-0.021433929,-0.012206723,0.013957056,29.610325,27.14,2,21,1,0.9819182,1
12,9,1,1,0,-263.68616,-218.61693,228.61424,-0.0042811134,0.0074370676,-0.003219415,3.203646,3.1458333,2,22,1,0.9448282,1
12,9,0,0,0,0.0,0.0,0.0,0.0,0.0,0.0,10.395111,-1.0,2,-1,0,0.97459984,1
12,39,1,0,0,-271.3556,-66.920654,4.937526,-0.014302591,-0.011037405,-0.006813149,10.633244,5.807778,2,-1,0,0.9985006,1
12,26,1,1,0,-272.93225,-468.7611,152.69632,0.0007400062,0.013174865,-0.0036738832,14.280202,14.193611,2,23,1,0.99451965,1
12,39,1,1,0,-271.3556,-66.920654,4.937526,-0.014302591,-0.011037405,-0.006813149,7.5383615,7.558889,2,24,1,0.9808218,1
12,29,1,1,0,276.5863,565.7396,331.35074,-0.0009272723,-0.0062076505,0.021704402,14.507437,14.576389,2,25,1,0.98816514,1
12,29,1,0,0,276.5863,565.7396,331.35074,-0.0009272723,-0.0062076505,0.021704402,7.0168056,3.9297223,2,-1,0,0.99442446,1
12,31,1,1,0,296.06854,-397.09033,360.91205,-0.006314813,-0.0040495535,0.011919619,14.814533,14.906389,2,26,1,0.9790639,1
12,18,1,1,0,-300.46228,285.47952,77.43122,0.0032843584,0.013690755,0.012337316,19.18091,18.930834,2,27,1,0.98772484,1
12,33,1,1,0,303.80988,343.6533,335.68674,0.021656575,0.010097326,-0.004925999,15.375688,7.0319443,2,28,1,0.9816149,1
12,11,1,1,0,311.4516,-114.741135,76.20193,-0.0038605358,-0.0052121533,0.014483629,16.469702,16.51,2,29,1,0.96699876,1
12,7,1,1,0,319.7743,-578.74915,112.377754,-0.011185772,-0.015441469,0.008114401,21.001654,21.246666,2,30,1,0.99609166,1
12,11,1,0,0,311.4516,-114.741135,76.20193,-0.0038605358,-0.0052121533,0.014483629,2.584618,2.6319444,2,-1,0,0.5785715,1
12,8,1,1,0,-323.03464,-19.106144,195.72726,-0.008054236,-0.0061460226,-0.017845424,16.124521,16.396667,2,31,1,0.98865896,1
12,8,1,0,0,-323.03464,-19.106144,195.72726,-0.008054236,-0.0061460226,-0.017845424,3.7709723,2.848611,2,-1,0,0.9609263,1
12,20,1,0,0,-336.53174,25.124123,347.77994,0.01404227,0.012003165,-0.00708813,3.8084931,3.7963889,2,-1,0,0.9493751,1
12,33,1,0,0,303.80988,343.6533,335.68674,0.021656575,0.010097326,-0.004925999,3.2668474,3.2747223,2,-1,0,0.94732076,1
12,20,1,0,0,-336.53174,25.124123,347.77994,0.01404227,0.012003165,-0.00708813,8.267127,7.941111,2,-1,0,0.9990357,1
12,20,1,1,0,-336.53174,25.124123,347.77994,0.01404227,0.012003165,-0.00708813,11.779708,11.731667,2,32,1,0.95731807,1
12,14,0,0,0,0.0,0.0,0.0,0.0,0.0,0.0,20.56566,-1.0,2,-1,0,0.99228984,1
12,25,1,1,0,-341.44196,263.39883,266.23843,0.0051691625,-0.0011198793,-0.007599271,8.564785,8.649722,2,33,1,0.9845952,1
12,14,0,0,0,0.0,0.0,0.0,0.0,0.0,0.0,3.3006873,-1.0,2,-1,0,0.9323138,1
12,6,1,1,0,-354.20465,-330.6295,205.36574,0.013147958,-0.02343939,-0.01996382,30.638353,30.170555,2,34,1,0.9698113,1
12,38,1,1,0,353.36444,91.06369,61.91502,0.02852473,-0.027942752,0.023275383,25.799736,24.740833,2,35,1,0.9939685,1
12,38,1,0,0,353.36444,91.06369,61.91502,0.02852473,-0.027942752,0.023275383,11.582535,11.616944,2,-1,0,0.97037786,1
12,38,1,0,0,353.36444,91.06369,61.91502,0.02852473,-0.027942752,0.023275383,3.9163542,3.8827777,2,-1,0,0.98508364,1
13,27,1,1,0,-16.146393,316.24057,14.923748,-0.0062156124,0.011445044,-0.0032976945,16.010376,13.4575,2,0,1,0.99901164,1
13,33,1,0,0,24.497278,486.993,74.95758,-0.003294857,0.038422126,0.003595058,10.437876,10.211945,2,-1,0,0.98124117,1
13,33,1,1,0,24.497278,486.993,74.95758,-0.003294857,0.038422126,0.003595058,36.242172,32.508335,2,1,1,0.99700385,1
13,30,1,1,0,21.158903,488.6956,393.2714,0.011324163,-0.001941719,-0.016261589,24.074348,23.894722,2,2,1,0.9926528,1
13,13,1,1,0,23.917713,-512.78656,56.43029,0.0025671364,0.03739539,-0.008497675,36.613426,36.45,2,3,1,0.99932516,1
13,29,1,1,0,-24.177927,4.280534,213.95302,-0.034585405,-0.0141309695,-0.009357808,25.53541,20.506945,2,4,1,0.9907098,1
13,23,1,1,0,-35.926216,204.18547,229.5617,0.0073460843,-0.01182153,-0.009719022,22.534819,14.283611,2,5,1,0.98642504,1
13,5,1,0,0,42.025795,-493.6325,54.899666,0.0007937073,0.0042950027,-0.007855373,2.6669445,2.6805556,2,-1,0,0.826628,1
13,19,1,1,0,-40.12882,-359.65204,316.16614,-0.021375526,-0.012127233,-0.0074439943,20.825695,20.819166,2,6,1,0.9856776,1
13,5,1,0,0,42.025795,-493.6325,54.899666,0.0007937073,0.0042950027,-0.007855373,4.1529584,2.3627777,2,-1,0,0.880372,1
13,5,1,1,0,42.025795,-493.6325,54.899666,0.0007937073,0.0042950027,-0.007855373,4.73675,4.7025,2,7,1,0.95956933,1
13,19,1,0,0,-40.12882,-359.65204,316.16614,-0.021375526,-0.012127233,-0.0074439943,7.740494,7.9466667,2,-1,0,0.9998566,1
13,7,1,0,0,-75.55126,63.32307,26.737217,0.02190009,0.014776948,0.0075307176,5.6623755,5.696111,2,-1,0,0.9961235,1
13,38,1,1,0,-68.71701,-498.26666,191.55853,-0.0107435435,-0.025043836,-0.00021480159,25.171745,25.262777,2,8,1,0.99999917,1
13,7,1,1,0,-75.55126,63.32307,26.737217,0.02190009,0.014776948,0.0075307176,12.746506,12.568611,2,9,1,0.9894191,1
13,7,1,0,0,-75.55126,63.32307,26.737217,0.02190009,0.014776948,0.0075307176,10.331737,10.606112,2,-1,0,0.99380714,1
13,12,1,1,0,-84.38405,-568.14276,389.2301,-0.0071277325,-0.009755812,0.019688446,21.143265,21.29861,2,10,1,0.98615426,1
13,9,0,0,0,0.0,0.0,0.0,0.0,0.0,0.0,2.9712777,2.8758333,2,-1,0,0.58079314,1
13,9,1,1,0,-126.33854,85.15919,164.22482,-0.013127354,0.013089937,-0.018931955,19.682272,19.914722,2,11,1,0.9723493,1
13,40,1,0,0,-132.6052,269.76025,133.42911,0.004949897,-0.03922226,-0.03547482,15.548945,15.463611,2,-1,0,0.99323434,1
13,40,1,0,0,-132.6052,269.76025,133.42911,0.004949897,-0.03922226,-0.03547482,14.47666,14.5633335,2,-1,0,0.9952408,1
13,40,1,1,0,-132.6052,269.76025,133.42911,0.004949897,-0.03922226,-0.03547482,21.192291,21.278055,2,12,1,0.9884007,1
13,9,1,0,0,-126.33854,85.15919,164.22482,-0.013127354,0.013089937,-0.018931955,4.219618,4.1594443,2,-1,0,0.9850154,1
13,22,1,1,0,-133.02745,382.47137,7.181046,-0.010989857,-0.002426602,0.008186388,10.531793,6.379722,2,13,1,0.99342173,1
13,40,1,0,0,-132.6052,269.76025,133.42911,0.004949897,-0.03922226,-0.03547482,8.536681,8.419723,2,-1,0,0.9777705,1
13,22,1,0,0,-133.02745,382.47137,7.181046,-0.010989857,-0.002426602,0.008186388,4.219278,4.0269446,2,-1,0,0.8012137,1
13,9,1,0,0,-126.33854,85.15919,164.22482,-0.013127354,0.013089937,-0.018931955,3.3825347,3.3644445,2,-1,0,0.9761682,1
13,8,1,0,0,-183.82962,-451.53128,52.15483,-0.0032880194,-0.013828205,-0.0077341935,7.0188956,6.742778,2,-1,0,0.9970246,1
13,28,0,0,0,0.0,0.0,0.0,0.0,0.0,0.0,3.3932292,-1.0,2,-1,0,0.5832432,1
13,28,1,1,0,-162.61644,17.538706,105.03727,0.0019912769,-0.023017466,0.0028589077,22.526922,15.921945,2,14,1,0.98776674,1
13,8,1,1,0,-183.82962,-451.53128,52.15483,-0.0032880194,-0.013828205,-0.0077341935,16.730312,16.476389,2,15,1,0.9984003,1
13,25,1,1,0,-185.9924,420.6546,115.69851,0.00785821,-0.006456795,0.013553079,13.676411,13.878056,2,16,1,0.9820868,1
13,21,1,0,0,-183.30777,271.82806,444.13666,-0.034007493,0.0023481888,-0.0012573766,13.159779,13.287778,2,-1,0,0.87692195,1
13,24,1,1,0,269.1498,-256.93347,205.46855,-0.027873475,0.026533825,0.009826734,3.092382,3.0108333,2,-1,1,0.79129386,1
13,16,1,1,0,198.62553,-512.7715,266.82703,-0.0064064227,0.0004785175,-0.00053434423,6.3605905,6.342222,2,17,1,0.98409134,1
13,21,1,1,0,-183.30777,271.82806,444.13666,-0.034007493,0.0023481888,-0.0012573766,22.811821,22.905556,2,18,1,0.98519117,1
13,34,1,1,0,218.26614,-223.53235,138.04472,-0.021684758,-0.016486265,-0.0019127761,23.297647,23.245832,2,19,1,0.99495196,1
13,32,0,0,0,0.0,0.0,0.0,0.0,0.0,0.0,6.264097,-1.0,2,-1,0,0.9791986,1
13,32,0,0,0,0.0,0.0,0.0,0.0,0.0,0.0,10.081597,-1.0,2,-1,0,0.99127823,1
13,6,1,1,0,215.93523,-191.36978,34.31952,0.009564451,-0.00090485305,-0.02551718,10.95827,9.453333,2,20,1,0.9683414,1
13,6,1,0,0,215.93523,-191.36978,34.31952,0.009564451,-0.00090485305,-0.02551718,8.363514,8.455,2,-1,0,0.98703873,1
13,6,1,0,0,215.93523,-191.36978,34.31952,0.009564451,-0.00090485305,-0.02551718,4.865465,4.7180557,2,-1,0,0.9125287,1
13,37,1,0,0,-225.09563,278.76062,188.56651,-0.0053631803,-0.035237614,0.004110049,7.3047295,7.302778,2,-1,0,0.9724523,1
13,37,1,1,0,-225.09563,278.76062,188.56651,-0.0053631803,-0.035237614,0.004110049,24.759514,16.174166,2,21,1,0.9886076,1
13,31,1,1,0,229.59653,-127.440025,130.67543,-0.012933463,0.016109066,0.0038531418,24.4933,24.400555,2,22,1,0.9747399,1
13,26,1,1,0,232.3648,-32.539646,32.99406,0.029427258,-0.014722008,-0.005468022,25.52953,25.598612,2,23,1,0.9850766,1
13,39,1,1,0,-235.70995,401.08127,443.5062,-0.013066637,-0.015552048,0.00067181233,17.609583,17.7125,2,24,1,0.9754944,1
13,36,1,1,0,240.57576,133.21925,261.96237,0.0021791835,-0.023796773,0.018559407,25.768639,23.239721,2,25,1,0.9951664,1
13,36,1,0,0,240.57576,133.21925,261.96237,0.0021791835,-0.023796773,0.018559407,3.0675416,3.0269444,2,-1,0,0.83682185,1
13,26,1,0,0,232.3648,-32.539646,32.99406,0.029427258,-0.014722008,-0.005468022,8.224854,8.253612,2,-1,0,0.97540957,1
13,4,1,1,0,-247.24055,-478.1566,2.3615034,0.0016357385,-0.009612135,-0.040070426,4.269139,4.3202777,2,26,1,0.7454906,1
13,11,1,0,0,-263.53683,-451.59476,267.38467,0.014604849,0.0007191247,0.030600302,9.516237,9.555833,2,-1,0,0.99240243,1
13,11,1,1,0,-263.53683,-451.59476,267.38467,0.014604849,0.0007191247,0.030600302,24.747244,22.201666,2,27,1,0.6833617,1
13,24,0,0,0,0.0,0.0,0.0,0.0,0.0,0.0,14.256195,-1.0,2,-1,0,0.9209653,1
13,24,0,0,0,0.0,0.0,0.0,0.0,0.0,0.0,20.741957,-1.0,2,-1,0,0.9936706,1
13,17,1,1,0,-289.97913,-33.392075,245.7196,0.0118018435,-0.015434799,-0.0017824593,16.254305,16.529722,2,30,1,0.9619276,1
13,2,1,1,0,-288.8404,63.094975,16.658134,-0.009522494,0.0077716005,0.015526711,18.168459,15.380555,2,31,1,0.9834931,1
13,20,1,1,0,-299.564,-474.8423,401.5909,-0.0064724567,0.0030905316,0.009759892,12.320153,8.105833,2,32,1,0.9688572,1
13,14,1,1,0,311.4118,-586.42554,334.33795,-0.004855655,0.013251583,0.0055608633,14.292229,14.285833,2,33,1,0.9586804,1
13,10,1,1,0,-315.2896,-279.6154,292.65268,0.00784216,0.010071659,0.010251316,10.15766,9.795834,2,34,1,0.99816376,1
13,1,1,0,0,330.22443,255.73865,13.094249,0.0117203165,0.014570968,0.027198557,6.8888335,6.715,2,-1,0,0.9971185,1
13,1,1,1,0,330.22443,255.73865,13.094249,0.0117203165,0.014570968,0.027198557,25.527847,25.654167,2,35,1,0.9997353,1
13,18,1,1,0,344.60416,419.11856,234.75844,-0.0051600295,-0.005100391,-0.01706136,6.841444,6.8158336,2,36,1,0.9767148,1
13,35,1,0,0,343.89996,-394.43494,240.4636,0.0018101531,0.03321832,0.027898258,16.03668,15.181666,2,-1,0,0.9738797,1
13,18,1,0,0,344.60416,419.11856,234.75844,-0.0051600295,-0.005100391,-0.01706136,5.2375064,4.7813888,2,-1,0,0.9725928,1
13,35,1,1,0,343.89996,-394.43494,240.4636,0.0018101531,0.03321832,0.027898258,25.187895,25.386667,2,37,1,0.9944171,1
13,15,0,0,0,0.0,0.0,0.0,0.0,0.0,0.0,2.615868,2.5847223,2,-1,0,0.60864866,1
14,26,1,1,0,16.32791,271.9615,264.92612,0.0038051598,0.013690076,0.011880105,13.017216,10.545,2,0,1,0.9841335,1
14,26,1,0,0,16.32791,271.9615,264.92612,0.0038051598,0.013690076,0.011880105,3.7648888,3.675,2,-1,0,0.9718655,1
14,24,1,1,0,37.5491,-485.77545,36.137753,-0.014381033,-0.014999007,-0.020346858,27.40941,27.018888,2,1,1,0.9872312,1
14,38,1,1,0,-28.693752,389.19922,289.39508,-0.00031466372,0.018859813,0.012982016,17.480278,15.5275,2,2,1,0.9991054,1
14,38,1,0,0,-28.693752,389.19922,289.39508,-0.00031466372,0.018859813,0.012982016,6.6882153,6.600278,2,-1,0,0.9764563,1
14,24,1,0,0,37.5491,-485.77545,36.137753,-0.014381033,-0.014999007,-0.020346858,5.909236,5.7066665,2,-1,0,0.9949706,1
14,36,1,1,0,47.81448,-307.49783,457.10913,0.021759398,-0.004040863,0.0057689627,28.271646,28.328333,2,3,1,0.99498874,1
14,39,1,1,0,-50.103603,42.492847,41.26086,-0.00857588,0.013444105,0.0016638559,18.810764,18.906944,2,4,1,0.90173167,1
14,34,1,1,0,60.4442,-125.35713,254.17406,0.006695045,0.005867372,-0.009559741,14.466854,13.448889,2,5,1,0.9714891,1
14,8,1,1,0,-65.02142,-517.626,251.28023,-0.008806987,0.00018495189,-0.009433255,15.782244,13.063611,2,6,1,0.99909174,1
14,29,1,1,0,-68.86244,337.60797,364.10632,-0.0118774995,0.012433474,0.020143433,14.126007,14.301666,2,7,1,0.99669975,1
14,29,1,0,0,-68.86244,337.60797,364.10632,-0.0118774995,0.012433474,0.020143433,9.6577215,9.752222,2,-1,0,0.9969265,1
14,29,1,0,0,-68.86244,337.60797,364.10632,-0.0118774995,0.012433474,0.020143433,6.885389,6.8880553,2,-1,0,0.99173135,1
14,2,1,1,0,-75.86666,75.02911,9.010087,-0.008093588,0.017138224,0.022168815,27.731194,27.780834,2,8,1,0.9998342,1
14,2,1,0,0,-75.86666,75.02911,9.010087,-0.008093588,0.017138224,0.022168815,4.7624307,3.5766666,2,-1,0,0.9866087,1
14,13,0,0,0,0.0,0.0,0.0,0.0,0.0,0.0,2.8122222,2.7925,2,-1,0,0.5267986,1
14,35,1,0,0,88.33869,294.83142,300.92154,0.015309694,0.001094023,-0.0010938493,5.053326,5.047222,2,-1,0,0.98143023,1
14,35,1,0,0,88.33869,294.83142,300.92154,0.015309694,0.001094023,-0.0010938493,3.361167,3.3516667,2,-1,0,0.77928364,1
14,35,1,0,0,88.33869,294.83142,300.92154,0.015309694,0.001094023,-0.0010938493,6.2069445,6.285,2,-1,0,0.9846809,1
14,6,1,1,0,106.199066,317.42664,414.52615,0.0115293665,0.0025596789,-0.010456525,18.392258,16.702778,2,9,1,0.99850816,1
14,35,1,1,0,88.33869,294.83142,300.92154,0.015309694,0.001094023,-0.0010938493,11.27907,11.0975,2,10,1,0.98361003,1
14,21,1,1,0,119.94361,69.61791,139.99295,0.025935499,0.007978172,0.016748037,17.016111,17.278334,2,11,1,0.9969121,1
14,29,0,0,0,0.0,0.0,0.0,0.0,0.0,0.0,2.8107777,2.828889,2,-1,0,0.5529832,1
14,21,1,0,0,119.94361,69.61791,139.99295,0.025935499,0.007978172,0.016748037,7.3455276,7.3366666,2,-1,0,0.99703,1
14,21,1,0,0,119.94361,69.61791,139.99295,0.025935499,0.007978172,0.016748037,6.972014,7.026389,2,-1,0,0.97532475,1
14,1,1,0,0,133.95122,291.90408,201.17381,0.02954968,-0.001926627,-0.0031036239,5.0976872,4.8719444,2,-1,0,0.99366003,1
14,7,1,0,0,161.51784,-32.743156,159.56259,0.0109515665,-0.018129779,0.013893783,5.629764,5.6394444,2,-1,0,0.9718099,1
14,5,1,1,0,136.67516,-239.53752,400.36096,-0.019615045,0.009915973,-0.0012322365,21.685583,21.76361,2,12,1,0.9999126,1
14,1,1,1,0,133.95122,291.90408,201.17381,0.02954968,-0.001926627,-0.0031036239,28.462172,28.223612,2,-1,1,0.99909616,1
14,22,1,1,0,-143.61446,-85.99516,410.70218,0.018579658,-0.023148153,-0.017813748,37.09984,36.736668,2,13,1,0.9999001,1
14,16,1,0,0,-155.94722,-485.32526,385.48532,0.015517789,-0.005658132,0.029426547,6.8352985,6.973889,2,-1,0,0.97328705,1
14,16,1,1,0,-155.94722,-485.32526,385.48532,0.015517789,-0.005658132,0.029426547,29.065271,29.069445,2,14,1,0.9928098,1
14,7,1,1,0,161.51784,-32.743156,159.56259,0.0109515665,-0.018129779,0.013893783,16.087944,15.897778,2,15,1,0.9990501,1
14,7,1,0,0,161.51784,-32.743156,159.56259,0.0109515665,-0.018129779,0.013893783,8.254611,8.266389,2,-1,0,0.96686715,1
14,4,1,1,0,-173.10127,204.31877,135.55844,-0.007986492,0.0013219948,-0.0016468855,9.770306,1.4388889,2,16,1,0.9550099,1
14,2,0,0,0,0.0,0.0,0.0,0.0,0.0,0.0,3.026132,3.0558333,2,-1,0,0.714412,1
14,40,1,1,0,200.4193,-234.0979,4.9158587,0.03408923,0.03430609,0.025030365,29.771828,28.844723,2,17,1,0.98868644,1
14,40,1,0,0,200.4193,-234.0979,4.9158587,0.03408923,0.03430609,0.025030365,15.339784,15.394167,2,-1,0,0.9706828,1
14,25,0,0,0,0.0,0.0,0.0,0.0,0.0,0.0,43.20861,-1.0,2,-1,0,0.9989151,1
14,40,1,0,0,200.4193,-234.0979,4.9158587,0.03408923,0.03430609,0.025030365,5.3111386,5.386389,2,-1,0,0.96319,1
14,40,1,0,0,200.4193,-234.0979,4.9158587,0.03408923,0.03430609,0.025030365,4.7564583,4.6772223,2,-1,0,0.9669747,1
14,15,1,1,0,238.94484,245.91823,40.782593,-0.010335621,-0.007461291,-0.024064679,18.285048,18.085,2,18,1,0.9562302,1
14,15,1,0,0,238.94484,245.91823,40.782593,-0.010335621,-0.007461291,-0.024064679,8.763291,8.734445,2,-1,0,0.991591,1
14,18,1,1,0,-249.48965,-212.67766,70.18128,0.00067987334,0.0008109567,0.013990171,15.744736,15.659166,2,19,1,0.99111664,1
14,10,0,0,0,0.0,0.0,0.0,0.0,0.0,0.0,7.237875,-1.0,2,-1,0,0.9743746,1
14,31,1,0,0,279.08215,239.91847,6.2472367,0.020643812,-0.002785149,0.0067058345,3.9732153,3.9269445,2,-1,0,0.95101863,1
14,23,1,0,0,285.4009,256.32416,302.53772,-0.013045136,0.04422717,0.0028261475,5.529222,5.6808333,2,-1,0,0.99293596,1
14,31,1,1,0,279.08215,239.91847,6.2472367,0.020643812,-0.002785149,0.0067058345,20.061262,20.047222,2,20,1,0.95560616,1
14,33,1,0,0,290.6242,257.9748,158.62376,-0.0058274656,0.017831067,-0.00036476337,3.1662707,3.0858333,2,-1,0,0.8511514,1
14,10,0,0,0,0.0,0.0,0.0,0.0,0.0,0.0,20.75507,-1.0,2,-1,0,0.9980159,1
14,23,1,1,0,285.4009,256.32416,302.53772,-0.013045136,0.04422717,0.0028261475,32.619118,32.42889,2,21,1,0.9927269,1
14,23,1,0,0,285.4009,256.32416,302.53772,-0.013045136,0.04422717,0.0028261475,7.0303054,6.999722,2,-1,0,0.97213846,1
14,14,1,1,0,-284.85916,536.3065,58.426376,-0.0041997167,0.021897724,0.021202838,22.978453,23.018055,2,22,1,0.99772996,1
14,33,1,1,0,290.6242,257.9748,158.62376,-0.0058274656,0.017831067,-0.00036476337,11.739299,11.778889,2,23,1,0.97887886,1
14,14,1,0,0,-284.85916,536.3065,58.426376,-0.0041997167,0.021897724,0.021202838,4.9240694,5.0333333,2,-1,0,0.98969114,1
14,30,1,1,0,-295.12653,-250.08736,102.98834,0.015477752,0.0015659728,0.0054348167,16.8655,16.850555,2,24,1,0.9680903,1
14,27,0,0,0,0.0,0.0,0.0,0.0,0.0,0.0,17.739834,-1.0,2,-1,0,0.9889749,1
14,20,1,1,0,-298.8097,65.772194,47.691734,-0.0062157586,0.006040269,0.020177012,10.920369,10.842778,2,25,1,0.9864748,1
14,20,1,0,0,-298.8097,65.772194,47.691734,-0.0062157586,0.006040269,0.020177012,3.3139372,2.2122223,2,-1,0,0.90516746,1
14,13,1,1,0,-302.76572,-29.741064,76.80706,0.015591784,0.005741794,-0.01127822,15.085888,15.006389,2,26,1,0.9987685,1
14,20,1,0,0,-298.8097,65.772194,47.691734,-0.0062157586,0.006040269,0.020177012,4.576979,4.5,2,-1,0,0.96554506,1
14,32,1,1,0,-303.2822,-367.1237,239.88705,-0.02277461,0.010396444,0.019482467,25.677874,25.358055,2,27,1,0.9991763,1
14,28,1,1,0,304.61005,-257.8137,169.00381,0.006512749,0.0025253175,-0.0032554104,5.7658753,5.8133335,2,28,1,0.98145777,1
14,12,0,0,0,0.0,0.0,0.0,0.0,0.0,0.0,4.607639,-1.0,2,-1,0,0.96567476,1
14,12,0,0,0,0.0,0.0,0.0,0.0,0.0,0.0,12.302945,-1.0,2,-1,0,0.9975932,1
14,32,1,0,0,-303.2822,-367.1237,239.88705,-0.02277461,0.010396444,0.019482467,4.925375,4.901111,2,-1,0,0.9915863,1
14,12,0,0,0,0.0,0.0,0.0,0.0,0.0,0.0,15.018737,-1.0,2,-1,0,0.98063034,1
14,9,1,1,0,336.14233,-580.56824,447.25067,0.01478624,0.00039552074,-0.010431739,8.689694,8.631111,2,29,1,0.97084856,1
14,9,1,0,0,336.14233,-580.56824,447.25067,0.01478624,0.00039552074,-0.010431739,6.529187,6.426111,2,-1,0,0.99067676,1
14,9,1,0,0,336.14233,-580.56824,447.25067,0.01478624,0.00039552074,-0.010431739,2.8674724,2.889722,2,-1,0,0.84526557,1
14,3,1,1,0,-350.91245,15.781992,223.09854,-0.0010256384,-0.00483929,-0.005674845,7.169632,5.5244446,2,31,1,0.9523318,1
14,19,1,1,0,-360.132,304.12274,402.82434,-0.0020873297,-0.002804067,-0.010747546,11.110105,9.364722,2,32,1,0.9457401,1
15,10,0,1,0,6.1798363,-420.13223,405.4283,-0.012256755,-0.019595092,0.0052306885,4.5877986,4.463333,2,0,1,0.65854716,1
15,23,1,1,0,22.231806,496.9186,271.23523,0.028514165,0.0056084227,0.0243,32.14479,32.01472,2,1,1,1.0,1
15,14,1,1,0,26.873308,308.71332,223.88017,-0.001150921,-0.0036884432,-0.032593098,34.666847,34.088055,2,2,1,0.9973571,1
15,23,0,0,0,0.0,0.0,0.0,0.0,0.0,0.0,2.5469167,2.54,2,-1,0,0.5639866,1
15,29,1,1,0,28.433523,168.39056,301.96603,-0.0073548555,-0.0062571564,0.0010574963,11.8468685,11.984445,2,3,1,0.9965318,1
15,23,1,0,0,22.231806,496.9186,271.23523,0.028514165,0.0056084227,0.0243,9.050598,8.940556,2,-1,0,0.9639924,1
15,11,0,0,0,0.0,0.0,0.0,0.0,0.0,0.0,16.01182,-1.0,2,-1,0,0.9979777,1
15,11,0,0,0,0.0,0.0,0.0,0.0,0.0,0.0,8.170778,-1.0,2,-1,0,0.9902188,1
15,34,1,0,0,-47.30972,396.07913,192.4383,0.023412941,-0.0036292875,-0.008903451,6.263431,6.1058335,2,-1,0,0.972515,1
15,34,1,1,0,-47.30972,396.07913,192.4383,0.023412941,-0.0036292875,-0.008903451,17.978924,17.910833,2,5,1,0.9939079,1
15,34,1,0,0,-47.30972,396.07913,192.4383,0.023412941,-0.0036292875,-0.008903451,3.859014,3.9291666,2,-1,0,0.94302267,1
15,40,1,1,0,53.56317,-453.22122,94.57198,-0.0056434395,0.011101679,0.008988457,18.021494,17.943056,2,6,1,0.9606778,1
15,8,1,1,0,-64.35852,415.8623,38.740707,0.015025552,-0.007406996,0.0033036023,19.95298,19.873056,2,7,1,0.9367161,1
15,36,1,1,0,61.83903,-189.20598,190.16725,-0.004042532,-0.0023917237,0.0005811232,5.334111,5.3275,2,8,1,0.96160716,1
15,1,1,1,0,70.20924,-486.16306,417.67487,-0.01306893,0.0020811474,0.010288952,17.653917,17.6525,2,9,1,0.97233135,1
15,20,1,1,0,73.25788,419.0828,459.7101,0.0025213072,0.012250759,0.01737123,5.6578126,5.8355556,2,10,1,0.9903867,1
15,24,1,1,0,-80.823524,-80.71965,446.74265,0.0142658185,0.0037730571,-0.008224672,17.794146,17.558056,2,11,1,0.9686831,1
15,35,1,1,0,101.60655,-202.7459,118.48609,-0.002011019,0.0014398143,-0.029991664,22.722874,22.797777,2,12,1,0.9926691,1
15,35,1,0,0,101.60655,-202.7459,118.48609,-0.002011019,0.0014398143,-0.029991664,9.354451,9.347777,2,-1,0,0.99725074,1
15,39,1,0,0,106.85109,423.00735,17.696047,-0.011599236,0.0077382266,-0.021565335,5.5884514,4.7408333,2,-1,0,0.98768175,1
15,16,1,0,0,-104.493645,-254.11244,238.53397,-0.0106197335,-0.014740705,0.017377578,14.169223,4.027222,2,-1,0,0.9988147,1
15,39,1,1,0,106.85109,423.00735,17.696047,-0.011599236,0.0077382266,-0.021565335,20.371328,20.2425,2,13,1,0.9758689,1
15,16,1,1,0,-104.493645,-254.11244,238.53397,-0.0106197335,-0.014740705,0.017377578,14.445701,14.393888,2,14,1,0.9911981,1
15,12,1,1,0,125.90228,-155.20335,211.01114,0.017808951,0.020022692,0.0034667074,26.41594,25.955555,2,15,1,0.9919396,1
15,6,1,1,0,-127.040985,523.0376,14.782769,-0.0036242048,0.01410259,-0.0071506244,19.229492,14.990556,2,16,1,0.9265526,1
15,33,1,1,0,144.23486,82.28619,423.76562,-0.01479101,0.0005370678,0.0006876982,13.018062,13.026944,2,17,1,0.9338034,1
15,18,1,1,0,154.90562,114.108116,4.136066,-0.016915217,0.014999764,0.0053913016,24.146015,24.115,2,18,1,0.9885959,1
15,17,1,1,0,166.26668,569.3142,425.44193,-0.0060246265,-0.017186483,0.004469483,16.559284,16.612223,2,19,1,0.99892116,1
15,5,1,1,0,168.62772,-578.7723,64.482414,0.0099294875,-0.001533511,0.0042088446,11.453479,11.510278,2,20,1,0.9269715,1
15,9,1,1,0,-176.7901,-33.46968,15.22517,-0.002113031,0.016076883,0.0057085585,18.185833,18.168612,2,21,1,0.9978934,1
15,17,1,0,0,166.26668,569.3142,425.44193,-0.0060246265,-0.017186483,0.004469483,3.3257015,3.3525,2,-1,0,0.66779506,1
15,22,1,1,0,184.46677,-344.7491,244.80608,0.019981505,-0.011813549,-0.018599045,16.279785,16.169167,2,22,1,0.9963121,1
15,22,1,0,0,184.46677,-344.7491,244.80608,0.019981505,-0.011813549,-0.018599045,4.1763196,4.311111,2,-1,0,0.9927516,1
15,27,1,1,0,189.7781,345.40207,43.251095,0.03514081,0.024004,0.005482915,29.660702,17.455278,2,23,1,0.9985362,1
15,22,0,0,0,0.0,0.0,0.0,0.0,0.0,0.0,3.9537709,-1.0,2,-1,0,0.9847172,1
15,30,1,0,0,227.45457,-388.8253,93.2603,-0.013437933,0.010077533,0.0020977035,3.248278,3.2480555,2,-1,0,0.8464685,1
15,27,1,0,0,189.7781,345.40207,43.251095,0.03514081,0.024004,0.005482915,11.318153,11.212778,2,-1,0,0.980703,1
15,27,1,0,0,189.7781,345.40207,43.251095,0.03514081,0.024004,0.005482915,5.104854,5.211111,2,-1,0,0.98233503,1
15,22,0,0,0,0.0,0.0,0.0,0.0,0.0,0.0,5.909771,-1.0,2,-1,0,0.9847409,1
15,37,1,0,0,-204.26064,-483.35217,47.149357,-0.0053437133,-0.0013210921,-0.025135288,7.4529862,7.4877777,2,-1,0,0.96972185,1
15,37,1,1,0,-204.26064,-483.35217,47.149357,-0.0053437133,-0.0013210921,-0.025135288,11.860126,11.201667,2,24,1,0.9989741,1
15,37,1,0,0,-204.26064,-483.35217,47.149357,-0.0053437133,-0.0013210921,-0.025135288,3.1754372,3.1458333,2,-1,0,0.93305576,1
15,7,1,1,0,209.59912,369.90463,93.45852,-0.016679194,-0.013324392,0.028034514,20.479454,20.4875,2,25,1,0.9956917,1
15,7,1,0,0,209.59912,369.90463,93.45852,-0.016679194,-0.013324392,0.028034514,11.951028,12.161389,2,-1,0,0.9981768,1
15,2,1,1,0,211.28377,-559.9935,430.7233,0.008218297,-0.013541864,-0.008047461,11.562279,11.497778,2,26,1,0.96312547,1
15,2,1,0,0,211.28377,-559.9935,430.7233,0.008218297,-0.013541864,-0.008047461,6.6360765,4.4888887,2,-1,0,0.96806157,1
15,38,1,0,0,-292.43225,-473.6263,288.7698,0.016645957,-0.006364068,0.003949413,3.8775694,3.827222,2,-1,0,0.9833605,1
15,13,1,0,0,220.9969,444.3754,187.56757,0.0028880276,0.005937464,-0.0036526388,3.637028,3.5975,2,-1,0,0.94931436,1
15,13,1,1,0,220.9969,444.3754,187.56757,0.0028880276,0.005937464,-0.0036526388,7.821722,7.822222,2,27,1,0.95735735,1
15,30,1,1,0,227.45457,-388.8253,93.2603,-0.013437933,0.010077533,0.0020977035,18.478216,18.387222,2,28,1,0.98536485,1
15,32,1,1,0,-258.5783,534.6962,77.1236,0.0046902276,-0.0067719896,0.0059939185,10.295396,10.118889,2,29,1,0.9785745,1
15,11,0,0,0,0.0,0.0,0.0,0.0,0.0,0.0,2.3154166,2.1533334,2,-1,0,0.59419006,1
15,4,1,1,0,271.49854,163.5175,186.10547,-0.0046679596,-0.014184904,-0.0068671107,16.65041,16.762777,2,30,1,0.9998797,1
15,26,1,1,0,-268.18347,-29.03585,315.11407,0.0035451204,0.0010263001,0.005257284,6.2175694,6.0916667,2,31,1,0.99924386,1
15,15,1,0,0,-274.46408,220.9414,391.74936,0.0014801814,-0.01022552,0.025703896,9.599722,9.504444,2,-1,0,0.9700997,1
15,15,1,0,0,-274.46408,220.9414,391.74936,0.0014801814,-0.01022552,0.025703896,5.711305,5.7933335,2,-1,0,0.97740924,1
15,15,1,1,0,-274.46408,220.9414,391.74936,0.0014801814,-0.01022552,0.025703896,9.930646,9.878889,2,32,1,0.9863105,1
15,38,1,0,0,-292.43225,-473.6263,288.7698,0.016645957,-0.006364068,0.003949413,4.261778,4.211389,2,-1,0,0.9805555,1
15,38,1,1,0,-292.43225,-473.6263,288.7698,0.016645957,-0.006364068,0.003949413,14.024855,14.059444,2,33,1,0.9861623,1
15,19,1,1,0,-316.26505,-305.49042,283.47086,0.007391849,0.014970547,-0.005173126,11.591708,11.739445,2,34,1,0.99025846,1
15,21,1,1,0,323.52646,-32.79344,303.41095,0.016764706,-0.022087965,0.01259254,24.083168,23.805277,2,35,1,0.9902326,1
15,19,1,0,0,-316.26505,-305.49042,283.47086,0.007391849,0.014970547,-0.005173126,4.0961113,4.0397224,2,-1,0,0.963652,1
15,28,1,1,0,-325.4358,246.91054,378.82394,-0.009436426,-0.00885582,-0.011470623,15.274776,12.393333,2,36,1,0.96390855,1
15,25,1,1,0,-332.92902,473.94373,301.86697,-0.0033624857,-0.012251454,-0.0077406312,14.592897,14.6575,2,37,1,0.99544024,1
15,3,1,1,0,333.6762,-199.73428,326.20316,0.021548705,0.0017406475,-0.032713797,29.188375,32.028057,2,38,1,0.96460974,1
15,3,1,0,0,333.6762,-199.73428,326.20316,0.021548705,0.0017406475,-0.032713797,4.4961457,4.4877777,2,-1,0,0.9703297,1
15,23,0,0,0,0.0,0.0,0.0,0.0,0.0,0.0,7.121778,7.1455555,2,-1,0,0.9478387,1
16,6,1,0,0,22.123222,479.19354,15.547383,0.014223026,-0.0043918327,-0.007325566,4.6105275,4.638889,2,-1,0,0.993701,1
16,6,1,0,0,22.123222,479.19354,15.547383,0.014223026,-0.0043918327,-0.007325566,6.149771,6.1594443,2,-1,0,0.9980532,1
16,14,1,1,0,-29.644777,-513.1756,262.92545,-0.0070867133,0.005505061,-0.00033875144,9.938917,9.805833,2,0,1,0.97700214,1
16,4,1,1,0,-31.37221,-417.91388,61.627758,-0.040225938,-0.038281385,-0.015079558,39.360645,39.373333,2,1,1,0.9996055,1
16,12,1,1,0,-38.812286,204.64543,63.851063,-0.008059406,-0.011293571,-0.023998674,21.911215,21.8275,2,2,1,0.9925015,1
16,12,1,0,0,-38.812286,204.64543,63.851063,-0.008059406,-0.011293571,-0.023998674,7.6823816,6.886389,2,-1,0,0.9737812,1
16,6,1,1,0,22.123222,479.19354,15.547383,0.014223026,-0.0043918327,-0.007325566,8.34134,8.319445,2,3,1,0.99599046,1
16,17,1,0,0,56.08706,49.18316,299.37048,-0.016150432,-0.008514439,-0.015928099,3.9204378,3.8697221,2,-1,0,0.96044827,1
16,25,1,1,0,51.71212,-398.0005,328.6201,-0.012424889,0.0012972585,0.0019462359,16.468224,12.408055,2,4,1,0.8854433,1
16,17,1,1,0,56.08706,49.18316,299.37048,-0.016150432,-0.008514439,-0.015928099,20.744562,20.920555,2,5,1,0.9976307,1
16,6,1,0,0,22.123222,479.19354,15.547383,0.014223026,-0.0043918327,-0.007325566,4.415597,4.437222,2,-1,0,0.97456133,1
16,4,1,0,0,-31.37221,-417.91388,61.627758,-0.040225938,-0.038281385,-0.015079558,2.6325624,2.5794444,2,-1,0,0.6965051,1
16,1,1,1,0,60.231464,173.65865,27.392597,0.0042574983,0.0038156393,0.0010020667,5.85625,5.949167,2,6,1,0.99565625,1
16,38,1,1,0,67.861115,-100.23925,348.95892,0.009599651,-0.023982681,0.01659401,35.81068,35.467777,2,7,1,0.9989673,1
16,16,1,0,0,84.51298,-85.32062,190.09424,-0.013812926,0.012628105,-0.032415826,3.954,3.9213889,2,-1,0,0.9691468,1
16,4,1,0,0,-31.37221,-417.91388,61.627758,-0.040225938,-0.038281385,-0.015079558,18.157833,18.2125,2,-1,0,0.98812103,1
16,16,1,1,0,84.51298,-85.32062,190.09424,-0.013812926,0.012628105,-0.032415826,35.106075,35.064167,2,8,1,0.9976688,1
16,34,0,0,0,0.0,0.0,0.0,0.0,0.0,0.0,2.6211457,2.5852778,2,-1,0,0.7054156,1
16,11,1,0,0,42.914333,18.811096,405.33762,-0.008938803,0.0176832,-0.0027343978,4.9973893,4.962222,2,-1,0,0.96860415,1
16,23,1,1,0,-91.318085,-581.3204,33.53577,0.006472628,0.0100002,-0.010103567,18.52668,18.675278,2,9,1,0.98795646,1
16,40,0,0,0,0.0,0.0,0.0,0.0,0.0,0.0,39.070843,-1.0,2,-1,0,0.9992828,1
16,7,1,0,0,99.09298,539.9044,277.3799,0.015963105,0.02604012,-0.0031842212,16.432417,13.271667,2,-1,0,0.98734367,1
16,8,1,1,0,-103.31029,7.4434566,44.69474,0.004933527,-0.012172244,-0.007279326,17.624876,17.396389,2,10,1,0.9967438,1
16,3,1,1,0,-110.32789,305.14932,416.43994,0.018884767,0.011460148,0.017442541,27.164341,27.325556,2,11,1,0.99968874,1
16,7,1,1,0,99.09298,539.9044,277.3799,0.015963105,0.02604012,-0.0031842212,13.748417,13.861389,2,12,1,0.9978588,1
16,39,1,1,0,120.717865,-96.92728,425.72083,0.016489362,-0.018394522,0.028828232,19.40609,17.448334,2,13,1,0.9935789,1
16,39,1,0,0,120.717865,-96.92728,425.72083,0.016489362,-0.018394522,0.028828232,9.635028,9.651667,2,-1,0,0.97780526,1
16,2,1,1,0,-139.63866,-571.63324,357.7645,0.011828522,0.0046370784,-0.0069245095,20.803146,16.851389,2,14,1,0.99802065,1
16,32,1,1,0,146.64377,151.28105,226.17342,0.006477205,-0.006916146,0.0045297192,11.413889,9.712778,2,15,1,0.89355725,1
16,20,1,1,0,-164.02615,113.097374,68.2051,0.011159213,0.009457231,-0.009846487,18.800785,18.668056,2,16,1,0.97768015,1
16,26,1,0,0,-159.94461,-230.76863,159.1479,-0.0059136436,0.01097071,-0.002636293,8.828388,2.7194445,2,-1,0,0.98588943,1
16,26,1,1,0,-159.94461,-230.76863,159.1479,-0.0059136436,0.01097071,-0.002636293,2.9465764,2.9725,2,17,1,0.78484654,1
16,19,1,1,0,167.13852,503.75906,34.39648,-0.012207239,0.0076011727,-0.0171439,26.667645,19.626944,2,18,1,0.98990506,1
16,18,0,0,0,0.0,0.0,0.0,0.0,0.0,0.0,3.1459029,-1.0,2,-1,0,0.7199101,1
16,36,1,1,0,-173.23544,-313.13467,350.19232,-0.01745032,-0.020858703,-0.0046155723,30.37316,28.912222,2,19,1,0.98376065,1
16,24,1,0,0,188.64543,324.54263,430.58426,0.002277125,-0.016871547,-0.00537819,4.531396,4.643889,2,-1,0,0.9665582,1
16,18,0,0,0,0.0,0.0,0.0,0.0,0.0,0.0,20.675667,-1.0,2,-1,0,0.99393,1
16,22,1,1,0,186.19156,219.547,300.10458,0.011613579,0.005653801,0.001155627,14.015688,12.355833,2,20,1,0.96252304,1
16,24,1,1,0,188.64543,324.54263,430.58426,0.002277125,-0.016871547,-0.00537819,20.212591,16.468056,2,21,1,0.9722334,1
16,18,0,0,0,0.0,0.0,0.0,0.0,0.0,0.0,17.9817,-1.0,2,-1,0,0.99578553,1
16,27,1,1,0,-199.30896,515.82434,332.67862,-0.008947638,-0.014854437,-0.002242449,11.176126,11.095278,2,22,1,0.9694045,1
16,27,1,0,0,-199.30896,515.82434,332.67862,-0.008947638,-0.014854437,-0.002242449,8.145146,8.155278,2,-1,0,0.9827483,1
16,35,1,0,0,-220.29602,-296.82373,228.37651,0.008128653,-0.018981513,0.05053752,5.048361,4.9311113,2,-1,0,0.9857868,1
16,35,1,1,0,-220.29602,-296.82373,228.37651,0.008128653,-0.018981513,0.05053752,22.733915,22.828888,2,23,1,0.9927874,1
16,29,1,1,0,-210.51967,215.70566,431.56274,-0.0027477967,-0.022733098,0.009479476,27.99533,27.838612,2,24,1,0.99305093,1
16,35,1,0,0,-220.29602,-296.82373,228.37651,0.008128653,-0.018981513,0.05053752,3.923757,3.8497221,2,-1,0,0.96802807,1
16,35,1,0,0,-220.29602,-296.82373,228.37651,0.008128653,-0.018981513,0.05053752,10.888437,11.076111,2,-1,0,0.98596257,1
16,35,0,0,0,0.0,0.0,0.0,0.0,0.0,0.0,6.515055,-1.0,2,-1,0,0.9970831,1
16,13,1,1,0,-230.8013,137.17232,216.05399,0.0075689577,0.008922804,0.0018644317,15.071396,12.1975,2,25,1,0.98277205,1
16,15,1,1,0,229.84258,-140.72827,240.48634,-0.0015058719,0.009977207,-0.018364724,23.915466,22.418888,2,26,1,0.9855058,1
16,11,1,1,0,238.48943,-84.27913,355.3424,-0.008938803,0.0176832,-0.0027343978,18.87795,18.869444,2,27,1,0.9806294,1
16,11,1,0,0,238.48943,-84.27913,355.3424,-0.008938803,0.0176832,-0.0027343978,5.0804024,5.0780554,2,-1,0,0.99100906,1
16,28,1,0,0,-271.09277,367.44592,130.47906,-0.01792661,-0.0056302743,-0.019122504,3.474125,3.488889,2,-1,0,0.81189036,1
16,28,1,1,0,-271.09277,367.44592,130.47906,-0.01792661,-0.0056302743,-0.019122504,15.146256,15.155278,2,28,1,0.97243124,1
16,9,1,0,0,274.49884,-275.8188,55.87919,0.0049151066,0.009521566,-0.015987443,8.7218895,8.893056,2,-1,0,0.99550396,1
16,9,1,1,0,274.49884,-275.8188,55.87919,0.0049151066,0.009521566,-0.015987443,10.424952,10.553889,2,29,1,0.982379,1
16,28,1,0,0,-271.09277,367.44592,130.47906,-0.01792661,-0.0056302743,-0.019122504,5.999507,6.0816665,2,-1,0,0.98198456,1
16,21,1,1,0,-326.22485,-379.16428,202.27754,0.00240445,0.020532342,-0.0075868797,17.832006,17.825556,2,30,1,0.9641053,1
16,5,1,0,0,-336.08066,57.855694,334.06476,0.007890145,-0.008690973,0.0012845473,2.6375556,2.6355555,2,-1,0,0.54312885,1
16,31,1,1,0,-331.9989,424.65387,363.30542,0.015451776,-0.0040199985,0.027244143,26.011076,25.771667,2,31,1,0.9906757,1
16,31,1,0,0,-331.9989,424.65387,363.30542,0.015451776,-0.0040199985,0.027244143,2.7917566,2.8016667,2,-1,0,0.5118313,1
16,5,1,1,0,-336.08066,57.855694,334.06476,0.007890145,-0.008690973,0.0012845473,8.61698,8.5211115,2,32,1,0.9588539,1
16,33,1,1,0,-338.0342,-575.0891,452.7317,-0.0049216016,0.0045152246,0.015811026,9.644458,9.6025,2,33,1,0.99818087,1
16,30,1,1,0,-345.64658,551.57245,89.17801,0.0047899256,-0.018549396,-0.005267154,18.441097,18.346666,2,34,1,0.9947003,1
16,10,1,1,0,-351.23068,474.03952,337.21082,-0.020936927,0.015596416,0.016435774,21.28912,21.226944,2,35,1,0.9844936,1
16,10,1,0,0,-351.23068,474.03952,337.21082,-0.020936927,0.015596416,0.016435774,9.366354,9.289444,2,-1,0,0.98791426,1
16,37,1,1,0,360.4759,152.76678,225.87224,0.013418859,-0.010485971,-0.006663442,9.767049,9.711945,2,36,1,0.98699015,1
17,29,1,0,0,8.945215,505.0137,92.030334,0.026572816,0.008336512,0.009979319,8.947763,8.959167,2,-1,0,0.9837445,1
17,29,1,1,0,8.945215,505.0137,92.030334,0.026572816,0.008336512,0.009979319,20.05982,20.1825,2,0,1,0.9483055,1
17,32,1,1,0,17.503529,32.737766,397.2279,0.012508113,0.021387577,-0.008956599,28.551077,28.316944,2,1,1,0.9999931,1
17,16,1,1,0,-19.727537,37.75462,251.53757,-0.01593838,-0.009537675,0.0056178835,23.813389,12.095555,2,2,1,0.9823361,1
17,11,1,1,0,29.734833,308.19095,378.25653,0.002779517,-0.0027781941,0.0054909666,9.96127,7.8705554,2,3,1,0.98344123,1
17,29,1,0,0,8.945215,505.0137,92.030334,0.026572816,0.008336512,0.009979319,6.5507293,6.5805554,2,-1,0,0.9045342,1
17,11,1,0,0,29.734833,308.19095,378.25653,0.002779517,-0.0027781941,0.0054909666,2.6465,2.639722,2,-1,0,0.5337524,1
17,25,1,1,0,42.546154,537.3178,76.245636,0.018444488,-0.0024443015,-0.027113533,29.825499,29.817778,2,4,1,0.99528486,1
17,38,0,0,0,0.0,0.0,0.0,0.0,0.0,0.0,7.0198674,-1.0,2,-1,0,0.9934214,1
17,38,0,0,0,0.0,0.0,0.0,0.0,0.0,0.0,44.318542,-1.0,2,-1,0,0.99999166,1
17,33,1,0,0,-73.07238,511.12085,431.84467,-0.0037999996,-0.007339257,0.01544602,6.116722,6.1830554,2,-1,0,0.9874765,1
17,33,1,1,0,-73.07238,511.12085,431.84467,-0.0037999996,-0.007339257,0.01544602,21.944271,17.9625,2,5,1,0.99009484,1
17,23,1,1,0,-86.91967,-314.73853,282.439,0.018093564,0.0047990535,-0.0042355913,22.414333,22.62111,2,6,1,0.9983504,1
17,27,1,1,0,92.54169,-94.090935,272.04352,-0.011745825,0.013005847,-0.025999488,20.051556,20.135,2,7,1,0.99931014,1
17,23,1,0,0,-86.91967,-314.73853,282.439,0.018093564,0.0047990535,-0.0042355913,3.6775556,3.666111,2,-1,0,0.900626,1
17,27,1,0,0,92.54169,-94.090935,272.04352,-0.011745825,0.013005847,-0.025999488,14.62721,5.578889,2,-1,0,0.96974427,1
17,27,1,0,0,92.54169,-94.090935,272.04352,-0.011745825,0.013005847,-0.025999488,5.1694584,5.26,2,-1,0,0.9791549,1
17,40,1,1,0,-95.326706,337.19974,2.4422278,-0.015916081,0.0077939974,-0.02793153,8.029763,4.523611,2,8,1,0.95417374,1
17,7,1,1,0,99.15769,349.54947,89.46618,-0.007458193,0.010728463,0.012739778,16.278603,16.316944,2,9,1,0.9946872,1
17,30,1,1,0,100.86341,-202.74394,426.01697,0.006037331,-0.0060459482,-0.0051251273,11.681097,11.703055,2,10,1,0.98454005,1
17,9,1,1,0,121.32562,429.09393,2.6263695,0.009100847,0.006425616,0.01563282,9.22009,9.467222,2,11,1,0.9676921,1
17,9,1,0,0,121.32562,429.09393,2.6263695,0.009100847,0.006425616,0.01563282,7.5541253,7.561111,2,-1,0,0.99977845,1
17,12,1,1,0,-126.75336,-164.3792,302.86227,0.0030052247,-0.003938788,0.010386561,12.256929,12.118333,2,12,1,0.8762452,1
17,24,0,0,0,0.0,0.0,0.0,0.0,0.0,0.0,2.8311388,2.8275,2,-1,0,0.7828658,1
17,31,0,0,0,0.0,0.0,0.0,0.0,0.0,0.0,8.476097,-1.0,2,-1,0,0.9894565,1
17,12,1,0,0,-126.75336,-164.3792,302.86227,0.0030052247,-0.003938788,0.010386561,4.5864305,4.4944444,2,-1,0,0.97488004,1
17,15,1,1,0,145.94832,-213.99709,34.342567,-0.011272039,0.004840788,0.01059232,18.056097,18.255,2,13,1,0.99936384,1
17,6,1,1,0,-155.37398,182.94626,463.53656,0.025392145,-0.028746065,0.034651626,4.024333,3.9205556,2,14,1,0.93163526,1
17,10,1,1,0,-158.4114,79.583725,384.10757,-0.015294135,0.011516463,0.0161996,26.648495,26.573334,2,15,1,0.9613873,1
17,34,1,1,0,160.14719,-25.886423,372.09018,0.012219274,-0.015267032,-0.010880644,23.45714,22.558056,2,16,1,0.9719715,1
17,24,0,0,0,0.0,0.0,0.0,0.0,0.0,0.0,7.7171736,-1.0,2,-1,0,0.9946682,1
17,1,1,0,0,190.56773,359.33777,229.3397,-0.009109385,0.012185155,-0.031861886,6.6661596,6.672222,2,-1,0,0.9668337,1
17,1,1,1,0,190.56773,359.33777,229.3397,-0.009109385,0.012185155,-0.031861886,28.839582,28.6725,2,17,1,0.9998393,1
17,35,1,1,0,203.51122,-568.71326,141.44112,0.015491054,0.017544877,-0.006458566,14.986139,14.674444,2,18,1,0.97231156,1
17,28,1,1,0,-204.10298,-495.56757,448.6803,-0.05571637,-0.026775181,-0.023609988,42.115646,40.83361,2,19,1,0.9905595,1
17,36,1,1,0,-216.295,-367.08795,444.04175,0.003209217,-0.0008180093,-0.0019928198,5.2788334,5.0533333,2,20,1,0.993743,1
17,22,1,1,0,-218.76376,-464.64172,307.8083,-0.0152847795,-0.004182289,0.009952238,15.395847,14.531111,2,21,1,0.9523162,1
17,26,1,0,0,-219.777,-14.372991,384.536,-0.022282014,-0.0153287,0.033300217,5.7476735,5.745,2,-1,0,0.97879535,1
17,26,1,1,0,-219.777,-14.372991,384.536,-0.022282014,-0.0153287,0.033300217,27.765663,23.083889,2,22,1,0.97537404,1
17,8,1,1,0,226.14693,242.53911,87.646416,-0.008345247,-0.0030369489,-0.011377171,14.6016445,14.614166,2,23,1,0.86953604,1
17,14,1,1,0,-223.92262,73.344696,320.50345,-0.00018723216,0.02033379,0.009357264,22.970972,23.084444,2,24,1,0.9877132,1
17,26,1,0,0,-219.777,-14.372991,384.536,-0.022282014,-0.0153287,0.033300217,11.565736,11.538611,2,-1,0,0.9985672,1
17,28,1,0,0,-204.10298,-495.56757,448.6803,-0.05571637,-0.026775181,-0.023609988,10.607228,10.577778,2,-1,0,0.9838108,1
17,35,1,0,0,203.51122,-568.71326,141.44112,0.015491054,0.017544877,-0.006458566,7.352236,7.366667,2,-1,0,0.9888493,1
17,24,1,1,0,160.88106,-60.474037,145.27217,0.015244142,0.0001601863,0.008460878,6.5113053,6.4125,2,25,1,0.98134494,1
17,20,1,1,0,-241.09576,569.69257,291.31876,0.0062324638,-0.00084357354,0.012402564,12.459243,12.409722,2,26,1,0.9590921,1
17,28,1,0,0,-204.10298,-495.56757,448.6803,-0.05571637,-0.026775181,-0.023609988,8.846681,8.754167,2,-1,0,0.9642064,1
17,19,1,0,0,250.80913,-571.8386,412.11603,0.011212153,0.0071939128,0.020229267,12.1438675,12.038889,2,-1,0,0.97290444,1
17,19,1,1,0,250.80913,-571.8386,412.11603,0.011212153,0.0071939128,0.020229267,13.349743,13.411389,2,27,1,0.9976616,1
17,13,1,1,0,282.7959,-141.81393,148.52272,-0.00040858888,-0.015813388,0.012263604,14.114375,14.156389,2,28,1,0.9915925,1
17,13,1,0,0,282.7959,-141.81393,148.52272,-0.00040858888,-0.015813388,0.012263604,5.7746944,5.7708335,2,-1,0,0.99027,1
17,3,1,1,0,-304.5812,221.73589,139.32687,-0.026745383,0.0010733325,-0.009846367,11.598702,11.58,2,29,1,0.99482006,1
17,7,1,0,0,286.7325,515.00244,118.18747,-0.007458193,0.010728463,0.012739778,2.395139,2.3644445,2,-1,0,0.5229167,1
17,3,1,0,0,-304.5812,221.73589,139.32687,-0.026745383,0.0010733325,-0.009846367,8.109375,8.190556,2,-1,0,0.97329414,1
17,18,1,1,0,316.2772,-123.44259,178.98053,0.00689904,-0.012620258,0.0024042446,14.583777,9.981944,2,30,1,0.92705643,1
17,4,1,1,0,323.5139,-71.359856,51.034935,-0.0019844244,-0.0016024908,0.019210067,13.711361,13.69,2,31,1,0.9719644,1
17,21,1,1,0,345.53116,42.42912,210.69771,-0.039467365,0.003488203,0.009392937,21.027206,20.925278,2,32,1,0.9990471,1
17,5,1,1,0,-343.67453,550.2265,374.8319,0.014001296,-0.006988211,0.025041949,24.413584,24.350834,2,33,1,0.99945754,1
17,21,1,0,0,345.53116,42.42912,210.69771,-0.039467365,0.003488203,0.009392937,17.351702,17.5025,2,-1,0,0.98943245,1
17,3,1,0,0,-304.5812,221.73589,139.32687,-0.026745383,0.0010733325,-0.009846367,4.5010138,4.554167,2,-1,0,0.9883478,1
17,2,1,1,0,-344.92172,216.44547,298.42847,0.012376859,0.0063365265,-0.014820421,19.727201,18.625555,2,34,1,0.9751864,1
17,17,1,0,0,-342.64703,46.050156,326.2268,-0.010491082,-0.009355129,-0.0053437348,6.294076,3.9994445,2,-1,0,0.92666775,1
17,37,1,1,0,346.43195,-166.08556,253.96538,0.0036949608,-0.015503284,-0.016234383,21.635563,21.805834,2,35,1,0.9643619,1
17,39,1,0,0,-361.52844,465.91916,204.01524,-0.0009335304,-0.008271029,0.038747586,6.171618,6.266111,2,-1,0,0.97811663,1
17,17,1,1,0,-342.64703,46.050156,326.2268,-0.010491082,-0.009355129,-0.0053437348,5.79691,5.586111,2,36,1,0.9862255,1
17,39,1,0,0,-361.52844,465.91916,204.01524,-0.0009335304,-0.008271029,0.038747586,6.7306805,6.5466666,2,-1,0,0.9965708,1
17,39,1,1,0,-361.52844,465.91916,204.01524,-0.0009335304,-0.008271029,0.038747586,11.830527,10.3336115,2,-1,1,0.7983787,1
18,28,1,1,0,-8.4945345,-337.5496,2.814085,0.0038230065,0.031385567,0.011764133,41.282986,41.015835,2,0,1,0.997612,1
18,24,0,0,0,-16.15013,-48.237663,440.3397,0.019493088,-0.027291173,0.016486302,3.7805414,3.55,2,-1,0,0.6670918,1
18,24,1,1,0,-16.15013,-48.237663,440.3397,0.019493088,-0.027291173,0.016486302,27.428228,27.298056,2,1,1,0.9996363,1
18,32,1,1,0,12.893655,88.63317,268.80603,0.007641312,0.012971682,0.009015026,18.923382,19.105833,2,2,1,0.9959787,1
18,16,1,1,0,-28.546444,221.78189,259.3279,-0.010807093,-0.00010249431,0.008424312,12.5888605,10.221389,2,3,1,0.9938676,1
18,16,1,0,0,-28.546444,221.78189,259.3279,-0.010807093,-0.00010249431,0.008424312,3.4904444,3.515,2,-1,0,0.6722188,1
18,22,1,0,0,27.72592,-77.35084,389.97678,0.0034887495,0.014958857,0.011563258,2.738021,2.5572221,2,-1,0,0.5039989,1
18,26,1,0,0,31.860815,602.78235,77.54874,0.0064255693,-0.02912894,-0.014231276,6.2873816,6.1805553,2,-1,0,0.9864287,1
18,26,1,1,0,31.860815,602.78235,77.54874,0.0064255693,-0.02912894,-0.014231276,16.184834,16.360277,2,4,1,0.99526274,1
18,26,1,0,0,31.860815,602.78235,77.54874,0.0064255693,-0.02912894,-0.014231276,4.7697506,4.9272223,2,-1,0,0.9857019,1
18,5,1,1,0,-38.527573,-243.40024,335.7404,0.0065058605,-0.004669144,-0.01231213,14.676993,14.778334,2,5,1,0.9991161,1
18,13,0,0,0,0.0,0.0,0.0,0.0,0.0,0.0,3.5657222,3.5533333,2,-1,0,0.89734393,1
18,13,1,1,0,-41.52161,-94.34664,15.408879,-0.022115659,-0.0009223265,0.01646574,18.993847,18.789167,2,6,1,0.9889327,1
18,22,1,1,0,42.107677,-74.852646,377.929,0.0034887495,0.014958857,0.011563258,9.913007,10.053889,2,7,1,0.9929495,1
18,13,1,0,0,-41.52161,-94.34664,15.408879,-0.022115659,-0.0009223265,0.01646574,5.750805,5.702778,2,-1,0,0.9947108,1
18,29,1,1,0,-50.207127,524.38434,440.828,-0.014828775,-0.009397947,-0.021538923,32.513412,32.002777,2,8,1,0.99409336,1
18,26,0,0,0,0.0,0.0,0.0,0.0,0.0,0.0,3.2139513,3.0222223,2,-1,0,0.81140184,1
18,13,1,0,0,-41.52161,-94.34664,15.408879,-0.022115659,-0.0009223265,0.01646574,3.1938472,3.156389,2,-1,0,0.77070415,1
18,40,1,0,0,67.687874,167.96964,346.1364,-0.02336513,0.00960787,-0.016658632,12.295126,12.072778,2,-1,0,0.99910885,1
18,40,1,1,0,67.687874,167.96964,346.1364,-0.02336513,0.00960787,-0.016658632,24.033264,24.115833,2,9,1,0.9990176,1
18,6,1,1,0,-79.5318,557.40784,191.92462,-0.0056337207,-0.008179785,0.0060893693,13.730688,13.755555,2,10,1,0.9777999,1
18,33,1,1,0,82.17032,-417.7467,33.57227,0.0017340417,-0.0050609745,-0.00026910935,5.9606943,6.129722,2,11,1,0.9962012,1
18,36,1,0,0,-119.54359,-472.29266,413.15112,0.018722441,-0.014149421,0.01161311,2.8375418,2.9069445,2,-1,0,0.6142084,1
18,21,1,1,0,-86.45334,217.64627,86.09526,-0.016319303,0.01188709,-0.0088807475,15.951487,16.000555,2,12,1,0.98128855,1
18,21,1,0,0,-86.45334,217.64627,86.09526,-0.016319303,0.01188709,-0.0088807475,5.7209377,5.754722,2,-1,0,0.98290586,1
18,13,1,0,0,-41.52161,-94.34664,15.408879,-0.022115659,-0.0009223265,0.01646574,4.8368683,4.693611,2,-1,0,0.99157506,1
18,2,1,1,0,103.67076,-524.63306,140.14536,-0.032036766,-0.012075391,-0.011219726,33.557735,33.5225,2,13,1,0.99727976,1
18,2,1,0,0,103.67076,-524.63306,140.14536,-0.032036766,-0.012075391,-0.011219726,4.681208,4.5544443,2,-1,0,0.92537045,1
18,21,1,0,0,-86.45334,217.64627,86.09526,-0.016319303,0.01188709,-0.0088807475,6.7499795,6.936389,2,-1,0,0.9854725,1
18,1,1,1,0,-117.43382,-202.10909,196.41881,0.013914528,0.0003891573,-0.011382908,20.494444,20.36,2,14,1,0.9961092,1
18,36,1,1,0,-119.54359,-472.29266,413.15112,0.018722441,-0.014149421,0.01161311,16.423645,16.634445,2,15,1,0.99132127,1
18,8,1,1,0,122.182434,356.71658,231.00258,-0.011102449,-0.019082412,0.0008639466,14.441187,14.483611,2,16,1,0.97229576,1
18,36,1,0,0,-119.54359,-472.29266,413.15112,0.018722441,-0.014149421,0.01161311,6.740966,6.6752777,2,-1,0,0.9927543,1
18,11,1,1,0,-124.011375,472.2023,114.686615,0.0024498636,0.007651406,0.015775844,18.886086,17.495277,2,17,1,0.9951114,1
18,39,1,1,0,-128.72977,-560.69855,436.66077,0.012699821,0.033914816,-0.025809584,19.366398,19.356112,2,18,1,0.9851799,1
18,39,1,0,0,-128.72977,-560.69855,436.66077,0.012699821,0.033914816,-0.025809584,19.431625,19.259722,2,-1,0,0.9989442,1
18,39,1,0,0,-128.72977,-560.69855,436.66077,0.012699821,0.033914816,-0.025809584,5.944375,5.9366665,2,-1,0,0.94557416,1
18,12,1,1,0,-136.95154,-514.6873,125.27918,0.019778324,-0.018336857,-0.015001515,33.801876,33.980556,2,19,1,0.9996306,1
18,30,1,0,0,-165.1499,-455.38077,371.39505,0.018726408,-0.0071878824,0.005205754,7.8031945,7.8075,2,-1,0,0.9719359,1
18,39,1,0,0,-128.72977,-560.69855,436.66077,0.012699821,0.033914816,-0.025809584,3.8071527,3.8733332,2,-1,0,0.9079624,1
18,17,1,1,0,-146.0502,158.80367,207.19078,-0.01906527,-0.022924466,0.016784731,29.784418,29.150833,2,20,1,1.0,1
18,19,1,1,0,-150.7682,59.863445,122.95124,-0.0043823454,-0.009432373,-0.0041279513,12.6565275,12.106112,2,21,1,0.97498524,1
18,17,1,0,0,-146.0502,158.80367,207.19078,-0.01906527,-0.022924466,0.016784731,5.219667,5.1477776,2,-1,0,0.9774355,1
18,25,1,1,0,159.94847,17.638342,45.130287,0.0024320786,-0.0025234348,-0.013091994,15.0598545,14.931945,2,22,1,0.9940011,1
18,30,1,1,0,-165.1499,-455.38077,371.39505,0.018726408,-0.0071878824,0.005205754,10.000501,10.054167,2,23,1,0.9877446,1
18,19,1,0,0,-150.7682,59.863445,122.95124,-0.0043823454,-0.009432373,-0.0041279513,3.507986,3.6755555,2,-1,0,0.6360511,1
18,7,1,1,0,180.37167,-222.73354,306.86725,0.016955703,0.014496493,-0.0073020356,22.884035,17.948889,2,24,1,0.9808007,1
18,31,1,1,0,-185.73143,-474.88254,36.184917,-0.014997835,0.003402221,0.0019322671,16.48541,16.590555,2,25,1,0.99505544,1
18,3,1,0,0,-193.73949,441.04437,426.77457,0.0026423081,0.0122312,-0.0076884013,3.721097,3.7475,2,-1,0,0.95694256,1
18,3,1,1,0,-193.73949,441.04437,426.77457,0.0026423081,0.0122312,-0.0076884013,11.561292,11.591389,2,26,1,0.9984237,1
18,35,1,0,0,-230.48026,-502.20752,309.5697,0.025662607,0.0018022627,0.015092915,8.233084,8.366389,2,-1,0,0.98736376,1
18,9,1,0,0,223.13348,-188.75536,94.88145,-0.004357902,0.0030272668,-0.018909816,5.0784583,4.9866667,2,-1,0,0.9684284,1
18,9,1,1,0,223.13348,-188.75536,94.88145,-0.004357902,0.0030272668,-0.018909816,15.508694,15.609722,2,27,1,0.97883886,1
18,34,1,1,0,223.80667,181.39098,438.3871,0.011901013,-0.002139502,0.0047547696,14.219833,14.120556,2,-1,1,0.9971553,1
18,35,1,1,0,-230.48026,-502.20752,309.5697,0.025662607,0.0018022627,0.015092915,20.551474,20.548056,2,28,1,0.99897313,1
18,27,1,0,0,-242.21904,179.62967,82.48933,-0.0049574752,-0.0048668864,0.00861461,3.9276178,3.8675,2,-1,0,0.91212237,1
18,37,1,1,0,-237.1719,483.98975,334.03238,0.0029155395,-0.0031618655,-0.007650967,6.9569097,7.016389,2,29,1,0.994436,1
18,27,1,0,0,-242.21904,179.62967,82.48933,-0.0049574752,-0.0048668864,0.00861461,4.275708,4.28,2,-1,0,0.9815516,1
18,27,1,1,0,-242.21904,179.62967,82.48933,-0.0049574752,-0.0048668864,0.00861461,9.273791,9.360278,2,30,1,0.98820364,1
18,38,1,1,0,-243.67413,169.68803,390.2588,-0.0087158475,0.0018387975,0.008346284,11.720445,11.715555,2,31,1,0.96193343,1
18,18,1,1,0,-283.087,-320.8791,157.12254,0.014514059,0.014706401,0.015033742,27.655916,27.618334,2,32,1,0.99575704,1
18,14,1,1,0,287.96854,-366.62613,446.47607,0.0059017777,0.010177352,0.013905824,16.535854,14.464723,2,33,1,0.99951875,1
18,4,1,1,0,-309.60678,294.41,31.31617,0.0023133773,0.01525679,0.012210581,16.822035,16.70111,2,34,1,0.98865986,1
18,23,1,1,0,-320.645,-313.00037,85.29464,-0.007884503,-0.009951309,-0.018284092,17.219652,17.155,2,35,1,0.9878021,1
18,23,1,0,0,-320.645,-313.00037,85.29464,-0.007884503,-0.009951309,-0.018284092,3.669375,1.0183333,2,-1,0,0.9895427,1
18,20,1,0,0,331.8696,-525.651,244.40506,0.00554281,0.024439765,0.009743136,6.1114726,6.1786113,2,-1,0,0.96929246,1
18,20,1,1,0,331.8696,-525.651,244.40506,0.00554281,0.024439765,0.009743136,16.531382,16.36139,2,36,1,0.9970536,1
18,15,1,1,0,-334.81998,-359.52063,54.38248,0.007520065,-0.005473564,0.009114712,10.804653,8.118055,2,37,1,0.98649246,1
18,10,0,0,0,0.0,0.0,0.0,0.0,0.0,0.0,19.667334,-1.0,2,-1,0,0.9942464,1
18,10,0,0,0,0.0,0.0,0.0,0.0,0.0,0.0,8.323771,-1.0,2,-1,0,0.9733838,1
19,21,1,0,0,30.159746,-271.19748,354.72217,0.0019619395,-0.006993565,-0.0130215185,4.006299,4.002222,2,-1,0,0.98879707,1
19,21,1,1,0,30.159746,-271.19748,354.72217,0.0019619395,-0.006993565,-0.0130215185,11.781402,10.615556,2,0,1,0.9991068,1
19,19,1,1,0,-38.35058,-52.38299,397.79196,-0.0062580677,0.00536382,0.008580962,7.298264,7.2897224,2,1,1,0.9014784,1
19,19,1,0,0,-38.35058,-52.38299,397.79196,-0.0062580677,0.00536382,0.008580962,3.7913544,3.8411112,2,-1,0,0.9469635,1
19,13,1,0,0,-51.362698,-305.81168,100.26676,0.031964537,0.0051081,0.02522963,10.10057,10.343889,2,-1,0,0.9859847,1
19,13,1,0,0,-51.362698,-305.81168,100.26676,0.031964537,0.0051081,0.02522963,6.109972,6.125278,2,-1,0,0.9913571,1
19,13,1,1,0,-51.362698,-305.81168,100.26676,0.031964537,0.0051081,0.02522963,24.804535,24.969723,2,2,1,0.99961203,1
19,35,1,1,0,50.447517,155.16948,185.4203,-0.0050363024,-0.020093836,-0.019492064,32.571552,32.501945,2,3,1,0.97807705,1
19,35,1,0,0,50.447517,155.16948,185.4203,-0.0050363024,-0.020093836,-0.019492064,3.206243,3.2925,2,-1,0,0.63139534,1
19,8,1,0,0,-66.1759,-277.8561,366.76105,-0.020787481,0.028941669,0.014149355,4.1532364,4.0913887,2,-1,0,0.9638582,1
19,8,1,1,0,-66.1759,-277.8561,366.76105,-0.020787481,0.028941669,0.014149355,32.768925,32.965557,2,4,1,0.99877566,1
19,33,1,1,0,-78.48366,-452.29126,57.394253,0.027023228,0.011819502,0.005155658,31.326979,31.141945,2,5,1,0.99999034,1
19,8,1,0,0,-66.1759,-277.8561,366.76105,-0.020787481,0.028941669,0.014149355,8.359834,8.406111,2,-1,0,0.9843866,1
19,9,1,1,0,96.48569,123.797646,263.53403,-0.004779596,0.0027154954,0.014854777,15.69559,15.764444,2,6,1,0.9990085,1
19,37,0,0,0,0.0,0.0,0.0,0.0,0.0,0.0,24.923903,-1.0,2,-1,0,0.9848409,1
19,9,0,0,0,0.0,0.0,0.0,0.0,0.0,0.0,3.016146,-1.0,2,-1,0,0.5497384,1
19,2,1,0,0,114.84418,-57.348156,17.78938,0.019761825,0.016739137,0.01326188,5.408556,5.4133334,2,-1,0,0.98657644,1
19,2,1,1,0,114.84418,-57.348156,17.78938,0.019761825,0.016739137,0.01326188,28.346785,28.522778,2,7,1,0.9921504,1
19,10,1,1,0,144.42451,233.39589,118.66987,0.04444074,-0.004519097,-0.0037406934,28.96253,29.335833,2,8,1,0.9469543,1
19,32,1,1,0,-145.66595,528.92426,50.2311,-0.0053127697,-0.0031644776,0.014019303,7.973486,8.130555,2,9,1,0.9886903,1
19,32,1,0,0,-145.66595,528.92426,50.2311,-0.0053127697,-0.0031644776,0.014019303,4.9205837,5.0877776,2,-1,0,0.9775673,1
19,11,0,0,0,0.0,0.0,0.0,0.0,0.0,0.0,10.141708,-1.0,2,-1,0,0.95471096,1
19,11,0,0,0,0.0,0.0,0.0,0.0,0.0,0.0,7.4089723,-1.0,2,-1,0,0.999479,1
19,6,1,1,0,157.1772,-592.1313,330.2775,0.022500422,0.0074019684,-0.0041745915,15.560751,15.676389,2,10,1,0.9850809,1
19,24,1,0,0,-157.87659,216.68742,48.433,-0.015257662,-0.014512577,-0.00543117,9.601944,4.701667,2,-1,0,0.9908246,1
19,24,1,1,0,-157.87659,216.68742,48.433,-0.015257662,-0.014512577,-0.00543117,8.346806,8.321944,2,11,1,0.9874033,1
19,31,1,0,0,172.17654,-440.66443,322.06458,-0.0193199,0.023911517,0.0090168,12.818007,12.498889,2,-1,0,0.9598571,1
19,3,1,0,0,268.05585,537.80115,439.95435,-0.03714144,0.004116974,-0.007326599,6.524555,6.5958333,2,-1,0,0.9755651,1
19,31,1,1,0,172.17654,-440.66443,322.06458,-0.0193199,0.023911517,0.0090168,22.226583,22.35111,2,12,1,0.98410416,1
19,12,1,1,0,174.73393,-493.32944,399.32443,-0.01501837,-0.0010111168,0.002741092,12.423889,12.377222,2,13,1,0.96369874,1
19,12,1,0,0,174.73393,-493.32944,399.32443,-0.01501837,-0.0010111168,0.002741092,4.232292,4.2694445,2,-1,0,0.96565676,1
19,29,1,1,0,176.11165,-554.2453,296.3902,-0.007880823,-0.04870451,-0.001961238,52.03261,51.254723,2,14,1,0.9961862,1
19,29,1,0,0,176.11165,-554.2453,296.3902,-0.007880823,-0.04870451,-0.001961238,4.732833,4.6669445,2,-1,0,0.99132967,1
19,36,1,1,0,187.79036,-477.57816,240.16418,0.0069133025,0.00993608,0.0144451745,20.58607,17.691944,2,15,1,0.96365047,1
19,10,1,0,0,144.42451,233.39589,118.66987,0.04444074,-0.004519097,-0.0037406934,17.192923,17.325277,2,-1,0,0.9613009,1
19,7,1,1,0,205.21158,28.583368,145.49562,0.009438355,0.019269656,0.008835306,24.123415,19.265,2,16,1,0.99912935,1
19,27,1,0,0,-206.49625,597.0006,280.00787,-0.0086584855,0.019948803,-0.003206512,9.981736,2.44,2,-1,0,0.9892659,1
19,18,1,1,0,-208.2069,473.54633,228.50777,0.0014429534,0.0015743193,0.0046337093,4.968979,4.98,2,17,1,0.99157614,1
19,4,1,1,0,-235.50896,-496.00046,31.672365,0.00526525,0.007862407,0.0076626567,11.678521,11.694445,2,19,1,0.998432,1
19,3,1,0,0,268.05585,537.80115,439.95435,-0.03714144,0.004116974,-0.007326599,3.5912154,3.6716666,2,-1,0,0.9087525,1
19,40,1,0,0,279.9822,402.32068,37.499508,-0.0048664226,0.0014271778,-0.008250117,3.4992778,3.5125,2,-1,0,0.94277984,1
19,25,1,1,0,254.88805,-497.43106,58.307335,0.018783856,0.015365454,0.018707003,24.184965,20.90639,2,20,1,0.99067897,1
19,3,1,1,0,268.05585,537.80115,439.95435,-0.03714144,0.004116974,-0.007326599,26.102604,25.726389,2,21,1,0.9989536,1
19,15,1,1,0,261.08307,280.02585,302.21777,0.0058035105,-0.017279927,0.0015392363,12.87566,12.918889,2,22,1,0.99671507,1
19,20,1,1,0,263.29388,-359.9446,235.7301,-0.000835264,-0.0069984617,-0.0026801722,6.9890347,7.0441666,2,23,1,0.9826027,1
19,15,1,0,0,261.08307,280.02585,302.21777,0.0058035105,-0.017279927,0.0015392363,3.840486,3.755,2,-1,0,0.9859167,1
19,16,1,1,0,-275.7762,-340.7749,393.33917,0.025293631,-0.009089345,0.020659577,31.090364,30.869722,2,24,1,0.98999035,1
19,30,1,1,0,275.40887,-46.677967,283.99536,-0.00078788167,-0.0030872945,0.002827879,4.13359,4.0333333,2,25,1,0.92149484,1
19,40,1,1,0,279.9822,402.32068,37.499508,-0.0048664226,0.0014271778,-0.008250117,5.737729,5.6980557,2,26,1,0.9623517,1
19,23,1,1,0,279.63263,-563.1376,265.045,0.00720414,0.016726209,0.0025620477,18.69316,16.092222,2,27,1,0.993891,1
19,1,1,1,0,-284.08493,564.77325,249.32014,-0.011848006,-0.0010555392,-0.0022773822,9.567341,9.545834,2,-1,1,0.97449535,1
19,3,1,0,0,268.05585,537.80115,439.95435,-0.03714144,0.004116974,-0.007326599,3.316375,3.3047223,2,-1,0,0.78338486,1
19,25,1,0,0,254.88805,-497.43106,58.307335,0.018783856,0.015365454,0.018707003,4.286021,4.2011113,2,-1,0,0.9756935,1
19,5,1,0,0,-320.52054,259.20743,69.028046,0.0016388042,0.034344546,-0.0018297472,6.5413337,6.6561112,2,-1,0,0.98047286,1
19,14,1,1,0,-315.94745,191.27342,96.43999,0.0051215673,-0.01679772,-0.014426313,9.776397,9.5413885,2,28,1,0.9660057,1
19,14,1,0,0,-315.94745,191.27342,96.43999,0.0051215673,-0.01679772,-0.014426313,6.2184863,6.2719445,2,-1,0,0.98727757,1
19,14,1,0,0,-315.94745,191.27342,96.43999,0.0051215673,-0.01679772,-0.014426313,3.8188472,3.8580556,2,-1,0,0.96909326,1
19,38,1,1,0,316.8868,-524.4016,36.504128,-0.00446762,0.010235963,-0.002677747,10.661618,10.3544445,2,29,1,0.99393696,1
19,5,1,1,0,-320.52054,259.20743,69.028046,0.0016388042,0.034344546,-0.0018297472,26.89249,26.706944,2,30,1,0.99301296,1
19,14,1,0,0,-315.94745,191.27342,96.43999,0.0051215673,-0.01679772,-0.014426313,2.8894863,2.926389,2,-1,0,0.91403645,1
19,34,1,1,0,-328.39096,596.8438,376.0058,-0.008155728,-0.026821094,-0.0025117372,21.929953,12.701389,2,31,1,0.9985226,1
19,17,1,1,0,360.05344,56.256638,393.6771,-0.007279864,-0.0004532046,-0.006450011,8.941459,8.8175,2,32,1,0.9995029,1
19,22,1,1,0,-362.79755,96.13449,162.48807,0.0040701837,-0.006686757,0.0014932879,7.2817917,7.444722,2,33,1,0.96868193,1
20,26,1,0,0,5.959937,182.36093,382.91425,0.0031174594,-0.002322886,0.008765473,3.5319169,3.3969445,2,-1,0,0.9805094,1
20,19,1,1,0,-13.1459055,103.61535,418.47388,0.0009315757,-0.0038755708,-0.016626567,22.621624,19.5075,2,0,1,0.99457586,1
20,26,1,1,0,5.959937,182.36093,382.91425,0.0031174594,-0.002322886,0.008765473,7.0053124,6.886667,2,1,1,0.9922409,1
20,15,1,1,0,21.695786,-368.1631,322.3428,-0.008617405,-0.009642162,-0.0018815483,15.5599375,15.803611,2,2,1,0.95137066,1
20,7,1,1,0,-33.52726,536.2863,298.2683,-0.014230332,-0.025281277,-0.014535022,27.087645,16.651945,2,3,1,0.9954587,1
20,7,1,0,0,-33.52726,536.2863,298.2683,-0.014230332,-0.025281277,-0.014535022,6.121924,3.4022222,2,-1,0,0.99438286,1
20,23,1,0,0,-50.33612,383.12097,400.33038,-0.009606363,-0.012508045,9.3107556e-05,5.572125,5.831389,2,-1,0,0.9875358,1
20,1,1,0,0,50.380936,-319.45416,78.368385,0.021839641,0.004147256,0.0131762605,4.065708,4.0394444,2,-1,0,0.8903419,1
20,23,1,1,0,-50.33612,383.12097,400.33038,-0.009606363,-0.012508045,9.3107556e-05,19.531155,19.749166,2,4,1,0.9898545,1
20,1,1,1,0,50.380936,-319.45416,78.368385,0.021839641,0.004147256,0.0131762605,13.063715,12.929444,2,5,1,0.9802619,1
20,27,1,1,0,-53.819614,-550.8545,392.63446,-0.0071511045,-0.0015877597,-0.029921629,13.545963,13.448889,2,6,1,0.98033273,1
20,27,1,0,0,-53.819614,-550.8545,392.63446,-0.0071511045,-0.0015877597,-0.029921629,10.690472,10.684444,2,-1,0,0.9550664,1
20,1,1,0,0,50.380936,-319.45416,78.368385,0.021839641,0.004147256,0.0131762605,11.936264,11.861667,2,-1,0,0.991015,1
20,15,1,0,0,21.695786,-368.1631,322.3428,-0.008617405,-0.009642162,-0.0018815483,4.1514583,4.242778,2,-1,0,0.92715096,1
20,27,1,0,0,-53.819614,-550.8545,392.63446,-0.0071511045,-0.0015877597,-0.029921629,4.585042,4.7269444,2,-1,0,0.9748634,1
20,18,1,1,0,-26.655823,-66.51546,288.4941,-0.012860811,0.006323651,-0.0004548174,11.958916,11.8544445,2,7,1,0.99969673,1
20,7,1,0,0,-33.52726,536.2863,298.2683,-0.014230332,-0.025281277,-0.014535022,3.0008888,3.0025,2,-1,0,0.8665699,1
20,26,1,0,0,5.959937,182.36093,382.91425,0.0031174594,-0.002322886,0.008765473,3.5515,3.5325,2,-1,0,0.85940045,1
20,3,1,1,0,-83.924,-110.25865,119.317924,0.02140598,0.021973226,0.010190197,27.00959,27.196945,2,8,1,0.9059428,1
20,3,1,0,0,-83.924,-110.25865,119.317924,0.02140598,0.021973226,0.010190197,10.241243,10.531111,2,-1,0,0.98085207,1
20,4,1,1,0,83.3053,-170.72688,248.36171,0.011479174,0.015363716,-0.017622866,21.135681,21.289444,2,9,1,0.94724816,1
20,39,1,0,0,-133.3418,378.33752,309.49188,-0.025095336,-0.0043328507,-0.0106503675,5.962347,6.0958333,2,-1,0,0.9746625,1
20,4,0,0,0,0.0,0.0,0.0,0.0,0.0,0.0,6.367833,-1.0,2,-1,0,0.9785357,1
20,24,1,1,0,-102.50661,25.015053,51.64816,0.020396488,-2.0322574e-05,0.008365829,14.463027,14.32,2,10,1,0.9891009,1
20,35,1,1,0,-103.79931,-73.317215,246.42511,-0.012813617,0.01593301,0.00254375,23.742708,23.619444,2,11,1,0.9883366,1
20,24,1,0,0,-102.50661,25.015053,51.64816,0.020396488,-2.0322574e-05,0.008365829,5.8383884,5.766389,2,-1,0,0.990772,1
20,16,1,1,0,105.07357,495.78165,194.61818,0.0025974489,0.026867053,0.011124083,23.27002,22.705555,2,12,1,0.99639684,1
20,16,1,0,0,105.07357,495.78165,194.61818,0.0025974489,0.026867053,0.011124083,10.4129925,10.556111,2,-1,0,0.9799947,1
20,14,1,1,0,-116.2024,266.22787,227.46811,-0.005266452,0.028542692,0.0075607216,24.562778,24.543612,2,13,1,0.99612314,1
20,14,1,0,0,-116.2024,266.22787,227.46811,-0.005266452,0.028542692,0.0075607216,10.186153,10.050834,2,-1,0,0.9968227,1
20,39,1,1,0,-133.3418,378.33752,309.49188,-0.025095336,-0.0043328507,-0.0106503675,28.311466,28.165,2,14,1,0.988821,1
20,8,1,1,0,-146.95052,107.83585,76.812126,0.012371424,-0.0011627658,0.0057629007,13.970854,13.845555,2,15,1,0.999992,1
20,31,1,1,0,159.16502,424.19556,252.29936,-0.022789033,0.0009339201,0.00340413,19.114813,18.643888,2,16,1,0.9962781,1
20,14,0,0,0,0.0,0.0,0.0,0.0,0.0,0.0,2.8125072,2.7925,2,-1,0,0.5634413,1
20,31,1,0,0,159.16502,424.19556,252.29936,-0.022789033,0.0009339201,0.00340413,2.985486,2.9897223,2,-1,0,0.8592774,1
20,34,1,0,0,-160.2347,-251.87355,392.60156,-0.006900657,-0.013346545,0.033243656,14.446597,7.278333,2,-1,0,0.9737942,1
20,34,1,1,0,-160.2347,-251.87355,392.60156,-0.006900657,-0.013346545,0.033243656,14.77223,10.890278,2,17,1,0.99298096,1
20,34,1,0,0,-160.2347,-251.87355,392.60156,-0.006900657,-0.013346545,0.033243656,9.005562,8.943889,2,-1,0,0.98617715,1
20,21,1,0,0,-206.6256,515.3202,393.14172,0.027287712,0.021956177,0.0043891873,11.318895,11.336111,2,-1,0,0.933806,1
20,21,1,1,0,-206.6256,515.3202,393.14172,0.027287712,0.021956177,0.0043891873,23.780334,23.828056,2,18,1,0.99093175,1
20,20,1,1,0,-208.41234,-114.45388,167.90842,-0.0015491523,-0.00083682657,0.004534265,4.9938054,2.9738889,2,19,1,0.99354184,1
20,25,1,1,0,-212.98175,-86.1842,333.7648,-0.010249487,-0.002144172,-0.0013097828,9.8458395,9.988055,2,20,1,0.97489536,1
20,5,1,1,0,215.70734,492.4775,112.79838,0.03352276,-0.02102804,0.018049467,28.789276,28.925278,2,21,1,0.9718095,1
20,36,1,1,0,219.79654,133.82555,377.99963,0.029712241,0.001646157,0.028947026,34.760605,33.225,2,22,1,0.9818781,1
20,5,1,0,0,215.70734,492.4775,112.79838,0.03352276,-0.02102804,0.018049467,4.690132,4.707222,2,-1,0,0.93327624,1
20,30,1,1,0,-238.9699,-103.52564,32.11378,0.037667673,0.007633511,0.015843382,32.35859,36.198612,2,23,1,0.9798549,1
20,28,1,1,0,245.2219,435.61356,369.54932,-0.006193765,0.010014621,2.7927012e-05,12.1594095,12.0830555,2,24,1,0.9831561,1
20,9,1,1,0,253.70676,101.91674,19.412077,-0.020642867,-0.004629021,-0.0133752,30.290749,29.914444,2,25,1,0.97761357,1
20,5,1,0,0,215.70734,492.4775,112.79838,0.03352276,-0.02102804,0.018049467,5.1322775,5.098889,2,-1,0,0.9816467,1
20,11,0,0,0,0.0,0.0,0.0,0.0,0.0,0.0,17.626799,-1.0,2,-1,0,0.9969708,1
20,33,1,0,0,260.86417,255.03253,73.799774,-0.0158362,-0.0033088748,0.02634563,3.1692152,3.1677778,2,-1,0,0.92682695,1
20,33,1,1,0,260.86417,255.03253,73.799774,-0.0158362,-0.0033088748,0.02634563,24.78016,24.768055,2,26,1,0.98920596,1
20,33,1,0,0,260.86417,255.03253,73.799774,-0.0158362,-0.0033088748,0.02634563,3.6184304,3.5358334,2,-1,0,0.9207218,1
20,17,1,1,0,-259.7623,-424.6034,37.95254,0.00969315,0.014291649,0.0018111618,14.816133,14.860833,2,27,1,0.99811053,1
20,32,1,1,0,-265.36414,81.22979,393.47586,0.005700096,-0.0042056288,-0.018889483,21.162556,20.6025,2,28,1,0.991759,1
20,13,1,1,0,-271.31775,-474.17834,141.76169,0.0047415253,-0.008405769,-0.0016808966,8.547277,8.662778,2,29,1,0.99875355,1
20,29,1,1,0,-292.8987,-266.08142,233.18541,-0.014619595,-0.013950385,-0.0057643307,17.846758,17.776112,2,30,1,0.99999905,1
20,12,1,1,0,307.87985,284.41565,169.33745,0.013037942,0.0153999785,-0.0022943749,11.869103,11.87,2,31,1,0.99334043,1
20,12,1,0,0,307.87985,284.41565,169.33745,0.013037942,0.0153999785,-0.0022943749,2.6654513,2.6713889,2,-1,0,0.7742602,1
20,12,1,0,0,307.87985,284.41565,169.33745,0.013037942,0.0153999785,-0.0022943749,5.6347504,5.6997223,2,-1,0,0.9678077,1
20,38,1,1,0,-323.61652,323.0922,436.15134,-0.012252541,0.010267046,-0.03311925,23.16911,23.260279,2,32,1,0.9331113,1
20,10,1,1,0,-327.6466,548.7296,216.17506,0.0008856209,0.0062921857,-0.011816995,10.6497,10.701944,2,33,1,0.9930079,1
20,40,1,1,0,-331.67676,391.12338,226.51413,0.0010420763,-0.010289825,-0.004276983,11.162972,11.149722,2,34,1,0.9928974,1
20,38,1,0,0,-323.61652,323.0922,436.15134,-0.012252541,0.010267046,-0.03311925,8.628145,8.504723,2,-1,0,0.9832182,1
20,37,1,1,0,349.07462,-593.8937,379.90714,-0.01364447,-0.027542792,0.0069273356,15.561542,15.286389,2,35,1,0.9950956,1
20,40,1,0,0,-331.67676,391.12338,226.51413,0.0010420763,-0.010289825,-0.004276983,5.8816667,5.9030557,2,-1,0,0.95965356,1
20,6,1,1,0,-359.66064,444.83456,437.27362,0.0007951164,-0.008725715,0.008487495,11.975868,12.046111,2,36,1,0.99136317,1
20,22,1,1,0,361.1152,164.03517,425.8309,0.0094209425,0.010292944,-0.0023082553,15.612235,15.522778,2,37,1,0.991147,1
21,27,1,1,0,-5.831408,238.31448,352.743,-0.021418594,-0.011313603,-0.0002435912,26.35238,26.014166,2,0,1,0.9999827,1
21,27,1,0,0,-5.831408,238.31448,352.743,-0.021418594,-0.011313603,-0.0002435912,2.8889306,2.166111,2,-1,0,0.5982806,1
21,37,1,1,0,10.911743,-322.11407,105.89935,0.005909388,0.0023729908,0.008483135,10.392452,10.118611,2,1,1,0.9835804,1
21,39,1,1,0,-16.400478,22.87223,1.8337008,0.004410087,-0.008109328,-0.014149939,3.7050972,3.5897222,2,2,1,0.9632382,1
21,1,1,0,0,86.61191,-415.22104,148.06664,-0.020691384,-0.0010877908,0.004533037,3.943028,3.9488888,2,-1,0,0.9264705,1
21,30,0,0,0,0.0,0.0,0.0,0.0,0.0,0.0,3.7259376,3.8322222,2,-1,0,0.57921356,1
21,37,1,0,0,10.911743,-322.11407,105.89935,0.005909388,0.0023729908,0.008483135,5.240527,5.08,2,-1,0,0.972432,1
21,34,1,1,0,-74.661354,-450.02536,144.05457,-0.00167114,0.006863586,0.007571934,11.698861,7.0983334,2,3,1,0.9995011,1
21,12,1,1,0,74.11331,-467.53864,10.352885,-0.0046189856,-0.013286901,-0.01707543,25.99112,25.39,2,4,1,0.9913975,1
21,20,0,0,0,0.0,0.0,0.0,0.0,0.0,0.0,2.7830832,2.7386112,2,-1,0,0.56274205,1
21,1,1,1,0,86.61191,-415.22104,148.06664,-0.020691384,-0.0010877908,0.004533037,22.573069,20.65361,2,5,1,0.9999808,1
21,2,1,1,0,88.34355,-91.06695,409.4871,-0.00070934853,0.0051195496,0.01025856,9.956036,9.8747225,2,6,1,0.9888053,1
21,6,1,1,0,94.22485,504.11493,70.178505,0.010995335,-0.0118973935,0.011617887,18.860119,18.589445,2,7,1,0.99063265,1
21,6,1,0,0,94.22485,504.11493,70.178505,0.010995335,-0.0118973935,0.011617887,3.1346042,3.182778,2,-1,0,0.6045094,1
21,7,1,1,0,98.54188,529.34424,141.03104,-0.015657691,-0.008531253,0.0111761745,25.766256,25.920279,2,8,1,0.9775245,1
21,19,1,0,0,97.55133,265.2035,408.502,0.0007763843,0.007853878,0.010058396,7.071111,5.488333,2,-1,0,0.9918105,1
21,19,1,1,0,97.55133,265.2035,408.502,0.0007763843,0.007853878,0.010058396,6.3523197,6.2730556,2,9,1,0.98834085,1
21,24,1,1,0,106.176056,590.967,434.8858,0.0010572633,-0.0066344365,-0.004335577,8.606548,8.658334,2,10,1,0.98469317,1
21,17,1,1,0,-124.490204,326.16455,354.40475,-0.023205047,0.007041039,0.016445022,24.428007,24.435278,2,11,1,0.99699295,1
21,16,1,1,0,-127.214554,-303.30447,85.033485,0.003932913,-0.024803277,0.007980683,22.191889,21.575556,2,12,1,0.9996001,1
21,7,1,0,0,98.54188,529.34424,141.03104,-0.015657691,-0.008531253,0.0111761745,3.582264,3.6733334,2,-1,0,0.91491884,1
21,5,1,1,0,137.51129,86.45458,71.370865,-0.001575453,-0.008204484,0.02273291,14.254896,14.102222,2,13,1,0.9985947,1
21,31,1,1,0,-139.5894,-283.18262,443.30215,0.0073650354,0.00609569,0.005384018,15.723466,15.688611,2,14,1,0.9821922,1
21,5,1,0,0,137.51129,86.45458,71.370865,-0.001575453,-0.008204484,0.02273291,3.888986,3.9141667,2,-1,0,0.8901943,1
21,5,1,0,0,137.51129,86.45458,71.370865,-0.001575453,-0.008204484,0.02273291,7.6767077,7.695,2,-1,0,0.9987205,1
21,32,1,1,0,-148.54692,-25.552439,266.818,0.016896307,-0.00607282,0.0075166468,16.33264,16.326944,2,15,1,0.99979943,1
21,32,1,0,0,-148.54692,-25.552439,266.818,0.016896307,-0.00607282,0.0075166468,3.8953264,3.8177779,2,-1,0,0.9705951,1
21,35,1,1,0,149.86641,223.67976,130.71451,0.021393254,-0.005208945,0.010744974,21.779799,21.62111,2,16,1,0.97378683,1
21,3,1,1,0,-151.14613,327.15106,89.30419,-0.0049993284,-0.008431133,0.0063705575,10.482626,10.5002775,2,17,1,0.97462916,1
21,10,0,0,0,0.0,0.0,0.0,0.0,0.0,0.0,2.5979373,2.5377777,2,-1,0,0.5638697,1
21,9,1,1,0,-170.51245,450.68512,97.016174,0.01051254,0.007222605,-0.00020815992,14.126813,14.245556,2,18,1,0.9821862,1
21,18,1,1,0,175.7268,359.52316,178.13985,0.014411643,0.016902072,0.0072356076,21.747568,11.210556,2,19,1,0.99294734,1
21,22,1,0,0,199.56122,-353.71378,172.5848,0.0050516254,0.019621955,-0.014470246,5.0865073,4.928889,2,-1,0,0.98892885,1
21,13,1,1,0,-200.29305,276.31058,250.66977,0.011004009,0.017176414,-0.012085823,20.209785,19.983889,2,20,1,0.99101895,1
21,22,1,1,0,199.56122,-353.71378,172.5848,0.0050516254,0.019621955,-0.014470246,13.538945,13.506945,2,21,1,0.98956573,1
21,22,1,0,0,199.56122,-353.71378,172.5848,0.0050516254,0.019621955,-0.014470246,13.092014,9.001111,2,-1,0,0.9532575,1
21,10,1,1,0,-205.45587,113.84908,326.16406,0.0034910555,-0.010179278,0.0076813838,13.320479,13.326944,2,22,1,0.98262817,1
21,26,1,0,0,157.57779,-549.6498,3.3668027,0.01665221,0.003705193,-0.0020025587,5.2205763,5.1197224,2,-1,0,0.9717718,1
21,25,1,1,0,-224.90942,-13.676944,258.56625,0.016854757,-0.0012593969,-0.005230659,17.173582,17.030556,2,23,1,0.90110916,1
21,29,1,1,0,229.33359,489.93365,372.9856,-0.008714237,0.0046337033,-0.0005288135,6.0912294,6.000278,2,24,1,0.98731995,1
21,33,1,1,0,-242.91708,477.70898,316.259,0.020001829,0.026722346,-0.0051806755,30.749487,21.433056,2,25,1,0.99356043,1
21,33,1,0,0,-242.91708,477.70898,316.259,0.020001829,0.026722346,-0.0051806755,6.442604,6.512778,2,-1,0,0.9902554,1
21,25,1,0,0,-224.90942,-13.676944,258.56625,0.016854757,-0.0012593969,-0.005230659,3.2714446,3.1933334,2,-1,0,0.96201396,1
21,30,1,0,0,-252.53395,-21.685152,265.43,0.009467676,-0.0043766317,-0.01771896,2.7745209,2.7047222,2,-1,0,0.60237944,1
21,21,1,1,0,247.12181,-14.348814,255.5964,0.007344669,0.018929964,0.0073942905,20.513033,16.88,2,26,1,0.9328291,1
21,40,1,1,0,-251.64857,-209.62415,378.68054,-0.013626989,-0.02376505,0.012515863,30.999937,28.243889,2,27,1,0.9990239,1
21,30,1,1,0,-252.53395,-21.685152,265.43,0.009467676,-0.0043766317,-0.01771896,18.539473,18.231112,2,28,1,0.9612553,1
21,28,1,0,0,-276.19882,-268.74463,437.38907,0.01140068,-0.022385083,0.015274689,9.950694,9.839444,2,-1,0,0.99027973,1
21,15,1,1,0,266.7176,339.32468,87.25618,0.00082549604,0.0121929655,-0.0053047533,13.885111,13.963333,2,29,1,0.9555919,1
21,28,1,1,0,-276.19882,-268.74463,437.38907,0.01140068,-0.022385083,0.015274689,15.312846,15.206944,2,30,1,0.95367193,1
21,15,1,0,0,266.7176,339.32468,87.25618,0.00082549604,0.0121929655,-0.0053047533,4.9388127,4.990278,2,-1,0,0.98705393,1
21,26,1,0,0,317.6649,-528.17346,198.78845,0.01665221,0.003705193,-0.0020025587,5.597,5.5347223,2,-1,0,0.9611141,1
21,38,1,1,0,295.99255,-420.48624,306.95026,0.00611765,0.012049061,-0.01990583,17.851076,12.7508335,2,31,1,0.9674339,1
21,38,1,0,0,295.99255,-420.48624,306.95026,0.00611765,0.012049061,-0.01990583,6.4284444,6.5136113,2,-1,0,0.96374553,1
21,14,1,1,0,-299.2215,-567.083,272.56458,0.008132322,0.01293859,0.002123823,15.468362,15.551945,2,32,1,0.97528607,1
21,20,1,1,0,-310.0843,-362.58026,18.887814,0.006342656,-0.0139828855,-0.021486567,16.48504,16.62,2,33,1,0.98905003,1
21,8,1,1,0,315.37387,90.50163,19.650778,-0.0025370496,-0.015208383,-0.01753827,22.248877,22.450556,2,34,1,0.98952734,1
21,26,1,0,0,317.6649,-528.17346,198.78845,0.01665221,0.003705193,-0.0020025587,7.3606877,2.1616666,2,-1,0,0.99658597,1
21,11,1,1,0,-336.43445,591.7916,132.09099,0.00770884,-0.01033163,0.0018774129,11.9170065,11.86,2,35,1,0.9740132,1
21,36,1,1,0,337.10464,598.209,402.54022,-0.000353907,0.017926142,-0.0012155889,3.687979,3.606111,2,36,1,0.900409,1
21,23,1,1,0,-341.51367,-2.9611008,258.46457,-0.0011095799,-0.014468078,0.017391864,15.492348,14.364445,2,37,1,0.995805,1
21,23,1,0,0,-341.51367,-2.9611008,258.46457,-0.0011095799,-0.014468078,0.017391864,3.5963266,3.581389,2,-1,0,0.9717739,1
21,26,1,1,0,317.6649,-528.17346,198.78845,0.01665221,0.003705193,-0.0020025587,8.00857,8.024167,2,38,1,0.9849887,1
21,4,1,0,0,-358.65704,235.90306,269.3233,0.004141047,-0.007951066,-0.02366508,6.0368958,5.9141665,2,-1,0,0.9712421,1
21,4,1,0,0,-358.65704,235.90306,269.3233,0.004141047,-0.007951066,-0.02366508,3.177514,3.3294444,2,-1,0,0.91766584,1
21,4,1,1,0,-358.65704,235.90306,269.3233,0.004141047,-0.007951066,-0.02366508,16.926859,16.159166,2,39,1,0.98059523,1
21,7,0,0,0,0.0,0.0,0.0,0.0,0.0,0.0,2.3880138,2.3930554,2,-1,0,0.5767205,1
22,13,1,1,0,4.2627892,-474.39066,462.43985,0.010244653,0.0038535313,-0.0059927525,5.1538887,5.0466666,2,0,1,0.994812,1
22,34,1,1,0,-7.676863,-511.7721,352.57904,-0.010306168,0.0013157066,0.008823182,11.337173,6.244167,2,1,1,0.977705,1
22,34,1,0,0,-7.676863,-511.7721,352.57904,-0.010306168,0.0013157066,0.008823182,6.092069,6.0183334,2,-1,0,0.97838813,1
22,29,0,0,0,0.0,0.0,0.0,0.0,0.0,0.0,3.11525,3.0930555,2,-1,0,0.7627152,1
22,36,1,1,0,-41.41122,527.3634,420.62738,0.010372058,-0.004961414,0.009135553,16.403292,16.55,2,2,1,0.9623743,1
22,30,1,1,0,-45.97451,-123.64421,3.4485064,0.0014043729,-0.008370405,-0.013002226,9.911409,9.718611,2,3,1,0.9750313,1
22,23,1,1,0,-49.716892,-40.138943,114.67518,0.0011136793,0.001619567,-0.0043298043,5.3152146,5.3258333,2,4,1,0.98308694,1
22,20,1,1,0,59.54224,-513.8831,322.87592,0.005552918,0.014811382,0.01482562,11.135326,11.378612,2,5,1,0.99276733,1
22,20,1,0,0,59.54224,-513.8831,322.87592,0.005552918,0.014811382,0.01482562,10.629716,10.503612,2,-1,0,0.9775784,1
22,39,0,0,0,0.0,0.0,0.0,0.0,0.0,0.0,14.625625,-1.0,2,-1,0,0.9943023,1
22,39,1,0,0,70.64787,-171.98653,225.80058,0.021451725,-0.020145295,0.03155579,7.586632,7.641389,2,-1,0,0.99248064,1
22,14,1,1,0,83.31194,463.45328,168.99728,0.011354093,-0.015214815,0.0068824044,12.399605,12.315833,2,7,1,0.98652136,1
22,14,1,0,0,83.31194,463.45328,168.99728,0.011354093,-0.015214815,0.0068824044,11.195437,11.2875,2,-1,0,0.9935179,1
22,29,1,0,0,-95.40352,518.40857,185.62486,-0.03249278,0.008097842,0.009329868,11.163841,11.124444,2,-1,0,0.9968827,1
22,29,1,0,0,-95.40352,518.40857,185.62486,-0.03249278,0.008097842,0.009329868,8.262104,8.258333,2,-1,0,0.980569,1
22,29,1,1,0,-95.40352,518.40857,185.62486,-0.03249278,0.008097842,0.009329868,11.932417,12.023056,2,8,1,0.9976724,1
22,26,1,1,0,-108.871,-134.73787,125.22302,-0.034165077,-0.005408713,0.008645972,31.373262,32.800556,2,9,1,0.99945587,1
22,35,1,1,0,109.906906,302.09943,59.35606,0.0069898223,-0.005790135,-0.0042200824,8.07484,4.783889,2,10,1,0.9687923,1
22,16,1,1,0,110.83744,-496.69016,303.1044,0.012624743,-0.015199576,-0.001047217,22.883772,22.92639,2,11,1,0.98545146,1
22,15,1,1,0,-114.092224,580.95306,4.5538864,0.009874049,-0.001480894,-0.0038645207,11.86857,12.017222,2,12,1,0.9690777,1
22,33,1,1,0,-114.9156,-335.65088,209.01042,0.0013430633,0.017676279,-0.003597621,13.755555,13.559444,2,13,1,0.9848764,1
22,38,1,1,0,117.40487,-202.08856,372.59842,-0.0005046185,0.0008909847,-0.0057584317,8.8642435,3.0327778,2,14,1,0.97953665,1
22,26,1,0,0,-108.871,-134.73787,125.22302,-0.034165077,-0.005408713,0.008645972,5.2424445,5.307778,2,-1,0,0.9863084,1
22,40,1,0,0,169.85187,364.16577,8.098076,0.012112522,-0.0013951927,-0.015318731,5.234757,5.2130556,2,-1,0,0.9742614,1
22,3,1,0,0,140.76431,-149.44579,307.4489,-0.020880464,0.008867024,0.022520356,4.0114374,4.000278,2,-1,0,0.9773004,1
22,3,1,1,0,140.76431,-149.44579,307.4489,-0.020880464,0.008867024,0.022520356,25.00409,22.704721,2,15,1,0.998123,1
22,25,1,1,0,158.60559,201.6446,198.61855,-0.018505758,-0.010086684,-0.020010494,30.661705,30.51,2,-1,1,0.9813674,1
22,40,1,1,0,169.85187,364.16577,8.098076,0.012112522,-0.0013951927,-0.015318731,14.081146,14.014722,2,16,1,0.99546885,1
22,40,1,0,0,169.85187,364.16577,8.098076,0.012112522,-0.0013951927,-0.015318731,6.026084,6.1294446,2,-1,0,0.9763979,1
22,37,1,0,0,215.46007,466.5693,245.76944,-0.008370186,0.019150577,-0.017980138,3.6589372,3.5922222,2,-1,0,0.9114967,1
22,31,1,0,0,180.84674,-13.476462,265.89206,0.007812989,-0.020150652,0.0025721234,4.174028,4.1775,2,-1,0,0.84846336,1
22,31,1,1,0,180.84674,-13.476462,265.89206,0.007812989,-0.020150652,0.0025721234,18.42884,10.977222,2,17,1,0.97396946,1
22,31,1,0,0,180.84674,-13.476462,265.89206,0.007812989,-0.020150652,0.0025721234,3.7288127,3.8383334,2,-1,0,0.7974173,1
22,37,1,0,0,215.46007,466.5693,245.76944,-0.008370186,0.019150577,-0.017980138,3.5244305,3.541389,2,-1,0,0.8921455,1
22,22,1,0,0,-194.59082,-477.56992,325.81226,-0.02047055,0.01381866,-0.0074241175,6.3854103,5.4225,2,-1,0,0.9973212,1
22,22,1,1,0,-194.59082,-477.56992,325.81226,-0.02047055,0.01381866,-0.0074241175,24.01984,24.0,2,18,1,0.9995433,1
22,11,1,1,0,197.50162,488.22174,260.26712,0.0035938206,-0.0045405882,-0.00019792994,5.9574513,4.3955555,2,19,1,0.9961272,1
22,37,1,1,0,215.46007,466.5693,245.76944,-0.008370186,0.019150577,-0.017980138,20.028408,19.760555,2,20,1,0.95536005,1
22,9,1,1,0,-216.53462,-578.4271,298.37146,0.010684045,0.005959975,0.01230974,14.955458,14.878889,2,21,1,0.9756166,1
22,9,1,0,0,-216.53462,-578.4271,298.37146,0.010684045,0.005959975,0.01230974,3.4788404,3.5066667,2,-1,0,0.93848515,1
22,24,1,0,0,-244.08458,576.0464,382.50308,-0.009311195,-0.00075511064,-0.019924738,3.5917985,3.6005557,2,-1,0,0.88508034,1
22,6,1,1,0,-218.86646,503.31332,222.03282,0.0009081952,0.0014635428,0.0031264855,3.1925836,3.1975,2,22,1,0.9016649,1
22,10,1,1,0,-228.47198,391.20355,190.37514,-0.00033003712,0.015240433,0.019109748,17.828506,17.92,2,23,1,0.9923341,1
22,10,1,0,0,-228.47198,391.20355,190.37514,-0.00033003712,0.015240433,0.019109748,4.3380556,4.3022223,2,-1,0,0.9641134,1
22,5,1,1,0,236.0185,-454.07077,94.580124,-0.000764716,0.0072308877,-0.026615707,15.491174,14.042778,2,24,1,0.9889264,1
22,5,1,0,0,236.0185,-454.07077,94.580124,-0.000764716,0.0072308877,-0.026615707,12.454403,12.365,2,-1,0,0.96107876,1
22,24,1,1,0,-244.08458,576.0464,382.50308,-0.009311195,-0.00075511064,-0.019924738,16.637346,15.947778,2,25,1,0.9994153,1
22,24,1,0,0,-244.08458,576.0464,382.50308,-0.009311195,-0.00075511064,-0.019924738,4.9726806,5.0775,2,-1,0,0.9679967,1
22,19,1,1,0,-246.11649,-204.04517,262.25378,0.0016793832,-0.017987717,-0.010282041,22.227097,20.848333,2,26,1,0.9979195,1
22,32,1,1,0,247.4052,161.71548,200.16988,0.004887895,0.024742702,-0.021693012,24.11218,24.07,2,27,1,0.99797934,1
22,32,1,0,0,247.4052,161.71548,200.16988,0.004887895,0.024742702,-0.021693012,9.054396,7.692222,2,-1,0,0.980534,1
22,1,1,1,0,-248.61284,111.05084,461.04416,-0.0011746703,-0.015363543,-0.0070469,17.313389,13.923611,2,28,1,0.9923598,1
22,1,1,0,0,-248.61284,111.05084,461.04416,-0.0011746703,-0.015363543,-0.0070469,2.9212918,2.922778,2,-1,0,0.5493773,1
22,2,1,1,0,-262.30124,-27.090206,348.68686,0.0016640926,0.02722859,0.011372434,29.987854,25.046389,2,29,1,0.98520494,1
22,17,1,1,0,-269.14926,7.271198,72.701546,0.025642022,-0.025278578,-0.0027874308,18.036861,17.744167,2,30,1,0.9860599,1
22,8,1,1,0,-269.46725,-255.65335,188.50435,0.006729387,-0.015033134,0.0057798135,12.158805,11.902778,2,31,1,0.86912984,1
22,8,1,0,0,-269.46725,-255.65335,188.50435,0.006729387,-0.015033134,0.0057798135,3.8865972,3.8847222,2,-1,0,0.97068316,1
22,27,1,0,0,-288.2037,-364.84616,15.828476,0.02374631,0.016203564,0.020125082,10.27075,10.073055,2,-1,0,0.9801183,1
22,28,1,1,0,-279.68686,-52.026115,323.19922,0.00021717986,-0.0070659434,-0.020895347,24.072058,23.906944,2,32,1,0.98643535,1
22,18,1,0,0,281.26065,-543.4858,364.10468,-0.013976341,0.017652879,0.02535957,9.981028,9.548611,2,-1,0,0.99393,1
22,18,1,1,0,281.26065,-543.4858,364.10468,-0.013976341,0.017652879,0.02535957,13.071695,13.1,2,33,1,0.9971282,1
22,18,1,0,0,281.26065,-543.4858,364.10468,-0.013976341,0.017652879,0.02535957,6.5870905,6.5130553,2,-1,0,0.99712026,1
22,18,1,0,0,281.26065,-543.4858,364.10468,-0.013976341,0.017652879,0.02535957,3.3349583,3.415,2,-1,0,0.8293483,1
22,27,1,1,0,-288.2037,-364.84616,15.828476,0.02374631,0.016203564,0.020125082,26.783464,23.14,2,34,1,0.9654707,1
22,7,1,1,0,307.77094,-94.56478,330.83783,-0.0034453562,-0.012943095,0.011566778,18.072332,17.80861,2,35,1,0.99785465,1
22,12,1,1,0,307.75186,-262.80615,413.06125,0.009346332,-0.0041977237,0.01569052,19.236168,16.490555,2,36,1,0.9895622,1
22,16,0,0,0,0.0,0.0,0.0,0.0,0.0,0.0,2.8902779,2.8911111,2,-1,0,0.52755183,1
22,21,1,1,0,-358.4156,-585.7078,231.45476,-0.005764732,0.0033617257,0.0093568135,5.9579997,5.9486113,2,-1,1,0.9323741,1
23,26,1,0,0,-12.960658,-427.64932,335.53616,-0.009021658,-0.011798212,-0.0019839515,11.96355,3.5369444,2,-1,0,0.95626813,1
23,26,1,1,0,-12.960658,-427.64932,335.53616,-0.009021658,-0.011798212,-0.0019839515,4.230764,4.3036113,2,0,1,0.98001903,1
23,24,1,1,0,16.384249,158.65929,109.702095,0.002978287,-0.018029144,0.014375432,31.420029,28.017221,2,1,1,0.9999335,1
23,22,1,1,0,17.818214,57.24162,123.49597,0.012314227,-0.009228393,-0.015682394,26.359972,26.595278,2,2,1,0.9856205,1
23,12,1,1,0,36.85091,488.29886,390.83447,0.004302377,0.008542561,0.021301942,24.45302,24.503334,2,3,1,0.9648142,1
23,29,1,1,0,-38.072414,145.16293,205.5854,-0.032067213,-0.011247237,-0.005645128,17.513327,17.360556,2,4,1,0.91870487,1
23,29,1,0,0,-38.072414,145.16293,205.5854,-0.032067213,-0.011247237,-0.005645128,6.222937,6.1755557,2,-1,0,0.98779804,1
23,8,0,0,0,0.0,0.0,0.0,0.0,0.0,0.0,2.7688959,2.4947221,2,-1,0,0.6655592,1
23,1,1,1,0,52.802937,226.84047,455.97913,0.016249154,0.0008112536,0.0184997,29.516771,26.639723,2,5,1,0.99041474,1
23,19,1,0,0,-89.877655,-314.90176,1.2138579,0.0321833,0.0019611851,0.015959445,7.2084026,7.253611,2,-1,0,0.9965622,1
23,29,1,0,0,-38.072414,145.16293,205.5854,-0.032067213,-0.011247237,-0.005645128,7.4000416,7.3994446,2,-1,0,0.9585083,1
23,29,1,0,0,-38.072414,145.16293,205.5854,-0.032067213,-0.011247237,-0.005645128,5.0806947,5.116389,2,-1,0,0.9377866,1
23,34,1,1,0,-78.98102,-391.9971,164.8277,-0.0012092921,-0.009511741,-0.010088158,20.078125,11.315278,2,6,1,0.93890405,1
23,8,1,1,0,-80.34829,393.5566,188.62143,-0.0025920258,-0.0058803046,0.016600467,15.3944235,14.019167,2,7,1,0.98942286,1
23,8,1,0,0,-80.34829,393.5566,188.62143,-0.0025920258,-0.0058803046,0.016600467,5.525292,4.4252777,2,-1,0,0.9885266,1
23,19,1,1,0,-89.877655,-314.90176,1.2138579,0.0321833,0.0019611851,0.015959445,20.838367,19.36,2,8,1,0.9998553,1
23,6,1,0,0,-96.52849,192.4592,190.50839,0.0038433943,0.00195627,0.006779353,5.3894863,5.2155557,2,-1,0,0.9919505,1
23,19,1,0,0,-89.877655,-314.90176,1.2138579,0.0321833,0.0019611851,0.015959445,11.153257,11.039722,2,-1,0,0.8995499,1
23,31,1,1,0,88.50779,229.62122,437.56958,0.006382907,0.006461636,-0.0060521695,10.664097,9.383889,2,9,1,0.99955255,1
23,6,1,1,0,-96.52849,192.4592,190.50839,0.0038433943,0.00195627,0.006779353,9.153973,9.189722,2,-1,1,0.9993955,1
23,25,1,1,0,-111.376434,71.160034,414.08493,-0.021584926,-0.012590641,-0.024049148,32.288254,31.2925,2,10,1,0.9999989,1
23,40,1,1,0,128.43178,-193.22096,313.8661,-0.00014140343,-0.014600538,0.0025054815,15.922562,15.734445,2,11,1,0.9497682,1
23,25,1,0,0,-111.376434,71.160034,414.08493,-0.021584926,-0.012590641,-0.024049148,4.40809,4.349167,2,-1,0,0.8884674,1
23,32,1,1,0,135.62256,106.86442,105.84481,0.0035981124,-0.00534657,0.011585829,14.696257,13.929722,2,12,1,0.9953425,1
23,36,1,0,0,159.1768,-545.8506,296.53464,-0.007024198,0.032369822,-0.010765197,6.036701,6.0894446,2,-1,0,0.97418344,1
23,7,0,0,0,0.0,0.0,0.0,0.0,0.0,0.0,18.080765,-1.0,2,-1,0,0.98946685,1
23,9,1,1,0,152.31888,-29.513294,447.23474,-0.0050419034,0.0012050667,0.006026162,9.123778,9.019722,2,13,1,0.99728096,1
23,36,1,1,0,159.1768,-545.8506,296.53464,-0.007024198,0.032369822,-0.010765197,20.885527,21.618334,2,14,1,0.99985635,1
23,11,1,1,0,-161.71722,451.6076,101.02133,0.007826537,0.0014702202,0.005730743,10.313652,10.304722,2,15,1,0.9850728,1
23,2,1,0,0,-169.50517,292.3149,364.07407,0.0020725057,0.05294458,-0.014494542,4.5362573,4.296111,2,-1,0,0.9489614,1
23,2,1,0,0,-169.50517,292.3149,364.07407,0.0020725057,0.05294458,-0.014494542,12.810249,12.66,2,-1,0,0.98749334,1
23,2,1,0,0,-169.50517,292.3149,364.07407,0.0020725057,0.05294458,-0.014494542,4.4133334,4.332222,2,-1,0,0.9565451,1
23,2,1,0,0,-169.50517,292.3149,364.07407,0.0020725057,0.05294458,-0.014494542,5.2877154,5.2294445,2,-1,0,0.96529126,1
23,2,1,1,0,-169.50517,292.3149,364.07407,0.0020725057,0.05294458,-0.014494542,20.184765,20.354723,2,16,1,0.9449987,1
23,2,1,0,0,-169.50517,292.3149,364.07407,0.0020725057,0.05294458,-0.014494542,7.567486,4.8461113,2,-1,0,0.98304105,1
23,10,1,1,0,-171.57425,-132.99352,430.824,-0.012400868,-4.0968967e-05,-0.008326017,15.247,14.088056,2,17,1,0.950094,1
23,28,1,0,0,-197.64911,-553.0087,462.24783,0.0106788045,-0.006254742,-0.017449707,7.1362085,7.3433332,2,-1,0,0.9916278,1
23,28,1,1,0,-197.64911,-553.0087,462.24783,0.0106788045,-0.006254742,-0.017449707,13.296783,13.537222,2,18,1,0.97987145,1
23,4,0,0,0,0.0,0.0,0.0,0.0,0.0,0.0,2.9542637,2.9644444,2,-1,0,0.50278634,1
23,35,1,1,0,209.63298,65.841705,408.08133,0.0011418948,-0.012393254,-0.012731403,13.813242,13.794444,2,19,1,0.8987319,1
23,37,1,1,0,214.51134,606.0823,54.52872,-0.0064229704,-0.037643965,-0.006756892,18.376701,18.521944,2,20,1,0.9870819,1
23,39,1,1,0,215.44891,-157.93976,260.99503,0.004742365,-0.012728902,-0.01071056,19.382666,14.3758335,2,21,1,0.9863984,1
23,21,1,1,0,218.68585,-541.23505,32.994247,0.006093854,-0.0066897213,0.0024405632,6.276389,1.7816666,2,22,1,0.9725061,1
23,3,1,1,0,235.22975,556.9091,363.45978,3.067365e-05,-0.03303989,-0.030184919,41.926865,41.7275,2,23,1,0.9785947,1
23,38,1,1,0,245.32791,460.25647,1.5872184,-0.0054865563,0.005582628,0.0025859147,8.336111,8.273611,2,24,1,0.9956203,1
23,4,1,1,0,-300.27435,-161.3305,35.74766,0.032711428,0.018416928,0.0036964694,22.378124,22.541945,2,25,1,0.9201186,1
23,15,1,1,0,256.94794,326.73602,67.71881,0.018191058,-0.014061362,-0.0015557839,13.353112,7.0852776,2,26,1,0.9975732,1
23,18,1,1,0,-265.93088,-424.70767,76.02228,0.0115319695,-0.014889283,-0.006601604,21.08557,21.092777,2,27,1,0.99890816,1
23,20,1,1,0,260.5386,-564.74255,257.4229,-0.0021246185,0.011398699,0.014850915,19.49422,18.161388,2,28,1,0.9871947,1
23,15,1,0,0,256.94794,326.73602,67.71881,0.018191058,-0.014061362,-0.0015557839,7.138931,7.0808334,2,-1,0,0.987485,1
23,17,1,1,0,293.6088,489.01236,-0.6530871,-0.005344175,0.0012934328,0.017326929,12.322361,12.262777,2,29,1,0.99647045,1
23,13,1,1,0,-293.02618,-141.7066,313.1763,-0.0039203884,-0.018243965,0.016648572,13.127833,13.1175,2,30,1,0.9805195,1
23,13,1,0,0,-293.02618,-141.7066,313.1763,-0.0039203884,-0.018243965,0.016648572,6.027785,6.0375,2,-1,0,0.8646788,1
23,4,1,0,0,-300.27435,-161.3305,35.74766,0.032711428,0.018416928,0.0036964694,11.472743,11.578889,2,-1,0,0.9710279,1
23,14,1,1,0,-299.17618,-574.57184,49.277008,-0.0023868605,-0.016516278,0.0011991413,13.328112,13.093056,2,31,1,0.9923071,1
23,23,1,1,0,303.02814,-292.2279,155.09229,-0.020355443,-0.027672661,0.017687043,35.535385,35.629723,2,32,1,0.99636406,1
23,27,1,1,0,309.39713,169.8056,205.02904,0.011295491,0.0276981,-0.002920942,28.32006,28.124445,2,33,1,0.9846452,1
23,16,1,1,0,-325.42737,-134.42183,103.84985,-0.008785856,-0.013891572,-0.0073363692,15.6835,15.666111,2,34,1,0.99858874,1
23,30,1,1,0,-336.5479,-392.52652,395.76086,0.023774661,-0.0108907595,0.0053363456,20.979645,21.130278,2,35,1,0.98817384,1
23,4,1,0,0,-300.27435,-161.3305,35.74766,0.032711428,0.018416928,0.0036964694,3.860389,3.7097223,2,-1,0,0.64804244,1
23,33,1,1,0,-346.9223,-346.92398,139.72798,0.0028831556,-0.009941524,-0.009389356,13.424173,13.327222,2,36,1,0.9818987,1
23,5,1,1,0,357.55768,409.17487,18.053059,0.0011026056,0.008339261,0.017778892,15.779668,15.724722,2,37,1,0.99513465,1
23,35,0,0,0,0.0,0.0,0.0,0.0,0.0,0.0,2.6299098,0.57805556,2,-1,0,0.7215791,1
24,8,1,1,0,-6.2031064,-166.33817,33.956093,0.0042356066,0.004598591,0.004113155,5.149521,4.9308333,2,0,1,0.9718255,1
24,14,1,0,0,4.428599,-156.73228,401.62524,0.005056906,0.0342864,0.017849574,3.7295973,3.756389,2,-1,0,0.9606324,1
24,14,1,1,0,4.428599,-156.73228,401.62524,0.005056906,0.0342864,0.017849574,17.88434,17.8825,2,1,1,0.8988964,1
24,34,1,0,0,-48.459892,-472.73615,66.32379,0.01320319,-0.017294621,-0.01328758,4.788833,4.8869443,2,-1,0,0.9731609,1
24,34,1,0,0,-48.459892,-472.73615,66.32379,0.01320319,-0.017294621,-0.01328758,4.7054167,4.5455556,2,-1,0,0.99526876,1
24,13,1,0,0,40.187164,423.34396,303.48956,0.0068489127,0.007121483,-0.013271222,5.5843334,5.6694446,2,-1,0,0.99273735,1
24,13,1,0,0,40.187164,423.34396,303.48956,0.0068489127,0.007121483,-0.013271222,3.5904655,3.6983333,2,-1,0,0.9418176,1
24,34,1,1,0,-48.459892,-472.73615,66.32379,0.01320319,-0.017294621,-0.01328758,22.84494,22.561388,2,2,1,0.88951015,1
24,13,1,1,0,40.187164,423.34396,303.48956,0.0068489127,0.007121483,-0.013271222,10.279812,10.203333,2,3,1,0.99696225,1
24,29,1,1,0,-66.497765,17.091719,435.6194,0.016402125,-0.0016500818,0.009533653,4.8406315,4.834722,2,4,1,0.95821613,1
24,16,1,0,0,68.01971,249.18811,400.9914,-0.017641349,0.038382124,-0.0043837703,19.636236,19.467222,2,-1,0,0.9998777,1
24,12,1,1,0,59.893543,-170.78687,157.11389,0.0075692227,0.00083576835,-0.006996431,10.508668,7.6938887,2,5,1,0.9940195,1
24,16,1,1,0,68.01971,249.18811,400.9914,-0.017641349,0.038382124,-0.0043837703,28.036383,27.9325,2,6,1,0.9738119,1
24,29,1,0,0,-66.497765,17.091719,435.6194,0.016402125,-0.0016500818,0.009533653,5.4451876,2.6591666,2,-1,0,0.98936826,1
24,18,1,1,0,73.30142,-328.7995,110.14221,0.01263955,-0.0233912,0.004709241,32.74653,32.50861,2,7,1,0.9866377,1
24,22,1,1,0,80.77881,115.81448,49.7699,-0.0069175004,-0.012395138,0.0031750202,16.317638,16.342222,2,8,1,0.99490756,1
24,3,1,1,0,88.720085,-147.26997,158.78624,0.014699046,-0.011163762,0.0056490907,16.40948,16.400833,2,9,1,0.9982096,1
24,3,1,0,0,88.720085,-147.26997,158.78624,0.014699046,-0.011163762,0.0056490907,3.9770696,3.9244444,2,-1,0,0.9767904,1
24,33,1,0,0,-91.06453,-233.89484,316.33237,-0.016884254,-0.038240492,0.02003183,15.798613,15.723889,2,-1,0,0.9439793,1
24,33,1,1,0,-91.06453,-233.89484,316.33237,-0.016884254,-0.038240492,0.02003183,30.011213,30.32,2,10,1,0.9698267,1
24,6,1,0,0,-98.63099,54.375786,207.55727,-0.011261811,0.007530494,0.0038112486,7.857681,1.8816667,2,-1,0,0.99083483,1
24,33,1,0,0,-91.06453,-233.89484,316.33237,-0.016884254,-0.038240492,0.02003183,3.5223057,3.5191667,2,-1,0,0.9574536,1
24,6,1,1,0,-98.63099,54.375786,207.55727,-0.011261811,0.007530494,0.0038112486,8.6276455,8.6925,2,11,1,0.9967347,1
24,40,1,1,0,122.3161,4.4350953,38.56247,0.002794288,-0.0074027036,-0.0076883393,11.725659,11.575277,2,12,1,0.97430634,1
24,15,1,1,0,129.04767,-560.1497,415.50906,0.0036197908,-0.010838175,-0.0033218914,13.14707,12.9725,2,13,1,0.99423933,1
24,4,1,1,0,-143.07437,-565.84204,318.76645,-0.009527595,0.0023369659,0.01512357,12.066438,12.095278,2,14,1,0.9555244,1
24,4,1,0,0,-143.07437,-565.84204,318.76645,-0.009527595,0.0023369659,0.01512357,6.984375,6.899722,2,-1,0,0.98761624,1
24,32,1,1,0,-146.48846,-79.827774,243.67935,-0.014210409,0.01860591,-0.015172256,16.452028,16.533333,2,15,1,0.99860626,1
24,25,1,0,0,-159.83101,-575.91187,23.526632,0.018669847,-0.024527041,-0.015412984,5.659146,5.706111,2,-1,0,0.9813613,1
24,25,1,1,0,-159.83101,-575.91187,23.526632,0.018669847,-0.024527041,-0.015412984,28.226604,28.516388,2,16,1,0.98600847,1
24,15,1,0,0,129.04767,-560.1497,415.50906,0.0036197908,-0.010838175,-0.0033218914,4.556243,4.5466666,2,-1,0,0.9849525,1
24,32,0,0,0,0.0,0.0,0.0,0.0,0.0,0.0,9.18732,-1.0,2,-1,0,0.9991185,1
24,11,1,0,0,219.916,344.9757,370.8867,-0.01060275,-0.013958364,-0.024180535,5.1566668,5.302778,2,-1,0,0.9916545,1
24,38,1,1,0,-170.64815,533.1766,419.90363,0.0050968835,-0.03217689,0.0013496262,35.502876,35.941113,2,17,1,0.99844736,1
24,35,1,1,0,-181.15572,115.4325,239.17593,0.016232636,0.011393833,-0.012675607,20.046423,20.175278,2,18,1,0.9970408,1
24,1,1,1,0,184.42453,234.1916,307.604,0.0034746518,0.0022855995,0.00041818118,4.450604,4.2766666,2,19,1,0.99055135,1
24,35,1,0,0,-181.15572,115.4325,239.17593,0.016232636,0.011393833,-0.012675607,5.630445,5.5755553,2,-1,0,0.9817098,1
24,31,1,0,0,-192.49854,-244.2618,159.5315,-0.0036118473,-0.0010600605,0.0029314952,3.403347,1.8636111,2,-1,0,0.9099747,1
24,39,1,0,0,206.47424,-514.4536,393.0328,-0.009998628,0.000119675155,-0.026275286,8.852326,8.792222,2,-1,0,0.9790582,1
24,39,1,1,0,206.47424,-514.4536,393.0328,-0.009998628,0.000119675155,-0.026275286,14.803842,9.230556,2,20,1,0.9929488,1
24,5,1,1,0,217.60573,144.82831,416.9449,-0.021148177,0.00333097,0.008684861,19.71355,19.80139,2,21,1,0.99003613,1
24,11,1,1,0,219.916,344.9757,370.8867,-0.01060275,-0.013958364,-0.024180535,22.72184,22.673334,2,22,1,0.9944469,1
24,10,1,0,0,214.30235,419.90634,106.72027,0.007938578,-0.0036040395,0.026253212,12.061028,12.061389,2,-1,0,0.98174334,1
24,10,1,1,0,214.30235,419.90634,106.72027,0.007938578,-0.0036040395,0.026253212,14.838598,14.834167,2,23,1,0.9106925,1
24,7,1,1,0,-223.80673,-457.95148,328.92822,0.005400558,0.007934164,0.029347066,23.216658,23.293333,2,24,1,0.99875176,1
24,7,1,0,0,-223.80673,-457.95148,328.92822,0.005400558,0.007934164,0.029347066,7.577459,7.483889,2,-1,0,0.9944459,1
24,36,1,1,0,-233.33728,495.22418,421.91223,-0.02755897,-0.004310242,-0.011845888,15.800543,14.8347225,2,25,1,0.9977794,1
24,37,1,1,0,236.92166,329.10855,23.317623,0.009463228,-0.0023718402,-0.0060876673,7.8917637,6.266667,2,26,1,0.9988117,1
24,30,1,1,0,-238.96867,-174.38467,322.55374,0.0032846576,-0.023231415,0.0059387367,17.352367,17.410555,2,27,1,0.9820402,1
24,23,1,1,0,-242.61632,63.695244,300.46152,-0.01746621,0.0031140458,0.012629186,12.540625,11.331388,2,28,1,0.99562764,1
24,30,1,0,0,-238.96867,-174.38467,322.55374,0.0032846576,-0.023231415,0.0059387367,4.4663057,4.4391665,2,-1,0,0.9812726,1
24,23,1,0,0,-242.61632,63.695244,300.46152,-0.01746621,0.0031140458,0.012629186,5.108389,5.2233334,2,-1,0,0.96905476,1
24,36,1,0,0,-233.33728,495.22418,421.91223,-0.02755897,-0.004310242,-0.011845888,9.524771,9.447778,2,-1,0,0.9762849,1
24,2,1,1,0,-337.69907,322.63425,120.37912,0.014052092,0.0047532236,-0.007897643,8.394361,8.448611,2,29,1,0.985107,1
24,9,0,0,0,0.0,0.0,0.0,0.0,0.0,0.0,2.2934582,2.3016667,2,-1,0,0.56667525,1
24,24,1,1,0,304.8396,412.45236,84.58348,0.010320428,-0.005247605,-0.014853077,13.682222,13.677778,2,30,1,0.99113,1
24,24,1,0,0,304.8396,412.45236,84.58348,0.010320428,-0.005247605,-0.014853077,3.3374581,3.4255555,2,-1,0,0.94988495,1
24,28,1,0,0,-313.32385,594.17456,259.02527,-0.028496962,-0.022887269,0.005031126,15.205097,8.851111,2,-1,0,0.9994647,1
24,27,1,1,0,-315.1962,-276.05487,294.7166,0.004314197,-0.001948788,0.0027987203,4.9364996,5.043611,2,31,1,0.99653506,1
24,20,1,1,0,317.41034,-214.8003,457.89874,-0.020442765,-0.0049729873,0.030680139,16.508383,16.436666,2,32,1,0.97314113,1
24,28,1,1,0,-313.32385,594.17456,259.02527,-0.028496962,-0.022887269,0.005031126,11.179994,11.213333,2,33,1,0.98548985,1
24,28,1,0,0,-313.32385,594.17456,259.02527,-0.028496962,-0.022887269,0.005031126,4.421292,4.367778,2,-1,0,0.979185,1
24,19,1,1,0,-325.46597,51.080532,103.628426,0.0019853148,-0.015238846,-0.012046313,19.202173,19.348612,2,34,1,0.9999572,1
24,21,1,1,0,331.03027,-32.615448,269.62506,-0.006560172,-0.01426984,-0.0086600855,8.142396,8.129444,2,35,1,0.9544923,1
24,17,1,1,0,329.70398,-298.67896,296.14343,0.01647417,-0.03668571,-0.02120836,35.622375,32.15917,2,36,1,0.9742989,1
24,26,1,1,0,332.52307,-65.77958,94.703865,-0.00341759,-0.0060752584,-0.002707021,7.4418325,7.425,2,37,1,0.9802201,1
24,2,1,0,0,-337.69907,322.63425,120.37912,0.014052092,0.0047532236,-0.007897643,4.658882,4.7591667,2,-1,0,0.86561584,1
24,9,1,1,0,-339.1241,442.0662,110.26903,0.0067396443,0.014705551,-0.008288743,17.607124,17.720278,2,38,1,0.9999281,1
24,21,0,0,0,0.0,0.0,0.0,0.0,0.0,0.0,5.2363677,-1.0,2,-1,0,0.9590325,1
24,17,1,0,0,329.70398,-298.67896,296.14343,0.01647417,-0.03668571,-0.02120836,7.517118,7.4780555,2,-1,0,0.96847,1
25,30,1,1,0,-6.3006034,546.7089,117.2872,-0.016488241,-0.0007012296,0.0075099934,18.892405,18.715,2,0,1,0.99343264,1
25,30,1,0,0,-6.3006034,546.7089,117.2872,-0.016488241,-0.0007012296,0.0075099934,3.5616114,3.6502779,2,-1,0,0.9172639,1
25,13,1,1,0,25.639017,-488.90448,286.78546,-1.6201835e-05,-0.020439642,0.019918662,16.162235,16.637222,2,1,1,0.99823415,1
25,13,1,0,0,25.639017,-488.90448,286.78546,-1.6201835e-05,-0.020439642,0.019918662,6.8847775,6.666111,2,-1,0,0.987954,1
25,13,1,0,0,25.639017,-488.90448,286.78546,-1.6201835e-05,-0.020439642,0.019918662,11.942771,11.953333,2,-1,0,0.98349136,1
25,13,1,0,0,25.639017,-488.90448,286.78546,-1.6201835e-05,-0.020439642,0.019918662,4.834993,4.728889,2,-1,0,0.9043678,1
25,4,1,1,0,38.804615,-549.92676,74.785286,-0.030131675,-0.00495356,-0.0034145513,39.045055,38.89389,2,2,1,0.93000925,1
25,21,1,1,0,-34.265045,494.8547,22.353624,-0.0072179185,0.023932379,0.0025650933,23.546402,23.652779,2,3,1,0.99785125,1
25,7,1,0,0,67.063225,-202.91757,366.13254,-0.020996166,0.04221517,0.017025232,6.58509,6.676111,2,-1,0,0.9815545,1
25,7,1,1,0,67.063225,-202.91757,366.13254,-0.020996166,0.04221517,0.017025232,21.940132,22.252777,2,4,1,0.9933855,1
25,7,1,0,0,67.063225,-202.91757,366.13254,-0.020996166,0.04221517,0.017025232,11.412723,11.505,2,-1,0,0.9813928,1
25,14,1,0,0,-85.08511,156.16888,11.739841,0.018944452,-0.02940397,0.016192686,15.200917,15.471666,2,-1,0,0.9783885,1
25,17,1,1,0,64.47793,-8.04821,381.8306,0.003043582,-0.0046904795,0.00593542,9.429521,9.366389,2,5,1,0.999726,1
25,7,1,0,0,67.063225,-202.91757,366.13254,-0.020996166,0.04221517,0.017025232,11.053353,11.289722,2,-1,0,0.9977981,1
25,15,1,0,0,-85.81985,541.5579,112.50826,0.010178534,-0.013699782,0.00056373427,3.0402012,2.976389,2,-1,0,0.7071245,1
25,14,1,1,0,-85.08511,156.16888,11.739841,0.018944452,-0.02940397,0.016192686,24.125273,24.034166,2,6,1,0.982381,1
25,15,1,1,0,-85.81985,541.5579,112.50826,0.010178534,-0.013699782,0.00056373427,8.498597,8.346666,2,7,1,0.9810526,1
25,15,1,0,0,-85.81985,541.5579,112.50826,0.010178534,-0.013699782,0.00056373427,6.2332363,6.224167,2,-1,0,0.98743975,1
25,38,1,1,0,-87.914795,368.7728,72.33984,-0.008988914,0.012702902,-0.0030481191,14.460521,8.08,2,8,1,0.9998591,1
25,29,1,1,0,88.51018,-464.04532,446.1353,0.018940225,-0.011856985,-0.010954174,27.804535,27.61,2,9,1,0.92777914,1
25,9,1,0,0,92.60377,401.80008,247.60974,-0.009891373,0.018688038,-7.550739e-05,4.5296526,4.4416666,2,-1,0,0.9861058,1
25,38,1,0,0,-87.914795,368.7728,72.33984,-0.008988914,0.012702902,-0.0030481191,5.2172775,5.2247224,2,-1,0,0.99097025,1
25,9,1,1,0,92.60377,401.80008,247.60974,-0.009891373,0.018688038,-7.550739e-05,18.324375,18.310556,2,10,1,0.9940876,1
25,12,1,1,0,112.90227,-80.076866,4.13376,-0.0149500435,0.011332146,-0.010207476,13.365216,13.46,2,11,1,0.9809312,1
25,26,1,1,0,110.893166,351.4125,400.86926,-0.0037140183,0.010000544,-0.0068391445,14.454007,14.445833,2,12,1,0.9818766,1
25,8,1,1,0,112.04856,560.9747,423.07706,-0.0041956194,0.010942985,-0.009161419,11.790299,12.175834,2,13,1,0.99681395,1
25,8,1,0,0,112.04856,560.9747,423.07706,-0.0041956194,0.010942985,-0.009161419,3.17675,3.2675,2,-1,0,0.90089273,1
25,35,1,1,0,-142.96278,-523.9434,461.1154,-0.012773634,0.019678775,0.020926388,5.0690694,5.084722,2,14,1,0.9764182,1
25,36,1,1,0,-147.98875,-107.04541,270.48938,-0.009944892,-0.027881877,-0.017394064,19.552889,19.659721,2,15,1,0.99955255,1
25,36,1,0,0,-147.98875,-107.04541,270.48938,-0.009944892,-0.027881877,-0.017394064,12.99927,13.156389,2,-1,0,0.99994755,1
25,24,1,1,0,-159.6332,446.0616,456.66086,0.0016939383,0.017874153,-0.017565582,25.557306,25.735556,2,16,1,0.9955651,1
25,24,1,0,0,-159.6332,446.0616,456.66086,0.0016939383,0.017874153,-0.017565582,2.6632497,2.665,2,-1,0,0.5260941,1
25,5,1,1,0,-162.96527,178.46909,272.2374,0.011761372,0.020666499,-0.00454535,24.460012,24.175833,2,17,1,0.99734926,1
25,25,1,1,0,-171.42279,-558.6089,182.73401,0.021044485,-0.0047308044,0.025656514,23.798986,24.082222,2,18,1,0.9895762,1
25,25,1,0,0,-171.42279,-558.6089,182.73401,0.021044485,-0.0047308044,0.025656514,4.6069856,4.5572224,2,-1,0,0.95872205,1
25,20,1,0,0,-182.72151,-352.35135,238.85835,0.02014873,0.0044612363,0.032003332,13.04309,13.141945,2,-1,0,0.99710685,1
25,20,1,1,0,-182.72151,-352.35135,238.85835,0.02014873,0.0044612363,0.032003332,14.998028,15.130834,2,19,1,0.9719963,1
25,20,1,0,0,-182.72151,-352.35135,238.85835,0.02014873,0.0044612363,0.032003332,9.702598,8.303611,2,-1,0,0.9821231,1
25,11,1,1,0,-182.20337,396.52652,322.24878,-0.004368279,0.013395825,0.0009623212,18.164799,7.8627777,2,20,1,0.899676,1
25,22,1,1,0,-192.9773,-311.39075,201.20262,0.009886154,0.003367222,0.023814285,6.5051665,6.715,2,21,1,0.99739194,1
25,22,0,0,0,0.0,0.0,0.0,0.0,0.0,0.0,22.031471,-1.0,2,-1,0,0.83344036,1
25,3,1,0,0,219.32736,-315.91125,137.63284,-0.018612964,0.020638866,0.0006946853,10.7341385,10.606667,2,-1,0,0.9893708,1
25,33,1,1,0,-203.95143,572.2319,133.47594,0.022136876,0.01738927,0.0045962487,25.157812,28.297222,2,22,1,0.9673587,1
25,34,1,0,0,-218.76979,-58.026436,276.8913,0.022382464,0.01519818,0.0027695913,8.757861,8.883333,2,-1,0,0.9732929,1
25,34,1,1,0,-218.76979,-58.026436,276.8913,0.022382464,0.01519818,0.0027695913,21.274645,21.384445,2,23,1,0.9994448,1
25,3,1,1,0,219.32736,-315.91125,137.63284,-0.018612964,0.020638866,0.0006946853,18.723347,18.8025,2,24,1,0.9928174,1
25,28,1,1,0,222.84662,494.72833,25.668844,-0.0030817888,0.0027137825,-0.0031375678,5.737222,5.5825,2,25,1,0.9848946,1
25,3,1,0,0,219.32736,-315.91125,137.63284,-0.018612964,0.020638866,0.0006946853,4.4884443,4.4466667,2,-1,0,0.97571737,1
25,10,1,1,0,233.99673,133.91348,93.58708,-0.0024060872,-0.006689053,-0.006742704,9.600271,9.689445,2,26,1,0.989837,1
25,40,1,0,0,243.14337,-5.6413193,381.43683,0.0061575067,-0.008277211,-0.0021649678,2.6081944,2.6008334,2,-1,0,0.5461262,1
25,40,1,1,0,243.14337,-5.6413193,381.43683,0.0061575067,-0.008277211,-0.0021649678,10.9562435,4.44,2,27,1,0.9805519,1
25,37,1,1,0,-246.42238,338.0787,372.3431,0.009419454,0.0032592113,-0.011559037,13.038188,13.046945,2,28,1,0.9906776,1
25,23,1,1,0,245.9781,131.28897,463.50607,0.0069115013,0.01073015,-0.0053749415,5.9769444,6.044722,2,29,1,0.9849296,1
25,19,1,1,0,-252.55768,275.7349,266.24033,-0.010139642,0.007349278,0.0055514676,12.771916,7.076389,2,30,1,0.9970745,1
25,32,1,1,0,-260.67163,-460.74646,382.04193,-0.014541528,0.0008964097,-0.0013976928,12.906985,5.0858335,2,31,1,0.9940871,1
25,18,1,0,0,-279.68176,551.5162,287.7255,0.023735248,0.041174524,-0.009082716,15.12857,15.219722,2,-1,0,0.92960924,1
25,18,1,1,0,-279.68176,551.5162,287.7255,0.023735248,0.041174524,-0.009082716,23.550722,23.470556,2,32,1,0.9961958,1
25,18,1,0,0,-279.68176,551.5162,287.7255,0.023735248,0.041174524,-0.009082716,8.685959,8.760555,2,-1,0,0.96517575,1
25,16,1,0,0,-295.51855,-216.0084,71.462585,0.018247066,0.010091613,0.012030403,6.2468195,6.263889,2,-1,0,0.9514993,1
25,16,1,1,0,-295.51855,-216.0084,71.462585,0.018247066,0.010091613,0.012030403,16.44937,16.504723,2,33,1,0.9744363,1
25,31,1,0,0,304.44522,-245.96681,337.52927,-0.03215793,-0.0054969448,-0.023370596,13.017459,13.151667,2,-1,0,0.995375,1
25,31,1,1,0,304.44522,-245.96681,337.52927,-0.03215793,-0.0054969448,-0.023370596,23.853235,23.7,2,34,1,0.9981183,1
25,27,1,1,0,312.2236,69.62308,222.73273,0.008549209,-0.028331587,0.020237112,18.360367,18.254168,2,35,1,0.9910484,1
25,27,1,0,0,312.2236,69.62308,222.73273,0.008549209,-0.028331587,0.020237112,3.8801737,2.8891666,2,-1,0,0.971161,1
25,2,1,1,0,315.7876,-592.05804,256.3912,-0.0081280265,-0.0072810673,0.008781749,11.1883335,11.119166,2,36,1,0.98821837,1
25,39,1,1,0,319.11014,102.326004,333.84808,0.0017828941,-0.015926758,0.015193778,20.077375,20.126667,2,37,1,0.9882046,1
25,1,1,0,0,320.78918,229.34828,112.64157,0.0107146315,-0.01603266,-0.023591172,13.829333,13.822222,2,-1,0,0.95710105,1
25,1,1,1,0,320.78918,229.34828,112.64157,0.0107146315,-0.01603266,-0.023591172,16.17628,16.040556,2,38,1,0.99798536,1
25,6,1,1,0,-353.27618,129.60007,267.41324,-0.023904504,-0.003939178,0.0016828317,23.62205,23.485834,2,39,1,0.96342105,1
25,39,0,0,0,0.0,0.0,0.0,0.0,0.0,0.0,3.271,3.2475,2,-1,0,0.80424386,1
26,16,1,1,0,-31.436401,490.14856,174.23259,0.0014669084,-0.005344954,0.015352244,17.68566,17.920834,2,0,1,0.9958753,1
26,16,1,0,0,-31.436401,490.14856,174.23259,0.0014669084,-0.005344954,0.015352244,3.7582915,3.748889,2,-1,0,0.915303,1
26,4,0,0,0,0.0,0.0,0.0,0.0,0.0,0.0,2.735139,-1.0,2,-1,0,0.6611154,1
26,4,0,0,0,0.0,0.0,0.0,0.0,0.0,0.0,10.390868,-1.0,2,-1,0,0.99182194,1
26,12,1,0,0,75.593346,-165.16035,263.96323,-0.0034351875,0.037874926,0.00021203165,5.8980975,5.9772224,2,-1,0,0.94540095,1
26,12,1,1,0,75.593346,-165.16035,263.96323,-0.0034351875,0.037874926,0.00021203165,31.308828,30.862223,2,1,1,0.99994814,1
26,12,1,0,0,75.593346,-165.16035,263.96323,-0.0034351875,0.037874926,0.00021203165,4.392979,4.4819446,2,-1,0,0.9860093,1
26,3,1,1,0,132.8893,-255.8674,289.14508,-0.013291337,-0.0051900507,-0.0057310797,11.351381,11.564445,2,2,1,0.9848275,1
26,1,1,1,0,-90.82267,-574.757,352.61118,0.009366258,-0.011133925,0.003270754,20.4088,15.7902775,2,3,1,0.99462646,1
26,29,1,1,0,-99.38245,81.77093,450.91174,0.010902329,0.0046795807,0.0054038162,11.447472,11.616111,2,4,1,0.98367,1
26,30,1,1,0,-97.63579,-197.12608,435.58478,-0.014407665,0.012297912,0.00011929056,19.998312,20.164722,2,5,1,0.9991374,1
26,10,1,1,0,-101.09764,163.56842,211.22838,-0.01993893,-0.0072396765,0.013858457,15.975896,14.196944,2,6,1,0.99378914,1
26,22,1,1,0,-108.53503,324.24332,82.72497,0.026920998,0.009279095,0.007124268,32.900166,32.990276,2,7,1,0.9908126,1
26,10,1,0,0,-101.09764,163.56842,211.22838,-0.01993893,-0.0072396765,0.013858457,6.4961457,6.358333,2,-1,0,0.98837376,1
26,26,1,1,0,-114.790825,-229.20442,323.05176,0.0006174538,-0.012698357,0.0089229215,17.226084,17.365833,2,8,1,0.99159217,1
26,30,1,0,0,-97.63579,-197.12608,435.58478,-0.014407665,0.012297912,0.00011929056,7.280778,7.565,2,-1,0,0.9784409,1
26,6,1,0,0,-128.35074,-282.45395,189.58846,0.024683053,-0.017658744,-0.012681786,8.128208,7.9994445,2,-1,0,0.9966292,1
26,5,1,1,0,-124.51998,-435.2621,55.57445,0.01980008,0.02330589,-0.006377895,31.825785,31.54,2,9,1,0.99565685,1
26,6,1,1,0,-128.35074,-282.45395,189.58846,0.024683053,-0.017658744,-0.012681786,25.050215,25.315277,2,10,1,0.9920878,1
26,31,1,1,0,126.92799,9.38082,202.94606,-0.017782178,0.022086877,0.005199913,23.31918,23.2025,2,11,1,0.99999964,1
26,31,1,0,0,126.92799,9.38082,202.94606,-0.017782178,0.022086877,0.005199913,7.279674,7.371389,2,-1,0,0.97830224,1
26,11,1,1,0,127.18636,-85.11526,189.85829,0.0101757925,-0.0002446721,0.003019946,10.464063,8.559167,2,12,1,0.97996396,1
26,3,1,0,0,132.8893,-255.8674,289.14508,-0.013291337,-0.0051900507,-0.0057310797,5.3816533,5.0733333,2,-1,0,0.9790389,1
26,33,1,0,0,141.10707,-500.45145,320.41364,-0.023765003,-0.022594845,-0.017315174,9.070611,9.051945,2,-1,0,0.9413196,1
26,33,1,1,0,141.10707,-500.45145,320.41364,-0.023765003,-0.022594845,-0.017315174,28.89987,28.973612,2,13,1,0.9985495,1
26,34,1,1,0,-144.18892,-52.48162,23.08322,-0.011372933,-0.014437797,-0.015208216,14.952972,14.989722,2,14,1,0.9888405,1
26,34,1,0,0,-144.18892,-52.48162,23.08322,-0.011372933,-0.014437797,-0.015208216,4.2791667,4.3316665,2,-1,0,0.97087866,1
26,34,1,0,0,-144.18892,-52.48162,23.08322,-0.011372933,-0.014437797,-0.015208216,3.912472,3.8969445,2,-1,0,0.9813416,1
26,20,1,1,0,-175.78069,-175.18864,319.15512,-0.015246114,-0.0017484471,0.020076832,14.311702,13.322222,2,15,1,0.99128693,1
26,28,1,1,0,-183.04646,-246.43552,416.2674,-0.009639691,0.002842913,-0.01214728,14.83286,14.836945,2,16,1,0.9944595,1
26,17,1,1,0,184.59581,131.85504,266.16592,-0.0026064212,0.012467559,0.01082941,16.078632,15.619166,2,17,1,0.97442347,1
26,28,1,0,0,-183.04646,-246.43552,416.2674,-0.009639691,0.002842913,-0.01214728,5.6757426,5.4402776,2,-1,0,0.9956403,1
26,20,1,0,0,-175.78069,-175.18864,319.15512,-0.015246114,-0.0017484471,0.020076832,4.125722,4.126389,2,-1,0,0.96036065,1
26,27,1,1,0,194.98483,269.15628,133.9979,-0.011145899,0.0018755987,-0.0096280025,13.650861,13.535833,2,18,1,0.94605,1
26,38,1,1,0,201.35736,-314.8534,449.6211,0.0020856916,-0.0047004945,0.012089173,9.487264,9.524167,2,19,1,0.9968918,1
26,24,1,1,0,-207.39362,20.15798,219.43074,-0.030579396,0.006570004,-0.008649008,21.013315,22.827223,2,20,1,0.99997044,1
26,24,1,0,0,-207.39362,20.15798,219.43074,-0.030579396,0.006570004,-0.008649008,4.0331526,3.9416666,2,-1,0,0.9756039,1
26,32,1,0,0,253.462,211.41592,391.4072,0.004568156,-0.0031711827,0.011088219,2.8802013,2.8627777,2,-1,0,0.6210442,1
26,18,1,0,0,250.25967,332.62863,201.3381,0.00495578,-0.042518474,-0.020719811,4.254493,4.3330555,2,-1,0,0.96912974,1
26,23,1,0,0,248.0517,-249.55302,145.54845,-0.0029751507,-0.002924557,-0.0052983514,5.069083,5.0716667,2,-1,0,0.9943498,1
26,9,1,1,0,-246.93367,108.719955,211.71217,0.0118336,0.00790295,-0.007126172,11.877062,11.894722,2,21,1,0.99715316,1
26,18,1,1,0,250.25967,332.62863,201.3381,0.00495578,-0.042518474,-0.020719811,25.95384,26.182222,2,22,1,1.0,1
26,23,1,1,0,248.0517,-249.55302,145.54845,-0.0029751507,-0.002924557,-0.0052983514,6.3889236,6.3883333,2,23,1,0.9903882,1
26,25,1,1,0,-248.39897,53.331886,225.85284,-0.0039150617,-0.0056013484,0.01396995,16.36798,16.608612,2,24,1,0.9828038,1
26,18,1,0,0,250.25967,332.62863,201.3381,0.00495578,-0.042518474,-0.020719811,5.981007,5.8544445,2,-1,0,0.96205854,1
26,18,1,0,0,250.25967,332.62863,201.3381,0.00495578,-0.042518474,-0.020719811,4.3177085,4.1927776,2,-1,0,0.97734046,1
26,18,1,0,0,250.25967,332.62863,201.3381,0.00495578,-0.042518474,-0.020719811,3.3747916,3.206389,2,-1,0,0.8738503,1
26,32,1,1,0,253.462,211.41592,391.4072,0.004568156,-0.0031711827,0.011088219,9.374028,7.2419443,2,25,1,0.97288495,1
26,36,1,1,0,265.0405,-450.34933,345.24597,0.016149865,-0.0101054795,-0.008830723,21.481874,18.994444,2,26,1,0.9982697,1
26,21,1,1,0,274.74344,66.098495,241.19296,0.00037574867,-0.010741331,-0.013347717,16.95291,16.948055,2,27,1,0.96231186,1
26,29,0,0,0,0.0,0.0,0.0,0.0,0.0,0.0,2.8284166,2.8072221,2,-1,0,0.5020557,1
26,2,1,1,0,305.6252,154.28725,80.25904,-0.011861357,-0.0083738435,-0.0020477823,14.105223,13.993055,2,28,1,0.9584389,1
26,7,0,0,0,0.0,0.0,0.0,0.0,0.0,0.0,13.070791,-1.0,2,-1,0,0.90398574,1
26,7,0,0,0,0.0,0.0,0.0,0.0,0.0,0.0,3.6122432,-1.0,2,-1,0,0.98329586,1
26,7,0,0,0,0.0,0.0,0.0,0.0,0.0,0.0,2.9427707,-1.0,2,-1,0,0.74277276,1
26,14,1,1,0,319.54004,56.748093,359.87192,0.002684232,-0.021947892,-0.0015588837,15.273388,13.108611,2,29,1,0.9972783,1
26,14,1,0,0,319.54004,56.748093,359.87192,0.002684232,-0.021947892,-0.0015588837,5.0588193,5.0488887,2,-1,0,0.9682971,1
26,15,1,1,0,-321.3479,572.9446,372.09796,0.00026484934,0.010944528,-0.008738778,11.134598,11.258889,2,30,1,0.98368603,1
26,8,1,1,0,321.9503,-382.92377,206.3251,0.0036574276,-0.022878934,-0.012959405,10.45452,10.285277,2,31,1,0.9803137,1
26,8,1,0,0,321.9503,-382.92377,206.3251,0.0036574276,-0.022878934,-0.012959405,7.8804784,7.931389,2,-1,0,0.9805017,1
26,11,0,0,0,0.0,0.0,0.0,0.0,0.0,0.0,3.0455763,3.1052778,2,-1,0,0.8656601,1
26,19,1,1,0,-323.6825,-574.3175,307.38623,0.0015617091,-0.018289166,0.003795352,15.872757,15.799167,2,32,1,0.97377646,1
26,40,1,1,0,335.9128,353.40332,174.29797,-0.03314452,0.0034897022,0.0029264924,25.56203,28.2575,2,33,1,0.98791957,1
26,8,1,0,0,321.9503,-382.92377,206.3251,0.0036574276,-0.022878934,-0.012959405,7.797757,7.895,2,-1,0,0.98485166,1
26,39,1,0,0,338.31305,269.9958,369.19742,-0.029333243,-0.009979707,0.009437869,3.936667,3.9402778,2,-1,0,0.9445889,1
26,39,1,1,0,338.31305,269.9958,369.19742,-0.029333243,-0.009979707,0.009437869,27.912855,27.983334,2,34,1,0.9965114,1
26,19,0,0,0,0.0,0.0,0.0,0.0,0.0,0.0,2.4859445,2.555,2,-1,0,0.6006119,1
26,32,0,0,0,0.0,0.0,0.0,0.0,0.0,0.0,3.1313612,3.048889,2,-1,0,0.5356094,1
26,37,1,1,0,342.25742,6.3107724,82.58853,0.010543998,-0.010262262,-0.0010537164,14.65498,14.528334,2,35,1,0.99380904,1
26,14,1,0,0,319.54004,56.748093,359.87192,0.002684232,-0.021947892,-0.0015588837,4.767271,4.8261113,2,-1,0,0.98998404,1
26,35,1,0,0,348.8972,250.89386,101.996475,0.00259062,-0.024754563,0.014138233,7.5496387,7.4772224,2,-1,0,0.9772066,1
26,35,1,1,0,348.8972,250.89386,101.996475,0.00259062,-0.024754563,0.014138233,20.136045,20.540833,2,36,1,0.99883527,1
26,25,0,0,0,0.0,0.0,0.0,0.0,0.0,0.0,3.439674,3.3105555,2,-1,0,0.9170604,1
27,31,1,1,0,-9.839196,596.773,293.23938,0.002014091,-0.0051189256,0.012377359,14.65666,14.388333,2,0,1,0.9978568,1
27,5,0,0,0,25.1727,334.91638,42.435722,0.020755457,0.0030405216,-0.0033302566,3.839472,3.8825,2,-1,0,0.8719764,1
27,5,1,1,0,25.1727,334.91638,42.435722,0.020755457,0.0030405216,-0.0033302566,23.860287,23.944723,2,1,1,0.99602616,1
27,9,1,1,0,35.949234,-114.41661,115.50841,-0.024901034,-0.0047501554,-0.008387773,28.029814,28.044167,2,2,1,0.9982955,1
27,3,1,1,0,-47.10456,173.02948,247.8398,0.010089547,-0.0030772989,-0.004086279,11.202063,11.286944,2,3,1,0.9873991,1
27,37,1,1,0,-46.328667,-303.31967,107.290405,0.001393133,0.0025393877,-0.02790425,31.825151,32.016666,2,4,1,0.98765624,1
27,39,1,1,0,47.76202,213.75903,118.158775,0.02077202,0.021391947,-0.011184048,17.169249,16.712778,2,5,1,0.9805275,1
27,8,1,0,0,94.875015,495.18192,313.982,-0.012394376,0.02267175,0.015305151,3.3019652,3.2583334,2,-1,0,0.9447235,1
27,39,1,0,0,47.76202,213.75903,118.158775,0.02077202,0.021391947,-0.011184048,6.2448263,6.2933335,2,-1,0,0.98462325,1
27,39,1,0,0,47.76202,213.75903,118.158775,0.02077202,0.021391947,-0.011184048,12.689486,12.858889,2,-1,0,0.9982272,1
27,25,1,0,0,-160.74725,28.135296,73.522285,-0.015429504,0.007010496,0.014689006,3.43525,3.4436111,2,-1,0,0.79072845,1
27,20,1,0,0,110.924545,530.9222,448.3508,-0.01981047,-0.001452385,-0.0039667715,3.8087919,3.7530556,2,-1,0,0.92039675,1
27,33,1,0,0,-90.910706,-130.36134,324.28464,0.018095296,-0.027418498,-0.002912251,3.3747916,3.3016667,2,-1,0,0.8161401,1
27,33,1,1,0,-90.910706,-130.36134,324.28464,0.018095296,-0.027418498,-0.002912251,28.024195,27.990833,2,6,1,0.9975745,1
27,8,1,1,0,94.875015,495.18192,313.982,-0.012394376,0.02267175,0.015305151,25.452158,25.584167,2,7,1,0.9920649,1
27,28,1,1,0,95.25794,-204.82024,184.19974,-0.010588557,0.02107901,0.013641947,26.418346,26.242222,2,8,1,0.98975706,1
27,32,1,0,0,99.44017,-274.64014,124.43177,-0.0096331965,0.009275991,0.0036072298,3.6061876,3.753611,2,-1,0,0.7391671,1
27,32,1,1,0,99.44017,-274.64014,124.43177,-0.0096331965,0.009275991,0.0036072298,8.53777,8.651667,2,9,1,0.9347309,1
27,20,1,0,0,110.924545,530.9222,448.3508,-0.01981047,-0.001452385,-0.0039667715,3.3441668,3.3641667,2,-1,0,0.8528539,1
27,40,1,1,0,101.883675,193.96689,288.66946,0.0018495992,0.026822085,-0.017975101,37.018673,34.935555,2,10,1,0.9924154,1
27,20,1,1,0,110.924545,530.9222,448.3508,-0.01981047,-0.001452385,-0.0039667715,20.467165,20.596666,2,11,1,0.98786026,1
27,13,1,1,0,120.227196,113.72315,324.15417,0.006592875,-0.01741061,0.0027894515,20.274748,18.5525,2,-1,1,0.9764805,1
27,18,1,1,0,123.13839,58.30385,208.46759,-0.0016293109,-0.015641179,-0.029018605,16.01684,16.034445,2,12,1,0.97608745,1
27,18,1,0,0,123.13839,58.30385,208.46759,-0.0016293109,-0.015641179,-0.029018605,15.626888,15.5875,2,-1,0,0.99053824,1
27,38,1,1,0,-123.732285,-172.9205,390.53793,-0.02498246,0.0042573037,0.005725131,23.644896,23.717777,2,13,1,0.98973,1
27,27,1,1,0,127.80932,168.20508,225.76076,-0.009588904,0.015022474,-0.00014578646,19.337534,19.109167,2,14,1,0.99918,1
27,38,1,0,0,-123.732285,-172.9205,390.53793,-0.02498246,0.0042573037,0.005725131,3.3852153,3.1930556,2,-1,0,0.9778698,1
27,27,1,0,0,127.80932,168.20508,225.76076,-0.009588904,0.015022474,-0.00014578646,5.623111,5.6066666,2,-1,0,0.9644559,1
27,10,1,1,0,-135.50208,-283.13727,294.42603,-0.021224087,0.015290045,-0.010834736,20.887333,17.257778,2,15,1,0.9860745,1
27,29,1,0,0,136.00108,132.35252,408.45474,0.003975848,0.013273907,0.02741093,12.514883,12.588611,2,-1,0,0.98414177,1
27,29,1,1,0,136.00108,132.35252,408.45474,0.003975848,0.013273907,0.02741093,13.747764,13.846111,2,16,1,0.99904567,1
27,29,1,0,0,136.00108,132.35252,408.45474,0.003975848,0.013273907,0.02741093,4.391875,4.451389,2,-1,0,0.95912874,1
27,25,1,1,0,-160.74725,28.135296,73.522285,-0.015429504,0.007010496,0.014689006,23.591702,23.045555,2,17,1,0.9999244,1
27,14,1,1,0,205.29167,-223.65826,215.34482,0.0031036895,0.011378205,-0.008820655,13.606618,11.146667,2,18,1,0.9932448,1
27,14,1,0,0,205.29167,-223.65826,215.34482,0.0031036895,0.011378205,-0.008820655,4.778354,4.786389,2,-1,0,0.98966575,1
27,15,1,0,0,236.36356,-178.13249,324.2187,-0.025192896,0.005072011,-0.04382967,7.8402224,7.6630554,2,-1,0,0.92753667,1
27,15,1,0,0,236.36356,-178.13249,324.2187,-0.025192896,0.005072011,-0.04382967,3.8823123,3.8955555,2,-1,0,0.91689616,1
27,16,1,1,0,-222.92436,299.9285,75.673004,0.020431358,-0.0046797357,-0.004631106,21.43893,21.539167,2,19,1,0.9994802,1
27,6,1,1,0,-229.68736,-118.87557,362.8054,0.024052115,0.0091511365,-0.00924796,24.652113,24.73889,2,20,1,0.9738337,1
27,15,1,0,0,236.36356,-178.13249,324.2187,-0.025192896,0.005072011,-0.04382967,7.3843055,7.4180555,2,-1,0,0.98891556,1
27,15,1,1,0,236.36356,-178.13249,324.2187,-0.025192896,0.005072011,-0.04382967,28.929861,28.73611,2,21,1,0.99976975,1
27,30,1,1,0,251.1834,324.7996,149.23999,-0.019795671,-0.013004641,-0.013547937,19.110022,19.179445,2,22,1,0.9972234,1
27,35,1,1,0,-258.51434,134.92282,373.41418,0.03272408,0.014500812,-0.0050588828,18.994057,18.959167,2,23,1,0.99999475,1
27,30,1,0,0,251.1834,324.7996,149.23999,-0.019795671,-0.013004641,-0.013547937,7.029833,7.2272224,2,-1,0,0.8775798,1
27,35,1,0,0,-258.51434,134.92282,373.41418,0.03272408,0.014500812,-0.0050588828,10.42464,10.425555,2,-1,0,0.999985,1
27,7,1,0,0,260.3613,157.17647,459.80972,-0.009499136,-0.020756163,-0.0063716318,4.0624723,4.088889,2,-1,0,0.9838224,1
27,7,1,0,0,260.3613,157.17647,459.80972,-0.009499136,-0.020756163,-0.0063716318,8.192888,8.181111,2,-1,0,0.9560792,1
27,35,1,0,0,-258.51434,134.92282,373.41418,0.03272408,0.014500812,-0.0050588828,8.817674,1.5936111,2,-1,0,0.99921405,1
27,7,1,1,0,260.3613,157.17647,459.80972,-0.009499136,-0.020756163,-0.0063716318,8.462889,8.381389,2,24,1,0.9981389,1
27,12,1,1,0,-297.00977,557.7673,307.3342,0.03885715,-0.008136258,0.0024731928,19.648464,19.85389,2,26,1,0.9998628,1
27,4,0,0,0,0.0,0.0,0.0,0.0,0.0,0.0,14.73741,-1.0,2,-1,0,0.99870217,1
27,2,1,1,0,-288.207,-399.56506,332.98465,-0.009045406,-0.006607921,-0.012792045,15.262284,15.519722,2,27,1,0.9877159,1
27,12,1,0,0,-297.00977,557.7673,307.3342,0.03885715,-0.008136258,0.0024731928,16.729897,16.632223,2,-1,0,0.9829611,1
27,26,1,1,0,299.22394,126.45079,380.47128,-0.019204006,-0.005209444,0.018847035,25.969103,26.224167,2,28,1,0.9735411,1
27,26,1,0,0,299.22394,126.45079,380.47128,-0.019204006,-0.005209444,0.018847035,3.3860555,3.3830554,2,-1,0,0.60949343,1
27,19,1,1,0,-306.8134,46.9753,231.05382,-0.00037791705,-0.0020228797,0.019303082,9.491897,9.579722,2,29,1,0.98590577,1
27,19,1,0,0,-306.8134,46.9753,231.05382,-0.00037791705,-0.0020228797,0.019303082,3.455674,3.455,2,-1,0,0.8980547,1
27,21,1,0,0,-316.53867,-235.53175,9.205525,0.018830018,-0.007474905,0.0053746924,3.5421805,3.6075,2,-1,0,0.9156297,1
27,34,1,0,0,-351.7988,189.34981,350.977,0.019296054,0.009484914,0.013084544,6.3244095,6.2369447,2,-1,0,0.9811211,1
27,21,1,1,0,-316.53867,-235.53175,9.205525,0.018830018,-0.007474905,0.0053746924,14.586945,14.8475,2,30,1,0.9703874,1
27,21,1,0,0,-316.53867,-235.53175,9.205525,0.018830018,-0.007474905,0.0053746924,4.941639,5.0502777,2,-1,0,0.99587786,1
27,22,1,1,0,-334.4712,18.700247,442.08105,0.007875603,-0.013180216,-0.0063176244,17.069994,16.563334,2,31,1,0.9542586,1
27,17,1,0,0,-332.7645,-377.3628,169.52605,-0.010362055,0.017328242,0.020977981,10.825465,10.014722,2,-1,0,0.9799977,1
27,1,1,1,0,-338.4005,297.58658,69.38541,0.00060946104,-0.008117599,-0.020051649,11.972271,11.724444,2,32,1,0.9860399,1
27,1,1,0,0,-338.4005,297.58658,69.38541,0.00060946104,-0.008117599,-0.020051649,6.783368,6.759722,2,-1,0,0.9682727,1
27,36,1,1,0,-346.399,158.94559,437.3378,0.013032709,-0.0009718541,0.0031398616,12.907951,12.696389,2,33,1,0.99990857,1
27,34,1,1,0,-351.7988,189.34981,350.977,0.019296054,0.009484914,0.013084544,16.206236,16.111944,2,34,1,0.9228685,1
27,17,1,1,0,-332.7645,-377.3628,169.52605,-0.010362055,0.017328242,0.020977981,12.459792,12.5205555,2,35,1,0.97358894,1
27,4,0,0,0,0.0,0.0,0.0,0.0,0.0,0.0,2.7230208,2.7808332,2,-1,0,0.53481364,1
28,20,1,0,0,14.783672,221.96176,260.1232,-0.008673951,0.014899994,0.010320798,2.8710208,2.0619445,2,-1,0,0.69193333,1
28,20,1,1,0,14.783672,221.96176,260.1232,-0.008673951,0.014899994,0.010320798,10.459277,9.021944,2,0,1,0.994443,1
28,31,1,1,0,-16.884117,7.65018,317.20877,-0.017847657,-0.018707385,0.007636285,29.78905,29.046667,2,1,1,0.9987539,1
28,33,1,1,0,21.876886,451.8224,300.145,0.0045822416,0.012328253,0.0010179817,15.794501,13.253612,2,2,1,0.99825114,1
28,18,1,1,0,32.079014,-187.59431,376.7965,-0.0057512755,-0.02086147,0.010174102,24.57725,24.49,2,3,1,0.99674654,1
28,18,1,0,0,32.079014,-187.59431,376.7965,-0.0057512755,-0.02086147,0.010174102,4.037555,4.0052776,2,-1,0,0.9614119,1
28,1,1,1,0,45.936054,438.00754,343.19104,-0.014663743,0.0038419294,0.011460759,14.796258,13.880278,2,4,1,0.9207778,1
28,38,1,1,0,-55.966206,401.4632,189.60408,-0.0064793783,-0.02667081,0.0032475258,32.95055,29.762222,2,5,1,0.99999976,1
28,36,1,1,0,-54.397903,347.3202,28.583813,-0.0020963883,-0.013848299,0.013290768,20.970417,19.186388,2,6,1,0.9980416,1
28,21,1,1,0,-60.046036,366.67337,48.885113,-0.007764652,-0.010667469,0.018622017,26.829296,27.007778,2,7,1,0.9963251,1
28,38,1,0,0,-55.966206,401.4632,189.60408,-0.0064793783,-0.02667081,0.0032475258,3.5194445,3.5469444,2,-1,0,0.9510384,1
28,40,1,0,0,-115.982,527.4468,202.10387,-0.02549366,-0.02407963,-0.0002085192,4.126,4.1583333,2,-1,0,0.9852232,1
28,5,1,1,0,-74.555275,461.096,358.6815,-0.0048618256,-0.011584609,0.014117086,20.971354,17.657223,2,8,1,0.9907857,1
28,17,1,1,0,-86.79505,-413.56485,318.24905,0.014722322,0.011581034,0.03875418,42.44925,45.47889,2,9,1,0.99996126,1
28,29,0,0,0,0.0,0.0,0.0,0.0,0.0,0.0,37.594875,-1.0,2,-1,0,0.99875164,1
28,12,1,1,0,-99.800606,-95.22401,281.11115,-0.023278521,-0.0069207307,9.4206654e-05,17.790735,17.659721,2,10,1,0.99568766,1
28,11,1,1,0,-102.51783,-543.6289,393.1955,-0.0153777655,-0.0025213154,-0.0072914474,19.416342,17.866945,2,11,1,0.9650008,1
28,10,1,1,0,105.10567,235.71483,225.74484,0.03233733,0.0077539287,-0.0152368015,14.6588745,14.7502775,2,12,1,0.9909973,1
28,23,1,1,0,-107.46519,-366.23572,164.92865,-0.010788893,0.011531577,-0.0027283556,22.797672,8.756667,2,13,1,0.9968155,1
28,10,1,0,0,105.10567,235.71483,225.74484,0.03233733,0.0077539287,-0.0152368015,5.836639,5.853611,2,-1,0,0.9947582,1
28,12,1,0,0,-99.800606,-95.22401,281.11115,-0.023278521,-0.0069207307,9.4206654e-05,3.8294444,3.8958333,2,-1,0,0.99277836,1
28,40,1,1,0,-115.982,527.4468,202.10387,-0.02549366,-0.02407963,-0.0002085192,29.51121,29.188334,2,14,1,0.9983175,1
28,34,1,1,0,120.82579,52.93433,141.58246,-0.0031184831,0.00013342117,0.014846985,18.469862,17.791945,2,15,1,0.9939433,1
28,12,1,0,0,-99.800606,-95.22401,281.11115,-0.023278521,-0.0069207307,9.4206654e-05,3.6627777,3.6597223,2,-1,0,0.93901503,1
28,9,1,0,0,147.1327,197.37907,209.84033,-0.016203975,-0.007973615,-0.012606989,4.34634,4.2430553,2,-1,0,0.97869235,1
28,22,1,1,0,-141.86787,-393.88327,181.03717,0.0072935065,0.00420342,-0.018759541,20.262217,20.41,2,16,1,0.9884638,1
28,9,1,1,0,147.1327,197.37907,209.84033,-0.016203975,-0.007973615,-0.012606989,19.235676,18.962223,2,17,1,0.9981458,1
28,22,1,0,0,-141.86787,-393.88327,181.03717,0.0072935065,0.00420342,-0.018759541,3.3130486,3.223611,2,-1,0,0.7082391,1
28,25,0,0,0,0.0,0.0,0.0,0.0,0.0,0.0,13.244779,-1.0,2,-1,0,0.9974132,1
28,2,1,1,0,151.22624,-175.00653,298.65686,-0.002453657,-0.00093662844,-0.011103073,12.23075,12.293056,2,18,1,0.99117917,1
28,4,1,0,0,-160.51868,-603.6204,59.41529,-0.026096204,0.017402135,0.0135438405,5.3034444,5.2555556,2,-1,0,0.988862,1
28,4,1,1,0,-160.51868,-603.6204,59.41529,-0.026096204,0.017402135,0.0135438405,8.713638,8.688889,2,19,1,0.9688569,1
28,14,1,1,0,184.92082,-516.65704,347.8752,-0.023955416,0.018350137,0.0015995356,31.259277,31.364166,2,20,1,0.97846884,1
28,27,1,0,0,-201.13245,540.7712,270.99655,0.011464581,-0.0065095206,-0.019248554,6.7585,6.7102776,2,-1,0,0.9933514,1
28,27,1,1,0,-201.13245,540.7712,270.99655,0.011464581,-0.0065095206,-0.019248554,13.010291,12.717222,2,21,1,0.9958103,1
28,13,1,1,0,201.55602,99.07168,20.151808,-0.0012482675,0.0082883,-0.0039786263,9.899507,9.924444,2,22,1,0.99696004,1
28,10,1,0,0,105.10567,235.71483,225.74484,0.03233733,0.0077539287,-0.0152368015,10.008201,9.935278,2,-1,0,0.9789121,1
28,10,1,0,0,105.10567,235.71483,225.74484,0.03233733,0.0077539287,-0.0152368015,3.612139,3.5522223,2,-1,0,0.9535847,1
28,10,1,0,0,105.10567,235.71483,225.74484,0.03233733,0.0077539287,-0.0152368015,6.996708,7.0105557,2,-1,0,0.913083,1
28,28,1,1,0,-229.17708,-512.24335,1.7616007,-0.009625285,0.000501909,-0.0003541824,9.321013,9.321389,2,23,1,0.93791753,1
28,15,1,1,0,-247.72382,-224.67938,347.53754,0.0040396694,-0.019736651,-0.010284898,17.97782,17.88139,2,24,1,0.9981408,1
28,15,1,0,0,-247.72382,-224.67938,347.53754,0.0040396694,-0.019736651,-0.010284898,3.9318473,3.8430555,2,-1,0,0.97462827,1
28,16,1,1,0,249.50246,500.3894,295.2868,0.007223291,0.00074225396,-0.00888182,12.029362,12.126111,2,25,1,0.98834956,1
28,8,1,1,0,-250.68326,201.34981,325.0957,-0.0061050807,0.016355865,0.012646341,15.357763,14.611944,2,26,1,0.99077344,1
28,39,1,1,0,250.44247,77.858376,17.839907,0.02178044,-0.010054646,-0.014034917,19.43011,19.573334,2,27,1,0.9797492,1
28,8,1,0,0,-250.68326,201.34981,325.0957,-0.0061050807,0.016355865,0.012646341,10.038848,10.090278,2,-1,0,0.9723283,1
28,32,1,1,0,274.03726,125.26353,151.60472,0.0060332664,-0.008719959,0.015140218,19.748428,15.087222,2,28,1,0.9951115,1
28,35,1,0,0,-292.35986,44.130825,32.032257,0.0063778465,0.0054745562,0.012829059,4.02841,3.9594445,2,-1,0,0.97235435,1
28,35,1,1,0,-292.35986,44.130825,32.032257,0.0063778465,0.0054745562,0.012829059,15.574285,15.614722,2,29,1,0.99620014,1
28,3,1,1,0,294.88907,-474.98978,14.699993,0.008919013,-0.0062883296,0.006475659,8.073098,8.013889,2,30,1,0.9736546,1
28,7,1,1,0,-303.60834,-479.2214,405.2193,-0.012198671,-0.0054570483,0.016601019,14.627388,13.567223,2,31,1,0.99407345,1
28,26,1,1,0,314.2976,484.7872,407.563,-0.0018916155,0.01576982,-0.023171505,21.941158,19.383888,2,32,1,0.98573536,1
28,30,1,1,0,335.81262,-567.44617,418.12912,0.015345057,-0.016858414,-0.0021807838,21.8378,17.141388,2,33,1,0.98239005,1
28,6,1,1,0,-358.1316,-171.42387,176.40302,0.008671666,0.020464106,-0.011340793,21.110874,20.926945,2,34,1,0.9908332,1
29,29,1,0,0,51.38279,-298.114,136.76794,-0.028212905,-0.029758515,0.03668253,9.329187,9.4575,2,-1,0,0.99572134,1
29,8,1,1,0,-35.590614,207.53343,246.42564,-0.010870197,-0.007937017,-0.004425044,17.528765,17.481945,2,0,1,0.98209023,1
29,34,1,1,0,38.68282,295.51416,103.251755,0.0023568359,-0.009433298,0.012687898,12.994062,12.979167,2,1,1,0.9956109,1
29,36,1,1,0,45.185604,-177.0008,23.176416,-0.0016635776,0.051967937,0.002616284,27.170515,27.359444,2,2,1,0.9998816,1
29,34,1,0,0,38.68282,295.51416,103.251755,0.0023568359,-0.009433298,0.012687898,4.0252914,4.1325,2,-1,0,0.98263836,1
29,36,1,0,0,45.185604,-177.0008,23.176416,-0.0016635776,0.051967937,0.002616284,7.5640073,7.1691666,2,-1,0,0.9932482,1
29,36,1,0,0,45.185604,-177.0008,23.176416,-0.0016635776,0.051967937,0.002616284,24.917807,24.835833,2,-1,0,0.99999654,1
29,29,1,1,0,51.38279,-298.114,136.76794,-0.028212905,-0.029758515,0.03668253,53.475746,50.97889,2,3,1,0.99484813,1
29,40,1,1,0,-57.6434,193.19069,141.99779,-0.005456988,-0.005020734,0.010123318,15.158667,14.949722,2,4,1,0.9987802,1
29,11,1,0,0,-122.12031,254.93611,205.5331,0.01734532,-0.013814687,0.017550308,2.9107432,2.8377779,2,-1,0,0.5075874,1
29,33,1,1,0,-82.26722,380.48376,215.91774,0.0025506117,-0.009681268,-0.02052965,20.960194,21.150555,2,5,1,0.99005324,1
29,10,1,1,0,83.4915,435.90292,166.61263,-0.0054704966,-0.01781093,-0.01792941,25.90625,25.801945,2,6,1,0.9508968,1
29,32,1,1,0,84.34703,266.09964,191.72356,-0.0017756871,-0.0068853227,0.012567807,16.690876,14.964444,2,7,1,0.97074574,1
29,12,1,1,0,-91.38414,145.78732,100.717316,-0.01612727,0.015225026,-0.007853491,21.844362,21.50639,2,8,1,0.99770004,1
29,7,1,0,0,101.78953,-78.71572,28.309048,-0.0029984012,0.002252969,-0.00049807195,3.4911458,3.3975,2,-1,0,0.82484514,1
29,3,1,1,0,96.723274,395.75842,171.51219,0.013038841,0.01512996,-0.0038041808,15.751361,15.791667,2,9,1,0.9999926,1
29,7,1,1,0,101.78953,-78.71572,28.309048,-0.0029984012,0.002252969,-0.00049807195,4.219611,3.9180555,2,10,1,0.9743181,1
29,23,1,0,0,-113.064354,75.61463,84.84247,0.0015760288,-0.00037853388,0.0040764404,3.9299865,3.7866666,2,-1,0,0.9584536,1
29,3,1,0,0,96.723274,395.75842,171.51219,0.013038841,0.01512996,-0.0038041808,7.3608885,7.325,2,-1,0,0.9979273,1
29,11,1,0,0,-122.12031,254.93611,205.5331,0.01734532,-0.013814687,0.017550308,12.143368,12.174444,2,-1,0,0.991083,1
29,11,1,1,0,-122.12031,254.93611,205.5331,0.01734532,-0.013814687,0.017550308,12.413896,12.425,2,11,1,0.95977354,1
29,21,1,1,0,124.33928,-392.151,372.93958,0.028830584,-0.00679793,0.0019904985,27.466406,27.472778,2,12,1,0.9859531,1
29,28,1,0,0,-140.86809,483.0239,56.52887,0.01616862,-0.014796971,0.023362879,6.04491,5.8730555,2,-1,0,0.9719648,1
29,21,1,0,0,124.33928,-392.151,372.93958,0.028830584,-0.00679793,0.0019904985,4.5147223,4.4144444,2,-1,0,0.9912095,1
29,28,1,1,0,-140.86809,483.0239,56.52887,0.01616862,-0.014796971,0.023362879,29.149908,29.170279,2,13,1,0.99880064,1
29,23,1,1,0,-113.064354,75.61463,84.84247,0.0015760288,-0.00037853388,0.0040764404,3.768868,3.8791666,2,14,1,0.90239084,1
29,17,1,1,0,153.05577,-401.6591,454.239,-0.020208687,0.022054961,-0.0038464624,29.205624,29.65611,2,15,1,0.9873948,1
29,9,1,1,0,-162.02075,-15.872892,458.3629,-0.0037865697,0.0041537583,0.010492042,9.487341,7.1725,2,16,1,0.99808323,1
29,20,1,1,0,-180.3492,-463.9098,256.34418,0.025468614,-0.032004617,-0.0013776405,22.422062,22.414722,2,17,1,0.999985,1
29,20,1,0,0,-180.3492,-463.9098,256.34418,0.025468614,-0.032004617,-0.0013776405,18.97489,19.10389,2,-1,0,0.9999436,1
29,25,1,1,0,-179.1816,232.07526,339.44852,0.00014782858,0.008230692,-0.0018507083,9.381583,9.224444,2,18,1,0.9744995,1
29,15,1,0,0,-237.47038,431.1974,455.13345,0.034512922,0.016599897,0.0022558295,7.388597,7.4605556,2,-1,0,0.98793167,1
29,5,1,0,0,-287.87497,-371.62277,283.53983,0.030496214,-0.008358952,0.0026040978,5.075805,5.155,2,-1,0,0.9795522,1
29,37,1,1,0,194.1311,-99.58671,319.2344,-0.021719234,-0.046753973,-0.0038594978,54.880886,54.765835,2,19,1,0.9986524,1
29,24,1,1,0,195.05934,-333.3497,7.665941,-0.0088090915,-0.015850928,-0.020940233,28.221926,28.278055,2,20,1,0.9993475,1
29,6,1,0,0,210.43414,-300.46497,440.15268,-0.0008511096,-0.025241548,-0.02731586,3.367861,3.3541667,2,-1,0,0.95000553,1
29,6,1,0,0,210.43414,-300.46497,440.15268,-0.0008511096,-0.025241548,-0.02731586,10.91784,10.928611,2,-1,0,0.9806968,1
29,6,1,1,0,210.43414,-300.46497,440.15268,-0.0008511096,-0.025241548,-0.02731586,14.87673,14.8925,2,21,1,0.9803436,1
29,6,1,0,0,210.43414,-300.46497,440.15268,-0.0008511096,-0.025241548,-0.02731586,4.483965,4.3577776,2,-1,0,0.9623452,1
29,35,1,1,0,212.70357,-79.10191,235.93034,0.017141206,-0.004664442,-0.017760465,18.281298,14.131667,2,22,1,0.9576231,1
29,12,1,0,0,-91.38414,145.78732,100.717316,-0.01612727,0.015225026,-0.007853491,3.0735905,3.151389,2,-1,0,0.8901544,1
29,15,1,1,0,-237.47038,431.1974,455.13345,0.034512922,0.016599897,0.0022558295,28.36671,28.549444,2,23,1,0.99309844,1
29,18,1,1,0,-242.87334,374.0062,254.23318,0.017520273,-0.014514069,0.014230249,27.020868,27.208055,2,24,1,0.99872583,1
29,35,0,0,0,0.0,0.0,0.0,0.0,0.0,0.0,6.122792,-1.0,2,-1,0,0.97129625,1
29,38,1,1,0,-243.84679,135.96262,351.02625,0.0030442914,0.007558017,0.0062749675,9.175159,9.063889,2,25,1,0.98534054,1
29,13,1,1,0,250.34064,153.4608,221.30786,0.0075991517,-0.0011614923,0.008995637,11.522618,11.492778,2,26,1,0.9990977,1
29,18,1,0,0,-242.87334,374.0062,254.23318,0.017520273,-0.014514069,0.014230249,4.5448956,4.619167,2,-1,0,0.9861036,1
29,19,1,0,0,-275.21136,-326.0677,19.287828,0.03178093,0.030222204,0.02014191,12.480751,12.455556,2,-1,0,0.9714935,1
29,19,1,1,0,-275.21136,-326.0677,19.287828,0.03178093,0.030222204,0.02014191,25.010223,24.814722,2,27,1,0.9828006,1
29,19,1,0,0,-275.21136,-326.0677,19.287828,0.03178093,0.030222204,0.02014191,10.744541,10.8538885,2,-1,0,0.97920495,1
29,4,1,1,0,-274.84518,294.193,81.799164,-0.01673803,-0.008407778,-0.018041536,15.011916,15.060555,2,28,1,0.99409336,1
29,5,1,1,0,-287.87497,-371.62277,283.53983,0.030496214,-0.008358952,0.0026040978,21.445826,21.643055,2,29,1,0.87368894,1
29,2,1,1,0,290.3223,360.27527,460.35565,-0.013713914,-0.0018344537,-0.016764592,22.9215,23.095556,2,30,1,0.9815028,1
29,5,1,0,0,-287.87497,-371.62277,283.53983,0.030496214,-0.008358952,0.0026040978,4.284382,4.2411113,2,-1,0,0.7802218,1
29,4,1,0,0,-274.84518,294.193,81.799164,-0.01673803,-0.008407778,-0.018041536,8.178174,8.259722,2,-1,0,0.9697731,1
29,39,0,0,0,0.0,0.0,0.0,0.0,0.0,0.0,11.604667,-1.0,2,-1,0,0.99335337,1
29,1,0,0,0,0.0,0.0,0.0,0.0,0.0,0.0,13.683987,-1.0,2,-1,0,0.9421732,1
29,31,1,0,0,312.6905,460.22922,386.06992,0.025971087,-0.016158435,-0.012932631,7.510667,7.488611,2,-1,0,0.9495558,1
29,14,1,1,0,320.85104,-396.5169,55.549362,-0.0024776896,0.007490365,-0.014251068,14.458396,14.431666,2,31,1,0.9958704,1
29,31,1,1,0,312.6905,460.22922,386.06992,0.025971087,-0.016158435,-0.012932631,20.042707,19.918056,2,32,1,0.80323863,1
29,30,1,1,0,321.0137,-92.926575,357.8912,-0.006923591,0.015423462,-0.020142468,13.413041,13.213333,2,33,1,0.992357,1
29,30,1,0,0,321.0137,-92.926575,357.8912,-0.006923591,0.015423462,-0.020142468,6.9484653,3.9883332,2,-1,0,0.9699949,1
29,31,1,0,0,312.6905,460.22922,386.06992,0.025971087,-0.016158435,-0.012932631,4.3234234,4.461389,2,-1,0,0.96006346,1
29,22,1,1,0,331.4295,-368.04355,260.26666,0.01110551,0.0200979,0.0059197084,20.205875,20.05,2,34,1,0.99578494,1
29,27,1,1,0,-342.87448,-222.72327,20.733644,-0.012699921,0.012641851,-0.012770392,9.842986,9.833333,2,35,1,0.9698599,1
29,27,1,0,0,-342.87448,-222.72327,20.733644,-0.012699921,0.012641851,-0.012770392,8.028542,7.9430556,2,-1,0,0.99419576,1
30,37,1,1,0,4.217633,131.57205,363.39572,0.022835324,-0.016204737,0.010988728,16.675383,16.600555,2,0,1,0.9899951,1
30,16,0,1,0,-2.5645618,360.891,214.39766,-0.027593864,-0.0026550374,0.0071973037,17.994804,17.926666,2,1,1,0.77722275,1
30,9,1,1,0,19.275679,-583.0003,159.1009,-0.007453229,-0.03696965,-0.0067564175,43.86038,37.77889,2,2,1,0.9845477,1
30,3,1,1,0,18.349989,-569.0321,451.6386,0.00367664,-0.0057849037,0.0061411,11.976743,11.138056,2,3,1,0.9979235,1
30,24,1,0,0,-22.361332,-479.4409,445.75644,0.009870975,-0.0047530136,0.012446559,5.8778124,5.8447223,2,-1,0,0.9979963,1
30,24,1,1,0,-22.361332,-479.4409,445.75644,0.009870975,-0.0047530136,0.012446559,13.714403,13.858889,2,4,1,0.9957567,1
30,31,1,1,0,25.796131,-281.59247,64.57683,-0.01470465,-0.001356651,-0.021623734,24.973602,24.535833,2,5,1,0.99771345,1
30,37,1,0,0,4.217633,131.57205,363.39572,0.022835324,-0.016204737,0.010988728,8.481792,8.314167,2,-1,0,0.9912175,1
30,16,1,0,0,-2.5645618,360.891,214.39766,-0.027593864,-0.0026550374,0.0071973037,8.543396,8.398334,2,-1,0,0.9873963,1
30,18,1,0,0,66.82667,496.78055,358.34048,0.0005119653,0.021441348,0.009700696,5.975868,5.9286113,2,-1,0,0.95010436,1
30,1,1,1,0,-49.015053,174.3967,128.36075,-0.012207255,-0.007072994,-0.0038935232,15.436263,15.5025,2,6,1,0.9978377,1
30,18,1,0,0,66.82667,496.78055,358.34048,0.0005119653,0.021441348,0.009700696,2.708153,2.7947223,2,-1,0,0.7115114,1
30,18,1,1,0,66.82667,496.78055,358.34048,0.0005119653,0.021441348,0.009700696,21.486515,21.543333,2,7,1,0.992262,1
30,21,1,1,0,-65.88217,490.46686,90.59528,-0.0051408606,-0.0037758222,-0.011675889,16.178244,12.086945,2,8,1,0.9766316,1
30,23,1,0,0,-126.376305,12.561857,266.82538,0.020061303,-0.0065616886,-0.0034284345,4.4310274,4.527222,2,-1,0,0.9660818,1
30,4,1,1,0,86.08855,-38.14371,186.24062,-0.0052586296,0.0071174838,0.0032465437,10.365479,10.363334,2,9,1,0.9527834,1
30,34,1,0,0,-92.02554,286.8637,345.38388,0.017896444,0.0012040305,0.0021405022,8.284312,8.263333,2,-1,0,0.92563635,1
30,34,1,1,0,-92.02554,286.8637,345.38388,0.017896444,0.0012040305,0.0021405022,12.548174,12.660833,2,-1,1,0.95422316,1
30,4,1,0,0,86.08855,-38.14371,186.24062,-0.0052586296,0.0071174838,0.0032465437,3.3999166,3.491111,2,-1,0,0.94037503,1
30,34,1,0,0,-92.02554,286.8637,345.38388,0.017896444,0.0012040305,0.0021405022,5.8057017,5.928889,2,-1,0,0.9753255,1
30,30,1,1,0,-120.25061,-558.5217,336.1364,0.002546448,0.0057534217,0.004230733,8.725707,8.810833,2,10,1,0.9993801,1
30,23,1,1,0,-126.376305,12.561857,266.82538,0.020061303,-0.0065616886,-0.0034284345,12.794153,13.0275,2,11,1,0.9555378,1
30,38,1,1,0,126.35985,-118.046364,239.99136,-0.005609007,0.008409517,-0.0013947609,9.756867,9.684167,2,12,1,0.99040496,1
30,22,1,1,0,-153.81236,4.491559,347.67264,0.0076556588,0.007902253,0.0010175051,10.353478,10.268888,2,13,1,0.9902682,1
30,6,1,1,0,151.36684,114.79935,173.99745,0.012732275,0.01283228,-0.016315434,17.714806,17.936388,2,14,1,0.9997657,1
30,6,1,0,0,151.36684,114.79935,173.99745,0.012732275,0.01283228,-0.016315434,8.946305,8.916667,2,-1,0,0.96280587,1
30,39,1,1,0,-158.20805,-75.02111,406.9986,-0.01220333,0.019509088,-0.01299665,28.979574,28.815834,2,15,1,0.98795915,1
30,15,1,0,0,-174.88513,-331.36014,48.78779,0.027197184,0.008391664,-0.009859991,11.220944,11.097222,2,-1,0,0.98561585,1
30,15,1,1,0,-174.88513,-331.36014,48.78779,0.027197184,0.008391664,-0.009859991,21.9442,21.896944,2,16,1,0.99888045,1
30,15,1,0,0,-174.88513,-331.36014,48.78779,0.027197184,0.008391664,-0.009859991,4.543465,4.698889,2,-1,0,0.88853997,1
30,10,1,1,0,183.14786,-566.93823,76.62881,-0.030428872,0.004465191,0.005237471,23.365751,23.560278,2,17,1,0.99821544,1
30,17,1,1,0,-177.92403,-267.75912,289.52316,-0.005969164,0.00058930204,-0.006190387,7.140826,4.5522223,2,18,1,0.99341583,1
30,19,0,0,0,0.0,0.0,0.0,0.0,0.0,0.0,24.8081,-1.0,2,-1,0,0.9440302,1
30,32,0,0,0,0.0,0.0,0.0,0.0,0.0,0.0,3.026132,3.0558333,2,-1,0,0.714412,1
30,7,1,1,0,184.52931,-576.74805,397.5764,-0.019874295,-0.0071728057,0.006113162,21.809818,21.916945,2,19,1,0.96124166,1
30,20,1,0,0,-207.80447,-224.09138,93.78542,0.005947645,-0.0067130136,0.008055643,4.4612637,4.4308333,2,-1,0,0.97626084,1
30,13,0,0,0,0.0,0.0,0.0,0.0,0.0,0.0,21.145082,-1.0,2,-1,0,0.99834883,1
30,13,0,0,0,0.0,0.0,0.0,0.0,0.0,0.0,11.526042,-1.0,2,-1,0,0.99337065,1
30,20,1,1,0,-207.80447,-224.09138,93.78542,0.005947645,-0.0067130136,0.008055643,12.972091,12.9175,2,20,1,0.9938445,1
30,5,1,1,0,-221.2751,-312.3923,434.87164,0.0088172695,0.003792875,0.007948209,12.77293,12.619166,2,22,1,0.9610491,1
30,12,0,0,0,0.0,0.0,0.0,0.0,0.0,0.0,4.691236,-1.0,2,-1,0,0.9520543,1
30,11,1,1,0,233.01677,-596.11725,94.722626,0.006869479,-0.011046129,-0.012912688,16.321585,16.079721,2,23,1,0.9845145,1
30,25,1,0,0,-252.19724,-259.42484,257.53888,0.02507033,0.010255812,-0.007446614,6.321792,6.325,2,-1,0,0.98772043,1
30,36,1,1,0,241.13748,595.063,82.34755,-0.009859597,0.0028801437,0.007795406,11.777763,11.919723,2,24,1,0.87122405,1
30,25,1,1,0,-252.19724,-259.42484,257.53888,0.02507033,0.010255812,-0.007446614,17.85021,17.775833,2,25,1,0.99426055,1
30,35,1,0,0,-251.4501,-584.83545,17.461744,0.012725244,0.0112105,0.022598041,6.5154862,3.9033334,2,-1,0,0.9523142,1
30,35,1,1,0,-251.4501,-584.83545,17.461744,0.012725244,0.0112105,0.022598041,20.157389,20.113333,2,26,1,0.9973017,1
30,14,1,0,0,-282.0046,485.01233,68.162766,-0.015401634,0.0031011708,-0.012580188,9.527062,4.4922223,2,-1,0,0.98285013,1
30,40,1,0,0,315.8843,427.1427,132.78856,0.019382125,-0.007170686,0.0015597724,3.1532497,3.105,2,-1,0,0.95495147,1
30,27,1,1,0,300.47156,-584.45953,41.502625,0.010647502,0.018355967,-0.011946631,15.851591,15.944445,2,28,1,0.99159896,1
30,27,1,0,0,300.47156,-584.45953,41.502625,0.010647502,0.018355967,-0.011946631,7.346966,7.293889,2,-1,0,0.98649955,1
30,14,1,1,0,-282.0046,485.01233,68.162766,-0.015401634,0.0031011708,-0.012580188,5.047111,4.9263887,2,29,1,0.95677257,1
30,8,1,1,0,316.4846,235.78189,264.24182,-0.02392198,-0.0070012156,0.02263594,25.305048,25.457777,2,30,1,0.9827514,1
30,40,1,1,0,315.8843,427.1427,132.78856,0.019382125,-0.007170686,0.0015597724,7.4878125,7.5133333,2,31,1,0.989291,1
30,28,1,1,0,316.13104,299.05252,426.08862,0.019662187,-0.0150584355,0.002083606,18.663584,18.761944,2,32,1,0.9969517,1
30,40,1,0,0,315.8843,427.1427,132.78856,0.019382125,-0.007170686,0.0015597724,4.6026735,4.538611,2,-1,0,0.9789032,1
30,28,1,0,0,316.13104,299.05252,426.08862,0.019662187,-0.0150584355,0.002083606,3.5204582,3.4619443,2,-1,0,0.9483383,1
30,29,1,0,0,327.29202,546.22595,78.727165,0.018642789,0.006300531,0.004527302,9.50084,8.066667,2,-1,0,0.98935854,1
30,26,1,0,0,-342.48215,-304.91412,170.03104,-0.019816088,-0.000866044,0.015616117,10.026604,8.391389,2,-1,0,0.9730449,1
30,29,1,1,0,327.29202,546.22595,78.727165,0.018642789,0.006300531,0.004527302,8.676751,8.76,2,33,1,0.97404873,1
30,40,1,0,0,315.8843,427.1427,132.78856,0.019382125,-0.007170686,0.0015597724,5.2707496,5.354722,2,-1,0,0.96168303,1
30,14,1,0,0,-282.0046,485.01233,68.162766,-0.015401634,0.0031011708,-0.012580188,3.3998473,3.4269445,2,-1,0,0.6773474,1
30,33,1,0,0,-363.19382,298.52084,285.64133,0.009144707,0.03654369,0.029400272,4.3667502,4.3858333,2,-1,0,0.9918161,1
30,2,1,0,0,-357.66858,183.96802,309.97055,0.012545089,0.017655024,-0.027416022,4.97991,4.711389,2,-1,0,0.98355305,1
30,2,1,0,0,-357.66858,183.96802,309.97055,0.012545089,0.017655024,-0.027416022,11.568472,11.604167,2,-1,0,0.9967926,1
30,2,1,1,0,-357.66858,183.96802,309.97055,0.012545089,0.017655024,-0.027416022,12.573568,12.587778,2,34,1,0.9604682,1
30,32,0,0,0,0.0,0.0,0.0,0.0,0.0,0.0,12.097791,-1.0,2,-1,0,0.9918486,1
30,26,1,1,0,-342.48215,-304.91412,170.03104,-0.019816088,-0.000866044,0.015616117,12.094764,12.087222,2,35,1,0.8896485,1
30,33,1,0,0,-363.19382,298.52084,285.64133,0.009144707,0.03654369,0.029400272,4.00675,4.0825,2,-1,0,0.9628262,1
30,33,1,1,0,-363.19382,298.52084,285.64133,0.009144707,0.03654369,0.029400272,13.379557,13.229722,2,36,1,0.9928598,1
30,21,0,0,0,0.0,0.0,0.0,0.0,0.0,0.0,2.700639,2.7030556,2,-1,0,0.5695149,1
31,29,1,0,0,-32.892925,404.60754,53.36815,0.005750466,-0.019937357,0.0061307615,6.566305,6.297222,2,-1,0,0.9094564,1
31,4,1,0,0,17.556364,287.04086,64.79624,-0.00157195,0.017747601,-0.018132677,3.8239791,3.889722,2,-1,0,0.8396411,1
31,4,1,1,0,17.556364,287.04086,64.79624,-0.00157195,0.017747601,-0.018132677,16.543083,16.440834,2,0,1,0.96375716,1
31,4,1,0,0,17.556364,287.04086,64.79624,-0.00157195,0.017747601,-0.018132677,5.7862296,5.8425,2,-1,0,0.960073,1
31,37,1,0,0,34.97461,541.8382,380.1864,-0.014182518,0.018843163,0.011943827,3.8115902,3.7733333,2,-1,0,0.9428729,1
31,37,1,0,0,-30.516792,503.02786,124.128006,-0.014182518,0.018843163,0.011943827,6.0585136,6.19,2,-1,0,0.97874224,1
31,37,1,1,0,-30.516792,503.02786,124.128006,-0.014182518,0.018843163,0.011943827,31.032299,30.363056,2,1,1,0.9995735,1
31,29,1,1,0,-32.892925,404.60754,53.36815,0.005750466,-0.019937357,0.0061307615,17.952528,18.2575,2,2,1,0.99165523,1
31,28,1,1,0,41.554344,453.4639,393.9178,0.0020528892,0.008041488,-0.025929011,17.879738,18.248611,2,3,1,0.99817634,1
31,28,1,0,0,41.554344,453.4639,393.9178,0.0020528892,0.008041488,-0.025929011,7.008215,7.042222,2,-1,0,0.9873726,1
31,28,1,0,0,41.554344,453.4639,393.9178,0.0020528892,0.008041488,-0.025929011,4.2688055,4.221667,2,-1,0,0.99528545,1
31,37,1,0,0,34.97461,541.8382,380.1864,-0.014182518,0.018843163,0.011943827,2.7493126,2.8605556,2,-1,0,0.6748767,1
31,37,1,0,0,34.97461,541.8382,380.1864,-0.014182518,0.018843163,0.011943827,4.1372848,4.020278,2,-1,0,0.96460587,1
31,37,1,0,0,34.97461,541.8382,380.1864,-0.014182518,0.018843163,0.011943827,3.1194303,3.211111,2,-1,0,0.7964611,1
31,27,1,1,0,52.821228,262.09567,15.656043,0.01040292,0.0004331309,0.0069026416,14.111117,14.236111,2,4,1,0.99931026,1
31,16,1,1,0,-69.66671,20.341808,449.55392,-0.012016364,0.021623012,0.004497711,14.600855,11.218889,2,5,1,0.99045825,1
31,7,1,1,0,69.60309,512.6957,412.12653,0.0037114108,-9.2507966e-05,0.009943701,8.393507,8.472777,2,6,1,0.99238974,1
31,21,1,0,0,75.57162,453.39545,219.35793,-5.977579e-05,-0.021759454,-0.0017917963,4.775847,4.6355557,2,-1,0,0.975201,1
31,21,1,1,0,75.57162,453.39545,219.35793,-5.977579e-05,-0.021759454,-0.0017917963,20.750689,20.950556,2,7,1,0.9504413,1
31,3,0,0,0,0.0,0.0,0.0,0.0,0.0,0.0,2.8122222,2.7925,2,-1,0,0.5267986,1
31,16,1,0,0,-69.66671,20.341808,449.55392,-0.012016364,0.021623012,0.004497711,9.191875,9.215,2,-1,0,0.96813446,1
31,16,1,0,0,-69.66671,20.341808,449.55392,-0.012016364,0.021623012,0.004497711,3.4622917,3.5547223,2,-1,0,0.83422977,1
31,1,1,1,0,81.16121,-449.49026,199.25256,0.005113204,-0.0139962565,-0.0051026307,16.606041,17.070278,2,8,1,0.99628156,1
31,30,1,1,0,99.40152,-500.57272,144.70065,-0.005230593,-0.0057576373,-0.0002948263,9.110333,9.063056,2,9,1,0.9514386,1
31,35,1,1,0,-100.11218,141.7704,18.62435,-0.026979791,0.016170722,-0.010605991,35.065876,36.177776,2,10,1,0.99191624,1
31,19,0,0,0,0.0,0.0,0.0,0.0,0.0,0.0,2.8107777,2.828889,2,-1,0,0.5529832,1
31,24,1,1,0,-135.01218,249.06999,187.18463,0.013459098,0.033514623,-0.017375872,37.84102,37.737778,2,11,1,0.9981616,1
31,12,1,0,0,134.14503,-183.1972,405.2795,-9.9675846e-05,-0.01798269,-0.020595998,11.691958,11.556389,2,-1,0,0.9910061,1
31,12,1,1,0,134.14503,-183.1972,405.2795,-9.9675846e-05,-0.01798269,-0.020595998,14.047034,14.267222,2,12,1,0.9809762,1
31,12,0,0,0,0.0,0.0,0.0,0.0,0.0,0.0,4.1621666,0.29777777,2,-1,0,0.93230456,1
31,2,1,1,0,135.5953,229.85701,204.61885,6.719747e-05,-0.011501923,0.011782205,16.665972,16.8075,2,13,1,0.9811624,1
31,2,1,0,0,135.5953,229.85701,204.61885,6.719747e-05,-0.011501923,0.011782205,4.0723195,4.0244446,2,-1,0,0.9499749,1
31,26,1,1,0,145.34409,443.47385,445.33365,-0.0050517856,0.026153354,-0.0002596,31.223833,30.445278,2,14,1,0.9993691,1
31,3,1,1,0,-163.64061,-229.77336,400.93375,0.005350878,-0.0036734315,-0.01710382,16.778423,16.760555,2,15,1,0.9941679,1
31,3,1,0,0,-163.64061,-229.77336,400.93375,0.005350878,-0.0036734315,-0.01710382,3.0224724,3.0586112,2,-1,0,0.8848959,1
31,13,1,1,0,-166.1753,428.7576,210.93105,0.006915393,0.0098278485,-0.006388552,14.786354,14.775556,2,16,1,0.9957282,1
31,17,1,1,0,-165.64525,72.139854,256.9484,-0.017039761,0.0043736137,-0.005439468,19.74382,19.889723,2,17,1,0.99448,1
31,8,1,1,0,-189.70181,439.46503,45.264835,0.019964887,-0.010484059,0.0049015027,10.881979,10.923333,2,18,1,0.9819379,1
31,8,1,0,0,-189.70181,439.46503,45.264835,0.019964887,-0.010484059,0.0049015027,8.835639,8.803056,2,-1,0,0.9762917,1
31,3,1,0,0,-163.64061,-229.77336,400.93375,0.005350878,-0.0036734315,-0.01710382,3.4810905,3.301389,2,-1,0,0.9187755,1
31,19,1,1,0,-207.5212,72.233826,342.4371,-0.009994488,-0.0003089464,0.008624144,13.775347,13.548056,2,19,1,0.9901154,1
31,32,1,1,0,-215.71677,56.85002,301.1432,-0.0013168284,-0.007442395,0.024574649,15.00355,14.893611,2,20,1,0.99165404,1
31,32,1,0,0,-215.71677,56.85002,301.1432,-0.0013168284,-0.007442395,0.024574649,9.568652,8.203611,2,-1,0,0.98180723,1
31,31,1,1,0,220.33102,454.4239,386.76834,-0.0029588696,0.018253133,0.008034326,6.7791667,6.786667,2,21,1,0.9875322,1
31,31,1,0,0,220.33102,454.4239,386.76834,-0.0029588696,0.018253133,0.008034326,5.870382,5.735,2,-1,0,0.9564769,1
31,31,1,0,0,220.33102,454.4239,386.76834,-0.0029588696,0.018253133,0.008034326,5.5979447,5.725278,2,-1,0,0.9767535,1
31,38,1,1,0,-229.41461,469.24728,309.52737,0.022054747,0.015860666,-0.013377252,31.10076,31.073334,2,22,1,0.9990982,1
31,9,1,1,0,246.97112,-318.23822,306.6952,-0.0021861924,-0.008871721,-0.026626064,26.909697,27.1,2,23,1,0.9934448,1
31,18,1,0,0,-257.0703,311.71002,258.8851,0.0028745006,-0.028570393,-0.017502647,15.71975,15.6044445,2,-1,0,0.9846438,1
31,18,1,1,0,-257.0703,311.71002,258.8851,0.0028745006,-0.028570393,-0.017502647,18.544937,18.61389,2,24,1,0.9917418,1
31,23,1,1,0,-259.3873,-88.00122,69.28875,0.0035423555,-0.008757391,0.012446654,12.615639,12.549444,2,25,1,0.99962616,1
31,23,1,0,0,-259.3873,-88.00122,69.28875,0.0035423555,-0.008757391,0.012446654,2.9903405,3.1080556,2,-1,0,0.8121658,1
31,15,1,1,0,-264.66986,-131.47865,57.7965,0.005270172,0.0023837043,-0.011109038,12.8857765,10.451111,2,26,1,0.9958662,1
31,33,1,1,0,-269.39865,449.77756,453.3539,-0.0026128548,-0.0138917575,0.004969506,15.741855,12.353611,2,27,1,0.9985316,1
31,18,1,0,0,-257.0703,311.71002,258.8851,0.0028745006,-0.028570393,-0.017502647,3.4678957,3.4708333,2,-1,0,0.93810993,1
31,36,1,1,0,300.94864,-25.09836,414.15778,-0.006905448,0.005469276,-0.01609135,14.788918,14.651111,2,28,1,0.9570863,1
31,40,1,1,0,-304.3691,-17.637924,109.07205,0.0077886144,-0.001255933,-0.0029915955,7.690132,7.5916667,2,29,1,0.9616326,1
31,39,0,0,0,0.0,0.0,0.0,0.0,0.0,0.0,9.967181,-1.0,2,-1,0,0.98124665,1
31,39,0,0,0,0.0,0.0,0.0,0.0,0.0,0.0,6.4406533,-1.0,2,-1,0,0.97278327,1
31,10,1,1,0,-319.92905,25.760757,301.95255,-0.0135547565,-0.0030427729,-0.0080524655,11.6258335,6.108333,2,30,1,0.9924555,1
31,11,1,1,0,-322.9914,157.9097,358.4192,0.004405596,0.015522972,0.0044340133,15.840019,15.834167,2,31,1,0.99276394,1
31,25,1,1,0,-333.70657,-418.96326,170.91193,0.0076166075,-0.0019315088,-0.008429442,9.932097,9.796111,2,32,1,0.96892625,1
31,6,1,1,0,334.2234,230.87398,428.5807,0.023719931,-0.0022043078,-0.013503424,22.945902,23.011389,2,33,1,0.99982774,1
31,25,1,0,0,-333.70657,-418.96326,170.91193,0.0076166075,-0.0019315088,-0.008429442,3.308757,3.2552779,2,-1,0,0.93019396,1
31,20,1,1,0,-342.46753,-7.979179,360.25623,-0.008054904,-0.0020467725,-0.0016598164,7.441458,4.916389,2,34,1,0.9589046,1
31,34,1,1,0,345.8254,99.35171,152.29483,-0.004974739,-0.011972309,0.016261548,14.128183,14.034445,2,35,1,0.99544454,1
31,34,1,0,0,345.8254,99.35171,152.29483,-0.004974739,-0.011972309,0.016261548,5.3347435,5.3013887,2,-1,0,0.99590695,1
31,6,1,0,0,334.2234,230.87398,428.5807,0.023719931,-0.0022043078,-0.013503424,4.181736,4.2188888,2,-1,0,0.98307854,1
31,14,1,1,0,351.03186,-92.11856,31.046385,0.00962848,-0.01516451,-0.0122077605,18.704348,17.521667,2,36,1,0.98908025,1
31,22,1,1,0,-362.8815,-332.07126,234.42522,0.007388879,-0.012818098,0.008301641,16.300943,16.266111,2,-1,1,0.99332595,1
32,31,1,1,0,-29.113583,101.62122,144.60533,0.0013909558,-0.009828576,-0.0008458308,7.4917774,7.5183334,2,0,1,0.984382,1
32,15,1,1,0,-3.4962034,19.415527,138.66891,0.004954025,0.020831682,-0.011363659,5.06866,5.1380553,2,1,1,0.9905996,1
32,15,1,0,0,-3.4962034,19.415527,138.66891,0.004954025,0.020831682,-0.011363659,4.6743402,4.516389,2,-1,0,0.92617583,1
32,17,1,1,0,-20.341848,593.48486,397.8248,0.007199781,0.018933093,0.0133393025,25.679512,25.544167,2,2,1,0.99337524,1
32,33,1,1,0,25.36916,-445.83197,241.77751,0.0016417823,0.0020233854,-0.006396878,8.278111,7.0305557,2,3,1,0.970819,1
32,22,1,1,0,26.733929,-296.59686,408.0692,0.009363989,0.021930946,-0.019620677,20.604986,20.420834,2,4,1,0.99592614,1
32,38,1,0,0,-26.625957,-101.707275,390.00305,-0.017271033,0.0120701315,0.00030824737,9.012111,8.684167,2,-1,0,0.97759956,1
32,31,1,0,0,-29.113583,101.62122,144.60533,0.0013909558,-0.009828576,-0.0008458308,6.4037366,6.4688888,2,-1,0,0.98908514,1
32,22,1,0,0,26.733929,-296.59686,408.0692,0.009363989,0.021930946,-0.019620677,9.577841,9.580556,2,-1,0,0.99401087,1
32,38,1,1,0,-26.625957,-101.707275,390.00305,-0.017271033,0.0120701315,0.00030824737,16.577417,16.594444,2,-1,1,0.99465114,1
32,4,1,1,0,109.98691,464.78726,220.75586,-0.0045552845,0.0040396946,0.0287153,19.588585,19.504168,2,5,1,0.9930461,1
32,30,1,1,0,65.02871,71.740776,459.32172,0.0030505094,-0.015105077,0.0185139,11.027055,11.14,2,6,1,0.9819857,1
32,9,1,1,0,88.64764,-575.61334,65.27142,-0.017457493,0.015742397,0.02171983,34.091267,34.14389,2,7,1,0.9616003,1
32,16,1,1,0,93.72746,-300.3008,380.4234,0.012408277,0.007878202,0.018718379,24.90707,24.955,2,8,1,0.9974794,1
32,16,1,0,0,93.72746,-300.3008,380.4234,0.012408277,0.007878202,0.018718379,3.3827777,2.4219444,2,-1,0,0.86191046,1
32,6,1,1,0,-99.410645,407.52148,159.24905,0.014619967,0.014327762,0.0067199785,23.120968,22.854723,2,9,1,0.9999554,1
32,26,1,1,0,-95.91466,-138.4815,252.25249,-0.0034227627,-0.007826371,-0.0045945523,7.9274163,8.099444,2,10,1,0.9895275,1
32,26,1,0,0,-95.91466,-138.4815,252.25249,-0.0034227627,-0.007826371,-0.0045945523,7.4629307,7.467222,2,-1,0,0.99353796,1
32,4,1,0,0,109.98691,464.78726,220.75586,-0.0045552845,0.0040396946,0.0287153,14.195209,14.133889,2,-1,0,0.9580965,1
32,35,1,1,0,110.60568,587.72925,147.03471,0.014547452,0.008116579,0.02370742,28.743874,28.609722,2,11,1,0.9983512,1
32,36,0,0,0,0.0,0.0,0.0,0.0,0.0,0.0,16.824554,-1.0,2,-1,0,0.9167503,1
32,4,1,0,0,109.98691,464.78726,220.75586,-0.0045552845,0.0040396946,0.0287153,4.8433475,5.1830554,2,-1,0,0.94705683,1
32,20,1,0,0,-267.34677,-145.53915,59.221287,0.023194455,0.0059795864,-0.0124700265,3.64425,3.5894444,2,-1,0,0.914386,1
32,28,1,1,0,-132.96503,-27.704088,197.01308,-0.030957682,-0.01302819,-0.014005781,25.87866,26.195,2,12,1,0.97187144,1
32,14,1,1,0,-140.38724,304.24356,216.49779,-0.021331213,0.008637092,-0.018215645,17.757229,14.768056,2,13,1,0.99329233,1
32,28,1,0,0,-132.96503,-27.704088,197.01308,-0.030957682,-0.01302819,-0.014005781,8.888437,8.805,2,-1,0,0.9762657,1
32,14,1,0,0,-140.38724,304.24356,216.49779,-0.021331213,0.008637092,-0.018215645,4.9597497,4.913611,2,-1,0,0.9688213,1
32,14,1,0,0,-140.38724,304.24356,216.49779,-0.021331213,0.008637092,-0.018215645,7.44441,7.4230556,2,-1,0,0.99150336,1
32,2,1,1,0,161.26305,-570.7082,430.15607,-0.012954751,-0.022818541,-0.0071186903,30.286798,30.334444,2,14,1,0.9982886,1
32,28,1,0,0,-132.96503,-27.704088,197.01308,-0.030957682,-0.01302819,-0.014005781,3.053611,3.0663888,2,-1,0,0.7011323,1
32,27,1,1,0,-158.92773,373.9719,310.93213,-0.0023063566,-0.016006492,0.0129158115,15.413569,13.435833,2,15,1,0.99658585,1
32,27,1,0,0,-158.92773,373.9719,310.93213,-0.0023063566,-0.016006492,0.0129158115,7.898958,7.8533335,2,-1,0,0.9755676,1
32,12,1,0,0,-269.97998,-443.60333,174.48744,0.024789829,0.0007452158,-0.0041820323,4.663062,4.5433335,2,-1,0,0.9761938,1
32,20,1,0,0,-267.34677,-145.53915,59.221287,0.023194455,0.0059795864,-0.0124700265,4.1439514,3.9783332,2,-1,0,0.97967017,1
32,25,1,1,0,171.27325,-447.16196,329.7302,0.004361528,-0.013057735,0.021884149,14.174381,14.269167,2,16,1,0.96908355,1
32,25,1,0,0,171.27325,-447.16196,329.7302,0.004361528,-0.013057735,0.021884149,12.333564,11.559444,2,-1,0,0.9925067,1
32,23,1,1,0,-171.82034,346.83548,196.50693,-0.02192501,-0.011289103,0.011168797,23.807346,23.696667,2,17,1,0.9984302,1
32,1,1,1,0,175.67706,-517.0,206.72707,-0.00025446547,0.009421271,-0.002881068,11.185715,11.140833,2,18,1,0.99836296,1
32,25,1,0,0,171.27325,-447.16196,329.7302,0.004361528,-0.013057735,0.021884149,3.086,3.061389,2,-1,0,0.84495646,1
32,23,1,0,0,-171.82034,346.83548,196.50693,-0.02192501,-0.011289103,0.011168797,3.0918193,3.0966666,2,-1,0,0.833056,1
32,5,0,0,0,0.0,0.0,0.0,0.0,0.0,0.0,19.83586,-1.0,2,-1,0,0.9995198,1
32,5,0,0,0,0.0,0.0,0.0,0.0,0.0,0.0,7.055097,-1.0,2,-1,0,0.99683905,1
32,29,1,1,0,182.07635,549.6209,168.81216,-0.0052975807,0.024820086,-0.02905811,38.808723,38.714443,2,19,1,0.98301214,1
32,5,1,1,0,-180.13945,-16.880672,210.42694,-0.0011600002,0.027619803,-0.01789183,11.329097,11.337222,2,20,1,0.9977229,1
32,10,1,1,0,191.80115,-323.60147,402.07245,0.002579011,-0.00933201,-0.007938718,13.001332,13.091945,2,21,1,0.99334913,1
32,3,1,1,0,217.63872,-214.82933,369.15207,-0.004769101,-0.004814141,0.008964536,9.075277,9.078611,2,22,1,0.9875294,1
32,12,1,0,0,-269.97998,-443.60333,174.48744,0.024789829,0.0007452158,-0.0041820323,8.941389,8.876667,2,-1,0,0.9873707,1
32,19,1,1,0,-231.32616,433.53653,275.7697,-0.005036163,0.041655134,0.0072065904,26.478542,26.146944,2,23,1,0.9997683,1
32,19,1,0,0,-231.32616,433.53653,275.7697,-0.005036163,0.041655134,0.0072065904,3.780375,3.8877778,2,-1,0,0.9536251,1
32,19,1,0,0,-231.32616,433.53653,275.7697,-0.005036163,0.041655134,0.0072065904,7.36284,7.1316667,2,-1,0,0.98527193,1
32,11,1,1,0,247.42026,189.00365,72.72923,-0.015471706,-0.004097195,0.003815355,14.3283615,14.307222,2,24,1,0.983114,1
32,21,1,1,0,-248.07335,-430.71735,155.21777,0.00042316032,0.004982648,0.012331733,13.634994,13.631667,2,25,1,0.9810096,1
32,8,1,1,0,-247.6909,437.59015,451.49673,-0.021022862,0.0025598805,0.0042717704,9.712847,9.761111,2,26,1,0.98852134,1
32,8,1,0,0,-247.6909,437.59015,451.49673,-0.021022862,0.0025598805,0.0042717704,4.153514,4.222778,2,-1,0,0.9630387,1
32,37,1,1,0,-250.27856,214.08253,452.73193,-0.015593495,0.03352136,-0.0053109997,19.783901,19.511389,2,27,1,0.9880277,1
32,37,1,0,0,-250.27856,214.08253,452.73193,-0.015593495,0.03352136,-0.0053109997,7.618486,7.698889,2,-1,0,0.9920998,1
32,20,1,1,0,-267.34677,-145.53915,59.221287,0.023194455,0.0059795864,-0.0124700265,12.598458,12.371667,2,28,1,0.9633,1
32,12,1,1,0,-269.97998,-443.60333,174.48744,0.024789829,0.0007452158,-0.0041820323,12.170757,12.164166,2,29,1,0.9843353,1
32,37,1,0,0,-250.27856,214.08253,452.73193,-0.015593495,0.03352136,-0.0053109997,9.387292,9.456111,2,-1,0,0.9911903,1
32,18,1,0,0,-304.6076,491.9686,457.5289,0.03805569,-0.005072553,-0.016050698,10.471001,10.423333,2,-1,0,0.9479193,1
32,13,1,0,0,280.63107,-413.21353,92.41522,-0.0003539688,-0.0048147687,0.0006839544,4.1812224,4.229722,2,-1,0,0.98256356,1
32,13,1,1,0,280.63107,-413.21353,92.41522,-0.0003539688,-0.0048147687,0.0006839544,7.108805,7.0408335,2,30,1,0.9458421,1
32,18,1,0,0,-304.6076,491.9686,457.5289,0.03805569,-0.005072553,-0.016050698,7.8407707,7.845,2,-1,0,0.97812337,1
32,39,1,1,0,-303.35727,254.99341,208.95154,0.013754341,0.010255801,-0.00084574026,16.569855,16.594166,2,31,1,0.9917745,1
32,18,1,1,0,-304.6076,491.9686,457.5289,0.03805569,-0.005072553,-0.016050698,17.087744,16.873888,2,32,1,0.9881783,1
32,40,1,0,0,319.86792,464.22546,252.90082,-0.017747624,0.024821628,-0.045505606,10.225895,10.050555,2,-1,0,0.99982375,1
32,40,1,1,0,319.86792,464.22546,252.90082,-0.017747624,0.024821628,-0.045505606,37.584904,41.070835,2,33,1,0.9988734,1
32,24,1,1,0,318.17685,-407.9213,100.02811,0.0023579753,0.008952534,-0.0035303866,8.536569,8.368333,2,34,1,0.9792175,1
32,7,1,1,0,340.33456,-261.58505,13.681067,0.004819432,-0.004952037,-2.8848242e-05,7.479188,7.577778,2,35,1,0.98440105,1
32,32,1,1,0,-351.4968,357.21265,437.4052,-0.0020904911,0.006166764,0.0044688717,7.270028,7.206111,2,36,1,0.9712171,1
32,25,1,0,0,379.67587,-242.85648,335.6683,0.004361528,-0.013057735,0.021884149,4.655014,4.715833,2,-1,0,0.9714209,1
33,13,1,0,0,10.7916,-197.54204,146.08142,-0.0052249418,0.021386957,-0.014904581,11.945188,11.017777,2,-1,0,0.9924655,1
33,15,0,0,0,18.91424,108.56971,251.30443,0.008509964,-0.008110835,-0.001220036,4.901687,4.858333,2,-1,0,0.98679787,1
33,28,1,1,0,-14.842805,-352.54477,71.703964,-0.010087238,-0.03687002,-0.025838163,34.2108,25.200277,2,0,1,0.9900283,1
33,2,0,0,0,0.0,0.0,0.0,0.0,0.0,0.0,18.597075,-1.0,2,-1,0,0.9990959,1
33,28,1,0,0,-14.842805,-352.54477,71.703964,-0.010087238,-0.03687002,-0.025838163,12.4349375,12.339444,2,-1,0,0.9909945,1
33,15,1,1,0,18.91424,108.56971,251.30443,0.008509964,-0.008110835,-0.001220036,14.747021,14.548333,2,1,1,0.8166085,1
33,37,1,1,0,-20.107271,-398.88318,424.802,0.0025842127,-0.0016452945,0.0043656724,6.080528,6.0275,2,2,1,0.98962164,1
33,28,1,0,0,-14.842805,-352.54477,71.703964,-0.010087238,-0.03687002,-0.025838163,6.295396,5.9686112,2,-1,0,0.9987017,1
33,13,1,1,0,10.7916,-197.54204,146.08142,-0.0052249418,0.021386957,-0.014904581,19.578424,19.240833,2,3,1,0.9997973,1
33,26,1,0,0,43.38021,-533.39886,350.93713,0.004875463,0.0038798419,-0.017855054,3.358229,3.396111,2,-1,0,0.9390013,1
33,26,1,0,0,43.38021,-533.39886,350.93713,0.004875463,0.0038798419,-0.017855054,10.900195,5.3852777,2,-1,0,0.98757243,1
33,7,1,1,0,45.4755,-159.46812,136.6771,-0.007735136,-0.0076427083,0.009661581,14.649188,14.963056,2,4,1,0.99190086,1
33,26,1,1,0,43.38021,-533.39886,350.93713,0.004875463,0.0038798419,-0.017855054,10.515709,10.501111,2,5,1,0.9852105,1
33,8,1,1,0,58.329494,-260.19424,199.54022,0.0082312105,0.0031612325,-0.031463284,18.886278,18.395,2,6,1,0.9918195,1
33,8,1,0,0,58.329494,-260.19424,199.54022,0.0082312105,0.0031612325,-0.031463284,3.959118,3.8305554,2,-1,0,0.9733084,1
33,8,1,0,0,58.329494,-260.19424,199.54022,0.0082312105,0.0031612325,-0.031463284,5.5426254,5.432778,2,-1,0,0.9878225,1
33,20,1,1,0,61.43076,-539.3931,267.06583,0.00430304,0.0051380433,0.0058739632,6.744959,6.836111,2,7,1,0.9904079,1
33,20,1,0,0,61.43076,-539.3931,267.06583,0.00430304,0.0051380433,0.0058739632,4.730952,4.7425,2,-1,0,0.9793434,1
33,29,1,1,0,-70.25789,414.8207,184.78728,-0.019329108,0.027030969,-0.00075279933,36.754696,30.237778,2,8,1,0.9988869,1
33,8,1,0,0,58.329494,-260.19424,199.54022,0.0082312105,0.0031612325,-0.031463284,3.6957777,3.6572223,2,-1,0,0.950264,1
33,14,1,1,0,-75.24465,-56.618114,90.36131,0.0003495237,-0.0003436641,-0.010012498,9.110701,9.176945,2,9,1,0.97213745,1
33,18,1,1,0,87.90536,359.47687,400.71487,-0.005419328,-0.010579457,-0.0047837994,14.461521,12.352222,2,10,1,0.97191125,1
33,40,1,1,0,-97.9817,355.05945,139.62442,0.010554351,-0.011088856,0.0021453637,18.166187,18.129168,2,11,1,0.9761894,1
33,10,1,1,0,99.94479,-343.6266,293.4612,-0.0068999548,-0.0046393536,-0.01065631,13.536321,13.641945,2,12,1,0.99530727,1
33,40,1,0,0,-97.9817,355.05945,139.62442,0.010554351,-0.011088856,0.0021453637,4.2629094,4.4383335,2,-1,0,0.9399802,1
33,35,1,0,0,112.239365,-208.18646,46.427013,-0.0116351135,0.017178837,0.0075730993,3.5356388,3.568889,2,-1,0,0.9753415,1
33,35,1,1,0,112.239365,-208.18646,46.427013,-0.0116351135,0.017178837,0.0075730993,21.925598,22.518055,2,13,1,0.9853461,1
33,17,1,1,0,-110.775314,-523.2829,145.86176,0.0074014827,0.0086783385,0.0070623155,12.34409,12.688889,2,14,1,0.9877688,1
33,33,1,0,0,130.18523,-587.0604,289.57092,-0.005471039,-0.0069355685,0.012556641,7.0623403,6.8613887,2,-1,0,0.9904225,1
33,33,1,1,0,130.18523,-587.0604,289.57092,-0.005471039,-0.0069355685,0.012556641,17.472855,17.581112,2,15,1,0.99423426,1
33,22,1,0,0,-130.67712,-580.62054,73.765335,-0.0070702317,-0.015352441,-0.029007094,4.853111,4.955,2,-1,0,0.96922475,1
33,22,1,0,0,-130.67712,-580.62054,73.765335,-0.0070702317,-0.015352441,-0.029007094,16.264715,16.3125,2,-1,0,0.9964144,1
33,38,0,0,0,0.0,0.0,0.0,0.0,0.0,0.0,18.807674,-1.0,2,-1,0,0.9992336,1
33,22,1,1,0,-130.67712,-580.62054,73.765335,-0.0070702317,-0.015352441,-0.029007094,16.924917,17.114166,2,16,1,0.9890377,1
33,38,0,0,0,0.0,0.0,0.0,0.0,0.0,0.0,12.1194315,-1.0,2,-1,0,0.9876578,1
33,4,1,1,0,167.9672,-376.3442,207.20212,0.011965004,0.015335334,0.010179729,21.409584,21.453056,2,17,1,0.9919613,1
33,11,0,0,0,0.0,0.0,0.0,0.0,0.0,0.0,11.321313,-1.0,2,-1,0,0.9925787,1
33,11,0,0,0,0.0,0.0,0.0,0.0,0.0,0.0,7.429097,-1.0,2,-1,0,0.9983444,1
33,25,1,1,0,-181.06747,320.33554,115.90407,0.005106524,-0.045977503,-0.011258526,52.572422,46.958332,2,18,1,0.99997807,1
33,25,1,0,0,-181.06747,320.33554,115.90407,0.005106524,-0.045977503,-0.011258526,6.4837914,6.0019445,2,-1,0,0.9065797,1
33,16,1,0,0,201.41881,569.0215,327.95566,0.0029653313,-0.031244477,0.021337388,3.3010275,3.328889,2,-1,0,0.971178,1
33,9,1,1,0,-210.58755,154.00879,331.6961,0.034210537,-0.025953092,-0.011817022,27.007223,26.981388,2,19,1,0.9936813,1
33,16,1,1,0,201.41881,569.0215,327.95566,0.0029653313,-0.031244477,0.021337388,24.85593,21.079166,2,20,1,0.993693,1
33,19,1,0,0,240.77647,-533.9823,263.56696,-0.01930452,-0.0059717735,-0.0018921472,4.528264,4.522222,2,-1,0,0.95109266,1
33,16,1,0,0,201.41881,569.0215,327.95566,0.0029653313,-0.031244477,0.021337388,12.253793,12.461667,2,-1,0,0.9991986,1
33,9,1,0,0,-210.58755,154.00879,331.6961,0.034210537,-0.025953092,-0.011817022,20.67121,20.682777,2,-1,0,0.99380094,1
33,12,1,1,0,-216.73552,82.35724,169.54771,0.017568415,0.015306587,-0.0020643885,15.174138,15.283889,2,21,1,0.99038106,1
33,12,1,0,0,-216.73552,82.35724,169.54771,0.017568415,0.015306587,-0.0020643885,8.359216,8.433611,2,-1,0,0.9578917,1
33,36,1,1,0,222.52461,-23.43833,439.90744,-0.001369297,-0.031587552,-0.009288273,24.254313,24.24361,2,22,1,0.9945192,1
33,36,1,0,0,222.52461,-23.43833,439.90744,-0.001369297,-0.031587552,-0.009288273,6.4748263,6.4269443,2,-1,0,0.9720149,1
33,36,1,0,0,222.52461,-23.43833,439.90744,-0.001369297,-0.031587552,-0.009288273,3.0964441,3.2508333,2,-1,0,0.8045674,1
33,19,1,1,0,240.77647,-533.9823,263.56696,-0.01930452,-0.0059717735,-0.0018921472,13.419423,13.291111,2,23,1,0.9765954,1
33,32,1,1,0,237.87009,-596.11066,449.7734,0.008849353,0.005650467,0.0072134654,11.594791,11.676111,2,24,1,0.9899587,1
33,31,1,1,0,254.58098,-601.11676,75.03046,0.0060387747,0.015415507,0.010864249,18.153395,18.037777,2,25,1,0.940202,1
33,12,1,0,0,-216.73552,82.35724,169.54771,0.017568415,0.015306587,-0.0020643885,2.9380138,2.958611,2,-1,0,0.6292145,1
33,3,1,1,0,-296.4117,410.92438,228.75679,0.008587866,0.01085389,-0.040596634,36.53,36.815,2,26,1,0.9662802,1
33,1,1,0,0,302.6134,-333.02728,259.594,0.003648388,0.0015074218,-0.021858258,6.400083,6.3530555,2,-1,0,0.96448344,1
33,1,1,1,0,302.6134,-333.02728,259.594,0.003648388,0.0015074218,-0.021858258,8.992756,8.847777,2,27,1,0.97812176,1
33,1,1,0,0,302.6134,-333.02728,259.594,0.003648388,0.0015074218,-0.021858258,6.030445,6.047222,2,-1,0,0.98231024,1
33,6,1,1,0,307.42285,85.43834,418.2516,-0.013367826,0.00852727,0.013788818,16.33173,16.44861,2,28,1,0.9504448,1
33,6,1,0,0,307.42285,85.43834,418.2516,-0.013367826,0.00852727,0.013788818,3.9721043,3.8905556,2,-1,0,0.99386287,1
33,34,1,1,0,-313.705,-357.44727,363.96265,0.004814163,-0.0042961463,-0.013632101,15.394174,12.796667,2,29,1,0.9710368,1
33,21,1,0,0,322.5993,129.10114,56.29834,-0.01756059,0.0003732739,0.0034316126,2.9091249,2.94,2,-1,0,0.5321249,1
33,21,1,1,0,322.5993,129.10114,56.29834,-0.01756059,0.0003732739,0.0034316126,14.301506,14.3975,2,30,1,0.98466367,1
33,24,1,1,0,-363.36047,68.37021,165.57225,-0.013489123,0.014021102,-0.0001427885,3.5891666,3.6144445,2,31,1,0.94343626,1
33,5,1,1,0,346.41406,-114.05573,132.15547,0.0349909,-0.0035452698,0.0038240778,26.307476,34.832222,2,32,1,0.99783784,1
33,30,1,1,0,-347.12518,549.02057,368.51404,-0.0084825605,0.012131902,-0.009661125,13.744722,11.098611,2,33,1,0.9919843,1
33,27,1,1,0,362.71283,267.9784,99.159035,0.007732978,0.012325172,-0.0196616,9.586612,9.669444,2,34,1,0.98932916,1
34,36,1,1,0,6.953622,330.27118,387.83344,-0.0053811437,-0.013456822,0.017600117,14.806998,14.633333,2,0,1,0.9993426,1
34,36,1,0,0,6.953622,330.27118,387.83344,-0.0053811437,-0.013456822,0.017600117,13.878805,11.950556,2,-1,0,0.9997632,1
34,2,1,1,0,-10.427361,-478.75226,390.50705,-0.012236331,-0.0029439174,-0.004213134,12.317354,12.213333,2,1,1,0.9995726,1
34,3,1,1,0,15.225749,-219.37462,266.26758,0.016806733,-0.00065866957,0.02698649,37.994083,38.195835,2,2,1,0.9987907,1
34,30,1,0,0,42.07234,-264.4601,163.0771,-0.00919544,0.0059523783,0.020024212,10.0125,9.971666,2,-1,0,0.9908744,1
34,8,1,1,0,-36.21267,265.68466,355.015,-0.026927644,0.014677421,-0.054420814,66.05845,66.38917,2,3,1,0.9978811,1
34,30,1,1,0,42.07234,-264.4601,163.0771,-0.00919544,0.0059523783,0.020024212,19.082487,18.85389,2,4,1,0.9949431,1
34,8,1,0,0,-36.21267,265.68466,355.015,-0.026927644,0.014677421,-0.054420814,4.918514,5.026111,2,-1,0,0.91854143,1
34,11,1,1,0,-53.64997,366.94406,329.54367,0.02635389,0.014108345,-0.0045197834,19.622856,19.616112,2,5,1,0.99949086,1
34,11,1,0,0,-53.64997,366.94406,329.54367,0.02635389,0.014108345,-0.0045197834,12.4992075,12.054722,2,-1,0,0.98926455,1
34,35,1,1,0,-62.602192,-487.07138,240.53972,0.012747532,0.0024368688,-0.003378448,16.14575,16.225555,2,6,1,0.98457676,1
34,37,1,1,0,-77.14937,-296.7036,342.69714,0.007952667,-0.005127943,-0.0063188877,6.9068403,6.841111,2,7,1,0.9758105,1
34,3,0,0,0,0.0,0.0,0.0,0.0,0.0,0.0,3.0415971,2.9572222,2,-1,0,0.9342124,1
34,33,1,1,0,-68.53155,-442.78952,318.67877,0.014858865,0.011496343,0.005609789,12.588757,12.406389,2,8,1,0.98652136,1
34,14,1,1,0,-72.38996,563.0744,407.4882,-0.02355905,-0.013515605,-0.009804225,28.562119,28.624166,2,9,1,0.9872701,1
34,37,1,0,0,-77.14937,-296.7036,342.69714,0.007952667,-0.005127943,-0.0063188877,4.741062,4.818333,2,-1,0,0.9064731,1
34,37,1,0,0,-77.14937,-296.7036,342.69714,0.007952667,-0.005127943,-0.0063188877,4.816417,4.8230557,2,-1,0,0.9439924,1
34,14,1,0,0,-72.38996,563.0744,407.4882,-0.02355905,-0.013515605,-0.009804225,4.219236,4.245278,2,-1,0,0.96890557,1
34,34,1,1,0,-91.298134,379.74765,101.7187,-0.0003406612,0.009795676,0.0031458945,12.04741,11.968889,2,10,1,0.99774075,1
34,20,1,0,0,-98.18891,-332.42883,293.72812,0.00759705,0.021528102,0.0076993005,6.7696037,6.773611,2,-1,0,0.9801703,1
34,20,1,1,0,-98.18891,-332.42883,293.72812,0.00759705,0.021528102,0.0076993005,16.348354,16.186111,2,12,1,0.9970368,1
34,16,1,1,0,109.54205,-441.80618,180.8544,-0.010786258,0.0008198804,-0.013702226,19.598598,19.358334,2,13,1,0.99498874,1
34,9,0,0,0,0.0,0.0,0.0,0.0,0.0,0.0,10.41536,-1.0,2,-1,0,0.9961157,1
34,20,1,0,0,-98.18891,-332.42883,293.72812,0.00759705,0.021528102,0.0076993005,3.14575,3.1322222,2,-1,0,0.7328641,1
34,39,1,0,0,139.83415,-92.62605,50.43337,-0.019425046,-0.020969061,0.0028380966,3.3218195,3.2241666,2,-1,0,0.7139791,1
34,33,1,0,0,-68.53155,-442.78952,318.67877,0.014858865,0.011496343,0.005609789,4.775153,4.7836113,2,-1,0,0.975104,1
34,29,1,1,0,133.18929,574.83417,119.67982,0.016349703,0.014732688,-0.0043799956,12.876472,12.901667,2,14,1,0.9991304,1
34,39,1,1,0,139.83415,-92.62605,50.43337,-0.019425046,-0.020969061,0.0028380966,22.169437,21.588333,2,15,1,0.9824541,1
34,29,1,0,0,133.18929,574.83417,119.67982,0.016349703,0.014732688,-0.0043799956,5.4221597,5.3944445,2,-1,0,0.9428666,1
34,2,0,0,0,0.0,0.0,0.0,0.0,0.0,0.0,2.5940487,2.6733334,2,-1,0,0.5265016,1
34,31,1,1,0,-147.07065,260.8327,238.08223,0.0007318113,-0.0017885822,0.008779493,9.992028,9.793056,2,16,1,0.9797468,1
34,31,1,0,0,-147.07065,260.8327,238.08223,0.0007318113,-0.0017885822,0.008779493,4.951187,4.941389,2,-1,0,0.950764,1
34,32,0,0,0,0.0,0.0,0.0,0.0,0.0,0.0,4.6324162,4.541111,2,-1,0,0.9344749,1
34,12,1,1,0,164.27974,-185.28204,402.35825,-0.0052971602,-0.020496668,0.026928458,36.346188,36.201946,2,17,1,0.9909576,1
34,19,1,1,0,160.86319,565.15125,417.51962,0.011696921,-0.005361465,-0.018862404,21.243826,21.36389,2,18,1,0.994056,1
34,26,1,1,0,161.29085,26.785078,312.0841,0.012414767,0.03144181,-0.03052707,22.815697,21.995277,2,19,1,0.9981744,1
34,32,1,1,0,166.53836,62.638874,51.58276,0.0016464891,-0.026545875,0.007812257,29.726673,24.025,2,20,1,0.9935126,1
34,38,1,1,0,170.21788,-110.245544,271.446,-0.010098158,-0.0037167326,0.018941294,20.97904,21.080833,2,-1,1,0.97784895,1
34,26,1,0,0,161.29085,26.785078,312.0841,0.012414767,0.03144181,-0.03052707,17.451145,17.263056,2,-1,0,0.99588627,1
34,10,1,1,0,200.53926,-323.8598,438.00482,-0.012060966,0.0067326156,-0.011366916,16.49416,16.519167,2,21,1,0.99859816,1
34,25,1,1,0,208.78442,96.43489,163.29945,0.02484965,-0.013853814,-0.0012369934,30.617409,27.050278,2,22,1,1.0,1
34,4,1,1,0,210.4772,227.4479,169.21295,-0.0018811281,0.030019663,0.012865247,29.87029,29.794722,2,23,1,0.9945015,1
34,17,1,1,0,-212.65517,-333.2552,140.98326,-0.006269685,-0.0027831523,-0.012222137,9.903444,10.026667,2,24,1,0.99920386,1
34,29,1,0,0,133.18929,574.83417,119.67982,0.016349703,0.014732688,-0.0043799956,2.8371875,2.8516667,2,-1,0,0.50755507,1
34,1,1,1,0,228.96303,303.79425,74.54077,0.01834913,0.008877338,0.012101079,20.20891,19.656666,2,25,1,0.96508646,1
34,7,1,0,0,297.01712,65.943726,102.7256,-0.025885101,0.0023537125,0.02086777,3.0465136,2.9997222,2,-1,0,0.8858796,1
34,18,0,0,0,0.0,0.0,0.0,0.0,0.0,0.0,7.837889,-1.0,2,-1,0,0.993196,1
34,15,1,1,0,258.9168,477.21063,276.25616,-0.016205003,-0.009005621,-0.03213251,33.20463,33.309166,2,27,1,0.999938,1
34,28,1,1,0,263.82523,-458.87357,147.48322,0.00013957315,-0.005071304,0.005933629,7.7855,7.686111,2,28,1,0.9793133,1
34,28,1,0,0,263.82523,-458.87357,147.48322,0.00013957315,-0.005071304,0.005933629,3.7185075,3.7,2,-1,0,0.8104456,1
34,6,1,1,0,284.68976,-139.15855,0.6130546,-0.0072866273,-0.0037399458,0.025200443,23.595673,23.247223,2,29,1,0.99720156,1
34,18,1,1,0,-288.16562,-294.09998,261.46155,0.01951257,-0.014837617,-0.025616914,20.279839,20.228056,2,30,1,0.9805642,1
34,7,1,1,0,297.01712,65.943726,102.7256,-0.025885101,0.0023537125,0.02086777,22.338486,21.29,2,31,1,0.97259074,1
34,40,1,0,0,313.31348,-90.63209,61.59094,-0.0056378758,0.018119078,0.022773813,7.118812,7.038889,2,-1,0,0.9789827,1
34,5,1,1,0,-295.0724,-139.64786,275.67102,-0.0044439565,-0.018012905,-0.00077819347,13.795722,13.696667,2,32,1,0.99815625,1
34,22,1,1,0,307.00458,-47.385323,275.6797,0.0018803993,-0.0024141679,-0.0035309119,3.9573612,4.0480556,2,33,1,0.94339246,1
34,40,1,1,0,313.31348,-90.63209,61.59094,-0.0056378758,0.018119078,0.022773813,28.928122,28.96861,2,34,1,0.9894945,1
34,24,0,0,0,0.0,0.0,0.0,0.0,0.0,0.0,16.702507,-1.0,2,-1,0,0.98234874,1
34,23,1,1,0,-335.61612,-287.6389,339.70187,-0.01175165,-0.019735068,0.017204393,26.166027,24.975,2,35,1,0.87700313,1
34,27,1,1,0,351.484,-398.4748,146.20152,-0.0039346353,0.014346303,-0.017594201,21.731874,21.641388,2,36,1,0.99539006,1
34,21,1,1,0,360.1657,-150.42531,257.30557,0.014017483,-0.018064411,0.0017737641,9.330896,4.761389,2,37,1,0.9743235,1
35,39,1,1,0,-23.297413,-139.11552,424.7549,0.014470025,0.0056353193,-0.014404647,14.484341,14.038055,2,0,1,0.9808662,1
35,19,1,1,0,22.115751,304.7257,96.747375,-0.0018076963,0.008455426,0.014023434,15.251133,13.241389,2,1,1,0.99000144,1
35,19,1,0,0,22.115751,304.7257,96.747375,-0.0018076963,0.008455426,0.014023434,4.126819,4.090833,2,-1,0,0.5989229,1
35,34,0,0,0,0.0,0.0,0.0,0.0,0.0,0.0,24.558195,-1.0,2,-1,0,0.977979,1
35,15,1,0,0,31.174229,226.58836,258.56625,0.01588405,-0.0053756023,0.0019609267,10.09936,2.639722,2,-1,0,0.99014133,1
35,18,1,1,0,-36.742,547.368,310.46973,-0.029224211,0.015121579,0.023425154,32.829903,32.739166,2,2,1,0.9976019,1
35,15,1,1,0,31.174229,226.58836,258.56625,0.01588405,-0.0053756023,0.0019609267,9.235652,9.282222,2,3,1,0.9765204,1
35,35,1,1,0,51.200603,-373.3804,284.76968,0.0077543776,0.0017741844,0.004705346,6.8220553,6.725,2,4,1,0.9669239,1
35,35,1,0,0,51.200603,-373.3804,284.76968,0.0077543776,0.0017741844,0.004705346,3.1982152,3.193889,2,-1,0,0.5044071,1
35,38,1,1,0,60.880913,352.51962,252.01144,-0.020284634,0.010423363,-0.001605171,28.223772,28.128334,2,5,1,0.99882907,1
35,5,1,1,0,-59.839252,-297.78793,422.89923,-0.008163806,-0.02788611,-0.018351708,27.537138,27.649166,2,6,1,0.9952766,1
35,18,1,0,0,-36.742,547.368,310.46973,-0.029224211,0.015121579,0.023425154,13.131853,13.214444,2,-1,0,0.99406564,1
35,10,1,1,0,-101.34956,-118.4581,10.67746,0.026172254,0.0022669227,-0.0042356625,21.724571,21.701666,2,7,1,0.9853962,1
35,10,1,0,0,-101.34956,-118.4581,10.67746,0.026172254,0.0022669227,-0.0042356625,3.9665976,3.8652778,2,-1,0,0.99226576,1
35,29,1,0,0,128.19273,355.4688,441.02695,-0.024284199,0.005245362,0.001270304,10.843583,11.008333,2,-1,0,0.9272494,1
35,29,1,1,0,128.19273,355.4688,441.02695,-0.024284199,0.005245362,0.001270304,14.711424,14.769444,2,-1,1,0.9872824,1
35,23,1,1,0,132.52586,-296.37985,50.994316,-0.02057753,-5.708245e-05,0.0021696954,22.854029,23.141111,2,8,1,0.9963716,1
35,28,0,0,0,0.0,0.0,0.0,0.0,0.0,0.0,5.2025,-1.0,2,-1,0,0.9670706,1
35,28,0,0,0,0.0,0.0,0.0,0.0,0.0,0.0,20.805347,-1.0,2,-1,0,0.9441139,1
35,22,1,1,0,138.66959,594.5836,301.47052,0.023254307,0.0065764086,-0.00270996,13.283639,10.143056,2,9,1,0.9961098,1
35,7,1,1,0,159.34549,-108.128876,257.0924,-0.019569967,-0.0040454487,0.0079677515,17.666729,17.772778,2,10,1,0.9101296,1
35,4,1,1,0,157.41165,583.71344,33.67811,-0.014584146,0.0071744,-0.0077245273,13.657729,13.548333,2,11,1,0.9342768,1
35,3,1,1,0,164.21033,473.02698,31.179878,-0.0148466965,-0.0072349804,-0.014142915,20.143536,20.041111,2,12,1,0.996335,1
35,14,1,1,0,-172.09131,91.42731,427.84915,0.0073362836,-0.004794334,-0.015157252,13.102549,13.220834,2,13,1,0.99629956,1
35,14,1,0,0,-172.09131,91.42731,427.84915,0.0073362836,-0.004794334,-0.015157252,5.2118196,5.252222,2,-1,0,0.97908187,1
35,37,1,1,0,-183.68561,-274.40143,89.26793,0.01992603,0.006821725,-0.021357771,27.132881,27.214722,2,14,1,0.99240184,1
35,40,1,1,0,184.49986,-76.843025,241.87265,-0.0021149365,-0.016163023,-0.011227461,18.792807,18.816944,2,15,1,0.8632974,1
35,40,1,0,0,184.49986,-76.843025,241.87265,-0.0021149365,-0.016163023,-0.011227461,5.941917,4.9030557,2,-1,0,0.9961434,1
35,8,1,1,0,216.04683,-424.39282,272.3965,-0.0020981543,-0.015102991,0.0033001222,14.431326,14.612223,2,16,1,0.99998736,1
35,30,1,1,0,226.6407,58.34913,14.076195,-0.016619086,0.0027114896,-0.049712714,28.377703,28.215279,2,17,1,0.97979486,1
35,30,1,0,0,226.6407,58.34913,14.076195,-0.016619086,0.0027114896,-0.049712714,11.82391,11.8,2,-1,0,0.97380733,1
35,31,1,0,0,245.57947,-63.397327,260.36514,0.0012090718,-0.017348202,-0.007847865,3.5025418,3.4833333,2,-1,0,0.9352063,1
35,31,1,1,0,245.57947,-63.397327,260.36514,0.0012090718,-0.017348202,-0.007847865,19.393381,19.329445,2,18,1,0.9923247,1
35,6,1,1,0,248.85825,-201.36789,385.23825,0.025688222,0.016271094,0.013343922,27.989668,27.831388,2,19,1,0.9999937,1
35,2,1,1,0,-258.22125,470.1312,355.90692,-0.017836612,0.018530367,0.0066077574,20.752869,5.2822223,2,20,1,0.9998995,1
35,25,1,1,0,-293.71695,-277.309,175.88905,-0.003086007,0.032693084,0.024071725,4.40341,4.352778,2,21,1,0.98384607,1
35,27,1,1,0,-279.5373,-175.98586,14.503349,0.002290667,-0.01604953,0.009307565,17.513048,16.13,2,22,1,0.99878246,1
35,11,1,1,0,283.22974,586.3016,272.70218,-0.0028740664,-0.020669993,0.0063876263,22.94744,22.778055,2,23,1,0.98640186,1
35,9,1,0,0,291.53357,155.38222,113.54597,-0.0046072206,-0.02374558,0.014509145,12.223791,12.356944,2,-1,0,0.962613,1
35,32,1,1,0,-286.43024,-92.3449,77.57257,-0.017410543,0.0029167708,-0.004123775,18.09934,18.273333,2,24,1,0.99815315,1
35,33,1,1,0,-289.09033,375.39246,258.68405,-0.025862174,-0.016115943,0.0056064725,26.482258,26.439444,2,25,1,0.99973804,1
35,9,1,1,0,291.53357,155.38222,113.54597,-0.0046072206,-0.02374558,0.014509145,12.080562,12.395278,2,26,1,0.99896944,1
35,25,0,0,0,0.0,0.0,0.0,0.0,0.0,0.0,27.377562,-1.0,2,-1,0,0.9980927,1
35,25,0,0,0,0.0,0.0,0.0,0.0,0.0,0.0,5.513785,-1.0,2,-1,0,0.99869066,1
35,12,1,1,0,306.70383,-201.86777,230.57849,-0.0065390575,0.01740595,0.017538501,11.033687,11.051945,2,27,1,0.9929953,1
35,16,1,1,0,-330.2766,-183.4262,239.30685,-0.0019061934,0.013997544,0.015372774,10.800499,9.423056,2,28,1,0.9921645,1
35,16,1,0,0,-330.2766,-183.4262,239.30685,-0.0019061934,0.013997544,0.015372774,9.075674,9.024445,2,-1,0,0.98780257,1
35,21,1,1,0,-336.55026,570.61426,452.12875,-0.0046090153,0.012416281,0.019138658,11.163501,11.089723,2,29,1,0.99338233,1
35,21,1,0,0,-336.55026,570.61426,452.12875,-0.0046090153,0.012416281,0.019138658,7.52709,7.647222,2,-1,0,0.986961,1
35,1,1,1,0,-343.2979,-215.19421,68.54339,-0.023527883,-0.0056961644,-0.013509616,20.916523,21.068333,2,-1,1,0.9969887,1
35,13,0,0,0,0.0,0.0,0.0,0.0,0.0,0.0,14.898869,-1.0,2,-1,0,0.97110695,1
35,36,1,1,0,351.24387,-488.61328,385.18964,-0.008400889,0.014699792,0.011034441,17.107841,17.391111,2,30,1,0.9814844,1
35,17,1,1,0,-351.9263,-592.002,396.74503,0.0033621395,0.0063623455,-0.003280165,7.4994793,7.4475,2,31,1,0.9290247,1
35,24,1,1,0,-353.0291,401.0306,43.901386,0.007532283,-0.012552503,-0.015118381,19.420187,19.365833,2,32,1,0.98430055,1
35,13,0,0,0,0.0,0.0,0.0,0.0,0.0,0.0,3.5462985,-1.0,2,-1,0,0.9674769,1
36,24,1,1,0,13.60221,-351.83072,44.956417,0.007923258,-0.01856933,-0.013321476,30.43614,26.855833,2,0,1,0.99904305,1
36,34,1,1,0,-19.803099,-132.08302,420.8225,-0.0044043344,-0.009852589,-0.006282536,10.142895,10.370556,2,1,1,0.9566342,1
36,33,1,0,0,-25.291212,-70.73612,98.9116,-0.00497171,-0.004998386,-0.009366212,4.636778,4.5633335,2,-1,0,0.9893217,1
36,2,1,0,0,50.655674,564.533,98.64633,-0.0067140195,0.0035010634,0.020054447,9.856958,9.773611,2,-1,0,0.9822786,1
36,9,1,0,0,64.64242,115.635414,389.14853,-0.007918346,-0.05724631,0.0134922415,15.334708,15.418333,2,-1,0,0.9987588,1
36,2,1,1,0,50.655674,564.533,98.64633,-0.0067140195,0.0035010634,0.020054447,16.12325,11.018333,2,2,1,0.7533719,1
36,9,1,0,0,64.64242,115.635414,389.14853,-0.007918346,-0.05724631,0.0134922415,5.7269373,5.595278,2,-1,0,0.9898949,1
36,9,1,0,0,64.64242,115.635414,389.14853,-0.007918346,-0.05724631,0.0134922415,4.0478473,4.17,2,-1,0,0.99299085,1
36,33,1,1,0,-25.291212,-70.73612,98.9116,-0.00497171,-0.004998386,-0.009366212,6.603194,6.6183333,2,3,1,0.9982078,1
36,9,1,0,0,64.64242,115.635414,389.14853,-0.007918346,-0.05724631,0.0134922415,19.625174,19.404722,2,-1,0,0.9566401,1
36,9,1,1,0,64.64242,115.635414,389.14853,-0.007918346,-0.05724631,0.0134922415,21.383757,21.601944,2,4,1,0.9709999,1
36,15,1,1,0,62.17164,152.45364,98.773094,0.008695091,0.010364893,0.0035673666,13.45934,9.813056,2,5,1,0.9719386,1
36,33,1,0,0,-25.291212,-70.73612,98.9116,-0.00497171,-0.004998386,-0.009366212,4.8783956,4.688611,2,-1,0,0.9990959,1
36,15,1,0,0,62.17164,152.45364,98.773094,0.008695091,0.010364893,0.0035673666,3.9778264,4.025,2,-1,0,0.9648666,1
36,19,1,1,0,-66.96816,-483.65314,286.82333,-0.03163452,0.027625317,-0.0011816149,23.07478,22.332222,2,6,1,0.9989863,1
36,12,1,1,0,68.48721,207.7807,315.91028,-0.0014121467,0.0030613223,0.007826335,8.3445835,8.346111,2,7,1,0.9937835,1
36,37,1,1,0,71.62468,-355.5473,5.542622,0.0031139748,0.00818437,-0.008559677,14.484549,14.591945,2,8,1,0.9965103,1
36,19,1,0,0,-66.96816,-483.65314,286.82333,-0.03163452,0.027625317,-0.0011816149,6.1159654,6.1005554,2,-1,0,0.96685845,1
36,30,1,1,0,-77.982315,526.1024,146.75612,-0.004855156,0.0063101,-0.0013725257,7.378722,7.520278,2,9,1,0.97817403,1
36,31,1,1,0,80.5842,198.5561,210.00957,-0.0012085405,-0.018498233,0.002496342,21.381826,21.541666,2,10,1,0.99979764,1
36,14,0,0,0,0.0,0.0,0.0,0.0,0.0,0.0,2.8104374,2.889722,2,-1,0,0.5039564,1
36,19,1,0,0,-66.96816,-483.65314,286.82333,-0.03163452,0.027625317,-0.0011816149,5.519035,5.4355555,2,-1,0,0.96780485,1
36,19,1,0,0,-66.96816,-483.65314,286.82333,-0.03163452,0.027625317,-0.0011816149,3.591375,3.67,2,-1,0,0.92479265,1
36,27,1,1,0,-111.21267,490.83386,192.83801,-0.009292297,0.025351863,-0.0028672565,14.1802845,14.085556,2,11,1,0.9981592,1
36,27,1,0,0,-111.21267,490.83386,192.83801,-0.009292297,0.025351863,-0.0028672565,7.92732,8.006667,2,-1,0,0.9934343,1
36,27,1,0,0,-111.21267,490.83386,192.83801,-0.009292297,0.025351863,-0.0028672565,4.398771,4.360833,2,-1,0,0.9843002,1
36,14,1,1,0,-142.46951,14.054788,63.802734,-0.01873667,-0.014752099,0.0007367558,21.181952,20.739166,2,12,1,0.9988188,1
36,14,1,0,0,-142.46951,14.054788,63.802734,-0.01873667,-0.014752099,0.0007367558,6.155327,6.1541667,2,-1,0,0.98873234,1
36,30,1,0,0,-77.982315,526.1024,146.75612,-0.004855156,0.0063101,-0.0013725257,4.553056,4.6369443,2,-1,0,0.93942,1
36,27,0,0,0,0.0,0.0,0.0,0.0,0.0,0.0,3.0513337,2.933889,2,-1,0,0.5403747,1
36,23,1,1,0,170.48758,423.81363,215.49768,0.006667313,0.023039084,-0.012194986,19.879688,20.001944,2,13,1,0.9095756,1
36,39,1,1,0,171.03502,-360.1772,448.77875,0.024237711,-0.013786023,0.0009493413,24.089798,24.04,2,14,1,0.9999964,1
36,22,1,1,0,181.10713,-367.4271,27.407711,-0.026630092,0.015041933,-0.011616417,31.023764,30.966944,2,15,1,0.99350774,1
36,23,1,0,0,170.48758,423.81363,215.49768,0.006667313,0.023039084,-0.012194986,3.523625,3.591389,2,-1,0,0.9572671,1
36,39,1,0,0,171.03502,-360.1772,448.77875,0.024237711,-0.013786023,0.0009493413,4.693403,4.668611,2,-1,0,0.98380095,1
36,28,1,1,0,-182.14827,-528.876,1.7222158,0.02236669,0.0040990706,0.010882312,17.624695,17.866667,2,16,1,0.99902105,1
36,28,1,0,0,-182.14827,-528.876,1.7222158,0.02236669,0.0040990706,0.010882312,6.7859926,6.9252777,2,-1,0,0.987382,1
36,23,1,0,0,170.48758,423.81363,215.49768,0.006667313,0.023039084,-0.012194986,4.293361,4.236111,2,-1,0,0.92997295,1
36,11,1,0,0,210.44075,-282.95154,184.75662,-0.026641207,-0.013362128,-0.00317097,4.428493,4.3680553,2,-1,0,0.96926033,1
36,8,1,0,0,-217.03407,-130.53818,171.71275,0.021900216,-0.021228539,0.005819269,5.803472,5.886389,2,-1,0,0.98248464,1
36,11,1,1,0,210.44075,-282.95154,184.75662,-0.026641207,-0.013362128,-0.00317097,26.689283,26.410278,2,17,1,0.9999999,1
36,38,1,1,0,-207.21286,-181.91069,6.066015,9.2140384e-05,0.0010292025,0.0148349805,10.118264,10.298611,2,18,1,0.99769586,1
36,38,1,0,0,-207.21286,-181.91069,6.066015,9.2140384e-05,0.0010292025,0.0148349805,3.9134376,3.0658333,2,-1,0,0.97174734,1
36,18,1,1,0,-207.52711,118.446236,198.74458,-0.001452153,0.017496882,0.015973639,24.00168,24.070555,2,19,1,0.9983771,1
36,26,1,1,0,-208.71812,241.26894,326.3268,-0.014349925,-0.0027838852,0.008876907,14.877848,14.769722,2,20,1,0.99391705,1
36,32,1,1,0,213.19048,-191.74765,189.76706,-0.0083010495,0.004853591,-0.005323078,9.211688,8.428611,2,21,1,0.9929826,1
36,8,1,1,0,-217.03407,-130.53818,171.71275,0.021900216,-0.021228539,0.005819269,26.137096,25.949444,2,22,1,0.9927787,1
36,20,1,1,0,-225.9953,507.61353,314.38565,0.0067984154,-0.0031426686,-0.01285918,13.374903,13.482778,2,23,1,0.9979772,1
36,25,1,1,0,-228.17519,300.95355,180.56767,0.01928982,0.0037459687,0.012204526,17.341291,17.37111,2,24,1,0.999798,1
36,21,1,0,0,230.48799,64.14948,315.03482,-0.004758941,-0.031275317,0.038747665,15.280859,15.490278,2,-1,0,0.9351624,1
36,21,1,1,0,230.48799,64.14948,315.03482,-0.004758941,-0.031275317,0.038747665,22.450035,22.545,2,25,1,0.99665487,1
36,21,1,0,0,230.48799,64.14948,315.03482,-0.004758941,-0.031275317,0.038747665,5.927424,4.6925,2,-1,0,0.9837675,1
36,4,1,1,0,-231.32423,-489.46362,303.95053,-0.038707256,0.01650925,-0.035547797,24.824827,52.025555,2,26,1,0.9999083,1
36,21,1,0,0,230.48799,64.14948,315.03482,-0.004758941,-0.031275317,0.038747665,9.367181,9.493333,2,-1,0,0.9877927,1
36,13,1,1,0,237.72699,577.10504,120.536385,0.00057344243,-0.0038582275,-0.0026531185,4.923118,4.557778,2,27,1,0.9760484,1
36,1,1,1,0,243.0234,553.07416,233.76788,0.010416063,-0.00658854,0.0013488875,11.164375,11.296111,2,28,1,0.99416226,1
36,36,1,1,0,244.27293,-413.5314,382.62546,0.012734038,0.016561965,-0.014252451,23.002771,23.022223,2,29,1,0.98662823,1
36,3,1,0,0,256.08527,64.540146,347.57837,-0.010116065,0.02730829,0.0020869223,6.2692156,6.395,2,-1,0,0.99493587,1
36,4,1,0,0,-231.32423,-489.46362,303.95053,-0.038707256,0.01650925,-0.035547797,2.9794445,2.8994443,2,-1,0,0.5256858,1
36,17,1,1,0,-253.81274,168.96634,330.3875,0.006874654,0.007833698,0.0062613003,10.821848,10.721666,2,30,1,0.9578254,1
36,3,1,1,0,256.08527,64.540146,347.57837,-0.010116065,0.02730829,0.0020869223,23.537964,13.238611,2,31,1,0.99498343,1
36,14,0,0,0,0.0,0.0,0.0,0.0,0.0,0.0,2.7265973,2.7258334,2,-1,0,0.6369734,1
36,20,1,0,0,-225.9953,507.61353,314.38565,0.0067984154,-0.0031426686,-0.01285918,6.770889,6.831111,2,-1,0,0.97027653,1
36,40,1,1,0,290.4361,588.1255,450.11783,0.0115960045,0.026822818,0.0032416089,19.026777,14.404722,2,32,1,0.99333775,1
36,16,1,1,0,308.70984,-341.96585,9.883376,-0.014539331,0.015432976,0.029067326,36.64706,36.691944,2,33,1,0.9681161,1
36,35,1,1,0,321.18597,270.87875,127.11917,-0.02479658,-0.01392954,-0.0019643991,21.907797,21.771944,2,34,1,0.98475754,1
36,35,1,0,0,321.18597,270.87875,127.11917,-0.02479658,-0.01392954,-0.0019643991,5.917055,5.900833,2,-1,0,0.9826779,1
36,10,1,1,0,327.20987,434.9605,245.51964,-0.013474107,0.008039561,0.009109734,14.651695,14.21,2,35,1,0.9881931,1
36,5,1,1,0,-351.26004,-344.36893,149.21512,-0.017163062,0.021169841,0.009874416,21.49371,21.526388,2,36,1,0.9756364,1
36,7,1,1,0,-360.74515,-123.27988,263.06476,0.016762607,-0.0043496448,0.010918704,19.201397,19.328056,2,37,1,0.9695886,1
36,29,1,1,0,-359.01202,406.7616,148.50105,-0.009777325,0.011724338,0.0070153703,9.84316,6.068333,2,38,1,0.9676889,1
36,6,1,1,0,-360.13986,-337.65982,33.93679,-0.006052795,-0.011309714,0.0029292481,9.265972,5.568333,2,39,1,0.9513416,1
36,7,1,0,0,-360.74515,-123.27988,263.06476,0.016762607,-0.0043496448,0.010918704,5.0290484,5.0713887,2,-1,0,0.988603,1
37,4,1,1,0,-11.945015,-41.60118,82.43452,0.033290427,-0.0016847715,-0.037058238,38.843056,37.65917,2,0,1,0.99996436,1
37,4,1,0,0,-11.945015,-41.60118,82.43452,0.033290427,-0.0016847715,-0.037058238,7.433229,7.621111,2,-1,0,0.9982855,1
37,27,1,1,0,18.180958,-97.48166,125.59494,0.017142473,-0.0012262838,0.011684481,24.208937,24.514444,2,1,1,0.999046,1
37,4,1,0,0,-11.945015,-41.60118,82.43452,0.033290427,-0.0016847715,-0.037058238,8.242431,8.445,2,-1,0,0.9877858,1
37,9,1,1,0,28.14394,-155.5136,293.76056,0.0048345192,0.016188575,0.023348922,24.956411,24.285,2,2,1,0.99938464,1
37,9,1,0,0,28.14394,-155.5136,293.76056,0.0048345192,0.016188575,0.023348922,3.867014,3.845,2,-1,0,0.92486703,1
37,9,1,0,0,28.14394,-155.5136,293.76056,0.0048345192,0.016188575,0.023348922,4.9558334,3.5625,2,-1,0,0.9840156,1
37,13,1,1,0,30.164165,470.82465,203.11223,0.0122275725,-0.014728866,-0.003644593,11.091854,11.088611,2,3,1,0.9977943,1
37,13,1,0,0,30.164165,470.82465,203.11223,0.0122275725,-0.014728866,-0.003644593,5.6704655,5.503889,2,-1,0,0.96301633,1
37,35,0,0,0,0.0,0.0,0.0,0.0,0.0,0.0,3.528153,3.5013888,2,-1,0,0.58182305,1
37,33,1,1,0,43.19269,347.1354,219.34729,0.009512366,0.01685365,-0.026914801,25.844826,25.713612,2,4,1,0.99387264,1
37,32,1,1,0,-54.87491,546.7292,331.70197,-0.0037028142,-0.020429164,-0.006858254,23.900867,14.873055,2,5,1,0.9990144,1
37,33,1,0,0,43.19269,347.1354,219.34729,0.009512366,0.01685365,-0.026914801,10.005923,10.1472225,2,-1,0,0.99996567,1
37,16,1,1,0,-70.49154,-253.62703,386.98517,-0.0028891552,-0.017484555,-0.0023111962,20.153542,20.150278,2,6,1,0.9988555,1
37,22,1,1,0,-88.4391,177.88432,100.37903,0.007755469,-0.016335247,-0.015867434,25.280743,25.100834,2,7,1,0.9996532,1
37,31,1,1,0,-91.92369,437.0997,402.25607,0.001786644,-0.011636996,-0.0091279475,18.061493,18.0225,2,8,1,0.98050964,1
37,8,1,0,0,-107.086845,23.16313,68.985794,0.0064921775,0.0031751022,-0.017345946,6.1740003,6.3094444,2,-1,0,0.9677433,1
37,18,1,1,0,-95.61121,445.40466,249.8317,-0.008493447,0.00041263757,-0.008419236,13.774159,13.728611,2,9,1,0.9690507,1
37,8,1,1,0,-107.086845,23.16313,68.985794,0.0064921775,0.0031751022,-0.017345946,12.617354,12.684444,2,10,1,0.98945796,1
37,19,1,0,0,124.34426,39.415764,223.57109,-0.00015828063,-0.006898087,-0.009036527,4.612604,4.5466666,2,-1,0,0.98879343,1
37,19,1,1,0,124.34426,39.415764,223.57109,-0.00015828063,-0.006898087,-0.009036527,8.105249,8.263333,2,11,1,0.9749629,1
37,30,1,1,0,-132.9422,137.83588,427.10345,-0.0035343014,0.009374396,0.03168813,20.441103,20.5475,2,12,1,0.9967007,1
37,38,1,1,0,-143.93393,203.8662,108.6706,0.004502022,0.01242833,0.012049766,20.897974,20.262222,2,13,1,0.9978167,1
37,2,1,0,0,-154.98883,-6.6047544,146.61404,0.010627927,-0.013962878,0.02297424,4.5802636,4.5105557,2,-1,0,0.9911049,1
37,2,1,1,0,-154.98883,-6.6047544,146.61404,0.010627927,-0.013962878,0.02297424,19.86296,19.777222,2,14,1,0.87162083,1
37,40,1,1,0,152.51321,-486.2508,258.75574,0.009081772,-0.008106968,0.011677815,18.689306,17.133333,2,15,1,0.99801093,1
37,40,1,0,0,152.51321,-486.2508,258.75574,0.009081772,-0.008106968,0.011677815,4.0062914,4.0172224,2,-1,0,0.9677723,1
37,39,1,1,0,-168.89781,-107.09305,23.039268,-0.00051713217,0.0328129,0.014680779,20.997833,20.995277,2,16,1,0.8350961,1
37,36,1,0,0,166.93866,-485.2213,129.76042,-0.001548226,-0.00042140723,0.021641575,10.387777,10.322778,2,-1,0,0.99505013,1
37,36,1,1,0,166.93866,-485.2213,129.76042,-0.001548226,-0.00042140723,0.021641575,13.263625,12.505834,2,17,1,0.9896338,1
37,39,1,0,0,-168.89781,-107.09305,23.039268,-0.00051713217,0.0328129,0.014680779,12.782633,12.890555,2,-1,0,0.98392624,1
37,20,1,1,0,-172.68015,428.00467,314.88837,-0.03764897,-0.031606056,0.0047757137,33.637997,33.476944,2,18,1,0.9989291,1
37,21,1,1,0,174.29247,413.74023,309.5721,0.0039155376,0.01797293,-0.009132628,19.635815,16.725277,2,19,1,0.9991265,1
37,20,1,0,0,-172.68015,428.00467,314.88837,-0.03764897,-0.031606056,0.0047757137,11.257008,11.289166,2,-1,0,0.9983884,1
37,29,1,1,0,180.32825,-315.14758,33.71989,-0.0041739773,0.017314337,-0.0065416116,16.951332,16.97,2,20,1,0.97275203,1
37,3,1,1,0,181.27414,265.78674,375.8636,0.006349576,0.024025485,-0.0053045554,18.310856,18.403889,2,21,1,0.9917425,1
37,3,1,0,0,181.27414,265.78674,375.8636,0.006349576,0.024025485,-0.0053045554,6.961452,6.8508334,2,-1,0,0.99326175,1
37,24,1,1,0,198.29024,-561.581,331.29202,-0.006858884,0.010031863,0.023883488,27.183376,27.174723,2,22,1,0.9826058,1
37,1,1,1,0,-200.95644,312.84012,271.23987,0.021444166,-0.0132274665,-0.0032303752,25.390646,25.636667,2,23,1,0.9988312,1
37,17,1,1,0,-206.13222,8.941421,49.229294,-0.025759459,-0.030970227,-0.0019691784,22.588793,14.317223,2,24,1,0.9822175,1
37,25,1,1,0,210.64378,498.1967,234.99594,-0.02275655,-0.01221358,-0.005931093,26.421736,21.556389,2,25,1,0.99965215,1
37,17,1,0,0,-206.13222,8.941421,49.229294,-0.025759459,-0.030970227,-0.0019691784,5.9830904,6.0569444,2,-1,0,0.9933542,1
37,26,1,1,0,-215.5438,-542.12823,28.850988,0.0031098914,0.0020476503,0.005004764,8.315021,6.4566665,2,26,1,0.99290365,1
37,17,0,0,0,0.0,0.0,0.0,0.0,0.0,0.0,11.612153,-1.0,2,-1,0,0.98200893,1
37,11,1,1,0,-242.74052,540.4114,368.11978,0.0033837338,0.0101015,0.023700345,18.585695,18.353056,2,27,1,0.9933361,1
37,11,1,0,0,-242.74052,540.4114,368.11978,0.0033837338,0.0101015,0.023700345,3.2576249,3.2697222,2,-1,0,0.8678945,1
37,28,1,1,0,259.75354,329.56863,342.20966,-0.009140925,0.0044957194,0.011593649,13.824814,13.850833,2,28,1,0.97566456,1
37,7,1,1,0,-270.49902,-391.49658,440.80267,0.032174204,-0.01306711,0.038336184,30.694561,30.832777,2,29,1,0.9948224,1
37,35,1,0,0,259.42438,-583.94244,451.67276,-0.010965082,-0.0036582828,0.0014230721,3.4505415,3.386111,2,-1,0,0.9242211,1
37,34,1,1,0,-276.37115,216.64008,215.07536,-0.0020291079,0.0062022335,-0.012543046,11.759813,11.623889,2,30,1,0.8935536,1
37,6,1,0,0,331.0734,346.17606,203.2582,-0.025741871,8.690095e-05,-0.009892402,4.2375555,4.123889,2,-1,0,0.9961002,1
37,35,1,1,0,281.7231,-372.9546,439.26062,-0.010965082,-0.0036582828,0.0014230721,11.042292,10.993055,2,31,1,0.9779588,1
37,6,1,0,0,331.0734,346.17606,203.2582,-0.025741871,8.690095e-05,-0.009892402,5.547195,5.548611,2,-1,0,0.92273664,1
37,15,1,1,0,-297.77466,138.40427,30.133673,-0.0043027042,0.025153767,-0.007296917,19.963346,19.900278,2,32,1,0.9065334,1
37,5,1,1,0,-299.06296,-328.00513,403.07632,-0.010340724,-0.021207279,-0.0281557,17.509195,16.37111,2,33,1,0.9911355,1
37,5,1,0,0,-299.06296,-328.00513,403.07632,-0.010340724,-0.021207279,-0.0281557,13.875855,13.824166,2,-1,0,0.9953171,1
37,15,1,0,0,-297.77466,138.40427,30.133673,-0.0043027042,0.025153767,-0.007296917,4.995625,4.925,2,-1,0,0.9926335,1
37,10,1,1,0,-306.64966,39.402554,124.067406,0.0057818866,0.0021855403,-0.007024986,8.311375,8.373889,2,34,1,0.989035,1
37,14,1,1,0,309.8916,-470.53137,389.44803,-0.0036897163,-0.006271387,0.00013406338,6.216979,6.2813888,2,35,1,0.9723508,1
37,23,1,0,0,-308.341,452.0267,249.90967,-0.016646197,-0.016087204,0.009422078,7.798139,7.9086113,2,-1,0,0.99383247,1
37,37,1,1,0,-323.28156,369.08212,439.98953,-0.0011502131,0.012970272,0.012663993,13.533334,13.587222,2,36,1,0.9780701,1
37,15,1,0,0,-297.77466,138.40427,30.133673,-0.0043027042,0.025153767,-0.007296917,3.6152573,3.563611,2,-1,0,0.9453571,1
37,6,1,1,0,331.0734,346.17606,203.2582,-0.025741871,8.690095e-05,-0.009892402,10.676361,10.759444,2,37,1,0.94643664,1
37,23,1,1,0,-308.341,452.0267,249.90967,-0.016646197,-0.016087204,0.009422078,12.594673,12.663055,2,38,1,0.97053313,1
38,6,1,1,0,22.984732,547.45825,275.75766,0.0095752375,-0.013186376,0.004975273,21.736591,20.29889,2,0,1,0.9766684,1
38,23,1,1,0,-34.250156,370.48758,173.97919,0.009110676,-0.0021500103,0.005169509,11.645035,11.661389,2,1,1,0.97799623,1
38,33,1,1,0,-33.756077,224.2899,311.9663,-0.0122333625,0.01598057,-0.0069308393,16.70043,16.658333,2,2,1,0.9643127,1
38,33,1,0,0,-33.756077,224.2899,311.9663,-0.0122333625,0.01598057,-0.0069308393,5.306396,5.3294444,2,-1,0,0.9940568,1
38,32,1,1,0,47.216946,459.1046,144.38013,0.0028314113,-0.007461925,-0.018406726,22.944237,23.209444,2,3,1,0.9997763,1
38,34,1,1,0,80.761826,201.74446,309.22726,-0.008150406,0.004716477,-5.495472e-05,11.239618,11.098056,2,4,1,0.99201113,1
38,9,1,1,0,-87.112915,-237.91408,325.84583,0.0074959765,0.01972034,0.008060341,27.97718,25.40639,2,5,1,0.9973623,1
38,37,1,0,0,-117.706,-429.2285,282.07382,0.020249357,-0.01015919,-0.009471585,10.045014,10.1,2,-1,0,0.99781066,1
38,38,1,1,0,103.66125,541.63293,227.15425,-0.003995707,-0.011470087,-0.005208238,14.426888,14.497222,2,6,1,0.9834589,1
38,37,1,1,0,-117.706,-429.2285,282.07382,0.020249357,-0.01015919,-0.009471585,17.268166,16.979723,2,7,1,0.9409943,1
38,39,1,0,0,117.24475,-127.67996,408.59375,0.005731727,-0.0040528476,0.026796976,11.135076,9.535556,2,-1,0,0.98724025,1
38,39,1,1,0,117.24475,-127.67996,408.59375,0.005731727,-0.0040528476,0.026796976,18.217333,18.149445,2,8,1,0.9900214,1
38,19,1,1,0,119.76872,576.8694,451.037,0.002592273,0.024304641,-0.009698932,29.132645,24.354445,2,9,1,0.9829385,1
38,4,1,0,0,132.84619,283.30734,12.825096,-0.02000327,0.016058926,0.0021609848,5.151416,5.098889,2,-1,0,0.9907866,1
38,4,1,1,0,132.84619,283.30734,12.825096,-0.02000327,0.016058926,0.0021609848,27.049097,27.070833,2,10,1,0.9999294,1
38,1,1,1,0,-137.12775,419.8136,457.65097,0.0015603057,0.0040490823,-0.011539097,14.373097,12.568055,2,11,1,0.97584563,1
38,3,1,1,0,138.5517,-581.5827,124.41743,0.0003089867,-0.002097311,0.0004721315,3.8987777,2.0533333,2,12,1,0.7856065,1
38,21,1,1,0,140.52095,67.77406,197.46312,0.00927987,-0.026970346,-0.01326551,19.842932,13.751389,2,13,1,0.9237049,1
38,28,1,1,0,-243.05235,116.9763,32.582085,0.04868812,-0.0044550607,-0.0025435372,17.140451,17.397778,2,14,1,0.98858017,1
38,21,1,0,0,140.52095,67.77406,197.46312,0.00927987,-0.026970346,-0.01326551,4.5467224,4.4825,2,-1,0,0.97728306,1
38,24,1,1,0,-145.9433,150.13058,395.46274,0.001107286,-0.012317226,0.012919805,9.544612,9.228611,2,15,1,0.9808215,1
38,21,1,0,0,140.52095,67.77406,197.46312,0.00927987,-0.026970346,-0.01326551,7.5437016,7.5583334,2,-1,0,0.9995432,1
38,7,0,0,0,0.0,0.0,0.0,0.0,0.0,0.0,26.46484,-1.0,2,-1,0,0.9836459,1
38,7,1,1,0,151.06676,-3.0836349,220.43,0.023530655,-0.016340109,0.028814537,5.7425623,5.753611,2,16,1,0.965901,1
38,27,1,0,0,-102.404495,-125.55392,341.73975,-0.0027429743,-0.00067985256,-0.015154514,3.2521112,3.1697223,2,-1,0,0.9379005,1
38,28,1,0,0,-243.05235,116.9763,32.582085,0.04868812,-0.0044550607,-0.0025435372,14.181507,14.136389,2,-1,0,0.9738448,1
38,8,1,1,0,-177.60406,523.995,100.99513,0.009293047,0.0033611013,-0.002158332,10.999472,11.031389,2,17,1,0.9869283,1
38,27,1,0,0,-184.48735,-540.0291,389.1984,-0.0027429743,-0.00067985256,-0.015154514,3.3982916,3.4272223,2,-1,0,0.90001476,1
38,27,1,1,0,-184.48735,-540.0291,389.1984,-0.0027429743,-0.00067985256,-0.015154514,16.735332,16.695278,2,18,1,0.99746895,1
38,13,1,1,0,192.75276,66.147354,171.76935,0.035826936,-0.017399333,0.00029157888,38.34932,29.815,2,19,1,0.9304362,1
38,16,1,1,0,-195.51917,14.381436,301.55576,-0.036002044,0.0075090006,-0.023418482,35.47222,43.45361,2,20,1,0.9999553,1
38,5,1,1,0,195.86438,364.40564,58.293312,0.003568296,-0.0023810957,-0.01041018,11.688097,11.595278,2,21,1,0.9944569,1
38,16,1,0,0,-195.51917,14.381436,301.55576,-0.036002044,0.0075090006,-0.023418482,4.7610273,4.6469445,2,-1,0,0.9826323,1
38,14,1,1,0,198.4043,46.107006,423.4791,0.005876726,0.018527018,0.030982038,22.18882,19.3825,2,22,1,0.99104214,1
38,18,1,1,0,-205.29575,-502.95996,81.498695,0.02090372,-0.008861654,0.015455901,27.163195,27.245832,2,23,1,0.9922213,1
38,17,1,1,0,212.37799,-165.88608,197.84085,-0.0020126344,0.0019071373,-0.020276384,11.207222,11.119722,2,24,1,0.98696345,1
38,17,1,0,0,212.37799,-165.88608,197.84085,-0.0020126344,0.0019071373,-0.020276384,8.670889,8.736389,2,-1,0,0.9886531,1
38,35,1,0,0,239.83691,-515.42896,387.98706,-0.025487749,-0.011927834,-0.0056527145,7.069569,7.1586113,2,-1,0,0.98169154,1
38,35,1,1,0,239.83691,-515.42896,387.98706,-0.025487749,-0.011927834,-0.0056527145,20.75257,20.700277,2,25,1,0.98010373,1
38,28,1,0,0,-243.05235,116.9763,32.582085,0.04868812,-0.0044550607,-0.0025435372,12.601765,12.671667,2,-1,0,0.9996519,1
38,36,0,0,0,0.0,0.0,0.0,0.0,0.0,0.0,26.814987,-1.0,2,-1,0,0.99594045,1
38,40,1,1,0,-257.9357,-279.10904,337.45593,0.01856001,0.01005589,1.0954763e-05,20.583319,20.532778,2,26,1,0.9199381,1
38,20,1,1,0,251.13087,519.9608,367.0999,0.014968903,-0.0063455505,-0.011523786,12.587277,12.694722,2,27,1,0.9893678,1
38,25,1,1,0,257.4864,-337.09836,105.781075,0.013741116,0.0015670124,-0.0035708705,15.121513,3.6566668,2,28,1,0.9941269,1
38,20,1,0,0,251.13087,519.9608,367.0999,0.014968903,-0.0063455505,-0.011523786,6.6805415,6.5558333,2,-1,0,0.9837377,1
38,30,1,0,0,-287.32764,-542.99335,91.785385,0.027112776,0.009110406,0.043889314,3.686333,3.5958333,2,-1,0,0.9810527,1
38,30,1,1,0,-287.32764,-542.99335,91.785385,0.027112776,0.009110406,0.043889314,24.070742,24.016945,2,29,1,0.9986582,1
38,31,1,1,0,283.96637,429.01236,397.55435,-0.007144478,-0.0067281513,-0.014353285,8.542118,8.485833,2,30,1,0.9893428,1
38,11,1,1,0,221.37045,-107.50019,296.92395,0.020103823,-0.008200904,-0.013734579,5.428062,5.3638887,2,31,1,0.9575404,1
38,31,1,0,0,283.96637,429.01236,397.55435,-0.007144478,-0.0067281513,-0.014353285,5.571847,5.499722,2,-1,0,0.9587366,1
38,11,0,0,0,0.0,0.0,0.0,0.0,0.0,0.0,4.3633194,-1.0,2,-1,0,0.9836865,1
38,30,1,0,0,-287.32764,-542.99335,91.785385,0.027112776,0.009110406,0.043889314,23.517944,23.598612,2,-1,0,0.9850049,1
38,29,1,1,0,-290.62643,436.5836,384.43536,-0.018199867,-0.008072706,0.012262416,16.232147,16.309166,2,32,1,0.98472625,1
38,29,1,0,0,-290.62643,436.5836,384.43536,-0.018199867,-0.008072706,0.012262416,4.875111,4.7591667,2,-1,0,0.9168102,1
38,11,0,0,0,0.0,0.0,0.0,0.0,0.0,0.0,12.173465,-1.0,2,-1,0,0.98814875,1
38,12,1,0,0,325.70285,232.4434,359.0952,-0.014411035,-0.0020285062,-0.0061370824,4.452653,4.4616666,2,-1,0,0.9387689,1
38,11,0,0,0,0.0,0.0,0.0,0.0,0.0,0.0,5.0116873,-1.0,2,-1,0,0.9737279,1
38,22,1,1,0,304.36896,-529.2486,246.28735,0.008259978,0.014228283,0.008335524,22.576624,13.013056,2,33,1,0.9516122,1
38,26,1,0,0,-334.20227,179.76262,304.1707,0.0055745426,-0.0039020716,-0.016975641,5.686736,5.746111,2,-1,0,0.9918059,1
38,12,1,1,0,325.70285,232.4434,359.0952,-0.014411035,-0.0020285062,-0.0061370824,13.122841,12.933611,2,34,1,0.9305943,1
38,26,1,0,0,-334.20227,179.76262,304.1707,0.0055745426,-0.0039020716,-0.016975641,3.5577636,3.6058333,2,-1,0,0.95662963,1
38,15,1,0,0,338.379,-198.65034,308.25754,0.0011880918,-0.004431655,0.0036646517,4.021042,4.0680556,2,-1,0,0.9492073,1
38,2,1,0,0,348.46497,-507.42465,398.50952,-0.011722958,0.012468977,-0.0038090097,4.717827,4.6,2,-1,0,0.9752388,1
38,26,1,1,0,-334.20227,179.76262,304.1707,0.0055745426,-0.0039020716,-0.016975641,6.655111,6.5994444,2,35,1,0.9709165,1
38,15,1,1,0,338.379,-198.65034,308.25754,0.0011880918,-0.004431655,0.0036646517,5.038035,5.0419445,2,36,1,0.9889986,1
38,2,1,1,0,348.46497,-507.42465,398.50952,-0.011722958,0.012468977,-0.0038090097,14.048507,14.226111,2,37,1,0.92921054,1
38,10,1,1,0,363.0443,492.0949,438.62515,-0.007915892,-7.3462234e-06,-0.003160549,7.402305,7.4930553,2,38,1,0.9798931,1
39,21,1,0,0,8.013812,160.11281,128.34932,0.007277057,0.015823169,0.0039537097,7.929146,7.720278,2,-1,0,0.99062,1
39,21,1,1,0,8.013812,160.11281,128.34932,0.007277057,0.015823169,0.0039537097,14.946701,9.235278,2,0,1,0.99295133,1
39,13,1,0,0,-29.480207,-374.96643,14.789275,0.012776964,0.026622571,0.0012183611,11.63127,11.59,2,-1,0,0.98005116,1
39,13,1,1,0,-29.480207,-374.96643,14.789275,0.012776964,0.026622571,0.0012183611,19.987986,19.92361,2,1,1,0.99971503,1
39,22,1,1,0,-33.67626,540.1995,193.0852,0.0072488924,0.014189655,0.0056642485,19.310904,19.203888,2,2,1,0.9975802,1
39,22,1,0,0,-33.67626,540.1995,193.0852,0.0072488924,0.014189655,0.0056642485,7.355063,7.4455557,2,-1,0,0.9857377,1
39,25,1,0,0,-50.213577,16.043982,365.64127,-0.028581103,-0.015351382,-0.011638678,5.2267222,0.18944444,2,-1,0,0.9769395,1
39,25,1,1,0,-50.213577,16.043982,365.64127,-0.028581103,-0.015351382,-0.011638678,21.476841,21.614721,2,3,1,0.9998771,1
39,18,0,0,0,0.0,0.0,0.0,0.0,0.0,0.0,24.951048,-1.0,2,-1,0,0.9918955,1
39,25,1,0,0,-50.213577,16.043982,365.64127,-0.028581103,-0.015351382,-0.011638678,7.664555,7.560278,2,-1,0,0.99654084,1
39,34,0,0,0,0.0,0.0,0.0,0.0,0.0,0.0,21.653923,-1.0,2,-1,0,0.994103,1
39,9,0,0,0,0.0,0.0,0.0,0.0,0.0,0.0,3.419125,3.3408334,2,-1,0,0.8756261,1
39,25,1,0,0,-50.213577,16.043982,365.64127,-0.028581103,-0.015351382,-0.011638678,6.7196245,6.5866666,2,-1,0,0.9812914,1
39,25,1,0,0,-50.213577,16.043982,365.64127,-0.028581103,-0.015351382,-0.011638678,2.869743,2.7583334,2,-1,0,0.58178943,1
39,40,1,1,0,73.64997,-188.3315,267.33774,-0.02643662,0.0010908085,0.006768347,31.485409,31.238333,2,4,1,0.999984,1
39,18,0,0,0,0.0,0.0,0.0,0.0,0.0,0.0,2.9581668,-1.0,2,-1,0,0.51519233,1
39,39,1,1,0,92.3548,-288.22464,422.26407,-0.00029938322,-0.02656546,0.004395631,24.220654,22.172222,2,5,1,0.99993455,1
39,39,1,0,0,92.3548,-288.22464,422.26407,-0.00029938322,-0.02656546,0.004395631,7.1270423,7.1797223,2,-1,0,0.99542457,1
39,7,1,0,0,-136.15025,119.88313,363.70273,0.006501019,-0.030422006,0.0173763,8.277202,8.200556,2,-1,0,0.9819534,1
39,7,1,0,0,-136.15025,119.88313,363.70273,0.006501019,-0.030422006,0.0173763,8.251229,8.342222,2,-1,0,0.99585307,1
39,17,1,1,0,-120.46361,-449.12637,78.12013,-0.016845193,0.020567613,-0.0146443695,31.251942,30.57611,2,6,1,0.9581569,1
39,3,1,1,0,-123.231735,211.02267,459.50742,-0.0221153,0.01461925,-0.0018331833,23.021896,23.186666,2,7,1,0.9986155,1
39,3,1,0,0,-123.231735,211.02267,459.50742,-0.0221153,0.01461925,-0.0018331833,3.6599863,3.4877777,2,-1,0,0.8899416,1
39,7,1,1,0,-136.15025,119.88313,363.70273,0.006501019,-0.030422006,0.0173763,19.383583,19.148056,2,8,1,0.98772603,1
39,17,1,0,0,-120.46361,-449.12637,78.12013,-0.016845193,0.020567613,-0.0146443695,3.234375,3.3247223,2,-1,0,0.81174463,1
39,20,1,1,0,-163.96114,144.92024,226.26671,-0.011740005,0.0066261888,0.004183978,17.63689,15.865,2,9,1,0.9994529,1
39,24,1,1,0,-169.6086,175.55205,36.449657,-0.017521901,-0.0061177723,0.002981004,15.294861,12.453611,2,10,1,0.996745,1
39,19,1,1,0,170.65985,-321.22934,371.02704,0.010050544,-0.012849338,0.006890391,14.870306,8.673333,2,11,1,0.9955361,1
39,33,1,1,0,178.68997,196.82336,85.25776,-0.01671056,-0.010472616,0.009105413,21.402853,21.27389,2,12,1,0.9884829,1
39,37,1,1,0,-177.28758,-190.01518,383.11533,-0.015236262,-0.0007759151,0.011817875,15.618479,15.7722225,2,13,1,0.9103775,1
39,5,1,1,0,-181.74767,-146.44218,263.7646,-0.0047551915,0.010975157,0.012397188,17.94389,17.770555,2,14,1,0.9767262,1
39,36,1,1,0,187.85397,459.73862,188.1936,0.017175741,0.013841452,-0.0026801524,22.727943,20.879444,2,15,1,0.99580836,1
39,30,1,1,0,204.34146,-383.2347,409.9622,0.021463692,0.009326221,0.0121277,25.461353,21.856667,2,16,1,0.99293524,1
39,12,0,0,0,0.0,0.0,0.0,0.0,0.0,0.0,6.554798,-1.0,2,-1,0,0.97879535,1
39,14,1,1,0,208.42743,142.94269,274.8741,0.00699412,-0.004817312,0.021751504,12.947347,11.846945,2,17,1,0.99740136,1
39,14,1,0,0,208.42743,142.94269,274.8741,0.00699412,-0.004817312,0.021751504,4.9456387,4.8413887,2,-1,0,0.99684274,1
39,4,1,1,0,-213.24574,514.4176,106.23973,0.00365611,-0.015068819,-0.0041677663,14.710271,14.720278,2,18,1,0.983466,1
39,14,1,0,0,208.42743,142.94269,274.8741,0.00699412,-0.004817312,0.021751504,4.508535,4.4708333,2,-1,0,0.98002154,1
39,11,1,0,0,223.61906,-142.4103,319.6302,0.018623784,0.007927449,-0.014541219,3.7780974,3.82,2,-1,0,0.94718933,1
39,38,1,0,0,-247.75922,76.20896,438.96765,-0.00057840237,0.0052891974,0.0094345175,5.4330134,5.5475,2,-1,0,0.99035865,1
39,11,1,1,0,223.61906,-142.4103,319.6302,0.018623784,0.007927449,-0.014541219,27.759298,18.290277,2,19,1,0.9999944,1
39,12,0,0,0,0.0,0.0,0.0,0.0,0.0,0.0,13.879577,-1.0,2,-1,0,0.951899,1
39,38,1,1,0,-247.75922,76.20896,438.96765,-0.00057840237,0.0052891974,0.0094345175,6.903722,6.8680553,2,20,1,0.9651189,1
39,28,1,1,0,249.79794,-555.86957,437.16733,0.028113132,0.01666532,-0.0021331452,27.935202,27.911388,2,21,1,0.9999453,1
39,6,1,0,0,272.56845,-29.89379,103.274055,-0.020479169,0.01801954,0.002560747,3.7714722,3.8202777,2,-1,0,0.9188831,1
39,26,1,0,0,-263.5732,-486.27603,222.4196,0.0067006885,0.0052811825,-0.038638983,8.218041,8.196667,2,-1,0,0.9817276,1
39,26,1,1,0,-263.5732,-486.27603,222.4196,0.0067006885,0.0052811825,-0.038638983,16.7673,16.859167,2,22,1,0.98840606,1
39,26,1,0,0,-263.5732,-486.27603,222.4196,0.0067006885,0.0052811825,-0.038638983,7.843722,7.9319444,2,-1,0,0.99894327,1
39,10,1,1,0,-266.12393,157.04163,208.94112,-0.0034543723,0.029034965,0.022146532,37.533276,31.73611,2,23,1,0.9988533,1
39,6,1,1,0,272.56845,-29.89379,103.274055,-0.020479169,0.01801954,0.002560747,29.7497,29.788889,2,24,1,0.9964796,1
39,1,1,1,0,-267.47696,597.6053,450.5593,-0.026541475,0.0018581181,0.018394457,17.265285,16.59639,2,25,1,0.99721956,1
39,1,1,0,0,-267.47696,597.6053,450.5593,-0.026541475,0.0018581181,0.018394457,5.9293404,5.988611,2,-1,0,0.97462815,1
39,28,1,0,0,249.79794,-555.86957,437.16733,0.028113132,0.01666532,-0.0021331452,5.8443055,5.9894443,2,-1,0,0.98872,1
39,23,1,1,0,299.44922,248.07597,175.42764,0.005463737,-0.009784532,0.023914568,9.534862,9.495,2,26,1,0.8982712,1
39,23,1,0,0,299.44922,248.07597,175.42764,0.005463737,-0.009784532,0.023914568,7.805813,7.8744445,2,-1,0,0.98760366,1
39,23,1,0,0,299.44922,248.07597,175.42764,0.005463737,-0.009784532,0.023914568,4.989889,4.9311113,2,-1,0,0.98843443,1
39,23,1,0,0,299.44922,248.07597,175.42764,0.005463737,-0.009784532,0.023914568,3.4900348,3.423889,2,-1,0,0.97238535,1
39,29,1,1,0,-312.1788,-588.38666,311.8243,0.021186989,0.016664077,0.0072868406,24.020624,24.259722,2,27,1,0.9962406,1
39,8,1,0,0,316.82718,-311.62466,76.88192,-0.008979172,0.0054880665,0.014119764,5.815618,5.7575,2,-1,0,0.98258543,1
39,2,1,1,0,-314.15936,88.07079,395.25513,-0.01645181,-0.008932612,0.002854717,14.018494,14.084167,2,28,1,0.99994564,1
39,8,1,1,0,316.82718,-311.62466,76.88192,-0.008979172,0.0054880665,0.014119764,10.068279,10.148889,2,29,1,0.9855548,1
39,32,1,1,0,-316.49796,190.47926,455.40024,-0.007314619,0.0014358856,0.013437587,13.37873,11.071667,2,30,1,0.98838615,1
39,15,1,1,0,-321.10977,-538.1683,25.194704,-0.0005374645,0.004418669,-0.008090199,9.031445,6.700278,2,31,1,0.9987465,1
39,35,1,1,0,339.3442,-211.88676,69.68198,-0.011668799,-0.015065443,0.009888694,21.801582,21.7925,2,32,1,0.99973387,1
39,16,1,1,0,-341.83133,-478.8461,105.48598,0.019573627,0.00053283165,0.019626379,25.710354,25.596945,2,33,1,0.99694747,1
39,31,1,1,0,-339.2393,208.38092,152.01419,0.008000125,-0.020539207,0.014039619,24.41494,15.243611,2,34,1,0.9780903,1
39,35,1,0,0,339.3442,-211.88676,69.68198,-0.011668799,-0.015065443,0.009888694,4.8118544,4.8325,2,-1,0,0.982949,1
39,27,1,1,0,-347.84924,599.5991,255.50545,-0.022077145,-0.024238698,0.0049808305,29.192995,29.291945,2,35,1,0.9990681,1
39,9,1,1,0,-351.5045,7.639826,245.27026,0.006471023,0.0026784227,-0.004132603,5.8458266,5.9305553,2,36,1,0.9835195,1
40,3,1,0,0,-20.839237,307.59695,35.08167,0.0461953,-0.0024406153,0.0041650226,19.335098,19.205,2,-1,0,0.8888676,1
40,14,1,1,0,-7.2080607,391.4508,391.13412,-0.0035317363,0.0023655263,0.015045734,18.459473,18.272778,2,0,1,0.9940678,1
40,21,1,1,0,-7.6431646,156.64877,434.04227,-0.0027204298,0.015345217,0.00062843325,17.327284,4.2244444,2,1,1,0.99797016,1
40,3,1,1,0,-20.839237,307.59695,35.08167,0.0461953,-0.0024406153,0.0041650226,26.86579,31.944166,2,2,1,0.999246,1
40,3,1,0,0,-20.839237,307.59695,35.08167,0.0461953,-0.0024406153,0.0041650226,3.1078472,3.0558333,2,-1,0,0.58755755,1
40,7,1,1,0,-21.558357,560.0052,108.93886,0.021642694,0.019802991,0.013727964,37.453983,32.92361,2,3,1,0.98946476,1
40,20,1,1,0,-19.211298,-24.916748,207.2216,0.0068606967,0.008099093,-0.0026387367,13.232951,12.973056,2,4,1,0.9861204,1
40,25,1,1,0,-53.78565,36.423603,372.5751,0.0037260826,-0.00907034,-0.0010734579,5.2719374,5.3977776,2,5,1,0.9683128,1
40,25,1,0,0,-53.78565,36.423603,372.5751,0.0037260826,-0.00907034,-0.0010734579,5.0501184,5.048611,2,-1,0,0.92897326,1
40,39,1,1,0,58.242256,-58.478596,125.55865,0.008540925,0.01599845,-0.0067609036,11.956181,11.740556,2,6,1,0.98883843,1
40,4,1,1,0,-60.02828,-305.5189,432.66885,-0.016876698,0.0108624725,-0.004867145,13.071472,13.248889,2,7,1,0.99344337,1
40,36,1,1,0,60.418194,577.6598,46.452583,0.008334234,0.01859288,-0.010972564,20.59046,20.564167,2,8,1,0.9840097,1
40,39,1,0,0,58.242256,-58.478596,125.55865,0.008540925,0.01599845,-0.0067609036,5.34375,5.513889,2,-1,0,0.9674135,1
40,35,1,1,0,-76.699776,9.591101,160.3431,0.032381125,0.001367803,0.018414093,36.215466,36.44611,2,9,1,0.9272057,1
40,36,1,0,0,60.418194,577.6598,46.452583,0.008334234,0.01859288,-0.010972564,4.327736,4.1772223,2,-1,0,0.93879026,1
40,29,1,1,0,-87.41066,247.17003,388.89536,0.001108039,-0.0031625987,-0.010938717,10.165382,5.283889,2,10,1,0.9756653,1
40,29,1,0,0,-87.41066,247.17003,388.89536,0.001108039,-0.0031625987,-0.010938717,4.006729,4.0358334,2,-1,0,0.93432397,1
40,11,1,0,0,100.20592,-429.74655,308.52713,0.0073064365,-0.013708254,0.01909203,12.522589,8.686944,2,-1,0,0.99794346,1
40,1,1,1,0,106.70948,-323.14655,450.94412,-0.004217598,-0.006118031,0.0128571335,13.058312,12.985,2,11,1,0.98113924,1
40,11,1,1,0,100.20592,-429.74655,308.52713,0.0073064365,-0.013708254,0.01909203,12.830562,12.895,2,12,1,0.9766113,1
40,13,1,1,0,105.05922,-606.9774,446.1523,0.002485539,0.012976315,0.0011511558,3.198771,3.2297223,2,13,1,0.87530243,1
40,8,1,1,0,-124.87337,-544.8473,48.286884,-0.04222518,0.0019486437,-0.01007915,40.217716,38.6125,2,14,1,0.99095833,1
40,4,1,0,0,-60.02828,-305.5189,432.66885,-0.016876698,0.0108624725,-0.004867145,2.964778,3.0127778,2,-1,0,0.60359323,1
40,8,1,0,0,-124.87337,-544.8473,48.286884,-0.04222518,0.0019486437,-0.01007915,5.8306108,5.6908336,2,-1,0,0.9976926,1
40,17,1,1,0,158.48967,36.184013,81.864624,0.00012619175,0.016592119,0.015212352,20.752096,20.787777,2,15,1,0.99648476,1
40,17,1,0,0,158.48967,36.184013,81.864624,0.00012619175,0.016592119,0.015212352,3.2484794,3.3038888,2,-1,0,0.89526635,1
40,30,1,1,0,166.00322,35.20894,416.89658,0.0019398367,0.020940045,-0.024010371,33.916172,31.20111,2,16,1,0.9833787,1
40,28,1,0,0,-197.84012,386.8685,280.69284,0.01056071,0.005246767,-0.029886918,4.592347,4.573889,2,-1,0,0.9204285,1
40,23,1,1,0,-183.1866,-528.95917,93.29787,0.02583181,0.002507614,-0.0022266363,12.975854,12.834167,2,17,1,0.8023443,1
40,39,0,0,0,0.0,0.0,0.0,0.0,0.0,0.0,2.8263958,2.8105555,2,-1,0,0.55714786,1
40,10,1,1,0,-180.75897,248.83113,363.86615,-0.005817933,-0.008622257,0.0027266885,9.364166,9.450277,2,18,1,0.9952218,1
40,28,1,1,0,-197.84012,386.8685,280.69284,0.01056071,0.005246767,-0.029886918,24.788326,24.845,2,19,1,0.9978015,1
40,38,1,0,0,215.1664,438.49985,166.89749,-0.0013574425,0.008957525,-0.0022685786,4.0601315,4.044722,2,-1,0,0.9187543,1
40,12,1,0,0,231.7677,175.53569,380.17477,-0.020213425,-0.014233976,0.030080425,10.126403,10.161389,2,-1,0,0.99574125,1
40,38,1,1,0,215.1664,438.49985,166.89749,-0.0013574425,0.008957525,-0.0022685786,9.325785,9.221666,2,20,1,0.9768212,1
40,9,1,1,0,224.73373,-358.29895,129.00899,0.013007109,0.036867473,0.005039514,28.291153,28.705833,2,21,1,0.9930916,1
40,12,1,1,0,231.7677,175.53569,380.17477,-0.020213425,-0.014233976,0.030080425,26.875597,26.593334,2,22,1,0.99586344,1
40,9,1,0,0,224.73373,-358.29895,129.00899,0.013007109,0.036867473,0.005039514,10.794528,10.803333,2,-1,0,0.987316,1
40,16,1,0,0,-250.09242,514.0312,50.388535,0.002432387,0.012939717,0.020350497,8.285126,8.550834,2,-1,0,0.9928934,1
40,24,1,1,0,245.0259,355.04593,153.10017,-0.010058272,-0.012772922,-0.0064043133,15.556541,15.465278,2,23,1,0.9992649,1
40,31,1,1,0,242.36342,-411.84222,140.53531,0.0053776763,0.013487351,-0.008833334,7.5951324,7.658889,2,24,1,0.98423785,1
40,19,1,1,0,246.40787,147.20192,102.08316,-0.015148751,-0.0111633055,0.018180698,19.681562,19.580555,2,25,1,0.9956648,1
40,16,1,1,0,-250.09242,514.0312,50.388535,0.002432387,0.012939717,0.020350497,20.44268,15.215555,2,26,1,0.98556167,1
40,15,1,1,0,260.28763,116.79153,224.52975,-0.027485045,0.01981921,0.005409517,26.283012,26.605556,2,27,1,0.99994004,1
40,22,1,1,0,276.41553,-499.78644,279.1849,-0.005144078,-0.008149056,-0.005119656,10.720229,10.769722,2,28,1,0.96626574,1
40,5,1,1,0,279.19443,-125.25737,385.94016,-0.01178396,-0.020230846,0.003714285,24.034668,23.841389,2,29,1,0.9975441,1
40,22,1,0,0,276.41553,-499.78644,279.1849,-0.005144078,-0.008149056,-0.005119656,4.1505556,4.195,2,-1,0,0.9809404,1
40,34,0,0,0,0.0,0.0,0.0,0.0,0.0,0.0,2.8340971,2.807778,2,-1,0,0.68278825,1
40,6,1,1,0,-298.34744,468.33145,280.5083,-0.0055853776,-0.016842118,0.022810087,12.570874,10.8961115,2,30,1,0.95810413,1
40,6,1,0,0,-298.34744,468.33145,280.5083,-0.0055853776,-0.016842118,0.022810087,9.511389,9.633889,2,-1,0,0.9965244,1
40,18,1,0,0,356.83585,-43.659237,281.16568,-0.015709216,-0.0069207633,0.02696292,9.236305,9.316112,2,-1,0,0.9799284,1
40,33,1,1,0,310.71738,-13.893948,190.29431,-0.0021510082,0.012669748,-0.005627252,13.975827,14.024445,2,31,1,0.98645765,1
40,26,1,0,0,315.0695,-488.58447,132.27377,0.012074667,-0.021415712,-0.050134838,15.766278,15.272778,2,-1,0,0.97842765,1
40,26,1,1,0,315.0695,-488.58447,132.27377,0.012074667,-0.021415712,-0.050134838,20.797945,20.85,2,32,1,0.9936134,1
40,26,1,0,0,315.0695,-488.58447,132.27377,0.012074667,-0.021415712,-0.050134838,15.693507,15.663055,2,-1,0,0.9829617,1
40,24,0,0,0,0.0,0.0,0.0,0.0,0.0,0.0,3.024139,2.9536111,2,-1,0,0.5578698,1
40,40,1,0,0,334.8131,491.70636,117.22818,0.0120468475,0.020229666,-0.013595466,3.6183681,3.526389,2,-1,0,0.9737958,1
40,27,1,0,0,-347.45084,-53.604053,264.8855,0.0072902804,0.00046322474,-0.008658425,3.6922708,3.6108334,2,-1,0,0.98923,1
40,40,1,1,0,334.8131,491.70636,117.22818,0.0120468475,0.020229666,-0.013595466,9.562549,9.657222,2,33,1,0.9855628,1
40,40,1,0,0,334.8131,491.70636,117.22818,0.0120468475,0.020229666,-0.013595466,7.5596247,7.661111,2,-1,0,0.98335224,1
40,37,1,1,0,342.11035,357.93256,20.929354,0.0009815921,-0.016964389,-0.005225252,17.296535,17.061666,2,34,1,0.96428454,1
40,27,1,1,0,-347.45084,-53.604053,264.8855,0.0072902804,0.00046322474,-0.008658425,10.720486,10.761389,2,35,1,0.9606969,1
40,2,1,0,0,-360.25836,496.69748,267.63855,0.014066499,-0.02692114,0.001764668,4.0181108,3.9725,2,-1,0,0.9706424,1
40,18,1,1,0,356.83585,-43.659237,281.16568,-0.015709216,-0.0069207633,0.02696292,17.118263,17.042778,2,36,1,0.987182,1
40,2,1,1,0,-360.25836,496.69748,267.63855,0.014066499,-0.02692114,0.001764668,24.306047,24.305,2,37,1,0.9989073,1
40,4,0,0,0,0.0,0.0,0.0,0.0,0.0,0.0,2.6102986,2.5980556,2,-1,0,0.53151906,1
41,37,1,0,0,-34.473064,-286.07242,401.2058,-0.0015747591,0.02792728,0.010835524,5.7817917,5.6127777,2,-1,0,0.9660759,1
41,37,1,1,0,-34.473064,-286.07242,401.2058,-0.0015747591,0.02792728,0.010835524,29.561382,27.706112,2,0,1,0.9995321,1
41,13,1,1,0,-44.84348,-557.6408,295.45535,0.022504425,0.008427375,-0.007825346,23.939192,24.12861,2,2,1,0.99989796,1
41,4,1,0,0,45.55095,-101.421,448.55066,-0.004629518,0.0008256903,0.017304223,3.705243,3.668611,2,-1,0,0.9112236,1
41,33,1,1,0,39.94266,-403.93286,230.41083,0.010485675,-0.029266585,0.0047881748,17.154028,17.231667,2,3,1,0.9966281,1
41,8,1,0,0,-42.634804,-327.54517,45.95806,-0.006016724,-0.010179382,-0.0063053146,3.8190484,3.7,2,-1,0,0.9657001,1
41,8,1,1,0,-42.634804,-327.54517,45.95806,-0.006016724,-0.010179382,-0.0063053146,8.445098,8.3975,2,4,1,0.90864146,1
41,8,1,0,0,-42.634804,-327.54517,45.95806,-0.006016724,-0.010179382,-0.0063053146,5.881403,5.5516667,2,-1,0,0.9973175,1
41,4,1,1,0,45.55095,-101.421,448.55066,-0.004629518,0.0008256903,0.017304223,13.810389,13.640278,2,5,1,0.99452543,1
41,22,1,1,0,56.54625,392.76218,442.03455,-0.02222187,0.008043279,0.005637457,24.320187,24.27,2,6,1,0.99813384,1
41,9,1,0,0,67.3264,-220.86584,265.49,-0.00067454996,-0.0026645563,-0.012171421,4.5513124,4.4922223,2,-1,0,0.9759842,1
41,13,1,0,0,-44.84348,-557.6408,295.45535,0.022504425,0.008427375,-0.007825346,4.0993056,4.12,2,-1,0,0.9774294,1
41,9,1,1,0,67.3264,-220.86584,265.49,-0.00067454996,-0.0026645563,-0.012171421,13.541229,13.35,2,7,1,0.98204285,1
41,14,1,1,0,71.92911,501.4996,212.61633,-0.013502559,-0.0074459794,-0.0011236657,15.803251,13.466111,2,8,1,0.9569342,1
41,19,1,1,0,-85.5529,169.80579,133.72379,-0.0121112475,0.0062326025,-0.005584522,11.226938,9.2277775,2,9,1,0.98115784,1
41,21,1,0,0,139.97266,541.6225,177.06975,-0.03369899,0.02175778,0.0005041727,4.350271,4.3966665,2,-1,0,0.9371066,1
41,7,1,1,0,-91.59007,-76.62685,10.649397,0.0018917498,-0.01566604,0.0016493627,17.23052,16.896944,2,10,1,0.9748458,1
41,7,1,0,0,-91.59007,-76.62685,10.649397,0.0018917498,-0.01566604,0.0016493627,4.680139,4.655,2,-1,0,0.9624441,1
41,39,1,1,0,101.79754,415.11887,214.89723,-0.0026227718,-0.008542601,-0.010375553,13.970112,14.060278,2,11,1,0.9846772,1
41,16,1,1,0,-99.68261,-181.17674,95.45306,-0.019621797,0.011658435,0.0022623711,17.622416,17.721945,2,12,1,0.97113097,1
41,3,1,1,0,100.27992,471.88348,69.95241,0.010282158,0.008843029,-0.0012054071,12.072548,11.943611,2,13,1,0.9872027,1
41,3,1,0,0,100.27992,471.88348,69.95241,0.010282158,0.008843029,-0.0012054071,3.5997498,3.6730556,2,-1,0,0.5454938,1
41,31,0,0,0,0.0,0.0,0.0,0.0,0.0,0.0,26.256931,-1.0,2,-1,0,0.9996836,1
41,40,1,1,0,108.53982,30.247671,142.87532,0.020657748,-0.011684017,-0.030293342,27.658485,27.426111,2,14,1,0.9965888,1
41,40,1,0,0,108.53982,30.247671,142.87532,0.020657748,-0.011684017,-0.030293342,9.321486,9.455556,2,-1,0,0.9945267,1
41,21,1,0,0,139.97266,541.6225,177.06975,-0.03369899,0.02175778,0.0005041727,3.9124722,3.98,2,-1,0,0.95390606,1
41,21,1,1,0,139.97266,541.6225,177.06975,-0.03369899,0.02175778,0.0005041727,26.618832,28.203611,2,15,1,0.9807734,1
41,18,1,1,0,142.65257,-278.5168,456.6529,0.0014790616,-0.0070111323,0.00706414,12.175362,6.0794444,2,16,1,0.98945194,1
41,12,1,1,0,146.89452,-86.30726,371.4336,0.02884377,-0.009256091,-0.00580144,20.558529,17.428333,2,17,1,0.9996648,1
41,5,1,1,0,-147.6335,-545.614,278.74667,-0.008401247,0.009930088,-0.010791132,16.825514,16.952223,2,18,1,0.9801497,1
41,2,1,1,0,-151.2294,241.82498,83.059715,-0.028130665,-0.0054681506,0.009664504,19.434797,19.444166,2,19,1,0.9982741,1
41,20,1,0,0,169.24113,6.5507264,448.35626,-0.016008893,-0.01193735,-0.0013916524,5.9205976,6.086111,2,-1,0,0.9769671,1
41,29,1,0,0,-159.67584,185.93088,228.9259,-0.012574978,0.015826965,0.0072261794,6.26459,6.366389,2,-1,0,0.9929491,1
41,2,1,0,0,-151.2294,241.82498,83.059715,-0.028130665,-0.0054681506,0.009664504,5.088556,5.1491666,2,-1,0,0.9822879,1
41,29,1,0,0,-159.67584,185.93088,228.9259,-0.012574978,0.015826965,0.0072261794,7.9037848,8.003333,2,-1,0,0.98657763,1
41,29,1,1,0,-159.67584,185.93088,228.9259,-0.012574978,0.015826965,0.0072261794,9.659847,9.494166,2,20,1,0.9909786,1
41,12,1,0,0,146.89452,-86.30726,371.4336,0.02884377,-0.009256091,-0.00580144,3.2299724,3.1936111,2,-1,0,0.6921086,1
41,2,1,0,0,-151.2294,241.82498,83.059715,-0.028130665,-0.0054681506,0.009664504,7.498132,7.504722,2,-1,0,0.9823805,1
41,20,1,1,0,169.24113,6.5507264,448.35626,-0.016008893,-0.01193735,-0.0013916524,18.341797,17.690834,2,21,1,0.9883052,1
41,12,1,0,0,146.89452,-86.30726,371.4336,0.02884377,-0.009256091,-0.00580144,5.920166,6.083611,2,-1,0,0.9920879,1
41,15,1,1,0,189.82318,87.97413,27.049006,0.011639953,0.0008998227,0.023598023,27.484716,27.45111,2,22,1,0.9293783,1
41,32,1,1,0,205.8038,135.5316,193.59732,0.005423188,0.012038835,0.0088754855,14.999772,11.455,2,23,1,0.9983228,1
41,24,1,1,0,-213.44882,126.77832,42.70708,-0.0050839256,-0.016049141,-0.01078437,11.68064,11.634722,2,24,1,0.9171637,1
41,24,1,0,0,-213.44882,126.77832,42.70708,-0.0050839256,-0.016049141,-0.01078437,9.902951,9.758611,2,-1,0,0.98879844,1
41,34,1,0,0,220.72963,271.52487,317.66232,0.0027463133,-0.00020380362,-0.004988563,4.091681,4.034167,2,-1,0,0.9437295,1
41,30,1,0,0,234.50005,447.35544,252.80544,-0.027564378,0.0015343813,0.013929577,13.787951,14.016389,2,-1,0,0.99119264,1
41,35,1,1,0,-226.27681,-301.68054,88.3505,-0.017958725,-0.005571229,-0.010175059,17.290688,17.348612,2,25,1,0.9860146,1
41,30,1,1,0,234.50005,447.35544,252.80544,-0.027564378,0.0015343813,0.013929577,16.281708,16.235277,2,26,1,0.998018,1
41,35,1,0,0,-226.27681,-301.68054,88.3505,-0.017958725,-0.005571229,-0.010175059,3.6437638,3.6258333,2,-1,0,0.9159866,1
41,34,1,1,0,220.72963,271.52487,317.66232,0.0027463133,-0.00020380362,-0.004988563,5.2494516,5.1797223,2,27,1,0.9770766,1
41,11,1,0,0,-243.78986,71.07909,155.30157,0.006572184,0.013723938,-0.015050303,4.3987503,4.436389,2,-1,0,0.9729847,1
41,28,1,0,0,-252.87505,-540.7669,154.06047,-0.007993516,0.007839086,-0.00772029,3.8443472,4.082778,2,-1,0,0.8947244,1
41,11,1,1,0,-243.78986,71.07909,155.30157,0.006572184,0.013723938,-0.015050303,13.154577,13.107223,2,28,1,0.94332755,1
41,23,1,1,0,-248.04265,53.226627,125.42343,0.009654579,-0.0014072926,0.006637651,9.896305,9.430555,2,29,1,0.9700019,1
41,28,1,0,0,-252.87505,-540.7669,154.06047,-0.007993516,0.007839086,-0.00772029,5.651541,5.7433333,2,-1,0,0.9855843,1
41,35,1,0,0,-226.27681,-301.68054,88.3505,-0.017958725,-0.005571229,-0.010175059,4.579736,4.611111,2,-1,0,0.98427594,1
41,26,1,1,0,262.94296,-586.0794,97.24793,-0.042435564,-0.012590132,-0.020817444,36.31418,48.90167,2,30,1,0.99861753,1
41,23,1,0,0,-248.04265,53.226627,125.42343,0.009654579,-0.0014072926,0.006637651,5.2523265,5.163611,2,-1,0,0.96786076,1
41,27,0,0,0,0.0,0.0,0.0,0.0,0.0,0.0,19.32771,-1.0,2,-1,0,0.9862666,1
41,28,1,1,0,-252.87505,-540.7669,154.06047,-0.007993516,0.007839086,-0.00772029,6.41625,6.529722,2,31,1,0.9144469,1
41,38,1,1,0,-273.20142,55.629814,270.7474,0.003981085,0.017126635,-0.014847323,22.987335,23.003334,2,32,1,0.9925634,1
41,11,1,0,0,-243.78986,71.07909,155.30157,0.006572184,0.013723938,-0.015050303,3.5143056,3.6225,2,-1,0,0.89856035,1
41,10,1,1,0,283.7877,358.39456,125.36091,0.034322675,-0.009301855,-0.016236925,29.518494,30.030556,2,33,1,0.9994616,1
41,1,1,1,0,316.58704,-198.43405,161.04608,-0.00045578997,0.0030531264,-0.009292893,9.890229,9.660556,2,34,1,0.9672276,1
41,25,1,1,0,-337.53055,-316.56616,144.38615,0.0010646767,0.007815863,-0.025168555,25.440613,25.55889,2,35,1,0.9990694,1
41,6,1,1,0,-346.3981,530.1275,76.370346,0.010573543,0.008711883,-0.009042774,15.562403,15.550278,2,36,1,0.99611735,1
41,36,1,1,0,342.13727,374.9216,327.11734,0.012110881,-0.016163843,0.0023623358,13.486929,13.498333,2,37,1,0.9960001,1
41,36,1,0,0,342.13727,374.9216,327.11734,0.012110881,-0.016163843,0.0023623358,3.2145834,3.21,2,-1,0,0.5454,1
41,17,1,1,0,-350.791,424.29654,447.0437,-0.011038501,-0.006702028,0.0019815639,8.363465,3.0683334,2,38,1,0.95839596,1
41,30,0,0,0,0.0,0.0,0.0,0.0,0.0,0.0,2.3311458,2.3780556,2,-1,0,0.5350381,1
41,12,0,0,0,0.0,0.0,0.0,0.0,0.0,0.0,2.4608958,2.4244444,2,-1,0,0.5716225,1
42,7,0,1,0,-4.9248385,-34.538967,0.8647683,0.015004791,-0.0068810307,0.013161616,4.8294168,4.475,2,0,1,0.94011253,1
42,33,1,1,0,17.977928,-79.156944,148.9371,0.009636725,-0.028784959,0.0115204565,24.635126,21.02389,2,1,1,0.9991691,1
42,33,1,0,0,17.977928,-79.156944,148.9371,0.009636725,-0.028784959,0.0115204565,5.700486,5.391389,2,-1,0,0.9650876,1
42,14,1,1,0,-32.02904,385.11493,143.54698,0.0077449735,-0.009308247,-0.013958208,18.11132,18.241945,2,2,1,0.99677867,1
42,25,1,1,0,46.797565,-217.42056,266.39832,-0.025959734,0.008799778,0.012189326,34.577515,34.55361,2,3,1,0.98517853,1
42,37,1,0,0,103.0569,-471.6551,159.49069,-0.0107912235,0.0081923045,0.008553268,3.235611,3.1730556,2,-1,0,0.9079936,1
42,38,1,0,0,-64.20433,-121.217964,134.07436,0.024954062,0.019597834,-0.020004522,5.592222,5.724167,2,-1,0,0.98130864,1
42,8,1,1,0,50.543575,113.520706,14.859797,0.012770581,0.006598826,-0.0012848818,6.5782504,6.502222,2,4,1,0.97944057,1
42,36,1,0,0,-55.395847,515.5682,107.11022,-0.011991368,0.0020749404,-0.011923182,3.507271,3.6,2,-1,0,0.7687414,1
42,38,1,0,0,-64.20433,-121.217964,134.07436,0.024954062,0.019597834,-0.020004522,2.9710345,2.9808333,2,-1,0,0.6897536,1
42,36,1,1,0,-55.395847,515.5682,107.11022,-0.011991368,0.0020749404,-0.011923182,14.874479,14.890833,2,5,1,0.9639347,1
42,38,1,1,0,-64.20433,-121.217964,134.07436,0.024954062,0.019597834,-0.020004522,17.865843,17.813334,2,6,1,0.99624866,1
42,15,1,0,0,63.294407,-295.6228,143.28877,-0.015905848,0.012612862,-0.0056421054,10.804555,10.761945,2,-1,0,0.99374604,1
42,15,1,1,0,63.294407,-295.6228,143.28877,-0.015905848,0.012612862,-0.0056421054,13.695334,13.699166,2,7,1,0.9947619,1
42,38,1,0,0,-64.20433,-121.217964,134.07436,0.024954062,0.019597834,-0.020004522,3.3452637,3.3463888,2,-1,0,0.8366861,1
42,38,1,0,0,-64.20433,-121.217964,134.07436,0.024954062,0.019597834,-0.020004522,7.5195904,7.4063888,2,-1,0,0.9817726,1
42,30,1,1,0,64.795364,504.33252,66.07595,-0.00045341163,0.005610131,0.0033658585,5.517493,5.4575,2,8,1,0.9439792,1
42,31,1,1,0,-75.26121,-351.35437,413.82236,0.014683007,0.003031557,-0.021217888,26.837591,26.745556,2,9,1,0.99528223,1
42,31,1,0,0,-75.26121,-351.35437,413.82236,0.014683007,0.003031557,-0.021217888,5.182104,4.810278,2,-1,0,0.97299194,1
42,10,1,0,0,-80.71106,-201.44792,381.88358,-0.008584822,0.008902216,-0.013540443,3.97466,3.9108334,2,-1,0,0.98304224,1
42,10,1,1,0,-80.71106,-201.44792,381.88358,-0.008584822,0.008902216,-0.013540443,13.013633,12.861111,2,10,1,0.9966558,1
42,10,1,0,0,-80.71106,-201.44792,381.88358,-0.008584822,0.008902216,-0.013540443,3.534174,3.3969445,2,-1,0,0.9198083,1
42,39,1,0,0,-87.18121,523.53217,313.825,0.0069024162,-0.020068929,0.022595644,15.052105,14.523889,2,-1,0,0.9899657,1
42,39,1,1,0,-87.18121,523.53217,313.825,0.0069024162,-0.020068929,0.022595644,21.322105,21.389166,2,11,1,0.9876481,1
42,26,1,0,0,-103.86907,-360.32803,167.60208,0.0006314082,-0.024456324,0.0065302504,2.9387083,2.87,2,-1,0,0.880293,1
42,13,1,0,0,103.65566,70.55478,309.05386,0.002279205,0.027649561,0.011982099,3.8999305,3.9452777,2,-1,0,0.9851319,1
42,37,1,1,0,103.0569,-471.6551,159.49069,-0.0107912235,0.0081923045,0.008553268,7.6001525,7.6116667,2,12,1,0.99179196,1
42,13,1,1,0,103.65566,70.55478,309.05386,0.002279205,0.027649561,0.011982099,23.075348,23.1275,2,13,1,0.9992041,1
42,5,1,1,0,-107.02956,-403.38724,435.08783,0.01341772,0.01499657,0.00048747458,12.34507,12.433056,2,14,1,0.99921,1
42,26,1,1,0,-103.86907,-360.32803,167.60208,0.0006314082,-0.024456324,0.0065302504,23.966625,24.2175,2,15,1,0.9931994,1
42,36,1,0,0,-55.395847,515.5682,107.11022,-0.011991368,0.0020749404,-0.011923182,3.481514,3.4775,2,-1,0,0.72807693,1
42,37,1,0,0,103.0569,-471.6551,159.49069,-0.0107912235,0.0081923045,0.008553268,5.298569,5.312222,2,-1,0,0.9929738,1
42,13,1,0,0,103.65566,70.55478,309.05386,0.002279205,0.027649561,0.011982099,3.3285558,3.4105556,2,-1,0,0.8292415,1
42,12,1,1,0,124.112144,87.753914,425.3131,0.009404141,-0.012294319,0.0031272455,11.632125,11.6825,2,16,1,0.99685943,1
42,9,1,0,0,134.73148,424.97458,355.59442,-0.0060596047,-0.0013657546,0.027088514,8.694479,8.616944,2,-1,0,0.99958616,1
42,9,1,1,0,134.73148,424.97458,355.59442,-0.0060596047,-0.0013657546,0.027088514,18.915049,15.118333,2,17,1,0.9843573,1
42,12,1,0,0,124.112144,87.753914,425.3131,0.009404141,-0.012294319,0.0031272455,4.771021,4.665,2,-1,0,0.9961753,1
42,40,1,0,0,154.5706,-241.31897,119.93833,-0.012405797,0.014031993,-0.0022983546,4.906722,4.9269443,2,-1,0,0.9881335,1
42,40,1,1,0,154.5706,-241.31897,119.93833,-0.012405797,0.014031993,-0.0022983546,16.75702,14.391666,2,18,1,0.9387025,1
42,26,1,0,0,-103.86907,-360.32803,167.60208,0.0006314082,-0.024456324,0.0065302504,4.4328613,4.583889,2,-1,0,0.9606601,1
42,1,1,1,0,-166.3817,-565.18066,278.91846,0.0022812893,0.006559569,0.0036630263,6.805909,6.528333,2,19,1,0.9538542,1
42,20,0,0,0,0.0,0.0,0.0,0.0,0.0,0.0,17.125463,-1.0,2,-1,0,0.97730005,1
42,34,1,1,0,-180.99496,-349.6669,82.193016,-0.021239748,0.00150775,-0.011458744,22.959791,22.795834,2,20,1,0.99994457,1
42,32,1,0,0,-195.00871,302.85336,141.59863,0.017357465,0.014842127,-0.025694713,11.544506,11.4475,2,-1,0,0.9986559,1
42,32,1,1,0,-195.00871,302.85336,141.59863,0.017357465,0.014842127,-0.025694713,25.23088,25.20111,2,21,1,0.99216276,1
42,22,1,1,0,211.996,-335.6326,206.63394,0.024365993,0.041673042,-0.011735518,24.949522,19.775833,2,22,1,0.9841934,1
42,23,1,1,0,217.52483,-175.09294,179.73268,0.021285994,-0.02448034,0.029829428,36.50552,35.624443,2,23,1,0.99056214,1
42,22,1,0,0,211.996,-335.6326,206.63394,0.024365993,0.041673042,-0.011735518,15.417964,15.195278,2,-1,0,0.98433316,1
42,22,1,0,0,211.996,-335.6326,206.63394,0.024365993,0.041673042,-0.011735518,3.7117362,3.6355555,2,-1,0,0.9426744,1
42,23,1,0,0,217.52483,-175.09294,179.73268,0.021285994,-0.02448034,0.029829428,7.918292,7.911389,2,-1,0,0.9928376,1
42,23,1,0,0,217.52483,-175.09294,179.73268,0.021285994,-0.02448034,0.029829428,4.141049,4.1016665,2,-1,0,0.97246665,1
42,18,1,1,0,-230.77406,407.7985,90.6545,-0.014437159,-0.012618671,-0.007980725,18.07959,18.037222,2,24,1,0.8939846,1
42,35,1,1,0,-274.8868,-147.45424,348.7165,0.007407806,0.013911841,-0.0059416182,14.844611,14.790556,2,25,1,0.99354386,1
42,24,1,1,0,322.3701,77.28679,274.78302,-0.031589,-0.01164939,-0.00046477895,16.262096,16.062222,2,26,1,0.99779594,1
42,29,1,1,0,261.43378,459.9852,348.3331,-0.008133234,-0.010903101,0.01205409,16.983528,17.071945,2,27,1,0.9948427,1
42,4,1,1,0,263.8634,194.40031,17.149546,0.0034898762,-0.0056132204,-0.0015727426,6.255028,2.8997223,2,28,1,0.9921118,1
42,16,1,1,0,-270.50204,107.30355,232.78279,0.026158428,-0.021532139,-0.0022081179,11.254868,10.940556,2,29,1,0.9940789,1
42,16,1,0,0,-270.50204,107.30355,232.78279,0.026158428,-0.021532139,-0.0022081179,3.4769793,3.4797223,2,-1,0,0.95939344,1
42,21,1,1,0,-288.2898,571.1718,191.94505,0.005529089,0.0054780673,-0.0015991374,6.5212708,6.5869446,2,30,1,0.98699087,1
42,17,1,1,0,-300.02606,-549.6971,15.166027,0.007866326,-0.0074718324,-0.0017562472,10.899583,10.916667,2,31,1,0.9978034,1
42,11,1,1,0,-312.3073,-342.183,111.609314,0.017974436,0.0091381995,0.009079466,15.134881,15.310833,2,32,1,0.96202874,1
42,2,1,1,0,-310.31998,457.68185,460.17224,0.013557359,-0.021046218,-0.019630343,27.663904,27.56611,2,33,1,0.9816244,1
42,2,1,0,0,-310.31998,457.68185,460.17224,0.013557359,-0.021046218,-0.019630343,2.9171252,2.971111,2,-1,0,0.5294225,1
42,24,1,0,0,322.3701,77.28679,274.78302,-0.031589,-0.01164939,-0.00046477895,11.888889,11.8125,2,-1,0,0.98510575,1
42,27,1,1,0,325.90857,-151.12672,426.41516,0.0015846789,0.0139221335,0.0044553955,14.379813,9.905833,2,34,1,0.9928877,1
42,28,0,0,0,0.0,0.0,0.0,0.0,0.0,0.0,9.1553335,-1.0,2,-1,0,0.9761838,1
42,6,1,1,0,352.38882,67.55405,414.90823,0.0018727061,0.013142711,0.004037564,5.8854585,5.9688888,2,35,1,0.98105675,1
42,6,1,0,0,352.38882,67.55405,414.90823,0.0018727061,0.013142711,0.004037564,6.784993,5.5572224,2,-1,0,0.9727552,1
42,10,1,0,0,-379.64056,-366.75076,241.95573,-0.008584822,0.008902216,-0.013540443,5.120514,5.115,2,-1,0,0.95726895,1
43,15,1,0,0,-4.102045,-90.31859,255.87904,-0.0072136614,-0.022912284,-0.0043566963,3.351972,3.2158334,2,-1,0,0.86670715,1
43,19,1,1,0,-6.856242,-221.00189,188.60956,-0.008097271,0.020509318,0.008864104,13.449528,13.348333,2,0,1,0.9983942,1
43,14,0,0,0,0.0,0.0,0.0,0.0,0.0,0.0,4.1215,-1.0,2,-1,0,0.9604232,1
43,15,1,1,0,-4.102045,-90.31859,255.87904,-0.0072136614,-0.022912284,-0.0043566963,8.923458,8.829722,2,1,1,0.9945702,1
43,37,1,0,0,-47.246418,489.79068,199.90408,0.014332354,-0.0024324441,-0.017037429,3.4485905,3.2725,2,-1,0,0.56630266,1
43,16,1,1,0,20.09295,10.48702,215.26642,0.009354253,0.015355253,-0.0085233655,22.67052,22.350555,2,2,1,0.99612373,1
43,36,1,1,0,-23.015503,129.60944,141.99455,-0.03684203,-0.0069567896,0.021111028,34.170624,31.846945,2,3,1,0.99825937,1
43,14,1,1,0,24.956913,-209.6414,234.57703,-0.0028869824,-0.012718839,0.0007781903,15.436348,15.611944,2,4,1,0.9873603,1
43,32,1,0,0,41.36845,210.58873,89.37431,0.0040607266,-0.0023048788,0.010437499,3.4272988,3.36,2,-1,0,0.88861525,1
43,11,1,1,0,27.697678,-291.18744,108.66739,0.009520561,0.0128424205,0.012396251,24.465916,24.52389,2,5,1,0.9934916,1
43,23,1,1,0,28.553675,282.31787,286.41946,0.026950466,0.0068867975,-0.0048343726,21.618113,21.590834,2,6,1,0.9950513,1
43,36,1,0,0,-23.015503,129.60944,141.99455,-0.03684203,-0.0069567896,0.021111028,12.842493,12.803611,2,-1,0,0.918416,1
43,36,1,0,0,-23.015503,129.60944,141.99455,-0.03684203,-0.0069567896,0.021111028,6.2454443,6.2516665,2,-1,0,0.95492977,1
43,23,1,0,0,28.553675,282.31787,286.41946,0.026950466,0.0068867975,-0.0048343726,7.423965,7.387778,2,-1,0,0.99404633,1
43,33,0,0,0,0.0,0.0,0.0,0.0,0.0,0.0,3.5657222,3.5533333,2,-1,0,0.89734393,1
43,37,1,1,0,-47.246418,489.79068,199.90408,0.014332354,-0.0024324441,-0.017037429,18.994278,19.124722,2,7,1,0.99948055,1
43,32,1,1,0,41.36845,210.58873,89.37431,0.0040607266,-0.0023048788,0.010437499,9.7884245,8.980833,2,8,1,0.99152315,1
43,31,1,1,0,-50.80753,603.5017,412.01813,0.010994365,-0.031940434,0.018771505,26.65145,26.226667,2,9,1,0.9983248,1
43,31,1,0,0,-50.80753,603.5017,412.01813,0.010994365,-0.031940434,0.018771505,5.4376802,5.5844445,2,-1,0,0.98642284,1
43,30,0,0,0,0.0,0.0,0.0,0.0,0.0,0.0,4.023389,-1.0,2,-1,0,0.9700243,1
43,26,1,0,0,101.77328,-112.976135,76.47515,-0.004581393,-0.010635913,-0.0028912714,4.216528,4.185278,2,-1,0,0.9714835,1
43,26,1,1,0,101.77328,-112.976135,76.47515,-0.004581393,-0.010635913,-0.0028912714,8.4122715,8.56,2,10,1,0.9695943,1
43,30,0,0,0,0.0,0.0,0.0,0.0,0.0,0.0,8.3197365,-1.0,2,-1,0,0.9792924,1
43,30,0,0,0,0.0,0.0,0.0,0.0,0.0,0.0,17.500792,-1.0,2,-1,0,0.9912083,1
43,20,1,1,0,-113.68673,-231.72003,325.05515,-0.0022186486,-0.00342063,-0.00014163004,3.9229167,2.2930555,2,11,1,0.9532262,1
43,9,1,1,0,117.89186,-306.90564,2.1739442,0.015649019,0.028032739,-0.0014065187,28.941027,25.181667,2,12,1,0.9801056,1
43,34,1,0,0,125.94068,551.5809,376.91025,-0.017165272,0.006984569,-0.021115266,3.7813747,3.8294444,2,-1,0,0.9413517,1
43,34,1,1,0,125.94068,551.5809,376.91025,-0.017165272,0.006984569,-0.021115266,31.421967,31.60111,2,13,1,0.99219185,1
43,13,1,0,0,129.13626,-278.97733,331.3416,-0.005752757,0.022181008,0.023572281,3.605382,3.5858333,2,-1,0,0.8943313,1
43,13,1,0,0,129.13626,-278.97733,331.3416,-0.005752757,0.022181008,0.023572281,10.067077,8.283889,2,-1,0,0.98965317,1
43,13,1,1,0,129.13626,-278.97733,331.3416,-0.005752757,0.022181008,0.023572281,19.8905,19.706388,2,14,1,0.9944945,1
43,39,1,1,0,-132.17819,131.57898,296.27902,0.009887942,0.0015785834,0.0047508487,12.830147,12.671389,2,15,1,0.93934655,1
43,9,1,0,0,117.89186,-306.90564,2.1739442,0.015649019,0.028032739,-0.0014065187,6.4521394,6.4958334,2,-1,0,0.9934489,1
43,29,1,1,0,-165.93398,-238.17146,416.43317,-0.0153688,0.014848334,-0.0052620214,20.033632,19.80139,2,16,1,0.987056,1
43,1,1,0,0,-229.35391,-469.10123,106.26725,0.018885868,0.0039859717,-0.014217208,3.2382638,3.2483332,2,-1,0,0.85608846,1
43,5,1,1,0,-187.0927,-252.9556,141.96706,0.017636452,0.016833184,-0.0015751886,18.748486,18.593056,2,17,1,0.9972958,1
43,21,1,1,0,-186.57486,448.27103,127.44882,0.00046273376,-0.00027706032,0.015439189,13.84852,13.7913885,2,18,1,0.9874615,1
43,12,1,1,0,-197.25697,-484.7709,430.665,0.01849237,0.00543425,0.004186537,16.905375,16.974167,2,19,1,0.9682433,1
43,10,1,1,0,-205.9154,-312.74893,302.4898,0.009525137,-0.00070606,-0.024876159,20.108728,20.115278,2,20,1,0.9802915,1
43,33,0,0,0,0.0,0.0,0.0,0.0,0.0,0.0,3.195236,-1.0,2,-1,0,0.9684336,1
43,28,1,0,0,-239.36165,8.462444,354.721,0.008179946,0.016132245,-0.011455468,6.7343607,6.6833334,2,-1,0,0.980327,1
43,6,1,1,0,-218.98418,-371.71442,154.12415,-0.0074439757,0.0040557166,0.006490247,11.200764,9.577222,2,21,1,0.99283504,1
43,22,1,0,0,258.936,13.491656,321.60632,-0.016456332,-0.013935865,0.003712826,7.525445,7.7211113,2,-1,0,0.9889613,1
43,1,1,1,0,-229.35391,-469.10123,106.26725,0.018885868,0.0039859717,-0.014217208,19.331861,19.415,2,22,1,0.97317976,1
43,6,1,0,0,-218.98418,-371.71442,154.12415,-0.0074439757,0.0040557166,0.006490247,3.127278,3.103889,2,-1,0,0.84136266,1
43,28,1,1,0,-239.36165,8.462444,354.721,0.008179946,0.016132245,-0.011455468,13.981736,14.017222,2,23,1,0.9900108,1
43,18,1,1,0,244.58522,-496.36243,8.288743,-0.029428953,0.0077628065,-0.0021101395,26.97714,26.64,2,24,1,0.99891293,1
43,33,1,1,0,-249.0814,-83.287766,240.54588,0.018351665,-0.010014114,0.012152296,23.426575,23.1425,2,25,1,0.9994149,1
43,1,1,0,0,-229.35391,-469.10123,106.26725,0.018885868,0.0039859717,-0.014217208,3.2020278,3.1241667,2,-1,0,0.923211,1
43,3,1,1,0,252.23494,-579.6798,304.8941,-0.009396311,0.021034116,0.012431907,15.2960415,15.2425,2,26,1,0.9889509,1
43,3,1,0,0,252.23494,-579.6798,304.8941,-0.009396311,0.021034116,0.012431907,3.7396114,3.8119445,2,-1,0,0.9558294,1
43,22,1,1,0,258.936,13.491656,321.60632,-0.016456332,-0.013935865,0.003712826,13.383757,13.192223,2,27,1,0.99680966,1
43,4,1,1,0,-266.42007,-522.97925,161.51724,-0.00983294,-0.0007158982,0.010819729,14.510228,14.391389,2,28,1,0.9772699,1
43,38,1,1,0,281.77496,-14.304852,180.83092,-0.0012763352,0.00081763696,-0.018636012,17.223972,17.032778,2,29,1,0.9251709,1
43,27,1,1,0,285.8861,-471.78598,382.6229,-0.0010935869,-0.005820064,-0.013968804,13.207848,12.969167,2,30,1,0.9856844,1
43,40,1,1,0,-286.70923,418.3602,359.7041,-0.00939026,0.004104442,0.0024278807,7.3598056,2.3169444,2,31,1,0.9820294,1
43,2,1,1,0,294.0505,342.201,159.33237,-0.0032581792,-0.0015462684,-0.000106573774,3.9380555,3.8916667,2,32,1,0.91236675,1
43,25,1,1,0,305.82907,555.13385,406.90973,-0.024926964,-0.031956095,-0.011898143,26.951973,23.469723,2,33,1,0.9999486,1
43,25,1,0,0,305.82907,555.13385,406.90973,-0.024926964,-0.031956095,-0.011898143,17.114416,17.107779,2,-1,0,0.994145,1
43,24,1,1,0,-309.74796,-330.34863,279.5883,0.010370434,-0.020480923,0.011351543,22.097626,22.020277,2,34,1,0.9862234,1
43,35,1,1,0,-327.50836,283.76694,403.86438,0.019057203,-0.02375723,0.00031642354,24.20861,24.38,2,35,1,0.99980396,1
43,7,1,1,0,-329.9441,-60.08442,217.68639,-0.0009926572,-0.016034776,-0.009435228,16.907492,12.830556,2,36,1,0.9928843,1
43,17,1,1,0,338.87155,534.65424,111.828804,-0.0080702,0.0074265604,0.0011050394,10.433138,10.502222,2,37,1,0.99043757,1
43,17,1,0,0,338.87155,534.65424,111.828804,-0.0080702,0.0074265604,0.0011050394,3.6101737,3.6416667,2,-1,0,0.93446934,1
43,17,0,0,0,0.0,0.0,0.0,0.0,0.0,0.0,2.9642153,2.866111,2,-1,0,0.61562437,1
43,32,0,0,0,0.0,0.0,0.0,0.0,0.0,0.0,3.4044445,-1.0,2,-1,0,0.93369496,1
44,34,1,1,0,5.318779,498.88733,123.78554,0.006626182,-0.0023112907,-0.024386669,29.8758,30.020834,2,0,1,0.95358443,1
44,14,1,1,0,12.63293,-282.10504,298.43304,0.00056880515,-0.0075427988,-0.01990102,13.842236,14.167222,2,1,1,0.99485886,1
44,14,1,0,0,12.63293,-282.10504,298.43304,0.00056880515,-0.0075427988,-0.01990102,4.1475554,3.6263888,2,-1,0,0.96449995,1
44,21,1,1,0,-26.515987,-44.95963,452.398,-0.013126815,0.008090082,0.016784914,18.912271,18.2675,2,2,1,0.9880949,1
44,5,1,0,0,95.96532,584.38666,246.86366,-0.013845841,-0.0047797933,-0.0074709044,7.4077425,7.2916665,2,-1,0,0.9915452,1
44,21,1,0,0,-26.515987,-44.95963,452.398,-0.013126815,0.008090082,0.016784914,3.0901806,3.108611,2,-1,0,0.8061108,1
44,6,1,1,0,56.664318,-588.1577,5.4833913,0.009516008,0.015183881,0.015194582,20.55543,19.764166,2,3,1,0.9884194,1
44,17,1,1,0,60.12923,263.94315,293.45172,-0.007090553,-0.016817952,-0.0023013395,20.027632,20.116667,2,4,1,0.99952304,1
44,17,1,0,0,60.12923,263.94315,293.45172,-0.007090553,-0.016817952,-0.0023013395,4.537243,4.5475,2,-1,0,0.8672395,1
44,6,1,0,0,56.664318,-588.1577,5.4833913,0.009516008,0.015183881,0.015194582,3.8502223,3.7455556,2,-1,0,0.9569758,1
44,40,1,1,0,-86.305405,13.667596,310.14478,-0.0050836196,-0.009635058,-0.007388928,13.964583,13.8475,2,5,1,0.9891884,1
44,25,0,0,0,0.0,0.0,0.0,0.0,0.0,0.0,2.4339654,2.3725,2,-1,0,0.5143576,1
44,5,1,1,0,95.96532,584.38666,246.86366,-0.013845841,-0.0047797933,-0.0074709044,11.723174,11.624444,2,6,1,0.96968466,1
44,23,0,0,0,0.0,0.0,0.0,0.0,0.0,0.0,25.224966,-1.0,2,-1,0,0.9992507,1
44,27,1,1,0,100.90879,47.28927,197.46048,0.015242765,0.017233083,-0.005667427,26.727661,26.81639,2,7,1,0.99978334,1
44,3,1,1,0,121.00058,275.1464,308.35666,-0.046345353,0.0067551,-0.021463288,47.91698,48.510277,2,8,1,0.9999362,1
44,13,1,0,0,129.70833,-102.0779,383.91727,0.029129734,-0.018814698,0.019252878,5.0196185,4.943611,2,-1,0,0.9649474,1
44,13,1,1,0,129.70833,-102.0779,383.91727,0.029129734,-0.018814698,0.019252878,23.241444,23.217222,2,9,1,0.99398476,1
44,13,1,0,0,129.70833,-102.0779,383.91727,0.029129734,-0.018814698,0.019252878,10.398987,10.5125,2,-1,0,0.95544493,1
44,7,1,1,0,134.5366,552.3998,54.2304,0.00594613,0.008562598,-0.0007039882,12.112585,12.381111,2,10,1,0.99144053,1
44,15,1,0,0,-161.48842,-469.36594,359.26083,0.012537618,-0.014496732,-0.026231093,5.8070765,5.7833333,2,-1,0,0.9816301,1
44,15,1,0,0,-161.48842,-469.36594,359.26083,0.012537618,-0.014496732,-0.026231093,4.9153194,4.9544444,2,-1,0,0.9980621,1
44,38,1,1,0,-145.65273,541.98645,22.217655,0.01656843,0.012621507,-0.012225294,18.559402,16.217222,2,11,1,0.97503066,1
44,2,1,1,0,-150.3328,146.9019,288.69717,0.019399505,0.017556429,-0.02262136,36.34706,36.38889,2,12,1,0.8518058,1
44,15,1,1,0,-161.48842,-469.36594,359.26083,0.012537618,-0.014496732,-0.026231093,19.40089,19.423056,2,13,1,0.99759054,1
44,35,0,0,0,0.0,0.0,0.0,0.0,0.0,0.0,14.356569,-1.0,2,-1,0,0.9911889,1
44,12,1,1,0,167.70949,64.22687,88.95533,-0.013127791,-0.016495451,-0.011699327,24.8585,24.697222,2,14,1,0.98533094,1
44,28,1,1,0,-177.04576,89.8051,328.35144,-0.019644689,0.0070229,-0.002528517,24.242702,20.7825,2,15,1,0.99137187,1
44,25,1,1,0,180.55649,-422.73434,115.316505,-0.0026807475,0.022067998,-0.011321659,18.5697,18.399166,2,16,1,0.9946871,1
44,22,1,1,0,184.15813,-33.84681,137.94351,-0.0148256915,0.007883338,-0.010628898,15.920972,15.941944,2,17,1,0.96411985,1
44,22,1,0,0,184.15813,-33.84681,137.94351,-0.0148256915,0.007883338,-0.010628898,4.2573752,4.2825,2,-1,0,0.9713623,1
44,4,1,1,0,-189.59875,-379.5975,13.291214,-0.01362313,0.003955611,0.00060452236,11.383528,11.278055,2,18,1,0.9774065,1
44,1,1,1,0,207.21417,-346.0393,323.4781,-0.03429752,-0.0010631813,-0.00018638428,31.571154,35.4275,2,19,1,0.9321005,1
44,39,1,1,0,206.94456,325.4209,118.08554,-0.021932382,0.0031846573,-0.022045888,35.070805,34.99361,2,20,1,0.99153054,1
44,37,1,0,0,-218.8164,158.19405,226.90956,0.014560913,0.026366381,0.012133683,7.847319,7.7905555,2,-1,0,0.89050853,1
44,37,1,1,0,-218.8164,158.19405,226.90956,0.014560913,0.026366381,0.012133683,13.877841,14.2913885,2,21,1,0.98685604,1
44,16,1,1,0,216.73062,-29.232069,385.83878,0.018613389,-0.004714584,-0.010020113,23.319227,23.600555,2,22,1,0.9199314,1
44,16,1,0,0,216.73062,-29.232069,385.83878,0.018613389,-0.004714584,-0.010020113,4.760285,4.8025,2,-1,0,0.9563012,1
44,33,1,0,0,286.20538,499.714,445.01724,-0.020669868,0.014907685,-0.011337597,4.3973336,4.338889,2,-1,0,0.9650522,1
44,20,1,0,0,-229.57355,-326.53345,171.1588,-0.005544443,0.013864456,-0.02498927,7.0424795,6.891667,2,-1,0,0.99705577,1
44,9,1,0,0,-268.672,-268.4312,370.1539,0.0167518,-0.0035969764,-0.0032202576,5.682743,5.7352777,2,-1,0,0.9815633,1
44,20,1,0,0,-229.57355,-326.53345,171.1588,-0.005544443,0.013864456,-0.02498927,7.8673677,7.2966666,2,-1,0,0.9964148,1
44,20,1,1,0,-229.57355,-326.53345,171.1588,-0.005544443,0.013864456,-0.02498927,12.182541,12.288055,2,23,1,0.999539,1
44,30,1,1,0,233.88148,-6.1322446,410.74426,0.004050248,-0.027694972,0.006069432,19.380322,9.789166,2,24,1,0.99189174,1
44,26,1,1,0,-235.57,267.5686,395.4644,-0.0025857692,-0.0072883735,0.008671444,11.835672,11.638611,2,25,1,0.9667117,1
44,11,1,0,0,-238.73398,446.95795,191.50867,-0.0017926448,0.0016671673,-0.0068958765,4.4966183,2.8866668,2,-1,0,0.91631526,1
44,30,1,0,0,233.88148,-6.1322446,410.74426,0.004050248,-0.027694972,0.006069432,5.5995975,5.702778,2,-1,0,0.94470507,1
44,11,1,1,0,-238.73398,446.95795,191.50867,-0.0017926448,0.0016671673,-0.0068958765,3.3405833,3.3883333,2,26,1,0.6457355,1
44,19,0,0,0,0.0,0.0,0.0,0.0,0.0,0.0,17.631506,0.29333332,2,-1,0,0.98276204,1
44,19,0,0,0,0.0,0.0,0.0,0.0,0.0,0.0,2.9800348,-1.0,2,-1,0,0.8443756,1
44,10,1,0,0,-267.6315,-393.47607,424.41534,0.010731189,-0.013046103,0.01115801,5.630236,5.7527776,2,-1,0,0.9870956,1
44,9,1,0,0,-268.672,-268.4312,370.1539,0.0167518,-0.0035969764,-0.0032202576,3.32,3.2905555,2,-1,0,0.96923333,1
44,10,1,1,0,-267.6315,-393.47607,424.41534,0.010731189,-0.013046103,0.01115801,13.424258,13.334444,2,27,1,0.9947067,1
44,9,1,1,0,-268.672,-268.4312,370.1539,0.0167518,-0.0035969764,-0.0032202576,6.247937,6.3272223,2,28,1,0.981873,1
44,13,0,0,0,0.0,0.0,0.0,0.0,0.0,0.0,2.5513265,2.6094444,2,-1,0,0.5617245,1
44,31,1,1,0,-267.67593,-310.58624,395.99762,-0.022229757,-0.0041242037,0.008709247,22.37381,22.028055,2,29,1,0.9929811,1
44,10,1,0,0,-267.6315,-393.47607,424.41534,0.010731189,-0.013046103,0.01115801,5.66,5.663889,2,-1,0,0.9793839,1
44,33,1,1,0,286.20538,499.714,445.01724,-0.020669868,0.014907685,-0.011337597,17.229431,16.74611,2,30,1,0.95924836,1
44,32,1,1,0,317.00452,-236.3094,270.8575,-0.011757877,0.016219204,0.024206208,28.114605,28.041666,2,31,1,0.990167,1
44,32,1,0,0,317.00452,-236.3094,270.8575,-0.011757877,0.016219204,0.024206208,3.6760209,3.6277778,2,-1,0,0.9350846,1
44,29,1,0,0,-323.02448,326.27084,188.90408,0.0036505347,0.02375618,0.007749081,3.0719793,3.0902777,2,-1,0,0.91490924,1
44,29,1,0,0,-323.02448,326.27084,188.90408,0.0036505347,0.02375618,0.007749081,3.6593542,3.577222,2,-1,0,0.9392176,1
44,29,1,1,0,-323.02448,326.27084,188.90408,0.0036505347,0.02375618,0.007749081,14.149597,13.903611,2,32,1,0.988037,1
44,24,1,1,0,325.49277,-268.2061,124.57439,-0.00727187,-0.0080991555,0.0025478625,8.939931,8.911389,2,33,1,0.9728909,1
44,8,1,1,0,-324.43463,-514.3383,346.492,-0.0016813554,0.004083275,0.006005213,6.826062,6.215833,2,34,1,0.9597036,1
44,36,1,1,0,-360.77637,40.81385,301.92868,0.00477349,0.0040222937,0.02613353,12.894647,12.465278,2,35,1,0.87934554,1
45,8,0,0,0,0.0,0.0,0.0,0.0,0.0,0.0,2.9724376,2.8147223,2,-1,0,0.70234793,1
45,1,1,1,0,-16.783659,38.273308,64.41158,0.0045861034,-0.023439372,-0.0016331805,22.972847,22.902222,2,0,1,0.9985154,1
45,18,1,1,0,-17.229168,227.43964,190.22705,-0.010989125,-0.009576038,0.011416883,13.592452,13.781667,2,1,1,0.99928206,1
45,18,1,0,0,-17.229168,227.43964,190.22705,-0.010989125,-0.009576038,0.011416883,5.833229,5.833611,2,-1,0,0.9902534,1
45,18,1,0,0,-17.229168,227.43964,190.22705,-0.010989125,-0.009576038,0.011416883,4.1526947,4.1116667,2,-1,0,0.9694623,1
45,17,1,1,0,40.710835,-209.47144,306.69122,0.011645328,0.01221963,-0.014558537,24.168097,24.278334,2,2,1,0.99990785,1
45,15,0,0,0,0.0,0.0,0.0,0.0,0.0,0.0,6.592069,-1.0,2,-1,0,0.9640061,1
45,15,0,0,0,0.0,0.0,0.0,0.0,0.0,0.0,4.360236,-1.0,2,-1,0,0.99014425,1
45,25,1,1,0,55.479343,-137.73244,194.60881,-0.010695864,0.003922306,0.0050164303,14.562805,14.451667,2,3,1,0.9452196,1
45,9,1,1,0,55.74021,388.54364,391.47278,0.0095968945,0.008509192,0.031771723,31.444374,31.74639,2,4,1,0.99055195,1
45,14,1,1,0,-58.644608,535.98267,460.79578,0.012073146,0.010039088,0.03366036,5.369326,2.1008334,2,5,1,0.98200005,1
45,26,1,1,0,62.2197,373.6753,102.72743,-0.009625012,-9.053744e-05,0.016934166,20.803255,20.726667,2,6,1,0.9953525,1
45,25,1,0,0,55.479343,-137.73244,194.60881,-0.010695864,0.003922306,0.0050164303,4.1123886,4.167222,2,-1,0,0.97245073,1
45,13,1,1,0,89.14483,146.07776,394.92053,-0.008100349,-0.0003636349,0.004969276,10.738889,11.001667,2,7,1,0.99494344,1
45,23,1,1,0,-95.96002,543.5537,86.38488,0.0148102855,-0.009839817,0.005277071,17.072563,16.936111,2,-1,1,1.0,1
45,23,1,0,0,-95.96002,543.5537,86.38488,0.0148102855,-0.009839817,0.005277071,3.7131803,3.6766667,2,-1,0,0.94456214,1
45,40,1,1,0,-103.408066,-50.724094,59.26102,0.016779052,0.012842787,-0.0043767546,15.083243,14.885834,2,8,1,0.9995017,1
45,40,1,0,0,-103.408066,-50.724094,59.26102,0.016779052,0.012842787,-0.0043767546,12.472694,10.135278,2,-1,0,0.9823131,1
45,27,0,0,0,0.0,0.0,0.0,0.0,0.0,0.0,14.100278,-1.0,2,-1,0,0.9914124,1
45,27,1,1,0,-139.4836,-214.97464,238.82545,-0.012329538,0.00213796,-0.031136459,16.098251,15.879723,2,-1,1,0.9927521,1
45,38,1,0,0,184.6778,339.62183,343.02936,0.014474484,-0.007095901,-0.011842029,3.925389,3.9644444,2,-1,0,0.9715747,1
45,4,1,1,0,152.98631,-598.2025,439.68628,0.01061421,-0.0073113334,0.014587329,8.588931,7.2775,2,9,1,0.99001735,1
45,20,1,1,0,153.22618,-175.70204,332.48428,0.0049654753,-0.0032492739,0.009430633,8.7919235,8.779445,2,10,1,0.98580533,1
45,20,1,0,0,153.22618,-175.70204,332.48428,0.0049654753,-0.0032492739,0.009430633,3.3099234,3.4127777,2,-1,0,0.9544423,1
45,20,1,0,0,153.22618,-175.70204,332.48428,0.0049654753,-0.0032492739,0.009430633,3.633361,3.5944445,2,-1,0,0.9122208,1
45,29,1,1,0,163.91074,-190.4528,331.887,0.0002861505,0.011979743,0.022340484,26.671494,26.734444,2,11,1,0.9860701,1
45,31,1,1,0,159.65387,372.0699,243.38818,0.013612397,-0.0043549696,-0.014722811,22.705755,22.845833,2,12,1,0.95432734,1
45,6,1,0,0,172.55992,38.409668,19.713406,-0.015009334,-0.017171128,-0.012669443,10.851062,10.6258335,2,-1,0,0.98321885,1
45,6,1,1,0,172.55992,38.409668,19.713406,-0.015009334,-0.017171128,-0.012669443,14.5036745,14.444167,2,13,1,0.99157274,1
45,30,1,0,0,208.39516,-347.81638,45.906906,-0.005115786,-0.0077806837,-0.012843866,3.8262706,3.9097223,2,-1,0,0.9445562,1
45,19,0,0,0,0.0,0.0,0.0,0.0,0.0,0.0,31.347618,-1.0,2,-1,0,0.9991128,1
45,24,1,1,0,-188.05977,-165.43546,421.1746,0.013820791,-0.0073273163,-7.932688e-05,16.863653,16.773333,2,14,1,0.9720657,1
45,38,1,1,0,184.6778,339.62183,343.02936,0.014474484,-0.007095901,-0.011842029,22.321806,22.139723,2,15,1,0.9899621,1
45,36,1,1,0,187.73842,-383.4705,25.563972,-0.0080165425,-0.010499398,-0.008757097,17.670216,17.44,2,16,1,0.9967577,1
45,19,0,0,0,0.0,0.0,0.0,0.0,0.0,0.0,8.764104,-1.0,2,-1,0,0.9689716,1
45,30,1,1,0,208.39516,-347.81638,45.906906,-0.005115786,-0.0077806837,-0.012843866,11.963207,11.920834,2,17,1,0.9908208,1
45,19,0,0,0,0.0,0.0,0.0,0.0,0.0,0.0,3.4573264,3.5819445,2,-1,0,0.9018203,1
45,11,1,0,0,-246.12848,571.6676,18.901127,0.019648338,0.024884699,-0.0032559345,9.347167,9.3758335,2,-1,0,0.96164423,1
45,8,1,1,0,-239.46252,595.0557,287.95383,0.010129797,0.061228935,0.028133,13.104132,11.095555,2,18,1,0.9874966,1
45,11,1,1,0,-246.12848,571.6676,18.901127,0.019648338,0.024884699,-0.0032559345,14.861985,14.656944,2,19,1,0.975425,1
45,33,1,1,0,248.7589,-190.902,282.04294,-0.004916755,-0.010242,0.016129693,17.645464,17.899166,2,20,1,0.9900136,1
45,12,0,0,0,0.0,0.0,0.0,0.0,0.0,0.0,23.23025,-1.0,2,-1,0,0.9355625,1
45,7,1,1,0,282.23227,-386.7104,44.283527,-0.0024752403,0.013857249,-0.008168989,16.193071,16.133612,2,21,1,0.99345994,1
45,3,1,1,0,292.0254,-451.04788,292.84665,0.0014725716,-0.011217802,0.0041840724,10.51648,10.389444,2,22,1,0.9806384,1
45,35,1,1,0,300.59293,79.21451,3.0582402,-0.02018279,-0.0044526667,0.018051852,26.3028,26.311945,2,23,1,0.9964251,1
45,37,1,1,0,-300.65305,-209.89919,349.05365,0.0068823057,0.0031006737,-0.0076203654,10.47702,8.849167,2,24,1,0.95961004,1
45,21,1,1,0,299.90472,-522.4652,368.30893,-0.00011756154,0.012739032,0.015690424,15.882194,15.654166,2,25,1,0.9683857,1
45,21,1,0,0,299.90472,-522.4652,368.30893,-0.00011756154,0.012739032,0.015690424,4.8224306,4.7875,2,-1,0,0.96925193,1
45,39,1,1,0,299.54846,-232.29492,145.76715,0.004004554,-0.019133605,0.022081433,23.163229,20.082777,2,26,1,0.98955685,1
45,39,1,0,0,299.54846,-232.29492,145.76715,0.004004554,-0.019133605,0.022081433,5.985521,5.996111,2,-1,0,0.97771376,1
45,34,1,1,0,-302.54974,525.6862,80.40525,0.003761889,-0.00089908106,0.0071519925,7.979493,7.9497223,2,27,1,0.9813659,1
45,5,1,0,0,-306.56137,-323.2594,56.26058,-0.0073155537,-0.010782012,0.005063095,4.089111,4.0947223,2,-1,0,0.93790644,1
45,5,1,1,0,-306.56137,-323.2594,56.26058,-0.0073155537,-0.010782012,0.005063095,8.904181,8.763333,2,28,1,0.958426,1
45,2,1,1,0,333.52744,359.05368,12.667147,0.01707263,0.008918512,-0.018687235,22.215855,22.0275,2,29,1,0.98327696,1
45,2,1,0,0,333.52744,359.05368,12.667147,0.01707263,0.008918512,-0.018687235,3.4980974,3.336111,2,-1,0,0.95274013,1
45,32,1,1,0,-345.03595,525.37537,152.24197,0.020429978,-0.01131813,-0.023868756,28.351868,28.65,2,30,1,0.9999676,1
45,28,1,1,0,-358.46863,110.684875,404.82733,-0.0021973653,-0.004474691,-0.00053492875,4.7477503,4.7530556,2,31,1,0.8348443,1
45,22,1,1,0,-354.489,74.68488,199.86967,0.02021026,-0.0026054846,-0.021037474,12.199722,11.991944,2,32,1,0.9650048,1
45,22,1,0,0,-354.489,74.68488,199.86967,0.02021026,-0.0026054846,-0.021037474,11.870584,11.989166,2,-1,0,0.98336154,1
45,16,1,1,0,360.8145,-37.827873,155.94165,-0.011608872,-0.0073910956,-0.013297226,17.834826,17.83,2,33,1,0.99203295,1
45,28,1,0,0,-358.46863,110.684875,404.82733,-0.0021973653,-0.004474691,-0.00053492875,4.1029444,4.1219444,2,-1,0,0.96136624,1
46,28,1,1,0,10.006258,449.29724,71.197845,0.023802686,-0.006841223,0.007428234,15.437958,15.341666,2,0,1,0.9715858,1
46,8,0,0,0,0.0,0.0,0.0,0.0,0.0,0.0,3.2515626,3.266389,2,-1,0,0.67123467,1
46,10,1,0,0,36.394573,51.517117,317.02094,-0.004502048,-0.022383414,-0.0018755478,4.3510904,4.505,2,-1,0,0.9815362,1
46,10,1,1,0,36.394573,51.517117,317.02094,-0.004502048,-0.022383414,-0.0018755478,22.508987,21.763056,2,1,1,0.99968326,1
46,10,1,0,0,36.394573,51.517117,317.02094,-0.004502048,-0.022383414,-0.0018755478,4.0669723,4.014167,2,-1,0,0.7609431,1
46,9,1,1,0,-38.50489,580.10657,22.59928,-0.014399027,-0.006660144,-0.022471517,25.833382,24.620832,2,2,1,0.9975057,1
46,15,1,1,0,45.202106,497.18195,411.25162,-0.014660339,-0.010028448,0.0023000473,24.932098,21.875555,2,3,1,0.99864405,1
46,24,1,0,0,-50.638466,-487.5332,370.73853,-0.0036868665,0.019432457,0.021187767,11.186187,10.870277,2,-1,0,0.99962735,1
46,24,1,1,0,-50.638466,-487.5332,370.73853,-0.0036868665,0.019432457,0.021187767,19.179245,18.92389,2,4,1,0.9996352,1
46,17,1,1,0,-75.088295,545.0376,110.39778,-0.020993294,0.0026565245,-0.0016236537,18.25405,16.996666,2,5,1,0.9998173,1
46,17,1,0,0,-75.088295,545.0376,110.39778,-0.020993294,0.0026565245,-0.0016236537,5.7528744,5.7611113,2,-1,0,0.9859363,1
46,26,1,1,0,87.36582,-290.816,51.25984,-0.012920703,-0.0028262206,0.0038977966,15.984792,15.851111,2,6,1,0.9911151,1
46,32,1,1,0,-101.83865,-391.25104,90.3314,0.0025499067,0.017677465,-0.011638655,18.216005,18.768055,2,7,1,0.99767727,1
46,33,1,1,0,113.46964,-61.766716,457.2485,0.0028436251,0.006107892,-0.01520436,11.539577,10.049444,2,8,1,0.9792011,1
46,2,1,1,0,129.79683,-227.66602,287.72925,0.02209453,0.014949538,-0.002542945,31.944172,24.055834,2,9,1,0.9999082,1
46,18,1,0,0,-164.31139,125.859726,415.3182,-0.013126546,-0.0032570367,0.011953137,5.1828613,5.122778,2,-1,0,0.9882862,1
46,18,1,1,0,-164.31139,125.859726,415.3182,-0.013126546,-0.0032570367,0.011953137,14.590305,14.449722,2,10,1,0.9936067,1
46,16,1,1,0,-165.61017,217.8181,256.60507,0.0019677393,-0.0015071725,-0.0028905396,3.736264,3.7341666,2,11,1,0.8403375,1
46,36,1,0,0,189.27675,-574.93494,95.237854,-0.030951248,-0.009192175,0.018195607,9.485903,9.507222,2,-1,0,0.9851874,1
46,39,1,1,0,-186.90709,530.4746,56.00623,0.015640814,0.00093859603,-0.032082908,19.301748,19.273056,2,12,1,0.9132255,1
46,36,1,0,0,189.27675,-574.93494,95.237854,-0.030951248,-0.009192175,0.018195607,9.472069,9.366667,2,-1,0,0.96040386,1
46,36,1,1,0,189.27675,-574.93494,95.237854,-0.030951248,-0.009192175,0.018195607,22.076853,21.600277,2,13,1,0.9995542,1
46,23,1,1,0,-183.42381,-232.16812,430.707,-0.014158315,0.007907525,0.0044435007,11.708313,11.7575,2,14,1,0.97353303,1
46,39,1,0,0,-186.90709,530.4746,56.00623,0.015640814,0.00093859603,-0.032082908,16.642258,16.781666,2,-1,0,0.9936241,1
46,37,1,1,0,192.05292,-578.90216,127.001656,-0.0056700516,0.0010843016,-0.019423507,20.77566,20.740278,2,15,1,0.9857986,1
46,38,1,1,0,-195.3134,542.50214,146.68326,-0.010305375,-0.029572483,0.0021209489,30.764284,18.921112,2,16,1,0.68608177,1
46,22,1,1,0,199.01216,-54.124958,347.15402,-0.0027884664,-0.0024062512,-4.406729e-05,6.2754025,2.6372223,2,17,1,0.9698351,1
46,5,1,1,0,-205.77138,444.16806,24.645548,-0.014964599,0.005634145,0.018397566,17.155548,14.476666,2,18,1,0.9976211,1
46,1,1,1,0,211.7201,-486.3006,320.90323,0.009179805,0.010572664,0.015235247,8.720591,8.719722,2,19,1,0.9892945,1
46,5,1,0,0,-205.77138,444.16806,24.645548,-0.014964599,0.005634145,0.018397566,8.086229,7.815,2,-1,0,0.9926761,1
46,4,1,1,0,-216.07932,271.29803,129.59607,0.0021282008,-0.0046886555,0.018185535,18.808846,18.593056,2,20,1,0.9932707,1
46,1,1,0,0,211.7201,-486.3006,320.90323,0.009179805,0.010572664,0.015235247,3.9108472,3.963889,2,-1,0,0.97039986,1
46,12,1,1,0,-222.37956,-268.79996,34.65946,0.018647661,-0.00066079455,0.0029485617,10.636215,10.618055,2,21,1,0.9682225,1
46,12,1,0,0,-222.37956,-268.79996,34.65946,0.018647661,-0.00066079455,0.0029485617,5.706021,5.6833334,2,-1,0,0.9376107,1
46,12,1,0,0,-222.37956,-268.79996,34.65946,0.018647661,-0.00066079455,0.0029485617,4.5154033,4.5705557,2,-1,0,0.98538625,1
46,23,1,0,0,-183.42381,-232.16812,430.707,-0.014158315,0.007907525,0.0044435007,3.32659,3.3611112,2,-1,0,0.9591229,1
46,13,1,1,0,-222.50555,364.7618,37.894405,-0.009225197,0.010634978,-0.009929966,10.178979,7.2733335,2,22,1,0.9838943,1
46,40,1,0,0,245.00519,192.04105,131.64409,-0.012936429,-0.032657806,0.017666737,3.3803055,3.43,2,-1,0,0.5730435,1
46,13,1,0,0,-222.50555,364.7618,37.894405,-0.009225197,0.010634978,-0.009929966,5.0000205,4.9969444,2,-1,0,0.9797505,1
46,1,1,0,0,211.7201,-486.3006,320.90323,0.009179805,0.010572664,0.015235247,3.6622775,3.833611,2,-1,0,0.94691604,1
46,34,1,0,0,233.2651,525.83295,114.02642,0.010916195,0.020740602,-0.03224926,8.371041,6.7577777,2,-1,0,0.9948767,1
46,34,1,1,0,233.2651,525.83295,114.02642,0.010916195,0.020740602,-0.03224926,19.569986,19.485556,2,23,1,0.96737176,1
46,34,1,0,0,233.2651,525.83295,114.02642,0.010916195,0.020740602,-0.03224926,4.1042013,4.076667,2,-1,0,0.96654695,1
46,40,1,1,0,245.00519,192.04105,131.64409,-0.012936429,-0.032657806,0.017666737,35.714493,35.273056,2,24,1,0.99999845,1
46,40,1,0,0,245.00519,192.04105,131.64409,-0.012936429,-0.032657806,0.017666737,3.1308262,3.1758332,2,-1,0,0.9431983,1
46,6,1,0,0,310.29602,22.432465,78.555664,-0.0406373,0.058595795,0.028259205,17.549507,17.573055,2,-1,0,0.99143183,1
46,29,1,1,0,246.63881,-249.28835,126.50747,-0.008563715,0.0038263919,-0.00081146363,8.585701,8.709444,2,25,1,0.98778117,1
46,35,1,1,0,249.7345,391.68704,9.536956,-0.004558155,0.008868008,0.019311715,17.730686,17.175,2,26,1,0.9963247,1
46,35,1,0,0,249.7345,391.68704,9.536956,-0.004558155,0.008868008,0.019311715,4.1734304,4.068611,2,-1,0,0.9320381,1
46,14,1,1,0,-253.96445,-594.9322,64.19327,-0.021682924,-0.013835473,-0.025563624,26.196062,25.856667,2,27,1,0.99565756,1
46,30,1,0,0,266.5912,391.28952,88.276054,-0.0053501767,-0.010032284,0.0106276795,4.133847,3.731111,2,-1,0,0.95606023,1
46,14,1,0,0,-253.96445,-594.9322,64.19327,-0.021682924,-0.013835473,-0.025563624,7.0338473,6.996389,2,-1,0,0.9902705,1
46,30,1,1,0,266.5912,391.28952,88.276054,-0.0053501767,-0.010032284,0.0106276795,9.9609995,9.808333,2,28,1,0.9975803,1
46,20,1,1,0,-274.38104,49.671337,240.61093,-0.01213355,0.0017678563,0.0062221307,9.370862,5.6725,2,29,1,0.9936586,1
46,20,1,0,0,-274.38104,49.671337,240.61093,-0.01213355,0.0017678563,0.0062221307,5.093507,4.9475,2,-1,0,0.9836701,1
46,6,1,0,0,310.29602,22.432465,78.555664,-0.0406373,0.058595795,0.028259205,3.1085622,3.1358333,2,-1,0,0.75920445,1
46,3,1,1,0,-278.23187,-374.92038,426.3514,-0.0051431693,-0.0005645799,0.0016523344,6.029097,2.2863889,2,30,1,0.9577354,1
46,21,1,1,0,-287.98514,-370.69055,338.65778,0.013812803,-0.012695452,-0.0008061092,17.45725,17.355278,2,31,1,0.97349167,1
46,27,0,0,0,0.0,0.0,0.0,0.0,0.0,0.0,17.430653,-1.0,2,-1,0,0.97352433,1
46,6,1,1,0,310.29602,22.432465,78.555664,-0.0406373,0.058595795,0.028259205,39.04367,53.899445,2,32,1,0.9999988,1
46,8,1,0,0,317.09216,30.72115,183.08926,-0.0155030405,0.015281715,-0.021764914,9.924007,9.875556,2,-1,0,0.98367494,1
46,25,1,1,0,309.21982,451.89236,354.59518,0.017203052,-0.01103522,0.00015792913,17.283035,17.369722,2,33,1,0.93133664,1
46,8,1,1,0,317.09216,30.72115,183.08926,-0.0155030405,0.015281715,-0.021764914,13.400403,13.386389,2,34,1,0.9788972,1
46,11,1,1,0,-318.86664,346.61154,199.65404,-0.0035042008,0.016881222,-0.016459055,18.472673,18.591389,2,35,1,0.9658263,1
46,11,1,0,0,-318.86664,346.61154,199.65404,-0.0035042008,0.016881222,-0.016459055,5.7718687,6.0119443,2,-1,0,0.9803375,1
46,31,1,0,0,-333.18,405.06143,374.61453,-0.023587832,0.016779102,0.009705862,3.4072292,3.406389,2,-1,0,0.9631939,1
46,31,1,1,0,-333.18,405.06143,374.61453,-0.023587832,0.016779102,0.009705862,19.780403,10.096945,2,36,1,0.977084,1
46,31,1,0,0,-333.18,405.06143,374.61453,-0.023587832,0.016779102,0.009705862,3.7911665,3.7894444,2,-1,0,0.92024356,1
46,7,1,0,0,-357.78397,513.806,119.20458,0.0026412199,0.024474947,-0.0031038495,3.9188542,3.9261112,2,-1,0,0.8640283,1
46,7,1,1,0,-357.78397,513.806,119.20458,0.0026412199,0.024474947,-0.0031038495,17.489784,17.520277,2,37,1,0.9892419,1
46,19,1,1,0,-355.97342,597.69305,1.240811,-0.01686476,-0.019476524,-0.00470278,8.544152,4.3969445,2,38,1,0.99942905,1
47,31,1,1,0,23.262718,-248.6339,164.16295,0.0034948278,-0.0004855848,-0.0011812388,5.6651254,5.585,2,0,1,0.95204407,1
47,20,1,1,0,-35.152325,575.73364,124.78522,0.005281882,-0.0046267156,0.00992237,8.035833,8.100278,2,1,1,0.9964012,1
47,40,1,1,0,36.789963,283.89218,131.47562,-0.0034719957,-0.009352213,0.0140201505,19.254583,19.28139,2,2,1,0.9890031,1
47,36,1,1,0,-58.809834,-441.9893,59.361275,0.004693509,0.012915666,-0.010926691,18.662569,18.505,2,3,1,0.9986141,1
47,3,1,1,0,-87.918144,504.2055,290.13077,0.015999319,-0.0022581946,0.0043633413,18.771168,18.772223,2,4,1,0.995465,1
47,27,1,1,0,-97.45842,231.1247,77.71474,0.0066009853,-0.014612872,-0.010394732,21.07598,21.133612,2,5,1,0.9972792,1
47,13,1,1,0,-111.54167,313.88998,422.59525,-0.029161444,0.011792304,-0.010133759,28.745193,38.273056,2,6,1,0.9976584,1
47,19,1,0,0,-154.17123,435.81985,275.53754,-0.005988297,0.018047964,-0.019197708,10.610319,10.722777,2,-1,0,0.9944457,1
47,26,1,1,0,-128.31598,502.51428,272.79044,0.0135664735,-0.0011887252,-0.009972643,18.919367,18.778055,2,7,1,0.9870868,1
47,23,1,1,0,143.30057,-273.7304,12.4038925,0.011060009,5.816489e-06,-0.010784278,8.597083,8.606944,2,8,1,0.98796755,1
47,23,1,0,0,143.30057,-273.7304,12.4038925,0.011060009,5.816489e-06,-0.010784278,6.4931808,6.7219443,2,-1,0,0.9803432,1
47,38,1,1,0,146.77084,557.28357,125.02814,0.013118181,0.01681544,0.008623033,13.636404,10.635,2,9,1,0.9914928,1
47,38,1,0,0,146.77084,557.28357,125.02814,0.013118181,0.01681544,0.008623033,6.769236,6.8966665,2,-1,0,0.99552506,1
47,38,1,0,0,146.77084,557.28357,125.02814,0.013118181,0.01681544,0.008623033,3.35125,3.3358333,2,-1,0,0.857928,1
47,29,1,0,0,-151.05264,267.06314,345.30664,-0.015698588,0.008407229,0.023867618,12.246501,12.355,2,-1,0,0.99027133,1
47,2,1,1,0,-154.87057,70.94325,420.46564,0.029474832,-0.013791452,0.0058477493,16.40573,15.514444,2,10,1,0.92424405,1
47,29,1,1,0,-151.05264,267.06314,345.30664,-0.015698588,0.008407229,0.023867618,15.779119,16.011667,2,11,1,0.9971283,1
47,19,1,1,0,-154.17123,435.81985,275.53754,-0.005988297,0.018047964,-0.019197708,15.225895,15.356944,2,12,1,0.99698883,1
47,35,1,0,0,-155.25539,-427.91754,239.91605,0.023722101,0.0018182703,0.017178064,15.369959,15.255278,2,-1,0,0.9869854,1
47,35,1,1,0,-155.25539,-427.91754,239.91605,0.023722101,0.0018182703,0.017178064,18.289549,18.497223,2,13,1,0.97666717,1
47,17,1,0,0,174.85759,-226.34811,122.038956,-0.026506418,0.015929192,-0.01287912,3.5615346,3.4975,2,-1,0,0.91261786,1
47,19,1,0,0,-154.17123,435.81985,275.53754,-0.005988297,0.018047964,-0.019197708,6.181708,6.1880555,2,-1,0,0.97961116,1
47,17,1,1,0,174.85759,-226.34811,122.038956,-0.026506418,0.015929192,-0.01287912,29.231964,29.136944,2,14,1,0.9967764,1
47,6,1,0,0,-173.82475,-484.37292,8.745474,-0.01722926,0.004946795,-0.030796414,4.638535,4.681667,2,-1,0,0.9786421,1
47,29,0,0,0,0.0,0.0,0.0,0.0,0.0,0.0,2.7283475,2.6752777,2,-1,0,0.50968033,1
47,6,1,0,0,-173.82475,-484.37292,8.745474,-0.01722926,0.004946795,-0.030796414,8.5077715,8.529445,2,-1,0,0.9950311,1
47,6,1,1,0,-173.82475,-484.37292,8.745474,-0.01722926,0.004946795,-0.030796414,23.59534,18.567223,2,15,1,0.96730363,1
47,37,1,0,0,185.98114,252.77634,96.423584,0.006662014,-0.0341687,-0.02491791,2.7600555,2.7466667,2,-1,0,0.55406034,1
47,37,1,1,0,185.98114,252.77634,96.423584,0.006662014,-0.0341687,-0.02491791,24.316254,24.35111,2,16,1,0.94334906,1
47,37,1,0,0,185.98114,252.77634,96.423584,0.006662014,-0.0341687,-0.02491791,15.7672,14.856389,2,-1,0,0.9991677,1
47,8,1,1,0,-206.12646,496.29947,192.19382,0.024179988,-0.009222317,-0.0016607583,17.639326,17.45861,2,17,1,0.99643964,1
47,33,1,0,0,-213.25558,369.70975,42.16504,0.0116222175,-0.0019531207,-0.03317772,11.089972,11.079722,2,-1,0,0.99322623,1
47,33,1,1,0,-213.25558,369.70975,42.16504,0.0116222175,-0.0019531207,-0.03317772,23.955235,23.88611,2,18,1,0.9977695,1
47,23,1,0,0,143.30057,-273.7304,12.4038925,0.011060009,5.816489e-06,-0.010784278,3.8344445,3.8652778,2,-1,0,0.9478138,1
47,25,1,1,0,-216.71547,369.05023,387.77832,-0.008124508,0.00012171602,-0.0016568108,4.727271,4.7033334,2,-1,1,0.98804027,1
47,32,1,1,0,221.50533,66.37768,103.265915,0.027329452,0.014598701,-0.013459439,35.35015,29.57361,2,19,1,0.9971396,1
47,14,1,1,0,-223.5461,514.2111,3.6315038,0.0045837294,-0.0026690084,0.0028915121,6.0404444,5.941111,2,20,1,0.9754793,1
47,37,1,0,0,185.98114,252.77634,96.423584,0.006662014,-0.0341687,-0.02491791,3.491444,3.4072223,2,-1,0,0.9013658,1
47,34,1,1,0,-238.92407,-497.8595,148.91008,-0.004330999,-0.004598646,0.00279245,7.7963476,3.7691667,2,21,1,0.98824185,1
47,1,1,1,0,253.6368,-119.965195,404.35574,0.0037932,-0.00895845,-0.02094523,13.394521,13.335278,2,22,1,0.98760706,1
47,1,1,0,0,253.6368,-119.965195,404.35574,0.0037932,-0.00895845,-0.02094523,9.171778,8.223889,2,-1,0,0.9851441,1
47,39,1,1,0,262.0917,404.79138,153.05193,0.015714865,0.011140776,0.0067785596,10.533202,9.523056,2,23,1,0.97914106,1
47,39,1,0,0,262.0917,404.79138,153.05193,0.015714865,0.011140776,0.0067785596,5.2823195,5.276389,2,-1,0,0.9523558,1
47,4,1,1,0,-279.65652,415.69852,13.051941,0.018146968,-0.0014459119,-0.049983557,32.518124,31.340279,2,24,1,0.9935318,1
47,4,1,0,0,-279.65652,415.69852,13.051941,0.018146968,-0.0014459119,-0.049983557,3.898743,2.4383333,2,-1,0,0.93669116,1
47,15,1,1,0,-282.9715,469.20712,236.07292,0.012628862,0.022428844,-0.012272163,9.612715,8.067778,2,25,1,0.9766758,1
47,12,0,0,0,0.0,0.0,0.0,0.0,0.0,0.0,7.4298263,-1.0,2,-1,0,0.98247117,1
47,28,1,1,0,-292.04803,228.73875,355.50134,-0.030081537,0.0039552376,-0.027162207,24.95287,24.765,2,26,1,0.99862444,1
47,7,1,1,0,298.78897,571.1491,395.0406,-0.0036441816,-0.00024747755,-0.02805852,15.438791,15.322222,2,27,1,0.999589,1
47,28,1,0,0,-292.04803,228.73875,355.50134,-0.030081537,0.0039552376,-0.027162207,7.6518197,7.7569447,2,-1,0,0.9781042,1
47,24,1,0,0,-298.68552,536.6886,371.38095,-0.024340458,-0.0028191127,0.0055890107,4.2929444,4.3533335,2,-1,0,0.9799959,1
47,7,1,0,0,298.78897,571.1491,395.0406,-0.0036441816,-0.00024747755,-0.02805852,13.332986,12.506111,2,-1,0,0.95635974,1
47,24,1,1,0,-298.68552,536.6886,371.38095,-0.024340458,-0.0028191127,0.0055890107,20.346313,17.704445,2,28,1,0.98557115,1
47,28,1,0,0,-292.04803,228.73875,355.50134,-0.030081537,0.0039552376,-0.027162207,4.2564025,4.19,2,-1,0,0.9835179,1
47,10,1,1,0,-317.36713,15.663217,188.17238,-0.0027410788,0.0045941905,0.0053579924,7.1036735,7.123889,2,29,1,0.99014926,1
47,9,1,1,0,-319.94974,455.90323,150.16954,-0.005647012,0.012076988,-0.0026242374,15.034118,4.961389,2,30,1,0.99945027,1
47,21,1,1,0,-322.06613,146.67299,195.82724,-0.009687848,0.0068684765,-0.0042656483,11.119327,11.21,2,31,1,0.9904795,1
47,30,1,1,0,336.58594,-220.75066,25.553057,0.0034977905,-0.008187671,0.015382871,16.02232,14.478611,2,32,1,0.98689145,1
47,8,0,0,0,0.0,0.0,0.0,0.0,0.0,0.0,4.4194374,4.3744445,2,-1,0,0.9022636,1
47,22,1,1,0,341.5036,576.15894,245.1552,0.018246645,-0.0072863847,-0.007095955,11.921854,11.815556,2,33,1,0.98332053,1
47,5,1,0,0,-353.66235,-289.3057,46.69012,-0.0032311683,0.0057929433,-0.043837447,9.568652,9.675278,2,-1,0,0.9825828,1
47,22,1,0,0,341.5036,576.15894,245.1552,0.018246645,-0.0072863847,-0.007095955,8.2658615,8.266389,2,-1,0,0.9801035,1
47,5,1,1,0,-353.66235,-289.3057,46.69012,-0.0032311683,0.0057929433,-0.043837447,28.204048,27.88611,2,34,1,0.95706743,1
47,18,1,1,0,-351.35382,191.53326,366.46832,-0.031983953,0.02522564,-0.011912896,14.108999,14.249444,2,35,1,0.6392753,1
47,16,1,0,0,357.1382,512.36646,389.89935,0.032033898,-0.006815134,-0.015212991,11.809007,11.024167,2,-1,0,0.98303413,1
47,16,1,1,0,357.1382,512.36646,389.89935,0.032033898,-0.006815134,-0.015212991,13.026764,13.095555,2,36,1,0.9862564,1
48,36,1,1,0,-12.679469,-232.79448,414.53223,0.008300034,-0.0098446375,0.019190835,17.846117,17.57639,2,0,1,0.99224395,1
48,24,1,1,0,10.248322,-67.68821,122.48396,0.0063104047,-0.021299291,-0.027434813,16.90798,15.380834,2,1,1,0.9977876,1
48,36,1,0,0,-12.679469,-232.79448,414.53223,0.008300034,-0.0098446375,0.019190835,12.156243,12.163889,2,-1,0,0.9926475,1
48,21,1,1,0,-17.32762,-164.89392,270.787,0.015125547,-0.006677777,-0.011084299,11.874966,11.7875,2,2,1,0.9424378,1
48,24,1,0,0,10.248322,-67.68821,122.48396,0.0063104047,-0.021299291,-0.027434813,6.6227984,6.628889,2,-1,0,0.97103596,1
48,21,1,0,0,-17.32762,-164.89392,270.787,0.015125547,-0.006677777,-0.011084299,6.5913196,6.7194443,2,-1,0,0.99565506,1
48,24,1,0,0,10.248322,-67.68821,122.48396,0.0063104047,-0.021299291,-0.027434813,14.522548,14.862778,2,-1,0,0.9984604,1
48,21,1,0,0,-17.32762,-164.89392,270.787,0.015125547,-0.006677777,-0.011084299,5.3817706,5.3872223,2,-1,0,0.9908539,1
48,15,1,1,0,54.854027,-548.6905,157.09856,0.015691087,-0.011598647,0.012831018,24.736193,22.601667,2,3,1,0.99443793,1
48,2,1,1,0,-71.68735,274.94595,164.55089,-0.013137751,-0.002794455,-0.030449549,19.716923,19.639723,2,4,1,0.9637242,1
48,2,1,0,0,-71.68735,274.94595,164.55089,-0.013137751,-0.002794455,-0.030449549,5.989527,6.0408335,2,-1,0,0.98062277,1
48,2,1,0,0,-71.68735,274.94595,164.55089,-0.013137751,-0.002794455,-0.030449549,12.767493,12.686111,2,-1,0,0.87352926,1
48,30,1,1,0,-102.929794,-453.7791,122.01672,-0.00836603,0.010667712,-0.005557787,19.892347,7.9052777,2,5,1,0.9962186,1
48,3,0,0,0,0.0,0.0,0.0,0.0,0.0,0.0,10.472063,-1.0,2,-1,0,0.9759489,1
48,38,1,1,0,-117.30761,-392.34012,352.73752,0.009242797,0.008454538,-0.0028767388,13.98618,14.213333,2,6,1,0.9992286,1
48,16,1,1,0,-120.118546,549.4068,373.34604,-0.033131983,-0.00053901103,0.013687999,29.662539,28.176945,2,7,1,0.9967271,1
48,3,1,0,0,131.29648,-155.3983,276.2413,-0.029560909,-0.017796772,-0.04843242,17.730394,17.581388,2,-1,0,0.9738347,1
48,3,1,0,0,131.29648,-155.3983,276.2413,-0.029560909,-0.017796772,-0.04843242,10.240562,10.296667,2,-1,0,0.9922964,1
48,23,1,1,0,-128.07167,400.6677,117.192505,-0.04534257,0.0006002647,0.028997466,19.910772,32.26278,2,8,1,0.99238986,1
48,3,1,1,0,131.29648,-155.3983,276.2413,-0.029560909,-0.017796772,-0.04843242,22.392132,22.439722,2,9,1,0.9961119,1
48,16,1,0,0,-120.118546,549.4068,373.34604,-0.033131983,-0.00053901103,0.013687999,6.846972,6.935,2,-1,0,0.95424634,1
48,23,1,0,0,-128.07167,400.6677,117.192505,-0.04534257,0.0006002647,0.028997466,2.881639,2.8563888,2,-1,0,0.9188288,1
48,7,1,1,0,-141.0402,-358.73853,169.76566,-0.005711544,-0.013195322,0.0052727284,15.575389,8.542778,2,10,1,0.997139,1
48,23,1,0,0,-128.07167,400.6677,117.192505,-0.04534257,0.0006002647,0.028997466,4.1631384,4.1016665,2,-1,0,0.9837066,1
48,35,1,1,0,-150.7645,260.65207,135.49734,0.028109178,0.009306076,-0.013694526,31.91309,32.171112,2,11,1,0.9977896,1
48,35,1,0,0,-150.7645,260.65207,135.49734,0.028109178,0.009306076,-0.013694526,3.4567223,3.4080555,2,-1,0,0.90184563,1
48,39,1,0,0,145.41261,-173.28572,73.49696,0.006976896,0.0024110258,0.02355261,7.0148683,5.863611,2,-1,0,0.987689,1
48,39,1,1,0,145.41261,-173.28572,73.49696,0.006976896,0.0024110258,0.02355261,10.14284,9.851944,2,12,1,0.9970471,1
48,26,1,0,0,-177.09853,-528.0667,1.8713082,0.016365707,-0.034213755,0.005333042,3.1855416,3.26,2,-1,0,0.80431855,1
48,12,1,0,0,-153.49727,433.3841,289.2705,0.0065202806,0.020889595,0.03904154,8.401,8.336945,2,-1,0,0.9923705,1
48,12,1,1,0,-153.49727,433.3841,289.2705,0.0065202806,0.020889595,0.03904154,33.451054,33.5575,2,13,1,0.9999387,1
48,28,1,1,0,-158.01515,-603.6942,236.55556,-0.00084680924,-0.013040162,0.013772557,3.2265902,3.1327777,2,14,1,0.8826857,1
48,26,1,0,0,-177.09853,-528.0667,1.8713082,0.016365707,-0.034213755,0.005333042,13.395076,13.534445,2,-1,0,0.96907055,1
48,39,1,0,0,145.41261,-173.28572,73.49696,0.006976896,0.0024110258,0.02355261,6.6353474,6.6797223,2,-1,0,0.95292366,1
48,22,1,1,0,156.40173,575.4195,40.16979,-0.007595769,-0.013647168,0.002263091,14.381027,14.414444,2,15,1,0.97525454,1
48,34,1,1,0,-160.24814,-267.93628,169.91403,-0.0007978906,0.015967535,0.0082228165,16.835848,16.57361,2,16,1,0.9976538,1
48,23,1,0,0,-128.07167,400.6677,117.192505,-0.04534257,0.0006002647,0.028997466,16.507013,16.529444,2,-1,0,0.98224777,1
48,26,1,0,0,-177.09853,-528.0667,1.8713082,0.016365707,-0.034213755,0.005333042,4.7315965,4.533056,2,-1,0,0.9904924,1
48,26,1,1,0,-177.09853,-528.0667,1.8713082,0.016365707,-0.034213755,0.005333042,14.291549,13.868889,2,17,1,0.99604636,1
48,18,1,0,0,-189.02,-317.84064,276.62057,0.00084691023,0.0041868254,0.021473747,5.7094173,5.7380557,2,-1,0,0.95530546,1
48,18,1,0,0,-189.02,-317.84064,276.62057,0.00084691023,0.0041868254,0.021473747,7.855819,7.7319446,2,-1,0,0.9987452,1
48,18,1,1,0,-189.02,-317.84064,276.62057,0.00084691023,0.0041868254,0.021473747,15.226728,15.288333,2,18,1,0.99453086,1
48,10,1,0,0,235.88635,408.12515,126.349495,-0.027718948,0.021531995,0.013001014,13.950611,13.737223,2,-1,0,0.85103184,1
48,10,1,0,0,235.88635,408.12515,126.349495,-0.027718948,0.021531995,0.013001014,6.473,6.5761113,2,-1,0,0.98778,1
48,1,1,1,0,-204.84662,-441.39572,284.60532,0.0016669495,-0.015306224,0.0063962587,10.822187,10.8875,2,19,1,0.99958473,1
48,1,1,0,0,-204.84662,-441.39572,284.60532,0.0016669495,-0.015306224,0.0063962587,4.683722,4.766389,2,-1,0,0.98311114,1
48,33,1,1,0,210.46762,478.20135,101.13733,0.009683751,0.020518398,0.013850599,19.495234,17.496944,2,20,1,0.99999964,1
48,5,1,1,0,209.5776,-522.7312,60.308277,-0.00023120658,0.008639711,0.0014672406,9.356903,9.0075,2,21,1,0.99173355,1
48,33,1,0,0,210.46762,478.20135,101.13733,0.009683751,0.020518398,0.013850599,6.167882,6.1358333,2,-1,0,0.9539631,1
48,40,1,1,0,216.25401,108.538994,25.154406,0.010727318,0.02200632,1.2957257e-05,17.666271,11.349167,2,22,1,0.9893063,1
48,40,1,0,0,216.25401,108.538994,25.154406,0.010727318,0.02200632,1.2957257e-05,3.3584793,3.3069444,2,-1,0,0.97071403,1
48,11,1,1,0,233.76917,529.9872,366.5982,-0.030924655,-0.0007673867,-0.017266624,32.87808,34.225555,2,23,1,0.9098089,1
48,10,1,1,0,235.88635,408.12515,126.349495,-0.027718948,0.021531995,0.013001014,16.41875,16.259445,2,24,1,0.9889219,1
48,11,1,0,0,233.76917,529.9872,366.5982,-0.030924655,-0.0007673867,-0.017266624,3.0038748,3.0038888,2,-1,0,0.68721485,1
48,29,1,1,0,-250.1218,578.11316,373.84183,0.0021599212,-0.0031066486,-0.0025620167,4.257146,4.3541665,2,25,1,0.9668568,1
48,8,1,1,0,-256.27676,-526.05255,64.624016,0.007973011,-0.0027937375,0.005408373,10.298757,10.391945,2,26,1,0.99211496,1
48,25,1,1,0,-260.3762,267.1726,107.67387,-0.009355569,0.011574148,-0.0042348998,16.688179,16.2575,2,27,1,0.9737042,1
48,19,1,1,0,-266.38943,77.015854,78.972404,-0.00502022,-0.0080199605,-0.014544348,11.528368,10.1075,2,28,1,0.9522039,1
48,19,1,0,0,-266.38943,77.015854,78.972404,-0.00502022,-0.0080199605,-0.014544348,3.8350832,3.8311112,2,-1,0,0.8490564,1
48,13,1,0,0,-281.9752,361.02142,97.15447,0.02224441,-0.00972009,0.005469012,8.349792,8.351666,2,-1,0,0.9817963,1
48,6,1,1,0,-270.22284,-527.0084,140.86676,-0.018339528,0.00898634,-0.01389916,22.40286,22.453611,2,29,1,0.9954332,1
48,27,1,1,0,-271.2378,49.862072,459.2999,-0.008256566,0.010646798,0.015420906,17.416744,15.44,2,30,1,0.9913771,1
48,13,1,1,0,-281.9752,361.02142,97.15447,0.02224441,-0.00972009,0.005469012,14.469979,14.399445,2,31,1,0.99993825,1
48,14,1,1,0,-306.27936,171.47719,289.8562,-0.003082021,0.027342465,0.03061302,13.945979,13.981667,2,32,1,0.98395824,1
48,14,1,0,0,-306.27936,171.47719,289.8562,-0.003082021,0.027342465,0.03061302,7.967347,7.932778,2,-1,0,0.9865129,1
48,14,1,0,0,-306.27936,171.47719,289.8562,-0.003082021,0.027342465,0.03061302,10.449646,10.352222,2,-1,0,0.950157,1
48,14,1,0,0,-306.27936,171.47719,289.8562,-0.003082021,0.027342465,0.03061302,4.1651807,4.162778,2,-1,0,0.97592574,1
48,4,1,1,0,-311.84412,478.591,84.9564,-0.028914027,-0.00018230519,-0.009953709,12.053832,12.090834,2,33,1,0.99214923,1
48,4,1,0,0,-311.84412,478.591,84.9564,-0.028914027,-0.00018230519,-0.009953709,3.584375,3.6022222,2,-1,0,0.9417923,1
48,20,1,1,0,-317.0878,209.16063,13.264406,-0.008737902,-0.0026104853,-0.003131841,8.579721,8.5375,2,34,1,0.9877642,1
48,31,1,1,0,-317.96176,-593.11053,91.8343,-0.011297079,0.008233125,-0.008127843,15.979125,15.906667,2,35,1,0.99579537,1
48,4,1,0,0,-311.84412,478.591,84.9564,-0.028914027,-0.00018230519,-0.009953709,8.58866,8.548889,2,-1,0,0.9891783,1
48,9,1,0,0,-347.8973,-284.93503,89.34166,0.00038440802,-0.009669118,-0.0014155096,2.948264,2.9125,2,-1,0,0.63155276,1
48,9,1,1,0,-347.8973,-284.93503,89.34166,0.00038440802,-0.009669118,-0.0014155096,9.755263,9.659722,2,36,1,0.9667873,1
48,32,1,0,0,-359.88324,357.92603,323.67157,0.0123101575,-0.0019474969,-0.0007604283,4.651875,4.6183333,2,-1,0,0.90221286,1
48,32,1,1,0,-359.88324,357.92603,323.67157,0.0123101575,-0.0019474969,-0.0007604283,12.305819,12.346389,2,37,1,0.9723914,1
48,17,1,1,0,-359.46976,-133.66605,248.49261,-0.007365928,0.012674445,-0.004231502,8.796306,8.943055,2,38,1,0.9870249,1
49,35,1,1,0,14.2309265,162.99368,397.82132,-0.0038393745,0.013401695,-0.021370655,23.461958,19.551111,2,0,1,0.9936778,1
49,35,1,0,0,14.2309265,162.99368,397.82132,-0.0038393745,0.013401695,-0.021370655,5.269069,5.2466664,2,-1,0,0.99115455,1
49,12,1,1,0,-17.447386,565.00385,337.80917,-0.020232935,-0.006871226,-0.0011017226,17.38189,17.28,2,1,1,0.99519145,1
49,11,1,1,0,-31.874233,532.5388,453.5256,-0.019141803,0.018692326,0.0016390884,28.960249,20.416111,2,2,1,0.99965334,1
49,11,1,0,0,-31.874233,532.5388,453.5256,-0.019141803,0.018692326,0.0016390884,6.0049434,3.6969445,2,-1,0,0.9833034,1
49,7,1,1,0,-49.82682,-552.3862,243.86588,0.00041850298,-0.017606325,-0.0018207465,15.482625,15.222777,2,3,1,0.99455523,1
49,4,0,0,0,0.0,0.0,0.0,0.0,0.0,0.0,2.7452223,2.6225,2,-1,0,0.7891202,1
49,36,0,0,0,0.0,0.0,0.0,0.0,0.0,0.0,3.24575,3.2772222,2,-1,0,0.87640226,1
49,29,1,0,0,76.813965,530.177,436.05875,-0.004779427,-0.016524438,-0.006342624,5.07125,5.036667,2,-1,0,0.99450064,1
49,10,1,1,0,-74.27738,-275.0343,306.17664,-0.009365446,-0.028544236,-0.01531935,32.986942,31.745832,2,4,1,0.9987924,1
49,29,1,1,0,76.813965,530.177,436.05875,-0.004779427,-0.016524438,-0.006342624,14.386354,14.410833,2,5,1,0.9700926,1
49,18,1,1,0,81.81739,-347.61444,109.91936,-0.0081196055,0.0176351,-0.008190084,10.369069,10.459444,2,6,1,0.9995135,1
49,30,1,0,0,111.72904,-170.09204,325.27475,-0.022070788,0.0075633964,0.020864248,6.0806665,6.1161113,2,-1,0,0.9845792,1
49,18,1,0,0,81.81739,-347.61444,109.91936,-0.0081196055,0.0176351,-0.008190084,9.864638,10.001389,2,-1,0,0.9985501,1
49,31,1,1,0,93.37247,-570.9919,103.608894,-0.011596623,-0.008969174,0.0045391084,18.493334,18.365555,2,7,1,0.989608,1
49,40,1,1,0,-90.32153,-129.78996,426.37222,-0.0031827546,0.008920332,0.0055795317,12.894021,6.217222,2,8,1,0.99999857,1
49,13,1,1,0,-91.33307,-481.6404,55.616413,-0.011763959,0.006487145,0.0034501255,14.04507,14.056666,2,9,1,0.9999261,1
49,27,1,0,0,116.49211,-13.688707,244.78743,-0.025393192,-0.022948978,0.014464144,17.907894,17.826944,2,-1,0,0.99940205,1
49,30,1,1,0,111.72904,-170.09204,325.27475,-0.022070788,0.0075633964,0.020864248,11.355188,11.255834,2,10,1,0.98367506,1
49,18,1,0,0,81.81739,-347.61444,109.91936,-0.0081196055,0.0176351,-0.008190084,3.9505343,4.0783334,2,-1,0,0.9573372,1
49,30,1,0,0,111.72904,-170.09204,325.27475,-0.022070788,0.0075633964,0.020864248,11.495258,10.02,2,-1,0,0.9879581,1
49,30,1,0,0,111.72904,-170.09204,325.27475,-0.022070788,0.0075633964,0.020864248,3.704354,3.7569444,2,-1,0,0.9540563,1
49,27,1,1,0,116.49211,-13.688707,244.78743,-0.025393192,-0.022948978,0.014464144,18.016214,18.058056,2,11,1,0.9857072,1
49,27,1,0,0,116.49211,-13.688707,244.78743,-0.025393192,-0.022948978,0.014464144,4.9934516,4.9477777,2,-1,0,0.9910233,1
49,6,1,1,0,118.32503,-454.4526,333.8562,0.015032238,0.00814708,0.0014360915,16.149868,15.733055,2,12,1,0.97318155,1
49,16,1,1,0,-118.6172,-230.12924,273.07172,-0.018190285,0.0046631843,0.020691374,21.401215,21.444166,2,13,1,0.99368227,1
49,37,1,1,0,137.25385,-348.29214,40.024284,-0.020615332,-0.0031933694,-0.004298361,19.397223,19.363333,2,14,1,0.9978054,1
49,23,1,1,0,145.2722,-587.6699,176.6643,-0.0131320385,-0.011350683,0.0070053693,17.704798,16.818611,2,15,1,0.99971336,1
49,26,1,1,0,158.68759,-420.91046,152.25983,-0.014007959,0.009832339,0.008077628,13.4065485,13.356389,2,16,1,0.9696026,1
49,26,1,0,0,158.68759,-420.91046,152.25983,-0.014007959,0.009832339,0.008077628,9.099833,9.032778,2,-1,0,0.9917154,1
49,32,1,1,0,-166.51064,-264.37875,182.04486,0.003411036,-0.012997218,0.0014461509,16.25904,6.483611,2,17,1,0.9224643,1
49,16,1,0,0,-118.6172,-230.12924,273.07172,-0.018190285,0.0046631843,0.020691374,8.98957,8.873889,2,-1,0,0.99759704,1
49,39,1,1,0,173.09827,-411.00653,366.02505,0.010032375,-0.008907372,-0.010325078,16.552736,16.40611,2,18,1,0.90899986,1
49,28,1,1,0,207.28691,-275.9702,344.2141,-0.009232066,-0.00032141956,-0.014160915,16.878881,16.530277,2,19,1,0.9997211,1
49,25,1,0,0,-228.90059,408.65738,320.97345,0.012007301,0.010885097,0.0013124899,2.7214165,2.7277777,2,-1,0,0.76582974,1
49,28,1,0,0,207.28691,-275.9702,344.2141,-0.009232066,-0.00032141956,-0.014160915,3.4787776,3.5202777,2,-1,0,0.9255907,1
49,2,1,1,0,225.1306,226.49313,304.21,-0.0062317336,0.027121391,-0.022983884,30.021814,29.386944,2,20,1,0.99744934,1
49,25,1,1,0,-228.90059,408.65738,320.97345,0.012007301,0.010885097,0.0013124899,15.599833,15.674444,2,21,1,0.9894266,1
49,2,1,0,0,225.1306,226.49313,304.21,-0.0062317336,0.027121391,-0.022983884,3.0861664,3.1625,2,-1,0,0.51330554,1
49,36,1,1,0,-228.19897,150.87206,271.57352,0.0063209687,-0.0131158605,0.0008870958,15.486153,15.506667,2,22,1,0.9720087,1
49,19,1,1,0,-235.38779,594.9885,123.78708,0.0076626693,0.016481921,-0.024979755,21.66068,21.34639,2,23,1,0.97414815,1
49,5,1,1,0,-234.90434,-534.2083,158.6226,0.0022749598,-0.009652032,0.002052122,8.728271,8.593889,2,24,1,0.9738486,1
49,5,1,0,0,-234.90434,-534.2083,158.6226,0.0022749598,-0.009652032,0.002052122,4.5123816,4.363333,2,-1,0,0.9527742,1
49,8,1,0,0,243.3538,-164.06792,409.51352,0.012751095,-0.027155736,0.010604419,11.131749,8.189722,2,-1,0,0.99630594,1
49,3,1,1,0,249.09998,-426.56476,367.91434,-0.011364779,0.023097148,-0.022056913,25.11507,25.273611,2,25,1,0.9972006,1
49,3,1,0,0,249.09998,-426.56476,367.91434,-0.011364779,0.023097148,-0.022056913,6.246847,6.328889,2,-1,0,0.9945322,1
49,1,1,1,0,249.37943,-137.2663,47.94626,0.018268062,-9.644629e-05,-0.002243452,13.343034,8.685,2,26,1,0.9678878,1
49,8,1,1,0,243.3538,-164.06792,409.51352,0.012751095,-0.027155736,0.010604419,17.66223,17.774723,2,27,1,0.98934233,1
49,17,1,1,0,-254.36234,59.26506,79.38292,0.00285801,0.0055203266,0.0027575898,6.674764,6.7533336,2,28,1,0.9863511,1
49,1,1,0,0,249.37943,-137.2663,47.94626,0.018268062,-9.644629e-05,-0.002243452,5.0701046,4.9758334,2,-1,0,0.9788699,1
49,24,1,1,0,274.1538,-223.32903,249.96342,0.0006602944,0.006002572,-0.0022571492,6.1782217,6.056667,2,29,1,0.9830337,1
49,38,1,1,0,286.88345,-55.65001,409.13858,0.014366171,-0.030662801,0.016354246,24.819836,22.7475,2,30,1,0.9951373,1
49,38,1,0,0,286.88345,-55.65001,409.13858,0.014366171,-0.030662801,0.016354246,3.3995557,3.3958333,2,-1,0,0.8939985,1
49,33,1,1,0,-303.15088,-203.91609,137.05157,0.008021012,-0.008606624,0.0036829566,12.334499,12.393611,2,31,1,0.9821936,1
49,15,1,0,0,303.5186,-96.24488,8.21898,-0.012513743,-0.0052485913,-0.04671887,8.369417,8.213333,2,-1,0,0.9827886,1
49,15,1,1,0,303.5186,-96.24488,8.21898,-0.012513743,-0.0052485913,-0.04671887,8.373472,8.321111,2,32,1,0.9531947,1
49,22,1,1,0,-305.4943,-97.847755,250.79726,-0.00748269,0.011989499,0.033153955,17.20368,16.070555,2,33,1,0.9924258,1
49,22,1,0,0,-305.4943,-97.847755,250.79726,-0.00748269,0.011989499,0.033153955,8.372792,8.346666,2,-1,0,0.9849311,1
49,22,1,0,0,-305.4943,-97.847755,250.79726,-0.00748269,0.011989499,0.033153955,3.11325,3.1169446,2,-1,0,0.87637186,1
49,20,1,1,0,325.0442,35.59098,282.13052,-0.018898467,0.016961018,0.0028110628,20.044611,20.154722,2,34,1,0.5827183,1
49,34,1,1,0,-323.41565,410.90176,21.93363,-0.0041836966,-0.006122558,-0.015701534,16.085293,12.13,2,35,1,0.9653277,1
49,15,1,0,0,303.5186,-96.24488,8.21898,-0.012513743,-0.0052485913,-0.04671887,3.0795903,3.0894444,2,-1,0,0.5621654,1
49,4,1,1,0,-330.06168,-7.3940125,19.559528,0.00016097543,-0.0047200415,-0.041667663,16.391598,16.515833,2,36,1,0.9911054,1
49,4,1,0,0,-330.06168,-7.3940125,19.559528,0.00016097543,-0.0047200415,-0.041667663,11.153305,11.184722,2,-1,0,0.9928348,1
49,4,1,0,0,-330.06168,-7.3940125,19.559528,0.00016097543,-0.0047200415,-0.041667663,11.275736,11.253056,2,-1,0,0.99810094,1
49,9,1,1,0,-342.58545,-28.594019,440.02576,0.0010902962,0.018139845,0.0076294984,17.86177,17.782778,2,37,1,0.989422,1
49,14,1,0,0,-348.69693,-496.00333,312.27545,0.021475036,-0.013551402,0.00816352,9.772958,9.384444,2,-1,0,0.96306443,1
49,14,1,0,0,-348.69693,-496.00333,312.27545,0.021475036,-0.013551402,0.00816352,3.593417,3.5525,2,-1,0,0.9911752,1
49,14,1,1,0,-348.69693,-496.00333,312.27545,0.021475036,-0.013551402,0.00816352,10.571514,10.613889,2,38,1,0.9862948,1
49,21,1,0,0,-357.0093,-514.2005,220.51765,0.008244346,-0.023239233,-0.014644231,6.8293056,6.8227777,2,-1,0,0.99955124,1
49,21,1,1,0,-357.0093,-514.2005,220.51765,0.008244346,-0.023239233,-0.014644231,19.60511,19.400555,2,39,1,0.98513895,1
50,15,1,1,0,-4.1066313,132.8534,266.84552,-0.005170833,-0.0048547764,0.00307806,5.778458,5.8994446,2,0,1,0.9822479,1
50,27,1,1,0,-14.091729,-461.07404,70.2988,0.007637672,-0.00070613023,0.0021116242,9.276472,9.361389,2,1,1,0.97912496,1
50,34,1,0,0,18.64776,179.77957,205.54364,-0.0075370087,0.017704522,-0.06394683,4.757444,4.7222223,2,-1,0,0.97574186,1
50,34,1,0,0,18.64776,179.77957,205.54364,-0.0075370087,0.017704522,-0.06394683,19.308096,19.421667,2,-1,0,0.99996626,1
50,34,1,0,0,18.64776,179.77957,205.54364,-0.0075370087,0.017704522,-0.06394683,14.660132,14.549167,2,-1,0,0.9986135,1
50,34,1,0,0,18.64776,179.77957,205.54364,-0.0075370087,0.017704522,-0.06394683,3.3088958,3.3369443,2,-1,0,0.9220105,1
50,34,1,1,0,18.64776,179.77957,205.54364,-0.0075370087,0.017704522,-0.06394683,21.145243,21.133888,2,2,1,0.9940064,1
50,31,1,1,0,-48.49913,516.8544,151.13692,-0.04993235,0.013079048,-0.012351994,33.478992,54.65361,2,3,1,0.9826837,1
50,25,1,1,0,-50.832436,-470.79422,403.60254,0.0084698815,0.002603164,0.0044115973,11.137931,11.151944,2,4,1,0.9885867,1
50,31,1,0,0,-48.49913,516.8544,151.13692,-0.04993235,0.013079048,-0.012351994,3.3803055,3.4619443,2,-1,0,0.8480996,1
50,14,1,1,0,54.18204,78.0639,36.88776,0.0077378885,-0.041596204,-0.016880477,26.838974,26.151945,2,5,1,0.9745486,1
50,14,1,0,0,54.18204,78.0639,36.88776,0.0077378885,-0.041596204,-0.016880477,19.71647,18.67,2,-1,0,0.99973816,1
50,14,1,0,0,54.18204,78.0639,36.88776,0.0077378885,-0.041596204,-0.016880477,5.0296392,4.9522223,2,-1,0,0.9786081,1
50,6,1,1,0,63.348026,579.7729,246.92065,-0.0049972385,0.014825022,0.0114699,20.35243,20.501667,2,6,1,0.9750265,1
50,31,1,0,0,-48.49913,516.8544,151.13692,-0.04993235,0.013079048,-0.012351994,7.700166,7.7566667,2,-1,0,0.98955816,1
50,25,1,0,0,-50.832436,-470.79422,403.60254,0.0084698815,0.002603164,0.0044115973,3.965,4.005,2,-1,0,0.97683173,1
50,4,1,1,0,-72.62274,-573.6056,336.43997,0.019310554,-0.016026,-0.015896078,11.700792,11.5475,2,7,1,0.9751262,1
50,16,1,1,0,70.851944,251.46669,190.09425,-0.00076100026,0.0025985034,0.027167771,19.78007,19.69111,2,8,1,0.99517375,1
50,16,1,0,0,70.851944,251.46669,190.09425,-0.00076100026,0.0025985034,0.027167771,11.950167,11.983334,2,-1,0,0.9830619,1
50,22,1,1,0,-98.0393,445.131,306.7386,0.0055499114,0.010275518,-0.012362608,19.792292,19.171389,2,9,1,0.99512106,1
50,17,1,1,0,98.38865,478.1834,151.96475,0.001956729,-0.0048409677,0.008264367,7.93443,8.123611,2,10,1,0.9774021,1
50,29,1,0,0,-98.20956,-309.23737,33.69053,0.0029632358,-0.0038681936,-0.0035674337,6.2211394,6.2894444,2,-1,0,0.99232095,1
50,29,1,1,0,-98.20956,-309.23737,33.69053,0.0029632358,-0.0038681936,-0.0035674337,6.4139867,6.3577776,2,11,1,0.98450744,1
50,36,1,0,0,110.71181,-384.4324,265.7785,-0.00066803815,0.008107229,-0.010035916,3.3007774,3.4008334,2,-1,0,0.8166025,1
50,36,1,1,0,110.71181,-384.4324,265.7785,-0.00066803815,0.008107229,-0.010035916,14.66089,14.792222,2,12,1,0.9955136,1
50,35,0,0,0,0.0,0.0,0.0,0.0,0.0,0.0,26.42471,-1.0,2,-1,0,0.99837047,1
50,35,0,0,0,0.0,0.0,0.0,0.0,0.0,0.0,10.466291,-1.0,2,-1,0,0.9959806,1
50,1,1,1,0,-132.95894,-316.70248,128.71153,0.012124843,0.0030935823,-0.008093871,10.569291,10.433056,2,13,1,0.968574,1
50,33,1,0,0,-154.84918,321.01465,83.941025,0.0014759907,0.0064762146,-0.01984154,4.227125,4.252222,2,-1,0,0.932327,1
50,11,1,1,0,152.58636,-450.20386,447.63147,-0.013610605,0.00028647506,0.008789144,17.429485,17.541111,2,14,1,0.97087586,1
50,33,1,1,0,-154.84918,321.01465,83.941025,0.0014759907,0.0064762146,-0.01984154,22.986244,22.992222,2,15,1,0.9962459,1
50,28,1,1,0,155.48183,480.53473,304.832,0.00077958923,0.021092022,-0.012122852,28.323082,28.37889,2,16,1,0.9948078,1
50,38,1,0,0,157.02843,199.93219,444.86127,0.004271489,-0.00781459,-0.008857728,6.8132772,6.7211113,2,-1,0,0.97702354,1
50,38,1,1,0,157.02843,199.93219,444.86127,0.004271489,-0.00781459,-0.008857728,6.9427986,6.8444443,2,17,1,0.9993482,1
50,18,1,1,0,-171.83643,222.68277,348.3931,0.02372396,-0.006885269,0.002401738,17.82239,17.775833,2,18,1,0.9992644,1
50,13,1,0,0,174.92355,-534.08844,239.78044,0.0036945841,0.0026989132,-0.0008296711,4.423944,4.428889,2,-1,0,0.9665672,1
50,26,1,0,0,-216.84146,-183.92812,269.31152,0.01894202,-0.012230846,-0.0026820707,3.6052706,3.633889,2,-1,0,0.9306069,1
50,13,1,1,0,174.92355,-534.08844,239.78044,0.0036945841,0.0026989132,-0.0008296711,4.7084723,4.7191668,2,19,1,0.95893675,1
50,26,1,0,0,-216.84146,-183.92812,269.31152,0.01894202,-0.012230846,-0.0026820707,5.6690555,5.608611,2,-1,0,0.98460704,1
50,3,1,0,0,-242.97093,217.10892,301.56763,0.023381392,-0.020035833,-0.009520736,4.836882,4.957778,2,-1,0,0.98286,1
50,26,1,1,0,-216.84146,-183.92812,269.31152,0.01894202,-0.012230846,-0.0026820707,13.70964,13.771667,2,20,1,0.9880932,1
50,37,1,1,0,-216.04144,570.043,447.7681,-0.010637694,0.00077817263,-0.0010907124,9.803466,8.192223,2,21,1,0.98328364,1
50,8,1,1,0,-232.94078,-104.97951,185.9586,-0.014989637,-0.011603299,0.0065916497,21.565681,15.153334,2,22,1,0.9720238,1
50,3,1,1,0,-242.97093,217.10892,301.56763,0.023381392,-0.020035833,-0.009520736,28.084682,26.568333,2,23,1,0.9945958,1
50,7,1,0,0,-252.50102,267.39386,78.81748,-0.006668335,-0.017523883,-0.016742438,4.304,4.237222,2,-1,0,0.9866984,1
50,5,1,1,0,-241.4479,-135.76862,125.606155,-0.049249016,0.014280636,-0.00751981,24.492214,32.4425,2,24,1,0.9894616,1
50,7,1,1,0,-252.50102,267.39386,78.81748,-0.006668335,-0.017523883,-0.016742438,25.727951,24.730556,2,25,1,0.9808709,1
50,39,1,1,0,-252.72647,287.74152,163.80771,-0.014184626,0.007917212,-0.008786519,14.823696,14.855556,2,26,1,0.99477094,1
50,5,1,0,0,-241.4479,-135.76862,125.606155,-0.049249016,0.014280636,-0.00751981,4.6425834,4.6205554,2,-1,0,0.96444595,1
50,39,1,0,0,-252.72647,287.74152,163.80771,-0.014184626,0.007917212,-0.008786519,2.9622917,3.0402777,2,-1,0,0.7318831,1
50,20,0,0,0,0.0,0.0,0.0,0.0,0.0,0.0,9.037188,-1.0,2,-1,0,0.975008,1
50,20,0,0,0,0.0,0.0,0.0,0.0,0.0,0.0,8.958514,-1.0,2,-1,0,0.98977834,1
50,12,1,1,0,263.57993,-282.9985,424.8145,0.0067780097,-0.014715617,-0.008696516,15.846535,15.691389,2,27,1,0.9872732,1
50,5,1,0,0,-241.4479,-135.76862,125.606155,-0.049249016,0.014280636,-0.00751981,14.479924,14.445,2,-1,0,0.9978701,1
50,40,1,0,0,-313.02942,56.840225,432.1882,0.011149548,0.0050525595,0.0025533584,4.411979,4.273889,2,-1,0,0.9268235,1
50,24,1,1,0,299.93857,451.89447,217.4584,-0.0011937253,-0.022479095,0.015863549,17.66157,17.590834,2,28,1,0.9940561,1
50,24,1,0,0,299.93857,451.89447,217.4584,-0.0011937253,-0.022479095,0.015863549,8.111409,8.153334,2,-1,0,0.9805001,1
50,40,1,1,0,-313.02942,56.840225,432.1882,0.011149548,0.0050525595,0.0025533584,11.531138,11.346945,2,29,1,0.9410427,1
50,9,1,1,0,-315.41525,376.48846,95.58983,-0.010163445,-0.014766989,-0.008922742,18.212831,18.352777,2,30,1,0.9979572,1
50,10,1,1,0,-324.08676,-330.1509,322.7571,-0.001032631,-0.0025708582,0.02000546,15.521278,15.487223,2,31,1,0.97643435,1
50,2,1,0,0,-323.21066,-1.061605,354.8662,0.008719445,0.027022414,-0.0018330114,9.641223,9.597777,2,-1,0,0.9683632,1
50,2,1,1,0,-323.21066,-1.061605,354.8662,0.008719445,0.027022414,-0.0018330114,11.422666,11.493889,2,32,1,0.9951807,1
50,23,1,0,0,348.97247,-237.13719,321.36978,-0.0068209274,0.009002538,-0.020867364,4.918979,4.845278,2,-1,0,0.9687075,1
50,23,1,1,0,348.97247,-237.13719,321.36978,-0.0068209274,0.009002538,-0.020867364,15.75398,15.591111,2,33,1,0.9817461,1
50,19,1,1,0,359.5068,180.31451,231.66876,0.008322047,-0.017131688,-0.011708293,7.2422776,7.1658335,2,34,1,0.9878279,1
50,32,1,0,0,-355.52274,73.69521,222.85387,-0.020819291,0.00674538,0.007379397,4.030625,4.1361113,2,-1,0,0.76129115,1
50,32,1,1,0,-355.52274,73.69521,222.85387,-0.020819291,0.00674538,0.007379397,19.161402,19.180555,2,35,1,0.99878734,1
50,21,1,1,0,356.36197,-494.4487,195.60004,0.010555088,-0.004700379,0.00487945,11.409348,10.086111,2,36,1,0.9773985,1
50,30,1,1,0,-358.30786,-490.38452,290.48572,-0.010218032,-0.0057890154,0.019409686,10.746007,10.738889,2,37,1,0.96620095,1
50,30,1,0,0,-358.30786,-490.38452,290.48572,-0.010218032,-0.0057890154,0.019409686,8.079541,8.009167,2,-1,0,0.91786635,1
50,19,1,0,0,359.5068,180.31451,231.66876,0.008322047,-0.017131688,-0.011708293,3.8457084,3.7505555,2,-1,0,0.9619479,1
51,33,1,1,0,5.2644825,579.21075,57.45356,0.007789113,0.006540714,0.004834547,11.488014,11.560278,2,0,1,0.9877601,1
51,33,1,0,0,5.2644825,579.21075,57.45356,0.007789113,0.006540714,0.004834547,7.2217503,1.1177778,2,-1,0,0.9704635,1
51,19,1,1,0,13.399505,399.186,52.147408,0.01517792,-0.004788993,0.00012564563,13.550632,13.696389,2,1,1,0.9520474,1
51,40,1,0,0,18.52817,434.55115,359.09976,-0.008450142,0.010379691,0.002542641,4.184,4.1775,2,-1,0,0.93592525,1
51,40,1,1,0,18.52817,434.55115,359.09976,-0.008450142,0.010379691,0.002542641,14.172096,14.194167,2,2,1,0.99842334,1
51,10,1,1,0,35.77663,-57.27242,289.38675,-0.030454116,-0.0040234528,-0.030015308,44.00249,44.84139,2,3,1,0.9998956,1
51,8,1,0,0,-43.6091,67.76067,165.81712,0.032626983,0.0057044597,-0.025994629,9.826638,9.768056,2,-1,0,0.9664219,1
51,8,1,1,0,-43.6091,67.76067,165.81712,0.032626983,0.0057044597,-0.025994629,38.976788,39.568054,2,4,1,0.97082573,1
51,37,1,0,0,-56.046604,-429.00555,101.75118,-0.0029863096,-0.0034861434,0.014066432,5.2751875,5.1283336,2,-1,0,0.99464875,1
51,23,1,0,0,83.1441,-234.41098,321.67767,-0.022728626,-0.0014645199,0.0008712165,3.3961666,3.3183334,2,-1,0,0.51635176,1
51,37,1,1,0,-56.046604,-429.00555,101.75118,-0.0029863096,-0.0034861434,0.014066432,10.653166,10.902223,2,5,1,0.9734334,1
51,37,1,0,0,-56.046604,-429.00555,101.75118,-0.0029863096,-0.0034861434,0.014066432,4.916611,4.8922224,2,-1,0,0.97658396,1
51,2,1,1,0,-59.4329,-599.5809,431.27002,-0.0005821996,0.020080203,0.024536176,19.467777,19.247778,2,6,1,0.99019617,1
51,2,1,0,0,-59.4329,-599.5809,431.27002,-0.0005821996,0.020080203,0.024536176,2.8554513,2.9733334,2,-1,0,0.5184247,1
51,2,1,0,0,-59.4329,-599.5809,431.27002,-0.0005821996,0.020080203,0.024536176,13.473861,13.404722,2,-1,0,0.99497557,1
51,23,1,1,0,83.1441,-234.41098,321.67767,-0.022728626,-0.0014645199,0.0008712165,26.537868,26.435278,2,7,1,0.9994325,1
51,7,1,0,0,103.19295,-567.95465,34.481102,0.016783431,0.016826238,-0.007867914,3.1963613,3.1272223,2,-1,0,0.90902084,1
51,11,1,1,0,-92.5746,483.10995,294.86795,-0.024828834,-0.018733574,0.06658516,49.378674,47.668335,2,8,1,0.9999926,1
51,39,1,0,0,-98.04676,-531.5687,286.106,-0.012678848,0.006394424,-0.04324119,3.2046669,3.235278,2,-1,0,0.70603156,1
51,11,1,0,0,-92.5746,483.10995,294.86795,-0.024828834,-0.018733574,0.06658516,6.935576,6.753889,2,-1,0,0.9661881,1
51,39,1,1,0,-98.04676,-531.5687,286.106,-0.012678848,0.006394424,-0.04324119,26.023785,24.898611,2,9,1,0.9995604,1
51,11,1,0,0,-92.5746,483.10995,294.86795,-0.024828834,-0.018733574,0.06658516,3.6293821,3.5705554,2,-1,0,0.95104504,1
51,11,1,0,0,-92.5746,483.10995,294.86795,-0.024828834,-0.018733574,0.06658516,8.767743,8.799723,2,-1,0,0.9928877,1
51,7,1,1,0,103.19295,-567.95465,34.481102,0.016783431,0.016826238,-0.007867914,25.595076,25.610834,2,10,1,0.96581095,1
51,25,1,1,0,107.497025,-476.4756,99.568115,-0.0027523553,0.0067362958,0.0019980203,8.579125,8.471945,2,11,1,0.98683286,1
51,18,1,1,0,111.22807,-287.647,169.16382,0.019035516,0.017097108,0.0013579346,17.066076,17.00389,2,12,1,0.98804075,1
51,18,1,0,0,111.22807,-287.647,169.16382,0.019035516,0.017097108,0.0013579346,10.8255825,10.826111,2,-1,0,0.9967945,1
51,39,0,0,0,0.0,0.0,0.0,0.0,0.0,0.0,16.797098,-1.0,2,-1,0,0.99709713,1
51,11,1,0,0,-92.5746,483.10995,294.86795,-0.024828834,-0.018733574,0.06658516,11.007424,10.950277,2,-1,0,0.9947147,1
51,21,1,0,0,-135.63852,368.3472,439.1137,0.0058317366,0.010527911,-0.03197388,7.6550555,7.7847223,2,-1,0,0.98714,1
51,28,1,1,0,-133.03058,-429.90753,373.5665,-0.003216074,0.0092551,0.00983149,14.852014,15.121111,2,13,1,0.99992514,1
51,15,1,1,0,-133.82599,243.5286,411.6644,0.00052522036,-0.012421959,0.0012944767,12.169214,12.345555,2,14,1,0.81318384,1
51,21,1,1,0,-135.63852,368.3472,439.1137,0.0058317366,0.010527911,-0.03197388,24.466848,24.555,2,15,1,0.9639831,1
51,4,1,1,0,-142.70361,592.5301,443.74405,-0.00862647,0.010291819,0.0013507868,15.444605,15.485556,2,16,1,0.97201693,1
51,24,0,0,0,0.0,0.0,0.0,0.0,0.0,0.0,11.846528,-1.0,2,-1,0,0.9742009,1
51,13,1,1,0,-161.56572,-402.39316,433.95312,0.00741919,0.009195063,-0.015052629,21.934994,20.94861,2,17,1,0.98407114,1
51,24,0,0,0,0.0,0.0,0.0,0.0,0.0,0.0,3.2379305,-1.0,2,-1,0,0.9545111,1
51,17,1,0,0,182.2183,438.8114,334.2624,-0.020899512,0.030085113,0.013716046,12.24936,11.903334,2,-1,0,0.99419034,1
51,20,1,1,0,-171.15456,419.22906,234.37956,0.00793547,-0.0189695,0.004078803,21.651506,21.825556,2,18,1,0.9872318,1
51,17,1,1,0,182.2183,438.8114,334.2624,-0.020899512,0.030085113,0.013716046,29.815048,29.786667,2,19,1,0.99894136,1
51,16,1,1,0,-202.71452,-217.91652,182.23123,-0.020353995,-0.010237473,0.009993342,26.188034,26.299723,2,20,1,0.98599917,1
51,28,1,0,0,-213.86902,-585.5036,375.52774,-0.003216074,0.0092551,0.00983149,3.0813682,3.128611,2,-1,0,0.535889,1
51,9,1,1,0,-219.16716,-391.63248,318.82916,-0.023156751,0.0001836378,-0.016176332,30.156042,30.200277,2,21,1,0.99980897,1
51,5,1,0,0,231.2451,285.39392,365.9795,-0.007644179,0.009342265,0.011081329,3.2188334,3.2019444,2,-1,0,0.88415027,1
51,5,1,1,0,231.2451,285.39392,365.9795,-0.007644179,0.009342265,0.011081329,11.72677,11.6461115,2,22,1,0.9468046,1
51,32,1,1,0,-227.89113,53.97789,2.490181,-0.0076101525,0.0015878208,-0.007250874,6.7874937,6.7075,2,23,1,0.97015554,1
51,38,1,1,0,229.21106,197.39984,330.4067,0.0071927137,-0.0013409958,0.004354508,7.5237775,7.6516666,2,24,1,0.97555393,1
51,29,1,1,0,-243.77986,504.3153,371.8931,-0.0060378774,0.025529707,0.008333115,27.651146,27.408056,2,25,1,0.9972306,1
51,34,1,1,0,-251.15865,365.90936,116.03079,0.0071994136,0.026357798,-0.027861796,24.28734,24.19861,2,26,1,0.999283,1
51,26,1,1,0,248.47603,458.6092,120.88726,-0.010050855,-0.0017422824,0.0012013664,9.911792,9.797778,2,27,1,0.99822575,1
51,34,1,0,0,-251.15865,365.90936,116.03079,0.0071994136,0.026357798,-0.027861796,12.608715,12.4775,2,-1,0,0.98472923,1
51,1,1,0,0,260.28506,64.07064,128.60841,-0.009025865,0.0043639876,0.0039536566,4.209917,4.145278,2,-1,0,0.886581,1
51,1,1,1,0,260.28506,64.07064,128.60841,-0.009025865,0.0043639876,0.0039536566,9.009194,9.085278,2,28,1,0.9838599,1
51,14,1,0,0,-266.32233,361.37726,207.37259,0.010064859,0.010473201,-0.0049935216,4.555521,4.6938887,2,-1,0,0.98441523,1
51,14,1,1,0,-266.32233,361.37726,207.37259,0.010064859,0.010473201,-0.0049935216,10.397055,10.205556,2,29,1,0.98587626,1
51,6,1,1,0,-270.87134,192.16034,325.16757,0.003224007,-0.0011796909,-0.022315238,22.86923,23.212778,2,30,1,0.9951929,1
51,22,1,0,0,-289.23987,169.59038,417.73648,0.026212549,-0.0071453555,0.01553917,12.511458,12.418889,2,-1,0,0.74899846,1
51,14,1,0,0,-266.32233,361.37726,207.37259,0.010064859,0.010473201,-0.0049935216,3.2694445,3.271111,2,-1,0,0.8643373,1
51,22,1,1,0,-289.23987,169.59038,417.73648,0.026212549,-0.0071453555,0.01553917,17.700138,17.424444,2,-1,1,0.90399384,1
51,35,1,1,0,-290.37698,-485.7252,14.045155,0.009388864,-0.009063381,-0.0027759827,13.785084,13.508611,2,31,1,0.99337006,1
51,12,1,1,0,-342.72412,-539.2402,171.27943,0.013218243,-0.014350925,0.00065957126,14.049721,13.898611,2,32,1,0.9764156,1
51,27,1,0,0,-358.35107,-241.16277,277.94418,0.0044962913,0.007952689,-0.0021493684,4.570014,4.6483335,2,-1,0,0.99381196,1
51,27,1,1,0,-358.35107,-241.16277,277.94418,0.0044962913,0.007952689,-0.0021493684,8.669263,8.78,2,33,1,0.976585,1
51,30,1,1,0,-359.89996,-213.58295,280.26743,-0.0064934436,-0.0128334295,0.012748859,10.4359455,9.618611,2,34,1,0.9763639,1
52,29,1,1,0,9.928973,-120.83091,276.83734,-0.005571004,-0.007994964,-0.018438483,24.925215,25.114166,2,0,1,0.9980003,1
52,26,1,1,0,22.15563,236.04758,128.92848,0.016589873,0.035841286,0.010712319,28.292244,24.48611,2,1,1,0.99997735,1
52,26,1,0,0,22.15563,236.04758,128.92848,0.016589873,0.035841286,0.010712319,6.237486,6.146389,2,-1,0,0.98909634,1
52,25,0,0,0,0.0,0.0,0.0,0.0,0.0,0.0,2.629778,2.5716667,2,-1,0,0.75678724,1
52,26,1,0,0,22.15563,236.04758,128.92848,0.016589873,0.035841286,0.010712319,13.655486,13.579445,2,-1,0,0.97694016,1
52,23,1,1,0,-32.531864,402.92438,351.03714,0.01479965,0.008265626,0.010107919,20.666729,20.911388,2,2,1,0.98788714,1
52,21,1,1,0,-35.86193,-36.57471,443.9673,0.017586665,0.01873895,0.0018841606,32.46225,32.066944,2,3,1,0.994451,1
52,18,1,1,0,58.472042,511.3948,442.59308,-0.00888709,0.015270939,-0.0073164487,16.740646,16.398056,2,4,1,0.99980134,1
52,18,1,0,0,58.472042,511.3948,442.59308,-0.00888709,0.015270939,-0.0073164487,3.4701526,3.0,2,-1,0,0.92072755,1
52,20,0,0,0,0.0,0.0,0.0,0.0,0.0,0.0,3.001646,2.9372222,2,-1,0,0.8750928,1
52,5,1,0,0,90.425705,114.63821,179.38194,-0.016334439,0.0140681695,0.017906733,5.773007,5.6825,2,-1,0,0.9977234,1
52,32,1,1,0,76.47044,375.66196,232.24692,0.006866884,-0.01290176,-0.0010207582,3.6544516,3.8097222,2,5,1,0.9192708,1
52,11,1,0,0,-86.054184,49.10451,285.36722,0.017756881,0.013481399,0.010254767,6.7130904,6.16,2,-1,0,0.9785256,1
52,11,1,0,0,-86.054184,49.10451,285.36722,0.017756881,0.013481399,0.010254767,3.5819445,3.6772223,2,-1,0,0.97888935,1
52,11,1,1,0,-86.054184,49.10451,285.36722,0.017756881,0.013481399,0.010254767,19.809797,14.854722,2,6,1,0.9490215,1
52,5,1,1,0,90.425705,114.63821,179.38194,-0.016334439,0.0140681695,0.017906733,26.15701,25.978056,2,7,1,0.99619055,1
52,21,0,0,0,0.0,0.0,0.0,0.0,0.0,0.0,2.8633056,2.911111,2,-1,0,0.5192835,1
52,20,1,1,0,-97.04026,-572.3255,247.4027,0.0018951334,-0.024261365,-0.0004834425,26.370493,26.398056,2,-1,1,0.9994972,1
52,30,1,1,0,110.28099,153.04427,410.98462,0.03537309,-0.011565392,-0.0075521064,28.99914,29.837778,2,8,1,0.9907732,1
52,14,1,0,0,-128.58218,414.52087,123.564445,0.027908694,-0.019211076,-0.0075690253,5.77818,5.7658334,2,-1,0,0.985152,1
52,30,1,0,0,110.28099,153.04427,410.98462,0.03537309,-0.011565392,-0.0075521064,5.9216113,5.8355556,2,-1,0,0.9806644,1
52,34,1,1,0,-123.10712,596.8091,412.61398,0.012429618,-0.001242636,-0.002618411,13.778917,13.942778,2,9,1,0.9839549,1
52,14,1,1,0,-128.58218,414.52087,123.564445,0.027908694,-0.019211076,-0.0075690253,19.304943,19.459167,2,10,1,0.9389432,1
52,22,1,1,0,-131.87337,268.06244,457.75214,0.02469258,0.002141692,-0.0042312373,24.038055,24.280556,2,11,1,0.9937418,1
52,14,1,0,0,-128.58218,414.52087,123.564445,0.027908694,-0.019211076,-0.0075690253,6.563611,6.5905557,2,-1,0,0.9911746,1
52,24,1,1,0,-156.79535,-520.5382,360.80484,0.011627291,-0.00011248726,0.0037207208,12.220764,12.164444,2,12,1,0.9720548,1
52,27,1,1,0,-161.88281,510.59967,144.4604,-0.004326524,-0.0025977872,0.005819231,9.09625,6.9791665,2,13,1,0.9939091,1
52,33,1,1,0,-170.73357,-530.4785,406.50336,0.0064142556,-0.0130028995,-0.012598736,15.720887,15.555833,2,14,1,0.9892737,1
52,31,1,1,0,170.3763,-447.6814,101.52013,-0.0018173446,0.015331026,0.021244578,20.993883,18.511667,2,15,1,0.9941432,1
52,8,1,1,0,-196.4788,-543.459,29.023003,0.002915808,-0.0022926517,-0.009160155,4.4936876,4.5852776,2,16,1,0.8062623,1
52,28,1,1,0,-170.91232,-283.2249,41.249718,-0.0027765925,-0.022898093,0.0025921261,25.902077,25.76361,2,17,1,0.9912453,1
52,31,1,0,0,170.3763,-447.6814,101.52013,-0.0018173446,0.015331026,0.021244578,4.1090417,4.1352777,2,-1,0,0.9744144,1
52,1,1,0,0,-187.08272,-446.22134,154.57109,0.002488229,0.01785586,0.003652866,8.8833065,8.940278,2,-1,0,0.9831383,1
52,9,1,1,0,176.21317,185.59398,430.55203,-0.009343816,-0.01473611,-0.0046849623,17.438036,16.968334,2,18,1,0.9908579,1
52,40,1,0,0,-176.21849,-565.5803,139.56177,-0.010408911,-0.0075148954,-0.01556206,4.3185,4.299722,2,-1,0,0.9859477,1
52,31,1,0,0,170.3763,-447.6814,101.52013,-0.0018173446,0.015331026,0.021244578,3.517382,3.521389,2,-1,0,0.9890233,1
52,40,1,1,0,-176.21849,-565.5803,139.56177,-0.010408911,-0.0075148954,-0.01556206,14.500604,14.696111,2,19,1,0.974065,1
52,40,1,0,0,-176.21849,-565.5803,139.56177,-0.010408911,-0.0075148954,-0.01556206,4.518139,4.490278,2,-1,0,0.98470193,1
52,38,1,1,0,-184.5703,-463.2864,5.58633,0.0160159,-0.01086518,0.0018998297,11.801251,11.944167,2,20,1,0.99007297,1
52,38,1,0,0,-184.5703,-463.2864,5.58633,0.0160159,-0.01086518,0.0018998297,8.846271,8.8775,2,-1,0,0.9335384,1
52,1,1,1,0,-187.08272,-446.22134,154.57109,0.002488229,0.01785586,0.003652866,21.02007,20.916945,2,21,1,0.99915695,1
52,17,1,1,0,-188.6101,308.58792,4.0024247,0.003775438,-0.008324949,0.0035201788,10.041916,10.073055,2,22,1,0.9919185,1
52,25,1,0,0,-209.76396,-269.04242,335.29736,0.02697767,0.018538034,0.0037844789,6.3363748,6.387778,2,-1,0,0.98788285,1
52,2,1,0,0,277.43167,-247.66365,24.898607,-0.041938797,-0.0040379483,-2.4924559e-05,3.064465,2.9997222,2,-1,0,0.8422071,1
52,8,1,0,0,-196.4788,-543.459,29.023003,0.002915808,-0.0022926517,-0.009160155,3.9210906,3.9902778,2,-1,0,0.9094323,1
52,25,1,0,0,-209.76396,-269.04242,335.29736,0.02697767,0.018538034,0.0037844789,6.520486,6.670833,2,-1,0,0.9701819,1
52,25,1,0,0,-209.76396,-269.04242,335.29736,0.02697767,0.018538034,0.0037844789,4.1216736,4.036389,2,-1,0,0.9605546,1
52,25,1,1,0,-209.76396,-269.04242,335.29736,0.02697767,0.018538034,0.0037844789,15.440862,15.358889,2,23,1,0.9871229,1
52,37,1,1,0,-226.39285,-567.8295,328.70087,-0.00881806,0.015347095,-0.014803302,18.120714,16.21611,2,24,1,0.9951965,1
52,37,1,0,0,-226.39285,-567.8295,328.70087,-0.00881806,0.015347095,-0.014803302,6.3017154,6.3686113,2,-1,0,0.98413575,1
52,7,1,1,0,238.29852,374.27625,323.51755,0.0010826761,0.016338887,0.008914849,17.552832,17.676111,2,25,1,0.98637277,1
52,12,1,1,0,243.26811,512.25885,26.316883,-0.007450412,0.010882422,-0.01507346,16.084257,16.041945,2,26,1,0.9787483,1
52,10,1,1,0,-253.2325,359.1223,420.50012,-0.0014547817,-0.025064053,0.0009444087,23.733305,23.785,2,27,1,0.9946636,1
52,36,1,1,0,256.78473,126.44827,117.75842,0.028189406,-0.011472299,-0.0004089488,21.398277,21.427221,2,28,1,0.99772125,1
52,39,1,1,0,-260.78995,286.03656,364.33807,0.006131268,0.014102396,0.0002876517,13.99166,13.8625,2,-1,1,0.9126726,1
52,36,1,0,0,256.78473,126.44827,117.75842,0.028189406,-0.011472299,-0.0004089488,3.426875,3.4822223,2,-1,0,0.63655585,1
52,2,1,1,0,277.43167,-247.66365,24.898607,-0.041938797,-0.0040379483,-2.4924559e-05,25.169865,37.481945,2,29,1,0.98381746,1
52,35,1,1,0,263.71326,-370.8547,172.51561,0.0053496845,-0.025245132,0.018447123,21.393637,19.81639,2,30,1,0.98971117,1
52,16,1,1,0,263.56256,181.59483,213.92844,0.013646909,-0.0034185287,0.027482746,29.352196,29.422777,2,31,1,0.974019,1
52,35,1,0,0,263.71326,-370.8547,172.51561,0.0053496845,-0.025245132,0.018447123,4.190361,4.1875,2,-1,0,0.990293,1
52,36,1,0,0,256.78473,126.44827,117.75842,0.028189406,-0.011472299,-0.0004089488,3.8183472,3.921111,2,-1,0,0.97736984,1
52,15,1,0,0,326.86743,-171.36,234.22054,0.0045235767,-0.019783534,-0.013468877,2.6256874,2.5430555,2,-1,0,0.65966016,1
52,6,1,1,0,291.472,-114.21193,264.01788,0.018329278,-0.009911003,-0.0029648852,13.114722,7.5558333,2,32,1,0.86825585,1
52,19,1,1,0,-313.1914,185.9936,51.558727,0.0097294,-0.00020621318,0.010108467,12.396139,12.361111,2,33,1,0.98415965,1
52,15,1,1,0,326.86743,-171.36,234.22054,0.0045235767,-0.019783534,-0.013468877,9.172138,5.6769443,2,34,1,0.9967693,1
52,3,1,1,0,-330.77365,-21.23606,29.024086,-0.010567705,-0.0065110447,0.00743336,14.264215,12.793889,2,35,1,0.9849945,1
52,4,1,1,0,-346.66754,-146.90286,143.65825,0.02428262,0.012262398,-0.00044483604,20.018513,19.806667,2,36,1,0.9543876,1
53,24,1,1,0,17.53158,-393.9378,68.9956,0.013371048,0.0017554794,-0.005313311,12.622339,12.555,2,0,1,0.990923,1
53,24,1,0,0,17.53158,-393.9378,68.9956,0.013371048,0.0017554794,-0.005313311,5.653896,5.7683334,2,-1,0,0.9985923,1
53,8,1,1,0,57.709465,-539.45215,270.6785,0.008623908,0.002507409,0.005396815,14.455756,14.276111,2,1,1,0.9809107,1
53,28,1,0,0,-66.82175,334.5794,79.69328,-0.010965796,0.0009846331,0.004768283,8.948402,4.8577776,2,-1,0,0.9930246,1
53,36,1,1,0,-76.27883,-251.11113,342.69583,-0.0010268274,0.016310409,-0.008699789,21.181889,20.886944,2,2,1,0.99999714,1
53,23,1,1,0,82.629776,-572.72455,269.2679,0.0068553,-0.00366,-0.0075299214,9.77732,9.847777,2,3,1,0.9947956,1
53,28,1,1,0,-66.82175,334.5794,79.69328,-0.010965796,0.0009846331,0.004768283,6.252882,6.3308334,2,4,1,0.9976568,1
53,33,1,1,0,-87.73922,-271.41464,406.66812,0.0131543875,-0.010662802,-0.002306318,19.586882,19.54861,2,5,1,0.97185236,1
53,9,1,1,0,107.246735,308.475,410.86356,0.0067639044,-0.016372645,0.00017036765,16.439806,16.239166,2,6,1,0.9976829,1
53,12,1,1,0,111.02544,-497.74857,30.745771,0.022827644,-0.01934411,7.691016e-05,30.158121,15.1472225,2,7,1,0.99045134,1
53,20,1,1,0,-116.5433,588.6998,303.60034,-0.0019133204,-0.010763651,-0.014852568,9.174389,9.133611,2,8,1,0.94347,1
53,20,1,0,0,-116.5433,588.6998,303.60034,-0.0019133204,-0.010763651,-0.014852568,7.642528,7.533889,2,-1,0,0.9941869,1
53,12,1,0,0,111.02544,-497.74857,30.745771,0.022827644,-0.01934411,7.691016e-05,4.151681,4.135,2,-1,0,0.94062465,1
53,39,0,0,0,0.0,0.0,0.0,0.0,0.0,0.0,30.747736,-1.0,2,-1,0,0.9977526,1
53,30,1,0,0,-151.11188,274.28024,262.4119,0.0022756474,-0.0016505946,0.02338727,7.4353123,5.403333,2,-1,0,0.9933781,1
53,30,1,1,0,-151.11188,274.28024,262.4119,0.0022756474,-0.0016505946,0.02338727,9.999646,10.14,2,9,1,0.99306893,1
53,30,1,0,0,-151.11188,274.28024,262.4119,0.0022756474,-0.0016505946,0.02338727,4.7850347,4.7425,2,-1,0,0.9870055,1
53,1,0,0,0,0.0,0.0,0.0,0.0,0.0,0.0,6.0943685,-1.0,2,-1,0,0.99678576,1
53,7,1,1,0,159.4268,-528.2287,345.63394,0.014603287,0.015702777,0.006341301,21.727386,20.483055,2,10,1,0.9999875,1
53,40,1,1,0,-159.70647,2.2107844,73.726524,-0.0038874536,0.0049173753,-0.031736128,8.974951,6.173333,2,11,1,0.983898,1
53,1,0,0,0,0.0,0.0,0.0,0.0,0.0,0.0,21.583931,-1.0,2,-1,0,0.9897682,1
53,5,1,0,0,-225.02464,73.28374,324.16272,0.02347152,-0.007161639,-0.023347236,6.836875,6.6683335,2,-1,0,0.9881869,1
53,40,0,0,0,0.0,0.0,0.0,0.0,0.0,0.0,10.412014,-1.0,2,-1,0,0.98407495,1
53,40,1,0,0,-159.70647,2.2107844,73.726524,-0.0038874536,0.0049173753,-0.031736128,3.7027779,3.718889,2,-1,0,0.91611975,1
53,2,1,1,0,-165.72699,347.08905,238.56361,-0.008921634,-0.007852598,-0.0060461224,15.160978,15.016389,2,12,1,0.9958578,1
53,6,1,1,0,163.3952,184.64162,434.34802,0.003461678,0.001329462,-0.008156367,9.98905,9.854167,2,13,1,0.9753955,1
53,13,1,1,0,-166.46477,-116.195984,24.282034,-0.022218378,-0.0020519148,0.010416197,19.215452,19.370277,2,14,1,0.9428729,1
53,31,1,1,0,174.63379,305.48148,37.668068,-0.016161906,0.00570777,0.014744879,22.78464,22.72,2,15,1,0.99990034,1
53,13,1,0,0,-166.46477,-116.195984,24.282034,-0.022218378,-0.0020519148,0.010416197,7.201792,7.1858335,2,-1,0,0.99386495,1
53,10,1,1,0,-176.24443,425.01968,53.65423,0.010966996,-0.008591679,0.0017256538,12.977404,12.675834,2,16,1,0.9617565,1
53,29,1,0,0,-231.25166,-36.53048,136.63704,-0.013274194,0.0010447447,0.0036971048,3.1424305,3.118611,2,-1,0,0.8774324,1
53,37,1,1,0,-184.77766,416.12625,36.24622,0.0070606605,0.024245134,-0.0067405077,24.888172,24.712223,2,17,1,0.9999896,1
53,32,0,0,0,0.0,0.0,0.0,0.0,0.0,0.0,8.829166,-1.0,2,-1,0,0.99487984,1
53,31,1,0,0,174.63379,305.48148,37.668068,-0.016161906,0.00570777,0.014744879,5.038695,5.023611,2,-1,0,0.9977126,1
53,22,1,1,0,-195.82324,46.908184,440.96042,0.0059705554,-0.0052978485,-0.00017762689,8.199278,8.161111,2,18,1,0.99347806,1
53,5,1,0,0,-225.02464,73.28374,324.16272,0.02347152,-0.007161639,-0.023347236,6.470208,6.5725,2,-1,0,0.9714011,1
53,29,1,1,0,-204.34572,-26.3555,146.83618,-0.013274194,0.0010447447,0.0036971048,12.478068,12.161667,2,19,1,0.9322828,1
53,25,1,0,0,221.0057,-367.3737,268.19852,-0.023986546,0.0017331415,0.015985109,4.461292,4.4575,2,-1,0,0.8762254,1
53,29,1,0,0,-204.34572,-26.3555,146.83618,-0.013274194,0.0010447447,0.0036971048,2.7242498,2.8230555,2,-1,0,0.50853163,1
53,32,1,1,0,209.25977,124.91863,191.97137,0.007707511,-0.02131943,-0.0028332744,23.561398,15.354722,2,20,1,0.99999905,1
53,25,1,1,0,221.0057,-367.3737,268.19852,-0.023986546,0.0017331415,0.015985109,27.69478,29.962778,2,21,1,0.969022,1
53,15,1,0,0,212.58322,185.87035,82.483986,0.012012965,0.03218342,0.012469111,8.337083,8.281389,2,-1,0,0.9736734,1
53,15,1,0,0,212.58322,185.87035,82.483986,0.012012965,0.03218342,0.012469111,11.628978,7.3805556,2,-1,0,0.9965917,1
53,15,1,1,0,212.58322,185.87035,82.483986,0.012012965,0.03218342,0.012469111,11.830118,11.735556,2,22,1,0.9891922,1
53,4,1,1,0,-215.62488,389.82236,458.98715,-0.0029044414,-0.0055110226,0.0011708796,6.7407565,4.5269446,2,23,1,0.99242413,1
53,16,1,1,0,220.12648,457.08466,415.9823,0.0058079204,0.014399397,-0.0075967726,9.243028,9.277223,2,24,1,0.99707794,1
53,5,1,1,0,-225.02464,73.28374,324.16272,0.02347152,-0.007161639,-0.023347236,13.230777,13.4525,2,25,1,0.9969699,1
53,18,1,1,0,-232.59343,-443.72128,280.0842,0.0027178954,-0.019723034,0.008796255,23.324312,23.575277,2,26,1,0.99819714,1
53,26,1,1,0,-230.57474,493.45813,71.38711,-0.00024946153,-0.00078556594,-0.014853686,11.674,9.935833,2,27,1,0.9907066,1
53,26,0,0,0,0.0,0.0,0.0,0.0,0.0,0.0,3.317236,0.28138888,2,-1,0,0.64693755,1
53,1,0,0,0,0.0,0.0,0.0,0.0,0.0,0.0,3.6283958,-1.0,2,-1,0,0.8650466,1
53,16,1,0,0,220.12648,457.08466,415.9823,0.0058079204,0.014399397,-0.0075967726,8.470986,8.117222,2,-1,0,0.98915756,1
53,35,1,1,0,-273.2978,-325.9572,88.522835,-0.01375878,-0.0014818746,-0.011716501,11.232479,11.144444,2,28,1,0.958695,1
53,35,1,0,0,-273.2978,-325.9572,88.522835,-0.01375878,-0.0014818746,-0.011716501,4.0961113,4.0761113,2,-1,0,0.95289445,1
53,38,1,1,0,-285.77515,116.92388,415.88208,0.01358415,-0.021372396,-0.0012926413,23.079363,23.055834,2,29,1,0.993188,1
53,34,1,1,0,280.02737,-288.19687,85.53219,0.0076187877,-0.010241772,-0.018646551,24.819653,20.559723,2,30,1,0.95164156,1
53,27,1,0,0,-300.5805,67.78877,69.599396,0.013993967,-0.010040973,-0.010935195,6.4442916,6.3983335,2,-1,0,0.97294813,1
53,27,1,1,0,-300.5805,67.78877,69.599396,0.013993967,-0.010040973,-0.010935195,11.043952,10.950556,2,32,1,0.97281826,1
53,3,1,1,0,-300.953,-286.55014,12.366704,-0.012593157,0.00085487694,0.0122309495,10.681076,9.731389,2,33,1,0.99142176,1
53,3,1,0,0,-300.953,-286.55014,12.366704,-0.012593157,0.00085487694,0.0122309495,7.852535,7.3575,2,-1,0,0.9876052,1
53,11,1,1,0,308.24387,-163.64906,391.63422,-0.012864903,-0.011766102,0.003272183,15.198952,13.482223,2,34,1,0.9919121,1
53,21,1,0,0,313.43613,-5.142632,278.18704,0.0012992563,0.020584695,-0.019926881,7.057229,7.125,2,-1,0,0.9963206,1
53,21,1,1,0,313.43613,-5.142632,278.18704,0.0012992563,0.020584695,-0.019926881,10.038013,9.995,2,35,1,0.9772701,1
53,17,1,1,0,-324.20676,-519.69147,18.146175,-0.0203967,0.0037185969,0.0068761124,15.945556,13.805,2,36,1,0.90200144,1
53,17,1,0,0,-324.20676,-519.69147,18.146175,-0.0203967,0.0037185969,0.0068761124,4.3054304,4.300833,2,-1,0,0.9880867,1
53,14,1,0,0,-352.34198,-556.6458,66.136246,0.012206202,-0.012582507,-0.0044814683,2.9754167,3.026389,2,-1,0,0.79935676,1
53,14,1,1,0,-352.34198,-556.6458,66.136246,0.012206202,-0.012582507,-0.0044814683,15.94602,16.089445,2,37,1,0.9895118,1
54,29,1,0,0,-23.712692,-330.299,239.12021,0.008860597,0.0136156455,0.024081377,6.452778,6.3375,2,-1,0,0.997003,1
54,40,1,1,0,19.443743,-76.88065,336.40143,-0.0030174556,-0.008646159,0.007623892,13.216598,13.464444,2,0,1,0.9930555,1
54,29,1,1,0,-23.712692,-330.299,239.12021,0.008860597,0.0136156455,0.024081377,24.098501,23.871944,2,1,1,0.9954802,1
54,13,1,1,0,-35.84948,203.37004,24.542755,-0.0049970467,0.014388248,0.0054486915,19.890509,17.184444,2,3,1,0.9984029,1
54,10,1,0,0,159.63234,567.81586,170.97525,0.0063848705,-0.012291064,0.026281042,4.548299,4.4755554,2,-1,0,0.9726743,1
54,27,0,0,0,0.0,0.0,0.0,0.0,0.0,0.0,6.2823753,-1.0,2,-1,0,0.9890281,1
54,19,1,1,0,-78.13824,-559.32355,52.42656,0.019942302,0.00651346,0.0049273605,24.571522,24.785555,2,4,1,0.9992537,1
54,16,1,1,0,81.65668,289.7108,260.50208,-0.00091219717,0.008228188,0.011106823,19.766811,16.661112,2,5,1,0.9974446,1
54,28,1,1,0,-126.0355,-559.7042,332.4064,-0.025364008,-0.011854576,-0.002982193,20.2688,20.26111,2,6,1,0.99681336,1
54,28,1,0,0,-126.0355,-559.7042,332.4064,-0.025364008,-0.011854576,-0.002982193,10.749028,10.638333,2,-1,0,0.9993117,1
54,25,0,0,0,0.0,0.0,0.0,0.0,0.0,0.0,9.767285,-1.0,2,-1,0,0.9909195,1
54,10,1,1,0,159.63234,567.81586,170.97525,0.0063848705,-0.012291064,0.026281042,28.082886,27.943333,2,7,1,0.9992169,1
54,18,1,0,0,-162.77573,-204.96355,134.22293,-0.006758419,-0.009272699,-0.019383527,5.0280004,2.4194446,2,-1,0,0.9829342,1
54,18,1,1,0,-162.77573,-204.96355,134.22293,-0.006758419,-0.009272699,-0.019383527,14.559854,14.356944,2,8,1,0.9913496,1
54,38,1,1,0,-173.42514,261.45184,396.84286,0.0041250642,0.0014164329,-0.009219651,10.847972,10.947778,2,9,1,0.99354196,1
54,3,1,1,0,-177.85837,-150.87074,105.1173,0.0028251477,-0.006997337,0.026518578,12.515396,12.7175,2,10,1,0.9942871,1
54,6,1,0,0,197.60481,583.4756,3.7486691,0.008744005,0.011364232,-0.020411182,2.663514,2.6958334,2,-1,0,0.83179003,1
54,38,1,0,0,-173.42514,261.45184,396.84286,0.0041250642,0.0014164329,-0.009219651,3.1150277,3.1577778,2,-1,0,0.71846575,1
54,3,1,0,0,-177.85837,-150.87074,105.1173,0.0028251477,-0.006997337,0.026518578,7.49959,7.5938888,2,-1,0,0.99920243,1
54,3,1,0,0,-177.85837,-150.87074,105.1173,0.0028251477,-0.006997337,0.026518578,7.879146,7.948889,2,-1,0,0.9988158,1
54,39,1,1,0,181.14023,47.53269,99.121185,-3.2270073e-05,0.005450364,0.002584648,3.9409237,2.3763888,2,11,1,0.8551855,1
54,21,0,0,0,0.0,0.0,0.0,0.0,0.0,0.0,3.109514,-1.0,2,-1,0,0.7902664,1
54,21,0,0,0,0.0,0.0,0.0,0.0,0.0,0.0,9.572465,-1.0,2,-1,0,0.9552553,1
54,6,1,1,0,197.60481,583.4756,3.7486691,0.008744005,0.011364232,-0.020411182,16.028334,15.78,2,12,1,0.98528904,1
54,6,1,0,0,197.60481,583.4756,3.7486691,0.008744005,0.011364232,-0.020411182,6.253646,6.31,2,-1,0,0.9992861,1
54,31,1,1,0,-200.9333,-188.71918,163.96477,0.006081483,-0.010926957,0.009001139,17.221708,17.141666,2,13,1,0.9972952,1
54,4,1,1,0,207.70284,-372.92813,213.58003,-0.005416171,0.0070244526,0.0037287315,8.585848,8.828055,2,14,1,0.9956987,1
54,36,1,0,0,-223.28506,-181.00977,390.27563,-0.006749258,0.019909829,-0.027241176,11.251708,8.271389,2,-1,0,0.9921029,1
54,22,1,0,0,-227.33119,148.17729,448.61877,0.008827957,0.022545582,-0.01586722,8.475,8.343611,2,-1,0,0.9918791,1
54,22,1,1,0,-227.33119,148.17729,448.61877,0.008827957,0.022545582,-0.01586722,14.822694,14.776667,2,16,1,0.991935,1
54,11,1,1,0,244.24931,309.28094,305.67477,0.008620101,-0.023241816,0.013737412,15.375632,13.870277,2,17,1,0.9803357,1
54,11,1,0,0,244.24931,309.28094,305.67477,0.008620101,-0.023241816,0.013737412,4.432125,4.4519444,2,-1,0,0.97977716,1
54,24,1,1,0,255.0895,450.04977,327.3029,-0.022523465,-0.016085131,-0.011747883,27.83766,27.6175,2,18,1,0.9997055,1
54,2,1,1,0,-246.82658,-156.00986,83.334404,-0.005252452,-0.024132114,0.013225505,24.70678,22.669167,2,19,1,0.98668474,1
54,15,1,1,0,-248.29591,188.78648,3.597422,-0.010523081,0.0019449238,-0.030804237,6.9929094,6.963611,2,20,1,0.9127133,1
54,11,1,0,0,244.24931,309.28094,305.67477,0.008620101,-0.023241816,0.013737412,3.1878333,3.1741667,2,-1,0,0.8932104,1
54,32,1,0,0,284.99985,-76.61548,414.81943,-0.03800729,0.0284384,0.028224973,16.595861,16.6275,2,-1,0,0.99312335,1
54,33,1,1,0,254.21445,546.88477,128.97206,0.016762994,-0.009051202,-0.024297204,26.674175,26.773611,2,21,1,0.99786866,1
54,17,1,1,0,258.42877,62.8268,419.40344,0.010377731,3.1698175e-05,-0.0041396334,11.3822155,9.494445,2,22,1,0.91398066,1
54,9,1,1,0,-261.5959,-490.77563,325.0817,-0.0001023804,-0.010615271,-0.0093421545,14.132778,14.386389,2,23,1,0.9908093,1
54,11,1,0,0,244.24931,309.28094,305.67477,0.008620101,-0.023241816,0.013737412,4.870778,4.882222,2,-1,0,0.9644667,1
54,32,1,0,0,284.99985,-76.61548,414.81943,-0.03800729,0.0284384,0.028224973,3.239667,3.2444444,2,-1,0,0.8907928,1
54,20,1,0,0,290.97812,-172.09503,45.472454,-0.0056240135,-0.027661253,-0.016287798,3.723486,3.7591667,2,-1,0,0.9352639,1
54,14,1,0,0,-342.68408,502.93088,280.14288,-0.023132533,0.019920276,-0.012172104,4.416368,4.383333,2,-1,0,0.96957433,1
54,32,1,1,0,284.99985,-76.61548,414.81943,-0.03800729,0.0284384,0.028224973,28.922228,29.061111,2,24,1,0.9847081,1
54,20,1,1,0,290.97812,-172.09503,45.472454,-0.0056240135,-0.027661253,-0.016287798,26.208576,26.171389,2,25,1,0.97979957,1
54,34,1,1,0,295.97842,-416.74213,296.46725,-0.0027773608,-0.016847722,0.0056345006,13.213188,12.873889,2,26,1,0.9923064,1
54,37,1,0,0,-314.23328,-216.95871,438.9542,0.009070677,-0.0055079204,0.007061116,3.2709029,3.3597221,2,-1,0,0.90614074,1
54,12,1,0,0,-301.45288,-551.5933,294.6845,0.0028502147,0.0045093014,0.021318126,4.710229,1.9677777,2,-1,0,0.98278874,1
54,12,1,1,0,-301.45288,-551.5933,294.6845,0.0028502147,0.0045093014,0.021318126,13.954583,13.944722,2,27,1,0.95163834,1
54,7,1,1,0,-303.9472,-105.65749,5.603167,0.0028446242,-0.02406427,-0.0030098762,16.880861,16.803888,2,28,1,0.99826163,1
54,35,1,1,0,303.57553,339.49054,440.01105,-0.001497377,0.00800948,0.020844089,14.681951,14.773611,2,29,1,0.9978823,1
54,37,1,1,0,-314.23328,-216.95871,438.9542,0.009070677,-0.0055079204,0.007061116,5.658271,5.7727776,2,30,1,0.9884725,1
54,23,1,0,0,-322.77747,41.951244,398.83234,-0.013236955,-0.014261571,0.02145403,3.2987776,3.3416667,2,-1,0,0.9491539,1
54,35,1,0,0,303.57553,339.49054,440.01105,-0.001497377,0.00800948,0.020844089,5.2913685,5.33,2,-1,0,0.96876,1
54,23,1,0,0,-322.77747,41.951244,398.83234,-0.013236955,-0.014261571,0.02145403,3.4856317,3.4072223,2,-1,0,0.95921516,1
54,26,1,1,0,-317.58105,-159.72142,258.13608,-0.013238609,-0.010542944,0.009017306,13.325369,13.2705555,2,31,1,0.94863534,1
54,26,1,0,0,-317.58105,-159.72142,258.13608,-0.013238609,-0.010542944,0.009017306,3.0383053,3.05,2,-1,0,0.69402105,1
54,23,1,1,0,-322.77747,41.951244,398.83234,-0.013236955,-0.014261571,0.02145403,27.358683,27.441944,2,32,1,0.99171704,1
54,30,1,1,0,332.0685,410.04895,348.5107,-0.01381424,0.009081259,-0.015837584,20.11591,19.963888,2,33,1,0.98440844,1
54,1,1,1,0,-337.10703,-397.69006,270.79984,-0.009225502,-0.0058491593,0.011190529,14.387216,13.635,2,34,1,0.99003184,1
54,14,1,1,0,-342.68408,502.93088,280.14288,-0.023132533,0.019920276,-0.012172104,14.571756,12.036111,2,35,1,0.97976625,1
54,14,1,0,0,-342.68408,502.93088,280.14288,-0.023132533,0.019920276,-0.012172104,6.987771,7.0375,2,-1,0,0.97339123,1
54,8,1,1,0,-358.7728,59.216007,428.2789,0.0082719205,0.0026289648,0.003692028,7.587882,7.649722,2,36,1,0.95189697,1
54,7,0,0,0,0.0,0.0,0.0,0.0,0.0,0.0,2.7480974,2.7280555,2,-1,0,0.6037127,1
55,15,1,0,0,19.06971,411.0533,198.82301,-0.030481534,-0.0023005498,0.0044449265,4.051722,3.9913888,2,-1,0,0.9632209,1
55,7,1,1,0,-7.3895273,-26.609346,353.79153,0.004038678,0.0011890085,-0.0040987395,8.581451,5.703889,2,0,1,0.9960812,1
55,15,1,1,0,19.06971,411.0533,198.82301,-0.030481534,-0.0023005498,0.0044449265,25.088049,25.25389,2,1,1,0.97223645,1
55,10,1,1,0,16.087654,-259.02057,366.25433,0.0004966246,0.0005163564,-0.0058215717,6.5778613,5.3969445,2,2,1,0.9776397,1
55,17,1,0,0,27.941032,551.13605,277.7177,-0.020910352,0.011050005,-0.006335453,3.7903888,3.7183332,2,-1,0,0.96699166,1
55,17,1,1,0,27.941032,551.13605,277.7177,-0.020910352,0.011050005,-0.006335453,26.575994,25.317223,2,3,1,0.9982786,1
55,10,1,0,0,16.087654,-259.02057,366.25433,0.0004966246,0.0005163564,-0.0058215717,4.2222776,4.27,2,-1,0,0.98509014,1
55,3,1,1,0,39.116085,192.03403,433.8419,0.015998079,0.031701308,0.016653208,33.910465,21.203333,2,4,1,0.99988914,1
55,3,1,0,0,39.116085,192.03403,433.8419,0.015998079,0.031701308,0.016653208,20.626348,20.580833,2,-1,0,0.9878642,1
55,40,1,0,0,-68.006065,-554.39,234.146,-0.0026128765,0.02345022,0.009872146,3.9704447,4.011389,2,-1,0,0.98005843,1
55,15,1,0,0,19.06971,411.0533,198.82301,-0.030481534,-0.0023005498,0.0044449265,6.645723,6.775833,2,-1,0,0.9690787,1
55,20,1,1,0,61.924103,289.5368,317.16177,0.009806947,-0.013728198,-0.005534536,12.668279,12.805833,2,6,1,0.979955,1
55,20,1,0,0,61.924103,289.5368,317.16177,0.009806947,-0.013728198,-0.005534536,7.181569,7.366667,2,-1,0,0.9850738,1
55,40,1,0,0,-68.006065,-554.39,234.146,-0.0026128765,0.02345022,0.009872146,4.4302707,4.0175,2,-1,0,0.94155616,1
55,40,1,1,0,-68.006065,-554.39,234.146,-0.0026128765,0.02345022,0.009872146,19.728605,19.835278,2,7,1,0.9999633,1
55,40,1,0,0,-68.006065,-554.39,234.146,-0.0026128765,0.02345022,0.009872146,7.003952,6.937778,2,-1,0,0.9854372,1
55,21,1,1,0,91.05104,111.39877,447.94577,-0.01963128,-0.010014593,0.007063125,27.06693,26.867222,2,8,1,0.99988973,1
55,22,1,1,0,-91.18458,-463.04926,211.40907,0.020339902,-0.005744115,-0.016593218,26.955439,26.833889,2,9,1,0.99819046,1
55,30,1,1,0,122.68675,78.8128,21.688862,-0.018615445,-0.015588878,-0.0020465562,24.220549,24.177778,2,10,1,0.98898995,1
55,9,1,1,0,-137.47899,-568.24304,108.1913,0.009617632,0.014562126,0.017237388,26.7425,26.524723,2,11,1,0.9911629,1
55,6,1,1,0,-133.18906,-148.62924,115.96779,-0.017454823,-0.0036807302,0.014883345,26.008835,25.643888,2,12,1,0.8394251,1
55,34,1,0,0,-151.62108,599.2926,135.38458,-0.00520144,0.0012019951,0.013179988,4.244347,4.37,2,-1,0,0.8813621,1
55,34,1,1,0,-151.62108,599.2926,135.38458,-0.00520144,0.0012019951,0.013179988,13.021973,12.147778,2,13,1,0.9933391,1
55,36,1,1,0,-159.55902,540.04266,68.75248,-0.0057704053,-0.002273029,-0.012890938,5.9728336,6.0077777,2,14,1,0.9772094,1
55,39,1,0,0,-171.9313,247.75964,33.21493,0.00904302,-0.007453419,0.020491797,5.8377986,5.8980556,2,-1,0,0.99556607,1
55,12,1,1,0,168.20242,361.36475,335.4368,0.011561671,-0.008072913,0.01571844,25.415396,25.501944,2,15,1,0.99907243,1
55,39,1,1,0,-171.9313,247.75964,33.21493,0.00904302,-0.007453419,0.020491797,17.242403,17.222778,2,16,1,0.9886059,1
55,12,1,0,0,168.20242,361.36475,335.4368,0.011561671,-0.008072913,0.01571844,3.3566942,3.2708333,2,-1,0,0.94735396,1
55,4,1,0,0,227.63956,-166.43176,184.2913,-0.01907179,0.0020223043,-0.0016706985,4.3374305,4.3272223,2,-1,0,0.9533875,1
55,16,1,0,0,196.49374,-398.88364,182.95314,0.0028034376,0.027929,0.00065830257,5.4387918,5.415,2,-1,0,0.9887395,1
55,1,1,1,0,195.39607,-435.81363,370.71338,0.0027606054,0.019078642,0.011166716,18.34909,18.313612,2,17,1,0.983263,1
55,16,1,1,0,196.49374,-398.88364,182.95314,0.0028034376,0.027929,0.00065830257,22.812891,20.188889,2,18,1,0.9781804,1
55,19,1,1,0,-201.83252,-572.53864,309.13815,-0.0036935348,-0.016388057,-0.018264377,18.149363,18.151112,2,19,1,0.98687553,1
55,1,1,0,0,195.39607,-435.81363,370.71338,0.0027606054,0.019078642,0.011166716,3.5409305,3.6894445,2,-1,0,0.9281337,1
55,19,1,0,0,-201.83252,-572.53864,309.13815,-0.0036935348,-0.016388057,-0.018264377,2.857632,2.9819446,2,-1,0,0.6496389,1
55,19,1,0,0,-201.83252,-572.53864,309.13815,-0.0036935348,-0.016388057,-0.018264377,5.490229,5.5194445,2,-1,0,0.99063766,1
55,37,1,1,0,205.74594,-244.85582,312.7479,-0.0052431514,0.012011574,-0.0066537703,14.639119,14.528334,2,20,1,0.97789073,1
55,27,1,1,0,-212.75142,-276.198,141.43512,0.01393567,-0.0143457,0.02393044,23.687561,22.31889,2,21,1,0.93098575,1
55,27,1,0,0,-212.75142,-276.198,141.43512,0.01393567,-0.0143457,0.02393044,10.155278,10.067223,2,-1,0,0.9787541,1
55,11,1,1,0,-217.17546,342.9284,442.33353,-0.020326305,-0.011973226,-0.0033751484,16.253098,16.327778,2,22,1,0.9996991,1
55,11,1,0,0,-217.17546,342.9284,442.33353,-0.020326305,-0.011973226,-0.0033751484,8.06375,8.053056,2,-1,0,0.99433774,1
55,4,1,1,0,227.63956,-166.43176,184.2913,-0.01907179,0.0020223043,-0.0016706985,16.571354,16.4275,2,23,1,0.99917233,1
55,8,1,1,0,-224.29745,271.5894,298.0462,-0.0064674183,-0.049078315,-0.012409752,42.39112,41.095276,2,24,1,0.999997,1
55,13,1,1,0,-229.75244,-579.38513,97.53909,0.0046396554,0.00326654,-0.015490526,14.014895,14.079166,2,25,1,0.99471915,1
55,24,1,1,0,-230.90721,597.24335,202.23946,0.0061405916,0.0323912,-0.019326923,11.336375,1.9127778,2,26,1,0.991527,1
55,31,1,1,0,-235.58307,519.37756,274.5741,0.011667053,-0.022309685,0.013742907,31.32655,31.439167,2,27,1,0.94983387,1
55,14,1,1,0,-236.91652,492.93192,459.75842,-0.009315248,-0.022570334,0.009753981,20.726679,20.468334,2,28,1,0.99987924,1
55,8,1,0,0,-224.29745,271.5894,298.0462,-0.0064674183,-0.049078315,-0.012409752,5.9179096,5.828611,2,-1,0,0.95305145,1
55,35,1,0,0,246.53967,560.75037,263.24374,-0.0033664966,0.018396845,0.032006647,9.567409,9.836945,2,-1,0,0.9400269,1
55,35,1,0,0,246.53967,560.75037,263.24374,-0.0033664966,0.018396845,0.032006647,8.0963745,8.2,2,-1,0,0.95133924,1
55,35,1,1,0,246.53967,560.75037,263.24374,-0.0033664966,0.018396845,0.032006647,19.80084,19.562778,2,29,1,0.9995479,1
55,25,0,0,0,0.0,0.0,0.0,0.0,0.0,0.0,26.471619,-1.0,2,-1,0,0.9852225,1
55,29,1,1,0,-268.73776,429.43344,450.619,-0.019592978,0.0063117417,-0.009411079,16.817278,16.4525,2,30,1,0.9928993,1
55,33,0,0,0,0.0,0.0,0.0,0.0,0.0,0.0,8.460986,-1.0,2,-1,0,0.982788,1
55,33,0,0,0,0.0,0.0,0.0,0.0,0.0,0.0,6.222285,-1.0,2,-1,0,0.966698,1
55,32,1,1,0,-299.42184,17.210781,152.79045,0.013081239,0.0004591366,-0.010212366,14.470382,14.534166,2,31,1,0.9779317,1
55,38,1,0,0,318.35495,176.78348,277.9196,-0.021509342,-0.0040257364,0.018673219,6.696889,6.7269444,2,-1,0,0.9986167,1
55,38,1,0,0,318.35495,176.78348,277.9196,-0.021509342,-0.0040257364,0.018673219,7.6564307,7.3991666,2,-1,0,0.990599,1
55,38,1,1,0,318.35495,176.78348,277.9196,-0.021509342,-0.0040257364,0.018673219,11.082166,11.176389,2,32,1,0.99814487,1
55,32,1,0,0,-299.42184,17.210781,152.79045,0.013081239,0.0004591366,-0.010212366,2.8614445,2.9030557,2,-1,0,0.7525873,1
55,18,1,1,0,-332.842,436.1511,13.497092,-0.011082877,0.006817908,0.008175911,14.511444,12.646667,2,33,1,0.9962907,1
55,5,1,0,0,347.23578,493.56454,18.156528,-0.015363646,-0.002530673,-3.8370017e-06,3.2791595,3.14,2,-1,0,0.91473955,1
55,23,0,0,0,0.0,0.0,0.0,0.0,0.0,0.0,14.381271,-1.0,2,-1,0,0.9564004,1
55,5,1,1,0,347.23578,493.56454,18.156528,-0.015363646,-0.002530673,-3.8370017e-06,13.769555,13.851666,2,34,1,0.97830665,1
55,23,0,0,0,0.0,0.0,0.0,0.0,0.0,0.0,6.6279025,-1.0,2,-1,0,0.99506736,1
55,2,1,1,0,-356.80927,551.8465,184.2148,-0.013656875,0.004091718,0.0067771655,13.042737,12.843056,2,35,1,0.9946148,1
56,35,1,1,0,20.871052,362.65164,309.73065,-0.00811164,0.023459258,-0.0023105661,23.985022,24.141945,2,0,1,0.99924517,1
56,39,1,1,0,-19.68927,115.22981,40.628555,-0.014505127,-0.032475576,-0.023114176,53.687477,48.46583,2,1,1,0.9990237,1
56,6,1,1,0,19.838078,-175.5895,55.105225,0.014466121,-0.0034894168,0.007197471,14.219861,14.4025,2,2,1,0.9967152,1
56,6,1,0,0,19.838078,-175.5895,55.105225,0.014466121,-0.0034894168,0.007197471,5.767507,5.966111,2,-1,0,0.9862831,1
56,33,1,0,0,-42.1299,508.4645,75.83669,0.011612892,0.023948207,0.01629536,15.919097,15.941112,2,-1,0,0.9975431,1
56,16,1,0,0,8.173763,256.94608,156.56828,0.008443985,0.029301915,0.009906831,5.5998406,5.745,2,-1,0,0.9960373,1
56,33,1,1,0,-42.1299,508.4645,75.83669,0.011612892,0.023948207,0.01629536,18.143675,18.00639,2,3,1,0.99332327,1
56,34,0,0,0,0.0,0.0,0.0,0.0,0.0,0.0,6.689653,-1.0,2,-1,0,0.98097366,1
56,34,0,0,0,0.0,0.0,0.0,0.0,0.0,0.0,29.00691,-1.0,2,-1,0,0.9557563,1
56,30,1,1,0,64.001305,-146.38545,396.81018,0.02895482,-0.010076378,0.01764126,29.33291,29.293888,2,4,1,0.99268967,1
56,9,1,1,0,73.070854,-595.35547,455.18347,0.00086176745,0.018579854,-0.0013205411,19.577244,16.260834,2,5,1,0.9743713,1
56,1,1,1,0,-76.98001,-242.83821,321.4414,-0.0039226343,-0.0012535215,0.004405982,4.377861,4.497778,2,6,1,0.91893595,1
56,28,1,0,0,145.31535,-28.03752,453.86493,-0.034276675,0.014049579,-0.0025571368,17.272615,17.12111,2,-1,0,0.9987295,1
56,36,1,0,0,-85.191444,562.04395,450.5967,-0.011715749,-0.010376294,0.012067412,3.958472,3.848611,2,-1,0,0.9716277,1
56,36,1,1,0,-85.191444,562.04395,450.5967,-0.011715749,-0.010376294,0.012067412,16.104666,16.188055,2,7,1,0.9896438,1
56,25,1,1,0,87.6889,-209.01805,378.7937,0.00037986497,-0.001205296,0.004148669,4.359118,4.266667,2,8,1,0.95317024,1
56,16,1,0,0,-117.634926,475.87518,399.48328,0.008443985,0.029301915,0.009906831,15.513188,15.532222,2,-1,0,0.99412006,1
56,20,1,1,0,88.62624,347.72418,236.00064,-0.013578286,0.0044884244,-0.013187715,8.828216,8.959167,2,9,1,0.98361474,1
56,30,1,0,0,64.001305,-146.38545,396.81018,0.02895482,-0.010076378,0.01764126,4.733993,4.786111,2,-1,0,0.97475827,1
56,31,1,1,0,88.991486,-56.018917,117.35216,0.0042650965,-0.0008170801,-0.0072595775,6.0289865,6.0702777,2,10,1,0.9738497,1
56,16,1,1,0,-117.634926,475.87518,399.48328,0.008443985,0.029301915,0.009906831,21.114489,21.124722,2,11,1,0.9913258,1
56,37,1,1,0,132.91542,-373.25604,160.19595,-0.015958328,0.026441412,-0.013503344,34.55157,34.53,2,12,1,0.951078,1
56,28,1,1,0,145.31535,-28.03752,453.86493,-0.034276675,0.014049579,-0.0025571368,23.468689,23.469723,2,13,1,0.99315214,1
56,38,1,1,0,-146.14043,58.79189,460.95502,0.011283554,0.0058699725,-0.0052681398,16.210932,15.69,2,14,1,0.99875,1
56,2,1,1,0,174.95193,-244.93433,298.577,-0.014315934,-0.00416952,0.019842088,22.072847,22.31611,2,15,1,0.81711555,1
56,22,1,1,0,176.77412,-130.57608,123.72838,0.011009588,-0.0038416814,0.014360764,17.22,17.113611,2,16,1,0.99174106,1
56,21,1,1,0,178.6306,513.2358,452.47195,-0.0014791301,0.037499364,-0.014330201,40.5767,39.703056,2,17,1,0.9999956,1
56,4,1,1,0,180.44806,200.24854,216.62547,-0.008401633,-0.007655761,-0.016933309,21.255373,21.38611,2,18,1,0.9858769,1
56,14,1,0,0,-196.0864,-478.19952,432.49625,0.020415088,0.024307422,-0.009505105,6.0014515,5.8530555,2,-1,0,0.95572895,1
56,27,1,1,0,189.84111,-250.51793,68.28648,0.005871156,0.006766947,-0.008159868,12.804528,11.505278,2,19,1,0.9874485,1
56,14,1,1,0,-196.0864,-478.19952,432.49625,0.020415088,0.024307422,-0.009505105,28.326366,28.40611,2,20,1,0.99627894,1
56,5,1,1,0,-218.22012,-453.75122,116.26785,-0.0059083886,0.0036107006,-0.013217086,14.806299,14.723611,2,21,1,0.99717855,1
56,7,1,1,0,-218.2533,-158.88416,160.89511,-0.007275131,0.004602105,0.00038126713,8.771055,8.838611,2,22,1,0.9689172,1
56,29,1,0,0,-231.58347,313.30267,364.42697,0.016645445,0.00613995,0.009919391,8.777959,8.866944,2,-1,0,0.9929092,1
56,29,1,1,0,-231.58347,313.30267,364.42697,0.016645445,0.00613995,0.009919391,12.009314,11.979167,2,23,1,0.9873384,1
56,40,1,0,0,249.71313,487.9699,182.1517,-0.008069968,0.001582972,0.022782655,3.8073056,3.751111,2,-1,0,0.9835075,1
56,18,1,1,0,232.72552,-335.13867,52.612564,0.001797927,-0.0028906616,-0.012256157,10.664848,10.587778,2,24,1,0.9970504,1
56,26,1,1,0,247.2173,523.46515,96.364494,-0.012832713,0.015610531,-0.009443405,20.746056,20.426111,2,25,1,0.99046993,1
56,40,1,1,0,249.71313,487.9699,182.1517,-0.008069968,0.001582972,0.022782655,22.116402,22.086111,2,26,1,0.9834537,1
56,8,1,0,0,-250.13512,387.6842,404.5915,-0.00093083846,-0.012686578,-0.008756418,3.809472,3.4969444,2,-1,0,0.5554539,1
56,19,1,1,0,256.11145,-540.18604,103.769424,-0.011292054,0.011916368,-0.029703394,35.120674,35.14611,2,27,1,0.9999689,1
56,8,1,1,0,-250.13512,387.6842,404.5915,-0.00093083846,-0.012686578,-0.008756418,14.198139,14.088056,2,28,1,0.9483229,1
56,17,1,0,0,-263.72455,-173.54762,197.40404,0.0036069392,-0.017188963,-0.0012449677,4.357445,4.345,2,-1,0,0.9674884,1
56,32,1,1,0,-265.42236,566.851,255.03745,0.013607354,-0.001805554,0.0030967712,14.960667,14.966666,2,29,1,0.9999335,1
56,17,1,1,0,-263.72455,-173.54762,197.40404,0.0036069392,-0.017188963,-0.0012449677,20.595612,20.034445,2,30,1,0.99753404,1
56,13,1,1,0,-285.6733,-590.1387,58.238953,-0.0050843833,0.0076860967,-0.009460642,12.131986,6.8352776,2,31,1,0.9825522,1
56,24,1,1,0,-288.54663,-236.17749,83.3699,-0.00750365,0.008778966,0.004566594,12.684945,12.830556,2,32,1,0.96669936,1
56,23,1,1,0,-299.608,-133.2881,419.80902,-0.028623747,-0.031215776,0.01342954,34.930485,34.978054,2,33,1,0.9151484,1
56,23,1,0,0,-299.608,-133.2881,419.80902,-0.028623747,-0.031215776,0.01342954,7.6894727,7.777222,2,-1,0,0.9870868,1
56,12,1,1,0,313.8178,-526.5536,111.134895,0.008182016,0.0031156638,-0.020513302,9.7392845,9.635555,2,34,1,0.9692434,1
56,12,1,0,0,313.8178,-526.5536,111.134895,0.008182016,0.0031156638,-0.020513302,9.413576,9.483055,2,-1,0,0.98927003,1
56,11,1,1,0,-315.95227,465.71548,70.840355,-0.01152787,0.009076699,-0.007868538,15.14407,15.379723,2,35,1,0.9752955,1
56,10,1,1,0,-321.65677,-551.1088,82.705444,0.007722157,0.025448319,0.020035055,32.101463,31.812222,2,36,1,0.97696835,1
56,3,1,1,0,-346.1188,-445.8504,279.61716,0.009484636,-0.010028485,0.004123228,14.015938,13.995833,2,37,1,0.9748132,1
56,15,1,1,0,359.04202,-224.51387,93.81342,0.007931767,0.0023129643,0.023505034,16.943598,16.394167,2,38,1,0.9735474,1
57,36,1,1,0,15.23238,400.74283,124.39172,0.01926417,0.015234445,0.014970672,17.323883,17.354723,2,1,1,0.9999465,1
57,36,1,0,0,15.23238,400.74283,124.39172,0.01926417,0.015234445,0.014970672,11.4557495,11.453611,2,-1,0,0.9871128,1
57,30,1,1,0,21.222263,497.67578,22.994974,0.011312291,0.008084733,0.005988896,15.382375,15.388611,2,2,1,0.99849,1
57,34,1,1,0,-30.38722,503.10526,30.487436,-0.0072868234,0.019772759,-0.0047767214,20.403936,20.355278,2,3,1,0.98246056,1
57,34,1,0,0,-30.38722,503.10526,30.487436,-0.0072868234,0.019772759,-0.0047767214,3.802104,3.7119443,2,-1,0,0.60479784,1
57,40,1,1,0,-45.05471,-231.14891,309.20404,-0.0055524334,-0.012167018,-0.024028419,20.90586,20.701944,2,4,1,0.9996195,1
57,9,1,1,0,44.254425,-156.0591,95.76048,0.0072724232,0.005237072,-0.008165697,11.312708,11.140555,2,5,1,0.99761426,1
57,40,1,0,0,-45.05471,-231.14891,309.20404,-0.0055524334,-0.012167018,-0.024028419,11.213374,11.183611,2,-1,0,0.9955953,1
57,36,1,0,0,15.23238,400.74283,124.39172,0.01926417,0.015234445,0.014970672,4.3908544,4.4205556,2,-1,0,0.9955468,1
57,39,1,1,0,52.50651,353.1817,162.02612,0.012580043,0.0014987086,0.011221197,14.834494,14.838333,2,6,1,0.9998845,1
57,28,1,1,0,-59.30789,-546.4652,362.56702,-0.019612776,0.008260356,-0.011133004,26.509249,26.620556,2,7,1,0.99066424,1
57,31,1,0,0,106.09373,-344.61823,439.00964,-0.011930373,0.0012221345,-0.0008392208,6.70509,6.6425,2,-1,0,0.99015653,1
57,31,1,0,0,106.09373,-344.61823,439.00964,-0.011930373,0.0012221345,-0.0008392208,4.673243,4.763889,2,-1,0,0.9513945,1
57,15,1,0,0,209.06868,-292.4596,101.04592,0.020092959,-0.009278646,0.01744688,8.542653,8.532222,2,-1,0,0.9847112,1
57,18,1,0,0,-92.75104,503.4068,164.52284,0.012237476,0.0025832667,0.006687448,7.511785,7.3933334,2,-1,0,0.98637515,1
57,18,1,1,0,-92.75104,503.4068,164.52284,0.012237476,0.0025832667,0.006687448,8.674251,8.688056,2,8,1,0.98445606,1
57,21,1,1,0,96.14794,598.84326,125.62457,0.026062895,-7.0067945e-05,-0.008039881,32.213566,31.796667,2,9,1,0.99999976,1
57,25,1,1,0,-103.310486,-599.0545,216.5261,0.0083168,-0.021834616,-0.0062441323,4.715945,4.658056,2,10,1,0.99361295,1
57,31,1,1,0,106.09373,-344.61823,439.00964,-0.011930373,0.0012221345,-0.0008392208,8.763875,8.708889,2,11,1,0.98041576,1
57,8,1,1,0,110.672745,-130.88928,387.38556,0.007909776,0.0021372635,-0.02001855,23.62369,21.406666,2,12,1,0.9920374,1
57,11,1,1,0,-115.95304,4.0778427,246.51749,0.012868551,-0.002187999,-0.005244355,19.981806,19.783333,2,13,1,0.9887544,1
57,29,1,1,0,-114.96504,473.43246,264.5333,-0.0015370125,-0.008535621,-0.008463222,11.817556,11.707222,2,14,1,0.99504954,1
57,26,1,1,0,130.57562,159.03714,425.85284,7.667674e-05,0.007332218,0.012292121,12.882834,12.959167,2,15,1,0.990085,1
57,13,1,1,0,136.50601,11.43199,376.52924,-0.009635946,-0.0063618054,0.004443916,10.172042,10.268888,2,16,1,0.9760942,1
57,16,1,0,0,-137.6827,-538.1092,417.0707,-0.0026007213,-0.002094412,-0.004435912,4.207736,2.7827778,2,-1,0,0.9907545,1
57,35,1,1,0,-139.30737,-422.04538,363.85098,-0.016843716,0.038297445,-0.004818841,26.812466,27.086945,2,17,1,0.9653067,1
57,35,1,0,0,-139.30737,-422.04538,363.85098,-0.016843716,0.038297445,-0.004818841,5.6012783,5.590833,2,-1,0,0.9773612,1
57,35,1,0,0,-139.30737,-422.04538,363.85098,-0.016843716,0.038297445,-0.004818841,5.0922017,5.099167,2,-1,0,0.9881235,1
57,35,1,0,0,-139.30737,-422.04538,363.85098,-0.016843716,0.038297445,-0.004818841,8.579549,8.656944,2,-1,0,0.9812409,1
57,38,1,0,0,150.38747,353.5976,159.77338,-0.011691162,-0.011223533,0.01206975,9.078611,9.055555,2,-1,0,0.98100704,1
57,38,1,1,0,150.38747,353.5976,159.77338,-0.011691162,-0.011223533,0.01206975,10.013924,9.935278,2,18,1,0.9916905,1
57,23,1,0,0,161.83856,6.686294,240.27063,0.0020292564,0.021085698,-0.018955475,13.503861,10.108889,2,-1,0,0.98014426,1
57,33,1,0,0,160.52354,-313.95993,407.31247,0.003022687,0.008417743,0.046285003,17.74185,17.70111,2,-1,0,0.98590577,1
57,33,1,0,0,160.52354,-313.95993,407.31247,0.003022687,0.008417743,0.046285003,4.8175554,4.658889,2,-1,0,0.9846501,1
57,33,1,1,0,160.52354,-313.95993,407.31247,0.003022687,0.008417743,0.046285003,19.386147,19.435,2,19,1,0.9823559,1
57,32,1,0,0,-183.92146,436.8861,440.88162,0.0073039522,0.0131696025,0.007937486,3.2995417,3.3266666,2,-1,0,0.75965947,1
57,23,1,1,0,161.83856,6.686294,240.27063,0.0020292564,0.021085698,-0.018955475,16.569952,16.450277,2,20,1,0.9998641,1
57,24,1,1,0,-170.69057,-276.93716,28.264694,-0.003631629,0.018988544,-0.0051242393,9.792959,9.793056,2,21,1,0.9951704,1
57,24,1,0,0,-170.69057,-276.93716,28.264694,-0.003631629,0.018988544,-0.0051242393,14.5940485,5.737222,2,-1,0,0.995484,1
57,3,1,1,0,175.96295,288.53168,318.08102,-0.013271401,-0.013435569,-0.004920652,19.186646,13.030556,2,22,1,0.99885535,1
57,32,1,1,0,-183.92146,436.8861,440.88162,0.0073039522,0.0131696025,0.007937486,15.540735,15.468889,2,23,1,0.98932856,1
57,32,1,0,0,-183.92146,436.8861,440.88162,0.0073039522,0.0131696025,0.007937486,3.481486,3.4819446,2,-1,0,0.94954973,1
57,5,1,0,0,217.53758,-224.49481,308.89807,-0.01936044,-0.0069401907,-0.020754255,3.3196805,3.3255556,2,-1,0,0.8423938,1
57,37,1,1,0,-205.01297,330.34885,391.13727,-0.010281022,0.005886667,0.007895807,8.645847,8.744166,2,24,1,0.986761,1
57,37,1,0,0,-205.01297,330.34885,391.13727,-0.010281022,0.005886667,0.007895807,5.3130484,5.2680554,2,-1,0,0.98881674,1
57,20,1,1,0,-207.25284,-417.37088,447.20786,-0.0027798442,0.015004823,-0.0070983027,18.053488,8.889167,2,25,1,0.99644744,1
57,15,1,1,0,209.06868,-292.4596,101.04592,0.020092959,-0.009278646,0.01744688,20.05504,18.41361,2,26,1,0.95778054,1
57,5,1,0,0,217.53758,-224.49481,308.89807,-0.01936044,-0.0069401907,-0.020754255,9.169681,9.362223,2,-1,0,0.97531295,1
57,5,1,1,0,217.53758,-224.49481,308.89807,-0.01936044,-0.0069401907,-0.020754255,10.722598,10.943334,2,27,1,0.954592,1
57,15,1,0,0,209.06868,-292.4596,101.04592,0.020092959,-0.009278646,0.01744688,7.596501,7.598889,2,-1,0,0.9918383,1
57,5,1,0,0,217.53758,-224.49481,308.89807,-0.01936044,-0.0069401907,-0.020754255,4.5340486,4.4325,2,-1,0,0.9747557,1
57,12,1,1,0,258.93268,98.42675,296.08292,-0.009352851,0.008523762,0.00897285,14.272549,14.305278,2,28,1,0.98310834,1
57,17,1,1,0,-264.14902,-68.32871,448.24387,-0.015866255,0.012107547,-0.012652744,20.521097,18.199444,2,29,1,0.9878445,1
57,17,1,0,0,-264.14902,-68.32871,448.24387,-0.015866255,0.012107547,-0.012652744,5.009243,5.1230555,2,-1,0,0.97728044,1
57,27,1,1,0,270.53146,281.95316,180.14442,-0.008359129,0.0068793697,-0.021098442,25.429127,24.625555,2,30,1,0.9909663,1
57,10,1,1,0,-302.96994,90.81935,52.483696,-0.0034623193,-0.0010811102,-0.022969423,20.761494,20.88861,2,31,1,0.99661714,1
57,7,1,1,0,-305.63293,-368.41385,3.7842414,-0.016795514,0.015156967,0.006221192,23.951818,23.167778,2,32,1,0.9975867,1
57,14,1,1,0,-315.8129,-151.03413,223.4089,0.00024763242,0.022181505,-0.0023037589,19.045021,19.053055,2,33,1,0.9915133,1
57,22,1,1,0,330.5505,576.19354,418.4021,-0.010366916,0.0073557673,-0.0019653433,10.530083,10.486944,2,34,1,0.9631365,1
57,19,1,1,0,-339.36554,-452.8489,401.6784,0.016350353,-0.013675591,0.0016470823,19.259548,19.193611,2,35,1,0.96845275,1
57,6,1,1,0,-337.90714,-363.7626,279.42813,0.0039096144,-0.008047684,-0.01684268,12.174694,11.936389,2,36,1,0.92750853,1
57,6,1,0,0,-337.90714,-363.7626,279.42813,0.0039096144,-0.008047684,-0.01684268,5.8149023,5.6980557,2,-1,0,0.97859955,1
57,2,1,1,0,337.43155,-70.017426,159.0154,0.024828449,-0.009823013,0.010286217,11.761499,11.600278,2,37,1,0.9834167,1
57,4,1,1,0,359.98795,564.8691,307.0084,-0.0013683544,-0.045831893,0.004740277,31.607718,31.580555,2,39,1,0.9970776,1
57,2,1,0,0,337.43155,-70.017426,159.0154,0.024828449,-0.009823013,0.010286217,10.57084,10.509167,2,-1,0,0.9892623,1
57,4,1,0,0,359.98795,564.8691,307.0084,-0.0013683544,-0.045831893,0.004740277,10.088425,10.113334,2,-1,0,0.9917462,1
58,31,1,0,0,29.898392,315.51025,125.277794,-0.0027223595,-0.03046651,-0.008672967,8.8208885,8.670555,2,-1,0,0.9883405,1
58,26,1,1,0,26.724844,-40.132175,422.528,-0.010702268,-0.014054386,0.0142827295,24.535534,23.992777,2,0,1,0.9510844,1
58,31,1,1,0,29.898392,315.51025,125.277794,-0.0027223595,-0.03046651,-0.008672967,29.424501,29.351667,2,1,1,0.99875057,1
58,3,1,1,0,31.191557,14.548548,363.24606,0.0039021322,-0.0012007459,-0.027627232,32.97656,32.398335,2,2,1,0.9996946,1
58,33,0,0,0,0.0,0.0,0.0,0.0,0.0,0.0,3.9102013,-1.0,2,-1,0,0.94153345,1
58,6,1,1,0,40.25857,580.0116,415.39072,0.012326645,0.029222585,0.022069465,36.497868,35.82528,2,3,1,0.99544585,1
58,6,1,0,0,40.25857,580.0116,415.39072,0.012326645,0.029222585,0.022069465,6.6346116,6.641389,2,-1,0,0.99902034,1
58,33,0,0,0,0.0,0.0,0.0,0.0,0.0,0.0,6.82682,-1.0,2,-1,0,0.9749426,1
58,17,1,0,0,-75.75612,-86.92676,299.94574,0.02145242,0.0055205673,0.0011717088,9.162645,9.281667,2,-1,0,0.97751355,1
58,2,1,1,0,62.688675,-286.71802,449.79688,0.0009246444,0.006967363,0.013761013,6.2889442,4.2480555,2,4,1,0.98103,1
58,17,1,1,0,-75.75612,-86.92676,299.94574,0.02145242,0.0055205673,0.0011717088,14.141307,14.033055,2,5,1,0.9776218,1
58,11,1,1,0,-74.9298,-560.0678,341.74008,-0.011400342,0.002391139,-0.009036999,16.9065,17.136944,2,6,1,0.99474347,1
58,15,1,1,0,76.243385,289.75165,18.753366,0.019308774,-0.010400951,0.012340504,23.321348,23.244444,2,7,1,0.99606174,1
58,37,1,1,0,77.30137,-504.3688,326.97473,0.010772801,-0.009752697,3.61316e-05,16.512125,16.584723,2,8,1,0.99822885,1
58,15,1,0,0,76.243385,289.75165,18.753366,0.019308774,-0.010400951,0.012340504,4.96425,4.9580555,2,-1,0,0.9865491,1
58,21,1,1,0,85.336296,39.1813,42.33217,-0.010876844,-0.011853776,-0.0106911445,19.955404,19.800278,2,9,1,0.9959002,1
58,14,1,1,0,91.38857,-530.3052,153.48694,-0.02458354,0.015988428,-0.011020694,22.86989,10.141666,2,10,1,0.96979415,1
58,14,1,0,0,91.38857,-530.3052,153.48694,-0.02458354,0.015988428,-0.011020694,8.46693,8.4775,2,-1,0,0.9956059,1
58,21,1,0,0,85.336296,39.1813,42.33217,-0.010876844,-0.011853776,-0.0106911445,3.7670422,3.758889,2,-1,0,0.945739,1
58,38,1,1,0,-90.12253,-222.87451,41.919804,-0.012367933,0.008488715,0.0077370387,18.42721,18.500555,2,11,1,0.9995944,1
58,22,1,1,0,92.63058,-134.99947,414.8843,0.012561755,-0.012568878,0.009856463,19.627626,19.49639,2,12,1,0.98196787,1
58,22,1,0,0,92.63058,-134.99947,414.8843,0.012561755,-0.012568878,0.009856463,3.548792,3.5447223,2,-1,0,0.8749702,1
58,13,0,0,0,0.0,0.0,0.0,0.0,0.0,0.0,2.889514,2.7697222,2,-1,0,0.6654676,1
58,10,1,0,0,110.387856,-462.17615,71.76411,0.0016434937,-0.0007029622,-0.0070259636,2.8159165,2.8833334,2,-1,0,0.6248435,1
58,10,1,1,0,110.387856,-462.17615,71.76411,0.0016434937,-0.0007029622,-0.0070259636,5.1672845,3.8,2,13,1,0.95693105,1
58,35,1,1,0,185.62183,-364.95877,427.63565,-0.015870908,0.014089149,-0.0125487475,14.223806,14.186389,2,14,1,0.9845361,1
58,13,0,0,0,0.0,0.0,0.0,0.0,0.0,0.0,14.014875,-1.0,2,-1,0,0.9957605,1
58,13,0,0,0,0.0,0.0,0.0,0.0,0.0,0.0,5.1709723,-1.0,2,-1,0,0.9692914,1
58,39,1,0,0,-120.65545,-337.05112,97.908585,-0.0003073967,0.017568765,0.00088663376,4.130764,4.126389,2,-1,0,0.99391264,1
58,39,1,1,0,-120.65545,-337.05112,97.908585,-0.0003073967,0.017568765,0.00088663376,13.162443,13.648334,2,15,1,0.9925845,1
58,4,1,1,0,-133.76071,44.032967,242.89235,0.008938159,0.015512227,-0.0067871627,22.594744,22.402779,2,16,1,0.99782145,1
58,36,1,1,0,-133.81824,-101.3268,189.04616,-0.016826844,0.0027959333,-0.0071681286,21.338833,21.461945,2,17,1,0.98612356,1
58,40,1,1,0,138.55315,-49.793633,317.73077,-0.009754187,-0.0063320925,0.0003013091,11.034438,11.0419445,2,18,1,0.9861341,1
58,12,1,0,0,168.77014,527.5073,418.3213,-0.0051692734,0.027327258,-0.017518172,5.046486,5.132222,2,-1,0,0.983404,1
58,12,1,0,0,168.77014,527.5073,418.3213,-0.0051692734,0.027327258,-0.017518172,3.0079792,3.0780556,2,-1,0,0.56708634,1
58,12,1,0,0,168.77014,527.5073,418.3213,-0.0051692734,0.027327258,-0.017518172,3.9040973,3.9097223,2,-1,0,0.99396175,1
58,28,1,0,0,159.98083,124.250885,429.74252,0.036331877,-0.0036345823,-0.0077300174,19.834515,11.669167,2,-1,0,0.9953695,1
58,12,1,1,0,168.77014,527.5073,418.3213,-0.0051692734,0.027327258,-0.017518172,24.284374,23.69,2,19,1,0.99210536,1
58,24,1,1,0,-169.8508,-377.02792,182.19016,0.0014115608,0.006530932,-0.0074340254,13.925306,12.076389,2,20,1,0.98710245,1
58,24,1,0,0,-169.8508,-377.02792,182.19016,0.0014115608,0.006530932,-0.0074340254,3.1429584,3.2172222,2,-1,0,0.88780046,1
58,5,1,1,0,-176.59708,-575.33734,423.06342,0.01365494,-0.008035015,0.003145456,17.44759,17.636667,2,21,1,0.99985814,1
58,5,1,0,0,-176.59708,-575.33734,423.06342,0.01365494,-0.008035015,0.003145456,5.4998817,5.390278,2,-1,0,0.99110705,1
58,28,1,0,0,159.98083,124.250885,429.74252,0.036331877,-0.0036345823,-0.0077300174,5.0982156,5.098611,2,-1,0,0.98024166,1
58,35,1,0,0,185.62183,-364.95877,427.63565,-0.015870908,0.014089149,-0.0125487475,7.634722,7.5255556,2,-1,0,0.9701807,1
58,28,1,1,0,159.98083,124.250885,429.74252,0.036331877,-0.0036345823,-0.0077300174,11.711542,11.82,2,22,1,0.98441976,1
58,20,1,1,0,-220.89667,493.75012,447.0179,-0.013513251,-0.016673964,0.010966325,25.269922,25.563055,2,23,1,0.9986098,1
58,27,1,1,0,232.39417,-14.32447,31.521143,-0.013358986,-0.014667977,0.0100361435,23.48061,16.527779,2,24,1,0.9922816,1
58,16,1,1,0,251.02458,261.78418,188.64839,-0.012012209,0.012959635,-0.011203134,12.72277,12.623333,2,25,1,0.781671,1
58,16,1,0,0,251.02458,261.78418,188.64839,-0.012012209,0.012959635,-0.011203134,5.9882984,5.8794446,2,-1,0,0.99172276,1
58,30,1,1,0,-258.29578,382.1278,164.59196,0.01732014,0.0013835563,0.019410795,23.68484,23.856388,2,26,1,0.96915674,1
58,9,1,1,0,-255.28795,-537.26117,154.29881,4.2646294e-05,-0.013194832,0.0033763621,14.759089,11.1872225,2,27,1,0.93172616,1
58,19,1,0,0,260.43405,-271.07388,80.09137,-0.008100555,-0.014929087,0.016848214,3.7338612,3.6819444,2,-1,0,0.9378297,1
58,19,1,1,0,260.43405,-271.07388,80.09137,-0.008100555,-0.014929087,0.016848214,18.786089,18.8775,2,28,1,0.988326,1
58,23,1,0,0,-270.38962,-7.523137,421.53363,0.005480794,0.016278323,-0.0040225885,4.611264,4.668889,2,-1,0,0.96362245,1
58,23,1,1,0,-270.38962,-7.523137,421.53363,0.005480794,0.016278323,-0.0040225885,10.145979,10.116667,2,29,1,0.99892503,1
58,8,1,1,0,-289.1466,13.856223,452.8882,-0.003268196,0.0012146306,0.02177268,13.721139,13.804167,2,30,1,0.97483397,1
58,8,1,0,0,-289.1466,13.856223,452.8882,-0.003268196,0.0012146306,0.02177268,8.120292,8.193055,2,-1,0,0.94768137,1
58,7,1,1,0,303.52457,-240.8388,445.47614,-0.022893412,-0.01696668,-0.017236961,20.319431,20.638056,2,31,1,0.983757,1
58,7,1,0,0,303.52457,-240.8388,445.47614,-0.022893412,-0.01696668,-0.017236961,13.685479,10.822222,2,-1,0,0.99685526,1
58,18,1,1,0,-335.97867,-91.35412,184.52887,-0.021147108,-0.011040731,0.0027315698,16.263563,16.274723,2,32,1,0.99735224,1
58,18,1,0,0,-335.97867,-91.35412,184.52887,-0.021147108,-0.011040731,0.0027315698,5.0514235,5.104722,2,-1,0,0.9839933,1
58,34,1,1,0,-341.7656,-386.60672,36.72028,0.0034564354,0.021253468,0.0012090226,21.464397,21.333889,2,33,1,0.9846311,1
58,32,1,1,0,-344.63766,-269.9987,63.60865,-0.014361527,-0.006680401,0.015633693,17.08841,17.03389,2,34,1,0.9997795,1
58,1,1,1,0,-346.51248,-246.10446,210.09299,-0.026019722,-0.0011361348,0.0009391339,6.6618676,6.673611,2,35,1,0.98829997,1
58,25,1,1,0,-349.4561,-343.52078,454.18744,-0.0075953365,-0.00086657726,0.020625092,22.916206,18.698334,2,36,1,0.99791735,1
58,29,1,1,0,-362.1434,397.77136,245.2928,-0.0045269057,-0.019213565,-0.008102379,8.749202,8.840834,2,37,1,0.97469395,1
59,33,1,1,0,8.965318,594.4137,3.501162,-0.00084177335,-0.027340353,0.007931957,26.997562,18.683056,2,0,1,0.9999728,1
59,4,1,1,0,9.33068,-388.76947,447.31595,0.0115644075,-0.008214308,0.02506458,36.57741,35.023335,2,1,1,0.9870732,1
59,30,0,0,0,0.0,0.0,0.0,0.0,0.0,0.0,4.1879516,-1.0,2,-1,0,0.99555475,1
59,28,1,0,0,-25.57576,523.005,212.85712,0.0016168752,0.011268704,0.0069014956,6.563958,6.516111,2,-1,0,0.9614222,1
59,28,1,1,0,-25.57576,523.005,212.85712,0.0016168752,0.011268704,0.0069014956,9.333409,9.3675,2,2,1,0.9739381,1
59,29,1,1,0,30.777971,-276.01077,330.37146,-0.0037711686,0.014308226,-0.0023157785,15.214556,14.533611,2,3,1,0.9950427,1
59,16,1,1,0,-37.434628,-314.96866,402.89236,-0.009646764,-0.010199748,0.0004018886,18.092812,10.4825,2,4,1,0.99939656,1
59,16,1,0,0,-37.434628,-314.96866,402.89236,-0.009646764,-0.010199748,0.0004018886,3.0949724,3.1141667,2,-1,0,0.76738733,1
59,31,1,1,0,-43.650497,-133.23787,450.2637,-0.0006404061,0.0005071512,-0.019201359,17.96327,18.053333,2,5,1,0.98694605,1
59,30,0,0,0,0.0,0.0,0.0,0.0,0.0,0.0,14.229965,-1.0,2,-1,0,0.9964419,1
59,31,1,0,0,-43.650497,-133.23787,450.2637,-0.0006404061,0.0005071512,-0.019201359,3.8266804,3.7319446,2,-1,0,0.96596056,1
59,20,1,1,0,54.46997,550.96655,339.17856,-0.017614776,0.0040717227,-0.018294493,29.428854,29.568611,2,6,1,0.99998903,1
59,36,1,1,0,66.23561,-253.8429,178.70502,0.00625201,-0.003562513,-0.0063374857,7.4487085,7.46,2,7,1,0.99874264,1
59,36,1,0,0,66.23561,-253.8429,178.70502,0.00625201,-0.003562513,-0.0063374857,3.4301877,3.468611,2,-1,0,0.7946909,1
59,13,1,1,0,-68.96893,123.21773,184.04163,-0.021034027,-0.0113011785,-0.0042228154,20.29875,19.953888,2,8,1,0.726573,1
59,40,1,1,0,81.79637,-473.56372,338.53467,-0.002844108,-0.023104707,0.0026384552,28.80155,28.7225,2,9,1,0.99715084,1
59,25,1,1,0,-93.07484,524.5162,351.29446,0.010404217,0.016002329,-0.0072634146,18.43121,18.51111,2,10,1,0.9954787,1
59,25,1,0,0,-93.07484,524.5162,351.29446,0.010404217,0.016002329,-0.0072634146,4.71275,4.601389,2,-1,0,0.97929776,1
59,37,1,1,0,94.88457,318.83398,281.5929,0.012965287,0.017203972,-0.029077101,26.503172,26.050556,2,11,1,0.99105823,1
59,37,1,0,0,94.88457,318.83398,281.5929,0.012965287,0.017203972,-0.029077101,12.934945,13.016666,2,-1,0,0.9752965,1
59,34,0,0,0,0.0,0.0,0.0,0.0,0.0,0.0,19.547054,-1.0,2,-1,0,0.9799517,1
59,6,1,1,0,113.60978,-413.27097,403.51068,-0.012514332,-0.005676989,-0.0025496995,15.299986,15.090834,2,12,1,0.9964496,1
59,7,1,1,0,-110.16538,-534.17676,116.49309,0.0038560408,-0.022544421,-0.013476857,13.667173,13.8675,2,13,1,0.99898523,1
59,3,1,1,0,130.28453,-288.6712,149.62816,-0.011036526,0.0021660903,-0.0050313687,11.426445,11.518056,2,14,1,0.9686742,1
59,17,1,0,0,-143.42679,-368.4242,101.25088,0.0020995764,-0.006657467,-0.0065349834,3.5199165,3.4991667,2,-1,0,0.7156271,1
59,5,1,0,0,158.74222,251.45105,8.275411,-0.02431431,0.01131955,-0.0008974056,14.497305,14.5975,2,-1,0,0.9981249,1
59,15,1,1,0,-137.0999,364.2089,160.655,-0.0026527506,0.014094643,0.0028757635,12.953035,12.914444,2,15,1,0.9999944,1
59,10,1,1,0,-158.85655,260.9287,434.56198,0.016823098,-0.0023692881,0.007821669,21.333828,21.318056,2,16,1,0.99929225,1
59,5,1,1,0,158.74222,251.45105,8.275411,-0.02431431,0.01131955,-0.0008974056,15.48966,15.300834,2,17,1,0.9863366,1
59,18,0,0,0,0.0,0.0,0.0,0.0,0.0,0.0,28.898203,-1.0,2,-1,0,0.9828293,1
59,17,1,1,0,-166.44705,-388.99158,122.22246,0.0020995764,-0.006657467,-0.0065349834,10.546291,10.53,2,18,1,0.97354466,1
59,17,1,0,0,-166.44705,-388.99158,122.22246,0.0020995764,-0.006657467,-0.0065349834,5.0032086,5.0488887,2,-1,0,0.9891361,1
59,8,1,1,0,174.34395,380.08014,67.86939,-0.0037582763,-0.009439715,-0.017189786,21.50332,21.859167,2,19,1,0.95584667,1
59,8,1,0,0,174.34395,380.08014,67.86939,-0.0037582763,-0.009439715,-0.017189786,4.135083,4.2208333,2,-1,0,0.70343375,1
59,19,1,1,0,185.1442,439.5535,394.30753,-0.025214273,-0.013723272,-0.0002794141,21.865347,22.085833,2,20,1,0.9995363,1
59,19,1,0,0,185.1442,439.5535,394.30753,-0.025214273,-0.013723272,-0.0002794141,6.8263335,6.6380553,2,-1,0,0.976861,1
59,12,1,0,0,-186.23189,561.6683,41.935368,-0.015441879,0.005537506,-0.028958686,11.975069,12.039166,2,-1,0,0.952993,1
59,12,1,1,0,-186.23189,561.6683,41.935368,-0.015441879,0.005537506,-0.028958686,17.959284,18.24611,2,21,1,0.9827979,1
59,38,1,1,0,-201.97836,-191.65034,310.42307,-0.010504608,-0.0030520284,0.0019546396,11.313424,5.463889,2,22,1,0.95020896,1
59,24,1,1,0,-209.51395,-69.99698,270.19147,-0.00071443984,-0.007678151,-0.009246445,9.756299,9.73,2,23,1,0.9973302,1
59,23,1,1,0,223.2949,472.66473,255.17186,-0.014595206,0.004466449,-0.017318454,20.333876,20.04861,2,24,1,0.98895234,1
59,32,1,0,0,231.53938,-131.99036,364.21167,0.009197911,-0.024940524,0.010825398,12.010125,6.508333,2,-1,0,0.9953466,1
59,32,1,1,0,231.53938,-131.99036,364.21167,0.009197911,-0.024940524,0.010825398,21.71139,21.599722,2,25,1,0.9938075,1
59,2,1,1,0,-245.29626,65.19938,89.133415,-0.007139638,-0.01612651,-0.005631666,17.658667,17.290833,2,26,1,0.9924103,1
59,35,1,1,0,-245.19362,245.56519,310.88278,-0.027428446,0.0007268389,-0.008129907,18.652897,16.616945,2,27,1,0.981307,1
59,35,1,0,0,-245.19362,245.56519,310.88278,-0.027428446,0.0007268389,-0.008129907,4.887639,4.8344445,2,-1,0,0.92653155,1
59,21,1,1,0,-257.36798,206.45157,44.344826,0.006201757,0.027915163,-0.0064034755,24.84232,24.804722,2,28,1,0.9988186,1
59,35,1,0,0,-245.19362,245.56519,310.88278,-0.027428446,0.0007268389,-0.008129907,6.207611,6.2530556,2,-1,0,0.98012906,1
59,21,1,0,0,-257.36798,206.45157,44.344826,0.006201757,0.027915163,-0.0064034755,3.0986183,3.166111,2,-1,0,0.9511574,1
59,7,0,0,0,0.0,0.0,0.0,0.0,0.0,0.0,3.3284028,3.2372222,2,-1,0,0.9011517,1
59,35,1,0,0,-245.19362,245.56519,310.88278,-0.027428446,0.0007268389,-0.008129907,2.6654167,2.6933334,2,-1,0,0.53361547,1
59,9,1,1,0,-285.6579,417.1645,44.027767,0.036547195,0.021635236,0.008350935,23.880035,26.931389,2,29,1,0.99941134,1
59,9,1,0,0,-285.6579,417.1645,44.027767,0.036547195,0.021635236,0.008350935,17.153576,17.954166,2,-1,0,0.99998355,1
59,39,1,1,0,-285.35202,-492.36258,339.9352,-0.0013830496,0.004781652,-0.0017196962,4.579,4.6105556,2,30,1,0.9787396,1
59,26,1,0,0,-312.88617,-454.329,351.46185,-0.009002674,0.00782195,0.004664437,4.204396,4.2102776,2,-1,0,0.98286104,1
59,26,1,1,0,-312.88617,-454.329,351.46185,-0.009002674,0.00782195,0.004664437,11.3555765,11.385,2,31,1,0.9560684,1
59,22,1,1,0,-318.45285,-373.05618,351.2762,-0.003949181,-0.00519166,0.0024219537,7.898187,5.884722,2,32,1,0.9330208,1
59,1,1,1,0,319.2877,30.310442,287.97403,0.010546927,0.0047259764,0.0007191602,11.363168,6.0477777,2,33,1,0.9763218,1
59,14,1,0,0,328.1629,95.4918,107.14229,-0.005161398,-0.0017536749,0.004410114,2.7123196,2.5666666,2,-1,0,0.5463502,1
59,14,1,1,0,328.1629,95.4918,107.14229,-0.005161398,-0.0017536749,0.004410114,4.01843,4.070833,2,34,1,0.9914893,1
59,11,1,1,0,-335.16156,515.2732,318.11456,-0.019169128,-0.0016237878,-0.02561224,25.726221,25.7625,2,-1,1,0.9952879,1
59,11,1,0,0,-335.16156,515.2732,318.11456,-0.019169128,-0.0016237878,-0.02561224,3.2465625,3.2386112,2,-1,0,0.9247226,1
59,27,1,1,0,343.17825,-314.7539,255.71793,0.011338474,-0.04229609,-0.0015490991,27.802263,14.066667,2,35,1,0.9810291,1
59,27,1,0,0,343.17825,-314.7539,255.71793,0.011338474,-0.04229609,-0.0015490991,3.0429308,2.9855556,2,-1,0,0.6772041,1
59,27,0,0,0,0.0,0.0,0.0,0.0,0.0,0.0,10.090208,-1.0,2,-1,0,0.9929161,1
59,27,1,0,0,343.17825,-314.7539,255.71793,0.011338474,-0.04229609,-0.0015490991,4.5478053,4.439722,2,-1,0,0.9758782,1
59,26,0,0,0,0.0,0.0,0.0,0.0,0.0,0.0,7.098409,-1.0,2,-1,0,0.9821438,1
60,12,1,1,0,-10.1173935,350.92535,222.32938,0.023404725,-0.011458259,-0.018575756,17.796701,17.147778,2,0,1,0.9847515,1
60,18,1,1,0,5.766255,-491.4851,21.883184,0.040452473,0.002164724,-0.006301715,22.929466,22.661667,2,1,1,0.9999908,1
60,7,1,1,0,-6.997322,379.70502,20.298882,-0.0035466445,-0.010462559,-0.001492212,13.64714,13.391389,2,2,1,0.9982657,1
60,7,1,0,0,-6.997322,379.70502,20.298882,-0.0035466445,-0.010462559,-0.001492212,4.428472,4.4230556,2,-1,0,0.9116894,1
60,18,1,0,0,5.766255,-491.4851,21.883184,0.040452473,0.002164724,-0.006301715,4.9499655,4.826667,2,-1,0,0.97004974,1
60,9,1,0,0,-41.363766,370.20517,362.94275,-0.009984936,-0.03204994,0.02019918,11.661868,11.694722,2,-1,0,0.99446976,1
60,18,1,0,0,5.766255,-491.4851,21.883184,0.040452473,0.002164724,-0.006301715,11.277459,11.119445,2,-1,0,0.9814291,1
60,37,1,1,0,34.341583,200.19496,287.7533,0.0019491727,-0.009559908,-0.009997286,16.701784,14.831667,2,3,1,0.99124146,1
60,9,1,0,0,-41.363766,370.20517,362.94275,-0.009984936,-0.03204994,0.02019918,7.1875625,7.2033334,2,-1,0,0.98964906,1
60,16,1,0,0,-51.21292,-339.24213,155.68062,-0.011930612,-0.016400384,0.010613965,7.053347,7.3269444,2,-1,0,0.9290536,1
60,9,1,1,0,-41.363766,370.20517,362.94275,-0.009984936,-0.03204994,0.02019918,16.167486,16.051111,2,4,1,0.98334485,1
60,3,1,1,0,-41.79828,-587.12885,458.1446,0.0024696926,-0.0052154744,0.0038295775,8.126909,7.9983335,2,5,1,0.98040664,1
60,9,1,0,0,-41.363766,370.20517,362.94275,-0.009984936,-0.03204994,0.02019918,5.8146462,5.805278,2,-1,0,0.9968786,1
60,31,1,0,0,61.480923,-580.7235,410.5985,-0.007313367,-0.0056476067,-0.02084491,10.64141,10.565278,2,-1,0,0.99192613,1
60,9,1,0,0,-41.363766,370.20517,362.94275,-0.009984936,-0.03204994,0.02019918,3.1436944,3.236389,2,-1,0,0.6636637,1
60,38,1,1,0,-48.551968,-356.4644,320.5258,-0.0029350503,-0.013218814,0.011926369,10.670583,10.576667,2,6,1,0.9809692,1
60,38,1,0,0,-48.551968,-356.4644,320.5258,-0.0029350503,-0.013218814,0.011926369,11.460202,6.1891665,2,-1,0,0.99852103,1
60,16,1,1,0,-51.21292,-339.24213,155.68062,-0.011930612,-0.016400384,0.010613965,20.225126,20.09639,2,7,1,0.9597281,1
60,24,0,0,0,0.0,0.0,0.0,0.0,0.0,0.0,13.524965,-1.0,2,-1,0,0.9963827,1
60,31,1,1,0,61.480923,-580.7235,410.5985,-0.007313367,-0.0056476067,-0.02084491,11.020638,10.8375,2,8,1,0.9990208,1
60,31,0,0,0,0.0,0.0,0.0,0.0,0.0,0.0,2.608604,2.585,2,-1,0,0.5086438,1
60,26,1,1,0,66.18879,460.24487,83.6525,-0.0010103879,0.0005495879,0.011578709,16.37618,16.200556,2,9,1,0.9917687,1
60,16,1,0,0,-51.21292,-339.24213,155.68062,-0.011930612,-0.016400384,0.010613965,4.2035003,4.2255554,2,-1,0,0.9778506,1
60,1,1,1,0,67.33341,186.34142,379.83322,0.009354516,0.0019122254,0.009639793,16.690855,13.342222,2,10,1,0.9891053,1
60,17,1,1,0,73.550964,-141.6381,106.58248,0.0099901855,0.0075226347,-0.00956624,19.636423,13.38,2,11,1,0.9938882,1
60,40,1,1,0,-86.95017,398.57956,200.67845,-0.0031435755,0.022460358,-0.025474371,34.82232,34.558887,2,12,1,0.9892085,1
60,40,1,0,0,-86.95017,398.57956,200.67845,-0.0031435755,0.022460358,-0.025474371,4.42125,4.5066667,2,-1,0,0.9093889,1
60,36,0,0,0,0.0,0.0,0.0,0.0,0.0,0.0,5.348368,-1.0,2,-1,0,0.98468786,1
60,36,0,0,0,0.0,0.0,0.0,0.0,0.0,0.0,5.895194,-1.0,2,-1,0,0.9853719,1
60,28,1,1,0,-118.45923,479.43375,18.342861,0.008003085,0.01573444,-0.006107406,21.994978,21.780277,2,13,1,0.9063411,1
60,4,1,1,0,137.92828,317.68826,161.3412,0.0051645543,-0.008919991,0.00173162,11.441931,10.426945,2,15,1,0.99668187,1
60,4,1,0,0,137.92828,317.68826,161.3412,0.0051645543,-0.008919991,0.00173162,5.709139,5.755,2,-1,0,0.9959681,1
60,35,1,1,0,-142.3884,-180.45457,266.37033,-0.014604809,-0.011046042,0.015493775,16.944252,16.939167,2,16,1,0.99820864,1
60,35,1,0,0,-142.3884,-180.45457,266.37033,-0.014604809,-0.011046042,0.015493775,6.6720834,6.5311112,2,-1,0,0.9827916,1
60,35,1,0,0,-142.3884,-180.45457,266.37033,-0.014604809,-0.011046042,0.015493775,7.5981803,7.598889,2,-1,0,0.9860001,1
60,8,1,1,0,-180.03928,-456.69598,284.57553,0.0011623624,0.016980395,0.0154171325,19.268244,19.151112,2,17,1,0.98220235,1
60,21,1,1,0,193.411,-568.1181,145.79439,0.005928376,-0.009612248,-0.0049854605,9.998507,3.4861112,2,18,1,0.9504459,1
60,15,1,1,0,229.24443,-371.155,89.31157,-0.014179865,0.010987484,-0.00024861016,16.788103,16.921112,2,19,1,0.9958919,1
60,30,1,0,0,235.54796,-542.44324,128.98119,-0.0059251837,0.0069677057,0.012507259,3.1404514,3.1752777,2,-1,0,0.9322561,1
60,5,1,0,0,-283.18985,263.33112,103.13472,0.04328658,-0.019282639,0.0185245,6.729882,6.7272224,2,-1,0,0.97812337,1
60,30,1,1,0,235.54796,-542.44324,128.98119,-0.0059251837,0.0069677057,0.012507259,10.298487,10.258889,2,20,1,0.9973442,1
60,27,0,0,0,0.0,0.0,0.0,0.0,0.0,0.0,10.327744,-1.0,2,-1,0,0.9738037,1
60,25,1,1,0,241.5078,-484.929,367.64963,-0.006989908,-0.0027470056,0.0026015393,10.489132,7.9772224,2,21,1,0.96410465,1
60,2,1,1,0,-242.87596,485.97775,253.32982,-0.012065745,-0.022549137,0.0034820796,14.658523,13.020833,2,22,1,0.94062454,1
60,2,1,0,0,-242.87596,485.97775,253.32982,-0.012065745,-0.022549137,0.0034820796,10.330535,7.326667,2,-1,0,0.9886806,1
60,27,0,0,0,0.0,0.0,0.0,0.0,0.0,0.0,18.249277,-1.0,2,-1,0,0.99950325,1
60,2,1,0,0,-242.87596,485.97775,253.32982,-0.012065745,-0.022549137,0.0034820796,3.2810416,3.2658334,2,-1,0,0.92794645,1
60,23,1,0,0,259.6417,205.29033,406.3425,-0.016950816,-0.0061144307,0.014022496,9.372729,9.427778,2,-1,0,0.99861944,1
60,22,1,1,0,-260.3715,-286.94742,151.58385,0.0007174205,0.0048948363,-0.0032435842,6.0752573,5.6225,2,23,1,0.93661064,1
60,5,1,1,0,-283.18985,263.33112,103.13472,0.04328658,-0.019282639,0.0185245,26.02831,45.085278,2,24,1,0.9783068,1
60,22,1,0,0,-260.3715,-286.94742,151.58385,0.0007174205,0.0048948363,-0.0032435842,3.8199859,3.8305554,2,-1,0,0.9434708,1
60,23,1,1,0,259.6417,205.29033,406.3425,-0.016950816,-0.0061144307,0.014022496,11.705124,11.779166,2,25,1,0.95634776,1
60,29,1,1,0,-280.26175,340.6064,364.39807,0.02597505,-0.013838224,0.02120863,17.471916,17.608889,2,26,1,0.9828112,1
60,29,1,0,0,-280.26175,340.6064,364.39807,0.02597505,-0.013838224,0.02120863,16.287611,16.374722,2,-1,0,0.9592443,1
60,33,1,1,0,277.5745,134.80103,161.19095,0.016139776,0.014937509,-0.0023368034,21.371418,21.628056,2,27,1,0.9983365,1
60,20,1,1,0,-288.97375,-302.2079,366.34073,0.019617543,-0.016069274,0.0057893875,26.047209,25.925833,2,28,1,0.9965197,1
60,34,1,0,0,303.14465,351.31372,236.64755,0.002115359,0.019524677,0.04633849,8.682021,4.9955554,2,-1,0,0.9901693,1
60,34,1,1,0,303.14465,351.31372,236.64755,0.002115359,0.019524677,0.04633849,21.804445,21.698055,2,29,1,0.98364,1
60,34,1,0,0,303.14465,351.31372,236.64755,0.002115359,0.019524677,0.04633849,12.277235,12.381389,2,-1,0,0.9959857,1
60,11,1,1,0,310.31924,-384.1541,390.8741,0.015440165,-0.0053803977,-0.008695285,9.254167,9.2902775,2,30,1,0.9745778,1
60,34,1,0,0,303.14465,351.31372,236.64755,0.002115359,0.019524677,0.04633849,8.163847,8.229722,2,-1,0,0.9894727,1
60,13,1,1,0,330.46497,507.37112,344.75476,-0.016846223,0.008818188,-0.016457366,11.79468,11.7775,2,31,1,0.99373996,1
60,19,1,1,0,-322.42737,-288.82904,62.302086,0.008672065,0.010806928,-0.005756284,11.510673,7.588889,2,32,1,0.9982253,1
60,19,1,0,0,-322.42737,-288.82904,62.302086,0.008672065,0.010806928,-0.005756284,3.8221252,3.6669445,2,-1,0,0.9703545,1
60,32,1,1,0,330.69272,258.41995,267.50403,-0.010473446,-0.009071486,-0.013102787,16.84632,16.923334,2,33,1,0.9909547,1
60,13,1,0,0,330.46497,507.37112,344.75476,-0.016846223,0.008818188,-0.016457366,7.9547153,7.8436112,2,-1,0,0.9863934,1
60,11,1,0,0,310.31924,-384.1541,390.8741,0.015440165,-0.0053803977,-0.008695285,6.888639,6.8941665,2,-1,0,0.9738603,1
60,10,1,1,0,352.59738,-418.17078,57.129086,-0.0009072413,-0.011264225,0.0013564699,9.859751,9.806945,2,34,1,0.98219794,1
60,39,1,0,0,357.9715,-475.98514,331.93747,0.014643968,-0.009680929,-0.006989559,3.8902497,3.835,2,-1,0,0.96019334,1
60,14,1,1,0,-354.92038,-195.43259,308.18555,-0.0044858065,0.009376756,-0.023257054,23.94089,23.592222,2,35,1,0.9956637,1
60,20,0,0,0,0.0,0.0,0.0,0.0,0.0,0.0,2.3311458,2.3780556,2,-1,0,0.5350381,1
60,39,1,1,0,357.9715,-475.98514,331.93747,0.014643968,-0.009680929,-0.006989559,4.878174,4.8897223,2,36,1,0.96102494,1
60,35,1,0,0,-379.93597,-471.736,413.17746,-0.014604809,-0.011046042,0.015493775,3.6895628,3.7477777,2,-1,0,0.9885167,1
60,2,0,0,0,0.0,0.0,0.0,0.0,0.0,0.0,2.4608958,2.4244444,2,-1,0,0.5716225,1
61,7,1,1,0,-7.164309,30.882938,219.58797,0.012518979,0.0061988817,-0.0033875515,6.5057435,6.651111,2,0,1,0.985128,1
61,38,1,1,0,5.8468547,326.9174,293.9174,0.016749123,-0.006955323,-0.002997872,15.1768465,15.186111,2,1,1,0.9997663,1
61,13,0,0,0,0.0,0.0,0.0,0.0,0.0,0.0,2.9829025,2.8763888,2,-1,0,0.74894226,1
61,38,1,0,0,5.8468547,326.9174,293.9174,0.016749123,-0.006955323,-0.002997872,3.0367846,2.978611,2,-1,0,0.89743924,1
61,27,1,1,0,54.601513,242.2783,28.236141,-0.007434354,-0.003756026,-0.002179275,9.790375,9.8347225,2,2,1,0.97647756,1
61,24,1,1,0,72.27568,-368.0757,26.236958,-0.003648996,-0.010050688,0.0012545434,13.155855,13.058611,2,3,1,0.99567324,1
61,1,1,0,0,93.332214,-409.2267,307.0175,-0.014656496,-0.016046524,-0.0038414726,4.4354167,4.5519443,2,-1,0,0.97352153,1
61,29,1,0,0,88.67128,440.85822,139.17775,-0.026417475,-0.012944697,0.021635339,4.7902493,4.7991667,2,-1,0,0.94363964,1
61,29,1,1,0,88.67128,440.85822,139.17775,-0.026417475,-0.012944697,0.021635339,34.33698,34.46361,2,4,1,0.9998097,1
61,25,1,0,0,90.595474,359.3831,228.53108,0.00012336746,-0.009470312,0.0057892394,4.835687,4.936389,2,-1,0,0.9678131,1
61,1,1,1,0,93.332214,-409.2267,307.0175,-0.014656496,-0.016046524,-0.0038414726,17.957785,17.891111,2,5,1,0.978522,1
61,9,1,1,0,91.80023,519.01715,149.72935,-0.0024877866,-0.0015894773,-0.010236152,13.532986,11.603056,2,6,1,0.96753746,1
61,25,1,1,0,90.595474,359.3831,228.53108,0.00012336746,-0.009470312,0.0057892394,8.247903,8.217222,2,7,1,0.9986534,1
61,1,1,0,0,93.332214,-409.2267,307.0175,-0.014656496,-0.016046524,-0.0038414726,3.2911737,3.2708333,2,-1,0,0.8359843,1
61,4,1,1,0,-102.99103,-383.71133,64.522865,-0.01803487,0.010162109,0.0046410565,23.55973,10.580277,2,8,1,0.9968257,1
61,8,1,1,0,-107.792145,359.0597,385.35532,0.004070296,0.00012952284,-0.030637193,16.112993,16.18,2,9,1,0.9800577,1
61,8,1,0,0,-107.792145,359.0597,385.35532,0.004070296,0.00012952284,-0.030637193,16.999937,15.993611,2,-1,0,0.9828925,1
61,11,1,1,0,-112.18521,449.7345,432.06747,0.007462564,-0.0037658864,-0.017568555,23.048958,23.186111,2,10,1,0.9994289,1
61,39,0,0,0,0.0,0.0,0.0,0.0,0.0,0.0,2.705,2.7930555,2,-1,0,0.5182161,1
61,31,1,1,0,-121.31106,408.3876,21.357323,-0.027266977,0.0039796126,0.00014559027,21.495832,21.679445,2,11,1,0.99986863,1
61,31,1,0,0,-121.31106,408.3876,21.357323,-0.027266977,0.0039796126,0.00014559027,9.564785,9.511389,2,-1,0,0.995802,1
61,32,1,0,0,133.97882,347.52155,83.344894,0.0025298717,0.038074467,-0.0013418725,12.4661255,12.405556,2,-1,0,0.99842393,1
61,32,1,1,0,133.97882,347.52155,83.344894,0.0025298717,0.038074467,-0.0013418725,12.551417,12.514444,2,12,1,0.95905834,1
61,5,1,1,0,-136.11237,443.00195,79.76738,6.9067995e-05,-0.0044367425,-0.0029670936,5.601173,5.8094444,2,13,1,0.984412,1
61,36,1,1,0,-145.53212,-89.3729,38.96812,-0.0053922897,0.0076094344,0.0019492722,3.4452848,3.4608333,2,14,1,0.9480334,1
61,32,1,0,0,133.97882,347.52155,83.344894,0.0025298717,0.038074467,-0.0013418725,10.661014,11.151111,2,-1,0,0.9968098,1
61,19,1,1,0,142.62268,-92.11921,350.93585,-0.00015193236,0.006590319,-0.008416346,8.569917,7.346389,2,15,1,0.9825219,1
61,2,1,1,0,-143.53813,-301.48306,88.004074,-0.01837526,0.0021734657,0.015602171,20.695599,20.380833,2,16,1,0.99148613,1
61,36,1,0,0,-145.53212,-89.3729,38.96812,-0.0053922897,0.0076094344,0.0019492722,8.241387,2.9147222,2,-1,0,0.99954706,1
61,35,1,1,0,149.51454,388.44733,162.79047,0.0056063137,-0.014218292,0.012471944,19.85338,19.869444,2,17,1,0.9988759,1
61,10,1,1,0,-163.19305,450.10672,385.42667,0.020998204,0.0013953284,-0.019567834,31.722006,27.670555,2,18,1,0.99630713,1
61,12,1,1,0,177.78662,-60.886616,290.86383,-0.009220102,0.003730448,-0.00063150324,10.692576,10.669723,2,19,1,0.99985254,1
61,23,1,1,0,187.58794,-444.0523,425.75812,-0.0064625926,-0.008881756,6.785912e-05,10.24739,10.322222,2,20,1,0.9858127,1
61,30,1,1,0,-197.11586,-119.343575,315.44876,-0.016898459,0.021006048,-0.021629674,34.52402,34.163055,2,21,1,0.9994236,1
61,18,1,1,0,218.48192,420.3528,462.1325,-0.019762151,-0.0059222816,0.0069201477,21.653875,21.884722,2,22,1,0.98255664,1
61,20,1,1,0,214.04875,-49.432533,298.26974,-0.0026632173,-0.0073849955,0.0044420394,11.23,10.645,2,23,1,0.99330527,1
61,17,0,0,0,0.0,0.0,0.0,0.0,0.0,0.0,2.7123334,2.6788888,2,-1,0,0.7043225,1
61,39,1,0,0,-243.11307,-414.57492,95.698456,0.0048867436,-0.014700097,-0.0101335235,3.098868,3.1211112,2,-1,0,0.85104084,1
61,15,1,0,0,-259.35065,-98.60829,89.1337,0.030091308,0.009665993,0.022214817,2.815243,2.856111,2,-1,0,0.5624206,1
61,13,1,1,0,-237.27026,76.6793,384.86853,-0.019312045,-0.0023475199,0.013239986,23.503403,23.53389,2,24,1,0.99070907,1
61,22,1,1,0,-242.13693,-442.01578,132.92046,-0.01800041,0.00029668273,0.012515338,11.95441,9.0419445,2,25,1,0.9568746,1
61,22,1,0,0,-242.13693,-442.01578,132.92046,-0.01800041,0.00029668273,0.012515338,4.973409,5.0080557,2,-1,0,0.99757534,1
61,39,1,1,0,-253.3999,-404.5916,112.649475,0.0048867436,-0.014700097,-0.0101335235,15.693397,15.798056,2,26,1,0.9951504,1
61,39,1,0,0,-253.3999,-404.5916,112.649475,0.0048867436,-0.014700097,-0.0101335235,3.1962776,3.3191667,2,-1,0,0.9516044,1
61,14,1,1,0,-251.39165,154.86752,339.0735,-0.015307775,0.019615943,0.0022931872,22.685867,23.010279,2,27,1,0.99657565,1
61,26,1,1,0,-252.22046,591.3733,168.59427,-0.0032398466,0.0031115978,-0.00321206,4.9876947,4.9758334,2,-1,1,0.77728283,1
61,28,1,1,0,-253.21611,-365.0565,284.73557,0.0049477248,0.000779264,0.010244294,12.07584,9.281944,2,28,1,0.9960573,1
61,15,1,1,0,-259.35065,-98.60829,89.1337,0.030091308,0.009665993,0.022214817,16.388084,16.463055,2,29,1,0.989962,1
61,15,1,0,0,-259.35065,-98.60829,89.1337,0.030091308,0.009665993,0.022214817,15.493916,15.6775,2,-1,0,0.9997962,1
61,3,1,0,0,-271.2681,-422.285,56.029915,0.035976168,0.020267084,-0.011803185,9.8197565,9.768611,2,-1,0,0.9968515,1
61,34,1,1,0,-256.94073,374.9028,76.23733,0.0039138375,-0.0034267018,-0.008615202,9.79475,9.931945,2,30,1,0.99601495,1
61,3,1,1,0,-271.2681,-422.285,56.029915,0.035976168,0.020267084,-0.011803185,28.439245,28.554722,2,31,1,0.9979426,1
61,6,1,1,0,-262.6355,149.75531,69.33503,0.00028634298,0.0071034143,-0.004325432,8.52757,8.463333,2,32,1,0.9821829,1
61,22,1,0,0,-242.13693,-442.01578,132.92046,-0.01800041,0.00029668273,0.012515338,2.831375,2.8127778,2,-1,0,0.54381174,1
61,3,1,0,0,-271.2681,-422.285,56.029915,0.035976168,0.020267084,-0.011803185,4.626271,4.689722,2,-1,0,0.921982,1
61,33,1,0,0,280.34875,316.5711,418.2339,-0.016660219,0.008133025,-0.024039088,9.576667,9.557222,2,-1,0,0.9479454,1
61,17,1,1,0,-277.44977,113.3313,299.74408,-0.00079312414,-0.011690808,0.005974442,12.984918,9.720278,2,33,1,0.95725995,1
61,33,1,1,0,280.34875,316.5711,418.2339,-0.016660219,0.008133025,-0.024039088,18.3508,18.376667,2,34,1,0.9909108,1
61,16,1,1,0,-295.33405,542.621,409.4449,0.021183297,-0.011209148,0.005113958,24.9443,25.070833,2,35,1,0.9920717,1
61,40,1,0,0,-311.74243,271.71564,118.90412,-0.009988048,0.027993973,0.00951892,4.717389,4.759444,2,-1,0,0.9333108,1
61,40,1,1,0,-311.74243,271.71564,118.90412,-0.009988048,0.027993973,0.00951892,12.832376,12.969722,2,36,1,0.999587,1
61,40,1,0,0,-311.74243,271.71564,118.90412,-0.009988048,0.027993973,0.00951892,6.926722,7.0175,2,-1,0,0.9858832,1
61,16,1,0,0,-295.33405,542.621,409.4449,0.021183297,-0.011209148,0.005113958,3.7619169,3.758889,2,-1,0,0.9256717,1
61,40,1,0,0,-311.74243,271.71564,118.90412,-0.009988048,0.027993973,0.00951892,7.2079096,7.0669446,2,-1,0,0.97480404,1
62,30,1,1,0,2.7445207,385.3869,131.92928,0.0013047438,0.0056640436,0.021258488,4.8469033,4.838611,2,0,1,0.9736354,1
62,4,1,1,0,-6.9564366,-6.170027,435.5782,-0.018081825,-0.012756308,0.019180125,32.59425,32.858055,2,1,1,0.99471974,1
62,26,1,0,0,27.298769,-557.6223,138.79916,0.0006905106,-0.0042008297,0.003471312,3.3221874,3.25,2,-1,0,0.75924647,1
62,34,0,0,0,0.0,0.0,0.0,0.0,0.0,0.0,4.3552217,-1.0,2,-1,0,0.98591936,1
62,34,0,0,0,0.0,0.0,0.0,0.0,0.0,0.0,6.9821944,-1.0,2,-1,0,0.9799687,1
62,34,0,0,0,0.0,0.0,0.0,0.0,0.0,0.0,5.3679166,-1.0,2,-1,0,0.9661424,1
62,34,0,0,0,0.0,0.0,0.0,0.0,0.0,0.0,16.38448,-1.0,2,-1,0,0.9996991,1
62,28,1,1,0,-20.353846,166.20291,151.56236,0.00011606136,-0.0016252192,-0.0043280846,4.4347153,4.5091667,2,2,1,0.9824755,1
62,39,1,0,0,-40.27285,-548.5599,97.738045,0.02185798,0.0005082289,0.0074824644,8.690494,8.659166,2,-1,0,0.9735909,1
62,10,1,1,0,-23.95524,-445.42017,85.91843,-0.004726272,0.012333982,0.028367935,28.897173,29.042778,2,3,1,0.99999833,1
62,11,1,1,0,-26.938383,-84.32566,143.12096,0.0018682007,0.006311035,-0.00610595,10.709347,10.525556,2,4,1,0.9158326,1
62,26,1,1,0,27.298769,-557.6223,138.79916,0.0006905106,-0.0042008297,0.003471312,6.3052225,6.483611,2,5,1,0.99837744,1
62,33,1,1,0,-31.291197,498.77676,114.19062,-0.002537488,0.027060747,0.009678463,26.948797,27.3075,2,6,1,0.9992719,1
62,39,1,1,0,-40.27285,-548.5599,97.738045,0.02185798,0.0005082289,0.0074824644,15.027055,14.899167,2,7,1,0.99682957,1
62,10,1,0,0,-23.95524,-445.42017,85.91843,-0.004726272,0.012333982,0.028367935,3.1509516,3.1975,2,-1,0,0.931126,1
62,35,0,0,0,0.0,0.0,0.0,0.0,0.0,0.0,3.528153,3.5013888,2,-1,0,0.58182305,1
62,10,1,0,0,-23.95524,-445.42017,85.91843,-0.004726272,0.012333982,0.028367935,3.3585277,3.4577777,2,-1,0,0.85450655,1
62,27,1,1,0,-50.374985,438.23074,154.38701,-0.0069695436,0.031565763,-0.022287734,26.637896,25.645834,2,8,1,0.99654394,1
62,27,1,0,0,-50.374985,438.23074,154.38701,-0.0069695436,0.031565763,-0.022287734,10.720875,10.7711115,2,-1,0,0.9674559,1
62,3,1,1,0,56.844074,407.21332,1.0103593,-0.0069940775,-0.004646445,0.00430301,10.021986,9.920834,2,9,1,0.9980502,1
62,27,1,0,0,-50.374985,438.23074,154.38701,-0.0069695436,0.031565763,-0.022287734,5.3591385,5.600278,2,-1,0,0.9843741,1
62,24,1,1,0,67.0322,-278.14893,73.48932,0.007359715,0.011983227,0.036279455,40.520214,37.894722,2,10,1,0.9951454,1
62,24,1,0,0,67.0322,-278.14893,73.48932,0.007359715,0.011983227,0.036279455,2.9818888,3.0416667,2,-1,0,0.71982926,1
62,31,1,0,0,-113.35633,79.62243,78.78441,0.01231291,0.008536928,0.00068372034,3.2970557,3.3108332,2,-1,0,0.82643104,1
62,31,1,1,0,-113.35633,79.62243,78.78441,0.01231291,0.008536928,0.00068372034,16.034353,16.027222,2,11,1,0.9333116,1
62,1,1,1,0,-119.83804,-421.9729,106.20554,0.00092776516,-0.007708516,0.0013911831,9.801736,9.425,2,12,1,0.9988009,1
62,25,1,0,0,-130.05812,65.02493,148.09137,0.017132467,-0.015540641,-0.022497574,13.337481,13.726666,2,-1,0,0.99619764,1
62,25,1,1,0,-130.05812,65.02493,148.09137,0.017132467,-0.015540641,-0.022497574,17.613388,17.692778,2,13,1,0.9834036,1
62,6,1,0,0,-142.08165,116.49843,126.869026,0.003680092,-0.0041130707,0.006589892,5.7712083,5.7430553,2,-1,0,0.9972754,1
62,6,1,1,0,-142.08165,116.49843,126.869026,0.003680092,-0.0041130707,0.006589892,9.200666,9.459444,2,14,1,0.96207553,1
62,2,1,0,0,145.2547,261.77945,18.943464,0.029630676,-0.013581741,-0.019360803,12.87125,11.189167,2,-1,0,0.99987495,1
62,2,1,1,0,145.2547,261.77945,18.943464,0.029630676,-0.013581741,-0.019360803,28.887383,16.055,2,15,1,0.9913867,1
62,37,1,0,0,-16.021675,-358.32614,513.7681,0.0071196444,-0.015851226,0.0016477926,9.109583,8.925555,2,-1,0,0.999907,1
62,38,1,0,0,-147.24739,-570.4378,47.94363,-0.036894213,0.0012398863,0.00014372802,15.334215,0.11805555,2,-1,0,0.9998698,1
62,38,1,1,0,-147.24739,-570.4378,47.94363,-0.036894213,0.0012398863,0.00014372802,21.620354,21.723612,2,16,1,0.97790706,1
62,23,1,1,0,-155.48676,-473.9654,187.78595,0.0003025331,0.009829029,-0.012456649,16.794106,16.74639,2,17,1,0.9840195,1
62,16,1,1,0,158.05031,-489.34302,459.30457,-0.0021866083,-0.010255925,-0.00038057222,12.773674,10.223889,2,18,1,0.99736905,1
62,7,1,0,0,-175.85081,-407.11447,101.42839,-0.00037708002,-0.012667639,-0.032471623,6.509861,6.3686113,2,-1,0,0.9692375,1
62,7,1,0,0,-175.85081,-407.11447,101.42839,-0.00037708002,-0.012667639,-0.032471623,3.4494097,3.3630555,2,-1,0,0.9118819,1
62,7,1,1,0,-175.85081,-407.11447,101.42839,-0.00037708002,-0.012667639,-0.032471623,16.378744,16.512222,2,19,1,0.99854785,1
62,7,1,0,0,-175.85081,-407.11447,101.42839,-0.00037708002,-0.012667639,-0.032471623,6.501271,6.543611,2,-1,0,0.98483175,1
62,7,1,0,0,-175.85081,-407.11447,101.42839,-0.00037708002,-0.012667639,-0.032471623,2.7277637,2.7572222,2,-1,0,0.5190654,1
62,21,1,1,0,201.20987,192.30916,430.40536,0.010500626,-0.020794556,-0.014953662,24.352682,24.376667,2,20,1,0.9973768,1
62,22,1,1,0,201.25476,-7.016234,229.4914,-0.004688641,-0.0037672457,0.029118096,13.069153,13.159166,2,-1,1,0.9706731,1
62,22,1,0,0,201.25476,-7.016234,229.4914,-0.004688641,-0.0037672457,0.029118096,4.7589097,4.6844444,2,-1,0,0.98716635,1
62,14,0,0,0,0.0,0.0,0.0,0.0,0.0,0.0,3.6755555,-1.0,2,-1,0,0.88954145,1
62,21,1,0,0,201.20987,192.30916,430.40536,0.010500626,-0.020794556,-0.014953662,5.1524863,5.1744447,2,-1,0,0.8961913,1
62,15,1,1,0,211.37051,-379.2684,128.88367,-0.008261203,0.004806515,-0.002024737,10.216957,10.131111,2,21,1,0.9588704,1
62,9,1,1,0,-227.70073,232.15172,182.78873,-0.0013853877,0.011006544,0.0031678448,13.745013,12.541667,2,22,1,0.99719006,1
62,14,0,0,0,0.0,0.0,0.0,0.0,0.0,0.0,6.839736,-1.0,2,-1,0,0.9895002,1
62,20,1,0,0,273.72394,-107.90511,332.41208,-0.03774741,-0.021117238,0.00039565642,8.582041,8.695556,2,-1,0,0.97905934,1
62,37,1,0,0,-259.8033,465.5906,430.9342,0.0071196444,-0.015851226,0.0016477926,3.8081179,3.8608334,2,-1,0,0.9549976,1
62,13,1,1,0,-242.94455,175.2791,373.52362,-0.0080861505,0.00607215,-0.017845739,13.735886,13.575833,2,23,1,0.9235205,1
62,13,1,0,0,-242.94455,175.2791,373.52362,-0.0080861505,0.00607215,-0.017845739,4.2405834,4.2186112,2,-1,0,0.9494677,1
62,29,1,1,0,254.58685,-507.6616,349.67215,0.00071891455,0.00044907618,-0.0345439,28.65457,25.143612,2,24,1,0.9829595,1
62,29,1,0,0,254.58685,-507.6616,349.67215,0.00071891455,0.00044907618,-0.0345439,6.4287777,6.542222,2,-1,0,0.9887794,1
62,37,1,1,0,-259.8033,465.5906,430.9342,0.0071196444,-0.015851226,0.0016477926,10.754222,10.663889,2,25,1,0.9755618,1
62,20,1,1,0,273.72394,-107.90511,332.41208,-0.03774741,-0.021117238,0.00039565642,34.61425,35.139168,2,26,1,0.9356992,1
62,36,1,0,0,-282.8027,-527.3168,336.38138,0.004640613,0.0017519441,0.015242779,2.9149306,2.973611,2,-1,0,0.81749845,1
62,36,1,1,0,-282.8027,-527.3168,336.38138,0.004640613,0.0017519441,0.015242779,10.415354,9.905833,2,27,1,0.98676074,1
62,36,1,0,0,-282.8027,-527.3168,336.38138,0.004640613,0.0017519441,0.015242779,4.1616116,4.1941667,2,-1,0,0.9945463,1
62,35,1,1,0,-286.4555,493.50333,220.81166,-0.0091508925,0.011095639,0.006586552,18.623367,12.357778,2,28,1,0.99217635,1
62,5,1,0,0,289.64868,-457.88715,113.5742,0.012409291,0.013303955,0.013667357,10.961472,7.3827777,2,-1,0,0.98841476,1
62,5,1,1,0,289.64868,-457.88715,113.5742,0.012409291,0.013303955,0.013667357,11.012367,11.077778,2,29,1,0.9911815,1
62,32,1,1,0,-294.50412,-500.8943,12.764756,-9.752066e-05,-0.0023884203,-0.018787598,11.026264,10.864166,2,30,1,0.9840904,1
62,32,1,0,0,-294.50412,-500.8943,12.764756,-9.752066e-05,-0.0023884203,-0.018787598,5.57725,5.6352777,2,-1,0,0.99834526,1
62,40,1,1,0,-301.74637,-335.5724,298.0162,-0.013109286,0.01715713,-0.002167854,17.980896,9.1625,2,31,1,0.96648896,1
62,17,1,1,0,312.92087,196.81981,316.48642,-0.0007663818,-0.021419711,0.020057688,12.299653,12.364722,2,32,1,0.9912266,1
62,17,1,0,0,312.92087,196.81981,316.48642,-0.0007663818,-0.021419711,0.020057688,11.348097,7.5572224,2,-1,0,0.97475034,1
62,17,1,0,0,312.92087,196.81981,316.48642,-0.0007663818,-0.021419711,0.020057688,2.8261251,2.8655555,2,-1,0,0.7001733,1
62,18,1,1,0,-326.4557,-532.1816,102.25462,0.005687868,-0.008287642,-0.017057408,13.021917,12.873611,2,33,1,0.9931797,1
62,18,1,0,0,-326.4557,-532.1816,102.25462,0.005687868,-0.008287642,-0.017057408,7.1040134,2.3911111,2,-1,0,0.98334485,1
62,6,1,0,0,324.87955,412.86618,6.8217053,0.003680092,-0.0041130707,0.006589892,4.2070417,4.1094446,2,-1,0,0.98172736,1
62,8,1,1,0,-342.29248,235.80331,454.09503,-0.0019138962,0.0022350647,-0.011597967,6.7743263,6.671389,2,34,1,0.9781165,1
62,12,1,1,0,361.32092,196.5896,92.76066,0.0068922862,-0.016393386,-0.004042361,14.540299,10.877778,2,35,1,0.9883627,1
62,19,1,1,0,-361.85345,-459.96112,60.531322,-0.0030666983,0.020012408,-0.028009787,22.726458,21.925833,2,36,1,0.99892646,1
62,3,1,0,0,-378.68588,348.9666,273.97345,-0.0069940775,-0.004646445,0.00430301,5.5235415,5.5194445,2,-1,0,0.95960325,1
62,25,1,0,0,379.94473,80.70102,231.94919,0.017132467,-0.015540641,-0.022497574,3.7877638,3.7686112,2,-1,0,0.9625161,1
63,35,1,1,0,12.48716,-331.6257,440.80246,0.010214356,-0.0046637924,-0.0051067444,11.055438,11.033334,2,1,1,0.98151994,1
63,35,1,0,0,12.48716,-331.6257,440.80246,0.010214356,-0.0046637924,-0.0051067444,4.0115137,4.041111,2,-1,0,0.8545774,1
63,33,1,1,0,-21.9984,-128.0444,392.71555,0.0018752292,-0.0040807347,-0.017723313,22.187027,22.016388,2,2,1,0.99605227,1
63,39,1,1,0,30.909184,289.51837,191.18678,0.0088922,0.009151467,-0.029390082,20.20898,20.274723,2,3,1,0.99406767,1
63,39,1,0,0,30.909184,289.51837,191.18678,0.0088922,0.009151467,-0.029390082,20.001083,18.799166,2,-1,0,0.9996202,1
63,2,1,0,0,-318.50723,463.71384,250.1843,0.05106855,-0.0066577317,-0.023155177,9.372916,9.408334,2,-1,0,0.9925647,1
63,36,1,1,0,-50.94441,264.11176,112.93122,0.007880209,-0.0009924145,-0.014599339,15.697688,15.503056,2,4,1,0.9596206,1
63,5,0,0,0,0.0,0.0,0.0,0.0,0.0,0.0,2.9307501,2.9019444,2,-1,0,0.50462234,1
63,13,1,1,0,72.89148,-98.35259,51.27764,0.0006070049,0.0040454683,-0.017212579,14.45727,12.641945,2,5,1,0.99459165,1
63,23,1,0,0,-101.68799,289.55414,195.92818,0.026453368,-0.013318578,-0.011896553,14.878041,14.745833,2,-1,0,0.99457717,1
63,29,1,1,0,-93.6328,-425.60144,234.63121,-0.0043948763,-0.0014801621,0.002272302,4.115778,4.109722,2,6,1,0.96366686,1
63,8,1,0,0,102.27725,304.53888,123.20625,0.01070142,0.0143470075,-0.007674804,3.2231667,3.2225,2,-1,0,0.8460265,1
63,1,1,1,0,-80.71328,-379.4688,360.86917,0.0030928378,0.012698682,0.009224484,19.075777,18.259445,2,7,1,0.99959725,1
63,13,1,0,0,72.89148,-98.35259,51.27764,0.0006070049,0.0040454683,-0.017212579,2.7966943,2.8225,2,-1,0,0.53257096,1
63,12,1,1,0,-89.31615,-579.67126,233.38245,-0.025370743,-0.008028043,-0.007511477,21.313612,21.588612,2,8,1,0.9990005,1
63,38,1,0,0,-126.12564,338.20215,50.24863,0.016844176,0.0007525057,-0.0022494218,2.943271,2.9016666,2,-1,0,0.87189263,1
63,12,1,0,0,-89.31615,-579.67126,233.38245,-0.025370743,-0.008028043,-0.007511477,5.9888053,5.9480557,2,-1,0,0.98312724,1
63,29,1,0,0,-93.6328,-425.60144,234.63121,-0.0043948763,-0.0014801621,0.002272302,5.2925143,1.6255555,2,-1,0,0.9508235,1
63,23,1,1,0,-101.68799,289.55414,195.92818,0.026453368,-0.013318578,-0.011896553,19.18121,18.839722,2,9,1,0.9904937,1
63,8,1,1,0,102.27725,304.53888,123.20625,0.01070142,0.0143470075,-0.007674804,7.89316,7.9494443,2,10,1,0.9712532,1
63,11,1,1,0,113.56538,44.991364,446.46387,-0.0070719607,-0.0030749599,-0.0020607733,7.9352984,8.215,2,11,1,0.9780306,1
63,8,1,0,0,102.27725,304.53888,123.20625,0.01070142,0.0143470075,-0.007674804,5.4182987,5.374722,2,-1,0,0.96634454,1
63,38,1,1,0,-126.12564,338.20215,50.24863,0.016844176,0.0007525057,-0.0022494218,14.605645,14.641389,2,12,1,0.99999654,1
63,38,1,0,0,-126.12564,338.20215,50.24863,0.016844176,0.0007525057,-0.0022494218,4.6976185,4.748889,2,-1,0,0.95785534,1
63,25,1,1,0,142.10512,-453.8662,94.28005,-0.006373388,0.007628492,-0.013232006,19.849588,17.991388,2,13,1,0.95824796,1
63,32,1,1,0,-148.6289,49.61269,100.764984,0.0019138878,-0.0080665015,-0.0061489847,11.172137,10.803889,2,14,1,0.9966767,1
63,10,1,0,0,-159.3562,211.03131,40.81587,-0.038564477,-0.0020440274,0.017197328,4.537285,4.24,2,-1,0,0.92614096,1
63,10,1,1,0,-159.3562,211.03131,40.81587,-0.038564477,-0.0020440274,0.017197328,25.385395,27.21139,2,15,1,0.9915861,1
63,20,0,0,0,0.0,0.0,0.0,0.0,0.0,0.0,11.22982,-1.0,2,-1,0,0.99967945,1
63,40,1,0,0,173.74318,-180.19989,26.190096,-0.0063224444,0.001915927,0.015312258,3.6678264,3.7408333,2,-1,0,0.97103196,1
63,4,1,1,0,-174.86546,-200.21143,335.23093,0.0051312693,0.01192053,0.0046484745,14.979833,14.85,2,16,1,0.9667441,1
63,10,1,0,0,-159.3562,211.03131,40.81587,-0.038564477,-0.0020440274,0.017197328,6.6695,6.5891666,2,-1,0,0.9609051,1
63,40,1,1,0,173.74318,-180.19989,26.190096,-0.0063224444,0.001915927,0.015312258,18.960625,18.890278,2,17,1,0.99534374,1
63,10,1,0,0,-159.3562,211.03131,40.81587,-0.038564477,-0.0020440274,0.017197328,3.2690208,3.2919445,2,-1,0,0.88108635,1
63,30,1,1,0,180.15245,255.45665,42.337765,0.0088226665,0.0039347713,-0.0029568784,9.906597,9.920278,2,18,1,0.9814216,1
63,8,1,0,0,102.27725,304.53888,123.20625,0.01070142,0.0143470075,-0.007674804,3.9271874,3.9194446,2,-1,0,0.97446775,1
63,16,1,1,0,205.92815,-420.6019,451.43826,0.0073515037,0.0078073577,0.005790919,11.579277,6.402222,2,19,1,0.99189454,1
63,3,1,1,0,218.90822,-341.62088,97.151245,0.00049946917,-0.011184033,-0.009154091,13.72043,11.501945,2,20,1,0.9959799,1
63,15,1,1,0,-218.92853,571.3418,164.72282,-0.008617957,0.0051167593,0.02343393,12.647055,11.418889,2,21,1,0.99545044,1
63,5,1,1,0,-219.9332,-460.60706,359.3577,-0.018398829,-0.003761645,0.0029553722,21.258,21.221666,2,22,1,0.99726427,1
63,7,1,1,0,229.3849,557.5638,333.70728,-0.006990804,0.0017567095,-0.0048930314,7.983139,8.073611,2,23,1,0.97959536,1
63,34,0,0,0,0.0,0.0,0.0,0.0,0.0,0.0,12.693958,-1.0,2,-1,0,0.9966348,1
63,15,1,0,0,-218.92853,571.3418,164.72282,-0.008617957,0.0051167593,0.02343393,4.2405624,4.175833,2,-1,0,0.96507514,1
63,6,1,1,0,246.58046,-350.52557,53.480247,-0.008427138,-0.012639645,0.0039742813,16.172869,16.236666,2,24,1,0.99432397,1
63,31,1,1,0,246.65318,-369.69656,445.23117,0.0149056325,-0.008006036,-0.017417688,18.47433,18.444723,2,25,1,0.9679385,1
63,31,1,0,0,246.65318,-369.69656,445.23117,0.0149056325,-0.008006036,-0.017417688,5.577555,5.728889,2,-1,0,0.97736675,1
63,34,1,0,0,-257.4038,-49.14787,255.2871,0.024992121,0.014120722,-0.020256167,6.0647287,5.9108334,2,-1,0,0.9689306,1
63,9,1,1,0,-254.06395,-508.18353,69.23284,0.0037101854,0.0025059471,0.020137604,19.932096,19.813334,2,26,1,0.98891115,1
63,15,1,0,0,-218.92853,571.3418,164.72282,-0.008617957,0.0051167593,0.02343393,5.9775276,5.994167,2,-1,0,0.98535556,1
63,34,1,1,0,-257.4038,-49.14787,255.2871,0.024992121,0.014120722,-0.020256167,12.866626,12.541667,2,27,1,0.9923253,1
63,14,1,1,0,-259.78397,341.4131,90.03564,-0.012755136,0.022034416,0.006589068,9.747084,9.873055,2,28,1,0.96953726,1
63,14,1,0,0,-259.78397,341.4131,90.03564,-0.012755136,0.022034416,0.006589068,9.37325,6.3275,2,-1,0,0.99290246,1
63,14,1,0,0,-259.78397,341.4131,90.03564,-0.012755136,0.022034416,0.006589068,5.1693263,5.180278,2,-1,0,0.99151015,1
63,18,1,1,0,-272.31784,-589.9593,413.99823,-0.0060043726,0.009698603,0.01607068,19.279217,16.784166,2,29,1,0.9960057,1
63,24,1,0,0,280.2209,506.077,104.47281,-0.00067968294,0.007348349,-0.014882133,3.0999582,3.0733333,2,-1,0,0.98005587,1
63,24,1,1,0,280.2209,506.077,104.47281,-0.00067968294,0.007348349,-0.014882133,13.093292,13.010834,2,30,1,0.99687576,1
63,24,1,0,0,280.2209,506.077,104.47281,-0.00067968294,0.007348349,-0.014882133,3.7920694,3.718611,2,-1,0,0.9528584,1
63,22,1,0,0,307.193,119.54966,125.00627,-0.028600844,0.013103976,-0.007462228,2.71125,2.6794446,2,-1,0,0.61335933,1
63,22,1,1,0,307.193,119.54966,125.00627,-0.028600844,0.013103976,-0.007462228,12.451014,12.392222,2,31,1,0.984072,1
63,2,1,1,0,-318.50723,463.71384,250.1843,0.05106855,-0.0066577317,-0.023155177,26.950703,40.81,2,32,1,0.9898665,1
63,22,1,0,0,307.193,119.54966,125.00627,-0.028600844,0.013103976,-0.007462228,10.223264,10.389167,2,-1,0,0.9843795,1
63,37,1,1,0,-304.05405,338.01218,461.468,-0.00075703056,0.0015815101,-0.0029724736,3.0055695,3.028889,2,33,1,0.8710234,1
63,17,1,1,0,-310.55286,408.8512,139.76437,-0.04352472,0.015139868,-0.011807222,40.150337,40.15167,2,34,1,0.95428145,1
63,21,1,1,0,-319.23413,377.54166,106.23168,0.012104675,0.024549749,0.0022336796,26.563189,26.529444,2,35,1,0.98800707,1
63,19,0,0,0,0.0,0.0,0.0,0.0,0.0,0.0,28.996424,-1.0,2,-1,0,0.9379921,1
63,27,1,1,0,-325.08652,193.46135,15.304729,0.012486674,0.0016311369,0.001394461,8.809264,8.776944,2,36,1,0.97694814,1
63,10,0,0,0,0.0,0.0,0.0,0.0,0.0,0.0,3.1606944,3.1575,2,-1,0,0.7425249,1
63,26,1,0,0,-347.41876,326.06577,360.82343,0.019866608,-0.0005769227,0.011811474,6.7099032,6.8694444,2,-1,0,0.96267396,1
63,26,1,0,0,-347.41876,326.06577,360.82343,0.019866608,-0.0005769227,0.011811474,5.3890276,5.445,2,-1,0,0.94762576,1
63,26,1,1,0,-347.41876,326.06577,360.82343,0.019866608,-0.0005769227,0.011811474,8.3775,8.307777,2,37,1,0.95891255,1
63,26,1,0,0,-347.41876,326.06577,360.82343,0.019866608,-0.0005769227,0.011811474,3.2485974,3.391389,2,-1,0,0.8594279,1
63,29,0,0,0,0.0,0.0,0.0,0.0,0.0,0.0,6.573368,-1.0,2,-1,0,0.9866724,1
64,25,1,1,0,-43.586582,-396.7398,226.76918,0.023474783,-0.0020447276,-0.0076951226,5.1503882,5.1433334,2,0,1,0.95654553,1
64,34,1,1,0,20.959057,551.83154,8.412094,0.0068707634,-0.008222913,0.008566821,10.694889,10.515555,2,1,1,0.99673885,1
64,17,0,0,0,0.0,0.0,0.0,0.0,0.0,0.0,19.053381,-1.0,2,-1,0,0.99563295,1
64,17,0,0,0,0.0,0.0,0.0,0.0,0.0,0.0,3.5323682,-1.0,2,-1,0,0.8053798,1
64,25,0,0,0,0.0,0.0,0.0,0.0,0.0,0.0,2.629778,2.5716667,2,-1,0,0.75678724,1
64,17,0,0,0,0.0,0.0,0.0,0.0,0.0,0.0,10.141895,-1.0,2,-1,0,0.99396646,1
64,18,1,1,0,-32.371113,549.4824,209.55583,0.0063442965,-0.0015341196,-0.0012820038,7.607888,7.4677777,2,2,1,0.915954,1
64,6,1,1,0,-32.988277,-62.247616,31.82217,0.0011595502,0.0037429617,-0.0065140314,10.2270975,10.293889,2,3,1,0.9947908,1
64,25,0,0,0,0.0,0.0,0.0,0.0,0.0,0.0,29.076445,-1.0,2,-1,0,0.9796355,1
64,40,1,1,0,-44.184853,333.43723,20.95129,-0.041693687,-0.0071683493,-0.0035057787,34.145714,36.2625,2,4,1,0.9999776,1
64,23,1,1,0,-49.140095,-27.438559,115.77193,0.0061373627,-0.007749163,0.0095764175,17.255924,17.15611,2,5,1,0.92364687,1
64,37,1,0,0,58.227905,-543.65155,205.69173,-0.0013899923,0.020963728,-0.009067366,7.2235274,7.2191668,2,-1,0,0.9929409,1
64,9,1,1,0,-48.861652,-344.3729,396.53772,-0.009811128,-0.014260989,0.028218899,41.692528,41.050835,2,6,1,0.9999999,1
64,32,1,1,0,-50.738293,307.11,14.95321,-0.0068157483,0.013102744,0.00894142,22.320759,21.301666,2,7,1,0.99865794,1
64,11,1,1,0,-53.06855,245.17148,7.385223,0.0070987754,0.0027755436,0.008129786,16.99234,16.193333,2,8,1,0.9945754,1
64,37,1,1,0,58.227905,-543.65155,205.69173,-0.0013899923,0.020963728,-0.009067366,18.305511,18.26111,2,9,1,0.98876625,1
64,18,1,0,0,-32.371113,549.4824,209.55583,0.0063442965,-0.0015341196,-0.0012820038,3.4903333,3.5130556,2,-1,0,0.9428105,1
64,25,0,0,0,0.0,0.0,0.0,0.0,0.0,0.0,2.8803613,-1.0,2,-1,0,0.77225846,1
64,20,0,0,0,0.0,0.0,0.0,0.0,0.0,0.0,3.001646,2.9372222,2,-1,0,0.8750928,1
64,40,1,0,0,-44.184853,333.43723,20.95129,-0.041693687,-0.0071683493,-0.0035057787,6.115,6.1608334,2,-1,0,0.98524034,1
64,22,1,1,0,90.16107,332.53662,431.88348,-0.0018132768,0.004280798,-0.016379457,18.069916,18.030834,2,10,1,0.9975491,1
64,21,0,0,0,0.0,0.0,0.0,0.0,0.0,0.0,2.8633056,2.911111,2,-1,0,0.5192835,1
64,20,1,1,0,-97.4421,1.738354,243.22629,-0.016061094,-0.015976468,-0.011521799,16.517279,16.3525,2,11,1,0.87859833,1
64,10,1,1,0,-102.54979,247.87843,243.07881,-0.012609634,-0.00238261,-0.03330164,10.171244,10.106389,2,12,1,0.9790536,1
64,10,1,0,0,-102.54979,247.87843,243.07881,-0.012609634,-0.00238261,-0.03330164,4.8252497,4.8994446,2,-1,0,0.9751889,1
64,10,1,0,0,-102.54979,247.87843,243.07881,-0.012609634,-0.00238261,-0.03330164,8.381728,8.432777,2,-1,0,0.99098855,1
64,19,1,1,0,116.13198,-290.5539,440.5233,0.0026014727,-0.01134872,-0.005951817,14.631771,14.057777,2,13,1,0.99622536,1
64,3,1,0,0,143.52063,237.58223,365.4562,-0.013721774,-0.037707295,-0.017592588,5.8180695,5.7952776,2,-1,0,0.9789701,1
64,3,1,0,0,143.52063,237.58223,365.4562,-0.013721774,-0.037707295,-0.017592588,3.966375,4.0288887,2,-1,0,0.92640066,1
64,3,1,1,0,143.52063,237.58223,365.4562,-0.013721774,-0.037707295,-0.017592588,32.24029,32.45111,2,14,1,0.99946946,1
64,16,1,0,0,-143.9998,52.8447,176.14734,-0.011314297,-0.002797569,-0.0025765642,4.795486,4.7530556,2,-1,0,0.8880716,1
64,16,1,1,0,-143.9998,52.8447,176.14734,-0.011314297,-0.002797569,-0.0025765642,6.1533823,6.0869446,2,15,1,0.97030354,1
64,15,1,1,0,-153.2107,-568.62476,415.9959,0.00054457446,-0.022433747,0.039682608,40.40066,40.46583,2,16,1,0.9757066,1
64,15,1,0,0,-153.2107,-568.62476,415.9959,0.00054457446,-0.022433747,0.039682608,7.699757,7.62,2,-1,0,0.9955438,1
64,29,1,1,0,-157.03746,236.1212,445.45007,-0.016352486,-0.0019522514,-0.004145728,13.249486,13.213889,2,17,1,0.9965683,1
64,27,0,0,0,0.0,0.0,0.0,0.0,0.0,0.0,12.086027,-1.0,2,-1,0,0.9902677,1
64,28,0,0,0,0.0,0.0,0.0,0.0,0.0,0.0,29.639639,0.33305556,2,-1,0,0.98448455,1
64,28,0,0,0,0.0,0.0,0.0,0.0,0.0,0.0,3.3347917,-1.0,2,-1,0,0.91925246,1
64,13,0,0,0,0.0,0.0,0.0,0.0,0.0,0.0,17.499487,-1.0,2,-1,0,0.9666228,1
64,21,1,1,0,-186.05066,-490.2666,86.48004,-0.013641875,-0.0033806688,-0.006232832,12.229833,3.7052777,2,18,1,0.9408865,1
64,30,1,1,0,-216.43646,457.65683,210.0448,0.010406009,0.00077264797,-0.009097465,15.10232,14.977222,2,19,1,0.9857091,1
64,14,1,1,0,244.93169,-312.8249,374.26273,0.013017242,-0.013179188,-0.016569141,21.755499,21.959167,2,20,1,0.95288396,1
64,1,1,1,0,-253.16338,292.91043,426.3564,0.01571553,0.0036971353,0.007267709,19.299873,15.496388,2,21,1,0.6812766,1
64,12,1,1,0,257.6164,227.85602,255.74535,-0.001032978,-0.0058356863,0.015949337,17.429104,17.453888,2,22,1,0.99206465,1
64,31,1,1,0,-274.17502,11.099575,154.19513,0.010809082,0.006896182,0.0073002563,15.447825,15.408889,2,23,1,0.9741166,1
64,5,1,1,0,273.8558,238.19977,380.3682,0.0035143564,-0.010710808,0.0011781154,10.329111,10.185555,2,24,1,0.9913912,1
64,7,1,0,0,-283.23843,530.8061,233.46552,-0.012696015,0.009806495,-0.012522919,3.1015415,3.1080556,2,-1,0,0.8149884,1
64,7,1,1,0,-283.23843,530.8061,233.46552,-0.012696015,0.009806495,-0.012522919,8.086361,8.0625,2,-1,1,0.99507046,1
64,35,1,1,0,283.7981,82.65016,305.4254,0.014980753,0.01139998,0.018124307,25.756502,25.751112,2,25,1,0.9944607,1
64,39,1,1,0,-305.48514,256.4448,46.883442,-0.0055924132,0.007680651,-0.012122577,9.842681,9.8075,2,26,1,0.987785,1
64,39,1,0,0,-305.48514,256.4448,46.883442,-0.0055924132,0.007680651,-0.012122577,4.865875,4.8391666,2,-1,0,0.96882445,1
64,8,1,1,0,314.1244,-458.50717,162.57108,0.029522203,0.017386645,-0.04114054,51.7802,51.641945,2,27,1,0.9987483,1
64,36,1,1,0,-321.02438,419.22534,150.85243,-0.012760835,-0.0044396846,0.0283053,24.677605,24.766388,2,28,1,0.9974481,1
64,36,1,0,0,-321.02438,419.22534,150.85243,-0.012760835,-0.0044396846,0.0283053,5.1230073,5.0241666,2,-1,0,0.9781331,1
64,4,1,1,0,-335.5053,343.45264,3.695172,0.016408486,-0.012115812,-0.010660301,21.827042,21.960278,2,29,1,0.9252895,1
64,2,1,1,0,342.30234,-549.5401,285.1025,0.009209053,-0.0031718393,-0.011576203,14.651306,14.6675,2,30,1,0.96999454,1
64,33,1,1,0,-351.3588,-146.6104,435.75778,0.0046808035,-0.025142325,-0.010503251,20.927729,20.666945,2,31,1,0.9925258,1
64,33,1,0,0,-351.3588,-146.6104,435.75778,0.0046808035,-0.025142325,-0.010503251,5.444993,5.5680556,2,-1,0,0.9885874,1
64,26,1,1,0,-352.95142,-26.92049,11.199156,-0.0011247369,-0.009079508,0.018559745,15.584192,15.718333,2,32,1,0.9894168,1
64,38,0,0,0,0.0,0.0,0.0,0.0,0.0,0.0,20.1695,-1.0,2,-1,0,0.9944833,1
64,38,0,0,0,0.0,0.0,0.0,0.0,0.0,0.0,8.986813,-1.0,2,-1,0,0.9504472,1
64,17,0,0,0,0.0,0.0,0.0,0.0,0.0,0.0,4.5124583,-1.0,2,-1,0,0.96421534,1
65,3,1,1,0,21.893085,190.10541,45.008568,-0.01858978,-0.007583711,0.005956504,22.569353,22.79861,2,0,1,0.9988005,1
65,38,1,1,0,26.347282,-571.0135,170.47873,0.0029338682,-0.01119195,-0.010629819,13.233209,8.765278,2,1,1,0.9908626,1
65,38,1,0,0,26.347282,-571.0135,170.47873,0.0029338682,-0.01119195,-0.010629819,5.269173,5.322222,2,-1,0,0.9927301,1
65,35,1,1,0,53.021435,-375.64832,37.66683,0.007927288,0.0028253957,-0.022215266,12.427626,12.348611,2,2,1,0.98557645,1
65,9,1,1,0,-59.058918,156.8625,49.3663,0.011782076,-0.0045350995,-0.008193125,17.405424,17.642778,2,3,1,0.9938636,1
65,35,1,0,0,53.021435,-375.64832,37.66683,0.007927288,0.0028253957,-0.022215266,5.873479,5.895,2,-1,0,0.98663366,1
65,29,1,1,0,-63.229355,-431.09006,328.58664,-0.015684932,0.0038255742,-0.009779437,21.307493,21.390833,2,4,1,0.99854624,1
65,40,1,0,0,136.64236,374.48587,310.87833,-0.01486259,-0.0021561838,0.01730462,3.9141388,3.7794445,2,-1,0,0.97591954,1
65,15,1,0,0,-68.05027,-136.13086,356.4185,-0.023166003,0.008737089,0.005669347,14.901007,8.2175,2,-1,0,0.9852888,1
65,7,1,1,0,69.84207,429.85614,102.74381,0.016460143,0.004402891,0.005357954,14.559042,14.633611,2,5,1,0.99899346,1
65,7,1,0,0,69.84207,429.85614,102.74381,0.016460143,0.004402891,0.005357954,3.2334793,3.051389,2,-1,0,0.77575123,1
65,15,1,1,0,-68.05027,-136.13086,356.4185,-0.023166003,0.008737089,0.005669347,10.742174,10.6258335,2,6,1,0.95700115,1
65,15,1,0,0,-68.05027,-136.13086,356.4185,-0.023166003,0.008737089,0.005669347,3.3880138,3.4613888,2,-1,0,0.7714494,1
65,21,1,1,0,124.261406,16.610971,331.26273,0.002362824,0.007157156,0.008485879,12.773589,12.653334,2,7,1,0.9886232,1
65,40,1,1,0,136.64236,374.48587,310.87833,-0.01486259,-0.0021561838,0.01730462,16.466057,16.275555,2,8,1,0.9968412,1
65,6,1,0,0,-142.61105,-373.41818,280.7287,0.010438018,-0.0011967774,0.029956844,3.3217568,3.2494445,2,-1,0,0.9396638,1
65,20,1,1,0,132.10818,-53.36411,244.97964,0.009596582,0.011775258,0.0066929003,17.108027,14.308056,2,9,1,0.99633384,1
65,21,1,0,0,124.261406,16.610971,331.26273,0.002362824,0.007157156,0.008485879,6.2082915,6.088333,2,-1,0,0.9847586,1
65,16,1,1,0,-139.61098,511.5284,130.15045,0.019240588,-0.0024146407,-0.0038589532,19.687944,19.569166,2,10,1,0.96657133,1
65,6,1,1,0,-142.61105,-373.41818,280.7287,0.010438018,-0.0011967774,0.029956844,31.65266,30.6975,2,11,1,0.9893412,1
65,12,1,0,0,-152.41626,-424.16815,285.84808,0.00087976176,0.005607144,0.020377245,5.534222,5.4675,2,-1,0,0.9766367,1
65,13,1,1,0,148.28444,131.67816,425.68347,0.0017042104,0.0038652478,-0.0069926274,11.932854,8.077222,2,-1,1,0.98189837,1
65,12,1,1,0,-152.41626,-424.16815,285.84808,0.00087976176,0.005607144,0.020377245,19.959192,20.080555,2,12,1,0.9883409,1
65,33,1,1,0,170.65378,191.26329,362.26764,0.016612401,0.026102275,-0.03549289,42.169407,42.69611,2,13,1,0.98825943,1
65,33,1,0,0,170.65378,191.26329,362.26764,0.016612401,0.026102275,-0.03549289,6.8892083,6.866389,2,-1,0,0.91804767,1
65,11,1,1,0,-219.83134,450.3709,6.0592513,0.0061837616,0.016553244,0.0141216265,19.121819,19.205,2,14,1,0.9940042,1
65,32,1,1,0,217.18358,-525.4324,78.26526,-0.0019943162,-0.027598059,-0.017588938,14.680465,14.788611,2,15,1,0.99656725,1
65,32,1,0,0,217.18358,-525.4324,78.26526,-0.0019943162,-0.027598059,-0.017588938,3.800743,3.9366667,2,-1,0,0.8704034,1
65,27,1,1,0,218.9239,206.42506,368.1672,0.005598424,-0.00991246,-0.0057518175,10.120917,10.012222,2,16,1,0.9752626,1
65,11,1,0,0,-219.83134,450.3709,6.0592513,0.0061837616,0.016553244,0.0141216265,4.550118,4.5716667,2,-1,0,0.9663422,1
65,2,1,1,0,-221.64772,387.4253,413.3315,-0.019377334,0.014965758,0.019619143,28.029217,27.435833,2,17,1,0.9962304,1
65,23,1,1,0,223.11345,-510.04822,288.2954,0.0017988365,-0.019274319,0.019566242,11.505243,11.381945,2,18,1,0.99635565,1
65,23,1,0,0,223.11345,-510.04822,288.2954,0.0017988365,-0.019274319,0.019566242,5.775917,5.8858333,2,-1,0,0.9664927,1
65,11,1,0,0,-219.83134,450.3709,6.0592513,0.0061837616,0.016553244,0.0141216265,2.7865834,2.8441668,2,-1,0,0.6773639,1
65,32,1,0,0,217.18358,-525.4324,78.26526,-0.0019943162,-0.027598059,-0.017588938,3.4060204,3.4975,2,-1,0,0.9647596,1
65,32,1,0,0,217.18358,-525.4324,78.26526,-0.0019943162,-0.027598059,-0.017588938,4.6488338,4.676111,2,-1,0,0.94951874,1
65,27,1,0,0,218.9239,206.42506,368.1672,0.005598424,-0.00991246,-0.0057518175,3.2065346,3.2505555,2,-1,0,0.8566779,1
65,23,1,0,0,223.11345,-510.04822,288.2954,0.0017988365,-0.019274319,0.019566242,3.4471598,3.5255556,2,-1,0,0.91649115,1
65,5,1,0,0,-235.1861,132.35806,15.247748,0.00852956,-0.01954144,0.023498297,15.085423,14.926666,2,-1,0,0.98154896,1
65,23,1,0,0,223.11345,-510.04822,288.2954,0.0017988365,-0.019274319,0.019566242,5.250444,5.226111,2,-1,0,0.9538325,1
65,14,1,1,0,229.20197,599.854,286.73337,0.015098932,-0.0095355185,0.008150245,7.303562,6.0180554,2,19,1,0.97939837,1
65,2,1,0,0,-221.64772,387.4253,413.3315,-0.019377334,0.014965758,0.019619143,3.4961388,3.541111,2,-1,0,0.88141775,1
65,36,1,1,0,231.32147,44.621136,128.50249,0.0041207424,-0.0093927095,-0.009773886,9.392772,9.150278,2,20,1,0.99654716,1
65,36,1,0,0,231.32147,44.621136,128.50249,0.0041207424,-0.0093927095,-0.009773886,4.8629165,4.1819444,2,-1,0,0.9956656,1
65,10,1,1,0,-232.83766,65.78168,359.75693,0.003942582,0.0133990785,-0.021777317,17.958828,17.924444,2,21,1,0.95389557,1
65,5,1,1,0,-235.1861,132.35806,15.247748,0.00852956,-0.01954144,0.023498297,18.73496,18.750555,2,22,1,0.9937523,1
65,10,1,0,0,-232.83766,65.78168,359.75693,0.003942582,0.0133990785,-0.021777317,3.3833613,3.3363888,2,-1,0,0.92951626,1
65,26,0,0,0,0.0,0.0,0.0,0.0,0.0,0.0,3.317236,0.28138888,2,-1,0,0.64693755,1
65,18,1,0,0,-256.08328,287.42206,345.38284,-0.011221375,0.02330688,-0.0019831,6.629271,6.6169443,2,-1,0,0.9630585,1
65,18,1,1,0,-256.08328,287.42206,345.38284,-0.011221375,0.02330688,-0.0019831,18.579826,18.290833,2,23,1,0.983303,1
65,22,1,1,0,256.12537,544.328,314.7906,-0.0016072447,0.011406238,0.025055597,29.27553,29.556667,2,24,1,0.9799176,1
65,10,1,0,0,-232.83766,65.78168,359.75693,0.003942582,0.0133990785,-0.021777317,3.4186807,3.4858334,2,-1,0,0.6771114,1
65,1,1,0,0,-239.65816,355.37335,80.8351,0.033556532,0.0014364327,0.01395826,3.7102015,3.6494443,2,-1,0,0.93789375,1
65,4,1,0,0,-285.4384,14.914004,287.5506,0.016798772,-0.0101035405,0.018208316,3.5763335,3.5605555,2,-1,0,0.6733044,1
65,28,0,0,0,0.0,0.0,0.0,0.0,0.0,0.0,15.389104,-1.0,2,-1,0,0.99539447,1
65,26,1,1,0,280.09293,241.8914,268.10562,-0.004956653,0.005233663,-0.0013706059,7.1130276,7.208611,2,25,1,0.9678784,1
65,4,1,1,0,-285.4384,14.914004,287.5506,0.016798772,-0.0101035405,0.018208316,22.242777,22.311388,2,26,1,0.8784118,1
65,8,1,0,0,-289.0483,156.2719,246.42015,-0.00079267315,-0.023359202,0.015002258,2.9361112,2.9388888,2,-1,0,0.6828981,1
65,31,1,1,0,-294.3662,-121.18089,24.66566,0.022913514,-0.0011132704,0.014854835,23.633707,23.688889,2,27,1,0.99889094,1
65,4,1,0,0,-285.4384,14.914004,287.5506,0.016798772,-0.0101035405,0.018208316,4.3447013,4.3438888,2,-1,0,0.9757839,1
65,8,1,1,0,-289.0483,156.2719,246.42015,-0.00079267315,-0.023359202,0.015002258,16.783709,13.941112,2,28,1,0.9946061,1
65,8,1,0,0,-289.0483,156.2719,246.42015,-0.00079267315,-0.023359202,0.015002258,9.945792,10.075,2,-1,0,0.9798568,1
65,1,1,1,0,-335.34927,-232.01419,432.90417,0.033556532,0.0014364327,0.01395826,19.35625,19.240833,2,29,1,0.99410003,1
65,17,1,1,0,307.984,-364.37646,69.38678,-0.010713091,0.018801393,-0.010213526,23.450499,23.364721,2,30,1,0.9737902,1
65,24,1,1,0,321.08585,203.6062,329.35696,-0.01693194,0.00261179,0.0008794373,12.395256,11.836667,2,31,1,0.9800355,1
65,37,1,1,0,317.41608,-527.5025,60.145176,0.012421527,-0.011051581,-0.015104189,16.680923,16.498333,2,32,1,0.8427067,1
65,28,0,0,0,0.0,0.0,0.0,0.0,0.0,0.0,2.7875,-1.0,2,-1,0,0.8819228,1
65,30,0,0,0,0.0,0.0,0.0,0.0,0.0,0.0,8.22473,-1.0,2,-1,0,0.9630664,1
65,30,0,0,0,0.0,0.0,0.0,0.0,0.0,0.0,6.491375,-1.0,2,-1,0,0.9936673,1
65,19,1,1,0,321.31268,-51.53961,372.01834,0.016397797,0.024257349,0.008832026,29.031471,28.910555,2,33,1,0.99163944,1
65,37,1,0,0,317.41608,-527.5025,60.145176,0.012421527,-0.011051581,-0.015104189,3.978354,4.113333,2,-1,0,0.98022515,1
65,39,1,1,0,328.7666,421.4467,113.01275,-0.009316435,0.003220169,-0.01935897,17.512445,17.573055,2,34,1,0.99829036,1
65,1,1,0,0,-335.34927,-232.01419,432.90417,0.033556532,0.0014364327,0.01395826,14.74434,14.6825,2,-1,0,0.9679682,1
65,34,1,1,0,335.53888,-216.59465,423.5924,0.0022964808,0.01687759,0.0213697,15.045396,15.119445,2,35,1,0.96698296,1
65,34,1,0,0,335.53888,-216.59465,423.5924,0.0022964808,0.01687759,0.0213697,3.0404444,3.0825,2,-1,0,0.92754126,1
66,10,1,0,0,-20.390589,164.38887,71.20161,0.03470708,-0.02306557,-0.030899636,3.5565138,3.3525,2,-1,0,0.7626505,1
66,10,1,1,0,-20.390589,164.38887,71.20161,0.03470708,-0.02306557,-0.030899636,56.8322,57.029724,2,0,1,0.99927336,1
66,10,1,0,0,-20.390589,164.38887,71.20161,0.03470708,-0.02306557,-0.030899636,3.1789584,3.11,2,-1,0,0.83177984,1
66,5,0,0,0,0.0,0.0,0.0,0.0,0.0,0.0,28.062557,0.093055554,2,-1,0,0.99979514,1
66,25,1,1,0,37.128387,-551.9853,181.58652,-0.013506188,0.014374208,0.015916994,25.546375,25.526945,2,1,1,0.99699366,1
66,3,1,0,0,-58.934967,-49.175163,32.02107,0.006868019,-0.0023219201,0.027968753,4.275347,4.2811112,2,-1,0,0.9760216,1
66,3,1,0,0,-58.934967,-49.175163,32.02107,0.006868019,-0.0023219201,0.027968753,7.5034304,7.451667,2,-1,0,0.99936384,1
66,3,1,1,0,-58.934967,-49.175163,32.02107,0.006868019,-0.0023219201,0.027968753,21.713665,21.635,2,2,1,0.99361116,1
66,24,1,1,0,-70.23366,261.5494,131.8415,0.023457266,0.00017731673,0.006803514,22.06977,19.905834,2,3,1,0.9696149,1
66,5,0,0,0,0.0,0.0,0.0,0.0,0.0,0.0,4.4685836,-1.0,2,-1,0,0.9785873,1
66,35,1,1,0,-71.50884,490.2351,301.6036,0.006560752,0.019487571,0.0139184,18.397326,18.477222,2,4,1,0.9865493,1
66,6,1,1,0,88.07746,-438.2395,343.5795,-0.04267585,0.013929044,-0.0045723645,35.030376,46.69889,2,5,1,0.9969489,1
66,37,1,1,0,77.41515,-580.99615,27.083982,0.019163815,0.011468296,-0.009106193,16.089403,15.94,2,6,1,0.96932095,1
66,35,1,0,0,-71.50884,490.2351,301.6036,0.006560752,0.019487571,0.0139184,9.731271,10.045834,2,-1,0,0.99141675,1
66,1,1,0,0,90.23891,-111.88955,419.2003,0.018595574,-0.013677264,-0.017330633,3.5507083,3.3377779,2,-1,0,0.96698236,1
66,1,1,1,0,90.23891,-111.88955,419.2003,0.018595574,-0.013677264,-0.017330633,27.761494,26.349722,2,7,1,0.9225893,1
66,4,1,0,0,117.75174,-390.60443,123.36576,-0.025418187,-0.0026459044,-0.010660609,7.64598,7.5536113,2,-1,0,0.9854466,1
66,1,1,0,0,90.23891,-111.88955,419.2003,0.018595574,-0.013677264,-0.017330633,3.2149096,3.1594443,2,-1,0,0.921211,1
66,5,0,0,0,0.0,0.0,0.0,0.0,0.0,0.0,6.5785766,-1.0,2,-1,0,0.9712416,1
66,27,1,1,0,105.75309,-368.29663,144.89143,0.0027683165,-0.011668197,0.01759537,17.359133,17.341667,2,8,1,0.99578154,1
66,4,1,1,0,117.75174,-390.60443,123.36576,-0.025418187,-0.0026459044,-0.010660609,17.735855,17.851389,2,9,1,0.999423,1
66,37,1,0,0,77.41515,-580.99615,27.083982,0.019163815,0.011468296,-0.009106193,4.193514,4.39,2,-1,0,0.6667932,1
66,20,1,1,0,114.33556,-284.00528,1.6192472,0.010161448,0.025728418,0.025181063,22.496367,20.509722,2,10,1,0.9960077,1
66,20,1,0,0,114.33556,-284.00528,1.6192472,0.010161448,0.025728418,0.025181063,18.61261,18.568611,2,-1,0,0.96733356,1
66,4,1,0,0,117.75174,-390.60443,123.36576,-0.025418187,-0.0026459044,-0.010660609,4.1542363,4.056389,2,-1,0,0.85661113,1
66,26,1,1,0,127.29009,448.03217,290.17526,0.013783267,0.024959322,0.026786184,37.75232,37.219723,2,11,1,0.9918705,1
66,26,1,0,0,127.29009,448.03217,290.17526,0.013783267,0.024959322,0.026786184,4.7978053,4.908889,2,-1,0,0.96385384,1
66,27,1,0,0,105.75309,-368.29663,144.89143,0.0027683165,-0.011668197,0.01759537,2.7748888,2.8119445,2,-1,0,0.5486957,1
66,8,1,0,0,148.19661,334.8738,175.0457,0.015193951,0.03296108,-0.022527296,3.4990141,3.603611,2,-1,0,0.9464639,1
66,31,1,0,0,154.11902,57.94365,427.93478,-0.016621526,-0.018745108,0.027393466,3.461111,3.4672222,2,-1,0,0.9062745,1
66,8,1,1,0,148.19661,334.8738,175.0457,0.015193951,0.03296108,-0.022527296,40.014362,39.69278,2,12,1,0.9998565,1
66,31,1,0,0,154.11902,57.94365,427.93478,-0.016621526,-0.018745108,0.027393466,12.69518,12.699166,2,-1,0,0.9792142,1
66,31,1,1,0,154.11902,57.94365,427.93478,-0.016621526,-0.018745108,0.027393466,18.323915,18.202223,2,13,1,0.99721634,1
66,8,1,0,0,148.19661,334.8738,175.0457,0.015193951,0.03296108,-0.022527296,4.6882844,4.641389,2,-1,0,0.98226744,1
66,15,1,1,0,164.3573,220.96265,219.87462,0.006127873,0.010751937,0.01911595,20.570868,20.260279,2,14,1,0.74428296,1
66,15,1,0,0,164.3573,220.96265,219.87462,0.006127873,0.010751937,0.01911595,5.162653,4.403333,2,-1,0,0.98209065,1
66,38,1,1,0,-174.2434,202.58383,344.66278,0.002155186,-0.0067041023,0.004577301,9.504486,9.516111,2,15,1,0.99613094,1
66,34,1,1,0,-176.83327,-597.3024,460.8582,0.0035177928,0.01595009,0.025305664,6.811542,6.7080555,2,16,1,0.9655247,1
66,9,1,1,0,183.46106,525.1741,377.04907,-0.010927275,-0.006941167,0.010672898,19.574953,19.629168,2,17,1,0.99620396,1
66,19,1,1,0,-191.742,-486.01425,169.51721,0.0019013307,-0.009675533,0.009193843,14.052923,13.901944,2,18,1,0.99688077,1
66,7,1,1,0,-197.98549,-548.98456,188.26791,0.009776035,-1.8798175e-05,-0.008017997,14.020166,13.911111,2,19,1,0.9945834,1
66,14,1,1,0,-204.3299,-277.25516,335.49377,-0.0012258979,0.028192649,-0.0078047835,12.388097,12.425,2,20,1,0.92795724,1
66,14,1,0,0,-204.3299,-277.25516,335.49377,-0.0012258979,0.028192649,-0.0078047835,7.0084724,6.9230556,2,-1,0,0.9962255,1
66,23,1,0,0,-204.0178,-531.9068,9.65632,-0.004018642,0.026784651,0.024961617,13.971868,13.236389,2,-1,0,0.9750211,1
66,14,1,0,0,-204.3299,-277.25516,335.49377,-0.0012258979,0.028192649,-0.0078047835,9.831591,9.631945,2,-1,0,0.9794846,1
66,23,1,0,0,-204.0178,-531.9068,9.65632,-0.004018642,0.026784651,0.024961617,4.9780693,4.927778,2,-1,0,0.9877928,1
66,23,1,1,0,-204.0178,-531.9068,9.65632,-0.004018642,0.026784651,0.024961617,13.735347,13.675278,2,21,1,0.9881242,1
66,23,1,0,0,-204.0178,-531.9068,9.65632,-0.004018642,0.026784651,0.024961617,2.845917,2.7833333,2,-1,0,0.72370386,1
66,12,1,1,0,211.03442,-515.8347,18.618008,0.0119241215,0.0022699514,0.0017748404,10.329687,9.64,2,22,1,0.998439,1
66,30,1,1,0,-214.78241,13.303786,282.59097,0.0056102043,0.0074459556,0.0008481791,8.841063,9.018056,2,23,1,0.99370736,1
66,21,1,1,0,216.74855,365.5006,238.57945,-0.0104140565,0.013149306,0.024837539,19.255013,19.273333,2,24,1,0.9810532,1
66,21,1,0,0,216.74855,365.5006,238.57945,-0.0104140565,0.013149306,0.024837539,9.587549,9.461111,2,-1,0,0.98481256,1
66,16,1,1,0,-218.76993,414.5506,38.927517,-0.0036733972,-0.0096472,-0.023526127,15.899777,15.856667,2,25,1,0.98948497,1
66,39,1,0,0,-270.7112,394.06335,407.9895,-0.007650243,-0.012364434,0.0045410576,4.2957845,4.253611,2,-1,0,0.9628919,1
66,16,1,0,0,-218.76993,414.5506,38.927517,-0.0036733972,-0.0096472,-0.023526127,4.3924932,4.353889,2,-1,0,0.9592555,1
66,16,1,0,0,-218.76993,414.5506,38.927517,-0.0036733972,-0.0096472,-0.023526127,3.401389,3.3991666,2,-1,0,0.96690226,1
66,17,1,1,0,226.02005,-333.2755,312.89465,-0.0036053688,-0.01835705,0.016908674,20.945265,20.745556,2,26,1,0.99375147,1
66,18,0,0,0,0.0,0.0,0.0,0.0,0.0,0.0,7.348403,-1.0,2,-1,0,0.99435556,1
66,32,1,0,0,-273.3216,-287.34518,391.4446,-0.017091343,-0.010599799,-0.017102763,3.7352989,3.6327777,2,-1,0,0.99414766,1
66,13,0,0,0,0.0,0.0,0.0,0.0,0.0,0.0,20.798794,-1.0,2,-1,0,0.9981117,1
66,39,1,1,0,-270.7112,394.06335,407.9895,-0.007650243,-0.012364434,0.0045410576,13.345945,13.485278,2,27,1,0.8839456,1
66,32,1,1,0,-273.3216,-287.34518,391.4446,-0.017091343,-0.010599799,-0.017102763,24.802431,24.8275,2,28,1,0.99653,1
66,29,1,1,0,-276.54727,197.88988,423.43158,0.004896055,-0.00034021182,0.007202392,8.420535,8.465834,2,29,1,0.98406005,1
66,28,1,0,0,-307.56152,-323.8682,114.34334,0.029521449,-0.0015665238,-0.0032088144,10.240937,10.3025,2,-1,0,0.97772527,1
66,22,1,1,0,-282.6051,-540.9767,305.8156,-0.00013343994,-0.017196996,0.018400049,17.859861,17.921944,2,30,1,0.9888249,1
66,22,1,0,0,-282.6051,-540.9767,305.8156,-0.00013343994,-0.017196996,0.018400049,8.619611,8.611944,2,-1,0,0.9884122,1
66,22,1,0,0,-282.6051,-540.9767,305.8156,-0.00013343994,-0.017196996,0.018400049,3.407514,3.335,2,-1,0,0.95196253,1
66,28,1,1,0,-307.56152,-323.8682,114.34334,0.029521449,-0.0015665238,-0.0032088144,15.549409,15.623333,2,31,1,0.93119174,1
66,33,1,1,0,-302.63824,-289.5888,93.10831,-0.007220476,0.0014993604,-0.005846041,8.915916,8.119722,2,32,1,0.94856834,1
66,36,1,1,0,312.58228,-578.89264,303.92877,0.0064062243,0.011625528,0.009984794,15.450479,14.768611,2,33,1,0.9868565,1
66,11,1,1,0,-324.47922,-222.08249,133.33408,0.006000144,0.007591895,1.5705975e-05,11.15291,9.570278,2,34,1,0.93770653,1
66,40,1,1,0,337.7398,231.22983,58.8197,-0.00079748716,0.020438068,-0.013164243,22.862112,23.126112,2,35,1,0.99483514,1
66,40,1,0,0,337.7398,231.22983,58.8197,-0.00079748716,0.020438068,-0.013164243,3.7065973,3.7619445,2,-1,0,0.9061177,1
66,2,1,1,0,-347.2369,-159.95357,362.9227,-0.025498923,-0.011613948,0.0012746804,22.45746,22.315,2,36,1,0.9990695,1
66,2,1,0,0,-347.2369,-159.95357,362.9227,-0.025498923,-0.011613948,0.0012746804,4.415618,4.478611,2,-1,0,0.92495364,1
66,25,0,0,0,0.0,0.0,0.0,0.0,0.0,0.0,3.0114722,2.9469445,2,-1,0,0.6929221,1
67,24,0,0,0,-22.0412,569.13324,92.64665,0.029796483,0.008065446,0.0018453328,5.4811535,5.0916667,2,-1,0,0.99761766,1
67,16,1,0,0,-18.497509,-226.02501,287.41034,0.017712163,-0.01681347,-0.0056148353,3.2175832,3.2169445,2,-1,0,0.547763,1
67,5,1,1,0,10.690374,-600.16425,169.13495,-0.0013183976,0.000586901,0.0050337636,4.616493,4.8705554,2,0,1,0.96972555,1
67,12,1,1,0,-10.842911,-192.78586,303.20676,-0.01041833,-0.0076347613,0.004863546,16.674286,16.768333,2,1,1,0.9879866,1
67,16,1,1,0,-18.497509,-226.02501,287.41034,0.017712163,-0.01681347,-0.0056148353,23.54139,23.4275,2,2,1,0.98817724,1
67,28,1,1,0,-15.31181,-560.99835,306.82886,-0.019885171,0.003754141,0.010070468,19.225513,17.949444,2,3,1,0.9999399,1
67,24,1,0,0,-22.0412,569.13324,92.64665,0.029796483,0.008065446,0.0018453328,10.761487,10.405278,2,-1,0,0.97958195,1
67,24,1,1,0,-22.0412,569.13324,92.64665,0.029796483,0.008065446,0.0018453328,18.753492,18.894167,2,4,1,0.9741208,1
67,39,1,0,0,26.658207,194.50777,115.97622,0.017209161,0.038322546,-0.022716234,3.0087223,2.9305556,2,-1,0,0.50057584,1
67,16,1,0,0,-18.497509,-226.02501,287.41034,0.017712163,-0.01681347,-0.0056148353,6.9775834,7.134722,2,-1,0,0.8799584,1
67,39,1,1,0,26.658207,194.50777,115.97622,0.017209161,0.038322546,-0.022716234,24.500875,24.440277,2,5,1,0.9622115,1
67,39,1,0,0,26.658207,194.50777,115.97622,0.017209161,0.038322546,-0.022716234,19.30845,19.373056,2,-1,0,0.9972058,1
67,28,1,0,0,-15.31181,-560.99835,306.82886,-0.019885171,0.003754141,0.010070468,3.7731802,3.7925,2,-1,0,0.8500845,1
67,8,0,0,0,0.0,0.0,0.0,0.0,0.0,0.0,23.660265,-1.0,2,-1,0,0.99816656,1
67,8,0,0,0,0.0,0.0,0.0,0.0,0.0,0.0,7.0173535,-1.0,2,-1,0,0.9764258,1
67,39,1,0,0,26.658207,194.50777,115.97622,0.017209161,0.038322546,-0.022716234,5.1960354,5.3683333,2,-1,0,0.9649273,1
67,34,1,0,0,-48.19283,-367.89362,246.39285,-0.0004111274,0.012002969,0.019450637,5.092215,4.975278,2,-1,0,0.9934831,1
67,29,1,0,0,58.85144,322.4264,75.46034,0.007898807,-0.0017238723,0.0003781533,5.512979,5.2672224,2,-1,0,0.98078537,1
67,34,1,1,0,-48.19283,-367.89362,246.39285,-0.0004111274,0.012002969,0.019450637,20.240347,20.284721,2,6,1,0.99974924,1
67,38,1,0,0,54.233845,222.7756,86.81358,0.00029838714,0.03773012,-0.003466015,10.323409,10.139444,2,-1,0,0.9999746,1
67,38,1,1,0,54.233845,222.7756,86.81358,0.00029838714,0.03773012,-0.003466015,23.199776,22.625834,2,7,1,0.99946886,1
67,38,1,0,0,54.233845,222.7756,86.81358,0.00029838714,0.03773012,-0.003466015,6.834937,7.136389,2,-1,0,0.9806111,1
67,32,1,0,0,62.701233,320.30328,356.62653,-0.01626816,0.026663683,0.024652615,5.056889,4.826667,2,-1,0,0.98171073,1
67,32,1,0,0,62.701233,320.30328,356.62653,-0.01626816,0.026663683,0.024652615,9.08393,9.018333,2,-1,0,0.9954585,1
67,38,1,0,0,54.233845,222.7756,86.81358,0.00029838714,0.03773012,-0.003466015,3.2805138,3.145,2,-1,0,0.9368075,1
67,2,1,1,0,-55.24346,363.52573,351.72736,-0.003933198,-0.013438074,-0.00737245,12.469596,12.313056,2,8,1,0.9765745,1
67,39,0,0,0,0.0,0.0,0.0,0.0,0.0,0.0,3.419125,3.3408334,2,-1,0,0.8756261,1
67,2,1,0,0,-55.24346,363.52573,351.72736,-0.003933198,-0.013438074,-0.00737245,6.25691,6.2208333,2,-1,0,0.98083603,1
67,4,1,1,0,57.885384,-311.65872,101.59943,0.0029408326,0.009516325,0.007352702,13.613737,8.449722,2,9,1,0.99962175,1
67,29,1,1,0,58.85144,322.4264,75.46034,0.007898807,-0.0017238723,0.0003781533,9.568952,9.417222,2,10,1,0.87120056,1
67,32,1,0,0,62.701233,320.30328,356.62653,-0.01626816,0.026663683,0.024652615,14.164763,13.971389,2,-1,0,0.99701214,1
67,32,1,1,0,62.701233,320.30328,356.62653,-0.01626816,0.026663683,0.024652615,15.069201,14.981112,2,11,1,0.98325795,1
67,2,1,0,0,-55.24346,363.52573,351.72736,-0.003933198,-0.013438074,-0.00737245,8.7681875,8.53,2,-1,0,0.9908925,1
67,9,1,1,0,74.07342,-212.82141,269.99936,0.0136757875,0.0044445232,-0.003680854,14.9922285,15.050834,2,12,1,0.9625295,1
67,34,1,0,0,-48.19283,-367.89362,246.39285,-0.0004111274,0.012002969,0.019450637,6.624452,6.7708335,2,-1,0,0.9816149,1
67,19,1,1,0,101.371086,560.18945,428.13583,0.0045240307,0.022290783,-0.01728193,33.580555,31.900555,2,13,1,0.99794525,1
67,23,1,0,0,-112.80672,382.11273,369.74954,0.007380915,0.014537127,0.0045512556,5.7460556,5.5855556,2,-1,0,0.97394764,1
67,23,1,1,0,-112.80672,382.11273,369.74954,0.007380915,0.014537127,0.0045512556,12.848396,12.788055,2,14,1,0.98121727,1
67,7,1,1,0,127.77993,140.58281,459.08124,-0.010717919,-0.0039054037,-0.0007571686,13.069577,13.177222,2,15,1,0.9825843,1
67,15,1,1,0,-132.36107,8.961797,342.2303,0.012062707,-0.0053229327,-0.0028835463,15.170319,15.3752775,2,16,1,0.8332494,1
67,13,0,0,0,0.0,0.0,0.0,0.0,0.0,0.0,2.8199446,0.38083333,2,-1,0,0.928862,1
67,33,1,1,0,137.00314,493.61874,333.35678,0.0017272438,-0.0084495805,-0.011703855,13.109042,9.076389,2,17,1,0.9818543,1
67,33,1,0,0,137.00314,493.61874,333.35678,0.0017272438,-0.0084495805,-0.011703855,4.8283334,4.7847223,2,-1,0,0.96823245,1
67,10,1,1,0,-147.634,357.23157,460.67978,0.019038763,0.008395645,0.029248169,6.3299646,6.4183335,2,18,1,0.97118497,1
67,25,1,1,0,157.55432,298.30972,83.66396,-0.026916528,0.009295561,0.0042679864,31.314138,31.256111,2,19,1,0.9999982,1
67,21,1,1,0,-163.66579,79.33525,46.337273,0.019887475,0.031767905,-0.029501304,26.070202,26.250834,2,20,1,0.98537713,1
67,36,1,1,0,-158.03127,243.25128,176.99411,-0.035996158,-0.022355834,-0.00819914,33.37483,38.393333,2,21,1,0.9847584,1
67,2,1,0,0,-154.96556,417.29395,507.89813,-0.003933198,-0.013438074,-0.00737245,4.2225347,4.1291666,2,-1,0,0.9795393,1
67,21,1,0,0,-163.66579,79.33525,46.337273,0.019887475,0.031767905,-0.029501304,14.607973,14.580277,2,-1,0,0.98907554,1
67,36,1,0,0,-158.03127,243.25128,176.99411,-0.035996158,-0.022355834,-0.00819914,3.5892503,3.3983333,2,-1,0,0.91503626,1
67,36,1,0,0,-158.03127,243.25128,176.99411,-0.035996158,-0.022355834,-0.00819914,2.954,2.848611,2,-1,0,0.73678875,1
67,11,1,0,0,189.78549,6.680195,195.0082,-0.019176813,0.019404313,0.017716242,9.76,9.721389,2,-1,0,0.98937184,1
67,18,1,1,0,-185.23283,-450.48154,403.24292,0.015970817,-0.011635818,9.0090296e-05,19.457333,19.539444,2,22,1,0.9982053,1
67,31,1,0,0,-187.277,504.94864,44.804733,-0.028485637,0.028858148,0.0037419025,4.5805273,4.6444445,2,-1,0,0.9761138,1
67,22,1,1,0,-185.11168,-164.33743,450.94144,4.541983e-05,0.013230916,-0.0046703583,14.337869,14.406389,2,23,1,0.99509794,1
67,31,1,1,0,-187.277,504.94864,44.804733,-0.028485637,0.028858148,0.0037419025,25.369743,25.335556,2,24,1,0.99911755,1
67,11,1,1,0,189.78549,6.680195,195.0082,-0.019176813,0.019404313,0.017716242,21.366335,21.128334,2,25,1,0.99754286,1
67,31,1,0,0,-187.277,504.94864,44.804733,-0.028485637,0.028858148,0.0037419025,4.2938056,4.277222,2,-1,0,0.9689088,1
67,31,1,0,0,-187.277,504.94864,44.804733,-0.028485637,0.028858148,0.0037419025,7.7937713,7.790278,2,-1,0,0.9974649,1
67,27,1,1,0,-213.47662,191.19836,376.50388,-0.0028128005,0.003963418,0.012468005,14.691278,12.0325,2,26,1,0.99055016,1
67,17,1,0,0,216.78618,-587.3594,369.61514,-0.0039063245,-0.011298652,-0.034334965,10.452118,7.2741666,2,-1,0,0.96969616,1
67,17,1,1,0,216.78618,-587.3594,369.61514,-0.0039063245,-0.011298652,-0.034334965,7.3135486,7.4972224,2,27,1,0.9770997,1
67,17,1,0,0,216.78618,-587.3594,369.61514,-0.0039063245,-0.011298652,-0.034334965,5.8457565,5.899722,2,-1,0,0.99023426,1
67,17,1,0,0,216.78618,-587.3594,369.61514,-0.0039063245,-0.011298652,-0.034334965,7.255,7.308889,2,-1,0,0.9760059,1
67,14,1,1,0,-221.74657,401.0037,108.69954,-0.00033829137,0.023978377,0.002518866,24.269403,24.500555,2,28,1,0.9991978,1
67,17,1,0,0,216.78618,-587.3594,369.61514,-0.0039063245,-0.011298652,-0.034334965,2.682014,2.6822221,2,-1,0,0.6054104,1
67,30,1,1,0,-261.80783,212.97472,135.67903,0.0069619804,0.013699325,0.006212499,16.500494,16.355278,2,29,1,0.96999353,1
67,37,1,1,0,-273.96637,384.04813,227.34343,0.012606388,-0.0075083543,0.005222573,10.009214,9.991667,2,30,1,0.9423231,1
67,35,1,1,0,-292.03293,-540.8914,233.09001,0.019557543,0.008791925,-0.003508167,6.5117645,6.5997224,2,31,1,0.99071115,1
67,3,1,1,0,311.5001,-510.06656,70.33502,-0.021819491,-0.009969567,0.009751872,11.603757,11.621111,2,32,1,0.969331,1
67,3,1,0,0,311.5001,-510.06656,70.33502,-0.021819491,-0.009969567,0.009751872,13.3590355,11.533611,2,-1,0,0.96920085,1
67,20,1,1,0,309.48663,-67.560555,324.10214,0.0014754898,-0.0046825116,0.0066021043,6.129715,4.84,2,33,1,0.96739566,1
67,40,1,1,0,-315.2793,-328.65857,291.31418,-0.0063916678,0.00040122043,0.008829905,5.429424,5.4191666,2,34,1,0.96889603,1
67,40,1,0,0,-315.2793,-328.65857,291.31418,-0.0063916678,0.00040122043,0.008829905,4.526597,4.5591664,2,-1,0,0.9924992,1
67,26,1,1,0,318.9932,-354.29538,427.62796,0.0068621445,0.0017342399,0.04073343,7.945479,7.9725,2,35,1,0.99095434,1
67,26,1,0,0,318.9932,-354.29538,427.62796,0.0068621445,0.0017342399,0.04073343,5.541903,5.4747224,2,-1,0,0.9312353,1
67,26,1,0,0,318.9932,-354.29538,427.62796,0.0068621445,0.0017342399,0.04073343,4.1332016,4.290278,2,-1,0,0.975689,1
67,26,1,0,0,318.9932,-354.29538,427.62796,0.0068621445,0.0017342399,0.04073343,6.603521,6.470278,2,-1,0,0.98315984,1
67,26,1,0,0,318.9932,-354.29538,427.62796,0.0068621445,0.0017342399,0.04073343,7.055097,6.9480557,2,-1,0,0.9522146,1
67,1,1,1,0,-338.85263,-460.98132,97.88416,0.0008089447,0.004824007,-0.0026225774,5.767028,5.82,2,36,1,0.9792924,1
67,6,1,1,0,-349.7325,5.6686306,347.207,0.010840625,-0.009528655,0.010441268,14.501715,14.555555,2,37,1,0.97498906,1
68,4,1,1,0,-14.144138,-444.98145,155.4885,0.019572945,-1.4508497e-05,0.005495733,19.878084,18.956667,2,0,1,0.99818486,1
68,7,1,1,0,12.976797,496.32812,410.38135,-0.027745225,0.014170096,-0.0047325706,9.203132,9.246667,2,1,1,0.99034715,1
68,38,1,1,0,-48.1409,85.662506,363.0052,2.7870714e-05,-0.0034835415,0.0055835526,7.0556736,7.194722,2,2,1,0.99197245,1
68,33,0,0,0,0.0,0.0,0.0,0.0,0.0,0.0,3.0415971,2.9572222,2,-1,0,0.9342124,1
68,31,1,1,0,66.13613,207.55199,378.52557,-0.0054780594,0.030721677,0.017320339,39.45224,36.363888,2,3,1,0.9976948,1
68,23,1,1,0,82.975655,-201.28215,274.6373,-0.018944032,0.015296558,-0.02027149,37.29031,37.23111,2,4,1,0.9927124,1
68,30,1,0,0,-94.0051,464.06754,248.05338,0.0051864563,0.017522542,-0.039009552,4.3772497,4.3213887,2,-1,0,0.97795814,1
68,30,1,1,0,-94.0051,464.06754,248.05338,0.0051864563,0.017522542,-0.039009552,26.02638,26.094723,2,-1,1,0.9922633,1
68,30,1,0,0,-94.0051,464.06754,248.05338,0.0051864563,0.017522542,-0.039009552,17.097786,17.0425,2,-1,0,0.9984428,1
68,14,1,1,0,-97.384125,584.0,142.12527,-0.0019408521,0.009668743,-0.015800584,19.437786,19.790277,2,5,1,0.9680073,1
68,30,1,0,0,-94.0051,464.06754,248.05338,0.0051864563,0.017522542,-0.039009552,6.3948684,6.1441665,2,-1,0,0.9866534,1
68,11,1,1,0,107.09648,-561.913,33.06765,-0.00065176527,0.01937048,-0.023569908,29.596931,29.581944,2,6,1,0.9852874,1
68,16,1,1,0,-109.914925,-587.6943,433.46454,-0.055647198,-0.025825143,0.035957694,39.41665,49.255833,2,7,1,0.62765175,1
68,16,1,0,0,-109.914925,-587.6943,433.46454,-0.055647198,-0.025825143,0.035957694,12.00768,12.310555,2,-1,0,0.9566647,1
68,17,1,0,0,142.4197,-5.42604,181.77908,-0.0040494706,-0.022967122,-0.0019904233,6.134861,6.248889,2,-1,0,0.9744194,1
68,16,1,0,0,-109.914925,-587.6943,433.46454,-0.055647198,-0.025825143,0.035957694,3.8960416,3.835,2,-1,0,0.9854666,1
68,32,0,0,0,0.0,0.0,0.0,0.0,0.0,0.0,2.5940487,2.6733334,2,-1,0,0.5265016,1
68,17,1,1,0,142.4197,-5.42604,181.77908,-0.0040494706,-0.022967122,-0.0019904233,26.153624,26.489445,2,8,1,0.99857426,1
68,3,0,0,0,0.0,0.0,0.0,0.0,0.0,0.0,6.8286805,-1.0,2,-1,0,0.96450335,1
68,24,1,1,0,148.29796,315.39493,90.19331,0.025702685,-0.008505705,0.01878241,33.815685,32.39722,2,9,1,0.8035642,1
68,8,1,1,0,155.80424,106.29264,431.5548,0.0022027441,0.0095461365,0.009377542,10.082089,8.521944,2,10,1,0.99015117,1
68,8,1,0,0,155.80424,106.29264,431.5548,0.0022027441,0.0095461365,0.009377542,5.591361,5.6563888,2,-1,0,0.9985464,1
68,26,1,0,0,190.63643,471.7366,139.79431,-0.05035654,0.0057243523,0.024813242,5.4061394,5.4244447,2,-1,0,0.99043804,1
68,36,1,1,0,-163.4095,-573.89813,415.41168,-0.00045053638,0.013475158,-0.0035245467,13.274521,13.540556,2,11,1,0.9977598,1
68,20,1,1,0,163.14409,-282.97214,226.82259,0.013683543,-0.011423668,-0.0073852236,10.475514,10.431945,2,12,1,0.96748346,1
68,20,1,0,0,163.14409,-282.97214,226.82259,0.013683543,-0.011423668,-0.0073852236,9.837972,9.681666,2,-1,0,0.97892034,1
68,26,1,1,0,190.63643,471.7366,139.79431,-0.05035654,0.0057243523,0.024813242,31.22547,52.753056,2,13,1,0.9967339,1
68,10,1,1,0,-172.43433,-477.82425,34.136234,-0.0105212,-0.0049740504,-0.017427381,20.685278,17.320555,2,14,1,0.999969,1
68,5,1,1,0,183.81433,-266.03827,126.21591,-0.010835066,0.001022145,-0.008421422,12.150722,12.106389,2,15,1,0.9495164,1
68,32,1,1,0,182.39255,-179.40466,178.87039,0.008530055,-0.02443022,0.0020494214,29.53023,28.114445,2,16,1,0.99512875,1
68,9,0,0,0,0.0,0.0,0.0,0.0,0.0,0.0,4.783556,-1.0,2,-1,0,0.9711869,1
68,9,0,0,0,0.0,0.0,0.0,0.0,0.0,0.0,13.115438,-1.0,2,-1,0,0.9849806,1
68,37,1,1,0,-189.13087,506.95938,356.31854,0.0032399741,0.008215146,-0.009484493,12.614535,12.757778,2,17,1,0.99123126,1
68,39,1,1,0,-201.84698,-351.5543,271.43668,0.011205214,-0.006630141,-0.0087984195,17.486134,17.300556,2,18,1,0.91679007,1
68,22,1,1,0,289.645,47.519005,417.84933,-0.01210234,0.03859142,-0.015691457,17.556028,17.560556,2,19,1,0.9990534,1
68,39,1,0,0,-201.84698,-351.5543,271.43668,0.011205214,-0.006630141,-0.0087984195,4.818597,4.884444,2,-1,0,0.9891943,1
68,15,1,1,0,-210.235,233.89117,209.19394,-0.00092773576,-0.011989602,-0.0012861174,10.8718605,10.920278,2,20,1,0.9952982,1
68,12,1,1,0,-216.82748,-28.346437,343.91055,-0.009643612,-0.02681815,0.009614966,26.225792,26.035833,2,22,1,0.99741447,1
68,34,1,1,0,-219.10976,589.13635,93.984886,0.00042402287,-0.0032134675,0.018720772,19.471458,18.968056,2,23,1,0.979214,1
68,12,1,0,0,-216.82748,-28.346437,343.91055,-0.009643612,-0.02681815,0.009614966,4.3261943,4.438889,2,-1,0,0.87056404,1
68,3,0,0,0,0.0,0.0,0.0,0.0,0.0,0.0,3.2196043,-1.0,2,-1,0,0.9120284,1
68,21,0,0,0,0.0,0.0,0.0,0.0,0.0,0.0,8.122167,-1.0,2,-1,0,0.96377057,1
68,33,1,0,0,288.11063,-483.15448,357.80338,-0.019099487,0.010535766,-0.022457693,3.4873264,3.5344443,2,-1,0,0.9702461,1
68,1,1,1,0,-234.31721,516.0317,358.86627,0.009784828,0.010435221,0.03708036,15.296853,15.426945,2,24,1,0.9754925,1
68,1,1,0,0,-234.31721,516.0317,358.86627,0.009784828,0.010435221,0.03708036,12.315994,12.245833,2,-1,0,0.9689484,1
68,1,1,0,0,-234.31721,516.0317,358.86627,0.009784828,0.010435221,0.03708036,7.442889,7.4375,2,-1,0,0.9784806,1
68,29,1,1,0,246.78917,514.53925,409.3532,0.015000407,0.013910963,-0.00819341,22.47418,20.615555,2,25,1,0.973855,1
68,33,1,0,0,288.11063,-483.15448,357.80338,-0.019099487,0.010535766,-0.022457693,3.3277636,3.3291667,2,-1,0,0.9657519,1
68,6,1,1,0,274.09555,-30.440634,45.331535,-0.008062804,0.022385942,0.0061362083,25.93289,25.8675,2,26,1,0.9957594,1
68,35,1,1,0,276.97894,-237.63702,409.40662,0.012376002,0.014171596,0.01687452,22.87441,21.219444,2,27,1,0.9898095,1
68,40,1,1,0,-352.11127,69.03337,264.4339,0.02093563,-0.0073445104,0.014748769,12.754167,12.656389,2,28,1,0.992816,1
68,2,1,0,0,311.59644,541.428,224.40251,0.0061513437,0.00085660984,-0.0074899485,2.423125,2.4269445,2,-1,0,0.51034415,1
68,22,1,0,0,289.645,47.519005,417.84933,-0.01210234,0.03859142,-0.015691457,7.464639,7.284167,2,-1,0,0.98330575,1
68,18,1,1,0,284.74246,-25.162802,114.61065,0.005262598,0.006947706,-0.003986978,11.686444,11.8075,2,29,1,0.9818771,1
68,33,1,1,0,288.11063,-483.15448,357.80338,-0.019099487,0.010535766,-0.022457693,20.452986,20.712223,2,30,1,0.9653009,1
68,22,1,0,0,289.645,47.519005,417.84933,-0.01210234,0.03859142,-0.015691457,9.053528,9.108611,2,-1,0,0.9718613,1
68,2,1,1,0,311.59644,541.428,224.40251,0.0061513437,0.00085660984,-0.0074899485,9.389312,9.442223,2,31,1,0.95547783,1
68,28,1,1,0,313.30795,-474.6726,54.530018,0.0085867215,0.005865086,0.005477412,7.5352635,7.5311112,2,32,1,0.9818543,1
68,13,0,0,0,0.0,0.0,0.0,0.0,0.0,0.0,4.1039863,-1.0,2,-1,0,0.9503238,1
68,13,0,0,0,0.0,0.0,0.0,0.0,0.0,0.0,12.136105,-1.0,2,-1,0,0.9959341,1
68,13,0,0,0,0.0,0.0,0.0,0.0,0.0,0.0,3.793639,-1.0,2,-1,0,0.9617184,1
68,19,1,1,0,334.7572,-249.9349,34.382095,-0.005958845,0.004881969,0.018696997,13.37584,12.583333,2,33,1,0.97927654,1
68,40,1,0,0,-352.11127,69.03337,264.4339,0.02093563,-0.0073445104,0.014748769,6.3753333,6.3505554,2,-1,0,0.9826303,1
68,27,1,1,0,-358.90408,-138.53374,167.4129,-0.0361647,-0.013278999,0.009403861,8.630472,7.604722,2,-1,1,0.91788834,1
69,23,1,1,0,-2.6942637,447.596,353.12308,-0.0022143228,0.014114168,-0.013915964,4.5861044,4.455,2,0,1,0.97119474,1
69,27,1,1,0,-3.434372,239.67104,288.566,-0.019671379,-0.020986315,0.025763478,30.813173,30.995832,2,1,1,0.99888366,1
69,4,1,1,0,21.64057,-404.70865,159.45338,0.01268318,-0.0050992714,0.01582876,20.127714,20.145555,2,2,1,0.995235,1
69,39,1,0,0,35.128555,320.65332,300.80618,-0.027818348,0.00852014,-0.013193321,10.801757,10.705833,2,-1,0,0.99032146,1
69,39,1,1,0,35.128555,320.65332,300.80618,-0.027818348,0.00852014,-0.013193321,26.942883,26.866388,2,3,1,0.9896835,1
69,26,1,1,0,32.212124,488.18463,147.56105,0.010475248,0.013843278,0.005634517,22.957159,22.867777,2,4,1,0.9945358,1
69,8,0,0,0,0.0,0.0,0.0,0.0,0.0,0.0,12.033139,-1.0,2,-1,0,0.9529474,1
69,39,1,0,0,35.128555,320.65332,300.80618,-0.027818348,0.00852014,-0.013193321,3.2435694,3.155,2,-1,0,0.77751446,1
69,20,1,1,0,-47.79051,96.05759,111.71982,0.014526052,-0.015000788,0.016808625,30.887096,31.04,2,5,1,0.9867423,1
69,33,1,0,0,-61.526817,578.1904,167.42607,0.014136458,0.011007729,-0.023885062,6.912625,6.8247223,2,-1,0,0.9999049,1
69,33,1,1,0,-61.526817,578.1904,167.42607,0.014136458,0.011007729,-0.023885062,26.529943,26.136389,2,6,1,1.0,1
69,14,1,1,0,-54.443264,-60.980957,3.1936939,-0.007875896,-0.0060275984,-0.0047041154,12.452153,12.348611,2,7,1,0.9850306,1
69,10,1,1,0,58.463093,-35.92458,443.07047,-0.0156351,0.0212194,0.0022166867,32.291103,32.27722,2,8,1,0.951,1
69,8,0,0,0,0.0,0.0,0.0,0.0,0.0,0.0,13.914985,-1.0,2,-1,0,0.9997594,1
69,3,1,0,0,-103.29631,-207.02184,369.46866,0.024271803,0.00015220777,-0.0033136306,3.2955346,3.2344444,2,-1,0,0.9239247,1
69,25,1,0,0,47.30991,-229.47643,409.1179,-0.019554289,-0.009684022,0.0112952115,3.0638332,3.166111,2,-1,0,0.5080184,1
69,32,1,0,0,74.16641,479.9805,251.72374,0.0074014654,-0.018908286,-0.022864351,6.922923,6.908889,2,-1,0,0.99990094,1
69,3,1,0,0,-103.29631,-207.02184,369.46866,0.024271803,0.00015220777,-0.0033136306,5.480889,5.4766665,2,-1,0,0.9892281,1
69,3,1,1,0,-103.29631,-207.02184,369.46866,0.024271803,0.00015220777,-0.0033136306,9.32718,9.231944,2,9,1,0.99912196,1
69,32,1,1,0,74.16641,479.9805,251.72374,0.0074014654,-0.018908286,-0.022864351,11.983422,12.138889,2,10,1,0.9937018,1
69,32,1,0,0,74.16641,479.9805,251.72374,0.0074014654,-0.018908286,-0.022864351,8.333965,8.218056,2,-1,0,0.9871616,1
69,32,1,0,0,74.16641,479.9805,251.72374,0.0074014654,-0.018908286,-0.022864351,5.9931316,6.0655556,2,-1,0,0.7669619,1
69,11,1,1,0,-108.60839,322.91693,437.7656,-0.008017322,0.011947994,-0.03309092,24.491117,23.523333,2,11,1,0.99242157,1
69,11,1,0,0,-108.60839,322.91693,437.7656,-0.008017322,0.011947994,-0.03309092,7.447667,7.449167,2,-1,0,0.98864204,1
69,30,1,0,0,-112.13902,14.388646,209.01382,-0.012701881,-0.0025224339,0.014010345,4.4937706,4.5175,2,-1,0,0.9355434,1
69,30,1,1,0,-112.13902,14.388646,209.01382,-0.012701881,-0.0025224339,0.014010345,13.830299,13.026389,2,12,1,0.9993574,1
69,30,1,0,0,-112.13902,14.388646,209.01382,-0.012701881,-0.0025224339,0.014010345,6.637264,6.5877776,2,-1,0,0.9795074,1
69,11,1,0,0,-108.60839,322.91693,437.7656,-0.008017322,0.011947994,-0.03309092,3.1144307,3.1805556,2,-1,0,0.8261084,1
69,25,1,1,0,136.33269,-298.15024,420.28833,-0.019554289,-0.009684022,0.0112952115,15.399404,15.543333,2,13,1,0.98970664,1
69,25,1,0,0,136.33269,-298.15024,420.28833,-0.019554289,-0.009684022,0.0112952115,6.7615623,6.7327776,2,-1,0,0.99896276,1
69,31,1,1,0,-147.29514,-69.68932,41.67512,-0.0017392344,-0.031173008,-0.021661865,29.40105,28.938612,2,14,1,0.99622667,1
69,22,0,0,0,0.0,0.0,0.0,0.0,0.0,0.0,4.6324162,4.541111,2,-1,0,0.9344749,1
69,31,1,0,0,-147.29514,-69.68932,41.67512,-0.0017392344,-0.031173008,-0.021661865,9.927923,10.213333,2,-1,0,0.9979086,1
69,21,1,0,0,166.04356,-370.61554,283.41388,0.025842274,0.013442409,0.012375398,4.407173,4.383611,2,-1,0,0.87294763,1
69,21,1,1,0,166.04356,-370.61554,283.41388,0.025842274,0.013442409,0.012375398,9.78273,9.819167,2,15,1,0.98473907,1
69,21,1,0,0,166.04356,-370.61554,283.41388,0.025842274,0.013442409,0.012375398,7.154285,7.1705556,2,-1,0,0.96300536,1
69,16,1,1,0,-176.86203,-356.9104,104.02148,-0.008388219,-0.0012984757,0.00259171,9.38868,7.666389,2,16,1,0.98532397,1
69,22,1,1,0,-181.00392,91.19905,273.77646,-0.02300751,0.013153037,-0.002493658,23.151064,23.164167,2,17,1,0.9968754,1
69,21,1,0,0,166.04356,-370.61554,283.41388,0.025842274,0.013442409,0.012375398,3.7445972,3.7416666,2,-1,0,0.9582671,1
69,7,1,1,0,203.97313,458.49615,238.68951,-0.012347727,-0.0085677365,0.028223133,30.875877,30.923334,2,-1,1,0.9890745,1
69,2,1,1,0,-211.50558,572.86194,57.84561,-0.0011937805,-0.021000478,0.0005334558,19.29859,1.8491666,2,18,1,0.9993476,1
69,9,1,1,0,-228.14536,79.82422,37.976322,0.0070735905,-0.018770665,-0.008301319,26.635021,22.819445,2,19,1,0.9004403,1
69,37,1,1,0,241.55876,-526.78516,73.47624,-0.041560166,-0.03859431,0.00031186355,27.557526,42.342224,2,20,1,0.999944,1
69,18,1,1,0,244.68158,-251.91316,58.533936,-0.027851125,0.019005412,0.03192113,38.196293,43.05639,2,21,1,0.9990054,1
69,37,1,0,0,241.55876,-526.78516,73.47624,-0.041560166,-0.03859431,0.00031186355,10.88089,10.997222,2,-1,0,0.9713259,1
69,6,1,1,0,-235.48462,312.29752,19.070452,-0.009379652,-0.0036759768,-0.0025655194,10.714604,10.741389,2,22,1,0.95284086,1
69,36,1,1,0,-243.80397,17.452856,278.44366,-0.0027326818,0.02346169,-0.017058909,21.25561,21.215834,2,23,1,0.9981688,1
69,36,1,0,0,-243.80397,17.452856,278.44366,-0.0027326818,0.02346169,-0.017058909,5.2668195,5.308889,2,-1,0,0.98773605,1
69,19,1,1,0,248.76964,372.89197,428.11398,-0.0094203465,0.014041576,0.012299327,18.33023,18.262777,2,24,1,0.91933787,1
69,34,1,1,0,250.95506,-159.93097,179.6893,-0.00851062,0.0036886279,0.0050696936,10.898681,10.929444,2,25,1,0.994399,1
69,13,1,1,0,-265.87637,20.57105,225.43933,-0.006216291,0.026404677,0.018265951,20.86764,19.059166,2,26,1,0.9900822,1
69,38,1,0,0,-302.1244,346.63892,47.96413,0.026463872,0.03357012,0.021102484,4.3941665,4.4508333,2,-1,0,0.9332363,1
69,17,1,1,0,278.81857,32.59871,13.401734,0.0021175712,-0.00063786074,-0.0019051254,4.3795834,4.4708333,2,27,1,0.96899956,1
69,13,1,0,0,-265.87637,20.57105,225.43933,-0.006216291,0.026404677,0.018265951,8.470591,8.497778,2,-1,0,0.98585016,1
69,38,1,1,0,-302.1244,346.63892,47.96413,0.026463872,0.03357012,0.021102484,38.53351,36.603333,2,28,1,0.8957514,1
69,15,1,1,0,300.13174,-172.15996,26.736546,0.0002395697,0.03136602,-0.017108964,29.531181,27.18,2,29,1,0.999223,1
69,28,1,1,0,300.88687,182.28664,300.53598,0.0066465084,-0.0056378604,-0.009545243,12.219646,12.258889,2,30,1,0.9682009,1
69,40,1,1,0,-303.39777,588.4724,276.29745,-0.010944999,-0.026001604,-0.0010705149,19.303867,15.731112,2,31,1,0.98546046,1
69,24,1,1,0,308.67688,87.11901,429.65915,-0.008352309,0.008317584,-0.019056696,22.265179,22.394167,2,32,1,0.9453218,1
69,40,1,0,0,-303.39777,588.4724,276.29745,-0.010944999,-0.026001604,-0.0010705149,3.0239098,3.0205555,2,-1,0,0.5490858,1
69,5,1,1,0,318.46075,-312.87784,185.47449,0.017753936,-0.00807981,-0.022052031,21.31227,21.459444,2,33,1,0.9642537,1
69,12,1,0,0,-356.1746,-121.84447,222.45169,0.0077864667,0.016282802,0.033381645,4.494604,4.525833,2,-1,0,0.92540646,1
69,35,1,1,0,350.03635,-135.44276,38.060993,-0.0042763893,0.013324686,-0.0027222014,13.885168,13.898889,2,34,1,0.981918,1
69,12,1,1,0,-356.1746,-121.84447,222.45169,0.0077864667,0.016282802,0.033381645,5.6524725,5.646111,2,35,1,0.98785084,1
69,1,1,1,0,354.19766,403.94836,26.665855,-0.00036305096,-0.0014415545,0.015559231,11.672799,11.537778,2,36,1,0.9768777,1
69,12,0,0,0,0.0,0.0,0.0,0.0,0.0,0.0,13.019944,-1.0,2,-1,0,0.9954639,1
69,29,1,1,0,-357.58014,-4.904855,143.57693,-0.0013791766,-0.00578646,-0.0024315077,5.7794857,5.779722,2,37,1,0.9996132,1
70,7,1,1,0,11.898895,214.94725,156.20201,-0.00088663027,-0.0039938586,0.011235107,14.585861,14.45,2,0,1,0.9985404,1
70,27,1,0,0,56.643,86.14608,382.75238,-0.019225826,-0.0009773334,0.0061734454,3.221375,3.3069444,2,-1,0,0.78293425,1
70,31,1,1,0,12.413092,384.10614,403.49847,-0.00011096465,-0.015568327,-0.006471812,21.529,21.307222,2,1,1,0.9991768,1
70,32,1,0,0,-15.794733,-96.26919,357.1464,0.0022622845,0.01056366,0.0047525913,5.1025767,4.9030557,2,-1,0,0.9993237,1
70,32,1,1,0,-15.794733,-96.26919,357.1464,0.0022622845,0.01056366,0.0047525913,9.642235,7.9119444,2,2,1,0.9989029,1
70,3,1,1,0,-43.782063,490.93326,96.36715,-0.0021818352,0.0022031094,-0.006468484,5.934375,5.8555555,2,3,1,0.96717024,1
70,9,1,0,0,-37.538643,75.66534,171.49675,0.018908737,0.02524376,-0.023345774,4.329917,4.2694445,2,-1,0,0.9615447,1
70,27,1,1,0,56.643,86.14608,382.75238,-0.019225826,-0.0009773334,0.0061734454,8.171069,8.238611,2,4,1,0.9993825,1
70,17,1,0,0,-32.706276,216.73093,121.11317,0.007638999,-0.016226294,-0.017494641,6.607666,6.611111,2,-1,0,0.97309214,1
70,9,1,1,0,-37.538643,75.66534,171.49675,0.018908737,0.02524376,-0.023345774,37.986763,37.90917,2,5,1,0.9983432,1
70,17,1,1,0,-32.706276,216.73093,121.11317,0.007638999,-0.016226294,-0.017494641,26.653412,24.187778,2,6,1,0.9983071,1
70,24,1,1,0,-42.070354,409.96103,183.51059,-0.009490493,-0.010661724,0.0039870054,11.290292,11.299167,2,7,1,0.994371,1
70,24,1,0,0,-42.070354,409.96103,183.51059,-0.009490493,-0.010661724,0.0039870054,6.964,6.5858335,2,-1,0,0.98734206,1
70,3,1,0,0,-43.782063,490.93326,96.36715,-0.0021818352,0.0022031094,-0.006468484,4.484611,4.1319447,2,-1,0,0.97386146,1
70,3,1,0,0,-43.782063,490.93326,96.36715,-0.0021818352,0.0022031094,-0.006468484,3.8833127,3.8475,2,-1,0,0.981006,1
70,27,1,0,0,56.643,86.14608,382.75238,-0.019225826,-0.0009773334,0.0061734454,8.156861,8.207222,2,-1,0,0.7342725,1
70,2,1,1,0,-71.38785,587.1604,353.34064,-0.0032660505,0.02838649,0.0015091544,17.495043,17.444445,2,8,1,0.9995239,1
70,2,1,0,0,-71.38785,587.1604,353.34064,-0.0032660505,0.02838649,0.0015091544,3.7751389,2.5269444,2,-1,0,0.8617227,1
70,25,1,0,0,-91.7775,479.6479,238.39043,-0.0004803733,-0.0003744955,0.015623782,6.4056673,6.4166665,2,-1,0,0.9750758,1
70,25,1,1,0,-91.7775,479.6479,238.39043,-0.0004803733,-0.0003744955,0.015623782,15.197133,14.728056,2,10,1,0.83421504,1
70,8,1,0,0,104.389694,194.47682,360.5039,-0.011391839,0.027156305,-0.0023041747,3.8096876,3.7775,2,-1,0,0.9960473,1
70,8,1,1,0,104.389694,194.47682,360.5039,-0.011391839,0.027156305,-0.0023041747,26.52177,26.594444,2,11,1,0.99999976,1
70,36,1,0,0,-147.50734,119.63682,444.59738,0.031354006,0.017761726,-0.0056276177,4.404118,4.437778,2,-1,0,0.98548895,1
70,36,1,0,0,-147.50734,119.63682,444.59738,0.031354006,0.017761726,-0.0056276177,6.0781455,5.9252777,2,-1,0,0.989702,1
70,18,1,0,0,113.501,-585.25934,416.91953,0.02908541,0.0029588046,-0.00908459,10.296035,7.6375,2,-1,0,0.98585147,1
70,18,1,1,0,113.501,-585.25934,416.91953,0.02908541,0.0029588046,-0.00908459,20.580452,20.781666,2,12,1,0.92783344,1
70,4,1,0,0,132.10182,-419.9359,141.37804,0.020050138,0.012426563,-0.004111051,4.685611,4.6844444,2,-1,0,0.9780828,1
70,18,1,0,0,113.501,-585.25934,416.91953,0.02908541,0.0029588046,-0.00908459,5.458125,5.5275,2,-1,0,0.95769125,1
70,4,1,1,0,132.10182,-419.9359,141.37804,0.020050138,0.012426563,-0.004111051,12.7900915,10.070278,2,13,1,0.99995625,1
70,34,1,1,0,134.98677,-222.18312,153.33987,0.0070278323,-0.006040763,0.0042886445,10.982937,11.042222,2,14,1,0.9722197,1
70,15,1,1,0,-137.7993,-533.30365,347.89438,-0.0064303856,-0.017404914,-0.0111680105,24.294947,22.547777,2,15,1,0.9978788,1
70,4,1,0,0,132.10182,-419.9359,141.37804,0.020050138,0.012426563,-0.004111051,5.049888,4.9794445,2,-1,0,0.96864855,1
70,36,1,1,0,-147.50734,119.63682,444.59738,0.031354006,0.017761726,-0.0056276177,24.18834,24.0975,2,16,1,0.9988217,1
70,4,1,0,0,132.10182,-419.9359,141.37804,0.020050138,0.012426563,-0.004111051,5.7808824,5.673611,2,-1,0,0.9917389,1
70,28,1,0,0,197.72418,514.33105,428.4025,-0.012320033,-0.02036063,-0.00782537,4.391924,4.3255553,2,-1,0,0.96248144,1
70,23,1,1,0,-185.69853,-366.54538,40.90499,0.0138679575,0.025535095,-0.022268014,33.849728,34.026943,2,17,1,0.99772495,1
70,28,1,1,0,197.72418,514.33105,428.4025,-0.012320033,-0.02036063,-0.00782537,19.142702,18.993334,2,18,1,0.99030966,1
70,29,1,0,0,210.81265,-78.740616,9.241249,0.03832544,0.013576098,0.0010592978,15.154867,15.200833,2,-1,0,0.9991345,1
70,1,1,1,0,212.01694,599.6505,70.006485,0.0009657211,-0.0033675013,0.0071058054,3.3806388,3.4241667,2,19,1,0.92427355,1
70,11,1,1,0,-220.33986,136.84207,433.5953,-2.773923e-05,-0.013293871,-0.027508568,25.845161,25.7575,2,20,1,0.97829217,1
70,29,1,1,0,210.81265,-78.740616,9.241249,0.03832544,0.013576098,0.0010592978,17.064617,17.054167,2,21,1,0.99999917,1
70,12,1,0,0,239.10901,280.43832,108.52614,-0.0030910233,-0.011898952,0.018446777,4.967305,4.8344445,2,-1,0,0.96534246,1
70,39,1,0,0,239.81006,-71.40478,421.10635,-0.0036636768,-0.024532953,-0.017798578,9.149222,9.1472225,2,-1,0,0.98825735,1
70,6,0,0,0,0.0,0.0,0.0,0.0,0.0,0.0,6.9124722,-1.0,2,-1,0,0.9973627,1
70,12,1,1,0,239.10901,280.43832,108.52614,-0.0030910233,-0.011898952,0.018446777,17.088333,17.087778,2,22,1,0.9989299,1
70,39,1,1,0,239.81006,-71.40478,421.10635,-0.0036636768,-0.024532953,-0.017798578,15.993,15.911667,2,23,1,0.9989635,1
70,26,1,1,0,-255.07442,235.09193,68.479294,0.015789501,0.027461575,0.005677099,19.067743,19.026388,2,24,1,0.9999455,1
70,29,1,0,0,210.81265,-78.740616,9.241249,0.03832544,0.013576098,0.0010592978,6.391924,6.5019445,2,-1,0,0.9718123,1
70,26,1,0,0,-255.07442,235.09193,68.479294,0.015789501,0.027461575,0.005677099,11.500284,11.418333,2,-1,0,0.85361165,1
70,33,1,1,0,-268.24512,-258.5141,426.56625,0.031985547,-0.01662984,-0.01203008,33.53422,33.622223,2,25,1,0.997681,1
70,5,1,1,0,-265.06998,338.9149,336.6993,0.0059735584,-0.0069826003,-0.009900456,10.385111,10.555278,2,-1,1,0.9592303,1
70,20,1,1,0,-267.24454,524.6657,111.16842,0.0049721473,0.0046560224,0.01137983,9.216681,9.105833,2,26,1,0.9682027,1
70,33,1,0,0,-268.24512,-258.5141,426.56625,0.031985547,-0.01662984,-0.01203008,4.740167,4.829167,2,-1,0,0.9861233,1
70,35,1,1,0,282.37802,452.83173,8.808833,0.017095312,0.00034070818,-0.012815554,15.280125,15.328055,2,27,1,0.99997926,1
70,35,1,0,0,282.37802,452.83173,8.808833,0.017095312,0.00034070818,-0.012815554,4.8808475,4.9063888,2,-1,0,0.9757751,1
70,35,1,0,0,282.37802,452.83173,8.808833,0.017095312,0.00034070818,-0.012815554,3.9684374,4.0041666,2,-1,0,0.98628753,1
70,16,0,0,0,0.0,0.0,0.0,0.0,0.0,0.0,3.2049446,-1.0,2,-1,0,0.59388417,1
70,30,1,1,0,310.51178,-269.74274,61.085384,0.0058145314,0.00062079454,-0.017236268,12.447111,8.030278,2,28,1,0.99392515,1
70,19,1,1,0,-327.62054,159.89653,393.36673,-0.0002628137,0.025359627,0.007742347,23.73529,23.769444,2,29,1,0.99603385,1
70,10,1,1,0,327.93924,-113.93765,447.37662,0.016560903,0.006072876,-0.009783573,15.552722,12.136389,2,30,1,0.95061857,1
70,22,1,1,0,324.77536,348.88998,320.17773,0.0036742531,-0.0263074,0.021205675,16.236229,16.403055,2,31,1,0.99628264,1
70,22,1,0,0,324.77536,348.88998,320.17773,0.0036742531,-0.0263074,0.021205675,7.1114163,7.2672224,2,-1,0,0.9840882,1
70,13,1,0,0,-338.6722,-339.2578,390.25314,0.014027918,0.02088383,-0.009786051,7.8766594,7.736111,2,-1,0,0.993919,1
70,37,1,1,0,336.7884,125.632744,206.57686,-0.011105893,-0.016880361,0.015396659,16.438755,16.696667,2,32,1,0.99288005,1
70,37,1,0,0,336.7884,125.632744,206.57686,-0.011105893,-0.016880361,0.015396659,4.1182084,4.053889,2,-1,0,0.9317671,1
70,13,1,1,0,-338.6722,-339.2578,390.25314,0.014027918,0.02088383,-0.009786051,18.719715,18.695555,2,33,1,0.97097796,1
70,16,1,1,0,335.88818,36.925545,152.81445,0.012048934,0.0028113173,-0.006857212,13.331291,13.275,2,34,1,0.9996276,1
70,16,0,0,0,0.0,0.0,0.0,0.0,0.0,0.0,3.0182915,-1.0,2,-1,0,0.546329,1
70,6,0,0,0,0.0,0.0,0.0,0.0,0.0,0.0,4.7834997,-1.0,2,-1,0,0.99417603,1
70,21,1,1,0,-355.61896,-425.3378,31.024302,0.00015539835,0.0064377114,-0.02087674,15.0877495,14.840278,2,35,1,0.9447669,1
70,14,1,1,0,-353.18378,-434.8659,1.2668979,-0.028452132,0.014376664,0.005916163,19.60552,17.567778,2,36,1,0.99989116,1
70,14,1,0,0,-353.18378,-434.8659,1.2668979,-0.028452132,0.014376664,0.005916163,2.183389,2.1813889,2,-1,0,0.9767849,1
70,38,1,1,0,358.5644,-54.55262,409.25873,0.02201159,0.021334784,-0.00852368,22.865728,22.95861,2,37,1,0.9909649,1
71,18,1,1,0,13.785156,478.03082,416.05865,-0.0044670017,0.0124824075,0.008448693,13.461487,13.251389,2,0,1,0.9838771,1
71,5,1,1,0,-16.081697,473.04163,374.42377,0.00918111,-0.013620405,0.002228355,18.97397,18.723333,2,1,1,0.9930218,1
71,5,1,0,0,-16.081697,473.04163,374.42377,0.00918111,-0.013620405,0.002228355,5.3755417,5.2083335,2,-1,0,0.9816845,1
71,22,1,1,0,-18.67268,-296.62863,223.49577,-0.006302864,0.0063220025,0.00056207855,10.572591,10.754444,2,2,1,0.9971584,1
71,16,1,1,0,-18.066666,19.418753,217.86441,-0.030292062,0.005473662,-0.015602754,18.34591,17.979166,2,3,1,0.99704653,1
71,39,1,1,0,-30.768997,493.89633,84.77301,-0.022605743,0.01181924,0.00959333,30.942598,31.295279,2,4,1,0.9997671,1
71,16,1,0,0,-18.066666,19.418753,217.86441,-0.030292062,0.005473662,-0.015602754,7.089069,6.911111,2,-1,0,0.9962607,1
71,16,1,0,0,-18.066666,19.418753,217.86441,-0.030292062,0.005473662,-0.015602754,9.337889,9.507778,2,-1,0,0.95622945,1
71,32,1,0,0,101.96908,571.16565,266.05392,-0.0057411315,0.021328388,0.02172375,6.1433544,6.0322223,2,-1,0,0.9748682,1
71,24,1,1,0,-71.96361,-380.2871,405.19827,0.009974721,0.0014685713,0.004745735,13.040048,12.891111,2,5,1,0.99311405,1
71,25,1,0,0,93.62564,395.36783,22.385393,0.010453999,0.004807181,-0.00561279,3.7189515,3.605,2,-1,0,0.9761386,1
71,25,1,1,0,93.62564,395.36783,22.385393,0.010453999,0.004807181,-0.00561279,15.635963,15.336945,2,6,1,0.9969074,1
71,31,1,1,0,95.427055,-15.240972,381.40994,-0.0031282816,-0.0028634502,-0.003091553,6.073938,5.8897223,2,7,1,0.9322998,1
71,21,1,1,0,-104.703285,213.21542,170.91183,0.0132480385,0.023915116,0.0005413756,28.211172,28.198055,2,8,1,0.84361404,1
71,13,1,1,0,-97.30706,309.37512,404.30417,-0.032082338,-0.016014047,-0.011178983,24.392473,24.3525,2,9,1,0.9949168,1
71,32,1,1,0,101.96908,571.16565,266.05392,-0.0057411315,0.021328388,0.02172375,31.864985,31.871666,2,10,1,0.99289715,1
71,8,1,1,0,104.41583,-141.09361,241.28877,-0.0051032514,0.010491841,-0.015237843,14.352257,14.2225,2,11,1,0.9980088,1
71,13,1,0,0,-97.30706,309.37512,404.30417,-0.032082338,-0.016014047,-0.011178983,13.760868,13.616111,2,-1,0,0.98649466,1
71,8,1,0,0,104.41583,-141.09361,241.28877,-0.0051032514,0.010491841,-0.015237843,3.8599098,3.7827778,2,-1,0,0.92263436,1
71,27,1,1,0,-107.54117,-108.915726,243.05264,0.0029528525,-0.024141893,0.021524165,33.544327,31.16639,2,12,1,0.97752243,1
71,8,0,0,0,0.0,0.0,0.0,0.0,0.0,0.0,3.7509305,-1.0,2,-1,0,0.9233574,1
71,25,1,0,0,113.63154,403.63202,7.019795,0.010453999,0.004807181,-0.00561279,4.0448337,4.0513887,2,-1,0,0.9708163,1
71,21,1,0,0,-104.703285,213.21542,170.91183,0.0132480385,0.023915116,0.0005413756,6.2259235,6.2975,2,-1,0,0.97494465,1
71,37,1,1,0,-129.15538,-238.03946,250.15114,0.011505081,-0.019623442,0.017272208,29.947578,30.265833,2,13,1,0.9946075,1
71,9,1,0,0,139.14062,-198.5913,54.905544,0.005346602,0.012309361,0.012538579,6.3745627,6.3130555,2,-1,0,0.99601644,1
71,14,1,1,0,133.16309,431.76923,287.13254,-0.004846755,-0.013110914,0.008917324,18.729315,18.486666,2,14,1,0.99743867,1
71,37,1,0,0,-129.15538,-238.03946,250.15114,0.011505081,-0.019623442,0.017272208,6.0477715,6.0077777,2,-1,0,0.97653174,1
71,9,1,1,0,139.14062,-198.5913,54.905544,0.005346602,0.012309361,0.012538579,16.652542,16.678888,2,15,1,0.99514186,1
71,3,1,1,0,143.80621,-238.75389,452.27844,0.029899085,-0.00891719,0.0057867095,18.799221,12.116389,2,16,1,0.97707933,1
71,33,1,0,0,-166.11237,-311.04306,2.1631966,0.012173974,-0.020191934,0.0120294485,4.8401666,4.9119444,2,-1,0,0.9824254,1
71,33,1,0,0,-166.11237,-311.04306,2.1631966,0.012173974,-0.020191934,0.0120294485,6.9828544,7.005833,2,-1,0,0.99957067,1
71,20,1,1,0,-154.85112,20.425367,310.15033,-0.010170185,-0.0021403013,-0.0012582503,7.377611,7.4025,2,17,1,0.974349,1
71,33,1,1,0,-166.11237,-311.04306,2.1631966,0.012173974,-0.020191934,0.0120294485,16.456104,16.408056,2,18,1,0.99855286,1
71,3,1,0,0,143.80621,-238.75389,452.27844,0.029899085,-0.00891719,0.0057867095,3.7054377,3.7438889,2,-1,0,0.9817516,1
71,11,1,1,0,-176.9777,-395.93884,452.48596,0.0034808745,-0.010710705,0.0025074158,12.7618685,12.884722,2,19,1,0.9899636,1
71,4,1,1,0,179.80678,-354.2509,265.07303,0.0016522693,-0.007348875,0.0069732917,11.439937,11.193334,2,20,1,0.9931564,1
71,39,0,0,0,0.0,0.0,0.0,0.0,0.0,0.0,2.8263958,2.8105555,2,-1,0,0.55714786,1
71,7,1,1,0,183.25166,267.75806,406.98782,0.0017585439,-0.003427416,0.004442461,5.8610005,5.9005556,2,21,1,0.9877506,1
71,23,1,1,0,-237.7003,425.67694,10.970947,0.03375624,0.007554408,-0.01434482,17.69064,17.466944,2,22,1,0.99938786,1
71,38,1,1,0,-245.62056,-551.98035,424.45795,0.014301938,0.00045752153,0.012952211,19.737415,19.713888,2,23,1,0.9843128,1
71,12,1,0,0,-261.52927,511.5021,373.41718,-0.004367925,0.009935624,0.019201351,9.592999,9.438611,2,-1,0,0.9919241,1
71,2,1,1,0,267.67725,250.45863,88.495766,-0.009667947,-0.013619057,-0.003322206,9.639625,9.524167,2,24,1,0.9783619,1
71,29,1,1,0,-269.1366,147.27406,434.87708,-0.0011042298,0.024086595,0.013954758,19.811966,19.9675,2,25,1,0.92207605,1
71,12,1,1,0,-261.52927,511.5021,373.41718,-0.004367925,0.009935624,0.019201351,13.05434,13.07,2,26,1,0.99322647,1
71,29,1,0,0,-269.1366,147.27406,434.87708,-0.0011042298,0.024086595,0.013954758,3.5956044,3.5958333,2,-1,0,0.9503544,1
71,10,1,1,0,285.34503,305.69446,310.37994,0.002998684,-0.00046835,-0.022034116,15.023105,15.060555,2,27,1,0.9921869,1
71,10,1,0,0,285.34503,305.69446,310.37994,0.002998684,-0.00046835,-0.022034116,4.627271,3.3636112,2,-1,0,0.96192354,1
71,6,1,0,0,-303.2186,-219.81517,324.00693,0.023752969,-0.015235569,-0.012173176,6.826438,6.8933334,2,-1,0,0.9550923,1
71,6,1,0,0,-303.2186,-219.81517,324.00693,0.023752969,-0.015235569,-0.012173176,5.6813745,5.6866665,2,-1,0,0.95871276,1
71,10,1,0,0,285.34503,305.69446,310.37994,0.002998684,-0.00046835,-0.022034116,7.5867567,7.048611,2,-1,0,0.97677726,1
71,28,1,1,0,301.25064,370.58194,173.1538,-0.01874485,-0.002151416,-0.011102865,18.778147,18.686666,2,28,1,0.9985996,1
71,6,1,0,0,-303.2186,-219.81517,324.00693,0.023752969,-0.015235569,-0.012173176,8.014417,7.895,2,-1,0,0.99955064,1
71,34,0,0,0,0.0,0.0,0.0,0.0,0.0,0.0,2.8340971,2.807778,2,-1,0,0.68278825,1
71,6,1,1,0,-303.2186,-219.81517,324.00693,0.023752969,-0.015235569,-0.012173176,14.128313,14.066667,2,29,1,0.9955676,1
71,30,1,0,0,314.65753,523.88684,37.708553,-0.0051485496,0.0104288785,0.025473699,8.763458,8.7722225,2,-1,0,0.9976405,1
71,30,1,1,0,314.65753,523.88684,37.708553,-0.0051485496,0.0104288785,0.025473699,14.545771,14.604722,2,30,1,0.9962435,1
71,35,1,1,0,329.6743,-56.082253,62.07977,-0.004313197,0.015141543,-0.002636251,5.3001876,5.393889,2,31,1,0.9113739,1
71,24,0,0,0,0.0,0.0,0.0,0.0,0.0,0.0,3.024139,2.9536111,2,-1,0,0.5578698,1
71,35,0,0,0,0.0,0.0,0.0,0.0,0.0,0.0,3.6599305,-1.0,2,-1,0,0.8708226,1
71,35,0,0,0,0.0,0.0,0.0,0.0,0.0,0.0,8.652604,-1.0,2,-1,0,0.98823196,1
71,1,1,1,0,332.06122,-511.9139,219.1339,-0.008811328,0.008368676,0.00793867,14.854943,14.490556,2,32,1,0.9582533,1
71,19,1,1,0,-331.16644,514.22833,47.016136,-0.015603649,-0.002971886,0.013452443,21.291077,19.447779,2,33,1,0.9785423,1
71,26,1,1,0,-334.4342,-392.49957,375.74738,0.008566283,0.025229506,0.020406874,14.295694,14.486389,2,34,1,0.9860092,1
71,40,1,1,0,332.8299,-554.5636,436.40448,0.027784588,0.03667306,0.012347739,39.544495,40.750557,2,35,1,0.9965779,1
71,26,1,0,0,-334.4342,-392.49957,375.74738,0.008566283,0.025229506,0.020406874,10.828681,10.801389,2,-1,0,0.9830973,1
71,26,1,0,0,-334.4342,-392.49957,375.74738,0.008566283,0.025229506,0.020406874,6.1157217,6.121111,2,-1,0,0.9933048,1
71,36,1,1,0,-335.28125,490.81613,391.50916,-0.010665711,-0.007878695,-0.017522687,13.67345,11.164722,2,36,1,0.9811616,1
71,34,1,1,0,341.16208,316.2436,143.94228,0.009899083,0.003198073,-0.0005860699,9.557097,9.717222,2,37,1,0.97318417,1
71,2,1,0,0,341.66122,424.92816,106.17976,-0.009667947,-0.013619057,-0.003322206,4.8476596,4.8875,2,-1,0,0.9847227,1
71,36,1,0,0,-335.28125,490.81613,391.50916,-0.010665711,-0.007878695,-0.017522687,7.0212846,6.9897223,2,-1,0,0.96601796,1
71,15,1,1,0,-358.2881,-512.4445,288.2238,0.025582232,-0.03636379,0.0062421756,33.257557,33.256668,2,38,1,0.9855993,1
71,15,1,0,0,-358.2881,-512.4445,288.2238,0.025582232,-0.03636379,0.0062421756,4.097791,4.0561113,2,-1,0,0.8598072,1
71,17,1,1,0,356.3969,203.02335,316.84567,0.0037462562,0.042692617,-0.0026961048,32.420235,32.712223,2,39,1,0.99983525,1
71,17,1,0,0,356.3969,203.02335,316.84567,0.0037462562,0.042692617,-0.0026961048,4.429007,4.411667,2,-1,0,0.9669582,1
71,4,0,0,0,0.0,0.0,0.0,0.0,0.0,0.0,2.6102986,2.5980556,2,-1,0,0.53151906,1
72,34,1,1,0,-6.003223,-298.2061,424.10153,-0.0047932696,-0.0061058174,0.002859325,10.431875,10.361944,2,0,1,0.9975165,1
72,8,1,1,0,-15.335043,-439.75027,389.84256,0.0007895194,0.003766146,0.021657182,27.708555,27.880833,2,1,1,0.99749005,1
72,8,1,0,0,-15.335043,-439.75027,389.84256,0.0007895194,0.003766146,0.021657182,2.955722,2.875,2,-1,0,0.7001891,1
72,18,1,1,0,-23.63792,-314.75867,19.95012,-0.016617622,0.008439589,0.011446431,24.095987,21.401388,2,2,1,0.98757684,1
72,31,1,1,0,39.179058,12.477566,51.23999,-0.011313409,0.027043128,-0.011039625,36.119545,36.523056,2,3,1,0.9990096,1
72,16,1,0,0,72.49215,-298.74133,289.4741,-0.009139126,-0.002301516,-0.0049477383,4.611889,4.7969446,2,-1,0,0.99060845,1
72,13,1,1,0,-42.723614,498.80048,241.35725,0.0005209418,0.00855654,0.004956623,11.881369,6.874722,2,4,1,0.9908309,1
72,13,1,0,0,-42.723614,498.80048,241.35725,0.0005209418,0.00855654,0.004956623,6.3807087,6.4061112,2,-1,0,0.97937804,1
72,16,1,1,0,72.49215,-298.74133,289.4741,-0.009139126,-0.002301516,-0.0049477383,6.975,7.0869446,2,5,1,0.968454,1
72,35,1,0,0,77.89382,-64.85518,77.29041,0.016197987,0.0022430797,-0.014110852,8.37968,8.433611,2,-1,0,0.9677011,1
72,35,1,1,0,77.89382,-64.85518,77.29041,0.016197987,0.0022430797,-0.014110852,8.470083,8.472222,2,6,1,0.95787513,1
72,3,1,1,0,87.4612,-58.69468,458.7689,0.017221835,0.019979045,0.011672748,23.438612,23.289722,2,7,1,0.99708,1
72,17,1,1,0,92.31937,571.372,34.25997,0.00421577,-0.021759484,-0.0018873931,22.249731,8.007222,2,8,1,0.9986331,1
72,33,1,0,0,94.491936,393.65768,321.68658,0.022084601,0.0018150595,0.02138572,3.2170765,3.2377777,2,-1,0,0.84597224,1
72,6,1,1,0,105.327324,60.756496,318.8028,-0.025388297,-0.009992504,-0.0055925106,20.767643,24.463055,2,9,1,0.9956001,1
72,33,1,1,0,94.491936,393.65768,321.68658,0.022084601,0.0018150595,0.02138572,30.135668,29.665833,2,10,1,0.9992586,1
72,35,1,0,0,77.89382,-64.85518,77.29041,0.016197987,0.0022430797,-0.014110852,7.8436875,7.6738887,2,-1,0,0.9955764,1
72,24,1,1,0,100.852425,221.34428,113.36124,-0.018142242,-0.028061654,-0.003951162,33.771923,31.3425,2,11,1,0.9876106,1
72,29,1,0,0,120.04998,473.17264,333.63315,-0.017428186,0.006223859,0.00084437354,8.931792,8.930555,2,-1,0,0.972844,1
72,29,1,1,0,120.04998,473.17264,333.63315,-0.017428186,0.006223859,0.00084437354,10.98291,10.849444,2,12,1,0.9953426,1
72,1,1,0,0,-169.08458,-500.77118,372.53864,0.020636346,0.009210913,0.007633669,6.56918,6.7491665,2,-1,0,0.99101126,1
72,12,1,1,0,-140.08324,286.7764,18.029755,-0.009906356,0.013480754,0.00737647,14.914236,12.142777,2,13,1,0.8463136,1
72,32,1,1,0,155.98439,219.88237,51.603218,-0.0025292274,0.0095420405,0.007927417,14.15559,14.1872225,2,14,1,0.9703278,1
72,1,1,1,0,-169.08458,-500.77118,372.53864,0.020636346,0.009210913,0.007633669,17.905611,17.863611,2,15,1,0.99582773,1
72,11,1,1,0,-172.22359,453.2343,244.09396,0.010182399,-0.011201956,-0.0041573257,18.616402,18.559444,2,16,1,0.97658086,1
72,39,1,1,0,177.2374,-206.88602,327.2051,-0.012316175,0.025973806,-0.028908152,40.213142,40.095276,2,17,1,0.9931076,1
72,25,1,1,0,-173.66998,202.17467,255.69711,-0.0068203798,-0.002677006,0.014292261,14.907279,15.0002775,2,18,1,0.9611549,1
72,11,1,0,0,-172.22359,453.2343,244.09396,0.010182399,-0.011201956,-0.0041573257,2.9167085,2.958889,2,-1,0,0.6194609,1
72,20,1,1,0,199.2769,-538.5922,90.288956,-0.011528439,-0.010244468,-0.005599688,15.130319,15.319167,2,19,1,0.93183863,1
72,14,1,1,0,-196.5765,-494.87967,145.02676,-0.007117224,0.0030377023,-0.025880996,22.530685,21.545279,2,20,1,0.9494392,1
72,14,1,0,0,-196.5765,-494.87967,145.02676,-0.007117224,0.0030377023,-0.025880996,5.719528,5.7025,2,-1,0,0.9942866,1
72,23,0,0,0,0.0,0.0,0.0,0.0,0.0,0.0,30.53627,-1.0,2,-1,0,0.97015184,1
72,23,0,0,0,0.0,0.0,0.0,0.0,0.0,0.0,13.156438,-1.0,2,-1,0,0.9524913,1
72,10,1,1,0,212.18495,-433.99026,418.58536,-0.0070867464,0.01608861,-0.0069705117,11.776993,11.395833,2,21,1,0.9923653,1
72,10,1,0,0,212.18495,-433.99026,418.58536,-0.0070867464,0.01608861,-0.0069705117,8.443055,8.344167,2,-1,0,0.99487406,1
72,26,1,1,0,220.86295,108.462456,11.3878975,0.0012219162,-0.010024651,0.0034956255,11.04741,10.950833,2,22,1,0.99558747,1
72,25,0,0,0,0.0,0.0,0.0,0.0,0.0,0.0,4.171583,4.178056,2,-1,0,0.93300366,1
72,21,1,1,0,-226.82903,-155.59364,24.323786,-0.02964406,-0.0013067437,0.0054215756,16.769506,11.404722,2,-1,1,0.92967725,1
72,38,1,0,0,-233.20663,-26.935398,299.7361,0.0012017234,0.0009812292,-0.02756823,2.7656944,2.4558334,2,-1,0,0.8959371,1
72,38,1,1,0,-233.20663,-26.935398,299.7361,0.0012017234,0.0009812292,-0.02756823,19.647179,19.425278,2,23,1,0.9904574,1
72,38,1,0,0,-233.20663,-26.935398,299.7361,0.0012017234,0.0009812292,-0.02756823,5.8213544,5.908889,2,-1,0,0.8524679,1
72,21,1,0,0,-226.82903,-155.59364,24.323786,-0.02964406,-0.0013067437,0.0054215756,9.478493,9.45,2,-1,0,0.9961061,1
72,4,1,1,0,-249.2853,359.54135,22.781347,-0.0021659264,-0.025567632,0.007237096,9.271534,9.002222,2,24,1,0.9607775,1
72,4,1,0,0,-249.2853,359.54135,22.781347,-0.0021659264,-0.025567632,0.007237096,7.098667,7.1386113,2,-1,0,0.99459285,1
72,36,1,1,0,-249.27824,-53.084274,420.4555,-0.014215289,-0.001272382,-0.017076699,19.025255,17.824444,2,25,1,0.9969747,1
72,4,1,0,0,-249.2853,359.54135,22.781347,-0.0021659264,-0.025567632,0.007237096,6.6673613,6.596389,2,-1,0,0.98752755,1
72,15,1,1,0,252.05089,140.81943,45.81253,0.011184411,-0.0046629435,0.021559346,24.28029,22.92639,2,26,1,0.99429566,1
72,36,1,0,0,-249.27824,-53.084274,420.4555,-0.014215289,-0.001272382,-0.017076699,4.0527015,3.9794445,2,-1,0,0.90363383,1
72,36,1,0,0,-249.27824,-53.084274,420.4555,-0.014215289,-0.001272382,-0.017076699,5.0948815,5.0691667,2,-1,0,0.96095407,1
72,28,1,1,0,265.5984,155.10408,427.20477,-0.0065683,-0.00046942098,-0.00673695,9.256223,8.074722,2,27,1,0.9772425,1
72,5,1,0,0,-274.2954,-412.73306,372.20764,-0.011139075,0.003789228,0.019287175,7.6783752,5.9125,2,-1,0,0.9094614,1
72,5,1,1,0,-274.2954,-412.73306,372.20764,-0.011139075,0.003789228,0.019287175,8.4973755,8.5175,2,28,1,0.9919418,1
72,40,1,1,0,279.3863,79.79248,281.27704,0.009628721,0.007453075,-0.020773051,23.575027,23.099722,2,29,1,0.9714006,1
72,7,1,0,0,-317.94476,-573.24786,222.53424,-0.012653674,-0.009747195,-0.021130078,5.5413475,4.7836113,2,-1,0,0.99793303,1
72,7,1,1,0,-317.94476,-573.24786,222.53424,-0.012653674,-0.009747195,-0.021130078,18.460278,18.495832,2,30,1,0.9889959,1
72,22,1,1,0,-324.95877,-540.9497,78.60269,0.00887212,0.011554259,-0.0061607948,9.116881,9.318055,2,31,1,0.97135264,1
72,22,1,0,0,-324.95877,-540.9497,78.60269,0.00887212,0.011554259,-0.0061607948,3.2075765,3.1755555,2,-1,0,0.9358947,1
72,9,1,0,0,-330.67773,-75.6217,313.3859,-0.008176594,-0.008103222,-0.001800651,3.6736739,3.626111,2,-1,0,0.95486474,1
72,2,1,1,0,-335.39105,-258.6649,340.46967,0.026549878,-0.0010144764,0.02389803,30.687521,30.714167,2,32,1,0.997104,1
72,2,1,0,0,-335.39105,-258.6649,340.46967,0.026549878,-0.0010144764,0.02389803,3.3884792,3.2897222,2,-1,0,0.90722895,1
72,9,1,1,0,-330.67773,-75.6217,313.3859,-0.008176594,-0.008103222,-0.001800651,5.218507,5.3472223,2,33,1,0.94443953,1
72,19,1,1,0,338.78802,-147.37512,74.121956,-0.020306846,0.005882543,0.012931015,21.814,21.550278,2,34,1,0.96226865,1
72,27,1,0,0,356.79736,-385.51483,236.4065,-0.022430887,-0.0050968686,0.0047061564,6.6783614,6.700278,2,-1,0,0.9812424,1
72,9,1,0,0,-330.67773,-75.6217,313.3859,-0.008176594,-0.008103222,-0.001800651,4.2992086,4.2369447,2,-1,0,0.9848697,1
72,30,1,1,0,353.70044,328.72266,214.3283,0.0022411982,0.00691418,-0.0021107143,7.3039026,5.4108334,2,35,1,0.9899255,1
72,27,1,1,0,356.79736,-385.51483,236.4065,-0.022430887,-0.0050968686,0.0047061564,16.110271,15.991944,2,36,1,0.8901153,1
73,38,1,0,0,-42.73645,221.6472,174.53253,0.0141664995,0.0110582905,-0.015733989,4.7286596,4.7933335,2,-1,0,0.9914465,1
73,38,1,1,0,-42.73645,221.6472,174.53253,0.0141664995,0.0110582905,-0.015733989,14.080682,14.037222,2,0,1,0.9998247,1
73,9,1,0,0,-51.80676,-409.73877,423.1471,0.0011149461,-0.01901321,-0.009900357,5.738715,5.8244443,2,-1,0,0.9544933,1
73,24,1,1,0,65.52464,-312.93222,291.14102,-0.027170513,-0.01595229,-0.0021545407,32.342854,32.373055,2,1,1,0.99620986,1
73,9,1,1,0,-51.80676,-409.73877,423.1471,0.0011149461,-0.01901321,-0.009900357,14.239945,14.403055,2,2,1,0.99989176,1
73,19,0,0,0,0.0,0.0,0.0,0.0,0.0,0.0,2.8366804,2.7991667,2,-1,0,0.6074386,1
73,13,1,1,0,60.93408,-413.93155,38.55448,0.028767057,0.026429608,0.01496012,33.881405,49.806946,2,3,1,0.9999862,1
73,24,1,0,0,65.52464,-312.93222,291.14102,-0.027170513,-0.01595229,-0.0021545407,4.5910354,4.6822224,2,-1,0,0.9889199,1
73,20,1,1,0,-69.92981,484.85416,367.8484,0.0076294905,-0.013237985,0.0019665533,19.40227,18.965555,2,4,1,0.99852836,1
73,6,1,1,0,-75.004906,-306.1299,215.57353,0.0046285125,-0.0024930756,-0.009781431,11.821812,11.615833,2,5,1,0.9895307,1
73,20,1,0,0,-69.92981,484.85416,367.8484,0.0076294905,-0.013237985,0.0019665533,3.5831666,3.4761112,2,-1,0,0.9749839,1
73,8,1,0,0,-81.88035,198.42972,271.77252,-0.016714253,0.013216468,0.005347607,10.17895,10.076389,2,-1,0,0.998776,1
73,8,1,1,0,-81.88035,198.42972,271.77252,-0.016714253,0.013216468,0.005347607,15.230549,15.143333,2,6,1,0.988739,1
73,12,0,0,0,0.0,0.0,0.0,0.0,0.0,0.0,4.393049,-1.0,2,-1,0,0.9958716,1
73,36,1,1,0,-115.160484,-595.84283,349.90356,0.0012211002,0.008279479,-0.013230436,16.766527,16.797777,2,7,1,0.95736945,1
73,7,1,1,0,-123.72863,-306.2417,41.551476,-0.0057762098,0.011350774,-0.0063050413,10.349397,6.168889,2,8,1,0.99485177,1
73,3,1,1,0,-128.26376,-318.3861,19.919104,-0.01360372,-0.004598801,-0.0034421685,14.24466,14.589167,2,9,1,0.98749536,1
73,1,1,1,0,138.80383,-257.40906,367.6421,-0.015677543,0.0032942807,0.0035708246,14.933874,14.891389,2,10,1,0.9830957,1
73,26,1,1,0,-136.63142,-570.0167,60.56838,-0.0018615982,4.82897e-05,0.020733919,13.338326,13.193611,2,11,1,0.9899946,1
73,18,1,0,0,134.8135,-217.10336,259.897,0.0039133527,-0.00043000237,-0.017367467,2.7399166,2.8375,2,-1,0,0.71477735,1
73,26,1,0,0,-136.63142,-570.0167,60.56838,-0.0018615982,4.82897e-05,0.020733919,4.939146,5.0866666,2,-1,0,0.9434036,1
73,18,1,1,0,134.8135,-217.10336,259.897,0.0039133527,-0.00043000237,-0.017367467,16.063791,16.160833,2,12,1,0.96874267,1
73,18,1,0,0,134.8135,-217.10336,259.897,0.0039133527,-0.00043000237,-0.017367467,3.9465904,3.9277778,2,-1,0,0.8223328,1
73,21,1,0,0,-145.91675,-453.6889,320.5708,-0.0026009267,0.0137490295,0.031693432,8.793638,8.802778,2,-1,0,0.992347,1
73,2,1,1,0,144.08328,-469.81665,251.74582,0.009961418,0.016492495,0.00041075423,16.309902,16.340555,2,13,1,0.98055685,1
73,14,1,0,0,-153.3299,-226.77411,116.56378,-0.0026008214,-0.0042900257,-0.01713631,5.595556,5.597778,2,-1,0,0.96228135,1
73,2,1,0,0,144.08328,-469.81665,251.74582,0.009961418,0.016492495,0.00041075423,4.2576246,4.2672224,2,-1,0,0.9911027,1
73,21,1,0,0,-145.91675,-453.6889,320.5708,-0.0026009267,0.0137490295,0.031693432,8.552042,8.673056,2,-1,0,0.98320675,1
73,21,1,1,0,-145.91675,-453.6889,320.5708,-0.0026009267,0.0137490295,0.031693432,16.913431,13.516666,2,14,1,0.98824686,1
73,14,1,1,0,-153.3299,-226.77411,116.56378,-0.0026008214,-0.0042900257,-0.01713631,13.863355,13.9025,2,15,1,0.97945446,1
73,11,1,1,0,-166.2443,120.96209,365.35004,0.01563385,-0.012168186,0.0007209509,6.04841,6.066389,2,16,1,0.98551834,1
73,25,1,1,0,153.72653,-154.63152,399.21713,-0.005653025,0.0028987955,0.014628672,16.036173,15.256389,2,17,1,0.99327725,1
73,14,1,0,0,-153.3299,-226.77411,116.56378,-0.0026008214,-0.0042900257,-0.01713631,4.810611,4.725,2,-1,0,0.9807169,1
73,10,1,1,0,-161.24501,-290.62082,371.29276,-0.00657351,-0.0036328696,-0.024978481,21.17105,20.865833,2,18,1,0.998517,1
73,30,1,1,0,163.43646,81.89958,338.62265,0.008880935,0.0032009364,-0.008312119,10.220451,7.8925,2,19,1,0.9870952,1
73,11,1,0,0,-166.2443,120.96209,365.35004,0.01563385,-0.012168186,0.0007209509,4.020736,4.0605555,2,-1,0,0.83647406,1
73,5,1,1,0,-166.30879,598.6919,196.9035,-0.0010509399,-0.011588038,-0.006330815,8.493534,8.484167,2,20,1,0.9954698,1
73,10,1,0,0,-161.24501,-290.62082,371.29276,-0.00657351,-0.0036328696,-0.024978481,3.552764,3.4558334,2,-1,0,0.9545354,1
73,5,1,0,0,-166.30879,598.6919,196.9035,-0.0010509399,-0.011588038,-0.006330815,3.6342914,3.6433334,2,-1,0,0.8539686,1
73,4,1,0,0,-197.42014,-520.4394,66.37853,-0.0014218438,0.02743147,0.009874485,7.5558476,7.430278,2,-1,0,0.99974054,1
73,33,1,1,0,189.03725,-23.779358,28.579695,0.0076679806,0.007769417,-0.00955526,11.74959,7.793611,2,21,1,0.8855249,1
73,17,1,0,0,-196.66373,578.73267,81.94396,-0.00043067662,0.0061571733,0.018668864,3.5520833,3.5019445,2,-1,0,0.9591371,1
73,17,1,0,0,-196.66373,578.73267,81.94396,-0.00043067662,0.0061571733,0.018668864,3.9485765,3.9808333,2,-1,0,0.9624426,1
73,28,0,0,0,0.0,0.0,0.0,0.0,0.0,0.0,5.1029577,-1.0,2,-1,0,0.96101844,1
73,4,1,1,0,-197.42014,-520.4394,66.37853,-0.0014218438,0.02743147,0.009874485,23.88829,21.699444,2,22,1,0.9971144,1
73,19,1,1,0,-199.56575,481.31244,232.52159,0.0062766047,0.011606106,0.013031284,21.25279,21.248888,2,23,1,0.81960154,1
73,17,1,1,0,-196.66373,578.73267,81.94396,-0.00043067662,0.0061571733,0.018668864,7.565125,7.675,2,24,1,0.99212766,1
73,17,1,0,0,-196.66373,578.73267,81.94396,-0.00043067662,0.0061571733,0.018668864,7.5654583,6.544722,2,-1,0,0.9582897,1
73,27,1,1,0,214.76924,493.3932,399.79068,-0.0054320903,0.021844432,-0.0069852485,25.593441,24.185556,2,25,1,0.9989548,1
73,37,1,1,0,-212.13379,-429.559,6.5002637,-0.0044627762,-0.0053705247,0.0046018404,8.742327,8.593611,2,26,1,0.99121803,1
73,32,1,1,0,-214.48447,-268.53568,45.27023,-0.028051162,0.0011139167,0.008120067,26.17852,26.161945,2,27,1,0.9868231,1
73,22,1,1,0,-230.71437,-59.07875,266.62473,0.035756588,0.0059067896,0.022549096,39.127583,38.864166,2,28,1,0.99996126,1
73,32,1,0,0,-214.48447,-268.53568,45.27023,-0.028051162,0.0011139167,0.008120067,9.027966,8.9575,2,-1,0,0.96369725,1
73,40,1,0,0,-230.59488,-481.92563,198.8901,-0.013706386,0.05760007,0.001055285,28.697556,5.1386113,2,-1,0,0.9813378,1
73,40,1,0,0,-230.59488,-481.92563,198.8901,-0.013706386,0.05760007,0.001055285,2.4058332,2.4516666,2,-1,0,0.62663764,1
73,40,1,0,0,-230.59488,-481.92563,198.8901,-0.013706386,0.05760007,0.001055285,4.0459304,3.9925,2,-1,0,0.99426347,1
73,40,1,1,0,-230.59488,-481.92563,198.8901,-0.013706386,0.05760007,0.001055285,15.531457,15.44,2,29,1,0.99533314,1
73,23,1,1,0,237.63953,132.01045,348.24106,0.0138366725,-0.011795696,0.01700947,13.1710415,13.136666,2,30,1,0.9989177,1
73,23,1,0,0,237.63953,132.01045,348.24106,0.0138366725,-0.011795696,0.01700947,5.7024865,1.0725,2,-1,0,0.9891121,1
73,39,1,1,0,-241.05579,-508.81314,171.91898,0.0030287337,-0.004449685,0.003090172,6.2939863,2.139722,2,31,1,0.9773845,1
73,31,1,1,0,-240.6595,600.3579,402.7506,0.0045317714,0.0021582872,-0.016512552,11.800153,11.942223,2,32,1,0.9870395,1
73,23,1,0,0,237.63953,132.01045,348.24106,0.0138366725,-0.011795696,0.01700947,9.354216,9.509444,2,-1,0,0.98716414,1
73,40,1,0,0,-230.59488,-481.92563,198.8901,-0.013706386,0.05760007,0.001055285,4.792208,4.776111,2,-1,0,0.97581965,1
73,40,1,0,0,-230.59488,-481.92563,198.8901,-0.013706386,0.05760007,0.001055285,3.1113124,3.166111,2,-1,0,0.8209807,1
73,34,1,1,0,267.9961,353.29605,106.992584,0.012817069,0.026182426,0.0006346054,24.559029,24.046667,2,33,1,0.9703728,1
73,16,1,1,0,-300.25143,-323.93704,83.95797,-0.0014343961,-0.003611186,0.011819405,6.443639,6.6319447,2,34,1,0.9826355,1
73,15,1,1,0,-315.16806,260.5548,180.40431,0.014182133,-0.005992433,-0.0009929776,10.149959,10.053889,2,35,1,0.9900529,1
73,29,1,1,0,-326.56555,-507.31967,120.43812,-0.019745905,0.0015738966,0.018755056,27.364166,27.723612,2,36,1,0.998539,1
73,35,1,1,0,341.5945,-381.50735,176.19984,-0.018184602,0.008316165,-0.02089991,25.39545,25.367777,2,37,1,0.97281545,1
73,28,0,0,0,0.0,0.0,0.0,0.0,0.0,0.0,7.0050488,-1.0,2,-1,0,0.9809934,1
74,38,1,1,0,13.83861,152.22426,392.8124,-0.0049592135,0.011069162,-0.009040502,16.509401,16.369167,2,0,1,0.9817909,1
74,15,1,1,0,-12.845633,-395.29453,151.7941,0.0018329084,0.006864314,0.0040225512,8.013222,7.9194446,2,1,1,0.99848586,1
74,20,0,0,0,0.0,0.0,0.0,0.0,0.0,0.0,17.864292,-1.0,2,-1,0,0.96628976,1
74,7,1,1,0,-28.753414,-140.06343,133.18568,-0.0026940673,-0.011114256,0.015167118,24.78432,22.671667,2,2,1,0.9998945,1
74,1,1,0,0,-30.775637,431.8401,99.40482,-0.006298257,0.0074820286,0.022256253,10.674444,10.439167,2,-1,0,0.9904419,1
74,1,1,1,0,-30.775637,431.8401,99.40482,-0.006298257,0.0074820286,0.022256253,13.935104,13.916111,2,3,1,0.9982955,1
74,32,1,1,0,-69.79688,152.95583,336.9321,0.0030642583,-0.027563766,0.019691331,23.60671,23.803055,2,4,1,0.99285686,1
74,32,1,0,0,-69.79688,152.95583,336.9321,0.0030642583,-0.027563766,0.019691331,5.6429167,5.9641666,2,-1,0,0.9945469,1
74,16,1,0,0,-80.856674,-185.25023,27.060879,0.024546606,0.0020318269,-0.017861132,13.285388,13.365278,2,-1,0,0.99166954,1
74,32,1,0,0,-69.79688,152.95583,336.9321,0.0030642583,-0.027563766,0.019691331,9.048041,8.969722,2,-1,0,0.97426516,1
74,16,1,1,0,-80.856674,-185.25023,27.060879,0.024546606,0.0020318269,-0.017861132,19.27832,19.14,2,5,1,0.96940225,1
74,39,1,0,0,87.422195,-236.14113,289.20364,-0.014524919,0.017343914,-0.005152909,3.455611,3.4780555,2,-1,0,0.81772584,1
74,13,0,0,0,0.0,0.0,0.0,0.0,0.0,0.0,2.8122222,2.7925,2,-1,0,0.5267986,1
74,39,1,1,0,87.422195,-236.14113,289.20364,-0.014524919,0.017343914,-0.005152909,22.160654,22.3825,2,6,1,0.99648166,1
74,33,1,1,0,-90.92413,-559.4137,152.53772,0.003956505,-0.022573482,-0.02435394,38.211494,38.27,2,7,1,0.97578305,1
74,2,0,0,0,0.0,0.0,0.0,0.0,0.0,0.0,17.214735,-1.0,2,-1,0,0.9597841,1
74,3,1,0,0,-130.83083,252.74547,160.80695,0.008127869,-0.0073040496,0.0041681975,4.38875,4.448889,2,-1,0,0.9675496,1
74,26,1,1,0,120.178154,-442.89856,453.36917,0.010282072,-0.014849622,-0.018227728,27.019258,26.575556,2,-1,1,0.9999964,1
74,26,1,0,0,120.178154,-442.89856,453.36917,0.010282072,-0.014849622,-0.018227728,3.539521,3.5161111,2,-1,0,0.9542594,1
74,29,0,0,0,0.0,0.0,0.0,0.0,0.0,0.0,2.8107777,2.828889,2,-1,0,0.5529832,1
74,3,1,1,0,-130.83083,252.74547,160.80695,0.008127869,-0.0073040496,0.0041681975,13.02,13.069722,2,8,1,0.9765347,1
74,10,1,1,0,141.37875,-434.145,281.59833,0.014606641,0.0028112142,-0.006457288,17.197292,17.148056,2,9,1,0.98859054,1
74,27,1,1,0,-147.28165,-278.46457,318.93558,-0.015923642,0.010568866,0.0006349716,18.755808,18.635279,2,10,1,0.99999845,1
74,40,1,1,0,-155.08763,323.56555,171.22748,-0.007113262,0.00486077,-0.0156151075,14.2809725,13.991111,2,11,1,0.99242073,1
74,40,1,0,0,-155.08763,323.56555,171.22748,-0.007113262,0.00486077,-0.0156151075,4.389382,4.3825,2,-1,0,0.9817617,1
74,40,1,0,0,-155.08763,323.56555,171.22748,-0.007113262,0.00486077,-0.0156151075,3.4177084,3.4191666,2,-1,0,0.9586104,1
74,21,1,1,0,-174.32608,148.69958,47.936028,-0.0045444327,0.028205065,0.008144178,13.271042,12.964723,2,12,1,0.98096544,1
74,5,1,1,0,-166.7002,-343.7661,186.7429,0.0031981594,0.0047207954,0.011461348,13.566597,13.599444,2,13,1,0.989091,1
74,21,1,0,0,-174.32608,148.69958,47.936028,-0.0045444327,0.028205065,0.008144178,7.9776387,7.884722,2,-1,0,0.9780952,1
74,21,1,0,0,-174.32608,148.69958,47.936028,-0.0045444327,0.028205065,0.008144178,9.34893,9.314722,2,-1,0,0.9884127,1
74,28,1,1,0,183.64726,-409.04047,374.18542,-0.02022687,0.021056708,0.0038365105,17.82127,17.831667,2,14,1,0.95579493,1
74,2,0,0,0,0.0,0.0,0.0,0.0,0.0,0.0,3.026132,3.0558333,2,-1,0,0.714412,1
74,28,1,0,0,183.64726,-409.04047,374.18542,-0.02022687,0.021056708,0.0038365105,6.2862496,6.286667,2,-1,0,0.9124066,1
74,13,1,1,0,-186.66272,466.6827,28.668524,-0.011347255,0.0074532223,-0.023090724,26.95477,26.928888,2,15,1,0.98927593,1
74,6,1,1,0,-198.68187,360.04965,311.05508,0.019581094,-0.032782473,-0.0069591524,41.226208,41.41722,2,16,1,0.9626231,1
74,9,0,1,0,-204.74559,-3.3759093,25.672962,0.020121753,0.016259415,0.0052282102,21.209337,2.771111,2,17,1,0.99816906,1
74,35,0,0,0,0.0,0.0,0.0,0.0,0.0,0.0,16.586464,-1.0,2,-1,0,0.98539054,1
74,17,1,1,0,-225.73987,535.6994,349.15118,0.008729405,-0.0038976106,-0.019612301,3.6530485,3.6175,2,18,1,0.92692643,1
74,19,1,1,0,215.11287,172.05882,343.1844,-0.0030412264,0.028983776,-0.00948676,18.789125,16.44861,2,19,1,0.9974256,1
74,19,1,0,0,215.11287,172.05882,343.1844,-0.0030412264,0.028983776,-0.00948676,12.790159,12.890833,2,-1,0,0.9988944,1
74,4,1,1,0,-216.67697,-294.49585,339.7797,-0.0042615593,-0.0065755397,-0.0055591594,7.217458,6.5430555,2,20,1,0.99319035,1
74,25,1,1,0,-233.41824,436.49164,334.98724,-0.0048602065,0.03128033,0.020519555,16.839582,16.758333,2,21,1,0.9978861,1
74,25,1,0,0,-233.41824,436.49164,334.98724,-0.0048602065,0.03128033,0.020519555,13.909694,12.950833,2,-1,0,0.9895834,1
74,24,1,1,0,-233.61157,-35.04637,245.97029,-0.012913385,-0.0010126003,-0.0037505645,11.984326,6.4994445,2,22,1,0.95167696,1
74,25,1,0,0,-233.41824,436.49164,334.98724,-0.0048602065,0.03128033,0.020519555,7.7962914,7.8980556,2,-1,0,0.9995921,1
74,31,1,1,0,-278.81656,533.3807,362.0331,0.013288695,-0.0021930295,-0.007656566,10.463763,10.4163885,2,23,1,0.9866279,1
74,11,1,0,0,-249.8393,307.75443,262.0181,-0.014937204,-0.043383863,0.039026886,4.940417,5.0108333,2,-1,0,0.9788811,1
74,30,1,1,0,-248.0877,591.4175,168.95425,0.0044541406,0.019142391,0.009642734,17.969584,17.874166,2,24,1,0.98817223,1
74,11,1,1,0,-249.8393,307.75443,262.0181,-0.014937204,-0.043383863,0.039026886,30.487185,28.908611,2,25,1,0.9566292,1
74,11,1,0,0,-249.8393,307.75443,262.0181,-0.014937204,-0.043383863,0.039026886,24.951202,24.695,2,-1,0,0.9789438,1
74,11,1,0,0,-249.8393,307.75443,262.0181,-0.014937204,-0.043383863,0.039026886,4.53075,4.6066666,2,-1,0,0.94965315,1
74,12,0,0,0,0.0,0.0,0.0,0.0,0.0,0.0,25.774742,-1.0,2,-1,0,0.9998846,1
74,34,1,1,0,-268.4732,-544.351,419.00604,-0.009580206,-0.016800152,-0.004614,17.04195,17.095278,2,26,1,0.9940063,1
74,36,1,1,0,-275.99792,154.93742,352.52496,-0.0070107407,0.00614789,0.0040282654,10.332089,8.761945,2,27,1,0.9552058,1
74,31,1,0,0,-278.81656,533.3807,362.0331,0.013288695,-0.0021930295,-0.007656566,5.248889,5.279444,2,-1,0,0.9663907,1
74,18,1,1,0,292.73096,-175.94424,368.75644,-0.010825234,-0.02419922,0.023701418,22.994457,22.991112,2,28,1,0.9957664,1
74,8,1,0,0,296.6506,370.34705,258.2179,-0.015199881,0.0039965,0.020667024,6.2092843,6.2469444,2,-1,0,0.9881058,1
74,8,1,1,0,296.6506,370.34705,258.2179,-0.015199881,0.0039965,0.020667024,20.540604,20.614445,2,29,1,0.9933287,1
74,14,1,0,0,-345.91257,-567.7517,81.48692,0.00019709021,0.009694343,0.0072552143,3.1545002,3.1136112,2,-1,0,0.88244206,1
74,29,1,1,0,-321.48605,477.99158,398.83585,0.0038220196,-0.0001398065,-0.0017659526,7.1754165,1.5677778,2,30,1,0.99672157,1
74,37,1,1,0,-329.9256,350.90396,337.63168,-0.013071585,-0.0033353788,0.0051327646,11.649341,4.8247223,2,31,1,0.93774843,1
74,23,1,0,0,351.3762,54.720757,166.71552,-0.04900273,-0.03337887,0.022124093,23.19032,23.981667,2,-1,0,0.99178845,1
74,23,1,1,0,351.3762,54.720757,166.71552,-0.04900273,-0.03337887,0.022124093,17.784595,28.4175,2,32,1,0.9991829,1
74,14,1,1,0,-345.91257,-567.7517,81.48692,0.00019709021,0.009694343,0.0072552143,6.161493,6.208611,2,33,1,0.9702417,1
74,14,1,0,0,-345.91257,-567.7517,81.48692,0.00019709021,0.009694343,0.0072552143,3.4928472,3.5077777,2,-1,0,0.8651228,1
74,37,1,0,0,-329.9256,350.90396,337.63168,-0.013071585,-0.0033353788,0.0051327646,4.819722,4.818611,2,-1,0,0.9617797,1
74,22,1,1,0,362.06177,-370.09744,342.31995,-0.0129361255,0.008055554,-0.003146453,13.102708,11.78,2,34,1,0.97809255,1
74,22,1,0,0,362.06177,-370.09744,342.31995,-0.0129361255,0.008055554,-0.003146453,3.0878336,3.1108334,2,-1,0,0.8744159,1
75,24,1,0,0,5.7219734,179.20824,60.856457,0.0037380117,0.019741016,-0.015844692,7.650472,7.423611,2,-1,0,0.97310954,1
75,33,1,1,0,-13.895419,171.48375,131.22241,0.022552872,-0.002648048,0.02766036,36.29636,36.304443,2,0,1,0.9999671,1
75,21,1,1,0,10.389306,-259.71426,191.23909,-0.0023329533,-0.0023421762,-0.010680956,8.568201,8.461945,2,-1,1,0.993359,1
75,21,1,0,0,10.389306,-259.71426,191.23909,-0.0023329533,-0.0023421762,-0.010680956,5.115903,5.0005555,2,-1,0,0.9866519,1
75,24,1,1,0,5.7219734,179.20824,60.856457,0.0037380117,0.019741016,-0.015844692,7.579451,7.5394444,2,2,1,0.98853135,1
75,39,1,1,0,-23.136827,27.388657,425.43683,-0.013176075,-0.022891961,0.02656664,16.589966,16.371944,2,3,1,0.99874914,1
75,23,0,0,0,0.0,0.0,0.0,0.0,0.0,0.0,2.5469167,2.54,2,-1,0,0.5639866,1
75,39,1,0,0,-23.136827,27.388657,425.43683,-0.013176075,-0.022891961,0.02656664,11.423264,11.473056,2,-1,0,0.9683884,1
75,39,1,0,0,-23.136827,27.388657,425.43683,-0.013176075,-0.022891961,0.02656664,7.3784785,7.2272224,2,-1,0,0.9873104,1
75,28,1,1,0,-35.107643,225.44963,118.5144,0.0030824167,0.0020366998,-0.012198019,16.085543,12.834167,2,4,1,0.9983713,1
75,13,1,1,0,-36.78465,-54.60896,415.21103,0.0023654257,-0.00739966,0.002097404,10.4019375,10.233334,2,5,1,0.98532665,1
75,10,1,0,0,-89.06357,-171.98537,401.51422,0.01503565,-0.014851396,-0.011467395,6.10634,6.0208335,2,-1,0,0.9873788,1
75,5,1,1,0,-60.106934,290.01587,134.69215,0.0075564915,-0.0058564325,0.0013595523,11.205499,11.21,2,6,1,0.99114287,1
75,10,1,0,0,-89.06357,-171.98537,401.51422,0.01503565,-0.014851396,-0.011467395,3.9636667,3.8977778,2,-1,0,0.69413376,1
75,17,1,1,0,77.7998,-392.2096,362.05194,0.0059843026,-0.017087944,-0.0017751934,21.241758,18.171112,2,7,1,0.99185586,1
75,5,1,0,0,-60.106934,290.01587,134.69215,0.0075564915,-0.0058564325,0.0013595523,4.9307637,5.087222,2,-1,0,0.9226244,1
75,17,1,0,0,77.7998,-392.2096,362.05194,0.0059843026,-0.017087944,-0.0017751934,3.9737012,4.0225,2,-1,0,0.9476249,1
75,10,1,1,0,-89.06357,-171.98537,401.51422,0.01503565,-0.014851396,-0.011467395,14.115619,13.999444,2,8,1,0.9992768,1
75,14,1,0,0,87.48311,574.88184,126.48814,0.015538916,-0.0046661645,-0.013521797,6.1248612,6.167222,2,-1,0,0.97183704,1
75,8,1,1,0,-100.465385,80.64346,371.9211,0.008974883,-0.0073744976,0.001167771,9.802375,9.861389,2,9,1,0.9619844,1
75,19,1,1,0,-108.5817,-86.7522,-0.624392,0.008192199,-0.008248413,0.010159584,13.837999,13.558611,2,10,1,0.9825073,1
75,26,1,1,0,105.685005,349.44858,337.99026,-0.01610142,-0.019692706,0.0054431255,16.115917,15.800555,2,11,1,0.9837933,1
75,15,1,0,0,116.76263,387.73654,405.31342,0.011107874,-0.025829636,0.002530737,5.590167,5.5830555,2,-1,0,0.9731978,1
75,26,1,0,0,105.685005,349.44858,337.99026,-0.01610142,-0.019692706,0.0054431255,7.4427767,7.347778,2,-1,0,0.98536694,1
75,14,1,1,0,87.48311,574.88184,126.48814,0.015538916,-0.0046661645,-0.013521797,12.436695,12.518056,2,12,1,0.9603,1
75,14,1,0,0,87.48311,574.88184,126.48814,0.015538916,-0.0046661645,-0.013521797,4.944979,4.951667,2,-1,0,0.9752349,1
75,15,1,1,0,116.76263,387.73654,405.31342,0.011107874,-0.025829636,0.002530737,28.99757,13.013611,2,13,1,0.9982475,1
75,38,1,1,0,-121.91442,552.6445,259.34814,0.013267402,0.008895305,-0.0155047355,23.951347,23.906944,2,14,1,0.9752925,1
75,15,1,0,0,116.76263,387.73654,405.31342,0.011107874,-0.025829636,0.002530737,3.1937292,3.1669445,2,-1,0,0.81206304,1
75,18,1,1,0,129.64796,541.2676,392.69965,0.0052502346,0.015819313,-0.013278261,7.8251114,8.178611,2,15,1,0.99773777,1
75,18,1,0,0,129.64796,541.2676,392.69965,0.0052502346,0.015819313,-0.013278261,8.1773615,8.0847225,2,-1,0,0.99017185,1
75,18,1,0,0,129.64796,541.2676,392.69965,0.0052502346,0.015819313,-0.013278261,5.4465833,3.813611,2,-1,0,0.991935,1
75,37,1,1,0,-161.80836,-542.9824,445.7186,0.016321532,-0.009655867,0.015807072,27.265875,27.124722,2,16,1,0.99054855,1
75,3,1,1,0,-174.52518,454.12262,242.3141,-0.00038061163,-0.009261124,0.0040166806,12.239257,8.464723,2,17,1,0.99048424,1
75,11,1,0,0,182.36984,-47.848125,401.05963,-0.0051987967,-0.0035153762,0.017359864,5.535667,5.447222,2,-1,0,0.9779107,1
75,11,1,1,0,182.36984,-47.848125,401.05963,-0.0051987967,-0.0035153762,0.017359864,12.245291,12.221111,2,18,1,0.9880427,1
75,27,1,1,0,-199.92276,591.3105,80.19581,0.020272922,-0.004822688,-0.00071600935,17.778965,16.520555,2,19,1,0.9999715,1
75,23,1,0,0,226.65721,320.5509,231.457,-0.016052704,0.0016399019,-0.0054033096,5.1359787,5.055,2,-1,0,0.9951999,1
75,1,1,1,0,-219.32838,333.2916,328.69763,0.00075374823,0.010254261,-0.004278404,10.69216,10.641389,2,20,1,0.99159205,1
75,35,1,0,0,235.78157,-366.2486,67.2394,-0.026734157,-0.01000357,0.015416421,4.471702,4.5758333,2,-1,0,0.96481633,1
75,23,1,1,0,226.65721,320.5509,231.457,-0.016052704,0.0016399019,-0.0054033096,8.161805,8.121388,2,21,1,0.9885761,1
75,35,1,0,0,235.78157,-366.2486,67.2394,-0.026734157,-0.01000357,0.015416421,9.220362,9.198889,2,-1,0,0.97830385,1
75,35,1,1,0,235.78157,-366.2486,67.2394,-0.026734157,-0.01000357,0.015416421,12.193327,12.1825,2,22,1,0.9246641,1
75,7,1,1,0,242.72214,-57.124664,152.31184,-0.011889977,0.008163304,0.003465922,12.0599165,12.059722,2,23,1,0.98910964,1
75,34,1,0,0,-242.20988,370.6168,291.19614,0.005448048,-0.013106082,-0.01924125,8.921257,8.618889,2,-1,0,0.9987446,1
75,34,1,1,0,-242.20988,370.6168,291.19614,0.005448048,-0.013106082,-0.01924125,16.192263,16.102777,2,24,1,0.9926857,1
75,20,1,1,0,255.49394,322.75064,99.60322,0.027888224,0.015525859,0.006356468,24.182493,24.19111,2,25,1,0.99728596,1
75,16,1,1,0,-258.24557,261.45853,325.98022,-0.0074254177,-0.01190394,-0.016953498,13.295917,13.167778,2,26,1,0.98848444,1
75,16,1,0,0,-258.24557,261.45853,325.98022,-0.0074254177,-0.01190394,-0.016953498,7.9537563,7.936389,2,-1,0,0.97057444,1
75,20,1,0,0,255.49394,322.75064,99.60322,0.027888224,0.015525859,0.006356468,5.6578474,5.5891666,2,-1,0,0.9970799,1
75,11,0,0,0,0.0,0.0,0.0,0.0,0.0,0.0,2.3154166,2.1533334,2,-1,0,0.59418994,1
75,6,1,0,0,-272.75693,-92.62862,196.68854,-0.0016581444,0.014863771,-0.014901211,3.1527638,2.1627777,2,-1,0,0.7826738,1
75,6,1,1,0,-272.75693,-92.62862,196.68854,-0.0016581444,0.014863771,-0.014901211,15.55002,14.434444,2,27,1,0.8383965,1
75,29,1,1,0,-290.2559,355.36444,378.91418,0.015354804,-0.013242733,-0.010167143,21.884708,21.976667,2,28,1,0.95947355,1
75,12,1,0,0,-300.55472,118.10712,279.27872,0.024461374,-0.0043067057,-0.0070671355,4.32016,4.286667,2,-1,0,0.9646165,1
75,12,1,1,0,-300.55472,118.10712,279.27872,0.024461374,-0.0043067057,-0.0070671355,14.567402,14.484167,2,29,1,0.9777085,1
75,25,1,1,0,303.64914,435.3008,120.074936,0.013953695,0.014474883,-0.014272132,18.779438,18.603333,2,30,1,0.935308,1
75,4,1,0,0,320.39163,-311.1522,341.7905,0.016349524,-0.00024437494,0.027198292,10.243986,10.234445,2,-1,0,0.9867116,1
75,36,1,1,0,-320.7206,-467.8098,166.73964,-0.00636328,0.0036686468,0.0031212182,6.6781945,6.615278,2,31,1,0.9898739,1
75,32,1,1,0,324.8062,515.69806,245.90672,-0.010966603,0.0040558907,0.0009105288,11.659812,11.863889,2,32,1,0.9550595,1
75,4,1,1,0,320.39163,-311.1522,341.7905,0.016349524,-0.00024437494,0.027198292,20.146528,20.304167,2,33,1,0.9976362,1
75,22,1,1,0,-325.6348,95.58325,191.53253,-1.4486299e-05,-0.0020028346,0.016327363,14.359049,14.316389,2,34,1,0.99145013,1
75,40,1,0,0,-337.86285,-311.1972,201.38614,0.0011025642,-0.015703991,0.019577788,2.7067223,2.6930556,2,-1,0,0.50155586,1
75,2,1,1,0,-338.21155,439.51083,272.7186,0.0032210422,0.020271247,0.016165914,26.763618,22.114166,2,35,1,0.96963274,1
75,40,1,1,0,-337.86285,-311.1972,201.38614,0.0011025642,-0.015703991,0.019577788,15.47634,15.367778,2,36,1,0.98463005,1
75,40,1,0,0,-337.86285,-311.1972,201.38614,0.0011025642,-0.015703991,0.019577788,3.4224792,2.4755557,2,-1,0,0.7327613,1
75,40,1,0,0,-337.86285,-311.1972,201.38614,0.0011025642,-0.015703991,0.019577788,2.9127917,1.6405555,2,-1,0,0.860155,1
75,9,1,1,0,-339.60727,-200.82944,456.0511,-0.003835551,-0.0010884898,-0.002575291,4.164125,3.091389,2,-1,1,0.82819086,1
75,30,1,1,0,-352.43,438.35635,69.29936,0.0087424,-0.005849695,-0.011846808,10.608209,10.707778,2,37,1,0.978504,1
75,23,0,0,0,0.0,0.0,0.0,0.0,0.0,0.0,7.121778,7.1455555,2,-1,0,0.9478387,1
76,12,1,1,0,-6.4069667,585.16034,113.25377,0.0038799662,-0.010906617,-0.008630227,17.73077,16.210833,2,0,1,0.99810743,1
76,29,0,0,0,-19.608973,-402.464,93.668564,0.0047578495,0.006223114,0.014041058,3.99025,3.7641666,2,-1,0,0.93222356,1
76,29,1,1,0,-19.608973,-402.464,93.668564,0.0047578495,0.006223114,0.014041058,17.767,18.046112,2,1,1,0.9975151,1
76,1,1,1,0,20.465136,361.34537,258.3179,0.04156674,0.006608398,-0.0090274755,26.674328,26.856388,2,-1,1,0.9999876,1
76,1,1,0,0,20.465136,361.34537,258.3179,0.04156674,0.006608398,-0.0090274755,15.972215,15.9025,2,-1,0,0.9729653,1
76,39,1,0,0,-33.723583,376.22574,42.388554,0.017596757,-0.006016984,-0.0054130685,10.702486,10.693334,2,-1,0,0.9966965,1
76,39,1,1,0,-33.723583,376.22574,42.388554,0.017596757,-0.006016984,-0.0054130685,12.733479,12.555833,2,2,1,0.9883836,1
76,1,1,0,0,20.465136,361.34537,258.3179,0.04156674,0.006608398,-0.0090274755,8.2531805,8.256389,2,-1,0,0.9263918,1
76,34,1,1,0,-38.90082,-25.120602,400.53973,0.0069460967,0.019757597,-0.036996365,34.368443,34.381668,2,3,1,0.9922651,1
76,34,1,0,0,-38.90082,-25.120602,400.53973,0.0069460967,0.019757597,-0.036996365,13.71157,13.707778,2,-1,0,0.95063287,1
76,9,1,1,0,49.9765,606.5435,21.745256,0.023006616,0.017493738,0.0006795572,5.874056,5.762778,2,4,1,0.9959472,1
76,10,1,1,0,45.174824,448.12338,436.16684,0.03037484,0.041259795,0.0147874355,35.446217,35.516666,2,5,1,0.99839514,1
76,10,1,0,0,45.174824,448.12338,436.16684,0.03037484,0.041259795,0.0147874355,8.211612,8.2175,2,-1,0,0.98731726,1
76,10,1,0,0,45.174824,448.12338,436.16684,0.03037484,0.041259795,0.0147874355,15.385125,15.6872225,2,-1,0,0.9634212,1
76,27,1,1,0,49.3014,601.66644,351.17767,-0.007764303,-0.021040713,0.001627346,20.34339,20.547777,2,6,1,0.99612075,1
76,19,1,0,0,-48.30753,-44.771275,380.5996,-0.029178564,-0.07743385,0.004830166,44.6289,16.773056,2,-1,0,0.99954647,1
76,19,1,1,0,-48.30753,-44.771275,380.5996,-0.029178564,-0.07743385,0.004830166,37.474903,37.679165,2,7,1,0.9998216,1
76,22,1,1,0,-50.889927,-444.3321,56.938103,-0.006540009,-0.0070078513,-0.004137895,11.743166,11.986944,2,8,1,0.9867488,1
76,33,1,1,0,-55.159367,398.87503,349.2611,0.003409343,-0.0066438452,-0.001755145,8.602333,8.531111,2,9,1,0.9887007,1
76,39,0,0,0,0.0,0.0,0.0,0.0,0.0,0.0,2.8366804,2.7991667,2,-1,0,0.6074386,1
76,7,0,0,0,0.0,0.0,0.0,0.0,0.0,0.0,17.96195,-1.0,2,-1,0,0.9957799,1
76,31,1,0,0,141.73872,364.74673,130.78906,-0.021980396,-0.0156006,-0.0074173864,6.0241942,6.0705557,2,-1,0,0.9796566,1
76,7,0,0,0,0.0,0.0,0.0,0.0,0.0,0.0,3.1814303,-1.0,2,-1,0,0.6756867,1
76,11,1,1,0,-69.08894,-587.05804,405.76465,0.0059887,-0.003376585,0.011028117,15.601548,15.271944,2,10,1,0.9978567,1
76,16,1,1,0,91.847786,40.26895,38.769028,0.0049960148,0.008339398,-0.004994476,10.471945,10.536111,2,11,1,0.9793799,1
76,32,1,1,0,106.347374,-175.48328,43.868732,0.001515041,-5.1400344e-05,-0.006452504,7.0892086,7.0561113,2,12,1,0.96662384,1
76,4,1,1,0,118.3719,177.72127,371.48056,-0.006284901,0.013200358,0.0018659292,17.24809,17.2475,2,13,1,0.9705814,1
76,40,1,1,0,123.70606,568.2443,24.384266,0.0110187605,3.1906086e-07,0.005181572,10.2305,10.089723,2,14,1,0.93868667,1
76,40,1,0,0,123.70606,568.2443,24.384266,0.0110187605,3.1906086e-07,0.005181572,3.835222,3.7616668,2,-1,0,0.9602419,1
76,25,1,1,0,-130.31567,321.91492,412.04974,-0.0044064703,0.009219993,-0.0141685,16.0098,16.049723,2,15,1,0.9908421,1
76,31,1,1,0,141.73872,364.74673,130.78906,-0.021980396,-0.0156006,-0.0074173864,23.206224,23.308056,2,16,1,0.9663342,1
76,24,0,0,0,0.0,0.0,0.0,0.0,0.0,0.0,16.176298,-1.0,2,-1,0,0.97768265,1
76,4,1,0,0,118.3719,177.72127,371.48056,-0.006284901,0.013200358,0.0018659292,4.660118,4.6194444,2,-1,0,0.99753153,1
76,23,1,1,0,-151.8011,-464.17645,163.92662,0.00855226,0.002264748,-0.019546382,10.865666,10.6575,2,17,1,0.9981766,1
76,23,1,0,0,-151.8011,-464.17645,163.92662,0.00855226,0.002264748,-0.019546382,6.978784,7.0747223,2,-1,0,0.99993014,1
76,14,1,1,0,-153.43282,-298.9325,258.92303,-0.0014424411,-0.0018251782,0.0069984803,8.344728,8.3775,2,18,1,0.9792266,1
76,23,1,0,0,-151.8011,-464.17645,163.92662,0.00855226,0.002264748,-0.019546382,3.003,3.0141666,2,-1,0,0.6211518,1
76,28,1,0,0,207.23209,568.2477,251.20198,0.000995345,0.014556477,3.5568162e-05,4.7936945,4.621111,2,-1,0,0.92123556,1
76,13,1,1,0,-170.68323,-592.04156,246.48312,0.0038148216,0.005303332,-0.004215973,8.6050005,8.890278,2,19,1,0.9994223,1
76,13,1,0,0,-170.68323,-592.04156,246.48312,0.0038148216,0.005303332,-0.004215973,8.674167,8.573611,2,-1,0,0.99086285,1
76,35,1,1,0,-178.88847,214.00789,186.13895,0.008981397,0.0032358267,-0.009854031,16.028791,16.381111,2,20,1,0.9880106,1
76,5,1,1,0,-205.56285,532.7397,276.93637,-0.014745244,0.0008682777,0.0153025575,22.882027,21.730556,2,21,1,0.99901474,1
76,28,1,1,0,207.23209,568.2477,251.20198,0.000995345,0.014556477,3.5568162e-05,17.479126,8.231667,2,22,1,0.98828584,1
76,20,1,1,0,-220.07764,33.130722,107.322235,0.005424862,-0.014870905,0.0023264051,17.36761,17.149445,2,23,1,0.95941746,1
76,21,1,1,0,220.75066,-230.57315,18.907507,-0.008551692,-0.0028325964,-0.01840013,19.505272,19.488056,2,24,1,0.9825714,1
76,26,0,0,0,0.0,0.0,0.0,0.0,0.0,0.0,41.655052,-1.0,2,-1,0,0.99980754,1
76,5,0,0,0,0.0,0.0,0.0,0.0,0.0,0.0,4.171583,4.178056,2,-1,0,0.93300366,1
76,26,0,0,0,0.0,0.0,0.0,0.0,0.0,0.0,3.7008748,-1.0,2,-1,0,0.97790354,1
76,38,1,1,0,230.23383,194.5989,285.57373,0.0062590856,-0.024679845,0.021404423,22.610369,21.6425,2,25,1,0.98795277,1
76,38,1,0,0,230.23383,194.5989,285.57373,0.0062590856,-0.024679845,0.021404423,2.6946805,2.6944444,2,-1,0,0.509872,1
76,38,1,0,0,230.23383,194.5989,285.57373,0.0062590856,-0.024679845,0.021404423,4.326389,4.2625,2,-1,0,0.99016774,1
76,38,1,0,0,230.23383,194.5989,285.57373,0.0062590856,-0.024679845,0.021404423,6.3408194,6.2769446,2,-1,0,0.9650635,1
76,8,1,1,0,264.1271,45.377186,234.48845,-0.0078353435,-0.014144715,0.020677922,22.12058,22.032223,2,26,1,0.99067956,1
76,30,1,1,0,274.57718,-198.7022,264.44046,0.018932149,-0.017062908,0.006008145,18.289131,4.3852777,2,27,1,0.98605937,1
76,3,1,1,0,288.43784,-468.46127,396.50983,-0.0059981905,-0.012080754,-0.033852067,35.99477,35.794724,2,28,1,0.99978226,1
76,36,1,1,0,286.66858,-199.96742,45.740788,0.0011304567,-0.0074854717,-0.0005430255,9.575868,2.1147223,2,29,1,0.9495412,1
76,2,1,1,0,-290.98563,-192.68796,341.2175,-0.042269774,-0.0161962,0.013192045,25.855911,29.992222,2,30,1,0.99746895,1
76,18,1,1,0,-301.82275,579.59576,192.73906,-0.011065263,0.0016095069,-0.012206776,16.157084,16.11861,2,31,1,0.9723513,1
76,6,1,1,0,-315.15427,392.15347,98.046555,0.005285001,-0.0005394248,0.00037454008,5.2029166,5.298333,2,32,1,0.9500453,1
76,17,1,1,0,318.2197,174.09207,164.22646,-0.0044545983,0.020088863,-0.015440958,26.571136,26.40889,2,33,1,0.98080164,1
76,15,1,1,0,-316.57666,-464.15176,436.59924,0.0024923736,0.0055859894,0.007378094,13.229104,9.521667,2,34,1,0.9978847,1
76,2,1,0,0,-290.98563,-192.68796,341.2175,-0.042269774,-0.0161962,0.013192045,9.242986,8.996388,2,-1,0,0.9899631,1
76,37,1,1,0,328.12943,-26.530474,270.11246,-0.01572193,-0.006110052,-0.009142593,20.031776,19.866112,2,35,1,0.97516125,1
76,2,1,0,0,-290.98563,-192.68796,341.2175,-0.042269774,-0.0161962,0.013192045,4.4340067,4.371111,2,-1,0,0.98046964,1
77,4,1,0,0,-2.9095402,285.4706,172.94771,-0.019523535,0.008615338,-0.01729472,4.565674,4.592222,2,-1,0,0.98290426,1
77,4,1,1,0,-2.9095402,285.4706,172.94771,-0.019523535,0.008615338,-0.01729472,8.368772,8.311944,2,0,1,0.98408026,1
77,14,1,1,0,21.994928,431.86047,431.48624,0.009259739,-0.019034933,-0.014353312,31.434292,28.423334,2,1,1,0.9998598,1
77,30,1,1,0,23.931667,-159.5804,167.72018,0.00478361,0.006367578,0.00072274223,11.960805,7.2483335,2,2,1,0.9930229,1
77,6,1,0,0,-40.907124,61.80862,211.37839,0.03417382,-0.0037469615,0.0106186215,14.093327,13.982778,2,-1,0,0.94879794,1
77,36,1,1,0,-31.186693,411.07492,119.57461,-0.0016619785,-0.0023193145,-0.0033643658,4.942417,4.8919444,2,3,1,0.9064249,1
77,36,1,0,0,-31.186693,411.07492,119.57461,-0.0016619785,-0.0023193145,-0.0033643658,4.9580417,0.10527778,2,-1,0,0.8755884,1
77,6,1,0,0,-40.907124,61.80862,211.37839,0.03417382,-0.0037469615,0.0106186215,8.30375,8.423056,2,-1,0,0.9740878,1
77,8,0,0,0,0.0,0.0,0.0,0.0,0.0,0.0,6.7064304,-1.0,2,-1,0,0.9843121,1
77,6,1,1,0,-40.907124,61.80862,211.37839,0.03417382,-0.0037469615,0.0106186215,15.979167,15.511666,2,-1,1,0.9630568,1
77,40,1,0,0,40.036747,262.7768,36.497944,0.010853577,0.0016765568,-0.0138876615,8.848374,8.891945,2,-1,0,0.9790371,1
77,40,1,1,0,40.036747,262.7768,36.497944,0.010853577,0.0016765568,-0.0138876615,12.601765,12.502222,2,4,1,0.9645171,1
77,23,1,0,0,-61.59671,-508.2996,57.906883,0.013108896,-0.0037355553,0.0049776603,4.110542,4.1244445,2,-1,0,0.9685967,1
77,19,1,1,0,-51.184082,-389.3968,399.0475,-0.014307548,-0.009589988,-0.024985258,31.66397,31.959444,2,5,1,0.9941513,1
77,8,0,0,0,0.0,0.0,0.0,0.0,0.0,0.0,4.999507,-1.0,2,-1,0,0.9872821,1
77,23,1,1,0,-61.59671,-508.2996,57.906883,0.013108896,-0.0037355553,0.0049776603,11.337472,10.356389,2,6,1,0.9784188,1
77,10,1,1,0,-69.87893,357.39462,181.25996,0.011711563,-0.005602343,0.012829144,20.310183,20.154444,2,7,1,0.99885774,1
77,22,1,1,0,-67.31146,-89.21832,53.42568,-0.0069073993,-0.019087197,-0.0061226944,22.993828,18.981667,2,8,1,0.99276626,1
77,24,1,1,0,-80.27558,-88.35982,320.91586,-0.0041492903,-0.00070928066,0.0034143943,5.797354,6.0505557,2,9,1,0.99181354,1
77,24,1,0,0,-80.27558,-88.35982,320.91586,-0.0041492903,-0.00070928066,0.0034143943,5.9828954,6.0452776,2,-1,0,0.9956736,1
77,33,1,1,0,-109.36282,-108.35776,405.74866,0.018090857,-0.01592106,0.0015456917,25.189232,25.052221,2,10,1,0.99451447,1
77,37,1,1,0,110.54464,251.77829,282.4551,0.0064898715,-0.009122509,-0.012955712,8.93166,8.900833,2,11,1,0.9990023,1
77,37,1,0,0,110.54464,251.77829,282.4551,0.0064898715,-0.009122509,-0.012955712,6.4085135,6.358611,2,-1,0,0.97044545,1
77,25,1,1,0,128.83807,523.8557,364.61942,0.016653638,-0.015159937,0.008513109,15.995126,13.605278,2,12,1,0.99933237,1
77,15,1,1,0,-136.2751,547.23047,64.72107,0.015053058,-0.009639494,0.011025939,23.831375,23.837778,2,13,1,0.99398345,1
77,25,1,0,0,128.83807,523.8557,364.61942,0.016653638,-0.015159937,0.008513109,6.911986,6.913611,2,-1,0,0.98065037,1
77,25,1,0,0,128.83807,523.8557,364.61942,0.016653638,-0.015159937,0.008513109,3.0055556,3.003611,2,-1,0,0.80026406,1
77,32,1,1,0,147.79382,61.3568,175.86232,-0.0038083955,-0.0065857237,-0.008230667,12.91993,12.8125,2,14,1,0.99446625,1
77,1,1,1,0,-162.77957,92.87529,199.44775,0.0043785656,0.0032507596,-0.028004428,23.738655,21.920279,2,15,1,0.99471164,1
77,39,1,1,0,-164.64987,187.64322,334.62375,-0.002530819,0.014828245,0.010347081,20.163334,19.404722,2,16,1,0.9988757,1
77,18,1,1,0,175.61143,-510.42822,6.561123,0.015169403,0.01096554,0.0272392,22.18618,21.723333,2,17,1,0.96585876,1
77,27,1,0,0,-187.31053,299.0614,5.891476,0.015344545,0.010841428,0.0089364005,8.236986,7.5961113,2,-1,0,0.97670984,1
77,18,1,0,0,175.61143,-510.42822,6.561123,0.015169403,0.01096554,0.0272392,8.9528675,9.012222,2,-1,0,0.99686486,1
77,27,1,1,0,-187.31053,299.0614,5.891476,0.015344545,0.010841428,0.0089364005,11.678779,11.674444,2,18,1,0.9906148,1
77,7,1,1,0,184.06802,-115.90516,452.15222,0.018674793,0.007234489,-0.014365473,26.525612,26.803333,2,19,1,0.99925715,1
77,29,1,0,0,218.49405,-36.78976,454.0477,-0.055299573,-0.019114163,0.001442004,4.545007,4.6069446,2,-1,0,0.9869157,1
77,29,1,1,0,218.49405,-36.78976,454.0477,-0.055299573,-0.019114163,0.001442004,47.715435,48.16111,2,20,1,0.97896534,1
77,20,1,1,0,210.61241,-226.46793,286.74628,-0.003684332,0.0011996122,0.0018758875,4.620514,3.9536111,2,21,1,0.9882918,1
77,31,1,1,0,238.9457,-384.9845,50.03398,0.013655949,0.00079753576,-0.003952153,13.559271,13.424444,2,22,1,0.97920024,1
77,34,0,0,0,0.0,0.0,0.0,0.0,0.0,0.0,13.384534,-1.0,2,-1,0,0.9783504,1
77,17,1,1,0,-251.8778,-533.95154,1.4499041,0.008912243,0.005101099,0.013618847,15.611298,15.6325,2,23,1,0.97009695,1
77,5,1,0,0,-282.80618,-157.99422,426.5872,0.02195451,0.0116532715,0.012120131,10.978757,11.034722,2,-1,0,0.98265105,1
77,11,1,1,0,-265.46805,472.3614,410.6496,-0.012484992,0.008570148,0.024373423,29.402847,29.385279,2,24,1,0.99810874,1
77,9,0,0,0,0.0,0.0,0.0,0.0,0.0,0.0,13.74107,-1.0,2,-1,0,0.9788811,1
77,5,1,1,0,-282.80618,-157.99422,426.5872,0.02195451,0.0116532715,0.012120131,16.081818,16.244722,2,25,1,0.9951391,1
77,9,0,0,0,0.0,0.0,0.0,0.0,0.0,0.0,4.715791,-1.0,2,-1,0,0.9911814,1
77,2,1,0,0,-293.86087,214.18791,31.113144,-0.02813605,-0.0011700833,-0.004799311,9.322209,9.263889,2,-1,0,0.9909939,1
77,12,1,1,0,304.2509,559.9341,115.08299,-0.0076529565,0.017765438,-0.009213828,14.971486,14.338333,2,26,1,0.99288553,1
77,28,1,1,0,-322.65723,-216.13135,236.9329,0.0022964247,-0.01972046,-0.005258078,9.607958,9.03,2,27,1,0.9863653,1
77,21,1,0,0,-324.82205,479.79083,150.96986,-0.010184666,0.0021602106,0.02526679,5.970514,5.504722,2,-1,0,0.9700476,1
77,21,1,0,0,-324.82205,479.79083,150.96986,-0.010184666,0.0021602106,0.02526679,4.7570906,4.8105555,2,-1,0,0.9026409,1
77,13,1,1,0,-327.42126,-139.43692,362.41626,-0.0022712264,-0.0054122005,-0.017386166,12.956049,12.4525,2,28,1,0.97673327,1
77,35,1,0,0,333.0673,8.707898,381.24298,-0.0041850293,0.01525479,-0.022357175,8.917688,8.986944,2,-1,0,0.99357706,1
77,35,1,1,0,333.0673,8.707898,381.24298,-0.0041850293,0.01525479,-0.022357175,13.092355,12.933611,2,29,1,0.9975987,1
77,35,1,0,0,333.0673,8.707898,381.24298,-0.0041850293,0.01525479,-0.022357175,4.704708,4.738333,2,-1,0,0.9422076,1
77,2,1,1,0,-293.86087,214.18791,31.113144,-0.02813605,-0.0011700833,-0.004799311,14.928181,14.659166,2,30,1,0.95098877,1
77,2,1,0,0,-293.86087,214.18791,31.113144,-0.02813605,-0.0011700833,-0.004799311,3.0932152,2.978611,2,-1,0,0.5664805,1
77,26,0,0,0,0.0,0.0,0.0,0.0,0.0,0.0,27.753916,-1.0,2,-1,0,0.9999776,1
77,16,1,1,0,-343.08853,-375.71564,397.1435,0.0056079845,0.0035396544,-0.0040162923,7.3823333,7.3083334,2,31,1,0.96184874,1
77,26,1,1,0,-339.8462,-528.2348,220.64438,-0.033582192,0.0029988347,0.033436224,3.2925553,3.2775,2,-1,1,0.886977,1
77,3,1,1,0,-353.82175,-207.25717,189.58456,-0.015346565,0.0036512522,0.010072369,7.170833,7.178056,2,32,1,0.97398925,1
77,3,1,0,0,-353.82175,-207.25717,189.58456,-0.015346565,0.0036512522,0.010072369,8.948111,2.4519444,2,-1,0,0.9956247,1
77,21,1,1,0,-324.82205,479.79083,150.96986,-0.010184666,0.0021602106,0.02526679,7.2258334,7.2211113,2,33,1,0.95701885,1
77,38,1,1,0,358.73904,126.62854,452.7711,-0.0017401163,-0.02027748,-0.011711662,10.379791,10.326944,2,34,1,0.99840254,1
77,38,1,0,0,358.73904,126.62854,452.7711,-0.0017401163,-0.02027748,-0.011711662,10.446158,9.303056,2,-1,0,0.9657299,1
78,35,1,1,0,-3.8467894,-582.01483,404.4702,0.009279647,-0.005540617,0.0036184627,3.3195345,3.256389,2,0,1,0.75869155,1
78,36,1,1,0,-20.575003,153.46635,455.07126,0.023726812,0.00582535,-0.0063307118,25.857105,25.508888,2,1,1,0.9987204,1
78,20,1,1,0,16.162086,261.9977,369.1422,0.0011035595,0.0069357455,0.010319638,15.138666,15.413889,2,2,1,0.9915097,1
78,6,1,1,0,34.013176,-30.100288,430.20114,-0.0058846264,0.021552695,0.018814197,11.768431,11.805833,2,3,1,0.9995055,1
78,38,1,1,0,-30.273296,-378.49692,319.91785,-0.0012784993,-0.014518314,-0.024009764,20.58534,20.665556,2,4,1,0.9824735,1
78,38,1,0,0,-30.273296,-378.49692,319.91785,-0.0012784993,-0.014518314,-0.024009764,10.988097,10.885,2,-1,0,0.99706,1
78,6,1,0,0,34.013176,-30.100288,430.20114,-0.0058846264,0.021552695,0.018814197,9.667444,9.571389,2,-1,0,0.9923145,1
78,6,1,0,0,34.013176,-30.100288,430.20114,-0.0058846264,0.021552695,0.018814197,10.224521,10.364166,2,-1,0,0.98389095,1
78,9,1,1,0,37.609802,531.2155,28.463047,-0.000598598,-0.012968119,-0.015997244,14.154425,14.1652775,2,5,1,0.9991468,1
78,9,1,0,0,37.609802,531.2155,28.463047,-0.000598598,-0.012968119,-0.015997244,10.832346,10.888056,2,-1,0,0.9770463,1
78,26,1,1,0,-40.069412,590.9434,452.19202,-0.0030318778,0.0058820844,-0.0011568555,8.358744,8.2919445,2,6,1,0.96764463,1
78,26,1,0,0,-40.069412,590.9434,452.19202,-0.0030318778,0.0058820844,-0.0011568555,7.4361033,7.603611,2,-1,0,0.9753293,1
78,38,1,0,0,-30.273296,-378.49692,319.91785,-0.0012784993,-0.014518314,-0.024009764,3.440229,3.5308332,2,-1,0,0.8042164,1
78,27,1,1,0,45.735878,230.20667,37.41547,0.014486923,-0.008231762,-0.01009239,16.63139,16.834723,2,7,1,0.9987116,1
78,27,1,0,0,45.735878,230.20667,37.41547,0.014486923,-0.008231762,-0.01009239,4.657326,4.727778,2,-1,0,0.99536884,1
78,29,1,0,0,50.711197,142.269,336.16806,0.014418603,-0.02481589,0.015064446,6.3723335,6.284167,2,-1,0,0.96120226,1
78,29,1,1,0,50.711197,142.269,336.16806,0.014418603,-0.02481589,0.015064446,20.982283,20.781666,2,8,1,0.9938374,1
78,33,1,1,0,-51.57911,331.29697,426.88507,-0.0034994162,-0.0022606929,0.011409768,15.366125,15.045278,2,9,1,0.9975063,1
78,8,1,1,0,-69.193695,-384.1897,28.992647,-0.009908836,0.029502144,-0.018149229,29.702162,27.454445,2,10,1,0.9620933,1
78,19,1,1,0,75.14461,-348.70425,373.65744,-0.0059576724,0.0179686,0.009457487,23.942743,23.809444,2,11,1,0.99054176,1
78,8,1,0,0,-69.193695,-384.1897,28.992647,-0.009908836,0.029502144,-0.018149229,12.553327,12.566667,2,-1,0,0.8591881,1
78,4,0,0,0,0.0,0.0,0.0,0.0,0.0,0.0,11.448069,-1.0,2,-1,0,0.98746234,1
78,4,0,0,0,0.0,0.0,0.0,0.0,0.0,0.0,11.658564,-1.0,2,-1,0,0.989976,1
78,23,1,0,0,109.729515,390.9161,70.92325,-0.01848137,-0.0031709094,-0.014304581,5.7899027,5.8886113,2,-1,0,0.9690707,1
78,29,1,0,0,50.711197,142.269,336.16806,0.014418603,-0.02481589,0.015064446,3.4388192,3.4419444,2,-1,0,0.9634022,1
78,4,0,0,0,0.0,0.0,0.0,0.0,0.0,0.0,2.931764,-1.0,2,-1,0,0.68026423,1
78,23,1,0,0,109.729515,390.9161,70.92325,-0.01848137,-0.0031709094,-0.014304581,2.7951183,2.8716667,2,-1,0,0.84430146,1
78,28,1,0,0,123.86382,189.01196,394.478,-0.007524661,-0.024199326,-0.022329226,3.3742433,3.3119445,2,-1,0,0.7845605,1
78,23,1,1,0,109.729515,390.9161,70.92325,-0.01848137,-0.0031709094,-0.014304581,19.721724,19.8525,2,12,1,0.9905077,1
78,3,1,1,0,112.05278,8.0590315,1.4056972,-0.027537635,-0.0055952407,0.01738146,28.203407,28.606112,2,13,1,0.9970483,1
78,1,0,0,0,0.0,0.0,0.0,0.0,0.0,0.0,3.1190279,3.046111,2,-1,0,0.642265,1
78,28,1,1,0,123.86382,189.01196,394.478,-0.007524661,-0.024199326,-0.022329226,27.29432,26.743334,2,14,1,0.9997794,1
78,37,1,1,0,-122.93965,-5.8552985,294.51636,-0.015343668,-0.010966708,0.01523077,24.832006,23.279167,2,15,1,0.96929216,1
78,22,1,1,0,-125.77149,-33.67842,97.630585,-0.024780106,-0.0050805234,0.004306279,19.55484,16.005833,2,16,1,0.99998796,1
78,28,1,0,0,123.86382,189.01196,394.478,-0.007524661,-0.024199326,-0.022329226,3.0527918,3.0113888,2,-1,0,0.76351595,1
78,22,1,0,0,-125.77149,-33.67842,97.630585,-0.024780106,-0.0050805234,0.004306279,7.4615483,7.5877776,2,-1,0,0.97901374,1
78,2,1,1,0,138.94266,592.91736,231.16888,-0.0029825873,0.022689976,-0.011048711,18.478798,16.597221,2,17,1,0.9595736,1
78,22,1,0,0,-125.77149,-33.67842,97.630585,-0.024780106,-0.0050805234,0.004306279,3.2687638,3.326111,2,-1,0,0.9448396,1
78,32,1,1,0,157.12483,574.8122,304.2778,0.013994358,0.015135781,-0.021589778,26.348951,26.391388,2,18,1,0.97827816,1
78,32,1,0,0,157.12483,574.8122,304.2778,0.013994358,0.015135781,-0.021589778,4.790722,4.745278,2,-1,0,0.95268285,1
78,5,1,1,0,181.63309,131.95596,219.85983,-0.01735508,-0.009690027,0.024726043,11.178451,11.15,2,19,1,0.9693591,1
78,5,1,0,0,181.63309,131.95596,219.85983,-0.01735508,-0.009690027,0.024726043,7.5994306,7.7316666,2,-1,0,0.99719775,1
78,5,1,0,0,181.63309,131.95596,219.85983,-0.01735508,-0.009690027,0.024726043,4.111361,4.01,2,-1,0,0.9840469,1
78,10,1,1,0,239.02666,-137.30083,6.0732203,0.011514759,-0.002610513,0.020468459,18.223772,18.274166,2,20,1,0.99222225,1
78,18,1,1,0,240.20715,101.61206,352.9731,-0.0074900417,-0.0027361405,0.020685077,21.106056,20.968056,2,21,1,0.9977836,1
78,18,1,0,0,240.20715,101.61206,352.9731,-0.0074900417,-0.0027361405,0.020685077,2.873889,2.9094443,2,-1,0,0.61011,1
78,15,1,1,0,-256.0839,-62.05921,276.78806,-0.014368629,0.0073370663,-0.019763658,11.091403,10.055278,2,22,1,0.99034077,1
78,15,1,0,0,-256.0839,-62.05921,276.78806,-0.014368629,0.0073370663,-0.019763658,8.975202,9.113611,2,-1,0,0.9829117,1
78,30,1,1,0,-260.6533,1.5909834,214.0743,-0.00034024907,0.017292276,-0.013665838,17.927881,17.834723,2,23,1,0.998336,1
78,30,1,0,0,-260.6533,1.5909834,214.0743,-0.00034024907,0.017292276,-0.013665838,4.4331107,2.3063889,2,-1,0,0.8925404,1
78,11,1,1,0,-263.0063,518.1156,202.50742,-0.0012686813,0.0034855502,-7.8017416e-05,3.2365139,3.2016666,2,24,1,0.74988425,1
78,40,0,0,0,0.0,0.0,0.0,0.0,0.0,0.0,2.5249376,2.5575,2,-1,0,0.56082684,1
78,31,1,0,0,278.09335,-132.10802,153.94194,-0.0013244683,0.009299333,0.021482123,5.129576,5.1433334,2,-1,0,0.92012465,1
78,31,1,1,0,278.09335,-132.10802,153.94194,-0.0013244683,0.009299333,0.021482123,13.015035,11.290833,2,25,1,0.9986039,1
78,21,1,0,0,-303.86298,258.10226,294.8497,0.016502224,-0.008381929,-0.044973675,4.8288336,4.8619447,2,-1,0,0.9938113,1
78,21,1,0,0,-303.86298,258.10226,294.8497,0.016502224,-0.008381929,-0.044973675,7.8568544,7.7355556,2,-1,0,0.988926,1
78,21,1,1,0,-303.86298,258.10226,294.8497,0.016502224,-0.008381929,-0.044973675,30.655321,30.864445,2,26,1,0.99893063,1
78,12,1,1,0,303.05655,-111.421364,424.42343,-0.017508814,0.020130793,-0.002308117,27.493658,27.340834,2,27,1,0.9998895,1
78,34,1,1,0,302.7671,233.4477,186.75513,0.0009884492,0.010274743,0.005808876,12.086562,12.152223,2,28,1,0.9583504,1
78,20,0,0,0,0.0,0.0,0.0,0.0,0.0,0.0,2.8152778,2.8133333,2,-1,0,0.6704044,1
78,17,1,1,0,308.8236,-325.58414,179.96477,-0.008391363,-0.00059998536,-7.442915e-05,7.7707014,7.7283335,2,29,1,0.98946416,1
78,24,1,0,0,316.39914,181.3963,391.48557,0.0037739698,0.023582797,-0.0022783068,3.5106668,3.5183334,2,-1,0,0.9844944,1
78,24,1,1,0,316.39914,181.3963,391.48557,0.0037739698,0.023582797,-0.0022783068,16.050486,4.562778,2,30,1,0.99957246,1
78,39,1,0,0,-347.68875,134.93497,246.91977,-0.014898586,0.011247387,0.0052955225,3.3488123,3.3802779,2,-1,0,0.91729766,1
78,7,1,1,0,345.58295,-23.538101,6.2093773,-0.012915735,-0.018389635,-0.004639851,22.269945,21.979723,2,31,1,0.9684964,1
78,16,1,1,0,-344.97076,-182.22693,239.39705,-0.0013612062,0.009604876,-0.0029106145,9.859312,9.721945,2,32,1,0.9923332,1
78,39,1,1,0,-347.68875,134.93497,246.91977,-0.014898586,0.011247387,0.0052955225,17.014786,12.261389,2,33,1,0.99540824,1
78,40,1,1,0,347.30127,559.10394,155.17218,0.02245951,0.0055073095,-0.012721399,23.24397,23.521667,2,34,1,0.9883627,1
78,14,1,1,0,349.98856,-524.9012,248.45474,-0.005779753,0.009008423,-0.004768491,11.05864,10.926666,2,35,1,0.97759515,1
78,13,1,1,0,-353.268,446.09277,240.16875,0.012985202,0.0028350975,-0.026419124,18.28086,18.294167,2,36,1,0.9583916,1
78,25,0,0,0,0.0,0.0,0.0,0.0,0.0,0.0,11.9186535,-1.0,2,-1,0,0.9896891,1
78,40,1,0,0,347.30127,559.10394,155.17218,0.02245951,0.0055073095,-0.012721399,2.5099027,2.5138888,2,-1,0,0.5206832,1
79,7,1,0,0,3.5446098,-321.56,447.236,-0.012767359,0.026251402,-0.038647432,7.022347,7.0536113,2,-1,0,0.95382416,1
79,14,1,1,0,3.2215683,-73.57306,318.6321,0.0023978164,-0.01643154,-0.01516194,6.5137706,6.33,2,0,1,0.8938133,1
79,5,1,1,0,-12.100333,158.09804,123.40219,0.0030824894,0.0019227946,-0.012124733,13.480742,13.650556,2,1,1,0.9942027,1
79,7,1,1,0,3.5446098,-321.56,447.236,-0.012767359,0.026251402,-0.038647432,7.4219584,7.3955555,2,2,1,0.9765518,1
79,14,1,0,0,3.2215683,-73.57306,318.6321,0.0023978164,-0.01643154,-0.01516194,5.253778,5.263889,2,-1,0,0.95207155,1
79,27,1,1,0,25.622425,-529.02655,275.1351,-0.010410148,-0.008675841,-0.0021657397,11.616847,11.621944,2,3,1,0.998755,1
79,27,1,0,0,25.622425,-529.02655,275.1351,-0.010410148,-0.008675841,-0.0021657397,5.4807496,5.4819446,2,-1,0,0.9782079,1
79,23,1,1,0,-39.348553,-536.28296,128.66461,-0.0066219256,-0.034207016,-0.016643167,26.345854,23.360556,2,4,1,0.9951521,1
79,23,1,0,0,-39.348553,-536.28296,128.66461,-0.0066219256,-0.034207016,-0.016643167,3.6765625,3.6294444,2,-1,0,0.90635127,1
79,12,1,1,0,45.29261,174.72379,427.53253,0.006149047,-0.015373789,-0.0020481988,20.02875,15.922778,2,5,1,0.9880001,1
79,23,1,0,0,-39.348553,-536.28296,128.66461,-0.0066219256,-0.034207016,-0.016643167,7.175458,7.1091666,2,-1,0,0.9798993,1
79,40,1,0,0,68.70763,165.83083,258.24036,-0.022226263,0.012248693,-0.0336163,10.1536255,10.218333,2,-1,0,0.98624736,1
79,40,1,0,0,68.70763,165.83083,258.24036,-0.022226263,0.012248693,-0.0336163,3.3673055,3.3611112,2,-1,0,0.5808162,1
79,17,1,0,0,54.924408,-497.71835,263.94394,0.016623186,0.010471715,0.015373787,4.9608126,5.0144444,2,-1,0,0.99395317,1
79,23,1,0,0,-39.348553,-536.28296,128.66461,-0.0066219256,-0.034207016,-0.016643167,5.658,5.561389,2,-1,0,0.97646165,1
79,17,1,1,0,54.924408,-497.71835,263.94394,0.016623186,0.010471715,0.015373787,17.763096,17.83361,2,6,1,0.98846006,1
79,17,1,0,0,54.924408,-497.71835,263.94394,0.016623186,0.010471715,0.015373787,9.185521,9.116667,2,-1,0,0.9861479,1
79,9,1,1,0,69.45895,-574.12305,449.91248,-0.010253882,-0.020485422,0.01337595,30.189959,30.443333,2,7,1,0.9853153,1
79,40,1,1,0,68.70763,165.83083,258.24036,-0.022226263,0.012248693,-0.0336163,31.339592,31.486944,2,8,1,0.9980509,1
79,10,1,1,0,69.94456,345.04352,297.04797,-0.017661594,0.0150483,0.013689225,23.344189,22.914722,2,9,1,0.9937069,1
79,4,1,1,0,-69.533585,527.6659,48.32743,-0.004084742,-0.011576778,-0.008864441,16.099737,10.391666,2,10,1,0.98859686,1
79,4,1,0,0,-69.533585,527.6659,48.32743,-0.004084742,-0.011576778,-0.008864441,3.1951807,3.1877778,2,-1,0,0.8089815,1
79,26,1,1,0,-95.88582,54.73682,200.44519,-0.021969534,0.0036442787,0.0008567165,20.13207,17.788334,2,11,1,0.9946508,1
79,31,1,1,0,-100.19551,166.37093,360.08948,0.008140225,0.009812113,0.015817072,19.645424,19.5575,2,12,1,0.98171544,1
79,26,1,0,0,-95.88582,54.73682,200.44519,-0.021969534,0.0036442787,0.0008567165,4.047132,3.9130557,2,-1,0,0.9409743,1
79,25,1,0,0,138.4663,198.36711,460.32996,0.005208105,-0.004764859,-0.012683113,6.013202,6.12,2,-1,0,0.9853116,1
79,6,1,1,0,-130.46971,25.972195,214.79854,-0.00672124,0.003958333,-0.019098049,21.96968,20.257223,2,13,1,0.9633426,1
79,8,1,1,0,133.3072,467.37204,198.18921,0.021650424,-0.009305051,-0.013039021,20.957314,17.691668,2,14,1,0.9999995,1
79,34,1,0,0,-162.06125,155.74834,147.55719,0.013871776,-0.0087312795,-0.018834202,3.1353192,2.9872222,2,-1,0,0.79787755,1
79,19,1,1,0,138.26398,462.383,55.320076,0.0169293,-0.014819958,0.024753701,22.55823,22.296944,2,15,1,0.9279577,1
79,25,1,1,0,138.4663,198.36711,460.32996,0.005208105,-0.004764859,-0.012683113,14.216347,14.266111,2,16,1,0.96380824,1
79,1,1,1,0,-150.74153,-366.6762,99.864494,-0.0008267454,0.038499884,0.00455052,36.461594,36.387222,2,17,1,0.9949608,1
79,13,1,1,0,158.59871,-155.00677,308.48685,-0.010450837,0.016302565,0.00965343,20.293028,20.099722,2,18,1,0.98009723,1
79,1,1,0,0,-150.74153,-366.6762,99.864494,-0.0008267454,0.038499884,0.00455052,3.681722,3.6780555,2,-1,0,0.95793283,1
79,34,1,1,0,-162.06125,155.74834,147.55719,0.013871776,-0.0087312795,-0.018834202,26.54754,26.465834,2,19,1,0.9923079,1
79,13,1,0,0,158.59871,-155.00677,308.48685,-0.010450837,0.016302565,0.00965343,2.8771803,2.9241667,2,-1,0,0.5921019,1
79,8,1,0,0,133.3072,467.37204,198.18921,0.021650424,-0.009305051,-0.013039021,3.8236735,3.9994445,2,-1,0,0.9459024,1
79,36,1,1,0,186.9088,-149.89594,227.44142,0.015923325,0.010644696,-0.024094222,20.469473,20.3975,2,20,1,0.98827434,1
79,36,1,0,0,186.9088,-149.89594,227.44142,0.015923325,0.010644696,-0.024094222,4.9168334,4.9,2,-1,0,0.9847712,1
79,39,1,1,0,198.32048,52.26415,150.18636,-0.0027544308,0.0043433406,-0.020893395,15.994619,16.1825,2,21,1,0.9634574,1
79,36,1,0,0,186.9088,-149.89594,227.44142,0.015923325,0.010644696,-0.024094222,3.4965143,3.5341666,2,-1,0,0.7900032,1
79,18,1,0,0,-218.2344,-129.79129,166.07773,0.020086609,0.030357677,0.017185392,13.18471,13.074445,2,-1,0,0.9967043,1
79,18,1,1,0,-218.2344,-129.79129,166.07773,0.020086609,0.030357677,0.017185392,23.458672,23.198055,2,22,1,0.9993325,1
79,22,1,0,0,231.94595,-254.91109,250.69005,0.0048432597,0.0021869042,0.00093720044,5.3100767,1.3547223,2,-1,0,0.9835827,1
79,3,1,1,0,-248.35214,386.81177,264.46912,0.00043496452,-0.00301218,0.015010519,16.484173,15.606389,2,24,1,0.99659544,1
79,28,1,1,0,250.69844,-40.910107,283.55914,0.0036316826,0.0043036616,-0.007181591,6.9466176,7.0494447,2,25,1,0.9766856,1
79,21,1,1,0,-254.15352,-210.65175,201.53862,-0.0010105147,0.0115397535,-0.017400427,22.826265,22.435,2,26,1,0.99264467,1
79,30,1,1,0,-253.18877,556.6077,166.01077,-0.011849208,0.011864463,0.003708231,8.9105835,8.851111,2,27,1,0.9891641,1
79,11,1,1,0,266.50967,-155.01456,87.204926,0.009578778,-0.01230867,-0.006752286,11.469382,3.2569444,2,28,1,0.99876726,1
79,32,1,1,0,270.13837,494.88312,56.222813,-0.005203128,-0.015923155,-0.005542653,16.143028,15.080556,2,29,1,0.9964359,1
79,20,1,1,0,-272.5314,-402.75253,439.19315,0.0016009005,-0.0040116943,0.012271377,12.0546875,12.307222,2,30,1,0.9826852,1
79,30,1,0,0,-253.18877,556.6077,166.01077,-0.011849208,0.011864463,0.003708231,4.0273614,4.0208335,2,-1,0,0.9545488,1
79,35,1,0,0,284.13684,353.68802,131.95871,-0.0011830594,0.01552005,0.0019040213,12.387418,3.8872223,2,-1,0,0.99377453,1
79,2,1,1,0,-290.04657,25.866934,309.8054,0.013945499,-0.002918537,-0.015631016,21.05115,20.154722,2,31,1,0.97918975,1
79,19,0,0,0,0.0,0.0,0.0,0.0,0.0,0.0,2.8284166,2.8072221,2,-1,0,0.5020557,1
79,33,1,0,0,290.3482,-56.38746,194.22742,0.009786566,-0.011287375,-0.008511957,7.1347427,7.016667,2,-1,0,0.9861471,1
79,33,1,1,0,290.3482,-56.38746,194.22742,0.009786566,-0.011287375,-0.008511957,10.238723,10.233889,2,32,1,0.98059034,1
79,35,1,1,0,284.13684,353.68802,131.95871,-0.0011830594,0.01552005,0.0019040213,5.5645833,5.490278,2,33,1,0.9839835,1
79,24,1,1,0,-293.3722,-575.7742,356.90472,1.4241167e-05,0.009657195,-0.0012656332,9.233305,9.151389,2,34,1,0.9854557,1
79,29,1,1,0,-301.9666,-196.76227,181.3137,0.0003557074,0.00083071477,-0.016254026,12.676639,12.823611,2,35,1,0.9554748,1
79,29,1,0,0,-301.9666,-196.76227,181.3137,0.0003557074,0.00083071477,-0.016254026,3.4594305,3.4555554,2,-1,0,0.91784114,1
79,15,1,1,0,322.65756,-178.01329,411.70587,-0.0074639013,0.008860069,0.009142308,14.987334,12.990278,2,36,1,0.99604404,1
79,1,0,0,0,0.0,0.0,0.0,0.0,0.0,0.0,3.0455763,3.1052778,2,-1,0,0.8656601,1
79,38,1,1,0,-332.04327,-299.1574,50.672966,0.017424697,0.0009245077,0.014905695,21.20109,21.113333,2,-1,1,0.9984616,1
79,9,0,0,0,0.0,0.0,0.0,0.0,0.0,0.0,2.4859445,2.555,2,-1,0,0.6006119,1
79,22,0,0,0,0.0,0.0,0.0,0.0,0.0,0.0,3.1313612,3.048889,2,-1,0,0.5356094,1
79,16,1,1,0,350.87643,-268.32892,384.18008,0.005833798,-0.018627798,0.0061650192,16.906416,16.859444,2,37,1,0.9994184,1
79,37,1,1,0,357.9073,98.903915,94.09143,-0.02332991,0.012599767,0.018199364,31.183332,30.725277,2,38,1,0.99046516,1
79,15,0,0,0,0.0,0.0,0.0,0.0,0.0,0.0,3.439674,3.3105555,2,-1,0,0.9170604,1
79,34,0,0,0,0.0,0.0,0.0,0.0,0.0,0.0,2.7230208,2.7808332,2,-1,0,0.53481364,1
80,14,0,0,0,0.0,0.0,0.0,0.0,0.0,0.0,14.922937,-1.0,2,-1,0,0.99773204,1
80,19,1,1,0,25.02428,-258.6537,393.3646,-0.0064211166,-0.0031869053,0.028884653,30.073412,29.703056,2,0,1,0.99998975,1
80,8,1,1,0,24.091915,-277.43692,456.89166,-0.0018546117,-0.00554251,-0.01753054,13.64509,13.581388,2,1,1,0.9459267,1
80,34,1,0,0,27.251276,596.64526,285.50153,0.028419115,0.015814984,0.019027105,4.330125,4.3283334,2,-1,0,0.96929675,1
80,23,1,0,0,60.222496,-138.41837,341.3616,-0.013967708,-0.0046903905,0.009093635,3.8525417,3.8494444,2,-1,0,0.93322146,1
80,34,1,1,0,27.251276,596.64526,285.50153,0.028419115,0.015814984,0.019027105,20.95725,18.113611,2,2,1,0.99843293,1
80,32,1,1,0,-34.86287,218.08627,238.82549,-0.001612709,0.01465396,0.0032911361,16.465216,12.288611,2,3,1,0.9796101,1
80,21,1,1,0,-48.088665,383.11594,119.16156,-0.0147787295,0.032946415,0.068283916,59.19396,59.51361,2,4,1,0.9992543,1
80,21,1,0,0,-48.088665,383.11594,119.16156,-0.0147787295,0.032946415,0.068283916,19.991388,18.88139,2,-1,0,0.99563086,1
80,21,1,0,0,-48.088665,383.11594,119.16156,-0.0147787295,0.032946415,0.068283916,3.5838957,3.5397222,2,-1,0,0.9387805,1
80,23,1,1,0,60.222496,-138.41837,341.3616,-0.013967708,-0.0046903905,0.009093635,8.676909,8.468056,2,5,1,0.9816471,1
80,23,1,0,0,60.222496,-138.41837,341.3616,-0.013967708,-0.0046903905,0.009093635,3.6580346,3.6233332,2,-1,0,0.97639877,1
80,36,1,1,0,-65.257065,338.14767,460.81714,-0.018347425,0.008641818,-0.009520735,14.035674,13.842222,2,6,1,0.9681944,1
80,5,1,1,0,-68.273285,-581.04584,325.50476,-0.023304513,0.013463089,0.021496477,27.720007,25.005556,2,7,1,0.9993216,1
80,36,1,0,0,-65.257065,338.14767,460.81714,-0.018347425,0.008641818,-0.009520735,10.673624,10.616944,2,-1,0,0.9884509,1
80,28,1,0,0,-99.275085,-567.5843,267.2826,0.023164593,0.007403953,-0.0091252,14.889458,14.735556,2,-1,0,0.95888805,1
80,5,1,0,0,-68.273285,-581.04584,325.50476,-0.023304513,0.013463089,0.021496477,7.379493,7.386667,2,-1,0,0.99502736,1
80,28,1,1,0,-99.275085,-567.5843,267.2826,0.023164593,0.007403953,-0.0091252,15.269215,15.129723,2,8,1,0.99209666,1
80,24,1,1,0,-100.09349,-564.59406,370.0431,0.00580284,-0.0016201464,-0.00040399874,6.6357923,6.817222,2,9,1,0.9817561,1
80,20,1,1,0,-100.58553,242.89455,234.76062,-0.014702379,0.0062090275,0.026699401,18.473007,18.658611,2,10,1,0.9995035,1
80,18,1,1,0,-101.66932,-124.4162,39.145496,3.973964e-05,-0.0002997892,0.0044839163,4.92125,4.829167,2,11,1,0.99628097,1
80,24,1,0,0,-100.09349,-564.59406,370.0431,0.00580284,-0.0016201464,-0.00040399874,4.6700487,4.688889,2,-1,0,0.995458,1
80,15,1,1,0,124.04445,98.321526,254.6878,0.019420847,-0.029655425,-0.0134214675,27.47713,23.973888,2,12,1,0.9889305,1
80,39,1,0,0,-148.00417,511.80493,433.37085,-0.005122793,0.013872898,-0.0062783738,3.9405417,3.8247223,2,-1,0,0.9316001,1
80,15,1,0,0,124.04445,98.321526,254.6878,0.019420847,-0.029655425,-0.0134214675,13.480271,13.488055,2,-1,0,0.9944271,1
80,39,1,0,0,-148.00417,511.80493,433.37085,-0.005122793,0.013872898,-0.0062783738,3.6186805,3.6433334,2,-1,0,0.91720647,1
80,20,1,0,0,-100.58553,242.89455,234.76062,-0.014702379,0.0062090275,0.026699401,13.542686,13.383611,2,-1,0,0.9860729,1
80,9,1,1,0,138.1026,268.52692,223.33922,-0.010273209,-0.01285512,-0.030758161,30.143564,30.5025,2,13,1,0.9947345,1
80,9,1,0,0,138.1026,268.52692,223.33922,-0.010273209,-0.01285512,-0.030758161,6.2709866,6.4438887,2,-1,0,0.9923666,1
80,39,1,1,0,-148.00417,511.80493,433.37085,-0.005122793,0.013872898,-0.0062783738,11.141827,11.149167,2,14,1,0.9851952,1
80,39,1,0,0,-148.00417,511.80493,433.37085,-0.005122793,0.013872898,-0.0062783738,3.8511112,3.841389,2,-1,0,0.96493864,1
80,2,1,1,0,-162.31836,-280.73868,44.819042,0.009576218,0.0021948477,0.019082207,19.804562,19.790833,2,15,1,0.9592111,1
80,33,0,0,0,0.0,0.0,0.0,0.0,0.0,0.0,12.307069,-1.0,2,-1,0,0.97938913,1
80,37,1,1,0,162.2329,-573.1525,37.301414,0.018200906,-0.0198466,-0.014276085,18.992714,17.902779,2,16,1,0.9872838,1
80,37,1,0,0,162.2329,-573.1525,37.301414,0.018200906,-0.0198466,-0.014276085,3.3224583,3.341389,2,-1,0,0.8040505,1
80,37,1,0,0,162.2329,-573.1525,37.301414,0.018200906,-0.0198466,-0.014276085,8.344251,8.384722,2,-1,0,0.99012893,1
80,29,1,1,0,191.03401,434.43472,344.45358,-0.020529745,0.012951293,-0.0027845332,28.449501,27.035278,2,17,1,0.97995526,1
80,16,1,1,0,-186.18758,91.06653,410.00647,-0.0103757,-0.008102293,-0.012810487,13.881452,8.9225,2,18,1,0.9879659,1
80,29,1,0,0,191.03401,434.43472,344.45358,-0.020529745,0.012951293,-0.0027845332,4.6642985,4.5269446,2,-1,0,0.99454147,1
80,26,1,0,0,-214.03809,46.069206,201.67097,0.032276444,0.031185577,-0.0059130755,8.446951,8.673889,2,-1,0,0.9951201,1
80,16,1,0,0,-186.18758,91.06653,410.00647,-0.0103757,-0.008102293,-0.012810487,5.032736,5.0241666,2,-1,0,0.9889908,1
80,17,0,0,0,0.0,0.0,0.0,0.0,0.0,0.0,3.8668957,-1.0,2,-1,0,0.98501563,1
80,26,1,1,0,-214.03809,46.069206,201.67097,0.032276444,0.031185577,-0.0059130755,31.404097,31.229723,2,19,1,0.9927046,1
80,17,0,0,0,0.0,0.0,0.0,0.0,0.0,0.0,25.537693,-1.0,2,-1,0,0.99024314,1
80,31,1,1,0,222.77109,74.957855,309.4881,0.004694696,-0.014550043,0.01695001,21.566847,20.355833,2,20,1,0.96945107,1
80,31,1,0,0,222.77109,74.957855,309.4881,0.004694696,-0.014550043,0.01695001,5.232819,5.2244444,2,-1,0,0.9896881,1
80,1,0,0,0,0.0,0.0,0.0,0.0,0.0,0.0,3.2102013,3.1655555,2,-1,0,0.9721271,1
80,7,1,0,0,-268.45312,183.15997,229.6511,0.012851303,0.010042016,0.0003122389,4.2623057,4.1794443,2,-1,0,0.9755992,1
80,27,1,1,0,-233.28394,-19.625328,124.93335,0.005967424,-0.009618577,0.0024933254,12.503722,12.580833,2,21,1,0.98565465,1
80,4,1,0,0,-245.80003,-150.55872,116.659615,0.030505434,-0.0068689445,-0.02730705,17.27093,17.351944,2,-1,0,0.9761154,1
80,25,1,0,0,-238.65327,-203.3489,421.52853,-0.020616332,-0.035357393,0.0069013415,3.3072498,0.65694445,2,-1,0,0.9058106,1
80,25,1,1,0,-238.65327,-203.3489,421.52853,-0.020616332,-0.035357393,0.0069013415,32.114628,25.193611,2,22,1,0.99892056,1
80,4,1,1,0,-245.80003,-150.55872,116.659615,0.030505434,-0.0068689445,-0.02730705,21.851055,22.11,2,23,1,0.9942583,1
80,4,1,0,0,-245.80003,-150.55872,116.659615,0.030505434,-0.0068689445,-0.02730705,3.0257916,3.1269445,2,-1,0,0.7309458,1
80,7,1,1,0,-268.45312,183.15997,229.6511,0.012851303,0.010042016,0.0003122389,7.9597774,7.883611,2,24,1,0.9674604,1
80,10,1,0,0,285.13284,372.01956,228.12488,-0.026194239,0.020233786,0.0024124822,5.493896,5.3661113,2,-1,0,0.9457289,1
80,10,1,0,0,285.13284,372.01956,228.12488,-0.026194239,0.020233786,0.0024124822,9.57893,9.450833,2,-1,0,0.9600172,1
80,10,1,1,0,285.13284,372.01956,228.12488,-0.026194239,0.020233786,0.0024124822,12.226292,12.153889,2,25,1,0.9872242,1
80,1,1,0,0,-304.431,-262.17462,386.5504,0.006632844,-0.0035845751,0.019527722,5.4384794,5.4508333,2,-1,0,0.94629914,1
80,30,1,1,0,-300.86118,-497.08362,232.29745,0.022005659,0.008385495,-0.0061041918,6.193139,6.258333,2,26,1,0.96103936,1
80,3,1,1,0,300.9683,386.9545,23.054316,0.011687078,-0.003684755,0.00048997,12.536938,10.436389,2,27,1,0.9538772,1
80,1,1,1,0,-304.431,-262.17462,386.5504,0.006632844,-0.0035845751,0.019527722,13.409451,13.361111,2,28,1,0.99745363,1
80,22,1,1,0,-310.9917,-377.39948,379.22348,0.013708946,-0.00096004026,-0.0043993397,10.217784,10.079166,2,29,1,0.96781766,1
80,38,0,0,0,0.0,0.0,0.0,0.0,0.0,0.0,3.2058196,3.3819444,2,-1,0,0.6664127,1
80,38,0,0,0,0.0,0.0,0.0,0.0,0.0,0.0,8.196195,-1.0,2,-1,0,0.98671573,1
80,38,0,0,0,0.0,0.0,0.0,0.0,0.0,0.0,19.019903,-1.0,2,-1,0,0.95280427,1
80,11,1,0,0,358.98834,356.33694,437.11035,-0.015041035,0.018254716,0.0073782797,2.9277985,3.016389,2,-1,0,0.88330907,1
80,40,1,1,0,352.5528,187.1522,361.0336,0.0028880711,-0.008506171,-0.014288434,14.39468,14.534445,2,30,1,0.9940446,1
80,35,1,0,0,-361.9515,343.27875,153.80316,-0.005504236,-0.005923855,-0.011937016,3.7701318,3.6816666,2,-1,0,0.9744733,1
80,11,1,1,0,358.98834,356.33694,437.11035,-0.015041035,0.018254716,0.0073782797,17.225716,17.292223,2,31,1,0.99880064,1
80,35,1,1,0,-361.9515,343.27875,153.80316,-0.005504236,-0.005923855,-0.011937016,9.401264,9.336111,2,32,1,0.9829118,1
81,22,1,1,0,7.6178975,299.8845,161.5705,0.012727137,-0.037779022,0.0018224472,26.922213,26.014166,2,0,1,0.99999857,1
81,22,1,0,0,7.6178975,299.8845,161.5705,0.012727137,-0.037779022,0.0018224472,13.743146,14.065278,2,-1,0,0.9925149,1
81,22,1,0,0,7.6178975,299.8845,161.5705,0.012727137,-0.037779022,0.0018224472,7.6691113,7.72,2,-1,0,0.99255604,1
81,33,1,1,0,-16.49792,407.2487,372.09,0.008380192,-0.026994593,-0.029048791,30.514502,27.684166,2,1,1,0.9971097,1
81,33,1,0,0,-16.49792,407.2487,372.09,0.008380192,-0.026994593,-0.029048791,4.946173,4.926111,2,-1,0,0.99426997,1
81,31,1,1,0,-24.66931,-411.63742,146.6343,0.012331711,0.004876548,0.0016397695,9.667709,9.9425,2,2,1,0.9475126,1
81,31,1,0,0,-24.66931,-411.63742,146.6343,0.012331711,0.004876548,0.0016397695,7.503569,7.4263887,2,-1,0,0.968082,1
81,3,1,0,0,-58.98483,-7.193074,96.27923,0.03705974,0.019211492,-0.0008102612,4.4537706,4.3669443,2,-1,0,0.9463299,1
81,8,0,0,0,0.0,0.0,0.0,0.0,0.0,0.0,3.2515626,3.266389,2,-1,0,0.67123467,1
81,31,1,0,0,-24.66931,-411.63742,146.6343,0.012331711,0.004876548,0.0016397695,6.697722,6.4877777,2,-1,0,0.9924076,1
81,6,1,1,0,36.35938,-51.938293,396.267,0.0055537904,0.0112948315,-0.00542972,16.719501,16.751389,2,3,1,0.97078604,1
81,13,1,1,0,-37.445724,-197.14323,110.57397,-0.008737979,-0.007038026,-0.006077035,15.285925,12.797778,2,4,1,0.97135556,1
81,32,1,1,0,39.088993,10.592262,72.11376,0.005662597,-0.014838139,-0.00019178055,19.00756,4.2494445,2,5,1,0.99997735,1
81,3,1,1,0,-58.98483,-7.193074,96.27923,0.03705974,0.019211492,-0.0008102612,6.239708,6.1597223,2,6,1,0.98225766,1
81,29,1,1,0,-48.945488,514.18915,47.508324,0.0077886875,0.01642503,-0.0031594143,19.785616,19.326666,2,7,1,0.98722863,1
81,3,0,0,0,0.0,0.0,0.0,0.0,0.0,0.0,32.233345,-1.0,2,-1,0,0.99952245,1
81,7,1,1,0,58.426075,495.55096,252.96786,0.014261368,0.002747281,-0.011128727,19.74695,19.736944,2,8,1,1.0,1
81,2,0,0,0,0.0,0.0,0.0,0.0,0.0,0.0,4.2376666,-1.0,2,-1,0,0.94247586,1
81,28,1,1,0,-64.389854,582.0992,52.46282,-0.010589051,0.020345993,-0.014677827,18.064117,15.628056,2,9,1,0.96979797,1
81,8,1,1,0,-68.453964,-526.74536,138.77022,0.008227808,0.0026047106,-0.0025753663,6.906528,7.1352777,2,10,1,0.9797846,1
81,28,1,0,0,-64.389854,582.0992,52.46282,-0.010589051,0.020345993,-0.014677827,6.647535,6.7694445,2,-1,0,0.98968226,1
81,25,1,1,0,-75.08946,-74.258736,140.98354,0.018175459,-0.0022852293,-0.026249748,33.51847,33.6725,2,11,1,0.99632865,1
81,2,1,1,0,78.07389,-166.03355,235.43228,0.010021378,-0.020898206,0.01216042,30.483606,30.40639,2,12,1,0.993708,1
81,38,1,1,0,-105.319214,-23.618793,333.47748,-0.0012597494,0.0013022437,-0.003945037,6.5052776,6.587222,2,13,1,0.96561027,1
81,38,1,0,0,-105.319214,-23.618793,333.47748,-0.0012597494,0.0013022437,-0.003945037,4.542972,4.4722223,2,-1,0,0.98818016,1
81,34,1,1,0,-111.796715,-265.4592,27.47259,0.010760439,0.009024216,0.008603483,14.558791,14.589444,2,14,1,0.9753057,1
81,35,1,1,0,108.38533,449.49078,39.104862,0.007400701,0.0037316594,0.0049006874,3.0058057,2.9858334,2,15,1,0.6794734,1
81,14,1,1,0,-112.93473,309.84885,279.6996,-0.0041151145,-0.0038396602,0.0012325345,6.428174,6.4238887,2,16,1,0.9840296,1
81,15,1,0,0,173.93701,553.034,289.93912,-0.039732944,-0.0013639673,-0.065018296,3.715958,3.841389,2,-1,0,0.91803366,1
81,26,1,1,0,-138.80023,272.40125,152.23772,0.018886715,-0.014655993,-0.0027026106,26.176792,26.001112,2,17,1,0.999951,1
81,36,1,0,0,-157.69315,425.5934,324.0635,0.05527425,0.05422174,0.024794575,3.4867432,3.4525,2,-1,0,0.6797222,1
81,36,1,1,0,-157.69315,425.5934,324.0635,0.05527425,0.05422174,0.024794575,54.247074,79.14778,2,18,1,0.9430113,1
81,36,1,0,0,-157.69315,425.5934,324.0635,0.05527425,0.05422174,0.024794575,4.5609026,4.5494447,2,-1,0,0.9742891,1
81,15,1,0,0,173.93701,553.034,289.93912,-0.039732944,-0.0013639673,-0.065018296,15.923007,16.224167,2,-1,0,0.9925015,1
81,15,1,1,0,173.93701,553.034,289.93912,-0.039732944,-0.0013639673,-0.065018296,38.45934,38.673054,2,19,1,0.9899273,1
81,30,1,0,0,-167.94885,345.74097,274.733,0.02504269,-0.020742178,0.010790589,10.092673,10.1125,2,-1,0,0.99088305,1
81,37,1,1,0,160.129,-320.9949,377.1811,0.009737691,0.004433416,-0.015377988,18.182922,18.097221,2,20,1,0.99693775,1
81,30,1,1,0,-167.94885,345.74097,274.733,0.02504269,-0.020742178,0.010790589,24.35561,24.373611,2,21,1,0.99999845,1
81,23,1,1,0,-163.95415,75.24426,349.47678,-0.0016448768,0.017927941,-0.0015911306,12.248041,12.086389,2,22,1,0.99204963,1
81,30,1,0,0,-167.94885,345.74097,274.733,0.02504269,-0.020742178,0.010790589,3.0999513,3.0408332,2,-1,0,0.5759126,1
81,21,1,1,0,164.51457,-455.54993,431.1846,0.006521758,0.011335815,-0.01568511,20.490555,11.193055,2,23,1,0.9963406,1
81,23,1,0,0,-163.95415,75.24426,349.47678,-0.0016448768,0.017927941,-0.0015911306,3.8682292,3.8469443,2,-1,0,0.97551787,1
81,9,1,1,0,-169.82588,598.29553,344.62683,-0.0037051493,0.021469684,-0.0015357577,4.334854,4.46,2,24,1,0.8972068,1
81,15,1,0,0,173.93701,553.034,289.93912,-0.039732944,-0.0013639673,-0.065018296,22.962639,22.846945,2,-1,0,0.9931238,1
81,23,1,0,0,-163.95415,75.24426,349.47678,-0.0016448768,0.017927941,-0.0015911306,3.5931804,3.5333333,2,-1,0,0.9300786,1
81,1,1,0,0,-183.99777,599.61194,408.62668,-0.023949444,-0.005959299,0.026285252,12.450154,12.265278,2,-1,0,0.9980823,1
81,1,1,0,0,-183.99777,599.61194,408.62668,-0.023949444,-0.005959299,0.026285252,7.2605414,7.256111,2,-1,0,0.9963335,1
81,11,1,1,0,192.46552,-47.497456,116.10651,-0.017331725,-0.016033165,0.0038888291,19.66371,19.560833,2,25,1,0.99999547,1
81,24,1,1,0,191.29771,-236.33029,52.92838,0.0019726462,-0.024791377,0.0022437994,16.234278,16.178888,2,26,1,0.9942772,1
81,24,1,0,0,191.29771,-236.33029,52.92838,0.0019726462,-0.024791377,0.0022437994,7.385396,7.4108334,2,-1,0,0.946466,1
81,10,1,1,0,198.9509,180.8758,26.87629,-0.006395028,-0.010897236,0.003873084,13.9389305,14.028889,2,27,1,0.9834041,1
81,16,1,1,0,-219.43521,-306.4626,42.929424,0.005419867,0.005384323,0.00037692316,10.350187,10.386111,2,28,1,0.9854107,1
81,4,1,1,0,219.43716,528.3649,405.72275,0.0005353186,0.008264647,-0.017722502,11.2879925,11.0002775,2,29,1,0.9937557,1
81,20,1,1,0,-230.02142,436.373,173.65912,0.004592355,0.0048718257,0.008971619,10.444751,10.213611,2,30,1,0.95272636,1
81,1,1,1,0,-183.99777,599.61194,408.62668,-0.023949444,-0.005959299,0.026285252,15.563111,15.538611,2,31,1,0.95831287,1
81,27,1,1,0,-236.12785,-208.02586,265.79794,-0.0009844467,-0.0075007207,0.01122581,13.749666,13.855556,2,32,1,0.9973465,1
81,17,1,1,0,-249.8661,-206.83167,347.9494,-0.00074903714,0.020724012,-0.009696897,20.836102,20.692778,2,33,1,0.9997844,1
81,18,0,0,0,0.0,0.0,0.0,0.0,0.0,0.0,3.3472917,-1.0,2,-1,0,0.91317815,1
81,4,1,0,0,219.43716,528.3649,405.72275,0.0005353186,0.008264647,-0.017722502,4.9799023,4.85,2,-1,0,0.9875634,1
81,18,0,0,0,0.0,0.0,0.0,0.0,0.0,0.0,18.199257,-1.0,2,-1,0,0.9944524,1
81,40,0,0,0,0.0,0.0,0.0,0.0,0.0,0.0,5.727452,-1.0,2,-1,0,0.9783546,1
81,12,1,1,0,-305.71448,572.0831,385.90335,0.0058593173,-0.017259585,0.0036561806,11.537458,11.2975,2,34,1,0.988564,1
81,12,1,0,0,-305.71448,572.0831,385.90335,0.0058593173,-0.017259585,0.0036561806,8.737104,8.68,2,-1,0,0.9886839,1
81,40,1,1,0,-318.51746,17.077076,207.41129,0.018101642,-0.006428893,-0.015979754,16.875021,16.7675,2,35,1,0.9927142,1
81,39,1,0,0,-329.43564,-504.2733,366.98624,-0.0074377065,0.015614998,0.009778273,5.4104166,5.2716665,2,-1,0,0.97839946,1
81,39,1,1,0,-329.43564,-504.2733,366.98624,-0.0074377065,0.015614998,0.009778273,10.734771,10.773611,2,36,1,0.9982035,1
81,39,1,0,0,-329.43564,-504.2733,366.98624,-0.0074377065,0.015614998,0.009778273,8.018291,6.208611,2,-1,0,0.9869528,1
81,5,1,1,0,-348.70178,35.96646,97.089966,0.0034408632,-0.012310552,0.026122468,13.163974,13.35,2,37,1,0.9810362,1
81,5,0,0,0,0.0,0.0,0.0,0.0,0.0,0.0,13.172077,-1.0,2,-1,0,0.98243505,1
82,29,1,0,0,-59.9001,-148.19354,173.92682,0.020402404,0.015557564,0.025720334,7.736375,7.8227777,2,-1,0,0.9893539,1
82,22,1,1,0,22.723003,-484.41266,50.850475,0.0136429,-0.002429739,0.011253182,10.768577,10.595555,2,0,1,0.9932074,1
82,29,1,0,0,-59.9001,-148.19354,173.92682,0.020402404,0.015557564,0.025720334,8.901861,8.841945,2,-1,0,0.9933444,1
82,9,1,1,0,-37.959946,-98.54954,365.2577,0.011422092,-0.0017863977,-0.0014777891,14.62975,14.143333,2,1,1,0.98221934,1
82,29,1,1,0,-59.9001,-148.19354,173.92682,0.020402404,0.015557564,0.025720334,23.403568,23.502222,2,2,1,0.9978544,1
82,25,1,1,0,67.471176,223.8162,306.48544,0.03514613,-0.030899078,-0.003777578,32.749493,32.42861,2,3,1,1.0,1
82,35,1,1,0,74.90536,568.10144,52.674927,0.008001978,0.0013192757,0.014560832,17.569834,17.556667,2,4,1,0.9975848,1
82,22,1,0,0,22.723003,-484.41266,50.850475,0.0136429,-0.002429739,0.011253182,8.627911,8.552222,2,-1,0,0.9837298,1
82,7,1,1,0,97.224754,198.62492,321.05856,-0.012700289,0.012590189,0.013501399,26.3817,24.956112,2,5,1,0.9994198,1
82,28,1,1,0,-97.92175,128.03033,284.775,0.011900804,-0.0005778932,0.00081173115,13.380625,13.229722,2,6,1,0.9950315,1
82,23,1,0,0,137.87257,169.70471,354.21747,0.01453845,0.023902172,-0.006077585,3.0451348,3.095,2,-1,0,0.87679106,1
82,10,0,0,0,0.0,0.0,0.0,0.0,0.0,0.0,25.147661,-1.0,2,-1,0,0.8810795,1
82,25,1,0,0,67.471176,223.8162,306.48544,0.03514613,-0.030899078,-0.003777578,11.065688,11.142777,2,-1,0,0.99162966,1
82,39,1,1,0,105.256134,-597.194,170.30693,0.012862705,-0.02281399,0.024306374,20.40973,19.696667,2,7,1,0.9987956,1
82,18,1,0,0,130.91275,-324.40826,122.807495,-0.029889226,-0.015445732,-0.013959454,17.463514,17.247778,2,-1,0,0.9994838,1
82,27,1,0,0,122.58864,527.53436,188.11311,0.0053087147,-0.011009251,-0.01052384,3.040771,3.0375,2,-1,0,0.7780956,1
82,27,1,1,0,122.58864,527.53436,188.11311,0.0053087147,-0.011009251,-0.01052384,17.262041,17.495832,2,8,1,0.9907069,1
82,16,1,1,0,127.48607,-58.298077,108.65585,-0.010196336,0.00692552,0.003774171,11.443084,11.4525,2,9,1,0.97635704,1
82,18,1,1,0,130.91275,-324.40826,122.807495,-0.029889226,-0.015445732,-0.013959454,18.16084,18.156666,2,10,1,0.9731259,1
82,20,1,1,0,126.36146,-75.42258,57.011536,-0.0027317419,-0.007306924,0.009880186,14.34261,14.505,2,11,1,0.9833572,1
82,16,1,0,0,127.48607,-58.298077,108.65585,-0.010196336,0.00692552,0.003774171,6.274285,6.2430553,2,-1,0,0.9804552,1
82,15,1,1,0,130.5775,-39.22536,61.516365,0.0041538607,-0.003914114,7.46627e-06,6.0956187,6.279444,2,12,1,0.94487196,1
82,23,1,1,0,137.87257,169.70471,354.21747,0.01453845,0.023902172,-0.006077585,18.996342,19.260834,2,13,1,0.9838674,1
82,23,1,0,0,137.87257,169.70471,354.21747,0.01453845,0.023902172,-0.006077585,8.28709,8.198334,2,-1,0,0.99717486,1
82,4,1,0,0,-153.5266,-526.6923,12.347622,-0.014525875,0.031465795,0.008200918,3.7499166,3.8133333,2,-1,0,0.9501247,1
82,4,1,0,0,-153.5266,-526.6923,12.347622,-0.014525875,0.031465795,0.008200918,14.774271,14.713611,2,-1,0,0.9920122,1
82,4,1,1,0,-153.5266,-526.6923,12.347622,-0.014525875,0.031465795,0.008200918,24.16168,24.346111,2,14,1,0.9906125,1
82,2,1,0,0,155.45975,303.21213,150.12567,0.017268045,-0.015582675,0.0036262164,4.0459027,4.0033336,2,-1,0,0.98884124,1
82,31,1,0,0,-205.60835,-519.99316,77.57731,-0.0068950453,0.002318324,-0.009761973,3.1920557,3.235,2,-1,0,0.95059043,1
82,32,1,1,0,162.9877,-217.95673,438.5829,0.009015415,0.0040905867,-0.019205937,22.093046,20.830278,2,15,1,0.9392811,1
82,6,1,0,0,177.67941,-223.03914,100.779144,0.03117024,0.0106306225,-0.008251254,4.1136527,4.0336113,2,-1,0,0.969127,1
82,5,0,0,0,0.0,0.0,0.0,0.0,0.0,0.0,14.298917,-1.0,2,-1,0,0.99996674,1
82,36,1,1,0,-172.44931,585.4379,208.60173,0.0069980025,-0.010575584,-0.007631692,17.25532,17.037222,2,16,1,0.9952323,1
82,6,1,1,0,177.67941,-223.03914,100.779144,0.03117024,0.0106306225,-0.008251254,27.070042,24.300833,2,17,1,0.9518991,1
82,30,1,1,0,182.32213,-208.1892,371.95972,0.01882638,-0.009886094,-0.010672455,22.44631,13.5008335,2,18,1,0.99738985,1
82,21,1,1,0,-188.244,-175.19115,426.34222,0.020504657,-0.013447226,0.0047503165,25.70725,25.51389,2,19,1,0.9989649,1
82,6,1,0,0,177.67941,-223.03914,100.779144,0.03117024,0.0106306225,-0.008251254,9.986168,10.038611,2,-1,0,0.98686093,1
82,2,1,0,0,155.45975,303.21213,150.12567,0.017268045,-0.015582675,0.0036262164,8.401459,8.344722,2,-1,0,0.9766258,1
82,30,1,0,0,182.32213,-208.1892,371.95972,0.01882638,-0.009886094,-0.010672455,3.6446805,3.7983334,2,-1,0,0.9543637,1
82,30,1,0,0,182.32213,-208.1892,371.95972,0.01882638,-0.009886094,-0.010672455,4.0736113,4.003611,2,-1,0,0.9571719,1
82,2,1,1,0,155.45975,303.21213,150.12567,0.017268045,-0.015582675,0.0036262164,12.5337715,12.188056,2,20,1,0.98728263,1
82,3,1,0,0,225.42474,526.86346,310.10562,-0.032037217,-0.0055890465,-2.8744891e-05,5.6819997,5.7647223,2,-1,0,0.97555166,1
82,31,1,1,0,-205.60835,-519.99316,77.57731,-0.0068950453,0.002318324,-0.009761973,7.4521594,5.5852776,2,21,1,0.9865291,1
82,3,1,1,0,225.42474,526.86346,310.10562,-0.032037217,-0.0055890465,-2.8744891e-05,18.141853,18.088055,2,22,1,0.80745,1
82,1,1,1,0,-223.45865,-267.28854,239.42603,0.00072369474,-0.012342396,0.01183827,15.616424,14.210278,2,23,1,0.98231745,1
82,3,1,0,0,225.42474,526.86346,310.10562,-0.032037217,-0.0055890465,-2.8744891e-05,10.103152,10.1425,2,-1,0,0.9778986,1
82,3,1,0,0,225.42474,526.86346,310.10562,-0.032037217,-0.0055890465,-2.8744891e-05,2.9853752,3.0466666,2,-1,0,0.9260675,1
82,13,1,1,0,238.96768,-313.41962,445.1358,-0.00013368817,-0.016077977,0.00060216745,16.859737,16.8525,2,24,1,0.9911691,1
82,11,1,1,0,-242.1616,-526.1397,51.734005,-0.0054210154,0.009440357,-0.012527572,13.868973,13.168056,2,25,1,0.9044969,1
82,17,1,1,0,245.41779,95.94634,157.30606,-0.009649481,-0.009389226,0.0029088077,11.287743,11.425,2,26,1,0.94554645,1
82,24,1,1,0,-251.17007,575.1655,266.70798,-0.0046041706,-0.0076947976,0.006305504,7.5452776,7.165,2,27,1,0.976488,1
82,34,1,1,0,-257.6085,108.41377,365.8742,-0.0065045054,-0.010564203,-0.011460987,17.510534,17.164444,2,28,1,0.8745494,1
82,8,1,0,0,287.85532,336.69034,393.9223,-0.028380847,-0.053947017,0.021330796,5.3958335,5.4305553,2,-1,0,0.97026134,1
82,33,1,0,0,289.7463,585.9361,125.17133,-0.014815147,-0.024257803,-0.0157284,5.3880763,5.3672223,2,-1,0,0.97787136,1
82,8,1,0,0,287.85532,336.69034,393.9223,-0.028380847,-0.053947017,0.021330796,17.120972,17.085,2,-1,0,0.99890494,1
82,8,1,1,0,287.85532,336.69034,393.9223,-0.028380847,-0.053947017,0.021330796,39.572025,39.576946,2,29,1,0.99670106,1
82,33,1,0,0,289.7463,585.9361,125.17133,-0.014815147,-0.024257803,-0.0157284,3.7006388,3.6152778,2,-1,0,0.9614306,1
82,33,1,1,0,289.7463,585.9361,125.17133,-0.014815147,-0.024257803,-0.0157284,20.00962,20.026667,2,30,1,0.955814,1
82,33,1,0,0,289.7463,585.9361,125.17133,-0.014815147,-0.024257803,-0.0157284,2.82375,2.9036112,2,-1,0,0.51817316,1
82,40,1,0,0,-339.34094,15.251818,386.51822,0.05633788,0.025027074,-0.028523603,13.098181,13.1725,2,-1,0,0.9882053,1
82,40,1,0,0,-339.34094,15.251818,386.51822,0.05633788,0.025027074,-0.028523603,5.776215,5.713611,2,-1,0,0.96569955,1
82,40,1,0,0,-339.34094,15.251818,386.51822,0.05633788,0.025027074,-0.028523603,3.391639,3.2752779,2,-1,0,0.9214389,1
82,14,1,1,0,321.55743,-278.43155,250.26657,-0.0035508052,0.01436535,-0.00201331,14.260154,14.351111,2,31,1,0.99386615,1
82,38,1,1,0,-322.61984,-229.45827,403.9609,-0.007104605,-0.001879316,-0.0062466087,9.013569,9.081667,2,32,1,0.9916534,1
82,40,1,0,0,-339.34094,15.251818,386.51822,0.05633788,0.025027074,-0.028523603,8.6814995,8.598333,2,-1,0,0.9758026,1
82,40,1,1,0,-339.34094,15.251818,386.51822,0.05633788,0.025027074,-0.028523603,24.109072,29.400833,2,-1,1,0.9943357,1
82,37,1,1,0,-353.50974,-116.9682,359.76166,0.01983929,0.0058236304,0.013222607,22.343174,21.518612,2,33,1,0.9965313,1
82,12,1,0,0,-356.3431,461.3746,351.58548,0.008070755,-0.010245757,-0.0075139203,3.5915973,3.6280556,2,-1,0,0.94090515,1
82,19,1,1,0,-352.68594,260.7786,363.79773,-0.010962751,0.0063097905,0.009717455,14.04893,13.99,2,34,1,0.9875358,1
82,12,1,1,0,-356.3431,461.3746,351.58548,0.008070755,-0.010245757,-0.0075139203,8.481979,8.554167,2,35,1,0.9886708,1
82,26,1,1,0,-362.1728,68.46081,146.94934,0.005402812,0.010971978,0.0052840547,9.321869,9.34,2,36,1,0.98729193,1
83,16,1,1,0,6.190196,-508.48352,384.36002,0.0001901096,-0.010017366,0.0009163938,8.981583,8.841389,2,0,1,0.9863718,1
83,24,1,1,0,14.262426,-178.19981,245.13379,0.00029927684,0.00013991985,-0.0025724128,5.1833334,5.375278,2,1,1,0.9887995,1
83,29,0,0,0,0.0,0.0,0.0,0.0,0.0,0.0,8.087361,-1.0,2,-1,0,0.9755063,1
83,15,1,1,0,-16.425158,-154.66283,104.27644,-0.014558832,-0.0036105036,-0.008775467,19.918486,19.681944,2,2,1,0.9862394,1
83,12,1,1,0,-19.704535,149.182,130.72237,0.00580706,0.011997975,-0.017565247,25.242092,25.711111,2,3,1,0.9978942,1
83,15,1,0,0,-16.425158,-154.66283,104.27644,-0.014558832,-0.0036105036,-0.008775467,4.989847,5.0877776,2,-1,0,0.95593643,1
83,40,0,0,0,0.0,0.0,0.0,0.0,0.0,0.0,6.8243055,-1.0,2,-1,0,0.9812515,1
83,40,0,0,0,0.0,0.0,0.0,0.0,0.0,0.0,24.2368,-1.0,2,-1,0,0.9981824,1
83,19,1,1,0,-50.887524,-596.46326,246.0776,-0.00595691,0.0067301113,0.017721783,17.016165,17.01389,2,4,1,0.9967014,1
83,12,1,0,0,-19.704535,149.182,130.72237,0.00580706,0.011997975,-0.017565247,7.056021,6.8675,2,-1,0,0.97244453,1
83,36,1,1,0,-67.45393,-96.183586,367.35376,0.0082941055,-0.011188482,-0.0061726957,18.186499,18.236666,2,5,1,0.99697006,1
83,27,1,1,0,-78.249916,-429.48584,425.02673,0.023122335,0.0021283724,0.015567706,26.020277,25.995277,2,6,1,0.9997589,1
83,27,1,0,0,-78.249916,-429.48584,425.02673,0.023122335,0.0021283724,0.015567706,2.9410486,3.016389,2,-1,0,0.827074,1
83,36,1,0,0,-67.45393,-96.183586,367.35376,0.0082941055,-0.011188482,-0.0061726957,3.2320833,3.2955556,2,-1,0,0.78054476,1
83,30,1,0,0,-94.51536,18.544262,250.52844,-0.031212276,-0.03187816,-0.012753711,4.0113473,3.9483333,2,-1,0,0.9544973,1
83,30,1,1,0,-94.51536,18.544262,250.52844,-0.031212276,-0.03187816,-0.012753711,37.815678,37.542778,2,7,1,0.9961075,1
83,25,1,0,0,100.17049,-166.7025,207.6136,0.005481894,-0.008688068,-0.007337479,3.144354,3.0533333,2,-1,0,0.50341123,1
83,25,1,1,0,100.17049,-166.7025,207.6136,0.005481894,-0.008688068,-0.007337479,13.342938,13.315556,2,8,1,0.9818392,1
83,6,1,1,0,-102.05868,-471.88748,132.96323,-0.0047429027,-0.009491981,0.0006255346,6.1818542,5.193611,2,9,1,0.9413539,1
83,30,1,0,0,-94.51536,18.544262,250.52844,-0.031212276,-0.03187816,-0.012753711,3.593507,3.4966667,2,-1,0,0.95274866,1
83,20,1,1,0,-141.16223,-7.2016892,24.15373,0.023567641,0.007316277,0.006281686,5.5736947,5.562222,2,10,1,0.9871001,1
83,13,1,1,0,-112.98407,-338.69556,293.15314,-0.0045837704,0.011673538,-0.00059397164,12.481806,12.541111,2,11,1,0.994619,1
83,7,1,0,0,-129.22678,-463.08536,95.03269,-0.0014228307,0.0008087946,0.008384879,3.8546252,3.7425,2,-1,0,0.8016468,1
83,22,1,1,0,-125.85753,278.82782,336.60977,0.00506575,-0.0010993602,0.024518965,24.68604,24.440834,2,12,1,0.98515725,1
83,7,1,1,0,-129.22678,-463.08536,95.03269,-0.0014228307,0.0008087946,0.008384879,9.639452,9.741389,2,13,1,0.98098195,1
83,5,1,0,0,-138.11166,-584.9859,455.9624,0.0041178223,0.0042291293,-0.030661972,9.462263,9.389167,2,-1,0,0.9768984,1
83,20,0,0,0,0.0,0.0,0.0,0.0,0.0,0.0,16.533604,-1.0,2,-1,0,0.9983594,1
83,5,1,1,0,-138.11166,-584.9859,455.9624,0.0041178223,0.0042291293,-0.030661972,22.50618,22.528889,2,14,1,0.99477,1
83,38,1,1,0,146.7665,71.914825,100.87625,-0.017022794,-0.0054708826,0.009383412,19.926884,19.841389,2,15,1,0.9916072,1
83,3,1,1,0,-152.23686,243.89299,264.16873,-0.0075016404,0.019340768,-0.030684957,18.38043,18.423334,2,16,1,0.9379621,1
83,3,1,0,0,-152.23686,243.89299,264.16873,-0.0075016404,0.019340768,-0.030684957,17.88885,17.853611,2,-1,0,0.9977464,1
83,26,1,0,0,159.9044,240.98936,92.775734,-0.0020474624,-0.020173725,0.0136323245,5.033035,4.9286113,2,-1,0,0.98152333,1
83,26,1,1,0,159.9044,240.98936,92.775734,-0.0020474624,-0.020173725,0.0136323245,25.987526,26.166945,2,17,1,0.9610712,1
83,2,0,0,0,0.0,0.0,0.0,0.0,0.0,0.0,3.0793056,3.0291667,2,-1,0,0.5096025,1
83,18,1,1,0,-159.60155,-28.928535,135.95552,0.0014915486,0.0075844307,-0.04177609,47.372543,45.34778,2,18,1,0.9877972,1
83,18,1,0,0,-159.60155,-28.928535,135.95552,0.0014915486,0.0075844307,-0.04177609,3.1900485,3.1777778,2,-1,0,0.85038555,1
83,31,1,1,0,-176.13734,-356.90228,89.68644,0.0043614046,-0.015524101,0.0011575123,18.823069,18.570278,2,19,1,0.9987154,1
83,33,1,1,0,-176.01605,5.6888065,137.56857,-0.03803287,-0.00976767,0.0026610754,14.42273,12.033334,2,20,1,0.9998429,1
83,39,1,1,0,-178.40233,-57.13766,332.51398,-0.008024314,-0.012622652,0.005128746,10.870021,10.905556,2,21,1,0.99556017,1
83,39,1,0,0,-178.40233,-57.13766,332.51398,-0.008024314,-0.012622652,0.005128746,6.118062,6.18,2,-1,0,0.96771115,1
83,33,1,0,0,-176.01605,5.6888065,137.56857,-0.03803287,-0.00976767,0.0026610754,11.406763,11.417222,2,-1,0,0.98771054,1
83,21,1,1,0,-193.2757,-582.2894,286.8562,0.006725771,0.005050908,0.011161615,14.198346,14.421945,2,22,1,0.98168004,1
83,28,1,1,0,-204.73961,338.36078,272.40884,0.0121865105,-0.023009293,0.004671231,18.931221,19.132778,2,23,1,0.99892396,1
83,2,1,1,0,205.6197,-43.52135,448.3329,0.004534413,-0.00890869,-0.008004341,10.331187,10.3075,2,24,1,0.9933856,1
83,28,1,0,0,-204.73961,338.36078,272.40884,0.0121865105,-0.023009293,0.004671231,5.7021527,5.5891666,2,-1,0,0.99306256,1
83,11,1,1,0,211.23499,501.62244,86.52778,-0.0035786184,0.0046912073,0.01390269,15.624326,15.64,2,25,1,0.974871,1
83,39,1,0,0,-178.40233,-57.13766,332.51398,-0.008024314,-0.012622652,0.005128746,3.7641943,3.7608333,2,-1,0,0.99321413,1
83,2,1,0,0,205.6197,-43.52135,448.3329,0.004534413,-0.00890869,-0.008004341,2.9344306,2.8752778,2,-1,0,0.6566588,1
83,17,1,1,0,-223.93172,-351.94382,145.59491,0.032736972,0.0044975393,0.0036204092,27.321585,27.0275,2,26,1,0.9987496,1
83,28,1,0,0,-204.73961,338.36078,272.40884,0.0121865105,-0.023009293,0.004671231,4.807424,4.6766667,2,-1,0,0.952268,1
83,14,1,0,0,-240.87381,517.85425,285.97623,-0.004099669,0.01931654,0.025365688,12.252972,12.263889,2,-1,0,0.98616576,1
83,14,1,1,0,-240.87381,517.85425,285.97623,-0.004099669,0.01931654,0.025365688,12.849861,12.901667,2,27,1,0.9922011,1
83,14,1,0,0,-240.87381,517.85425,285.97623,-0.004099669,0.01931654,0.025365688,6.677285,6.678056,2,-1,0,0.9657177,1
83,35,1,0,0,-324.84,-208.58063,372.30948,0.0050749523,0.011462368,-0.0012013306,2.9418957,3.0005555,2,-1,0,0.7240121,1
83,37,0,0,0,0.0,0.0,0.0,0.0,0.0,0.0,7.559389,-1.0,2,-1,0,0.9974571,1
83,9,0,0,0,0.0,0.0,0.0,0.0,0.0,0.0,8.84477,-1.0,2,-1,0,0.9824861,1
83,23,1,1,0,306.14993,-160.06218,279.4386,-0.014924937,0.029910346,-0.010665451,32.383896,32.2275,2,28,1,0.97520214,1
83,9,0,0,0,0.0,0.0,0.0,0.0,0.0,0.0,19.881332,-1.0,2,-1,0,0.98718435,1
83,8,1,1,0,-310.08926,35.991474,69.322426,0.003012822,0.0024716652,-0.0001711566,3.8445418,3.8633332,2,29,1,0.93909734,1
83,34,1,1,0,-316.25095,-566.8,370.1926,-0.0048588105,-0.022098225,0.0102788,19.027218,19.416111,2,30,1,0.9963516,1
83,34,1,0,0,-316.25095,-566.8,370.1926,-0.0048588105,-0.022098225,0.0102788,4.578125,4.683611,2,-1,0,0.9791282,1
83,32,1,1,0,-321.77905,509.6069,452.50336,-0.033342127,0.03794724,-0.007162448,30.80621,13.035,2,31,1,0.9978811,1
83,28,1,0,0,-230.1464,68.17873,468.38367,0.0121865105,-0.023009293,0.004671231,2.8490696,2.8427777,2,-1,0,0.5125431,1
83,35,1,1,0,-324.84,-208.58063,372.30948,0.0050749523,0.011462368,-0.0012013306,12.568355,12.749444,2,32,1,0.99355584,1
83,1,1,1,0,-327.75934,-64.46318,366.66278,-0.014243358,-0.0075030485,-0.00060608174,16.279043,11.09,2,33,1,0.9972174,1
83,10,1,1,0,329.6568,-176.77943,115.26985,-0.0035444228,0.013072594,0.008166363,16.62136,16.525833,2,34,1,0.99701655,1
83,4,1,1,0,345.34534,30.318453,448.53726,-0.0025623213,-0.0018896123,-0.017531903,16.81959,16.775278,2,35,1,0.9527148,1
83,40,0,0,0,0.0,0.0,0.0,0.0,0.0,0.0,2.4121318,2.4472222,2,-1,0,0.6815783,1
84,37,1,1,0,-17.803705,399.63727,184.2865,-0.017685857,-0.009324862,-0.012681707,27.655016,26.665277,2,0,1,0.99949896,1
84,9,1,1,0,-25.645658,-202.81381,13.534613,-0.0073057143,0.0013891245,-0.014440289,18.261831,17.765278,2,1,1,0.9938545,1
84,36,1,1,0,24.801645,211.45563,63.72219,0.0055758846,0.008680645,-0.0038042373,9.949077,9.934444,2,2,1,0.97400814,1
84,13,0,0,0,0.0,0.0,0.0,0.0,0.0,0.0,10.16143,0.14388889,2,-1,0,0.98744893,1
84,23,1,1,0,39.247974,-401.2313,417.87927,-0.011007844,0.0072610383,-0.0015240775,14.569722,14.795834,2,3,1,0.97806805,1
84,17,1,0,0,76.56474,-83.98243,323.27924,-0.023599373,0.005207019,0.007226948,4.561389,4.4452777,2,-1,0,0.9472631,1
84,17,1,1,0,76.56474,-83.98243,323.27924,-0.023599373,0.005207019,0.007226948,23.851389,23.62,2,4,1,0.9991284,1
84,20,1,1,0,-98.3748,-597.6724,161.59073,0.020642743,0.022663977,-0.007270198,33.419548,33.780277,2,6,1,0.9788979,1
84,16,1,1,0,92.597015,201.20166,140.7927,0.0127006,0.001184484,-0.004857838,14.745639,8.008889,2,7,1,0.90273297,1
84,1,1,0,0,122.86977,-164.5386,424.4577,-0.031978462,0.020286806,0.02113027,6.2889996,6.2208333,2,-1,0,0.98346114,1
84,1,1,0,0,122.86977,-164.5386,424.4577,-0.031978462,0.020286806,0.02113027,14.176313,14.2275,2,-1,0,0.99329704,1
84,3,1,1,0,-108.29986,-15.377993,284.07568,0.013183988,-0.02095661,-0.017877067,30.66498,30.344166,2,8,1,0.9948201,1
84,27,1,1,0,-107.80365,-397.36984,375.11548,0.005070053,0.013373253,-0.006678919,17.597658,17.686945,2,9,1,0.98279333,1
84,21,1,1,0,111.5526,509.2086,197.79604,-0.0064875404,0.008212386,-0.0069673243,10.694806,10.933888,2,10,1,0.9220856,1
84,31,1,1,0,-115.96456,-274.23306,414.85504,0.008623742,0.006225214,0.013728705,11.417001,11.612778,2,11,1,0.986329,1
84,31,1,0,0,-115.96456,-274.23306,414.85504,0.008623742,0.006225214,0.013728705,7.514695,7.5927777,2,-1,0,0.99480927,1
84,32,1,1,0,118.22827,-248.8008,149.54404,-0.012420471,0.016883325,-0.018248172,26.686737,26.657223,2,12,1,0.9877814,1
84,7,1,0,0,-117.22115,-123.87362,296.3976,-0.008329062,0.032906774,-0.009933309,13.692841,9.010834,2,-1,0,0.9925609,1
84,1,1,1,0,122.86977,-164.5386,424.4577,-0.031978462,0.020286806,0.02113027,21.703104,21.654444,2,13,1,0.98860174,1
84,7,1,0,0,-117.22115,-123.87362,296.3976,-0.008329062,0.032906774,-0.009933309,9.004618,8.531389,2,-1,0,0.99681526,1
84,1,1,0,0,122.86977,-164.5386,424.4577,-0.031978462,0.020286806,0.02113027,4.9089093,4.9405556,2,-1,0,0.985458,1
84,7,1,1,0,-117.22115,-123.87362,296.3976,-0.008329062,0.032906774,-0.009933309,16.962936,17.038889,2,15,1,0.9905438,1
84,29,1,1,0,148.0184,383.37708,311.39914,-0.0022694832,0.009873117,-0.00042331117,10.148778,10.0775,2,16,1,0.9988097,1
84,2,0,0,0,0.0,0.0,0.0,0.0,0.0,0.0,4.6324162,4.541111,2,-1,0,0.9344749,1
84,10,1,1,0,-164.25389,-536.6567,78.48991,0.0042860163,-0.010099177,-0.00877937,9.196376,9.324445,2,17,1,0.99248964,1
84,4,1,0,0,214.46082,-196.44612,428.55658,-0.06075801,-0.04210315,-0.0066867475,16.906055,17.02,2,-1,0,0.97456634,1
84,10,1,0,0,-164.25389,-536.6567,78.48991,0.0042860163,-0.010099177,-0.00877937,3.3819997,3.3419445,2,-1,0,0.80202675,1
84,12,1,1,0,176.50394,-132.57079,457.53345,-0.019699333,-0.0012253238,0.014914223,25.128298,25.23889,2,18,1,0.9989109,1
84,4,1,0,0,214.46082,-196.44612,428.55658,-0.06075801,-0.04210315,-0.0066867475,8.52266,8.465278,2,-1,0,0.97781473,1
84,22,1,0,0,-183.64604,-382.4839,255.93811,-0.0071313847,0.011680749,-0.021150902,13.749514,6.1075,2,-1,0,0.99020165,1
84,22,1,1,0,-183.64604,-382.4839,255.93811,-0.0071313847,0.011680749,-0.021150902,12.388701,12.408055,2,19,1,0.9999143,1
84,4,1,0,0,214.46082,-196.44612,428.55658,-0.06075801,-0.04210315,-0.0066867475,3.4578125,3.4177778,2,-1,0,0.9361685,1
84,35,0,0,0,0.0,0.0,0.0,0.0,0.0,0.0,34.067894,-1.0,2,-1,0,0.9999838,1
84,4,1,0,0,214.46082,-196.44612,428.55658,-0.06075801,-0.04210315,-0.0066867475,14.354541,14.154445,2,-1,0,0.99721426,1
84,4,1,0,0,214.46082,-196.44612,428.55658,-0.06075801,-0.04210315,-0.0066867475,8.566264,8.529445,2,-1,0,0.99309677,1
84,28,1,1,0,209.72421,241.90337,297.48392,-0.007808317,0.0014810644,0.015984848,13.085423,13.186944,2,20,1,0.99239117,1
84,4,1,1,0,214.46082,-196.44612,428.55658,-0.06075801,-0.04210315,-0.0066867475,16.765041,17.127777,2,21,1,0.9945826,1
84,2,1,0,0,270.00964,318.70047,217.04646,-0.01587018,0.022596458,-0.003932533,8.324445,8.371111,2,-1,0,0.9906494,1
84,6,1,0,0,250.92703,358.75952,177.08934,-0.0017371994,-0.010579013,-0.014548994,2.998583,2.9402778,2,-1,0,0.79555064,1
84,6,1,1,0,250.92703,358.75952,177.08934,-0.0017371994,-0.010579013,-0.014548994,20.018465,18.776388,2,22,1,0.99308574,1
84,38,1,1,0,255.74052,536.09406,260.73376,-0.012073644,0.017687049,0.005925418,20.414001,20.309723,2,23,1,0.9999527,1
84,14,1,1,0,252.95665,205.36089,401.5506,0.00048077645,0.002556199,0.0139274895,14.8352,11.575,2,24,1,0.97072935,1
84,24,1,1,0,-260.34518,-582.2466,150.12941,-0.032422118,-0.015385569,-0.003296868,18.067215,18.094166,2,25,1,0.9998989,1
84,24,1,0,0,-260.34518,-582.2466,150.12941,-0.032422118,-0.015385569,-0.003296868,10.927743,11.042778,2,-1,0,0.98892885,1
84,2,1,1,0,270.00964,318.70047,217.04646,-0.01587018,0.022596458,-0.003932533,19.841389,19.965834,2,26,1,0.9708584,1
84,24,1,0,0,-260.34518,-582.2466,150.12941,-0.032422118,-0.015385569,-0.003296868,3.4364443,3.4577777,2,-1,0,0.9219726,1
84,18,1,1,0,276.98065,-116.098114,279.84647,0.012454336,0.013848323,0.007431493,15.912833,15.8775,2,27,1,0.964586,1
84,18,1,0,0,276.98065,-116.098114,279.84647,0.012454336,0.013848323,0.007431493,5.3559794,5.417778,2,-1,0,0.9735494,1
84,33,1,0,0,-305.0982,-490.66492,301.16037,0.008855477,-0.004187436,-0.009243836,5.5280066,5.4575,2,-1,0,0.9707742,1
84,15,1,0,0,301.4916,187.42686,50.206776,0.006366383,-0.0071409154,0.003992829,8.2810755,0.82916665,2,-1,0,0.98193294,1
84,33,1,1,0,-305.0982,-490.66492,301.16037,0.008855477,-0.004187436,-0.009243836,12.721548,12.808611,2,28,1,0.981384,1
84,39,1,1,0,314.97937,-40.867073,329.35474,-0.0091787195,-0.01579377,-0.008530531,14.905549,14.905278,2,29,1,0.95527524,1
84,25,1,0,0,322.47302,-485.5945,358.50293,-0.030827053,-0.0023512703,0.009520355,14.715208,14.694445,2,-1,0,0.75592154,1
84,25,1,1,0,322.47302,-485.5945,358.50293,-0.030827053,-0.0023512703,0.009520355,16.671478,16.636667,2,30,1,0.9881887,1
84,26,1,1,0,335.18982,51.740517,266.39938,-0.018322013,0.010333455,-0.02052257,27.628855,27.738611,2,31,1,0.998276,1
84,19,1,0,0,-338.3636,-128.0625,309.6835,-0.016232215,0.013625306,0.029532874,10.724604,8.930555,2,-1,0,0.993024,1
84,19,1,0,0,-338.3636,-128.0625,309.6835,-0.016232215,0.013625306,0.029532874,6.58732,6.661389,2,-1,0,0.9570006,1
84,5,1,1,0,349.90744,159.61678,339.98962,-0.0072835954,0.0021743656,0.003075475,7.9738817,7.7791667,2,33,1,0.97533756,1
84,5,1,0,0,349.90744,159.61678,339.98962,-0.0072835954,0.0021743656,0.003075475,6.1608477,6.2183332,2,-1,0,0.9924264,1
84,19,1,1,0,-338.3636,-128.0625,309.6835,-0.016232215,0.013625306,0.029532874,13.883542,14.002222,2,34,1,0.9722787,1
84,11,1,0,0,-359.83215,-263.46582,192.21413,-0.020072728,0.01665073,0.0155815175,4.985862,2.5555556,2,-1,0,0.90317684,1
84,11,1,1,0,-359.83215,-263.46582,192.21413,-0.020072728,0.01665073,0.0155815175,17.655159,17.57361,2,35,1,0.9875365,1
85,12,1,1,0,-18.747938,-320.01056,191.9938,0.012474687,-0.011993793,-0.0012364067,20.633535,20.649723,2,0,1,0.99012405,1
85,34,1,1,0,28.660505,-160.03983,445.1175,-0.014893723,-0.0151597895,0.0065113157,21.975681,21.841944,2,1,1,0.9921421,1
85,22,1,0,0,-46.638435,158.04128,92.46944,-0.005943905,0.012014359,-0.001974481,11.506111,0.15888889,2,-1,0,0.891828,1
85,32,1,1,0,47.969517,-359.3849,32.95643,0.00044080464,-0.0029331327,0.010946865,9.940805,9.77,2,2,1,0.97924757,1
85,24,0,0,0,0.0,0.0,0.0,0.0,0.0,0.0,2.7452223,2.6225,2,-1,0,0.7891202,1
85,11,1,0,0,8.071701,153.41891,73.35946,-0.0054397886,-0.026526364,-0.026399398,5.11682,5.083611,2,-1,0,0.9825699,1
85,10,1,0,0,117.76061,40.647984,424.47693,-0.0060866363,0.009861369,-0.0044167163,3.4172707,3.4797223,2,-1,0,0.5744574,1
85,7,1,1,0,94.18591,399.65436,274.68207,-0.003919325,0.018003428,-0.0018898243,21.302721,16.341667,2,3,1,0.99187803,1
85,18,1,1,0,111.17008,412.72028,134.18484,-0.01280884,-0.010006076,-0.0037511773,17.538792,17.817223,2,4,1,0.9936372,1
85,10,1,1,0,117.76061,40.647984,424.47693,-0.0060866363,0.009861369,-0.0044167163,7.210785,7.295833,2,5,1,0.9716779,1
85,20,1,1,0,-116.05963,555.02783,171.00938,-0.017908288,0.0074436488,-0.008707002,13.015833,13.233611,2,6,1,0.99382365,1
85,20,1,0,0,-116.05963,555.02783,171.00938,-0.017908288,0.0074436488,-0.008707002,10.719465,10.605556,2,-1,0,0.99244636,1
85,6,1,1,0,-131.72937,428.17166,32.10079,-0.0013815174,0.019420084,-0.0012385607,21.003702,20.703611,2,7,1,0.97858334,1
85,39,1,1,0,134.29718,168.15283,274.321,-0.00048432522,-0.0076635773,0.001300418,8.262799,8.097777,2,8,1,0.98791933,1
85,24,1,1,0,-136.30763,-0.7008897,54.80523,-0.0059601786,0.009428708,-0.00069577474,4.3863335,4.458889,2,9,1,0.9810002,1
85,17,0,0,0,0.0,0.0,0.0,0.0,0.0,0.0,4.778354,-1.0,2,-1,0,0.98884344,1
85,26,1,0,0,-159.3348,-194.05434,341.9494,0.013069477,0.021818932,0.009391449,3.7725554,3.878611,2,-1,0,0.96733475,1
85,33,1,1,0,148.21735,362.50854,134.3172,0.009317707,-0.0073934346,-0.015554856,17.879889,15.518056,2,10,1,0.9971521,1
85,3,1,0,0,156.93503,-530.7183,38.972576,0.0011888503,0.025851041,0.026518896,15.184091,15.131389,2,-1,0,0.98619926,1
85,33,1,0,0,148.21735,362.50854,134.3172,0.009317707,-0.0073934346,-0.015554856,4.0520697,4.076389,2,-1,0,0.9914253,1
85,3,1,1,0,156.93503,-530.7183,38.972576,0.0011888503,0.025851041,0.026518896,23.630259,23.873333,2,11,1,0.9950793,1
85,13,1,1,0,-159.00284,388.65042,387.73526,0.00585226,-0.0017032576,0.0062995693,9.191667,9.194445,2,12,1,0.9852395,1
85,26,1,1,0,-159.3348,-194.05434,341.9494,0.013069477,0.021818932,0.009391449,29.806389,29.991945,2,13,1,0.9966839,1
85,29,1,1,0,172.52277,-84.89453,170.37389,0.03926459,0.0083037,-0.016210014,23.734278,23.456112,2,14,1,0.9743103,1
85,28,1,1,0,176.19696,149.84816,15.022859,-0.008877561,0.007432634,0.0034187178,13.753015,13.978611,2,15,1,0.9966807,1
85,17,1,1,0,-175.37679,-490.77512,313.03412,0.0054738643,0.012738457,0.0016326422,14.901882,14.673889,2,16,1,0.98680604,1
85,8,1,1,0,-180.73558,500.77374,160.86261,0.0023938804,-7.2518116e-05,-0.016025705,16.21413,16.233334,2,17,1,0.99745613,1
85,29,1,0,0,172.52277,-84.89453,170.37389,0.03926459,0.0083037,-0.016210014,4.3489375,4.3852777,2,-1,0,0.9645625,1
85,4,1,1,0,188.39693,160.13963,182.2665,-0.0030352715,0.0019813078,1.3676349e-05,3.4614165,3.4622223,2,18,1,0.9196448,1
85,29,1,0,0,172.52277,-84.89453,170.37389,0.03926459,0.0083037,-0.016210014,17.26171,17.26,2,-1,0,0.9978205,1
85,11,1,0,0,221.75294,230.28963,115.386154,-0.0054397886,-0.026526364,-0.026399398,12.846861,12.805,2,-1,0,0.9939253,1
85,11,1,0,0,221.75294,230.28963,115.386154,-0.0054397886,-0.026526364,-0.026399398,9.575874,9.322222,2,-1,0,0.9936334,1
85,11,1,1,0,221.75294,230.28963,115.386154,-0.0054397886,-0.026526364,-0.026399398,14.879744,15.033611,2,19,1,0.9981589,1
85,19,1,1,0,222.86455,-102.480736,170.41138,0.017098494,-0.010042339,-0.0067072255,19.274153,12.2277775,2,20,1,0.9789426,1
85,23,1,1,0,235.33533,76.60404,366.55432,-0.016822496,-0.014928242,0.00554013,18.997396,19.302221,2,21,1,0.9999907,1
85,2,1,1,0,249.7126,-27.297176,404.4074,0.0016602137,0.027591266,0.0015331178,20.634895,20.715555,2,22,1,0.9951565,1
85,25,1,1,0,299.73407,320.7759,188.83623,-0.014950905,0.009232202,0.014977992,16.40705,16.387222,2,23,1,0.9813934,1
85,2,1,0,0,249.7126,-27.297176,404.4074,0.0016602137,0.027591266,0.0015331178,3.1490767,3.2386112,2,-1,0,0.92942756,1
85,9,1,1,0,-257.23578,-328.05176,48.606686,-0.013551526,0.016014647,-0.0010978921,27.677576,16.655556,2,24,1,0.9901196,1
85,31,1,1,0,-268.5002,436.75223,217.58508,0.000103061655,-0.0018708133,-0.005458309,5.8740973,5.3630557,2,25,1,0.9797855,1
85,27,1,1,0,-274.40903,-355.16107,318.9071,-0.008132973,0.0017976469,-0.0013391569,4.0347013,4.018889,2,26,1,0.9482291,1
85,40,1,1,0,-283.1284,-57.770332,396.9612,-0.0063344357,0.0032898618,-0.009156727,8.774452,8.9775,2,27,1,0.9960908,1
85,16,1,1,0,288.06393,-324.7712,3.2440796,0.03566923,-0.021500895,0.006117019,21.085398,21.083889,2,28,1,0.65241534,1
85,16,1,0,0,288.06393,-324.7712,3.2440796,0.03566923,-0.021500895,0.006117019,6.642882,6.7130556,2,-1,0,0.99932694,1
85,15,0,0,0,0.0,0.0,0.0,0.0,0.0,0.0,16.876644,-1.0,2,-1,0,0.99675506,1
85,25,1,0,0,299.73407,320.7759,188.83623,-0.014950905,0.009232202,0.014977992,6.7368336,5.9508333,2,-1,0,0.98991334,1
85,16,1,0,0,288.06393,-324.7712,3.2440796,0.03566923,-0.021500895,0.006117019,11.965603,11.839167,2,-1,0,0.98905283,1
85,37,1,1,0,308.0587,-512.4121,86.91478,0.009285098,0.01884677,-0.002256767,16.514389,8.5075,2,29,1,0.9640665,1
85,36,0,0,0,0.0,0.0,0.0,0.0,0.0,0.0,4.1685696,0.23944445,2,-1,0,0.99145085,1
85,36,1,1,0,-309.28738,-500.13284,258.84445,-0.006247131,-0.019425504,0.0038742349,12.925466,11.423889,2,30,1,0.99121726,1
85,36,1,0,0,-309.28738,-500.13284,258.84445,-0.006247131,-0.019425504,0.0038742349,5.7270975,5.806389,2,-1,0,0.96686333,1
85,5,1,1,0,312.4128,-411.43552,282.6424,0.032055855,0.042873334,-0.01628556,42.37331,41.1125,2,31,1,0.99961406,1
85,5,1,0,0,312.4128,-411.43552,282.6424,0.032055855,0.042873334,-0.01628556,7.2339168,7.3233333,2,-1,0,0.9775594,1
85,30,1,1,0,316.24216,43.156525,266.27722,0.01975629,0.0012757732,0.00042236876,17.672895,17.652222,2,32,1,0.9814138,1
85,21,1,1,0,318.92587,53.202682,318.64746,-0.0123099955,-0.019052241,-0.0065718163,22.029842,21.945,2,33,1,0.9857342,1
85,35,1,1,0,336.67264,134.96158,153.41814,-0.024772448,0.0025321832,-0.0054369243,25.191097,25.185278,2,34,1,0.9809512,1
85,38,1,1,0,331.18292,27.560032,417.70312,0.022248954,0.038689855,-0.0060995147,20.635632,20.492222,2,35,1,0.99672073,1
85,1,1,0,0,-344.2332,-207.01222,135.11711,-0.00062105607,0.008675384,0.004706728,5.0407495,5.023889,2,-1,0,0.97939986,1
85,1,1,1,0,-344.2332,-207.01222,135.11711,-0.00062105607,0.008675384,0.004706728,9.130563,9.243055,2,36,1,0.9995808,1
85,38,1,0,0,331.18292,27.560032,417.70312,0.022248954,0.038689855,-0.0060995147,19.791597,19.89889,2,-1,0,0.9928092,1
85,14,1,1,0,363.13815,-279.05222,317.59958,-0.0055975313,-0.016268589,0.0071704867,17.546375,17.4,2,37,1,0.9953702,1
86,5,1,1,0,9.429463,-222.19086,266.66763,-0.023333084,-0.006720013,-0.005297096,11.464138,11.5625,2,0,1,0.9780451,1
86,8,0,0,0,0.0,0.0,0.0,0.0,0.0,0.0,2.9724376,2.8147223,2,-1,0,0.70234793,1
86,5,1,0,0,9.429463,-222.19086,266.66763,-0.023333084,-0.006720013,-0.005297096,6.3667502,6.3941665,2,-1,0,0.9665377,1
86,33,1,1,0,16.850233,458.8487,7.819426,-0.0075694188,0.0026345055,-0.0062119514,12.571306,12.715555,2,1,1,0.9985461,1
86,31,1,0,0,73.64228,-150.85515,14.9590645,-0.0049049603,-0.013313133,-0.0023461913,3.8041387,3.9016666,2,-1,0,0.83784133,1
86,21,1,0,0,-93.88113,263.2189,137.92747,0.024672663,0.0097783785,0.01844228,9.104806,9.273611,2,-1,0,0.98731405,1
86,22,1,1,0,34.641594,19.41675,383.38516,0.005363792,0.006263225,-0.012945758,18.364819,17.725,2,2,1,0.9885632,1
86,5,1,0,0,9.429463,-222.19086,266.66763,-0.023333084,-0.006720013,-0.005297096,6.556882,6.7366667,2,-1,0,0.9724046,1
86,26,1,0,0,-56.01859,236.68077,432.35403,0.013292597,-0.0007905501,0.017797142,6.7363334,6.7391667,2,-1,0,0.9902452,1
86,15,0,0,0,0.0,0.0,0.0,0.0,0.0,0.0,6.672896,-1.0,2,-1,0,0.99321127,1
86,15,1,1,0,47.05651,-138.55872,228.60074,0.009776985,-0.01554208,0.010043907,7.8549514,7.6458335,2,3,1,0.9942993,1
86,26,1,1,0,-56.01859,236.68077,432.35403,0.013292597,-0.0007905501,0.017797142,19.67379,19.474445,2,4,1,0.9913612,1
86,25,1,1,0,52.54629,327.0718,304.2087,0.0109366365,-0.020811152,0.014902139,22.966007,22.766388,2,5,1,0.96796966,1
86,26,1,0,0,-56.01859,236.68077,432.35403,0.013292597,-0.0007905501,0.017797142,6.385111,6.0077777,2,-1,0,0.99848974,1
86,25,1,0,0,52.54629,327.0718,304.2087,0.0109366365,-0.020811152,0.014902139,4.7939234,4.773889,2,-1,0,0.97106487,1
86,27,1,1,0,66.99373,556.1774,192.08112,0.0016743066,0.013565231,0.00075499475,14.183937,5.793889,2,6,1,0.9985802,1
86,27,1,0,0,66.99373,556.1774,192.08112,0.0016743066,0.013565231,0.00075499475,3.1684163,3.2458334,2,-1,0,0.8243782,1
86,4,1,1,0,-69.40842,-204.49086,234.7605,-0.008630334,-0.020166842,0.010059142,18.036924,18.061388,2,7,1,0.96058786,1
86,31,1,1,0,73.64228,-150.85515,14.9590645,-0.0049049603,-0.013313133,-0.0023461913,11.351993,11.043612,2,8,1,0.9948225,1
86,4,1,0,0,-69.40842,-204.49086,234.7605,-0.008630334,-0.020166842,0.010059142,9.752292,9.945556,2,-1,0,0.99791425,1
86,13,1,1,0,84.48968,278.3381,202.04178,-0.00072260154,0.0005536353,0.016790764,16.107159,15.073611,2,9,1,0.9958341,1
86,21,1,1,0,-93.88113,263.2189,137.92747,0.024672663,0.0097783785,0.01844228,26.109596,26.061945,2,10,1,0.9950806,1
86,2,1,1,0,-94.38717,-275.40372,181.72653,0.0030403459,-0.027980506,0.005078557,27.064215,27.064444,2,11,1,0.999658,1
86,2,1,0,0,-94.38717,-275.40372,181.72653,0.0030403459,-0.027980506,0.005078557,7.774854,7.693611,2,-1,0,0.99792826,1
86,3,1,0,0,104.1571,-210.8014,111.08044,0.002841096,0.01217947,-0.025886925,11.099555,11.05,2,-1,0,0.9430762,1
86,17,1,1,0,-103.50822,-453.32126,356.90128,0.019262636,0.01201814,-0.0115391165,20.668097,20.768333,2,12,1,0.98227215,1
86,3,1,1,0,104.1571,-210.8014,111.08044,0.002841096,0.01217947,-0.025886925,15.14072,13.696667,2,13,1,0.9943342,1
86,3,1,0,0,104.1571,-210.8014,111.08044,0.002841096,0.01217947,-0.025886925,3.1262987,3.0925,2,-1,0,0.5669698,1
86,29,1,1,0,-131.13286,-209.8852,165.4776,0.007574545,-0.015642853,0.037596855,24.169235,24.314444,2,14,1,0.999087,1
86,29,1,0,0,-131.13286,-209.8852,165.4776,0.007574545,-0.015642853,0.037596855,19.945993,19.921944,2,-1,0,0.7881439,1
86,16,1,1,0,-137.46637,472.69058,204.5544,-0.014478608,0.007575749,0.017137952,13.268562,13.271389,2,15,1,0.9730093,1
86,7,1,0,0,141.42038,-264.5725,283.21774,0.022398002,0.013225199,-0.00075683295,3.5010693,3.5027778,2,-1,0,0.93954897,1
86,7,1,1,0,141.42038,-264.5725,283.21774,0.022398002,0.013225199,-0.00075683295,19.113638,15.734445,2,16,1,0.99421763,1
86,10,1,1,0,150.08824,-378.29718,146.34743,-0.0040880335,0.029367017,0.020662652,37.926163,36.172222,2,17,1,0.9616557,1
86,6,1,1,0,147.70358,210.58733,314.2001,0.01885265,0.009149523,-0.0027364492,21.137785,21.083889,2,18,1,0.9999907,1
86,16,1,0,0,-137.46637,472.69058,204.5544,-0.014478608,0.007575749,0.017137952,7.255917,7.3133335,2,-1,0,0.99356824,1
86,28,1,1,0,157.84306,-465.16483,430.7023,0.002765097,-0.016746942,0.0012070248,19.821825,13.855556,2,19,1,0.99577916,1
86,36,1,0,0,182.20818,-143.29994,261.0635,-0.0041677332,-0.00083289336,-0.009219931,3.2198331,3.2208333,2,-1,0,0.89798397,1
86,32,1,0,0,-191.3406,349.5565,99.36807,0.030645909,0.0040833936,-0.0095870625,3.7104237,3.9055555,2,-1,0,0.91516876,1
86,23,1,1,0,-163.38293,194.46333,224.85716,0.010349306,0.0017362149,-0.0013668714,11.603431,11.682222,2,20,1,0.999561,1
86,9,1,1,0,166.57787,554.5374,375.43872,0.0078073638,-0.012768086,-0.015502837,17.067041,17.490555,2,21,1,0.99713147,1
86,9,1,0,0,166.57787,554.5374,375.43872,0.0078073638,-0.012768086,-0.015502837,6.4217086,6.2802777,2,-1,0,0.9999372,1
86,19,1,1,0,-175.53807,-476.59457,117.639275,-0.0033265476,0.022652362,0.0113679385,28.376055,28.352222,2,22,1,0.9982091,1
86,36,1,1,0,182.20818,-143.29994,261.0635,-0.0041677332,-0.00083289336,-0.009219931,9.340735,9.475833,2,23,1,0.98819447,1
86,32,1,1,0,-191.3406,349.5565,99.36807,0.030645909,0.0040833936,-0.0095870625,26.665138,26.356112,2,24,1,0.99960464,1
86,7,1,0,0,141.42038,-264.5725,283.21774,0.022398002,0.013225199,-0.00075683295,7.406507,7.4069443,2,-1,0,0.99601966,1
86,40,1,1,0,200.54562,-224.44583,46.441616,0.015681345,0.015988199,-0.0065811425,21.958729,16.960556,2,25,1,0.99626285,1
86,1,1,1,0,208.04732,-340.8877,3.9039855,-0.013728825,-0.007571158,0.018401122,17.052471,16.976389,2,26,1,0.98489016,1
86,1,1,0,0,208.04732,-340.8877,3.9039855,-0.013728825,-0.007571158,0.018401122,7.6192083,7.723611,2,-1,0,0.9795532,1
86,19,0,0,0,0.0,0.0,0.0,0.0,0.0,0.0,3.4573264,3.5819445,2,-1,0,0.9018203,1
86,24,1,0,0,-284.48383,5.8287926,174.4837,0.008718154,0.018573698,-0.0145131145,2.4652915,2.39,2,-1,0,0.60215276,1
86,30,1,1,0,-268.56958,384.38892,9.575944,-0.0007070554,-0.0029608407,-0.010931841,10.552806,10.386666,2,27,1,0.97283494,1
86,20,1,1,0,271.05316,588.53503,224.19298,0.024509475,0.014605785,-0.024104714,16.433437,16.280834,2,28,1,0.9809951,1
86,20,1,0,0,271.05316,588.53503,224.19298,0.024509475,0.014605785,-0.024104714,12.082986,11.914444,2,-1,0,0.9795098,1
86,24,1,1,0,-284.48383,5.8287926,174.4837,0.008718154,0.018573698,-0.0145131145,14.492819,14.115,2,29,1,0.999666,1
86,24,1,0,0,-284.48383,5.8287926,174.4837,0.008718154,0.018573698,-0.0145131145,7.0114303,6.8766665,2,-1,0,0.9807129,1
86,38,1,1,0,-286.37457,-118.49569,17.115469,0.004441372,0.015872655,0.017219929,20.641119,20.848888,2,30,1,0.9760105,1
86,18,1,1,0,296.52615,-534.3223,246.09354,0.005057782,0.0049518286,-0.008743595,4.6897087,3.3941667,2,31,1,0.91772527,1
86,20,1,0,0,271.05316,588.53503,224.19298,0.024509475,0.014605785,-0.024104714,2.9251041,2.9869444,2,-1,0,0.51155305,1
86,34,1,1,0,-307.12576,-443.74347,443.2454,0.004710975,-0.02541494,-0.0035424356,23.979649,22.784445,2,32,1,0.9997093,1
86,34,1,0,0,-307.12576,-443.74347,443.2454,0.004710975,-0.02541494,-0.0035424356,4.8163614,4.817222,2,-1,0,0.9890591,1
86,39,1,0,0,-311.53516,545.4931,121.87599,0.0013773429,-0.019044975,0.007273494,7.7269588,7.6658335,2,-1,0,0.9929223,1
86,39,1,1,0,-311.53516,545.4931,121.87599,0.0013773429,-0.019044975,0.007273494,12.085694,12.160833,2,33,1,0.9939129,1
86,14,1,1,0,-334.65134,-223.45834,167.09856,-0.020567551,-0.0046503907,0.018010382,17.878492,17.660555,2,34,1,0.99350715,1
86,14,1,0,0,-334.65134,-223.45834,167.09856,-0.020567551,-0.0046503907,0.018010382,5.228639,5.2730556,2,-1,0,0.9839686,1
86,11,1,1,0,357.1707,250.06863,283.137,-0.0079191,0.020533033,0.0036814222,20.110653,20.05861,2,35,1,0.9923505,1
86,8,1,1,0,356.56116,476.15298,456.5625,0.022414258,-0.0054242057,0.0116473995,21.819279,16.978056,2,37,1,0.9701249,1
86,35,1,1,0,-362.34683,-568.7529,1.8963884,0.0053063165,0.0033632412,0.02678524,9.194445,9.191667,2,38,1,0.9993856,1
86,35,1,0,0,-362.34683,-568.7529,1.8963884,0.0053063165,0.0033632412,0.02678524,6.9654098,6.800833,2,-1,0,0.9851757,1
87,29,1,1,0,-8.992416,384.5137,58.143017,0.014459799,0.00013760303,-0.0018169006,18.681957,18.617777,2,0,1,0.9905151,1
87,24,1,0,0,-3.9842956,135.21527,253.50781,0.013471977,0.03696911,-0.01381892,3.3203473,3.1736112,2,-1,0,0.90859735,1
87,5,1,1,0,14.2882805,153.61353,382.0677,0.0021329036,-0.011414571,-0.01927422,24.430265,24.294167,2,1,1,0.99824,1
87,18,1,1,0,-48.718365,-110.37467,127.826996,0.007033536,0.036144424,0.024451343,19.118195,19.075556,2,2,1,0.98769706,1
87,15,1,1,0,16.461807,112.584206,226.01521,0.013370343,-0.008586386,-0.0034807478,14.790994,14.991389,2,3,1,0.9917964,1
87,24,1,1,0,-3.9842956,135.21527,253.50781,0.013471977,0.03696911,-0.01381892,3.361875,3.4916666,2,4,1,0.84748864,1
87,4,1,1,0,45.561428,68.004295,72.31333,0.025914317,-0.00470644,-0.011635842,10.852292,11.088056,2,5,1,0.9958703,1
87,18,0,0,0,0.0,0.0,0.0,0.0,0.0,0.0,30.9582,-1.0,2,-1,0,0.9909667,1
87,4,1,0,0,45.561428,68.004295,72.31333,0.025914317,-0.00470644,-0.011635842,6.2128267,6.1833334,2,-1,0,0.9975426,1
87,22,1,1,0,-47.74969,211.81825,257.4266,-0.010226038,0.02610253,0.0011630892,26.980347,26.842222,2,6,1,0.99995863,1
87,30,1,0,0,-48.39509,-533.0747,243.69736,-0.010802437,-0.023259595,0.025302526,14.266806,14.482778,2,-1,0,0.9962645,1
87,22,1,0,0,-47.74969,211.81825,257.4266,-0.010226038,0.02610253,0.0011630892,6.079118,5.9827776,2,-1,0,0.995331,1
87,4,1,0,0,45.561428,68.004295,72.31333,0.025914317,-0.00470644,-0.011635842,4.1662292,4.168611,2,-1,0,0.9764006,1
87,13,1,1,0,-66.83782,-79.16219,157.90466,0.010762107,-0.006983301,-0.0005543169,11.093333,11.060833,2,7,1,0.98356056,1
87,14,1,1,0,76.02733,22.945406,108.22051,-0.016788688,0.0154430205,0.022548983,19.566431,19.765278,2,8,1,0.98678374,1
87,14,1,0,0,76.02733,22.945406,108.22051,-0.016788688,0.0154430205,0.022548983,8.908,8.840278,2,-1,0,0.98736924,1
87,30,1,1,0,-48.39509,-533.0747,243.69736,-0.010802437,-0.023259595,0.025302526,19.826792,19.883333,2,9,1,0.9991443,1
87,37,1,1,0,-92.14627,-271.98386,369.64352,0.012401849,-0.008966502,0.0052142646,18.458307,18.57639,2,10,1,0.99489045,1
87,21,1,1,0,103.39025,243.26277,224.89116,0.0075916946,0.0020459825,0.018108673,22.52881,22.458889,2,11,1,0.99995255,1
87,35,1,1,0,113.23164,-347.79623,358.90967,0.010333262,-0.01540868,-0.027622452,33.884556,33.22111,2,12,1,0.9895034,1
87,40,1,1,0,-115.18443,337.19177,324.9979,-0.021721538,0.009098197,0.015577907,18.459602,18.639166,2,13,1,0.994548,1
87,2,1,0,0,124.56868,346.78436,424.84814,-0.0019264518,-0.009996415,-0.01185302,6.4519095,6.688611,2,-1,0,0.9935029,1
87,2,1,1,0,124.56868,346.78436,424.84814,-0.0019264518,-0.009996415,-0.01185302,10.646812,10.1258335,2,14,1,0.97197837,1
87,40,1,0,0,-115.18443,337.19177,324.9979,-0.021721538,0.009098197,0.015577907,3.167764,3.1416667,2,-1,0,0.74279267,1
87,11,1,1,0,137.50658,-450.1096,170.55528,0.019252034,0.010728967,0.0086033875,22.394852,22.393612,2,15,1,0.9999459,1
87,39,1,1,0,-175.69543,-378.49496,43.298363,-0.010788775,0.00074517465,-0.01438933,18.194979,16.930277,2,16,1,0.9999542,1
87,28,1,1,0,-181.21545,186.18956,71.0856,0.014767215,0.007608461,-0.018631874,17.769938,17.810833,2,17,1,0.98401695,1
87,27,1,0,0,182.89293,570.6258,269.88293,-0.0007537944,-0.030866977,-0.015753726,6.137028,6.2305555,2,-1,0,0.97790855,1
87,27,1,0,0,182.89293,570.6258,269.88293,-0.0007537944,-0.030866977,-0.015753726,12.035576,12.129444,2,-1,0,0.9969014,1
87,27,1,1,0,182.89293,570.6258,269.88293,-0.0007537944,-0.030866977,-0.015753726,17.385466,17.062778,2,18,1,0.99941945,1
87,40,1,0,0,-115.18443,337.19177,324.9979,-0.021721538,0.009098197,0.015577907,8.941208,8.7925,2,-1,0,0.9953349,1
87,28,1,0,0,-181.21545,186.18956,71.0856,0.014767215,0.007608461,-0.018631874,3.4231944,3.4055555,2,-1,0,0.9376842,1
87,32,1,1,0,-191.82397,-386.03018,133.21819,-0.002049411,-0.0035054847,0.0065649278,9.387902,4.181389,2,19,1,0.98960143,1
87,7,1,1,0,230.41791,-297.798,398.7,-0.0036957155,8.493754e-05,0.0032205975,5.8718057,5.933611,2,20,1,0.9832409,1
87,33,1,1,0,-197.36066,-122.157196,453.2901,0.0030982662,0.017694268,0.010364422,17.976202,18.03111,2,21,1,0.98097575,1
87,3,0,0,0,0.0,0.0,0.0,0.0,0.0,0.0,9.783819,-1.0,2,-1,0,0.99023134,1
87,23,1,1,0,-200.09108,493.47406,5.8220887,-0.008662856,0.008784342,-0.0004032878,12.9713955,8.108334,2,22,1,0.98721385,1
87,38,1,1,0,-201.125,462.37973,152.68863,-0.011154817,0.0024022567,-0.011654899,12.409604,12.323889,2,23,1,0.99603134,1
87,3,0,0,0,0.0,0.0,0.0,0.0,0.0,0.0,7.9578333,-1.0,2,-1,0,0.98538893,1
87,9,1,1,0,-207.2576,495.07227,453.20175,-0.01632012,0.0034906177,0.018476484,28.20495,28.089167,2,24,1,0.9698695,1
87,9,1,0,0,-207.2576,495.07227,453.20175,-0.01632012,0.0034906177,0.018476484,3.545611,3.5883334,2,-1,0,0.97035587,1
87,17,1,0,0,-218.38351,-51.493935,264.50662,0.0070773726,-0.020067893,0.005200214,8.842806,8.784722,2,-1,0,0.9893422,1
87,17,1,1,0,-218.38351,-51.493935,264.50662,0.0070773726,-0.020067893,0.005200214,12.522194,12.438889,2,25,1,0.9967284,1
87,7,1,0,0,230.41791,-297.798,398.7,-0.0036957155,8.493754e-05,0.0032205975,4.577972,4.686389,2,-1,0,0.93645036,1
87,31,1,1,0,237.71465,-303.43103,212.87286,0.0019335285,0.015181176,0.001383381,14.717882,6.5430555,2,26,1,0.9898213,1
87,10,1,1,0,243.37723,-78.3915,322.52948,0.012249747,0.0047276337,-0.012955405,14.334063,14.327222,2,27,1,0.9959906,1
87,31,1,0,0,237.71465,-303.43103,212.87286,0.0019335285,0.015181176,0.001383381,3.7005904,3.7213888,2,-1,0,0.8792714,1
87,10,1,0,0,243.37723,-78.3915,322.52948,0.012249747,0.0047276337,-0.012955405,4.198785,4.2316666,2,-1,0,0.97541195,1
87,34,1,1,0,-274.83838,-12.476052,377.06573,0.014495508,-0.021221282,0.011168482,11.291159,11.18,2,28,1,0.99987745,1
87,34,1,0,0,-274.83838,-12.476052,377.06573,0.014495508,-0.021221282,0.011168482,5.309111,5.1975,2,-1,0,0.9964553,1
87,34,1,0,0,-274.83838,-12.476052,377.06573,0.014495508,-0.021221282,0.011168482,10.067868,10.253056,2,-1,0,0.9887839,1
87,25,1,1,0,-281.1938,163.40405,400.90765,-0.004744819,-0.0005310045,-0.001327361,4.81525,4.7633333,2,-1,1,0.98671615,1
87,16,1,0,0,290.00266,258.0743,218.21642,0.0044596773,-0.015938675,-0.00022116351,3.1163888,3.1144445,2,-1,0,0.7994607,1
87,20,1,1,0,-284.60107,-363.42548,401.9693,-0.0040058177,0.0011792199,0.016752278,13.257292,13.303056,2,29,1,0.988477,1
87,16,1,1,0,290.00266,258.0743,218.21642,0.0044596773,-0.015938675,-0.00022116351,14.860291,15.181666,2,30,1,0.9650695,1
87,8,1,0,0,-291.08572,-148.93605,307.37988,-0.011408986,-0.00995214,0.008328957,7.379208,1.3725,2,-1,0,0.9504659,1
87,12,1,1,0,306.52014,-336.2893,56.74048,-0.013573242,-0.028437547,-0.023424271,26.436666,26.431667,2,31,1,0.99847037,1
87,8,1,1,0,-291.08572,-148.93605,307.37988,-0.011408986,-0.00995214,0.008328957,4.631146,4.751389,2,32,1,0.9664484,1
87,4,1,0,0,-270.0935,599.1877,270.5349,0.025914317,-0.00470644,-0.011635842,3.1483471,3.2305555,2,-1,0,0.7711141,1
87,12,1,0,0,306.52014,-336.2893,56.74048,-0.013573242,-0.028437547,-0.023424271,11.697187,11.640278,2,-1,0,0.99978906,1
87,4,1,0,0,-270.0935,599.1877,270.5349,0.025914317,-0.00470644,-0.011635842,3.5280833,3.5422223,2,-1,0,0.8593823,1
87,19,1,1,0,323.47003,571.2241,331.24814,-0.0025827668,0.002600665,0.0021750922,4.855347,4.7325,2,33,1,0.9980236,1
87,8,1,0,0,-291.08572,-148.93605,307.37988,-0.011408986,-0.00995214,0.008328957,3.5436947,3.5452778,2,-1,0,0.9619653,1
87,26,1,1,0,342.48447,-172.8973,84.11324,0.010412627,0.006804006,-0.0020518713,11.422841,11.447222,2,34,1,0.9907927,1
87,1,1,1,0,345.90656,-66.05857,403.7266,0.0038458996,0.0045502577,-0.0005416334,6.162041,4.5055556,2,35,1,0.9437614,1
87,36,1,1,0,-358.1904,395.00812,318.08624,0.013720546,-0.011704126,-0.00034002328,14.831812,14.811389,2,-1,1,0.97489935,1
87,26,0,0,0,0.0,0.0,0.0,0.0,0.0,0.0,3.2531943,3.0638888,2,-1,0,0.60629284,1
88,29,1,0,0,-8.032315,-208.7327,460.34607,-0.01663612,-0.022454066,-0.008736913,22.863794,4.983611,2,-1,0,0.9999689,1
88,29,1,1,0,-8.032315,-208.7327,460.34607,-0.01663612,-0.022454066,-0.008736913,10.345429,10.453889,2,0,1,0.96330255,1
88,35,1,1,0,13.906815,457.4241,311.3764,0.022938805,0.0018197775,-0.0038553546,23.00553,22.859444,2,1,1,0.99999535,1
88,37,1,1,0,-18.714981,-199.74156,264.4763,-0.0030256133,0.01008344,-0.006281173,12.907763,12.380278,2,2,1,0.99270403,1
88,11,1,1,0,32.80436,-398.46613,174.69649,-0.00023268511,0.01771375,-0.001083663,18.748972,18.72889,2,3,1,0.9994973,1
88,14,1,1,0,37.74335,224.33696,61.079445,0.019375868,0.0064016203,-0.01846079,19.194271,19.304445,2,4,1,0.9990332,1
88,30,1,1,0,-39.76846,-404.26276,398.37698,0.0018680677,0.0020184366,0.008357724,8.8631315,8.979167,2,5,1,0.9987343,1
88,28,1,0,0,49.892014,273.93463,180.8527,-0.00028603463,0.02692946,-0.019657807,8.749048,8.774445,2,-1,0,0.9529645,1
88,20,1,0,0,58.951168,467.595,391.07455,-0.02387906,-0.014241039,0.016332677,10.315805,10.058056,2,-1,0,0.9823108,1
88,28,1,0,0,49.892014,273.93463,180.8527,-0.00028603463,0.02692946,-0.019657807,7.6278396,5.791389,2,-1,0,0.9926286,1
88,28,1,1,0,49.892014,273.93463,180.8527,-0.00028603463,0.02692946,-0.019657807,19.960167,19.815277,2,6,1,0.9978375,1
88,14,1,0,0,37.74335,224.33696,61.079445,0.019375868,0.0064016203,-0.01846079,11.603451,11.547778,2,-1,0,0.9920839,1
88,39,1,1,0,-49.335274,263.15152,218.4787,-0.017764747,-0.013526581,-0.009387872,22.355925,22.384445,2,7,1,0.99948764,1
88,39,1,0,0,-49.335274,263.15152,218.4787,-0.017764747,-0.013526581,-0.009387872,6.8826594,7.026389,2,-1,0,0.98532975,1
88,20,1,1,0,58.951168,467.595,391.07455,-0.02387906,-0.014241039,0.016332677,29.347122,29.307222,2,8,1,0.9105519,1
88,5,1,1,0,60.657875,579.3245,164.9923,0.0031410328,-0.009994142,0.0041469075,10.75168,10.291667,2,9,1,0.97933394,1
88,17,1,1,0,-60.5179,-96.07847,332.82053,-0.017309215,-0.011540256,0.01222562,21.80652,21.464167,2,10,1,0.93357956,1
88,17,1,0,0,-60.5179,-96.07847,332.82053,-0.017309215,-0.011540256,0.01222562,7.218951,7.2483335,2,-1,0,0.98672765,1
88,23,0,0,0,0.0,0.0,0.0,0.0,0.0,0.0,2.8122222,2.7925,2,-1,0,0.52679867,1
88,14,1,0,0,37.74335,224.33696,61.079445,0.019375868,0.0064016203,-0.01846079,3.777028,3.9369445,2,-1,0,0.92690676,1
88,23,1,1,0,98.23639,-261.17313,266.70868,0.022251312,0.01188783,-0.0021836094,30.087423,29.726667,2,11,1,0.99682164,1
88,39,0,0,0,0.0,0.0,0.0,0.0,0.0,0.0,2.8107777,2.828889,2,-1,0,0.5529832,1
88,19,1,1,0,-135.9484,-270.76462,11.849785,0.0008545457,0.0041475836,0.00043978397,4.712986,4.5916667,2,12,1,0.99503064,1
88,6,1,1,0,148.64972,377.84766,362.25433,-0.0070269634,-0.025066096,-0.009418711,32.019665,31.731388,2,13,1,0.9947455,1
88,16,1,0,0,-210.49573,451.51425,329.6891,0.016346863,0.0016436713,0.020850414,4.2522707,4.1952777,2,-1,0,0.8714309,1
88,38,1,0,0,212.32535,-318.52246,28.690104,0.015346065,-0.021936635,-0.010662449,3.0952501,3.0830555,2,-1,0,0.626314,1
88,12,0,0,0,0.0,0.0,0.0,0.0,0.0,0.0,3.026132,3.0558333,2,-1,0,0.714412,1
88,10,1,0,0,-188.07309,-283.13705,376.13022,-0.013964216,0.002024125,0.0016002189,9.115215,1.4027778,2,-1,0,0.9938207,1
88,16,1,0,0,-210.49573,451.51425,329.6891,0.016346863,0.0016436713,0.020850414,3.1577225,3.2258334,2,-1,0,0.8107459,1
88,10,1,1,0,-188.07309,-283.13705,376.13022,-0.013964216,0.002024125,0.0016002189,7.799501,7.5744443,2,14,1,0.97470665,1
88,7,1,1,0,197.10446,-21.24621,349.74728,-0.029137455,-0.004896662,-0.019527908,19.391571,19.426945,2,15,1,0.9822238,1
88,7,1,0,0,197.10446,-21.24621,349.74728,-0.029137455,-0.004896662,-0.019527908,13.66968,13.679722,2,-1,0,0.9913618,1
88,1,1,1,0,-207.3843,586.21826,333.46106,0.0028140156,0.014647818,-0.0119480165,21.526922,21.143612,2,16,1,0.997698,1
88,4,1,0,0,-224.36932,152.54463,238.56125,0.017399803,0.005986046,-0.004514304,3.3298612,3.2630556,2,-1,0,0.8448942,1
88,16,1,1,0,-210.49573,451.51425,329.6891,0.016346863,0.0016436713,0.020850414,13.112833,13.173889,2,17,1,0.98652005,1
88,38,1,1,0,212.32535,-318.52246,28.690104,0.015346065,-0.021936635,-0.010662449,20.885542,20.12,2,18,1,0.9109974,1
88,25,1,1,0,-217.84462,-376.8819,200.62549,-0.021357128,-0.007370684,-0.014120536,13.784555,13.693334,2,19,1,0.98445743,1
88,4,1,1,0,-224.36932,152.54463,238.56125,0.017399803,0.005986046,-0.004514304,15.734063,15.748889,2,20,1,0.9983369,1
88,22,1,1,0,-230.88951,507.4707,312.7778,0.009240234,0.006399277,-0.010284559,18.932243,18.863056,2,21,1,0.9952181,1
88,38,1,0,0,212.32535,-318.52246,28.690104,0.015346065,-0.021936635,-0.010662449,8.844257,8.830833,2,-1,0,0.9909232,1
88,32,1,1,0,245.11221,551.3366,403.12283,-0.0081584295,0.007862592,0.003777073,12.135334,11.931389,2,22,1,0.9355242,1
88,34,1,1,0,251.15619,204.5424,246.41667,0.007973358,-7.810517e-05,-0.0061544334,9.693105,9.746111,2,23,1,0.9994242,1
88,33,0,0,0,0.0,0.0,0.0,0.0,0.0,0.0,11.079103,-1.0,2,-1,0,0.96430516,1
88,33,0,0,0,0.0,0.0,0.0,0.0,0.0,0.0,7.7627993,-1.0,2,-1,0,0.9979582,1
88,12,1,1,0,-255.009,423.8794,242.05206,-0.032103706,0.037377633,0.0022281231,39.448185,37.981945,2,24,1,1.0,1
88,9,1,1,0,-256.82544,-285.1478,409.04703,-0.002592622,0.020661943,-0.0012590509,21.798208,21.603056,2,25,1,0.9998135,1
88,25,1,0,0,-217.84462,-376.8819,200.62549,-0.021357128,-0.007370684,-0.014120536,12.169667,12.135,2,-1,0,0.95486474,1
88,12,1,0,0,-255.009,423.8794,242.05206,-0.032103706,0.037377633,0.0022281231,12.104542,12.056111,2,-1,0,0.9931907,1
88,34,0,0,0,0.0,0.0,0.0,0.0,0.0,0.0,3.38325,0.47388887,2,-1,0,0.87206376,1
88,27,1,1,0,-292.5147,93.66879,322.5385,-0.009135716,-0.015788764,-0.014955521,18.692276,16.002777,2,26,1,0.9923161,1
88,3,1,1,0,296.6321,-16.11803,236.6145,-0.0065119686,0.020315817,-0.0025923382,11.944041,11.966945,2,27,1,0.9805946,1
88,3,1,0,0,296.6321,-16.11803,236.6145,-0.0065119686,0.020315817,-0.0025923382,3.8039236,3.8341668,2,-1,0,0.96984136,1
88,40,1,1,0,312.07678,477.41592,193.07526,0.010697691,-0.019623386,-0.0067336177,10.856264,7.4708333,2,28,1,0.98646474,1
88,40,1,0,0,312.07678,477.41592,193.07526,0.010697691,-0.019623386,-0.0067336177,2.8509998,2.8997223,2,-1,0,0.8142383,1
88,8,1,1,0,-325.3201,284.93094,88.84668,-0.015821828,-0.011331156,0.0071156607,12.148479,12.28,2,29,1,0.9866572,1
88,8,1,0,0,-325.3201,284.93094,88.84668,-0.015821828,-0.011331156,0.0071156607,8.56482,8.330556,2,-1,0,0.97920007,1
88,31,1,1,0,-328.10147,172.9602,423.5188,-0.0032392247,0.02529917,-0.0027532047,15.403312,15.193889,2,30,1,0.96240425,1
88,31,1,0,0,-328.10147,172.9602,423.5188,-0.0032392247,0.02529917,-0.0027532047,6.571965,6.5491667,2,-1,0,0.9910431,1
88,40,1,0,0,312.07678,477.41592,193.07526,0.010697691,-0.019623386,-0.0067336177,7.060653,7.088333,2,-1,0,0.9851376,1
88,26,1,1,0,-328.1343,-474.88968,421.15558,-0.016986484,-0.012704329,0.016961474,23.585876,17.562222,2,31,1,0.95119417,1
88,26,1,0,0,-328.1343,-474.88968,421.15558,-0.016986484,-0.012704329,0.016961474,4.853542,4.8533335,2,-1,0,0.98085666,1
88,18,1,1,0,-342.56296,156.09154,19.62079,-0.0020148982,-0.020709092,-0.0022998194,22.025187,21.924723,2,32,1,0.99948066,1
88,36,1,1,0,-343.85257,526.83167,275.98163,0.0054165865,0.016138406,0.0053315694,17.528889,17.508612,2,33,1,0.9900954,1
88,15,1,1,0,348.15082,434.3732,264.7803,-0.006341614,-0.014023311,0.012679172,19.26988,19.339167,2,34,1,0.9838689,1
88,13,1,1,0,-348.94617,321.06912,179.7569,-0.024143998,0.019814989,0.01685733,26.06355,26.130833,2,35,1,0.99914885,1
88,24,1,0,0,379.01456,-131.31003,102.64563,0.014481192,-9.8693585e-05,0.00038828162,6.6297846,6.6916666,2,-1,0,0.96979034,1
88,2,1,1,0,358.29868,-182.30386,145.72646,-0.008954666,-0.008646007,0.009081631,14.545139,14.607778,2,36,1,0.980591,1
88,24,1,0,0,358.05905,-82.324715,92.8386,0.014481192,-9.8693585e-05,0.00038828162,2.3530903,1.1930555,2,-1,0,0.8268631,1
88,24,1,1,0,358.05905,-82.324715,92.8386,0.014481192,-9.8693585e-05,0.00038828162,10.597702,10.656111,2,37,1,0.9798734,1
88,13,1,0,0,-348.94617,321.06912,179.7569,-0.024143998,0.019814989,0.01685733,5.1174655,5.2858334,2,-1,0,0.9827204,1
88,21,1,1,0,362.22928,-484.53122,310.42764,0.0050225575,0.006981578,-0.005484325,4.2425766,2.2963889,2,38,1,0.8752938,1
88,1,0,0,0,0.0,0.0,0.0,0.0,0.0,0.0,2.700639,2.7030556,2,-1,0,0.5695149,1
89,15,0,0,0,0.0,0.0,0.0,0.0,0.0,0.0,16.279076,-1.0,2,-1,0,0.9981358,1
89,17,1,1,0,-10.048268,353.29114,126.38296,-0.010706374,-0.0035578145,-0.009108169,17.072361,16.460833,2,0,1,0.9942046,1
89,15,0,0,0,0.0,0.0,0.0,0.0,0.0,0.0,10.091307,-1.0,2,-1,0,0.9790992,1
89,23,1,1,0,-25.029966,74.01608,403.30933,0.00985109,0.0119187925,0.004639091,22.681604,21.57361,2,1,1,0.9991437,1
89,33,0,0,0,0.0,0.0,0.0,0.0,0.0,0.0,2.5469167,2.54,2,-1,0,0.5639866,1
89,4,1,1,0,50.25809,-127.31188,369.77646,0.0048326203,0.006015049,-0.007292931,8.602208,6.2127776,2,2,1,0.9835411,1
89,4,1,0,0,50.25809,-127.31188,369.77646,0.0048326203,0.006015049,-0.007292931,4.220479,4.2472224,2,-1,0,0.9865367,1
89,6,1,1,0,55.64834,547.83826,137.6488,-0.0067489715,-0.011789998,-0.012323308,21.396152,21.205,2,3,1,0.9987312,1
89,32,1,0,0,68.11264,215.96533,385.09973,0.010629546,-0.018932745,-0.0317672,5.8272986,5.6125,2,-1,0,0.8197303,1
89,32,1,1,0,68.11264,215.96533,385.09973,0.010629546,-0.018932745,-0.0317672,35.680134,34.272778,2,4,1,0.9812603,1
89,6,1,0,0,55.64834,547.83826,137.6488,-0.0067489715,-0.011789998,-0.012323308,5.1357293,5.1225,2,-1,0,0.8006737,1
89,9,1,1,0,-93.27145,294.4054,72.60998,0.015527485,0.0033925527,0.005077551,18.31857,18.244444,2,5,1,0.98513514,1
89,9,1,0,0,-93.27145,294.4054,72.60998,0.015527485,0.0033925527,0.005077551,3.6509442,3.5472221,2,-1,0,0.96708137,1
89,10,1,1,0,96.98094,563.98584,417.329,-0.018308895,-0.015920864,-0.013923929,28.989536,28.938612,2,6,1,0.99903905,1
89,11,1,1,0,96.732285,129.37271,420.35162,0.0010650759,0.002142981,-0.01486052,14.784265,14.926111,2,7,1,0.97727066,1
89,32,1,0,0,68.11264,215.96533,385.09973,0.010629546,-0.018932745,-0.0317672,6.6010003,6.7455554,2,-1,0,0.9956518,1
89,39,1,1,0,-129.81447,-208.81488,281.71686,-0.00084867934,-0.014132324,-0.004748913,15.412417,15.394167,2,8,1,0.98146975,1
89,35,1,1,0,131.85193,213.95062,254.41478,-0.0008472426,-0.023881083,-0.013952032,29.28961,12.239722,2,9,1,0.99875546,1
89,2,1,0,0,152.22527,173.81813,40.74168,-0.025184281,-0.011461923,-0.012256784,3.8035557,3.7669444,2,-1,0,0.95761895,1
89,2,1,1,0,152.22527,173.81813,40.74168,-0.025184281,-0.011461923,-0.012256784,28.765404,28.881111,2,10,1,0.99609935,1
89,19,1,1,0,-156.58792,454.89963,77.14047,0.011109644,0.009278133,0.008071846,16.110498,16.2075,2,11,1,0.98657334,1
89,1,1,0,0,187.21573,440.19882,301.52124,0.0018893372,-0.00089327,0.0068430593,3.3096876,3.2502778,2,-1,0,0.6481706,1
89,15,1,1,0,-15.12624,-340.5533,208.89247,0.030110111,0.032518703,-8.616743e-05,2.972722,3.0522223,2,12,1,0.7278894,1
89,1,1,1,0,187.21573,440.19882,301.52124,0.0018893372,-0.00089327,0.0068430593,7.700243,7.6116667,2,13,1,0.99967694,1
89,3,1,1,0,-196.12186,430.41467,76.69003,-0.0012175326,0.0066371565,-0.0067660618,10.247229,10.205,2,14,1,0.99260193,1
89,28,1,0,0,-207.86136,200.94348,437.8758,0.0042233397,-0.005344896,-0.005410968,2.9717014,2.9683332,2,-1,0,0.80877423,1
89,27,1,1,0,209.82043,534.9579,105.98243,-0.019228237,-0.0015713875,-0.008666431,19.025843,18.830555,2,15,1,0.95824087,1
89,28,1,1,0,-207.86136,200.94348,437.8758,0.0042233397,-0.005344896,-0.005410968,5.4590483,5.569722,2,16,1,0.9873591,1
89,34,0,0,0,0.0,0.0,0.0,0.0,0.0,0.0,15.136222,-1.0,2,-1,0,0.98636323,1
89,12,1,0,0,209.34827,492.39923,252.02235,0.00496236,-0.007238914,-0.0228123,7.3968964,4.2094445,2,-1,0,0.9951912,1
89,12,1,1,0,209.34827,492.39923,252.02235,0.00496236,-0.007238914,-0.0228123,13.200339,12.985556,2,18,1,0.99771523,1
89,30,1,0,0,208.06953,1.5906847,175.26717,0.029054513,0.0022376135,0.027677592,7.3591666,7.284167,2,-1,0,0.9796959,1
89,34,0,0,0,0.0,0.0,0.0,0.0,0.0,0.0,2.8937638,-1.0,2,-1,0,0.7237053,1
89,11,1,0,0,-108.16,158.83688,513.62823,0.0010650759,0.002142981,-0.01486052,7.2055554,7.098889,2,-1,0,0.99278224,1
89,7,0,0,0,0.0,0.0,0.0,0.0,0.0,0.0,7.8950133,-1.0,2,-1,0,0.9844127,1
89,7,0,0,0,0.0,0.0,0.0,0.0,0.0,0.0,9.864541,-1.0,2,-1,0,0.9572358,1
89,38,1,0,0,261.5756,-447.10745,447.01495,0.014627369,-0.024508474,-0.025973111,6.052271,6.16,2,-1,0,0.9946291,1
89,36,1,1,0,248.32307,-476.92853,6.20069,-0.0036107716,-0.027085347,-0.011840304,29.694416,30.145555,2,19,1,0.9915521,1
89,31,1,1,0,250.93985,29.51453,95.02596,-0.010075849,-0.045726012,0.015705677,36.49725,36.331112,2,20,1,0.9987386,1
89,31,0,0,0,0.0,0.0,0.0,0.0,0.0,0.0,6.270854,-1.0,2,-1,0,0.9819952,1
89,26,1,0,0,-362.11145,220.0092,355.53326,0.063422434,-0.015162448,-0.001951431,14.249987,14.1925,2,-1,0,0.9949275,1
89,20,1,1,0,-254.005,-424.25308,63.202824,0.014663983,0.010082546,0.024427794,22.51389,22.548334,2,21,1,0.93896896,1
89,20,1,0,0,-254.005,-424.25308,63.202824,0.014663983,0.010082546,0.024427794,9.012125,8.963889,2,-1,0,0.9979664,1
89,30,1,1,0,208.06953,1.5906847,175.26717,0.029054513,0.0022376135,0.027677592,10.990306,11.096945,2,22,1,0.992285,1
89,21,1,1,0,261.9794,-58.19866,41.112465,0.0035759225,-0.009289558,0.013774382,9.717577,9.713333,2,23,1,0.98709434,1
89,38,1,1,0,261.5756,-447.10745,447.01495,0.014627369,-0.024508474,-0.025973111,33.46207,32.922222,2,24,1,0.9358522,1
89,21,1,0,0,261.9794,-58.19866,41.112465,0.0035759225,-0.009289558,0.013774382,7.256347,6.541389,2,-1,0,0.9836467,1
89,21,0,0,0,0.0,0.0,0.0,0.0,0.0,0.0,2.3154166,2.1533334,2,-1,0,0.59419006,1
89,22,1,0,0,-276.87625,484.89407,100.53718,-0.0035470591,-0.012403226,-0.04519012,3.2515001,3.298889,2,-1,0,0.9628945,1
89,38,1,0,0,261.5756,-447.10745,447.01495,0.014627369,-0.024508474,-0.025973111,3.7562919,3.8258333,2,-1,0,0.9235587,1
89,22,1,0,0,-276.87625,484.89407,100.53718,-0.0035470591,-0.012403226,-0.04519012,12.314631,11.805,2,-1,0,0.99239725,1
89,22,1,0,0,-276.87625,484.89407,100.53718,-0.0035470591,-0.012403226,-0.04519012,5.819264,3.6005557,2,-1,0,0.8373427,1
89,22,1,0,0,-276.87625,484.89407,100.53718,-0.0035470591,-0.012403226,-0.04519012,4.870847,4.9366665,2,-1,0,0.96146554,1
89,22,1,1,0,-276.87625,484.89407,100.53718,-0.0035470591,-0.012403226,-0.04519012,12.599215,12.781111,2,25,1,0.9843083,1
89,22,1,0,0,-276.87625,484.89407,100.53718,-0.0035470591,-0.012403226,-0.04519012,6.463875,6.6255555,2,-1,0,0.9758405,1
89,16,1,1,0,-281.13757,-126.13805,30.489012,-0.005133149,-0.0035318092,0.0024779225,5.176736,4.6469445,2,26,1,0.97543204,1
89,14,1,1,0,291.32132,-19.840216,420.11765,-0.0019594927,0.0036901818,-0.01484804,13.351111,13.286944,2,27,1,0.98421,1
89,14,1,0,0,291.32132,-19.840216,420.11765,-0.0019594927,0.0036901818,-0.01484804,4.848215,4.7608333,2,-1,0,0.98920155,1
89,29,1,0,0,-317.6817,-347.8627,2.3213005,0.022655232,0.018258087,0.02374191,8.989604,9.098889,2,-1,0,0.99934596,1
89,37,1,0,0,-321.56717,-197.24086,175.84267,0.0036231764,0.011921403,-0.0006815007,4.7330832,4.7305555,2,-1,0,0.9583247,1
89,29,1,1,0,-317.6817,-347.8627,2.3213005,0.022655232,0.018258087,0.02374191,26.063637,26.359167,2,-1,1,0.98565936,1
89,40,1,1,0,319.03555,-391.77423,200.09021,0.014152026,-0.007486097,-0.0036310207,10.569368,10.5616665,2,28,1,0.9622009,1
89,24,1,1,0,-324.54337,89.23204,143.15952,0.0041538677,-0.019119792,-0.0010061752,19.834255,19.719723,2,29,1,0.9972179,1
89,37,1,1,0,-321.56717,-197.24086,175.84267,0.0036231764,0.011921403,-0.0006815007,12.478744,12.6241665,2,30,1,0.979388,1
89,18,1,1,0,328.32657,339.67093,139.17482,-0.017087867,-0.009673695,-0.010435078,17.601576,17.7725,2,31,1,0.9855682,1
89,26,1,0,0,-362.11145,220.0092,355.53326,0.063422434,-0.015162448,-0.001951431,8.108924,8.208333,2,-1,0,0.98708993,1
89,5,1,1,0,334.7537,-413.4908,325.48425,-0.010172187,0.0039693215,0.015894672,10.428826,10.330556,2,32,1,0.992038,1
89,5,1,0,0,334.7537,-413.4908,325.48425,-0.010172187,0.0039693215,0.015894672,8.2224655,8.231944,2,-1,0,0.99222237,1
89,26,1,0,0,-362.11145,220.0092,355.53326,0.063422434,-0.015162448,-0.001951431,4.2655487,4.2508335,2,-1,0,0.9696363,1
89,25,1,1,0,342.7633,-378.0124,114.61365,0.012983654,-0.012673114,-0.012493673,9.610013,8.805278,2,33,1,0.98407215,1
89,25,1,0,0,342.7633,-378.0124,114.61365,0.012983654,-0.012673114,-0.012493673,7.674181,7.6622224,2,-1,0,0.9941625,1
89,8,1,0,0,-348.8341,-442.13107,302.27,0.0028329461,-0.015217048,0.026821803,5.9352083,6.0416665,2,-1,0,0.9957885,1
89,8,1,1,0,-348.8341,-442.13107,302.27,0.0028329461,-0.015217048,0.026821803,17.705978,17.750278,2,34,1,0.9919922,1
89,8,1,0,0,-348.8341,-442.13107,302.27,0.0028329461,-0.015217048,0.026821803,3.3200696,3.281111,2,-1,0,0.9687274,1
89,26,1,1,0,-362.11145,220.0092,355.53326,0.063422434,-0.015162448,-0.001951431,26.317413,32.50639,2,35,1,0.9947633,1
89,13,1,1,0,357.0729,-441.21725,63.31674,-0.01430553,-0.014235322,0.009975339,22.394457,22.445,2,36,1,0.9518196,1
89,40,1,0,0,319.03555,-391.77423,200.09021,0.014152026,-0.007486097,-0.0036310207,3.7858472,3.6847222,2,-1,0,0.97376585,1
89,33,0,0,0,0.0,0.0,0.0,0.0,0.0,0.0,7.121778,7.1455555,2,-1,0,0.9478387,1
90,34,1,1,0,19.167793,85.78908,407.63535,-0.0012936348,0.016308477,0.00032710406,18.413208,17.767778,2,0,1,0.9997198,1
90,32,1,1,0,23.540115,482.3758,286.20175,0.0064337007,0.011333894,0.015079806,14.64243,14.770833,2,1,1,0.9900883,1
90,4,1,1,0,27.381275,60.845676,60.65688,0.0029096578,0.027440717,-0.020165708,16.176064,16.133055,2,2,1,0.99670476,1
90,32,1,0,0,23.540115,482.3758,286.20175,0.0064337007,0.011333894,0.015079806,8.560326,8.396944,2,-1,0,0.99043685,1
90,4,1,0,0,27.381275,60.845676,60.65688,0.0029096578,0.027440717,-0.020165708,13.704362,13.773889,2,-1,0,0.992097,1
90,4,1,0,0,27.381275,60.845676,60.65688,0.0029096578,0.027440717,-0.020165708,4.1402016,4.012778,2,-1,0,0.9863543,1
90,13,1,1,0,-57.3915,-198.91411,351.877,0.0052045644,0.0015714286,-0.02806935,29.993776,29.144722,2,3,1,0.9895936,1
90,37,1,1,0,55.823685,-298.10602,89.74737,-0.00047127347,-0.004117205,-0.003882499,6.3284307,6.2741666,2,4,1,0.9402469,1
90,9,1,0,0,-114.68912,5.850704,189.68439,0.012316587,-0.0012717025,-0.013735718,4.882167,5.0633335,2,-1,0,0.9833937,1
90,19,1,0,0,91.85693,352.25302,115.50839,-0.025920412,0.012133899,0.004409214,11.962778,12.076667,2,-1,0,0.9981749,1
90,18,1,0,0,93.155045,270.53607,264.02307,-0.013608049,0.0044678166,0.0012441643,4.434479,4.5144444,2,-1,0,0.99468493,1
90,23,1,1,0,85.31574,-282.25363,12.1263685,0.020655572,0.008824006,-0.0067660934,20.612091,16.743334,2,5,1,0.97232676,1
90,19,1,1,0,91.85693,352.25302,115.50839,-0.025920412,0.012133899,0.004409214,20.123972,20.328333,2,6,1,0.9976326,1
90,18,1,1,0,93.155045,270.53607,264.02307,-0.013608049,0.0044678166,0.0012441643,16.057222,16.034445,2,7,1,0.9865878,1
90,19,1,0,0,91.85693,352.25302,115.50839,-0.025920412,0.012133899,0.004409214,4.0237985,3.9452777,2,-1,0,0.9454384,1
90,38,1,1,0,-100.55314,-289.7404,170.96593,-0.008940189,-0.0063259955,0.021171562,19.018097,19.11861,2,8,1,0.9980878,1
90,14,0,0,0,0.0,0.0,0.0,0.0,0.0,0.0,4.0459795,-1.0,2,-1,0,0.7566159,1
90,38,1,0,0,-100.55314,-289.7404,170.96593,-0.008940189,-0.0063259955,0.021171562,8.515541,8.344444,2,-1,0,0.9961493,1
90,15,1,0,0,-183.25206,-136.68631,71.06648,0.042125747,0.0123280315,-0.009008023,9.355285,9.450277,2,-1,0,0.9869162,1
90,6,1,1,0,115.43978,461.84933,411.77472,0.00686091,-0.0058189468,-0.006180406,3.2679443,3.3305554,2,9,1,0.90765554,1
90,9,1,1,0,-114.68912,5.850704,189.68439,0.012316587,-0.0012717025,-0.013735718,12.758485,12.805833,2,10,1,0.99435765,1
90,6,1,0,0,115.43978,461.84933,411.77472,0.00686091,-0.0058189468,-0.006180406,5.2315207,1.5180556,2,-1,0,0.95436263,1
90,40,1,1,0,124.98238,277.17453,43.4091,-0.00488339,0.0025751286,-0.030603433,33.975082,34.224724,2,11,1,0.9949649,1
90,22,1,0,0,140.97769,339.15225,435.01187,0.0020506342,-0.007359716,-0.016029852,3.1294725,3.1658332,2,-1,0,0.92075455,1
90,39,1,0,0,-144.39413,-233.54901,254.45213,0.025185041,-0.011919925,0.00013147545,10.894659,10.901667,2,-1,0,0.9929096,1
90,3,1,0,0,-132.20496,35.248055,348.14468,0.00061273907,0.015956145,-0.020485181,10.985751,6.7094445,2,-1,0,0.9937583,1
90,3,1,0,0,-132.20496,35.248055,348.14468,0.00061273907,0.015956145,-0.020485181,6.060125,6.045,2,-1,0,0.98206896,1
90,3,1,1,0,-132.20496,35.248055,348.14468,0.00061273907,0.015956145,-0.020485181,7.559007,7.4097223,2,12,1,0.9581615,1
90,2,1,1,0,-136.3607,554.5143,88.67827,0.009925665,0.011561157,0.006464642,21.997702,19.483889,2,13,1,0.9979856,1
90,39,0,0,0,0.0,0.0,0.0,0.0,0.0,0.0,4.9779587,-1.0,2,-1,0,0.9932829,1
90,3,1,0,0,-132.20496,35.248055,348.14468,0.00061273907,0.015956145,-0.020485181,3.2993054,3.3230555,2,-1,0,0.9009588,1
90,22,1,1,0,140.97769,339.15225,435.01187,0.0020506342,-0.007359716,-0.016029852,6.8589582,6.883611,2,14,1,0.9782738,1
90,22,1,0,0,140.97769,339.15225,435.01187,0.0020506342,-0.007359716,-0.016029852,5.4070487,5.3672223,2,-1,0,0.990361,1
90,39,1,1,0,-144.39413,-233.54901,254.45213,0.025185041,-0.011919925,0.00013147545,20.106493,20.113611,2,15,1,0.99707866,1
90,22,1,0,0,140.97769,339.15225,435.01187,0.0020506342,-0.007359716,-0.016029852,7.4472775,6.6702776,2,-1,0,0.9850697,1
90,8,1,1,0,147.87154,125.71147,352.59796,0.0071485844,0.0023432034,-0.0023711836,8.768278,4.3366666,2,16,1,0.983067,1
90,14,0,0,0,0.0,0.0,0.0,0.0,0.0,0.0,10.106334,-1.0,2,-1,0,0.99042434,1
90,15,1,1,0,-183.25206,-136.68631,71.06648,0.042125747,0.0123280315,-0.009008023,28.27875,28.496666,2,17,1,0.9649676,1
90,30,1,1,0,-188.66035,-553.148,42.681656,0.015193265,0.0018308852,-0.0072877607,19.253479,19.231945,2,18,1,0.93793654,1
90,26,1,1,0,183.93431,307.81448,454.5423,0.005178271,0.013981092,0.00081211317,11.141528,9.912778,2,19,1,0.97715116,1
90,36,1,0,0,-192.88634,533.93726,338.37164,0.0018047069,0.0059319288,0.018064426,7.167111,3.7202778,2,-1,0,0.98836344,1
90,36,1,1,0,-192.88634,533.93726,338.37164,0.0018047069,0.0059319288,0.018064426,5.4618545,5.3930554,2,20,1,0.9877309,1
90,36,1,0,0,-192.88634,533.93726,338.37164,0.0018047069,0.0059319288,0.018064426,4.281674,4.1786113,2,-1,0,0.9764123,1
90,5,1,1,0,203.58304,-101.148384,335.50388,-0.0016040278,0.02401263,-0.003396237,23.881937,23.716667,2,21,1,0.99424064,1
90,25,1,0,0,-221.1137,112.604614,121.31738,0.009543172,0.038368464,0.022056706,19.63007,19.476389,2,-1,0,0.9836998,1
90,35,1,1,0,217.44806,555.32776,259.6989,-0.006462145,0.014258166,-0.00081601064,16.801424,15.148889,2,22,1,0.9987656,1
90,25,1,1,0,-221.1137,112.604614,121.31738,0.009543172,0.038368464,0.022056706,28.206041,28.555555,2,23,1,0.998828,1
90,16,1,1,0,-228.52826,-309.52582,0.12710336,-0.011818407,-0.013221552,-0.00028864303,6.272194,6.2725,2,24,1,0.9862546,1
90,33,1,1,0,-247.6988,187.74135,450.6466,0.0079413485,0.004405976,0.016765231,15.876812,15.876667,2,25,1,0.99778444,1
90,10,1,0,0,247.37537,321.8353,48.70942,0.025425177,0.0020809043,0.012210139,3.4387987,2.131389,2,-1,0,0.814843,1
90,10,1,1,0,249.39275,326.56796,58.00197,0.025425177,0.0020809043,0.012210139,15.908216,14.683611,2,-1,1,0.9502895,1
90,12,1,1,0,-251.89478,-386.15552,64.84452,0.013760932,0.009029216,-0.020310411,18.513903,18.369444,2,26,1,0.97191817,1
90,12,1,0,0,-251.89478,-386.15552,64.84452,0.013760932,0.009029216,-0.020310411,5.8073545,5.704167,2,-1,0,0.986777,1
90,10,1,0,0,249.39275,326.56796,58.00197,0.025425177,0.0020809043,0.012210139,2.7987914,2.8130555,2,-1,0,0.65962416,1
90,10,1,0,0,249.39275,326.56796,58.00197,0.025425177,0.0020809043,0.012210139,4.621736,4.583611,2,-1,0,0.9594304,1
90,24,1,1,0,282.75656,509.36172,18.783884,0.020185474,-0.050503034,0.030841827,38.961624,45.142223,2,27,1,0.9985275,1
90,20,1,1,0,-291.89844,-591.40564,378.5283,0.01800947,0.014298857,-0.0070460634,24.56438,24.598888,2,28,1,0.99999964,1
90,24,1,0,0,282.75656,509.36172,18.783884,0.020185474,-0.050503034,0.030841827,7.7723613,7.633611,2,-1,0,0.9955238,1
90,24,1,0,0,282.75656,509.36172,18.783884,0.020185474,-0.050503034,0.030841827,5.1045556,5.0633335,2,-1,0,0.92949635,1
90,21,0,0,0,0.0,0.0,0.0,0.0,0.0,0.0,10.895007,-1.0,2,-1,0,0.9853875,1
90,17,1,1,0,-310.51602,253.81224,284.04312,0.004163597,0.007937154,0.011429183,15.411077,14.944445,2,29,1,0.99629825,1
90,31,1,0,0,346.41983,-120.485054,45.634937,-0.0066418024,-0.029046088,0.002777718,3.5720694,3.538889,2,-1,0,0.53690183,1
90,36,0,0,0,0.0,0.0,0.0,0.0,0.0,0.0,2.8902779,2.8911111,2,-1,0,0.52755183,1
90,29,1,1,0,-314.64206,-59.848827,1.689606,-0.02585033,0.024618022,8.943136e-05,14.956985,14.842222,2,30,1,0.97611,1
90,28,1,1,0,330.05893,-453.41812,391.2415,0.022324042,-0.008494032,0.005174892,24.614388,24.671112,2,31,1,0.99885917,1
90,27,1,0,0,-354.81796,102.49344,438.71973,-0.0008703606,-0.022297854,-0.0011111485,3.3975,3.3183334,2,-1,0,0.9405158,1
90,1,1,1,0,339.99426,168.5876,201.34084,0.008469464,-0.00096725463,-0.0010049733,9.957118,8.015833,2,-1,1,0.9966987,1
90,31,1,1,0,346.41983,-120.485054,45.634937,-0.0066418024,-0.029046088,0.002777718,20.858164,20.780556,2,32,1,0.9901461,1
90,11,1,1,0,343.8099,113.006485,216.31865,0.011367037,-0.0029642142,-0.0054503083,7.1266246,5.2647223,2,-1,1,0.9581336,1
90,27,1,1,0,-354.81796,102.49344,438.71973,-0.0008703606,-0.022297854,-0.0011111485,10.182423,10.028889,2,33,1,0.9982173,1
90,27,1,0,0,-354.81796,102.49344,438.71973,-0.0008703606,-0.022297854,-0.0011111485,5.576764,5.651111,2,-1,0,0.9869782,1
90,27,1,0,0,-354.81796,102.49344,438.71973,-0.0008703606,-0.022297854,-0.0011111485,4.4357224,4.4466667,2,-1,0,0.9938719,1
90,28,1,0,0,200.60999,101.55682,287.68106,0.022324042,-0.008494032,0.005174892,2.99,2.9727778,2,-1,0,0.9552399,1
91,10,1,1,0,-4.9010973,551.66583,321.64612,-0.004393384,0.011827162,0.0023618834,9.551834,9.744166,2,0,1,0.9921949,1
91,12,0,0,0,0.0,0.0,0.0,0.0,0.0,0.0,8.51143,-1.0,2,-1,0,0.99489295,1
91,25,1,1,0,21.126925,521.3807,389.17947,-0.011285996,-0.018377887,0.01007321,29.460674,29.109444,2,1,1,0.9995815,1
91,12,0,0,0,0.0,0.0,0.0,0.0,0.0,0.0,5.875284,-1.0,2,-1,0,0.9803315,1
91,9,0,0,0,0.0,0.0,0.0,0.0,0.0,0.0,3.11525,3.0930555,2,-1,0,0.7627152,1
91,34,1,1,0,29.879662,39.13776,291.37598,-0.00441047,-0.0043585,0.00563614,10.554716,10.506111,2,2,1,0.9851393,1
91,8,0,0,0,0.0,0.0,0.0,0.0,0.0,0.0,29.790537,-1.0,2,-1,0,0.99896526,1
91,8,0,0,0,0.0,0.0,0.0,0.0,0.0,0.0,8.219125,-1.0,2,-1,0,0.99216545,1
91,34,1,0,0,29.879662,39.13776,291.37598,-0.00441047,-0.0043585,0.00563614,3.9133475,4.0111113,2,-1,0,0.9399949,1
91,31,1,1,0,51.940083,-473.14893,173.23047,-0.015966034,-0.017719459,-0.009048998,30.117092,30.043888,2,4,1,0.98917705,1
91,7,1,1,0,49.761257,424.431,404.95767,-0.009754742,-0.016023142,0.009937576,23.21779,23.010279,2,5,1,0.9948487,1
91,28,0,0,0,0.0,0.0,0.0,0.0,0.0,0.0,2.7688959,2.4947221,2,-1,0,0.6655592,1
91,16,1,0,0,71.08734,256.99948,178.16483,-0.011745019,0.0109100295,-0.00040645382,2.7491806,2.7430556,2,-1,0,0.5316781,1
91,2,1,0,0,126.73434,-186.69699,362.93262,-0.010875483,-0.01355732,-0.01226273,8.4499445,8.393888,2,-1,0,0.9915593,1
91,6,1,1,0,60.221626,-238.49474,42.70677,0.0076233787,0.009038974,0.028555868,27.749508,24.158333,2,6,1,0.9964527,1
91,6,1,0,0,60.221626,-238.49474,42.70677,0.0076233787,0.009038974,0.028555868,6.319757,6.2588887,2,-1,0,0.99981636,1
91,7,1,0,0,49.761257,424.431,404.95767,-0.009754742,-0.016023142,0.009937576,3.8774512,3.958611,2,-1,0,0.8682467,1
91,40,1,1,0,70.46292,-130.04199,82.72822,-0.02169516,0.015836224,-0.0034296322,24.349062,24.231667,2,7,1,0.9870084,1
91,40,1,0,0,70.46292,-130.04199,82.72822,-0.02169516,0.015836224,-0.0034296322,6.159139,6.171389,2,-1,0,0.9962547,1
91,16,1,1,0,71.08734,256.99948,178.16483,-0.011745019,0.0109100295,-0.00040645382,13.895437,13.66,2,8,1,0.9972691,1
91,16,1,0,0,71.08734,256.99948,178.16483,-0.011745019,0.0109100295,-0.00040645382,5.3581944,5.39,2,-1,0,0.9986578,1
91,8,1,1,0,-38.640785,-460.4727,205.92352,-0.010200797,-0.030777562,0.031223478,11.039583,10.885278,2,9,1,0.9983516,1
91,27,1,1,0,94.56568,240.75911,328.94305,-0.02320236,0.005723122,-0.013735894,31.356762,31.313612,2,10,1,0.9925527,1
91,33,1,1,0,89.60228,354.52722,50.19807,0.00016028859,0.0033335825,0.008109575,11.086763,8.489166,2,11,1,0.990934,1
91,23,1,1,0,-90.37346,-556.4409,422.70917,0.0073585045,0.002295171,-0.004176594,7.953695,8.175555,2,12,1,0.99253595,1
91,36,1,1,0,-89.22585,-407.87204,356.96753,-0.0031881034,0.0022514502,0.006172689,9.829083,8.078055,2,13,1,0.99590164,1
91,19,0,0,0,0.0,0.0,0.0,0.0,0.0,0.0,11.611834,-1.0,2,-1,0,0.91141844,1
91,2,1,0,0,126.73434,-186.69699,362.93262,-0.010875483,-0.01355732,-0.01226273,3.5577774,3.5405555,2,-1,0,0.9101988,1
91,29,1,1,0,101.07977,500.5157,61.46054,0.008122381,-0.0027275067,0.010069024,10.674854,10.639167,2,14,1,0.9947194,1
91,29,1,0,0,101.07977,500.5157,61.46054,0.008122381,-0.0027275067,0.010069024,4.31875,4.2505555,2,-1,0,0.95114887,1
91,2,1,0,0,-93.00387,-576.6202,450.8346,-0.010875483,-0.01355732,-0.01226273,3.8644586,3.8633332,2,-1,0,0.96746564,1
91,32,1,1,0,113.25731,531.0427,309.02933,-0.01684623,0.0072707087,0.0067689368,16.139647,16.085,2,15,1,0.97283596,1
91,2,1,0,0,-93.00387,-576.6202,450.8346,-0.010875483,-0.01355732,-0.01226273,3.893757,3.8230555,2,-1,0,0.94678575,1
91,2,1,1,0,126.73434,-186.69699,362.93262,-0.010875483,-0.01355732,-0.01226273,11.5229025,11.61,2,16,1,0.99603695,1
91,14,1,1,0,-134.31606,-596.4912,67.868904,0.014402605,-0.0050320304,-0.0034888205,13.614514,13.816389,2,17,1,0.99998987,1
91,24,1,1,0,132.13042,91.334885,256.431,0.0131174065,0.0076853205,0.006227838,17.161083,16.041945,2,18,1,0.99965215,1
91,2,1,0,0,-93.00387,-576.6202,450.8346,-0.010875483,-0.01355732,-0.01226273,3.077632,3.1147223,2,-1,0,0.79773146,1
91,20,1,1,0,153.64796,-432.94946,165.94075,-0.014805365,-0.028421791,-0.029054804,15.49482,15.428333,2,19,1,0.9745582,1
91,20,1,0,0,153.64796,-432.94946,165.94075,-0.014805365,-0.028421791,-0.029054804,14.356159,14.195556,2,-1,0,0.97951084,1
91,20,1,0,0,153.64796,-432.94946,165.94075,-0.014805365,-0.028421791,-0.029054804,3.1236112,3.1544445,2,-1,0,0.7934395,1
91,20,1,0,0,153.64796,-432.94946,165.94075,-0.014805365,-0.028421791,-0.029054804,9.13157,9.095,2,-1,0,0.9960382,1
91,18,1,1,0,169.18011,-462.53992,411.15854,-0.030224951,0.0022348247,-0.014443698,18.467333,18.15639,2,20,1,0.9982796,1
91,18,1,0,0,169.18011,-462.53992,411.15854,-0.030224951,0.0022348247,-0.014443698,13.967001,14.023334,2,-1,0,0.9817695,1
91,1,1,1,0,168.51648,491.53546,454.8497,0.0013299858,0.014693266,-0.0007649017,16.391125,16.5575,2,21,1,0.998553,1
91,30,1,1,0,185.83911,379.13364,19.829544,0.008660842,-0.013250377,-0.006536761,12.045854,9.260278,2,22,1,0.986868,1
91,30,1,0,0,185.83911,379.13364,19.829544,0.008660842,-0.013250377,-0.006536761,4.930597,5.0694447,2,-1,0,0.9725916,1
91,24,0,0,0,0.0,0.0,0.0,0.0,0.0,0.0,2.9542637,2.9644444,2,-1,0,0.50278634,1
91,15,1,1,0,-206.7724,330.1633,440.6397,-0.00036425807,-0.007897907,-0.0024706374,9.709028,9.7225,2,23,1,0.9831013,1
91,39,0,0,0,0.0,0.0,0.0,0.0,0.0,0.0,8.053,-1.0,2,-1,0,0.99266183,1
91,39,1,1,0,-227.53539,-592.095,268.45673,0.005742732,0.008353822,-0.032715846,25.123785,24.741667,2,24,1,0.9927368,1
91,38,1,1,0,-229.17676,-370.5173,153.83221,0.012823924,0.021353157,-0.002061882,27.057127,26.716389,2,25,1,0.99575955,1
91,37,1,1,0,231.06242,52.48775,47.97716,0.005484655,0.0008188114,0.0016312383,5.7124786,5.591944,2,26,1,0.95072514,1
91,5,1,1,0,-235.65555,82.01246,34.140636,-0.011179771,0.016200265,0.02926034,36.25436,33.194168,2,27,1,0.99999845,1
91,22,1,0,0,241.89923,10.9898815,412.42682,0.023789873,-0.012427423,-0.010566963,6.4954863,6.507222,2,-1,0,0.9875294,1
91,22,1,1,0,241.89923,10.9898815,412.42682,0.023789873,-0.012427423,-0.010566963,19.94127,19.902779,2,28,1,0.9916809,1
91,26,1,1,0,-248.39148,111.706085,337.8061,-0.0012307926,0.012678211,-0.00068408635,14.003868,13.606389,2,29,1,0.9925809,1
91,11,1,1,0,-253.16103,183.28,213.89436,0.012595746,-0.0146543905,-0.025378656,32.936306,31.473888,2,30,1,0.92756015,1
91,3,1,1,0,256.21603,527.1911,190.09608,0.020831935,-0.023408392,-0.0016160265,25.517498,25.814722,2,31,1,0.99578506,1
91,35,1,0,0,268.887,476.28818,205.36562,0.023440732,-0.016069341,-0.0036526364,5.1379786,5.2483335,2,-1,0,0.9746275,1
91,9,1,1,0,263.54315,-256.522,125.3587,0.003526717,-0.013993451,-0.006103236,15.838277,15.694722,2,32,1,0.8852647,1
91,35,1,1,0,268.887,476.28818,205.36562,0.023440732,-0.016069341,-0.0036526364,17.238194,17.128056,2,33,1,0.98678744,1
91,35,1,0,0,268.887,476.28818,205.36562,0.023440732,-0.016069341,-0.0036526364,3.7165835,3.6830556,2,-1,0,0.8145923,1
91,13,1,1,0,280.64856,159.7983,242.36064,0.000973739,0.021783814,0.007082061,23.503181,15.364166,2,34,1,0.99654704,1
91,3,1,0,0,256.21603,527.1911,190.09608,0.020831935,-0.023408392,-0.0016160265,3.3405,3.2894444,2,-1,0,0.9730042,1
91,28,1,1,0,-291.8751,-361.1342,307.6239,-0.012454912,0.018260332,-0.023582399,25.149792,20.388056,2,35,1,0.9999504,1
91,4,1,1,0,-292.8637,-156.94505,74.525215,-0.017986571,0.003420064,-0.010263901,15.3272505,14.563056,2,36,1,0.9758707,1
91,21,1,1,0,-315.2643,308.4982,112.34662,-0.020644723,-0.010217145,2.0422407e-05,13.382418,13.5675,2,37,1,0.9985032,1
91,13,1,0,0,280.64856,159.7983,242.36064,0.000973739,0.021783814,0.007082061,3.5906389,3.5902777,2,-1,0,0.9616052,1
91,21,1,0,0,-315.2643,308.4982,112.34662,-0.020644723,-0.010217145,2.0422407e-05,6.735917,6.7,2,-1,0,0.9814547,1
91,17,1,1,0,360.56464,-551.68195,260.62808,0.0077638836,0.01986126,-0.003286586,14.6120205,13.386389,2,38,1,0.95524806,1
92,27,1,1,0,-22.323082,163.23642,160.91846,-0.012756193,0.039177634,-0.01132087,35.903347,35.483055,2,0,1,0.98603445,1
92,35,1,1,0,22.616262,-299.49164,183.90855,0.031847157,-0.015177013,-0.0209399,44.192455,44.136112,2,1,1,0.99703026,1
92,23,0,0,0,0.0,0.0,0.0,0.0,0.0,0.0,2.5469167,2.54,2,-1,0,0.5639866,1
92,27,1,0,0,-22.323082,163.23642,160.91846,-0.012756193,0.039177634,-0.01132087,9.488334,9.473611,2,-1,0,0.9949269,1
92,8,1,1,0,-32.46697,-313.5099,49.77522,0.0119853,0.011837465,-0.010230827,24.551973,24.559166,2,2,1,0.9953864,1
92,10,1,1,0,26.529808,413.1974,414.86996,0.009603615,-0.0018892082,-7.978891e-05,12.934924,13.253333,2,3,1,0.90754795,1
92,34,1,1,0,-32.136654,156.99442,117.461845,-0.009962444,-0.02825517,-0.025283778,27.918028,27.185278,2,4,1,0.99652135,1
92,34,1,0,0,-32.136654,156.99442,117.461845,-0.009962444,-0.02825517,-0.025283778,9.791215,9.685,2,-1,0,0.99217093,1
92,21,1,1,0,52.93404,167.93515,396.21545,-0.00085377257,0.0057499483,-0.010237208,8.62616,8.785277,2,5,1,0.99800247,1
92,19,0,0,0,0.0,0.0,0.0,0.0,0.0,0.0,3.6233191,-1.0,2,-1,0,0.9233069,1
92,1,1,1,0,71.49045,-565.06036,16.139927,-0.0148911355,-0.010839556,0.014856568,28.061575,14.537778,2,6,1,0.99771714,1
92,19,0,0,0,0.0,0.0,0.0,0.0,0.0,0.0,3.0581803,0.15555556,2,-1,0,0.54687905,1
92,39,1,1,0,-77.25883,548.03284,1.4552664,-0.0022865376,0.0204721,-0.0032993278,6.080666,6.206389,2,7,1,0.98801106,1
92,4,1,1,0,87.08887,544.7161,429.59036,-0.025882678,-0.031622037,-0.041635484,24.814861,24.418888,2,8,1,0.9906006,1
92,4,1,0,0,87.08887,544.7161,429.59036,-0.025882678,-0.031622037,-0.041635484,15.27984,15.53,2,-1,0,0.98809695,1
92,19,0,0,0,0.0,0.0,0.0,0.0,0.0,0.0,7.4836245,-1.0,2,-1,0,0.9816698,1
92,4,1,0,0,87.08887,544.7161,429.59036,-0.025882678,-0.031622037,-0.041635484,22.5318,20.724722,2,-1,0,0.9989214,1
92,14,1,1,0,-84.1613,333.66537,242.89673,0.001357994,-0.0133120855,0.0033144942,11.717639,12.076944,2,9,1,0.99212945,1
92,34,1,0,0,-32.136654,156.99442,117.461845,-0.009962444,-0.02825517,-0.025283778,3.752889,3.7558334,2,-1,0,0.9625295,1
92,14,1,0,0,-84.1613,333.66537,242.89673,0.001357994,-0.0133120855,0.0033144942,8.850153,8.921945,2,-1,0,0.9860746,1
92,19,0,0,0,0.0,0.0,0.0,0.0,0.0,0.0,12.358382,-1.0,2,-1,0,0.97418314,1
92,6,1,1,0,-98.54475,222.91306,228.20238,0.017340187,-0.0077972324,-0.011845142,19.731514,19.686111,2,10,1,0.98218936,1
92,3,1,1,0,109.30523,-87.910126,201.56544,0.0014320629,-0.004668873,0.0054330584,8.964152,8.805833,2,11,1,0.9924333,1
92,24,1,0,0,111.49725,-194.83334,82.88122,0.010750717,-0.029411437,0.003561223,15.212202,12.089167,2,-1,0,0.9836246,1
92,17,1,1,0,116.72378,249.19038,301.56866,-0.011615528,0.0059049446,0.041504666,32.769577,32.199722,2,12,1,0.97606224,1
92,17,1,0,0,116.72378,249.19038,301.56866,-0.011615528,0.0059049446,0.041504666,12.013354,12.073055,2,-1,0,0.9900872,1
92,24,1,1,0,111.49725,-194.83334,82.88122,0.010750717,-0.029411437,0.003561223,12.693292,12.650833,2,13,1,0.9659264,1
92,17,1,0,0,116.72378,249.19038,301.56866,-0.011615528,0.0059049446,0.041504666,5.759007,5.8769445,2,-1,0,0.97244847,1
92,24,1,0,0,111.49725,-194.83334,82.88122,0.010750717,-0.029411437,0.003561223,8.3776455,8.266111,2,-1,0,0.98244065,1
92,5,1,1,0,-124.12666,-325.5422,26.75025,0.014100574,0.014724947,0.014040182,22.919895,23.175556,2,14,1,0.94674677,1
92,15,1,1,0,-130.48262,513.10754,114.38644,0.010357314,-0.011441184,0.009990781,20.939514,21.126389,2,15,1,0.9880292,1
92,15,1,0,0,-130.48262,513.10754,114.38644,0.010357314,-0.011441184,0.009990781,5.0152287,5.2197223,2,-1,0,0.94744426,1
92,17,1,0,0,116.72378,249.19038,301.56866,-0.011615528,0.0059049446,0.041504666,2.5848193,2.6088889,2,-1,0,0.5456505,1
92,31,1,1,0,155.5348,547.0096,400.72574,-0.007270424,0.0044276626,0.002603342,9.378305,9.481389,2,16,1,0.9823799,1
92,12,1,0,0,191.7493,278.94058,84.53895,-0.009696547,-0.0049484223,0.000733639,3.7428124,3.6975,2,-1,0,0.9653366,1
92,40,1,1,0,177.62834,99.33307,37.171703,0.007059162,0.0014397847,0.033056397,20.329962,18.944166,2,17,1,0.96047354,1
92,40,1,0,0,177.62834,99.33307,37.171703,0.007059162,0.0014397847,0.033056397,12.751916,12.774445,2,-1,0,0.9976635,1
92,7,1,0,0,-194.2297,358.36588,438.10483,0.0067683524,-0.024702776,0.015296876,11.758687,11.027223,2,-1,0,0.987465,1
92,12,1,1,0,191.7493,278.94058,84.53895,-0.009696547,-0.0049484223,0.000733639,6.5237436,6.5005555,2,18,1,0.97362196,1
92,16,1,1,0,-195.97633,248.60428,86.3421,0.003883674,0.02064387,0.01173909,15.958333,16.004168,2,19,1,0.9978999,1
92,7,1,1,0,-194.2297,358.36588,438.10483,0.0067683524,-0.024702776,0.015296876,20.403673,19.619722,2,20,1,0.9946443,1
92,16,1,0,0,-195.97633,248.60428,86.3421,0.003883674,0.02064387,0.01173909,4.6970487,4.8783336,2,-1,0,0.9762555,1
92,16,1,0,0,-195.97633,248.60428,86.3421,0.003883674,0.02064387,0.01173909,3.291632,3.2255557,2,-1,0,0.93002564,1
92,26,1,1,0,226.10974,-151.63983,326.27197,0.00694296,-0.0026520423,0.012126991,14.386743,14.441944,2,21,1,0.998844,1
92,36,1,1,0,-229.36882,116.4376,151.60997,-0.0026016783,0.00834234,0.0063936124,11.314021,11.335556,2,22,1,0.9913749,1
92,32,1,0,0,240.74747,-377.0206,340.4811,-0.011645141,0.017314235,0.014648101,9.350237,9.413055,2,-1,0,0.9901197,1
92,32,1,1,0,240.74747,-377.0206,340.4811,-0.011645141,0.017314235,0.014648101,11.962687,11.705,2,23,1,0.9770295,1
92,38,1,0,0,-273.93564,313.97754,240.28925,0.007191378,0.0015257952,-0.012975988,3.0345278,3.106111,2,-1,0,0.691415,1
92,33,1,1,0,247.10449,446.71454,344.5205,-0.011118965,-0.013525866,0.0033450173,14.586395,14.5847225,2,24,1,0.96912336,1
92,25,1,0,0,263.28632,189.29944,436.96704,0.02229247,-0.005130009,0.009345579,3.9194791,3.9858334,2,-1,0,0.9525226,1
92,25,1,1,0,263.28632,189.29944,436.96704,0.02229247,-0.005130009,0.009345579,9.015257,9.100278,2,25,1,0.935899,1
92,25,1,0,0,263.28632,189.29944,436.96704,0.02229247,-0.005130009,0.009345579,8.041014,7.987222,2,-1,0,0.9991431,1
92,11,0,0,0,0.0,0.0,0.0,0.0,0.0,0.0,2.3154166,2.1533334,2,-1,0,0.59419006,1
92,13,1,1,0,266.82123,-373.308,307.10703,0.009151795,-0.005885109,0.005223394,10.9654455,9.513889,2,26,1,0.97297174,1
92,29,1,1,0,269.9052,-465.0795,199.52248,-0.0012127043,-0.0035598374,0.0113574825,11.308333,11.2675,2,27,1,0.9547404,1
92,38,1,1,0,-273.93564,313.97754,240.28925,0.007191378,0.0015257952,-0.012975988,10.515896,8.856667,2,28,1,0.9910982,1
92,2,1,1,0,-279.44678,176.90338,287.8586,0.028258506,0.0015260775,0.0067285434,25.057362,24.963612,2,29,1,0.99570614,1
92,22,1,0,0,-306.28134,193.18718,267.85217,-0.0017708766,-0.016931213,-0.02677162,5.766507,5.813611,2,-1,0,0.9699668,1
92,28,1,1,0,297.17947,-528.75305,362.80905,-0.022243686,-0.004739839,0.018181086,22.813883,22.668888,2,30,1,0.9998907,1
92,11,1,1,0,298.31842,4.643375,134.23799,-0.02618338,0.014856821,0.0040719705,24.540617,21.905834,2,31,1,0.99730444,1
92,18,1,1,0,294.1849,522.02905,361.58954,0.0054969587,-0.0033624747,0.025665374,16.908216,15.095,2,32,1,0.996822,1
92,37,1,0,0,293.77902,419.07217,273.2181,0.013367564,-0.023909418,0.0051672114,15.055591,11.5633335,2,-1,0,0.9986094,1
92,37,1,1,0,293.77902,419.07217,273.2181,0.013367564,-0.023909418,0.0051672114,12.955,13.0008335,2,33,1,0.97064185,1
92,22,1,0,0,-306.28134,193.18718,267.85217,-0.0017708766,-0.016931213,-0.02677162,3.1063888,3.145,2,-1,0,0.5843135,1
92,22,1,1,0,-306.28134,193.18718,267.85217,-0.0017708766,-0.016931213,-0.02677162,21.623125,21.590834,2,34,1,0.99895835,1
92,20,1,1,0,-316.29306,-13.918254,96.16081,0.014482778,0.0032734554,0.0009644516,13.423382,13.396389,2,35,1,0.99805224,1
92,18,1,0,0,294.1849,522.02905,361.58954,0.0054969587,-0.0033624747,0.025665374,8.04702,7.8508334,2,-1,0,0.99347174,1
92,30,1,0,0,-336.45087,477.11212,21.543873,0.005749655,-0.0072959275,0.012550773,5.5165834,5.563611,2,-1,0,0.9726654,1
92,20,1,0,0,-316.29306,-13.918254,96.16081,0.014482778,0.0032734554,0.0009644516,4.2412224,4.2869444,2,-1,0,0.9977106,1
92,30,1,1,0,-336.45087,477.11212,21.543873,0.005749655,-0.0072959275,0.012550773,15.039889,15.181945,2,36,1,0.9961981,1
92,23,1,1,0,-360.48535,-246.41316,288.9259,0.009386943,0.003415787,-0.015658235,13.5698805,13.493889,2,37,1,0.995158,1
92,23,0,0,0,0.0,0.0,0.0,0.0,0.0,0.0,7.121778,7.1455555,2,-1,0,0.9478387,1
93,17,1,1,0,-3.0133407,272.07227,45.03251,-0.008079374,0.026246982,-0.0106032835,15.244729,15.047222,2,0,1,0.9814658,1
93,17,1,0,0,-3.0133407,272.07227,45.03251,-0.008079374,0.026246982,-0.0106032835,5.725771,5.5277777,2,-1,0,0.99178845,1
93,21,0,0,0,0.0,0.0,0.0,0.0,0.0,0.0,2.5760555,2.5222223,2,-1,0,0.558343,1
93,39,1,1,0,20.653496,-574.5879,258.2519,-0.018424397,0.0045909253,-0.0029493961,23.487446,23.91639,2,1,1,0.99498665,1
93,4,1,1,0,-36.463,589.1611,28.840132,-6.511924e-05,0.009274003,-0.0028188056,7.2325,4.0075,2,2,1,0.9932856,1
93,16,0,0,0,0.0,0.0,0.0,0.0,0.0,0.0,5.719021,-1.0,2,-1,0,0.9802184,1
93,16,0,0,0,0.0,0.0,0.0,0.0,0.0,0.0,17.732616,-1.0,2,-1,0,0.99832374,1
93,15,1,1,0,57.726734,326.08978,450.5126,-0.0007213635,0.012135839,0.00303642,11.231417,11.107778,2,3,1,0.9987122,1
93,38,1,0,0,74.598335,201.33878,408.6632,0.0011008733,0.0022102874,0.013965007,2.938778,2.9855556,2,-1,0,0.5086957,1
93,38,1,1,0,74.598335,201.33878,408.6632,0.0011008733,0.0022102874,0.013965007,16.186348,11.856944,2,4,1,0.99941325,1
93,34,0,0,0,0.0,0.0,0.0,0.0,0.0,0.0,22.357105,-1.0,2,-1,0,0.99975246,1
93,19,1,1,0,-81.254944,84.26867,131.9985,0.01761836,0.015497588,0.021361137,36.429188,36.130554,2,5,1,0.97247237,1
93,25,1,1,0,88.69852,266.91928,262.08527,-0.0036927531,0.0054888986,-0.0020351314,6.83657,6.648889,2,6,1,0.9830626,1
93,13,1,1,0,94.69273,-19.48831,432.48602,0.0053604017,-0.0021721306,0.0025829836,7.161514,4.1980557,2,7,1,0.9875606,1
93,5,1,1,0,99.47138,264.1668,452.9546,0.032059945,-0.0137941055,0.019910073,28.204306,24.279722,2,8,1,0.9719011,1
93,20,1,1,0,111.089584,-152.79443,289.02707,-0.007630761,0.017624797,-0.020208102,31.481363,31.503334,2,9,1,0.9929391,1
93,35,1,1,0,114.62334,-69.12263,246.11916,0.0027787639,0.019484933,0.0073548458,20.71857,20.335278,2,10,1,0.99202865,1
93,5,1,0,0,99.47138,264.1668,452.9546,0.032059945,-0.0137941055,0.019910073,10.783568,10.92,2,-1,0,0.97339636,1
93,40,1,1,0,-121.26967,479.74612,430.6774,-0.0039073043,0.015490453,0.029070877,26.654991,26.663055,2,11,1,0.97351956,1
93,40,1,0,0,-121.26967,479.74612,430.6774,-0.0039073043,0.015490453,0.029070877,4.942042,5.081111,2,-1,0,0.98641217,1
93,40,1,0,0,-121.26967,479.74612,430.6774,-0.0039073043,0.015490453,0.029070877,5.316,5.179167,2,-1,0,0.99748397,1
93,30,1,0,0,133.6125,553.194,373.3547,-0.0067559,0.018163148,-0.008489506,6.516792,6.475,2,-1,0,0.9876665,1
93,30,1,1,0,133.6125,553.194,373.3547,-0.0067559,0.018163148,-0.008489506,22.517197,22.465555,2,12,1,0.9773615,1
93,10,1,1,0,-137.31738,365.6253,21.649033,0.0028105602,0.0076716803,0.00036085577,8.834285,8.736944,2,13,1,0.9946227,1
93,18,1,1,0,141.6904,527.1572,290.26703,-0.0013673112,0.0040878286,0.00325242,5.5777082,5.5694447,2,14,1,0.9878472,1
93,24,1,1,0,141.09842,-88.78941,329.39264,0.02180288,-0.024913099,-0.00030080092,30.549223,30.739445,2,15,1,0.99999845,1
93,24,0,0,0,0.0,0.0,0.0,0.0,0.0,0.0,4.8230486,0.11361111,2,-1,0,0.96258307,1
93,36,1,1,0,152.80157,248.3574,30.90148,-0.009109372,0.0054625245,0.005109815,11.203084,11.114166,2,16,1,0.99987626,1
93,37,1,1,0,-157.24777,494.53207,365.93134,-0.011496957,-0.005471744,0.008735168,14.685111,11.368889,2,17,1,0.99875236,1
93,31,1,1,0,158.9416,322.46692,73.117966,0.019681491,-0.011873039,-0.007240403,23.215736,23.180834,2,18,1,0.99783486,1
93,12,1,1,0,159.35307,370.1561,101.964005,0.011954844,0.005391705,0.018398473,23.644701,23.955278,2,19,1,0.9965623,1
93,29,1,1,0,169.72025,557.2761,333.41534,-0.013632674,0.0070647723,-0.00043719055,18.848312,16.956388,2,20,1,0.9976513,1
93,7,1,0,0,-167.42917,295.845,84.19293,-0.025787497,-0.015608326,0.012904039,14.8300085,14.706111,2,-1,0,0.99159735,1
93,14,1,0,0,-177.58861,-502.53036,176.53654,0.014350651,-0.015474395,-0.0098629445,2.8643055,2.9969444,2,-1,0,0.5395152,1
93,8,1,0,0,173.40385,33.416306,209.29698,0.046537727,0.02085253,-0.023724822,4.3860765,4.277222,2,-1,0,0.997332,1
93,14,1,1,0,-177.58861,-502.53036,176.53654,0.014350651,-0.015474395,-0.0098629445,22.71698,21.969444,2,21,1,0.98868656,1
93,8,1,1,0,173.40385,33.416306,209.29698,0.046537727,0.02085253,-0.023724822,45.875175,45.88389,2,22,1,0.9864348,1
93,28,1,0,0,180.33905,-495.9442,267.1742,0.0039441483,0.041021828,-0.02054533,5.65275,5.582222,2,-1,0,0.99286485,1
93,33,1,1,0,182.58913,201.88327,292.69867,-0.021401923,-0.0035791262,-0.02325269,29.053349,28.177221,2,23,1,0.9914846,1
93,28,1,1,0,180.33905,-495.9442,267.1742,0.0039441483,0.041021828,-0.02054533,26.789173,26.686388,2,24,1,0.9911923,1
93,28,1,0,0,180.33905,-495.9442,267.1742,0.0039441483,0.041021828,-0.02054533,4.700757,4.5833335,2,-1,0,0.97101396,1
93,28,1,0,0,180.33905,-495.9442,267.1742,0.0039441483,0.041021828,-0.02054533,19.221653,19.203056,2,-1,0,0.9973526,1
93,3,1,1,0,-186.09993,475.12463,319.01904,-0.0198006,0.007429908,-0.01541417,23.754242,21.727777,2,25,1,0.9991178,1
93,26,1,1,0,-214.13687,-202.46231,199.83443,0.023125721,-0.0041512675,-0.0123243,27.544605,27.711111,2,26,1,0.80832815,1
93,23,1,1,0,209.25839,-153.45522,57.650074,-0.013725652,-0.0060729813,0.006571314,17.828611,17.695278,2,27,1,0.97500575,1
93,7,1,1,0,-167.42917,295.845,84.19293,-0.025787497,-0.015608326,0.012904039,17.438173,17.275833,2,28,1,0.9988244,1
93,8,1,0,0,173.40385,33.416306,209.29698,0.046537727,0.02085253,-0.023724822,5.9707294,6.079167,2,-1,0,0.9798677,1
93,32,1,1,0,231.55968,432.27112,438.99948,0.012300083,0.017376387,0.009983518,23.241201,23.530556,2,29,1,0.9753186,1
93,12,1,0,0,159.35307,370.1561,101.964005,0.011954844,0.005391705,0.018398473,4.6867504,4.6383333,2,-1,0,0.96768624,1
93,22,1,1,0,249.22601,217.08481,62.82517,-0.009889736,0.016394848,-0.00943225,20.775875,17.664444,2,30,1,0.9649112,1
93,11,1,1,0,264.45416,479.11667,189.50987,-0.0011090626,0.01144771,0.0010377218,10.293549,10.164444,2,31,1,0.98855036,1
93,6,1,1,0,-268.36734,89.45912,217.07402,-0.0005636954,0.016750574,-0.0028421811,10.317847,10.085556,2,32,1,0.9796926,1
93,6,1,0,0,-268.36734,89.45912,217.07402,-0.0005636954,0.016750574,-0.0028421811,4.796389,4.759722,2,-1,0,0.9612367,1
93,21,1,1,0,316.36642,-443.7552,150.56573,-0.030083058,-0.0053940206,0.014906079,19.178291,18.9825,2,33,1,0.89942616,1
93,21,1,0,0,316.36642,-443.7552,150.56573,-0.030083058,-0.0053940206,0.014906079,13.992222,14.061111,2,-1,0,0.9960277,1
93,27,1,1,0,312.28116,277.95728,459.289,0.021451283,0.020730505,0.0063600875,22.57786,22.895,2,34,1,0.98329896,1
93,27,1,0,0,312.28116,277.95728,459.289,0.021451283,0.020730505,0.0063600875,8.172306,8.025833,2,-1,0,0.9835789,1
93,9,1,1,0,341.3569,159.63763,313.82333,-0.006308331,-0.005929389,-0.03129782,30.630445,30.614721,2,35,1,0.9955302,1
93,2,1,1,0,338.7495,-390.73373,450.44318,0.019154437,-0.007668325,-0.014968062,18.944584,19.016666,2,36,1,0.9338334,1
93,1,1,0,0,350.9491,292.1883,422.019,0.0038248475,-0.006947359,0.0039304905,2.6035626,2.5677779,2,-1,0,0.5874618,1
93,2,1,0,0,338.7495,-390.73373,450.44318,0.019154437,-0.007668325,-0.014968062,4.907194,4.886389,2,-1,0,0.9828272,1
93,1,1,1,0,350.9491,292.1883,422.019,0.0038248475,-0.006947359,0.0039304905,5.2153473,5.3919444,2,37,1,0.9974827,1
93,21,1,0,0,379.64313,-341.85922,218.63446,-0.030083058,-0.0053940206,0.014906079,3.3143055,3.335,2,-1,0,0.91997683,1
94,13,1,1,0,16.153841,199.81763,98.29532,0.0037694704,0.006084321,-0.037474275,31.278248,31.318333,2,0,1,0.9947383,1
94,13,1,0,0,16.153841,199.81763,98.29532,0.0037694704,0.006084321,-0.037474275,4.012944,3.9627779,2,-1,0,0.9720371,1
94,13,1,0,0,16.153841,199.81763,98.29532,0.0037694704,0.006084321,-0.037474275,3.9297152,4.0619445,2,-1,0,0.94376045,1
94,7,1,0,0,-41.17573,-511.97937,147.65562,0.018724734,0.0018954675,0.0037936405,6.4643545,6.3413887,2,-1,0,0.99533784,1
94,13,1,0,0,16.153841,199.81763,98.29532,0.0037694704,0.006084321,-0.037474275,4.7629166,4.7894444,2,-1,0,0.9817187,1
94,3,1,1,0,30.14246,307.2356,95.65768,-0.0028240005,0.007284848,0.0010725914,10.071117,9.340278,2,1,1,0.9884929,1
94,15,0,0,0,0.0,0.0,0.0,0.0,0.0,0.0,7.421681,-1.0,2,-1,0,0.9842285,1
94,9,1,0,0,-84.062294,460.40225,219.30153,0.0108806025,0.004075528,0.012526871,6.619042,6.7244444,2,-1,0,0.9710714,1
94,15,0,0,0,0.0,0.0,0.0,0.0,0.0,0.0,6.179764,-1.0,2,-1,0,0.99302495,1
94,7,1,0,0,-41.17573,-511.97937,147.65562,0.018724734,0.0018954675,0.0037936405,4.635966,4.748611,2,-1,0,0.9712313,1
94,7,1,1,0,-41.17573,-511.97937,147.65562,0.018724734,0.0018954675,0.0037936405,11.600132,11.455556,2,2,1,0.8191169,1
94,12,1,1,0,43.64493,252.3031,409.16934,-0.015864128,-0.018669134,0.006515711,23.926867,23.859167,2,3,1,0.99999833,1
94,12,1,0,0,43.64493,252.3031,409.16934,-0.015864128,-0.018669134,0.006515711,4.630375,4.4866667,2,-1,0,0.9608484,1
94,16,1,1,0,-53.127533,168.6946,42.15489,-0.0046394784,0.011489995,0.009623312,16.951405,16.917223,2,4,1,0.99466324,1
94,39,1,1,0,64.11589,-115.63959,23.576508,0.005442253,-0.011694668,0.007914453,8.909826,8.951667,2,5,1,0.99432194,1
94,39,1,0,0,64.11589,-115.63959,23.576508,0.005442253,-0.011694668,0.007914453,7.391611,7.4511113,2,-1,0,0.9990282,1
94,6,1,1,0,-76.62963,417.0115,196.80746,0.005809998,0.009483974,-0.005530161,13.7386675,13.6258335,2,6,1,0.9950394,1
94,33,1,0,0,99.40408,309.95465,245.01443,-0.034275036,-0.02128639,0.039168525,5.1095204,5.027222,2,-1,0,0.9350948,1
94,33,1,0,0,99.40408,309.95465,245.01443,-0.034275036,-0.02128639,0.039168525,9.680596,9.681111,2,-1,0,0.99244714,1
94,9,1,1,0,-84.062294,460.40225,219.30153,0.0108806025,0.004075528,0.012526871,12.081618,12.16,2,7,1,0.96950084,1
94,33,1,1,0,99.40408,309.95465,245.01443,-0.034275036,-0.02128639,0.039168525,40.394222,40.23861,2,8,1,0.99791986,1
94,11,1,1,0,110.02618,-541.1919,202.61893,-0.003689548,-0.013108986,0.0042802105,15.966791,15.763889,2,9,1,0.9775252,1
94,5,1,1,0,110.243355,232.82689,124.77566,0.0049377326,9.020241e-05,-0.012615696,11.102139,11.048889,2,10,1,0.96625775,1
94,32,1,1,0,115.74283,278.81946,18.98798,-0.010878943,-0.017774984,-0.003087231,24.10109,24.334167,2,11,1,0.9996486,1
94,37,1,1,0,-120.37742,-198.1882,457.3183,-0.0013071292,0.001353277,-0.019422285,20.701992,20.757223,2,12,1,0.99614346,1
94,40,1,1,0,-122.229324,213.3027,413.88947,0.005175144,-0.004094301,0.016164286,18.697584,18.858334,2,13,1,0.990095,1
94,24,1,1,0,-135.5455,112.384705,276.0228,-0.010378005,0.00010200219,0.015363742,20.51298,20.433056,2,14,1,0.99545234,1
94,25,1,1,0,-138.01581,-523.13293,0.7518198,0.0028389893,3.227887e-05,-0.0037967523,3.3245206,3.518889,2,15,1,0.81844276,1
94,28,1,0,0,-157.87022,-514.7094,319.84326,0.010316835,0.007590116,-0.034435004,3.0765347,3.1322222,2,-1,0,0.97235715,1
94,28,1,0,0,-157.87022,-514.7094,319.84326,0.010316835,0.007590116,-0.034435004,7.3782225,7.3758335,2,-1,0,0.9803535,1
94,28,1,0,0,-157.87022,-514.7094,319.84326,0.010316835,0.007590116,-0.034435004,6.1427984,6.2466664,2,-1,0,0.9835137,1
94,28,1,1,0,-157.87022,-514.7094,319.84326,0.010316835,0.007590116,-0.034435004,22.28066,22.336111,2,16,1,0.99136615,1
94,10,1,1,0,157.54616,-37.45032,382.91077,0.0058328942,0.023372093,-0.0074111265,22.163303,22.013334,2,17,1,0.95632595,1
94,19,0,0,0,0.0,0.0,0.0,0.0,0.0,0.0,7.889673,-1.0,2,-1,0,0.98837763,1
94,24,1,0,0,-135.5455,112.384705,276.0228,-0.010378005,0.00010200219,0.015363742,3.336972,3.4002779,2,-1,0,0.92086846,1
94,26,1,1,0,167.6281,-209.54132,457.95132,0.025004122,0.015505777,0.024682581,15.512279,15.5008335,2,18,1,0.9720662,1
94,10,1,0,0,157.54616,-37.45032,382.91077,0.0058328942,0.023372093,-0.0074111265,3.988736,3.9130557,2,-1,0,0.95451987,1
94,17,1,0,0,-185.3435,574.1659,179.74344,-0.0011816737,0.018472744,-0.020540461,3.409139,3.3630555,2,-1,0,0.92427033,1
94,31,1,1,0,-182.25812,403.01846,444.68738,-0.0039189756,-0.02134888,-0.0052772737,16.836882,16.8825,2,19,1,0.98216486,1
94,31,1,0,0,-182.25812,403.01846,444.68738,-0.0039189756,-0.02134888,-0.0052772737,6.685292,2.586111,2,-1,0,0.991935,1
94,17,1,1,0,-185.3435,574.1659,179.74344,-0.0011816737,0.018472744,-0.020540461,20.182508,19.368055,2,20,1,0.9913442,1
94,35,1,1,0,189.3452,450.2231,206.6442,-0.0066936403,0.020913463,0.016882343,30.82639,30.693611,2,21,1,0.99513924,1
94,2,1,1,0,216.17973,422.08862,242.79541,-0.04002049,-0.022892836,-0.01976022,31.818743,31.985277,2,22,1,0.9914498,1
94,2,1,0,0,216.17973,422.08862,242.79541,-0.04002049,-0.022892836,-0.01976022,3.615146,3.6952777,2,-1,0,0.96008706,1
94,18,1,1,0,211.51004,-462.8851,174.40874,0.002719923,0.009444929,-0.00022734157,7.1196947,7.2066665,2,23,1,0.9717505,1
94,8,1,0,0,-207.06535,-407.14536,286.58386,-0.00020381075,-0.012499712,0.009490515,7.8079653,2.9202778,2,-1,0,0.9801486,1
94,2,1,0,0,216.17973,422.08862,242.79541,-0.04002049,-0.022892836,-0.01976022,15.061355,15.159166,2,-1,0,0.7431048,1
94,18,1,0,0,211.51004,-462.8851,174.40874,0.002719923,0.009444929,-0.00022734157,9.985312,4.312222,2,-1,0,0.89992964,1
94,8,1,1,0,-207.06535,-407.14536,286.58386,-0.00020381075,-0.012499712,0.009490515,7.9791393,7.990556,2,24,1,0.9962998,1
94,4,1,1,0,-226.97757,-115.020134,67.917534,0.0015460878,-0.008807774,0.0010162182,9.104208,8.896944,2,25,1,0.97352266,1
94,27,1,0,0,-259.53558,179.1551,398.50842,-0.0069241906,0.0021818273,0.0021191016,5.1613054,5.151111,2,-1,0,0.9919252,1
94,20,1,0,0,-311.70807,100.05177,276.93646,0.016127821,-0.010413085,0.008409697,3.0782082,3.1644444,2,-1,0,0.9506506,1
94,27,1,1,0,-259.53558,179.1551,398.50842,-0.0069241906,0.0021818273,0.0021191016,7.778799,7.8169446,2,26,1,0.98378503,1
94,23,1,0,0,293.0699,480.45886,233.26077,-0.0011989593,-0.0014774839,0.012212157,4.7648892,4.791111,2,-1,0,0.9761553,1
94,38,1,1,0,269.56805,-402.84958,392.31335,0.0069891154,-0.019424621,-0.014179629,25.808075,23.328056,2,27,1,0.92068714,1
94,30,1,1,0,-282.42288,265.19888,77.216606,0.008327979,-0.021239571,0.0074947854,25.407244,25.234167,2,28,1,0.9624623,1
94,34,1,0,0,282.12085,-205.26012,445.65625,0.017428506,-0.006383582,-0.0034837166,4.9653754,4.8922224,2,-1,0,0.9882664,1
94,14,1,1,0,282.78833,251.20605,207.43959,-0.0036904924,-0.010246111,0.01109979,8.956681,8.947222,2,29,1,0.9779108,1
94,20,1,0,0,-311.70807,100.05177,276.93646,0.016127821,-0.010413085,0.008409697,2.5735073,2.5280557,2,-1,0,0.5917207,1
94,34,1,1,0,282.12085,-205.26012,445.65625,0.017428506,-0.006383582,-0.0034837166,15.998687,12.669723,2,30,1,0.9941221,1
94,1,1,0,0,307.18866,323.3715,118.645226,-0.031365115,0.014296345,-0.018266512,6.467798,6.396389,2,-1,0,0.98039275,1
94,23,1,1,0,293.0699,480.45886,233.26077,-0.0011989593,-0.0014774839,0.012212157,7.9609375,8.0205555,2,31,1,0.9919471,1
94,1,1,1,0,307.18866,323.3715,118.645226,-0.031365115,0.014296345,-0.018266512,27.483793,29.69,2,32,1,0.9991571,1
94,20,1,1,0,-311.70807,100.05177,276.93646,0.016127821,-0.010413085,0.008409697,13.4458885,13.45,2,33,1,0.9827087,1
94,21,1,1,0,-309.68616,-585.2555,361.88544,0.001072791,0.006612039,0.0070341043,9.399362,9.279445,2,34,1,0.9962442,1
94,29,1,1,0,336.52527,293.4569,260.16953,-0.015113005,0.004786164,-0.00035508093,15.337396,15.402223,2,35,1,0.96572936,1
94,36,1,1,0,354.20587,347.76483,427.62222,0.0019149402,0.0037613106,0.007200387,7.7651043,6.5122223,2,36,1,0.99048704,1
94,22,1,0,0,362.57346,59.8642,14.06646,-0.018077184,-0.032205664,-0.014018261,13.158611,13.2491665,2,-1,0,0.9929542,1
94,22,1,1,0,362.57346,59.8642,14.06646,-0.018077184,-0.032205664,-0.014018261,25.563889,25.620556,2,-1,1,0.9930997,1
94,35,1,0,0,359.70538,422.2618,430.18002,-0.0066936403,0.020913463,0.016882343,3.0943055,3.013611,2,-1,0,0.88213176,1
95,24,1,1,0,6.7549906,392.19553,399.59775,-0.00637446,-0.0046370123,0.019545171,13.969965,14.070556,2,0,1,0.9984964,1
95,12,1,0,0,-19.031536,417.2572,52.564423,-0.003769234,0.00794196,0.01738723,3.904889,3.7608333,2,-1,0,0.8909861,1
95,33,1,1,0,18.502504,-120.87634,249.9568,0.00011701917,0.02195359,-0.009316716,20.296577,20.578611,2,1,1,0.99717015,1
95,12,1,1,0,-19.031536,417.2572,52.564423,-0.003769234,0.00794196,0.01738723,17.82523,15.1883335,2,2,1,0.9925046,1
95,33,1,0,0,18.502504,-120.87634,249.9568,0.00011701917,0.02195359,-0.009316716,7.874062,7.8258333,2,-1,0,0.8701587,1
95,29,1,1,0,-30.08492,-446.25305,50.320827,-0.0064803483,0.013925144,-0.013253451,23.299849,22.7825,2,3,1,0.9827581,1
95,19,1,0,0,30.575232,429.57974,387.81412,0.010712058,-0.0174772,0.00040629998,17.209347,7.7388887,2,-1,0,0.995323,1
95,19,1,1,0,30.575232,429.57974,387.81412,0.010712058,-0.0174772,0.00040629998,8.954591,9.011111,2,4,1,0.9920339,1
95,2,1,0,0,47.770863,175.08798,376.58447,0.017029958,0.014211775,-0.011723901,4.706153,4.7847223,2,-1,0,0.9852604,1
95,1,1,0,0,40.788525,226.62764,150.0261,0.08195949,0.013456712,-0.019488277,3.5459583,3.5458333,2,-1,0,0.95487833,1
95,1,1,0,0,40.788525,226.62764,150.0261,0.08195949,0.013456712,-0.019488277,3.4737918,2.9866667,2,-1,0,0.8191421,1
95,1,1,0,0,40.788525,226.62764,150.0261,0.08195949,0.013456712,-0.019488277,34.51287,34.571945,2,-1,0,0.9297113,1
95,3,1,1,0,-41.891926,462.628,98.29437,-6.371385e-05,0.0007886105,-0.015863428,11.997028,12.046945,2,5,1,0.9773399,1
95,2,1,1,0,47.770863,175.08798,376.58447,0.017029958,0.014211775,-0.011723901,29.374397,29.560833,2,6,1,0.9981029,1
95,1,1,1,0,40.788525,226.62764,150.0261,0.08195949,0.013456712,-0.019488277,40.65939,40.309166,2,7,1,0.99765575,1
95,1,1,0,0,40.788525,226.62764,150.0261,0.08195949,0.013456712,-0.019488277,9.603208,9.259722,2,-1,0,0.9944935,1
95,10,1,0,0,71.537926,14.176985,204.47014,-0.0005326356,-0.010229772,0.012620402,9.52952,9.395833,2,-1,0,0.96977264,1
95,10,1,1,0,71.537926,14.176985,204.47014,-0.0005326356,-0.010229772,0.012620402,9.726862,9.721666,2,8,1,0.9865674,1
95,11,1,1,0,-72.71188,-566.33527,90.30865,0.007825486,0.005542021,-0.0158466,22.794195,22.159445,2,9,1,0.99738556,1
95,16,1,1,0,-82.0474,594.7116,443.03403,0.007209097,-0.0136734545,0.00882093,20.252304,20.110556,2,10,1,0.99914575,1
95,1,1,0,0,40.788525,226.62764,150.0261,0.08195949,0.013456712,-0.019488277,6.91841,6.8058333,2,-1,0,0.993138,1
95,25,0,0,0,0.0,0.0,0.0,0.0,0.0,0.0,2.4339654,2.3725,2,-1,0,0.5143576,1
95,14,1,1,0,91.00444,431.67154,87.277306,1.714686e-05,-0.014117731,0.010241854,20.11263,18.803888,2,11,1,0.99699056,1
95,4,1,1,0,100.46377,555.11523,55.271347,-0.0060191224,-0.011319757,-0.02203941,28.245848,28.265278,2,12,1,0.9987023,1
95,22,1,0,0,-143.40952,244.61954,124.9666,0.026366409,0.011214504,0.0071012247,4.1483126,4.1830554,2,-1,0,0.9729677,1
95,26,1,0,0,114.04226,471.57065,205.35735,-0.00015238272,-0.005476012,0.038340084,2.4920208,2.5347223,2,-1,0,0.7710117,1
95,26,1,0,0,114.04226,471.57065,205.35735,-0.00015238272,-0.005476012,0.038340084,6.838736,6.7355556,2,-1,0,0.974567,1
95,25,1,1,0,109.103775,575.6278,62.209583,0.006104683,-0.008661893,0.016540201,18.523882,17.6175,2,13,1,0.9999937,1
95,26,1,1,0,114.04226,471.57065,205.35735,-0.00015238272,-0.005476012,0.038340084,27.715452,25.297222,2,14,1,0.97480214,1
95,23,1,1,0,118.26877,-12.299254,398.6922,-0.003387158,0.0026393565,-0.02423025,26.367777,26.798334,2,15,1,0.9956234,1
95,1,1,0,0,40.788525,226.62764,150.0261,0.08195949,0.013456712,-0.019488277,7.014986,6.9391665,2,-1,0,0.9961242,1
95,36,1,1,0,136.15738,-9.554271,365.3983,-0.006451256,-0.0027395545,0.034885734,32.137188,30.946667,2,16,1,0.9840799,1
95,22,1,1,0,-143.40952,244.61954,124.9666,0.026366409,0.011214504,0.0071012247,18.00739,18.053333,2,17,1,0.99749196,1
95,36,1,0,0,136.15738,-9.554271,365.3983,-0.006451256,-0.0027395545,0.034885734,6.804458,6.7222223,2,-1,0,0.97617924,1
95,22,1,0,0,-143.40952,244.61954,124.9666,0.026366409,0.011214504,0.0071012247,8.006972,8.108055,2,-1,0,0.99404436,1
95,30,1,1,0,-146.45483,-60.012737,246.11829,0.002020489,-0.003129096,-0.0102894725,13.155055,10.013889,2,18,1,0.99395704,1
95,39,1,1,0,154.3679,565.49725,260.1918,0.00025750004,0.012683576,-0.005321331,14.852404,14.913611,2,19,1,0.98633844,1
95,31,1,1,0,-158.57928,457.95047,455.71478,0.012506376,-0.009843409,0.0028765406,23.128382,23.092777,2,20,1,0.9957997,1
95,20,1,1,0,166.0575,-573.3228,57.333538,-0.014025659,0.016809067,0.020496035,26.550924,26.595278,2,21,1,0.8899409,1
95,35,1,1,0,-163.035,549.64417,242.62355,0.013090148,-0.0035041797,-0.016482137,22.300514,22.084167,2,22,1,0.9923685,1
95,9,1,0,0,-171.49823,16.854431,384.97955,-0.00070039654,-0.017221693,0.015963418,3.933222,4.0522223,2,-1,0,0.9849268,1
95,20,1,0,0,166.0575,-573.3228,57.333538,-0.014025659,0.016809067,0.020496035,6.7581944,6.811111,2,-1,0,0.9885826,1
95,27,1,1,0,-168.55058,-5.171941,294.0161,0.0018133941,0.016033128,-0.003419472,20.007423,19.814444,2,23,1,0.9988556,1
95,9,1,1,0,-171.49823,16.854431,384.97955,-0.00070039654,-0.017221693,0.015963418,20.76416,20.99611,2,24,1,0.998102,1
95,40,1,1,0,-174.3139,-486.99908,207.40134,-0.022110583,0.0076405946,-0.026357435,33.491585,33.4975,2,25,1,0.995514,1
95,40,1,0,0,-174.3139,-486.99908,207.40134,-0.022110583,0.0076405946,-0.026357435,4.0383334,4.0488887,2,-1,0,0.9406129,1
95,39,1,0,0,154.3679,565.49725,260.1918,0.00025750004,0.012683576,-0.005321331,3.1715972,3.083889,2,-1,0,0.6844442,1
95,34,1,0,0,-199.99219,-281.09357,378.6232,0.0053111045,-0.021265851,-0.03342569,6.8663197,6.772222,2,-1,0,0.9550604,1
95,34,1,1,0,-199.99219,-281.09357,378.6232,0.0053111045,-0.021265851,-0.03342569,33.22306,33.395,2,26,1,0.99610066,1
95,15,1,1,0,205.26003,555.5219,358.7201,-0.008887805,0.011085281,-0.0068700216,17.178562,17.234722,2,27,1,0.98526865,1
95,32,1,1,0,-209.95247,-115.89542,445.8957,0.008929047,-0.002485023,-0.019496378,11.371291,11.377778,2,28,1,0.9918867,1
95,8,1,0,0,235.7144,-354.5473,246.40247,-0.018335255,-0.028323691,0.020236215,10.076701,10.143888,2,-1,0,0.96022046,1
95,32,1,0,0,-209.95247,-115.89542,445.8957,0.008929047,-0.002485023,-0.019496378,12.906132,10.755278,2,-1,0,0.96625817,1
95,8,1,1,0,235.7144,-354.5473,246.40247,-0.018335255,-0.028323691,0.020236215,30.269444,30.153889,2,29,1,0.9358164,1
95,6,1,1,0,-232.65509,-224.0776,128.09717,-0.00808847,-0.0031017147,0.0018517125,9.005299,4.952778,2,30,1,0.9975073,1
95,28,1,1,0,264.2512,247.157,324.59,0.028009798,-0.000794096,-0.012347339,24.417479,24.427221,2,31,1,0.9952918,1
95,13,1,1,0,-269.38464,-452.45648,253.2872,0.0033998266,-0.0214413,-0.008542354,12.260791,12.279722,2,32,1,0.98779404,1
95,13,0,0,0,0.0,0.0,0.0,0.0,0.0,0.0,2.5513265,2.6094444,2,-1,0,0.5617245,1
95,13,1,0,0,-269.38464,-452.45648,253.2872,0.0033998266,-0.0214413,-0.008542354,11.74679,10.859167,2,-1,0,0.98772883,1
95,37,1,0,0,304.5879,-597.6849,275.64728,-0.0353682,0.042936172,0.007904782,3.0630903,3.0344443,2,-1,0,0.5098498,1
95,21,1,1,0,-279.7936,526.78674,75.81527,0.014858001,0.006572729,0.011307222,20.955647,18.830278,2,33,1,0.9674224,1
95,7,1,1,0,-279.92383,185.44142,137.82715,-0.0056945076,-0.030005898,-0.007490047,25.088533,24.6775,2,34,1,0.99053204,1
95,7,1,0,0,-279.92383,185.44142,137.82715,-0.0056945076,-0.030005898,-0.007490047,4.9968333,0.62583333,2,-1,0,0.9676738,1
95,28,1,0,0,264.2512,247.157,324.59,0.028009798,-0.000794096,-0.012347339,3.0204585,3.035,2,-1,0,0.92921835,1
95,5,1,0,0,-293.7215,-197.07079,300.28946,0.003499259,-0.0052571166,0.010873112,5.1665344,5.2355556,2,-1,0,0.94949585,1
95,37,1,1,0,304.5879,-597.6849,275.64728,-0.0353682,0.042936172,0.007904782,39.841797,44.805832,2,35,1,0.93600065,1
95,5,1,1,0,-293.7215,-197.07079,300.28946,0.003499259,-0.0052571166,0.010873112,6.1329374,6.141667,2,36,1,0.9679822,1
95,38,1,1,0,-310.9812,-112.95463,331.06476,0.011624942,0.0023807804,-0.007924325,3.4323125,3.4480555,2,37,1,0.9605479,1
95,18,1,1,0,-312.37924,-175.36952,429.65253,0.018574124,-0.010093558,0.0027056371,21.92845,22.105556,2,38,1,0.99754167,1
95,38,0,0,0,0.0,0.0,0.0,0.0,0.0,0.0,14.496438,-1.0,2,-1,0,0.9900815,1
96,12,1,1,0,-9.052114,-156.3654,122.24615,0.011680225,-0.0052127047,0.021208264,29.172401,29.473888,2,0,1,0.8653756,1
96,9,1,1,0,-15.443765,-71.67491,436.61902,-0.0026379407,0.0035397816,0.0004487174,5.080097,5.244167,2,1,1,0.98971736,1
96,30,1,1,0,31.210829,-322.0336,78.86112,-0.007299113,-0.014392254,-0.00532667,28.679674,17.64611,2,2,1,0.69804114,1
96,13,1,0,0,42.922134,124.527534,123.96156,0.010582299,0.006920453,-0.00994999,6.787014,5.4486113,2,-1,0,0.9045852,1
96,13,1,1,0,42.922134,124.527534,123.96156,0.010582299,0.006920453,-0.00994999,13.615104,9.3127775,2,3,1,0.99772197,1
96,10,0,0,0,0.0,0.0,0.0,0.0,0.0,0.0,3.7259376,3.8322222,2,-1,0,0.57921356,1
96,26,1,1,0,63.71708,136.86023,199.5221,-0.001184766,0.0097527485,-0.012157106,12.687542,12.834444,2,4,1,0.9723858,1
96,26,1,0,0,63.71708,136.86023,199.5221,-0.001184766,0.0097527485,-0.012157106,3.7079306,3.8308334,2,-1,0,0.85967827,1
96,26,1,0,0,63.71708,136.86023,199.5221,-0.001184766,0.0097527485,-0.012157106,4.606187,4.509444,2,-1,0,0.9744163,1
96,4,1,1,0,-77.902534,-460.3067,146.7905,0.009476513,0.024170598,0.018870959,28.342632,28.510555,2,5,1,0.93474615,1
96,4,1,0,0,-77.902534,-460.3067,146.7905,0.009476513,0.024170598,0.018870959,8.101146,5.5066667,2,-1,0,0.998936,1
96,24,1,1,0,80.9196,41.87177,363.07135,0.013959947,-0.020978095,0.004619131,30.299633,30.734722,2,6,1,0.99747723,1
96,38,1,1,0,-81.396324,-322.98267,460.29547,-0.003876013,-0.012475923,-0.014313203,13.666132,13.801945,2,7,1,0.9816912,1
96,8,1,0,0,87.78635,-277.0582,281.27478,-0.00697874,-0.008163067,0.027877266,3.3569305,3.2722223,2,-1,0,0.7160209,1
96,19,1,1,0,87.868706,371.03723,265.9305,-0.014849002,0.035649955,-0.0011781339,34.938007,34.81778,2,8,1,0.9863132,1
96,8,1,1,0,87.78635,-277.0582,281.27478,-0.00697874,-0.008163067,0.027877266,30.228022,30.364445,2,9,1,0.99875426,1
96,11,1,1,0,-89.576195,140.07167,62.295727,0.012662181,0.0024461315,-0.008011877,11.909375,11.893611,2,10,1,0.93301034,1
96,18,1,1,0,131.92336,594.3908,111.39667,0.0062611927,-0.00013608784,-0.009512473,11.737,11.774722,2,11,1,0.9931926,1
96,37,1,1,0,142.36021,531.297,24.012928,-0.007181148,-0.014742775,-0.014098339,17.13607,16.530834,2,12,1,0.97773564,1
96,32,0,0,0,0.0,0.0,0.0,0.0,0.0,0.0,3.4782293,-1.0,2,-1,0,0.8863968,1
96,3,1,1,0,-176.62175,22.249968,414.24725,0.002816445,-0.011379936,-0.014541935,10.499908,10.421389,2,13,1,0.995883,1
96,3,1,0,0,-176.62175,22.249968,414.24725,0.002816445,-0.011379936,-0.014541935,8.542111,8.741667,2,-1,0,0.981406,1
96,36,1,0,0,-183.23094,338.1643,175.12589,-0.025358045,-5.785377e-06,0.004094087,8.971215,9.024445,2,-1,0,0.9508736,1
96,1,1,1,0,-186.5544,576.9331,137.64227,-0.0058710948,0.010676785,-0.012219837,12.10457,11.893333,2,14,1,0.9835594,1
96,1,1,0,0,-186.5544,576.9331,137.64227,-0.0058710948,0.010676785,-0.012219837,6.4831944,6.59,2,-1,0,0.9798575,1
96,14,1,1,0,190.92668,444.51102,26.109362,-0.009195627,0.014594797,0.010461477,11.990786,11.956111,2,15,1,0.9902188,1
96,36,1,1,0,-183.23094,338.1643,175.12589,-0.025358045,-5.785377e-06,0.004094087,13.628201,13.365556,2,16,1,0.9996141,1
96,32,0,0,0,0.0,0.0,0.0,0.0,0.0,0.0,10.327659,-1.0,2,-1,0,0.9866312,1
96,35,0,0,0,0.0,0.0,0.0,0.0,0.0,0.0,32.561146,-1.0,2,-1,0,0.9981876,1
96,25,1,1,0,-204.26273,-189.6649,276.42517,-0.017587755,-0.009318173,0.0072764033,15.794757,12.620833,2,17,1,0.9789327,1
96,32,0,0,0,0.0,0.0,0.0,0.0,0.0,0.0,3.5441666,-1.0,2,-1,0,0.57314086,1
96,34,1,1,0,223.58324,267.37424,198.85822,-0.02106742,-0.00887052,0.0052260743,21.77023,21.7025,2,18,1,0.9913856,1
96,34,1,0,0,223.58324,267.37424,198.85822,-0.02106742,-0.00887052,0.0052260743,4.0407915,3.9080555,2,-1,0,0.9443914,1
96,22,1,1,0,-230.51852,-276.01474,436.33514,0.0051365336,0.020772625,-0.012245053,18.489388,18.439444,2,19,1,0.9710349,1
96,25,1,0,0,-204.26273,-189.6649,276.42517,-0.017587755,-0.009318173,0.0072764033,5.363076,5.534167,2,-1,0,0.98228616,1
96,22,1,0,0,-230.51852,-276.01474,436.33514,0.0051365336,0.020772625,-0.012245053,8.250771,8.358611,2,-1,0,0.9853748,1
96,40,1,1,0,231.54758,-1.0558621,35.93635,0.02238846,0.0318539,-0.011695719,27.114098,27.241945,2,20,1,0.99288017,1
96,7,1,0,0,-248.52847,-212.3811,147.34761,0.02166904,-0.023917027,-0.01640368,11.065028,11.1663885,2,-1,0,0.98536694,1
96,2,1,0,0,235.40414,91.97098,67.74718,0.0144868465,0.002632158,0.0110906735,8.195195,8.035,2,-1,0,0.97462964,1
96,2,1,1,0,235.40414,91.97098,67.74718,0.0144868465,0.002632158,0.0110906735,9.605062,9.491944,2,21,1,0.9982363,1
96,17,1,1,0,236.35684,176.07426,95.53912,0.011566537,0.011005023,0.009825063,10.35684,10.413055,2,22,1,0.97370255,1
96,40,1,0,0,231.54758,-1.0558621,35.93635,0.02238846,0.0318539,-0.011695719,3.3654168,3.335,2,-1,0,0.6570113,1
96,7,1,0,0,-248.52847,-212.3811,147.34761,0.02166904,-0.023917027,-0.01640368,3.8232915,3.9041667,2,-1,0,0.91098344,1
96,17,1,0,0,236.35684,176.07426,95.53912,0.011566537,0.011005023,0.009825063,9.036272,9.111944,2,-1,0,0.997159,1
96,7,1,0,0,-248.52847,-212.3811,147.34761,0.02166904,-0.023917027,-0.01640368,8.283464,7.6458335,2,-1,0,0.9922351,1
96,28,1,1,0,-242.53004,-433.38477,261.65057,-0.0039033897,-0.0022950422,-0.0012179204,4.3260274,4.266667,2,23,1,0.9392313,1
96,7,1,1,0,-248.52847,-212.3811,147.34761,0.02166904,-0.023917027,-0.01640368,12.072749,11.950556,2,-1,1,0.973445,1
96,23,1,1,0,267.57428,298.3419,94.407875,0.0059069656,-0.0041484963,-0.0006040294,4.192,4.274722,2,24,1,0.97046936,1
96,15,1,0,0,319.8509,-61.846786,339.29025,-0.027519634,-0.016315369,-0.016876552,3.9011664,3.9927778,2,-1,0,0.9717701,1
96,5,1,0,0,-272.11084,-335.52307,21.159225,0.0028119418,-0.020222265,-0.01210294,3.8809583,3.7455556,2,-1,0,0.9570615,1
96,23,1,0,0,267.57428,298.3419,94.407875,0.0059069656,-0.0041484963,-0.0006040294,7.4572916,2.4858334,2,-1,0,0.9971066,1
96,5,1,1,0,-272.11084,-335.52307,21.159225,0.0028119418,-0.020222265,-0.01210294,21.161623,20.36861,2,25,1,0.97279274,1
96,16,1,1,0,293.8174,-390.92996,391.23386,-0.019409038,0.009909634,0.0071489583,21.14009,20.973333,2,26,1,0.9974583,1
96,21,1,1,0,-303.09793,-561.4334,167.87198,-0.014545055,0.003989776,0.036468577,18.026527,18.1925,2,27,1,0.9965939,1
96,21,1,0,0,-303.09793,-561.4334,167.87198,-0.014545055,0.003989776,0.036468577,13.122819,12.970555,2,-1,0,0.96182424,1
96,33,1,1,0,307.6396,86.64253,27.112701,0.021207234,0.01614636,-0.001857674,20.831285,14.4325,2,28,1,0.99804544,1
96,15,1,1,0,319.8509,-61.846786,339.29025,-0.027519634,-0.016315369,-0.016876552,19.84803,18.672222,2,29,1,0.9919818,1
96,39,1,1,0,-311.53604,515.10315,81.6489,0.0008332782,0.018679826,-0.00404422,17.201376,17.088055,2,30,1,0.9897181,1
96,33,1,0,0,307.6396,86.64253,27.112701,0.021207234,0.01614636,-0.001857674,6.243986,6.161389,2,-1,0,0.99693716,1
96,15,1,0,0,319.8509,-61.846786,339.29025,-0.027519634,-0.016315369,-0.016876552,6.3106666,6.3091664,2,-1,0,0.9602492,1
96,20,1,0,0,327.1233,474.7477,147.12927,-0.028481396,-0.016083714,-0.024048924,16.365576,16.225,2,-1,0,0.9975011,1
96,39,1,0,0,-311.53604,515.10315,81.6489,0.0008332782,0.018679826,-0.00404422,5.965854,5.9369445,2,-1,0,0.987417,1
96,27,1,1,0,324.08163,-244.42273,384.44394,-0.011328135,0.0069227656,0.017610215,22.008173,22.006666,2,31,1,0.98145515,1
96,20,1,1,0,327.1233,474.7477,147.12927,-0.028481396,-0.016083714,-0.024048924,21.578888,21.594166,2,32,1,0.9818647,1
96,6,1,1,0,345.0464,-577.0002,17.084177,-0.015405971,-0.009402385,0.023305124,11.655515,11.790556,2,33,1,0.99530506,1
96,6,1,0,0,345.0464,-577.0002,17.084177,-0.015405971,-0.009402385,0.023305124,4.598236,4.6444445,2,-1,0,0.973973,1
96,6,1,0,0,345.0464,-577.0002,17.084177,-0.015405971,-0.009402385,0.023305124,9.424138,9.416111,2,-1,0,0.9887263,1
96,31,1,0,0,-344.70865,-410.1266,48.604332,-0.003295196,0.025803488,0.013686755,8.736777,8.700556,2,-1,0,0.9820256,1
96,31,1,1,0,-344.70865,-410.1266,48.604332,-0.003295196,0.025803488,0.013686755,11.105917,11.107223,2,34,1,0.9903854,1
96,10,1,0,0,351.27142,581.8721,234.45393,0.0057500503,0.030923335,-0.029537382,5.420958,5.336111,2,-1,0,0.99476904,1
96,10,1,1,0,351.27142,581.8721,234.45393,0.0057500503,0.030923335,-0.029537382,24.080805,23.888334,2,-1,1,0.99898,1
96,10,1,0,0,351.27142,581.8721,234.45393,0.0057500503,0.030923335,-0.029537382,3.546354,3.4975,2,-1,0,0.9784015,1
96,29,1,1,0,-360.7079,35.88014,437.46622,0.0063416148,-0.026591195,0.026708722,18.625116,16.872778,2,35,1,0.9895381,1
97,35,1,1,0,5.7991886,-259.76093,241.6971,-0.0051866565,0.0010753816,0.027556574,7.1589584,7.069722,2,0,1,0.97333896,1
97,35,1,0,0,5.7991886,-259.76093,241.6971,-0.0051866565,0.0010753816,0.027556574,3.5016806,2.4908333,2,-1,0,0.98361915,1
97,30,1,1,0,5.7868557,-78.45421,89.97141,0.022450281,0.0028164664,-0.001606584,24.009596,23.205278,2,1,1,0.99878985,1
97,14,1,1,0,7.528006,-56.724613,372.5023,-0.0013966993,-0.015743302,0.009863173,10.844514,10.671667,2,2,1,0.9894896,1
97,14,1,0,0,7.528006,-56.724613,372.5023,-0.0013966993,-0.015743302,0.009863173,10.623139,10.005834,2,-1,0,0.9819449,1
97,25,0,0,0,0.0,0.0,0.0,0.0,0.0,0.0,20.092585,-1.0,2,-1,0,0.99337727,1
97,17,1,0,0,-25.266413,-16.11149,321.66113,0.0051300125,0.0035493847,0.033004094,7.671452,7.4875,2,-1,0,0.9916732,1
97,38,1,0,0,31.247313,333.9859,154.53018,-0.011728936,0.016424013,0.0028705008,3.7976668,3.8055556,2,-1,0,0.9075613,1
97,17,1,1,0,-25.266413,-16.11149,321.66113,0.0051300125,0.0035493847,0.033004094,26.172493,26.536945,2,3,1,0.99303645,1
97,37,1,0,0,30.80429,378.32922,422.88925,-0.008179548,0.013866683,0.010843242,8.166444,7.903333,2,-1,0,0.9962788,1
97,17,1,0,0,-25.266413,-16.11149,321.66113,0.0051300125,0.0035493847,0.033004094,3.6475,2.5527778,2,-1,0,0.9045515,1
97,38,1,1,0,31.247313,333.9859,154.53018,-0.011728936,0.016424013,0.0028705008,18.772638,18.872223,2,4,1,0.999992,1
97,37,1,1,0,30.80429,378.32922,422.88925,-0.008179548,0.013866683,0.010843242,13.765799,13.717778,2,5,1,0.9919916,1
97,19,1,1,0,-44.467396,-499.02298,160.47261,-0.022215167,0.014157526,-0.0014457076,22.446735,19.839445,2,6,1,0.9955552,1
97,19,1,0,0,-44.467396,-499.02298,160.47261,-0.022215167,0.014157526,-0.0014457076,7.036952,7.1858335,2,-1,0,0.990591,1
97,19,1,0,0,-44.467396,-499.02298,160.47261,-0.022215167,0.014157526,-0.0014457076,4.0497985,4.0419445,2,-1,0,0.92454803,1
97,5,1,1,0,67.98777,-545.54724,261.74228,0.010685204,-0.011304291,-0.01564611,24.550196,24.714445,2,7,1,0.9973138,1
97,27,1,1,0,101.70977,-488.76624,458.0416,0.03594008,0.006464507,-0.009589515,25.811785,25.610277,2,8,1,0.9830891,1
97,4,1,1,0,115.69037,302.0071,378.97745,-0.0002965437,0.012960792,0.0006102827,11.148813,11.169444,2,9,1,0.9895862,1
97,29,1,1,0,-118.7334,-480.33865,372.16302,0.0051886034,3.3878343e-06,-0.01590917,16.015139,15.991944,2,10,1,0.98567677,1
97,29,1,0,0,-118.7334,-480.33865,372.16302,0.0051886034,3.3878343e-06,-0.01590917,3.431646,3.4247222,2,-1,0,0.9251646,1
97,15,1,0,0,125.04507,-408.50934,282.12735,0.009591618,-0.0050393343,-0.0170845,3.2956944,3.3008332,2,-1,0,0.88166064,1
97,33,1,1,0,124.75162,-453.32404,432.8804,-0.0073692095,0.011810693,-0.011262271,18.0627,17.818056,2,11,1,0.9966966,1
97,27,1,0,0,101.70977,-488.76624,458.0416,0.03594008,0.006464507,-0.009589515,10.913876,10.783055,2,-1,0,0.99983394,1
97,36,1,0,0,-127.59716,-569.40314,441.65262,-0.004614654,0.010698601,-0.014702419,5.07682,4.9958334,2,-1,0,0.9989667,1
97,15,1,0,0,125.04507,-408.50934,282.12735,0.009591618,-0.0050393343,-0.0170845,10.152791,10.092778,2,-1,0,0.96312314,1
97,15,1,1,0,125.04507,-408.50934,282.12735,0.009591618,-0.0050393343,-0.0170845,11.692999,11.736667,2,12,1,0.9914512,1
97,21,1,0,0,133.97234,-105.93805,300.98944,0.008982006,0.003922479,-0.0060244,4.4,4.350278,2,-1,0,0.97321326,1
97,36,1,1,0,-127.59716,-569.40314,441.65262,-0.004614654,0.010698601,-0.014702419,17.830389,18.036945,2,13,1,0.9982644,1
97,16,1,1,0,-133.55948,38.142803,15.579971,-0.0033460017,0.0066143386,0.018204873,22.633326,22.681944,2,14,1,0.99999654,1
97,21,1,1,0,133.97234,-105.93805,300.98944,0.008982006,0.003922479,-0.0060244,10.7826185,10.789444,2,15,1,0.9578688,1
97,20,1,1,0,136.83492,451.87988,190.81866,0.026866304,-0.013734442,0.010815177,23.912693,23.0875,2,16,1,0.9964813,1
97,12,1,1,0,143.44107,578.8989,426.28854,0.007216099,-0.0049486435,0.008219662,9.787222,9.696944,2,17,1,0.9900579,1
97,26,1,0,0,175.743,65.890335,180.83981,-0.014990217,-0.013714095,-0.0082242815,5.584375,5.588611,2,-1,0,0.97801197,1
97,26,1,1,0,175.743,65.890335,180.83981,-0.014990217,-0.013714095,-0.0082242815,15.722396,15.681389,2,18,1,0.97591394,1
97,10,1,1,0,-181.91078,-173.89046,5.320619,-0.024506811,-0.011805449,-0.0003314568,18.884918,18.689167,2,19,1,0.9971449,1
97,20,1,0,0,136.83492,451.87988,190.81866,0.026866304,-0.013734442,0.010815177,3.319,3.3163888,2,-1,0,0.9310018,1
97,31,1,1,0,-183.83907,342.025,317.12814,-0.012638701,0.0045816065,-0.0024976693,12.887473,12.931389,2,20,1,0.9872558,1
97,2,1,1,0,-185.32654,518.83057,4.6910257,-0.035879552,0.0078028133,-0.00027542084,25.959257,25.934444,2,21,1,0.9957041,1
97,10,0,0,0,0.0,0.0,0.0,0.0,0.0,0.0,3.1633751,0.07277778,2,-1,0,0.8249874,1
97,19,0,0,0,0.0,0.0,0.0,0.0,0.0,0.0,3.1440554,3.095,2,-1,0,0.70324284,1
97,2,1,0,0,-185.32654,518.83057,4.6910257,-0.035879552,0.0078028133,-0.00027542084,5.438764,5.5291667,2,-1,0,0.9801066,1
97,24,1,1,0,194.10036,259.92642,62.70638,0.011087933,0.038960084,-0.03196719,28.473911,27.967777,2,22,1,0.99883586,1
97,24,1,0,0,194.10036,259.92642,62.70638,0.011087933,0.038960084,-0.03196719,10.959034,10.940833,2,-1,0,0.9730313,1
97,24,1,0,0,194.10036,259.92642,62.70638,0.011087933,0.038960084,-0.03196719,4.0305834,3.9497223,2,-1,0,0.9716431,1
97,24,1,0,0,194.10036,259.92642,62.70638,0.011087933,0.038960084,-0.03196719,3.2774653,3.3622222,2,-1,0,0.82540596,1
97,24,1,0,0,194.10036,259.92642,62.70638,0.011087933,0.038960084,-0.03196719,6.6721115,6.6597223,2,-1,0,0.9970022,1
97,26,1,0,0,175.743,65.890335,180.83981,-0.014990217,-0.013714095,-0.0082242815,5.7333126,5.810278,2,-1,0,0.9414311,1
97,8,1,1,0,224.65013,-574.10254,310.8544,-0.012388344,0.012685765,0.0072603296,20.023012,20.303333,2,23,1,0.94665533,1
97,9,1,1,0,-238.50214,-83.97317,55.012066,0.007097651,0.008843722,0.015883794,16.476189,15.219167,2,24,1,0.99682766,1
97,13,1,1,0,242.46967,415.12964,332.27203,-0.016588353,-0.00035058582,-0.010126582,19.45857,19.534721,2,25,1,0.9072463,1
97,2,1,0,0,-185.32654,518.83057,4.6910257,-0.035879552,0.0078028133,-0.00027542084,3.0998335,3.1188889,2,-1,0,0.8195499,1
97,23,1,1,0,264.40945,-32.58411,450.64084,-0.019159973,-0.029960973,-0.021346739,37.082283,37.163612,2,26,1,0.99638593,1
97,27,0,0,0,0.0,0.0,0.0,0.0,0.0,0.0,2.6859097,2.7308333,2,-1,0,0.63660526,1
97,18,1,0,0,-277.50885,392.24963,450.16132,-0.012525699,-0.0033994126,-0.008559418,2.759375,2.7416666,2,-1,0,0.890271,1
97,18,1,1,0,-277.50885,392.24963,450.16132,-0.012525699,-0.0033994126,-0.008559418,14.824645,14.938056,2,27,1,0.99460995,1
97,22,1,1,0,282.56558,-219.78386,174.96901,-0.0006910199,-0.006240702,0.0019068124,6.450778,6.5444446,2,28,1,0.9863166,1
97,6,1,1,0,292.6064,-91.4376,421.10004,0.0009275004,0.004167831,-0.0046508615,4.774611,4.726389,2,29,1,0.99219185,1
97,32,1,1,0,-300.0792,107.371666,290.88364,-0.008927939,-0.040847015,-0.009646722,26.773722,26.814444,2,30,1,0.99971765,1
97,32,1,0,0,-300.0792,107.371666,290.88364,-0.008927939,-0.040847015,-0.009646722,14.528368,14.710278,2,-1,0,0.98933136,1
97,3,1,1,0,314.95135,-550.7444,361.58807,-0.014489656,0.03678538,-0.0073971595,31.853033,31.960278,2,31,1,0.9973569,1
97,3,1,0,0,314.95135,-550.7444,361.58807,-0.014489656,0.03678538,-0.0073971595,6.1334167,6.0322223,2,-1,0,0.97536635,1
97,34,1,1,0,326.65805,-351.7037,9.597769,-0.0050497707,-0.007506262,0.014099674,12.076395,11.839167,2,32,1,0.9915632,1
97,11,1,1,0,333.92102,455.42966,63.001057,0.0012138067,-0.011883369,-0.00775745,14.247251,14.241667,2,33,1,0.9938372,1
97,39,1,1,0,-336.4789,-424.44348,379.9892,-0.0076651815,-0.0022034033,0.011308699,13.507743,13.316389,2,34,1,0.989481,1
97,7,1,1,0,-338.6336,-314.56085,273.52875,-0.003037671,-0.006183581,0.013232625,12.473591,11.343611,2,35,1,0.9922827,1
97,28,1,1,0,348.61206,-38.08261,298.18323,-0.020258384,0.019794155,-0.011656363,21.010338,20.51111,2,36,1,0.9924739,1
97,1,1,1,0,359.10812,41.293545,219.32124,0.01212848,-0.01984544,0.006993548,19.764305,14.855833,2,37,1,0.99324036,1
97,25,1,1,0,379.0594,-121.92113,413.98303,-0.015872467,0.0015979531,0.0016282423,6.2305145,6.1630554,2,38,1,0.9948773,1
98,3,1,1,0,10.159042,268.56885,123.1137,-0.007471935,-0.0013353999,0.028585374,29.482306,29.671944,2,0,1,0.99978846,1
98,33,1,1,0,-10.403215,171.35243,457.47983,-0.0018536432,-0.0012082168,0.028000839,31.281202,31.239166,2,1,1,0.9857531,1
98,6,1,1,0,14.830007,475.69016,188.86555,-0.00067334884,-0.013397405,0.02309183,33.462116,33.705833,2,2,1,0.99325645,1
98,33,1,0,0,-10.403215,171.35243,457.47983,-0.0018536432,-0.0012082168,0.028000839,4.27,4.3647223,2,-1,0,0.9701132,1
98,30,1,0,0,-25.532299,-396.40533,347.1805,0.021840015,0.007897416,-0.008251953,5.339201,5.345,2,-1,0,0.98135364,1
98,30,1,1,0,-25.532299,-396.40533,347.1805,0.021840015,0.007897416,-0.008251953,24.443459,24.44139,2,3,1,0.99788517,1
98,12,1,1,0,-25.845226,54.095753,277.90927,0.008129704,-0.018359521,-0.027318602,30.14784,30.064444,2,4,1,0.9969927,1
98,21,1,1,0,28.964478,-171.55664,11.277965,-0.0065470613,0.001822515,-0.014549514,17.61441,17.750555,2,5,1,0.9837435,1
98,8,1,0,0,-41.133804,-564.6209,429.4251,0.015055161,0.009397963,0.0118435845,4.1100554,4.083889,2,-1,0,0.9945468,1
98,8,1,1,0,-41.133804,-564.6209,429.4251,0.015055161,0.009397963,0.0118435845,25.930576,25.7425,2,6,1,0.9959031,1
98,13,0,0,0,0.0,0.0,0.0,0.0,0.0,0.0,3.5657222,3.5533333,2,-1,0,0.89734393,1
98,11,1,1,0,-49.94491,344.62015,350.22696,-0.0010812762,-0.01957479,0.005709914,16.232952,15.8525,2,7,1,0.9722902,1
98,11,1,0,0,-49.94491,344.62015,350.22696,-0.0010812762,-0.01957479,0.005709914,8.657236,7.0597224,2,-1,0,0.97899026,1
98,40,1,0,0,-52.811756,-252.95648,181.23961,-0.0022341849,0.0047338996,0.012414659,6.9210277,7.0519443,2,-1,0,0.98847836,1
98,39,1,1,0,52.79335,232.86066,275.78436,0.011142005,0.019208085,-0.016115239,20.426653,18.61389,2,8,1,0.99680233,1
98,39,1,0,0,52.79335,232.86066,275.78436,0.011142005,0.019208085,-0.016115239,9.85175,9.859722,2,-1,0,0.9971891,1
98,40,1,1,0,-52.811756,-252.95648,181.23961,-0.0022341849,0.0047338996,0.012414659,9.17382,9.233611,2,9,1,0.9893121,1
98,26,0,0,0,0.0,0.0,0.0,0.0,0.0,0.0,3.2139513,3.0222223,2,-1,0,0.81140184,1
98,16,1,1,0,58.2925,194.48863,83.996796,0.01855505,0.023004325,0.020261783,30.481953,27.35389,2,10,1,0.99928975,1
98,29,1,1,0,-63.647556,568.49384,457.12442,0.032932315,-0.014675289,0.0012262671,21.707766,21.554445,2,11,1,0.9893411,1
98,10,1,0,0,58.68262,-589.248,88.542725,0.006352755,0.026407454,0.011019949,18.047277,14.822222,2,-1,0,0.9873574,1
98,32,1,1,0,-60.311977,138.27942,216.275,0.002119413,-0.014251285,-0.007920014,15.927251,16.060556,2,12,1,0.9981846,1
98,7,1,1,0,69.09763,-324.2754,298.45868,-0.02365757,-0.0050706053,-0.00418337,19.757042,19.464445,2,13,1,0.99332255,1
98,10,1,1,0,58.68262,-589.248,88.542725,0.006352755,0.026407454,0.011019949,14.96761,14.984445,2,14,1,0.9709071,1
98,16,1,0,0,58.2925,194.48863,83.996796,0.01855505,0.023004325,0.020261783,5.5346947,5.517778,2,-1,0,0.9806105,1
98,7,1,0,0,69.09763,-324.2754,298.45868,-0.02365757,-0.0050706053,-0.00418337,3.7530766,3.7122223,2,-1,0,0.9680438,1
98,36,1,0,0,71.1933,-476.54562,290.44214,0.0060109925,-0.0078011537,0.01898486,15.160369,9.403611,2,-1,0,0.995497,1
98,36,1,1,0,71.1933,-476.54562,290.44214,0.0060109925,-0.0078011537,0.01898486,10.254591,10.3675,2,15,1,0.9765321,1
98,15,1,1,0,-73.39431,499.44614,231.37303,0.0018378227,-0.0075859246,-0.019902581,21.008636,21.176666,2,16,1,0.99235886,1
98,5,1,0,0,114.72603,459.04874,437.04816,-0.02964228,-0.012298317,0.0045848326,6.2435417,6.47,2,-1,0,0.99609345,1
98,17,1,1,0,78.762985,147.44861,157.47633,0.01826902,0.021578195,0.007630989,28.646467,28.363056,2,17,1,0.999012,1
98,17,1,0,0,78.762985,147.44861,157.47633,0.01826902,0.021578195,0.007630989,5.45275,5.3758335,2,-1,0,0.9660905,1
98,13,0,0,0,0.0,0.0,0.0,0.0,0.0,0.0,32.8835,-1.0,2,-1,0,0.99992895,1
98,1,1,1,0,-107.85196,228.47679,58.893158,0.008399307,0.016115326,-0.0030161866,22.391464,22.154444,2,18,1,0.99474204,1
98,5,1,1,0,114.72603,459.04874,437.04816,-0.02964228,-0.012298317,0.0045848326,22.365805,22.396389,2,19,1,0.9998115,1
98,18,1,0,0,134.69008,421.4698,343.04956,-0.030960163,-0.0068479492,0.021192571,12.702923,12.936944,2,-1,0,0.9856572,1
98,18,1,1,0,134.69008,421.4698,343.04956,-0.030960163,-0.0068479492,0.021192571,26.14366,26.2175,2,20,1,0.9999541,1
98,27,1,1,0,129.87503,154.82336,367.40558,0.0059485235,-0.015830856,0.01683906,16.143847,16.165277,2,21,1,0.99659294,1
98,27,1,0,0,129.87503,154.82336,367.40558,0.0059485235,-0.015830856,0.01683906,7.5919027,6.091944,2,-1,0,0.96049577,1
98,25,1,1,0,-132.36418,101.330414,194.08467,0.0006586113,-0.030725049,-0.0046277517,24.836842,25.12111,2,22,1,0.9975333,1
98,19,1,1,0,-135.06325,-447.67215,58.562088,-0.01679155,-0.0068987263,-0.030754987,30.573938,29.912222,2,23,1,0.9999316,1
98,19,1,0,0,-135.06325,-447.67215,58.562088,-0.01679155,-0.0068987263,-0.030754987,8.369778,8.523889,2,-1,0,0.99085605,1
98,23,1,1,0,137.8851,305.3634,345.5905,0.02355619,0.006230988,-0.0050258283,26.69941,22.315277,2,24,1,0.9998522,1
98,25,1,0,0,-132.36418,101.330414,194.08467,0.0006586113,-0.030725049,-0.0046277517,5.9448123,5.741389,2,-1,0,0.98194194,1
98,9,1,1,0,148.55487,179.89505,330.21533,0.0082016755,-0.009563908,0.00948743,19.016993,12.9125,2,25,1,0.98503035,1
98,28,1,1,0,162.0369,187.92067,293.7513,-0.012915061,-0.007562612,-0.005413545,17.714172,17.639166,2,26,1,0.9835291,1
98,31,1,1,0,-160.11711,522.7809,255.8163,-0.010074099,-0.0023148865,0.005361243,13.999987,5.641667,2,27,1,0.9539896,1
98,20,1,1,0,187.9755,191.40662,434.15427,-0.017685851,0.002501959,-0.015377141,23.285973,23.083889,2,28,1,0.99544096,1
98,22,1,1,0,204.66559,458.49426,350.5995,-0.020503977,0.00087592995,-0.0051000454,22.226904,22.381945,2,29,1,0.9999571,1
98,35,1,1,0,206.90036,-596.062,440.37433,-0.020539735,0.004543384,0.009425829,21.361603,21.354723,2,30,1,0.9992231,1
98,4,1,0,0,208.7619,-349.56406,295.69888,-0.006161173,-0.019633414,0.013871169,3.9555695,3.0205555,2,-1,0,0.9342449,1
98,4,1,1,0,208.7619,-349.56406,295.69888,-0.006161173,-0.019633414,0.013871169,19.76226,19.3925,2,31,1,0.9959372,1
98,34,1,1,0,222.83144,-338.50592,140.93558,-0.012019422,-0.014802912,0.015670681,23.700499,23.195,2,32,1,0.98985076,1
98,26,1,1,0,-223.74721,557.37585,282.1467,-0.015364514,-0.008924801,0.031392016,20.048605,20.215834,2,33,1,0.98314154,1
98,2,1,1,0,230.78285,273.11142,258.38446,0.022306355,-0.016436532,-0.0014436037,26.010212,16.614445,2,34,1,0.98856676,1
98,26,1,0,0,-223.74721,557.37585,282.1467,-0.015364514,-0.008924801,0.031392016,4.1730275,4.18,2,-1,0,0.9847707,1
98,14,1,1,0,-244.32031,282.31085,194.76541,0.0031654183,0.0044297352,-0.001569782,4.012493,3.9636111,2,35,1,0.9587271,1
98,26,1,0,0,-223.74721,557.37585,282.1467,-0.015364514,-0.008924801,0.031392016,4.242854,4.4169445,2,-1,0,0.96988666,1
98,26,1,0,0,-223.74721,557.37585,282.1467,-0.015364514,-0.008924801,0.031392016,4.407354,4.3658333,2,-1,0,0.97527486,1
98,38,1,1,0,257.79593,107.86155,201.34178,-0.019355549,-0.009322891,-0.020736983,20.949076,20.776112,2,36,1,0.97952145,1
98,38,1,0,0,257.79593,107.86155,201.34178,-0.019355549,-0.009322891,-0.020736983,9.063306,8.995833,2,-1,0,0.9886779,1
98,37,1,1,0,266.48978,-257.06882,387.67398,-0.0018098671,-0.020820484,-0.0014192717,19.683577,19.48889,2,37,1,0.99792385,1
99,38,1,1,0,25.830402,-532.29016,79.23868,-0.004025121,-0.015376317,-0.020712076,25.86893,24.445278,2,0,1,0.999969,1
99,18,1,0,0,46.220974,-208.4071,168.91235,-0.013033805,0.022720559,-0.0015562408,3.747375,3.803611,2,-1,0,0.8874825,1
99,30,1,1,0,29.011196,-399.78806,359.5311,-0.0071249967,0.014775435,0.005804168,20.4445,20.608055,2,1,1,0.99673563,1
99,9,1,0,0,41.364048,-244.20602,129.88866,0.00021433948,-0.0036538634,-0.004133781,4.6119237,2.1766667,2,-1,0,0.91997176,1
99,9,1,1,0,41.364048,-244.20602,129.88866,0.00021433948,-0.0036538634,-0.004133781,3.9250693,3.9272223,2,2,1,0.97483486,1
99,18,1,1,0,46.220974,-208.4071,168.91235,-0.013033805,0.022720559,-0.0015562408,23.583271,23.751112,2,3,1,0.9809272,1
99,11,1,0,0,48.202927,-280.8868,436.12225,0.009326239,0.038679585,-0.004162534,3.195292,3.1905556,2,-1,0,0.6826157,1
99,11,1,1,0,48.202927,-280.8868,436.12225,0.009326239,0.038679585,-0.004162534,30.184647,30.11861,2,4,1,0.9924918,1
99,11,0,0,0,48.202927,-280.8868,436.12225,0.009326239,0.038679585,-0.004162534,8.986055,9.082222,2,-1,0,0.9484837,1
99,10,1,1,0,-49.842773,-597.1188,84.64181,-0.0067742877,-0.005886952,0.0010747826,10.050723,6.195,2,5,1,0.93873847,1
99,27,1,1,0,51.35895,-460.0943,158.16748,-0.00059283944,0.0063115144,-0.0053230864,10.093174,8.461667,2,6,1,0.9950595,1
99,1,1,1,0,-65.52408,362.77118,351.52585,0.0012894904,-0.0081047695,-0.005882627,11.753793,11.581388,2,8,1,0.9925195,1
99,2,1,0,0,-62.784924,-378.12643,461.31088,-0.015925638,0.00973934,-0.00864387,3.1996734,3.2752779,2,-1,0,0.53818,1
99,6,1,0,0,-74.08375,69.28132,213.6478,0.0010886559,0.01697106,-0.013232134,3.3027153,3.4036112,2,-1,0,0.6519417,1
99,7,1,1,0,75.56594,168.64964,143.66492,-0.008072311,-0.0031957107,0.02426684,30.039015,30.205833,2,9,1,0.98286337,1
99,6,1,1,0,-74.08375,69.28132,213.6478,0.0010886559,0.01697106,-0.013232134,12.47775,12.406111,2,10,1,0.9853799,1
99,6,1,0,0,-74.08375,69.28132,213.6478,0.0010886559,0.01697106,-0.013232134,8.171236,8.279445,2,-1,0,0.9970898,1
99,15,1,1,0,-82.887856,222.75761,438.6799,0.0042812205,-0.008764305,-0.0007320411,11.247604,11.566389,2,11,1,0.99241203,1
99,21,1,1,0,-99.48356,-365.8195,343.4874,0.010942488,-0.012115642,-0.026112057,27.629297,27.268612,2,12,1,0.99914837,1
99,21,1,0,0,-99.48356,-365.8195,343.4874,0.010942488,-0.012115642,-0.026112057,4.929702,4.9194446,2,-1,0,0.9939765,1
99,21,1,0,0,-99.48356,-365.8195,343.4874,0.010942488,-0.012115642,-0.026112057,3.9985764,4.121111,2,-1,0,0.6867642,1
99,34,1,1,0,-123.392365,-461.85074,165.66655,0.0070143696,-0.0023129303,-0.0077346447,10.947375,11.172222,2,13,1,0.9691683,1
99,22,1,0,0,123.8876,-341.35117,410.10983,0.015677422,-0.018154105,0.004015649,8.518194,0.29916668,2,-1,0,0.98022914,1
99,22,1,0,0,123.8876,-341.35117,410.10983,0.015677422,-0.018154105,0.004015649,8.731001,8.794723,2,-1,0,0.99411243,1
99,22,1,1,0,123.8876,-341.35117,410.10983,0.015677422,-0.018154105,0.004015649,10.128542,10.107778,2,14,1,0.9945358,1
99,24,1,1,0,143.07733,560.6211,367.1814,-0.025759084,-0.0012591552,0.014356616,33.120922,31.63889,2,15,1,0.99394715,1
99,28,1,0,0,144.8914,380.4845,47.983147,0.015167959,-0.0030594228,-0.007939308,3.21,3.2327778,2,-1,0,0.93453825,1
99,28,1,1,0,144.8914,380.4845,47.983147,0.015167959,-0.0030594228,-0.007939308,9.9025345,9.835278,2,16,1,0.99961424,1
99,28,1,0,0,144.8914,380.4845,47.983147,0.015167959,-0.0030594228,-0.007939308,9.980111,5.8505554,2,-1,0,0.9963337,1
99,39,1,1,0,-151.11855,-287.4423,160.66443,-0.013789385,0.0021552714,-0.0020717604,14.831591,14.765278,2,-1,1,0.9995577,1
99,14,1,1,0,-157.4364,424.7995,149.44061,0.0038731634,-0.015911391,-0.0026905048,17.277317,17.563889,2,17,1,0.9998878,1
99,35,1,1,0,174.85617,-134.76839,268.3552,0.0011285972,-0.0063514845,-0.012428794,15.045555,14.863334,2,18,1,0.98000586,1
99,3,1,1,0,-204.98134,-447.04324,63.902752,0.007623141,-0.0060816198,-0.004865756,11.404847,11.469722,2,19,1,0.99196213,1
99,3,1,0,0,-204.98134,-447.04324,63.902752,0.007623141,-0.0060816198,-0.004865756,2.821632,2.831389,2,-1,0,0.7512288,1
99,33,1,1,0,208.07076,449.41266,380.3652,0.009989816,0.021216681,0.010939356,14.735152,14.883611,2,20,1,0.9781567,1
99,33,1,0,0,208.07076,449.41266,380.3652,0.009989816,0.021216681,0.010939356,6.180236,6.168889,2,-1,0,0.99930334,1
99,33,1,0,0,208.07076,449.41266,380.3652,0.009989816,0.021216681,0.010939356,6.1398406,6.2483335,2,-1,0,0.95594317,1
99,4,1,1,0,-229.21979,-378.89328,441.05878,0.0034760453,0.009153258,0.014186369,15.944694,15.760555,2,21,1,0.9907577,1
99,20,1,1,0,231.67322,381.53937,461.299,-0.011439343,-0.00199424,0.018099206,4.1483335,4.2144446,2,22,1,0.98112464,1
99,32,1,1,0,-236.62767,-157.1953,58.140636,-0.010708999,0.014529478,0.01837965,16.090208,12.505834,2,23,1,0.9827995,1
99,32,1,0,0,-236.62767,-157.1953,58.140636,-0.010708999,0.014529478,0.01837965,11.109293,11.163333,2,-1,0,0.997357,1
99,19,0,0,0,0.0,0.0,0.0,0.0,0.0,0.0,22.295347,-1.0,2,-1,0,0.97054505,1
99,5,1,0,0,277.93326,46.78411,133.00763,-0.026597403,0.0056203925,0.017787134,6.7969728,6.8344445,2,-1,0,0.99894136,1
99,16,1,1,0,269.47495,-381.89316,150.0426,-0.00558275,-0.00088269584,0.0011937027,5.9307914,5.8625,2,24,1,0.96277076,1
99,5,1,1,0,277.93326,46.78411,133.00763,-0.026597403,0.0056203925,0.017787134,22.134735,22.143333,2,25,1,0.99558914,1
99,12,1,1,0,-290.50333,-485.4024,76.107414,-0.0005288634,0.01022824,0.006412847,10.506445,10.633611,2,26,1,0.98248255,1
99,37,1,1,0,-295.70483,255.65204,397.1402,-0.009481301,-0.0018779915,0.00460463,5.807583,5.768889,2,-1,1,0.98192775,1
99,31,1,1,0,299.01816,-67.80348,181.90242,-0.0069717425,-0.0024608301,-0.016507698,17.853813,17.692778,2,27,1,0.9834906,1
99,23,1,1,0,310.337,66.95018,93.86668,-0.010555823,0.011552745,-0.03246532,30.213924,30.22139,2,28,1,0.96739936,1
99,23,1,0,0,310.337,66.95018,93.86668,-0.010555823,0.011552745,-0.03246532,3.4999652,3.5044444,2,-1,0,0.9547858,1
99,8,1,1,0,309.40097,-517.2078,394.31073,0.010952013,0.019413203,-0.004653951,18.68625,18.680834,2,29,1,0.92663366,1
99,25,1,1,0,-318.97803,20.511963,351.6759,0.0081405705,-0.041746717,0.0042260415,35.507214,35.181667,2,30,1,0.996766,1
99,8,1,0,0,309.40097,-517.2078,394.31073,0.010952013,0.019413203,-0.004653951,4.343118,4.3188887,2,-1,0,0.96552503,1
99,29,1,1,0,331.64645,-571.39325,327.91403,0.0008021955,-0.020688545,0.004437538,21.349924,20.708334,2,31,1,0.9973908,1
99,40,1,0,0,-335.5325,-349.89166,335.35928,-0.020338338,0.011077548,0.027977096,4.573292,3.4622223,2,-1,0,0.89477026,1
99,13,1,1,0,342.64362,-512.72064,277.27878,-0.014582228,0.009964194,-0.013390797,12.472263,12.592222,2,32,1,0.9801,1
99,23,1,0,0,339.0287,-11.450107,386.9283,-0.010555823,0.011552745,-0.03246532,3.4039445,3.3788888,2,-1,0,0.97373474,1
99,13,1,0,0,342.64362,-512.72064,277.27878,-0.014582228,0.009964194,-0.013390797,8.648452,8.662222,2,-1,0,0.977459,1
99,26,0,0,0,0.0,0.0,0.0,0.0,0.0,0.0,23.532608,-1.0,2,-1,0,0.99955934,1
99,40,1,1,0,-335.5325,-349.89166,335.35928,-0.020338338,0.011077548,0.027977096,11.190917,11.161944,2,34,1,0.9888343,1
