file_index,event,is_marley,is_main_track,is_es_interaction,pos_x,pos_y,pos_z,momentum_x,momentum_y,momentum_z,cluster_energy,particle_energy,plane_id,match_id,true_label,prediction_prob,predicted_label
0,10,1,1,1,-8.832275,404.95593,244.46289,-0.0077068745,0.0005364017,0.0067930287,11.97525,11.792222,2,0,1,0.99832696,1
0,21,1,1,1,-21.739561,-349.23248,367.93585,-0.008778748,0.003933427,0.005807626,11.352063,11.320278,2,1,1,0.98803514,1
0,34,1,1,1,-24.719658,17.936415,170.0271,-0.005854055,0.00018007333,0.0032269685,5.783202,5.688889,2,2,1,0.9366047,1
0,29,1,1,1,-24.878326,430.40524,114.73045,-0.007114574,0.0034021146,0.0071827862,7.967056,8.076667,2,3,1,0.99577975,1
0,37,1,1,1,-32.66557,-306.09857,103.95194,-0.008632512,0.0011585,0.005261044,13.17841,12.926111,2,4,1,0.9999987,1
0,32,1,1,1,-37.954914,150.06026,137.82634,-0.0020489166,0.0009940659,0.0034803268,4.6442914,4.588889,2,5,1,0.9258779,1
0,36,1,1,1,52.299328,236.26616,15.913524,-0.009009921,0.0039962283,0.006802876,12.244049,12.354722,2,6,1,0.9864238,1
0,5,1,1,1,-60.01945,-312.63318,347.81836,-0.0027325978,0.0025998321,0.002557549,4.6711316,4.6786113,2,7,1,0.98127204,1
0,12,1,1,1,-73.859,346.91965,48.713993,-0.007954041,0.0021911599,0.0050498894,6.0785904,6.14,2,8,1,0.99404246,1
0,1,1,1,1,-77.47508,-226.6338,121.014946,-0.0061024986,0.0021348991,0.0030140446,8.01636,8.113334,2,9,1,0.98668146,1
0,9,1,1,1,82.81833,414.3511,49.97397,-0.0073367576,0.0032970062,0.004242711,10.825347,10.616111,2,10,1,0.99356407,1
0,25,1,1,1,94.70833,-241.24045,329.48535,-0.0029734196,0.0022589026,0.0039423886,4.877229,4.841944,2,11,1,0.97601366,1
0,15,1,1,1,131.671,-430.0784,177.89679,-0.004184936,0.0005329266,0.0015394432,4.573556,4.641667,2,12,1,0.98941326,1
0,24,1,1,1,138.02353,-179.04074,133.94876,-0.008761137,0.0025438902,0.005271627,11.64023,11.798056,2,13,1,0.9831057,1
0,14,0,0,0,0.0,0.0,0.0,0.0,0.0,0.0,2.8125072,2.7925,2,-1,0,0.5634413,1
0,4,1,1,1,-171.469,-567.3876,197.30696,-0.0031874785,0.0026558286,0.004390151,5.9845905,5.9405556,2,14,1,0.9860335,1
0,33,1,1,1,174.82942,346.7888,89.863625,-0.009090276,0.002520534,0.007816735,11.641806,11.653334,2,15,1,0.99700123,1
0,26,1,1,1,176.41847,-451.3448,408.12906,-0.0074945223,0.0018658321,0.0049078627,9.934459,9.814167,2,16,1,0.96821356,1
0,13,1,1,1,-182.46642,-471.68817,124.473656,-0.0036085127,0.0026575192,0.0044686473,6.316917,6.3191667,2,17,1,0.9694015,1
0,22,1,1,1,188.02156,412.62027,143.43553,-0.007353506,0.00013921663,0.0048357644,8.400868,8.298333,2,18,1,0.97732955,1
0,27,1,1,1,191.74948,303.4355,413.19986,-0.010597227,0.0016950566,0.0064555015,8.858251,8.787778,2,19,1,0.9981846,1
0,18,1,1,1,-198.7373,461.41058,139.03078,-0.019919917,0.0047721006,0.01843816,27.095076,27.051111,2,20,1,0.98791784,1
0,14,1,1,1,200.96605,475.56503,216.46445,-0.00292856,0.0026923644,0.0030843024,5.0281534,4.8275,2,21,1,0.9771732,1
0,7,1,1,1,203.75575,-15.974118,269.66113,-0.0025998475,0.0023317286,0.0026817631,4.1238194,4.2075,2,22,1,0.97761714,1
0,39,1,1,1,-206.72232,-343.17365,198.30757,-0.0044825813,0.0024155632,0.0034723938,6.195104,6.1425,2,23,1,0.98439586,1
0,38,1,1,1,-259.30453,135.2994,455.65558,-0.010299358,0.0010791908,0.0056309435,9.159445,9.118055,2,25,1,0.9584687,1
0,6,1,1,1,263.22592,-4.329026,327.85257,-0.0069866856,0.0036694126,0.0043068565,9.363798,9.298333,2,26,1,0.9707539,1
0,16,1,1,1,-271.07007,-78.82989,317.37064,-0.002089555,0.0015857841,0.003731604,4.1766667,4.204167,2,27,1,0.96084154,1
0,2,1,1,1,-291.01703,-30.598005,435.29324,-0.0067099365,-0.0005968647,0.005284945,6.2445345,6.248611,2,28,1,0.7994755,1
0,23,1,1,1,-296.99097,-241.10233,20.176125,-0.004565595,0.00035160218,0.00193859,4.4800835,4.545,2,29,1,0.970334,1
0,3,1,1,1,323.47595,78.92163,325.11475,-0.008570013,0.0014388111,0.0054461807,9.952583,9.85,2,31,1,0.97346365,1
0,30,1,1,1,-320.92453,172.04312,400.02115,-0.002814954,0.002696675,0.003166221,4.369514,4.3958335,2,32,1,0.9729169,1
0,17,1,1,1,332.72354,134.39867,67.05741,-0.00941678,0.004763649,0.009704092,10.416805,10.521944,2,33,1,0.97441554,1
0,20,1,1,1,-357.65546,128.26718,408.558,-0.011069795,0.0015164494,0.009999697,11.774388,11.865278,2,-1,1,0.96238285,1
1,8,1,1,1,-4.8498287,511.75873,166.00337,-0.005595614,0.0015488623,0.0032646854,6.571556,6.763889,2,0,1,0.99327433,1
1,26,1,1,1,12.281784,-421.0499,268.80267,-0.016545469,0.0018560714,0.014998873,21.480507,21.539167,2,1,1,0.94390315,1
1,26,1,0,1,12.281784,-421.0499,268.80267,-0.016545469,0.0018560714,0.014998873,3.829236,3.9033334,2,-1,0,0.8493753,1
1,20,1,1,1,-12.948275,-587.83997,245.40723,-0.0021875468,-0.0006805549,0.0031208913,4.096354,4.1383333,2,2,1,0.8976246,1
1,12,1,1,1,-21.160967,405.64127,61.96211,-0.0026872032,0.0019149632,0.0045221657,6.477715,6.4319444,2,3,1,0.98757,1
1,7,1,1,1,-32.059635,-427.77982,159.3428,-0.029072564,0.0075651766,0.024791839,19.711693,19.500555,2,4,1,0.98495704,1
1,7,1,0,1,-32.059635,-427.77982,159.3428,-0.029072564,0.0075651766,0.024791839,12.512341,12.528611,2,-1,0,0.9914908,1
1,14,1,1,1,-36.72978,-50.90561,243.61214,-0.009247091,0.00036781147,0.0064673396,10.0500555,9.996111,2,5,1,0.98949814,1
1,13,1,1,1,-49.847336,-562.8809,105.883644,-0.02985252,0.009427303,0.026424443,36.478634,39.094166,2,6,1,0.99957436,1
1,39,1,1,1,81.38526,356.7675,383.67004,-0.020481195,0.006521175,0.015717005,31.653755,31.794167,2,7,1,0.98578113,1
1,39,0,0,0,0.0,0.0,0.0,0.0,0.0,0.0,2.8106596,2.4033334,2,-1,0,0.58334327,1
1,37,1,0,1,105.55917,-529.9872,316.52914,-0.020136576,0.0038563982,0.016191395,6.0787225,6.038611,2,-1,0,0.9880364,1
1,37,1,1,1,105.55917,-529.9872,316.52914,-0.020136576,0.0038563982,0.016191395,23.121758,23.03139,2,9,1,0.82095987,1
1,4,1,1,1,126.011086,268.61487,342.43335,-0.012139694,0.0041574105,0.0074197543,13.425569,13.378889,2,10,1,0.98474705,1
1,36,1,1,1,-121.591805,28.276695,414.66528,-0.008295301,0.0017910739,0.0038125352,10.564479,10.413333,2,11,1,0.9950676,1
1,9,1,1,1,133.5589,270.81195,60.333515,-0.007020251,-0.00035394705,0.0058987853,10.187751,10.206111,2,12,1,0.98154724,1
1,24,1,1,1,-160.52753,-235.71199,377.60657,-0.0027390737,0.0013665035,0.004884089,6.0987983,6.062222,2,13,1,0.9952734,1
1,11,1,1,1,164.0805,-441.58334,220.04845,-0.0029333828,0.0010773921,0.0046789455,5.415382,5.5644445,2,14,1,0.98206156,1
1,16,0,0,0,0.0,0.0,0.0,0.0,0.0,0.0,25.143097,-1.0,2,-1,0,0.9415221,1
1,30,1,1,1,-183.28262,264.74823,342.21616,-0.010501258,0.0050395266,0.009980243,17.265284,17.018612,2,15,1,0.9950328,1
1,16,0,0,0,0.0,0.0,0.0,0.0,0.0,0.0,4.7440767,-1.0,2,-1,0,0.93182796,1
1,22,1,1,1,195.69492,368.00104,164.44771,-0.005512257,0.0038081054,0.005219438,7.963916,7.928889,2,16,1,0.97383595,1
1,25,1,1,1,202.95732,526.3383,12.556511,-0.003117525,2.5172863e-05,0.001542246,3.2,3.1988888,2,17,1,0.62462944,1
1,1,1,0,1,221.3888,-117.28599,6.126365,-0.01416545,0.0049214843,0.01259291,3.2895973,3.345,2,-1,0,0.91440314,1
1,32,1,1,1,-214.40662,-24.008945,9.634964,-0.0149416495,0.007267539,0.013162668,18.666193,18.620277,2,18,1,0.9535979,1
1,1,1,1,1,221.3888,-117.28599,6.126365,-0.01416545,0.0049214843,0.01259291,17.67184,17.656666,2,19,1,0.9760283,1
1,2,1,1,1,219.24622,269.11652,136.3927,-0.0073676375,-0.00016242468,0.0055317776,6.902715,6.9058332,2,20,1,0.97188056,1
1,32,1,0,1,-214.40662,-24.008945,9.634964,-0.0149416495,0.007267539,0.013162668,3.4376042,3.4980555,2,-1,0,0.8487769,1
1,28,1,1,1,-226.92343,490.73013,434.59564,-0.017958714,0.002999391,0.013522315,19.067339,18.547777,2,21,1,0.9995826,1
1,23,0,0,0,0.0,0.0,0.0,0.0,0.0,0.0,11.673659,-1.0,2,-1,0,0.9922368,1
1,10,1,1,1,256.91092,164.5179,283.49036,-0.0030836514,0.00029561092,0.00078892213,2.5957222,2.5763888,2,22,1,0.7504641,1
1,27,0,0,0,0.0,0.0,0.0,0.0,0.0,0.0,3.3306043,-1.0,2,-1,0,0.8465075,1
1,16,1,1,1,-180.60571,-123.514114,219.32545,-0.026536124,0.007234434,0.022050658,3.0815554,3.0330555,2,23,1,0.8397905,1
1,27,0,0,0,0.0,0.0,0.0,0.0,0.0,0.0,5.9992504,-1.0,2,-1,0,0.9579995,1
1,34,1,1,1,-294.14813,-573.05225,402.84503,-0.028730534,0.00986233,0.025096837,20.12784,20.104723,2,24,1,0.9776914,1
1,34,1,0,1,-294.14813,-573.05225,402.84503,-0.028730534,0.00986233,0.025096837,14.105611,14.141389,2,-1,0,0.9128771,1
1,35,1,1,1,304.31955,150.36066,422.04596,-0.009180386,0.00429345,0.009472078,13.4250345,13.621667,2,25,1,0.98722655,1
1,31,1,1,1,-309.59833,-486.73157,419.27374,-0.007911836,0.00030816183,0.0075920406,7.5155416,7.5075,2,-1,1,0.98993194,1
1,5,1,1,1,-324.7784,-565.19543,429.7983,-0.0053003044,-0.0002531135,0.0027695703,5.0440073,5.0005555,2,26,1,0.9844097,1
1,38,1,1,1,-335.8886,258.72845,229.92398,-0.011726495,0.0007146641,0.008589224,8.335972,8.441944,2,27,1,0.98187053,1
1,17,0,0,0,0.0,0.0,0.0,0.0,0.0,0.0,2.726243,2.723611,2,-1,0,0.61815727,1
1,6,1,1,1,340.70685,-46.98921,81.323944,-0.006048582,0.0032133362,0.007420518,9.36566,9.420555,2,28,1,0.9951702,1
1,3,1,1,1,348.62277,-262.13773,305.74442,-0.010456429,0.0056434334,0.009997797,15.067035,15.191389,2,29,1,0.9560516,1
2,39,0,1,1,-14.367274,-408.04446,84.822624,-0.00287708,0.0016880907,0.000875811,3.7928889,3.643889,2,0,1,0.9669154,1
2,23,0,0,0,0.0,0.0,0.0,0.0,0.0,0.0,3.1177778,2.9647222,2,-1,0,0.521148,1
2,24,1,1,1,31.33419,137.41109,114.390396,-0.011062493,0.0035128973,0.0068942076,12.867937,12.786111,2,1,1,0.87127864,1
2,4,1,1,1,-70.60775,-111.114555,27.162157,-0.0050482526,0.0033312635,0.0069374423,10.809055,10.689167,2,2,1,0.99289703,1
2,34,1,1,1,-75.29588,481.7528,125.82746,-0.023456449,0.0073701497,0.020133851,25.388563,25.661945,2,3,1,0.9954,1
2,34,1,0,1,-75.29588,481.7528,125.82746,-0.023456449,0.0073701497,0.020133851,5.9994583,6.002222,2,-1,0,0.9940646,1
2,13,1,1,1,86.83407,-460.92053,106.98751,-0.0076414063,0.004150066,0.007934038,13.575666,13.801389,2,4,1,0.9901087,1
2,11,0,0,0,0.0,0.0,0.0,0.0,0.0,0.0,3.094111,3.0447223,2,-1,0,0.76620823,1
2,8,1,1,1,111.267715,-272.96255,50.196957,-0.009969185,0.0025477097,0.0062996424,13.670513,13.615,2,5,1,0.99112976,1
2,35,1,1,1,-108.0114,-559.86316,409.35834,-0.01684721,0.006515399,0.012423384,15.551812,15.522778,2,6,1,0.9689835,1
2,35,1,0,1,-108.0114,-559.86316,409.35834,-0.01684721,0.006515399,0.012423384,4.9223957,4.8791666,2,-1,0,0.995581,1
2,35,1,0,1,-108.0114,-559.86316,409.35834,-0.01684721,0.006515399,0.012423384,5.0627084,5.0825,2,-1,0,0.9801383,1
2,36,1,1,1,-116.15301,245.49377,237.51608,-0.008158979,0.0035660327,0.0066287993,9.650598,9.636389,2,7,1,0.9961283,1
2,19,1,1,1,-117.0467,590.97327,214.32645,-0.0033672424,0.0011799925,0.0009354116,4.003535,3.9025,2,8,1,0.898873,1
2,3,0,0,0,0.0,0.0,0.0,0.0,0.0,0.0,2.9839587,2.9444444,2,-1,0,0.6611841,1
2,5,1,1,1,154.61798,488.43002,201.66289,-0.0044138706,0.0031014234,0.004767077,7.9426875,7.7872224,2,9,1,0.9932326,1
2,1,0,0,0,0.0,0.0,0.0,0.0,0.0,0.0,13.985165,-1.0,2,-1,0,0.979278,1
2,22,1,1,1,-189.70924,577.3424,171.0305,-0.0070110043,0.0037695786,0.0056169447,8.884138,8.956944,2,10,1,0.9977169,1
2,29,1,1,1,195.17955,151.57399,27.268244,-0.0037141973,-0.00069360604,0.0029447952,4.3329372,4.2411113,2,12,1,0.9695845,1
2,32,1,1,1,-194.59103,448.1277,135.15837,-0.011305649,0.0043935804,0.010698622,18.38623,17.881111,2,13,1,0.99406236,1
2,10,1,1,1,-197.1961,111.45285,135.43965,-0.0018722126,0.0012171926,0.0039049035,4.5585694,4.521111,2,14,1,0.9835923,1
2,12,1,1,1,-199.77419,475.56885,82.63185,-0.016246006,0.004367444,0.016632065,23.614826,23.54,2,15,1,0.9949409,1
2,23,1,1,1,-220.688,-564.9639,74.61218,-0.002934598,0.00014675164,0.0047167786,5.213882,5.1208334,2,16,1,0.9966126,1
2,35,0,0,0,0.0,0.0,0.0,0.0,0.0,0.0,2.9646945,2.848611,2,-1,0,0.572485,1
2,29,0,0,0,0.0,0.0,0.0,0.0,0.0,0.0,2.969632,2.8844445,2,-1,0,0.6401338,1
2,30,1,1,1,267.3773,-57.46091,338.5934,-0.0027955591,-0.0006487701,0.002632445,3.3671875,3.3186111,2,17,1,0.9077688,1
2,31,1,1,1,292.7401,-135.91064,168.84082,-0.0033584442,-0.0007509756,0.003337318,4.423889,4.368889,2,-1,1,0.9830632,1
2,37,1,1,1,-313.44186,41.41544,52.95145,-0.0031820633,0.0017491542,0.0048348396,5.7449036,5.706111,2,19,1,0.9807915,1
2,20,1,1,1,320.95505,277.04514,295.29855,-0.0062496886,-0.00068505394,0.0036684033,6.6635275,6.5944443,2,20,1,0.9556178,1
2,28,1,1,1,329.12067,-593.6023,380.67084,-0.003770975,0.0019955153,0.0055079786,6.29134,6.216944,2,21,1,0.9872636,1
2,21,1,1,1,-333.53027,142.59521,403.77444,-0.013305637,0.0030587625,0.009673755,10.308862,10.411389,2,22,1,0.9963862,1
2,21,1,0,1,-333.53027,142.59521,403.77444,-0.013305637,0.0030587625,0.009673755,3.7420278,3.5977778,2,-1,0,0.9746669,1
2,33,1,1,1,-346.5615,510.73334,301.94244,-0.0028133926,-0.00082465203,0.0031612627,3.8302777,3.7719445,2,23,1,0.9853898,1
3,12,1,1,1,-4.350894,59.065712,387.29175,-0.011738265,0.0004167598,0.009505562,14.990098,14.996111,2,-1,1,0.9969415,1
3,26,1,1,1,-33.03761,525.96277,97.786,-0.011769327,0.0035146086,0.012348491,20.60918,20.510555,2,1,1,0.9996387,1
3,13,1,1,1,39.72541,460.63666,424.44595,-0.014513945,0.0059326678,0.014362997,24.518946,24.225277,2,2,1,0.99693954,1
3,23,1,0,1,62.707253,-115.058136,12.350827,-0.01652142,0.0024507781,0.011062089,3.4269722,3.4913888,2,-1,0,0.92563593,1
3,16,1,1,1,57.87899,214.87892,116.75542,-0.0040338025,0.0026202335,0.0061205993,9.378437,9.348889,2,3,1,0.98011553,1
3,23,1,1,1,62.707253,-115.058136,12.350827,-0.01652142,0.0024507781,0.011062089,18.30289,18.19139,2,4,1,0.9802501,1
3,37,1,1,1,-64.20908,307.8897,201.66652,-0.004075718,0.002895816,0.0049130013,7.9593544,7.833889,2,5,1,0.9862249,1
3,11,1,1,1,75.564575,-563.9772,410.868,-0.0064236885,0.0017213012,0.004949504,7.385653,7.397222,2,6,1,0.99723047,1
3,19,1,1,1,-116.0388,-411.23883,403.54373,-0.0048902608,2.9098903e-05,0.0025714098,4.809048,4.815,2,-1,1,0.9675152,1
3,34,1,1,1,-122.33865,490.90085,5.228725,-0.0056685363,0.000762654,0.001896591,6.152764,6.1016665,2,-1,1,0.97213316,1
3,35,1,1,1,-128.59616,267.0973,158.36148,-0.014422227,0.0017019917,0.013051542,19.758175,19.565277,2,7,1,0.98561573,1
3,40,1,1,1,-136.68607,4.2071686,325.1582,-0.0077378824,0.0029633024,0.0096505135,14.575146,14.273334,2,8,1,0.99414957,1
3,8,1,1,1,168.61781,323.29102,336.67078,-0.018778188,0.0050655524,0.01792117,27.442465,27.565834,2,9,1,0.9857061,1
3,10,1,1,1,173.62508,317.22934,428.6917,-0.0020318332,0.0017775474,0.0037250016,4.521333,4.561111,2,10,1,0.9663245,1
3,27,1,1,1,-180.16437,132.5499,362.92755,-0.002941654,0.0023204493,0.0037113372,5.3013606,5.259444,2,11,1,0.98808205,1
3,17,1,1,1,186.91058,-538.14056,169.97311,-0.004213101,-9.175222e-05,0.0045543155,6.193514,6.2966666,2,12,1,0.9802495,1
3,9,1,1,1,245.72507,-202.43137,210.22076,-0.028993001,0.00725772,0.02400051,2.5614169,2.6197221,2,13,1,0.5061769,1
3,14,1,1,1,217.0589,151.07843,82.77491,-0.012250547,0.0016348346,0.010862483,14.411091,14.435555,2,14,1,0.96261895,1
3,32,1,1,1,224.99857,484.7634,229.64934,-0.013171033,0.0050730025,0.011071404,4.2444444,4.2530556,2,15,1,0.9873498,1
3,3,1,1,1,229.13434,43.679665,388.79697,-0.005585723,0.002617395,0.0075551555,9.137596,9.010555,2,16,1,0.9657227,1
3,9,0,0,0,0.0,0.0,0.0,0.0,0.0,0.0,31.631762,0.22555555,2,-1,0,0.9764356,1
3,2,1,1,1,251.68744,307.09238,369.77658,-0.0072420835,0.0014896471,0.005826229,8.482646,8.424444,2,17,1,0.9707736,1
3,25,1,1,1,252.0434,-575.7208,460.88297,-0.0046898676,0.00067818386,0.005900508,6.266208,6.278333,2,18,1,0.98841244,1
3,22,1,1,1,263.2746,354.39078,386.4879,-0.0066330093,-0.00016304718,0.0047167693,7.455111,7.514167,2,19,1,0.9894817,1
3,5,1,1,1,283.85492,410.2793,440.36887,-0.009758526,0.00031597482,0.005802737,11.412827,11.325833,2,20,1,0.9858263,1
3,30,1,1,1,291.03467,556.05817,396.52725,-0.005911047,0.001564348,0.0076270285,10.012646,10.003612,2,21,1,0.9844982,1
3,31,1,0,1,-316.7828,551.20605,273.842,-0.015062142,0.004538692,0.01564374,10.325792,10.392777,2,-1,0,0.98370636,1
3,31,1,1,1,-316.7828,551.20605,273.842,-0.015062142,0.004538692,0.01564374,10.625682,10.640555,2,22,1,0.9785568,1
3,6,1,1,1,333.72925,-567.85175,162.38847,-0.010374355,0.0022601446,0.010459463,11.154902,11.154722,2,23,1,0.9204559,1
3,6,1,0,1,333.72925,-567.85175,162.38847,-0.010374355,0.0022601446,0.010459463,3.0839307,3.0647223,2,-1,0,0.8688985,1
3,18,1,1,1,341.22778,326.2108,272.8193,-0.008785113,0.0028114782,0.0064076306,9.567257,9.549444,2,24,1,0.9891027,1
3,24,1,1,1,-340.61572,-109.60089,103.68238,-0.016918223,0.004708345,0.010029104,18.413555,18.3675,2,25,1,0.99835074,1
3,28,1,1,1,350.3083,-205.73914,376.8911,-0.0147326635,0.0029875995,0.0122853005,17.601215,17.79,2,26,1,0.9723799,1
3,1,1,1,1,-352.4324,-327.5791,294.24738,-0.024216533,0.006658567,0.021217467,24.156145,24.27111,2,27,1,0.99987245,1
3,36,1,1,1,-359.89236,191.43918,281.15256,-0.0125989085,0.005206133,0.008431399,7.901591,7.938889,2,28,1,0.97738737,1
4,28,1,1,1,-2.8254976,-220.85986,22.052568,-0.016331615,0.0053208633,0.015223036,18.488167,18.2375,2,0,1,0.995659,1
4,31,1,1,1,-28.830833,-484.84595,290.08646,-0.025623694,0.0066860416,0.01873382,26.495022,26.74611,2,1,1,0.84376407,1
4,31,1,0,1,-28.830833,-484.84595,290.08646,-0.025623694,0.0066860416,0.01873382,12.425639,12.414722,2,-1,0,0.9999988,1
4,35,1,1,1,48.327454,407.32275,164.32907,-0.003787624,0.0028164752,0.002869182,6.089604,6.1005554,2,2,1,0.998044,1
4,27,0,0,0,0.0,0.0,0.0,0.0,0.0,0.0,3.4226112,-1.0,2,-1,0,0.77084357,1
4,27,0,0,0,0.0,0.0,0.0,0.0,0.0,0.0,3.8805833,-1.0,2,-1,0,0.9726238,1
4,10,1,1,1,-56.737625,473.5799,35.651466,-0.004945567,0.0005392699,0.002722188,6.632514,6.5108333,2,3,1,0.98265797,1
4,4,1,1,1,-61.62256,-254.84738,336.37054,-0.004285278,0.0010788435,0.0018736145,4.7850347,4.6491666,2,4,1,0.9767527,1
4,38,1,1,1,64.53791,-165.3831,361.93393,-0.0056829434,0.0029912265,0.0030730902,8.046437,7.922222,2,5,1,0.98362803,1
4,24,1,1,1,-67.0536,-358.9736,297.847,-0.007494056,0.004075774,0.005249423,5.159055,5.1583333,2,6,1,0.94205153,1
4,24,1,0,1,-67.0536,-358.9736,297.847,-0.007494056,0.004075774,0.005249423,3.9191248,4.0033336,2,-1,0,0.9605403,1
4,21,1,1,1,-69.58198,417.0373,43.06741,-0.004541376,0.00012355867,0.0043303375,7.1113124,7.1280556,2,7,1,0.96136165,1
4,33,1,1,1,97.03781,-136.30005,197.65994,-0.008371278,0.0016840248,0.005111857,10.452257,10.599167,2,8,1,0.98094213,1
4,9,1,1,1,-99.43084,301.5923,74.99867,-0.002777021,0.0015561228,0.0048457137,6.1918683,6.315,2,9,1,0.9906437,1
4,7,1,1,1,-112.98331,-136.2847,428.65964,-0.0039457483,-0.00059133646,0.004783161,6.331972,6.4680557,2,10,1,0.9841435,1
4,22,1,1,1,125.94964,84.81599,373.07736,-0.0040704035,0.002394035,0.0016299769,5.179236,5.185278,2,11,1,0.9726475,1
4,13,1,1,1,-137.47661,192.64839,91.56856,-0.00799545,0.0013577094,0.009285085,6.1113334,6.14,2,12,1,0.9878301,1
4,13,1,0,1,-137.47661,192.64839,91.56856,-0.00799545,0.0013577094,0.009285085,5.5280485,5.523611,2,-1,0,0.9653329,1
4,5,1,1,1,183.54175,199.62016,69.622795,-0.005866802,-0.00022213708,0.002822398,6.8199377,6.7683334,2,13,1,0.9920448,1
4,23,1,1,1,215.7029,437.8375,436.16904,-0.013970429,0.0034988916,0.009174952,11.419403,11.360278,2,14,1,0.99925154,1
4,15,1,1,1,-212.30562,-452.48392,331.0839,-0.009149911,0.00035834024,0.0048709093,9.256791,9.072778,2,15,1,0.9935221,1
4,1,1,1,1,219.0036,-170.431,132.85478,-0.0035564743,0.0029652398,0.0040187906,6.353778,6.2419443,2,16,1,0.95360243,1
4,8,0,0,0,0.0,0.0,0.0,0.0,0.0,0.0,23.569557,-1.0,2,-1,0,0.9963056,1
4,37,1,1,1,225.64906,-391.5506,432.83627,-0.005530659,0.0013740598,0.002070966,6.016785,6.064722,2,17,1,0.9790567,1
4,16,1,1,1,229.92607,476.70273,307.85547,-0.008008174,0.002275838,0.005916583,7.929771,8.059167,2,18,1,0.99672735,1
4,14,1,1,1,244.60852,570.1894,413.85205,-0.0055800336,-0.0005607282,0.0044753607,7.0827084,7.151111,2,19,1,0.9335958,1
4,30,1,1,1,263.7306,557.32135,288.3343,-0.00287953,0.0021491852,0.0012409867,3.5339303,3.432778,2,20,1,0.9466283,1
4,26,1,1,1,-302.98416,462.5859,302.37277,-0.0017898737,-0.00018126237,0.003240473,3.2330973,3.2586112,2,21,1,0.88797873,1
4,32,1,1,1,304.8696,164.40617,11.603448,-0.0043004765,-0.00085704844,0.0035228538,4.6789303,4.665,2,22,1,0.961503,1
4,34,1,1,1,307.5743,-187.46664,124.56582,-0.0054585584,-0.00059207424,0.005233819,7.028569,7.1022224,2,23,1,0.9797173,1
4,2,1,1,1,-312.1968,576.4572,193.84511,-0.013376751,0.0068748705,0.011539858,18.814125,19.17639,2,24,1,0.9907651,1
4,20,1,1,1,359.4227,573.7965,92.13396,-0.0079531,0.0023090884,0.009567115,11.974917,12.081111,2,25,1,0.8264863,1
5,40,1,1,1,7.529951,495.4778,141.38371,-0.01169957,0.0045984676,0.0071790433,16.534248,16.705833,2,0,1,0.99870145,1
5,21,1,1,1,18.997452,397.7066,446.2275,-0.0154985525,0.0073143807,0.015620321,25.201256,25.050833,2,1,1,0.9947024,1
5,24,1,1,1,-22.817488,-440.4202,371.06738,-0.011283801,0.0023942487,0.008329408,14.8696165,14.771389,2,3,1,0.9970499,1
5,28,1,1,1,-27.283245,321.2942,247.71481,-0.02215234,0.008263501,0.019756468,31.975403,32.06361,2,4,1,0.9957698,1
5,7,1,1,1,34.862206,232.76108,234.74489,-0.006062937,0.00052651943,0.0029774338,6.769042,6.7675,2,5,1,0.9826734,1
5,31,1,1,1,-37.72093,-183.73376,314.94724,-0.009396786,0.004678674,0.009888316,12.6265545,12.462778,2,6,1,0.9962992,1
5,5,1,1,1,-73.16967,-255.41866,374.82104,-0.0024190156,0.0007807826,0.004193106,4.351972,4.351389,2,7,1,0.9946554,1
5,16,1,1,1,-77.00931,-338.84875,368.01886,-0.002243919,0.000582219,0.003075365,3.7947292,3.7455556,2,8,1,0.9598963,1
5,3,1,1,1,88.96192,253.49295,292.1701,-0.008217016,0.001588476,0.0089884,12.49873,12.817223,2,9,1,0.9984641,1
5,34,1,1,1,-96.36939,83.63747,251.50867,-0.005760097,0.0018105744,0.007814248,11.204132,11.133333,2,10,1,0.9757658,1
5,2,1,1,1,-101.09585,369.27176,318.87637,-0.0054289703,0.0027389503,0.0063672913,7.894451,7.8594446,2,12,1,0.9685809,1
5,8,1,1,1,103.60059,-163.85562,87.53901,-0.0029674934,0.0011638622,0.0044499324,6.0542502,5.896111,2,13,1,0.98201925,1
5,6,1,1,1,-108.45304,228.03156,443.04346,-0.003226636,0.00092994404,0.0040834066,5.6581945,5.6630554,2,14,1,0.9795578,1
5,30,1,1,1,-113.16543,-451.8888,239.8045,-0.021029163,0.0047089206,0.018501813,26.949654,26.789444,2,15,1,0.99997246,1
5,30,1,0,1,-113.16543,-451.8888,239.8045,-0.021029163,0.0047089206,0.018501813,6.0069723,6.068333,2,-1,0,0.99803895,1
5,20,1,1,1,-121.43995,-244.049,124.335724,-0.009391978,0.0035484026,0.0070932535,9.368104,9.386111,2,16,1,0.993856,1
5,8,0,0,0,0.0,0.0,0.0,0.0,0.0,0.0,2.8813956,2.8780556,2,-1,0,0.897478,1
5,4,0,0,0,0.0,0.0,0.0,0.0,0.0,0.0,2.8125072,2.7925,2,-1,0,0.5634412,1
5,33,1,1,1,-155.85333,8.106375,33.307106,-0.0035803511,0.00215554,0.0013545855,4.3598824,4.2605557,2,17,1,0.981752,1
5,32,1,1,1,-157.56259,486.94528,151.50354,-0.006041347,0.0013904256,0.0031504084,6.680625,6.7119446,2,18,1,0.95777726,1
5,40,0,0,0,0.0,0.0,0.0,0.0,0.0,0.0,2.5979373,2.5377777,2,-1,0,0.5638697,1
5,26,1,1,1,-191.1621,-443.91895,442.42825,-0.01416545,0.004999149,0.008797611,18.048847,18.254168,2,19,1,0.9804914,1
5,12,1,1,1,-194.52283,423.85867,172.60295,-0.008313465,0.0018953147,0.0049707517,10.179854,10.125,2,20,1,0.9962451,1
5,38,1,1,1,222.1645,462.27286,139.95332,-0.006939043,0.004445941,0.0060605556,10.636507,10.7508335,2,21,1,0.9529858,1
5,35,1,1,1,-231.51616,-568.02423,332.79306,-0.014996828,0.0023657274,0.013051688,9.296583,9.326389,2,22,1,0.9763198,1
5,22,1,1,1,249.55574,-335.43512,193.94128,-0.021318572,0.006565576,0.017785884,29.20432,29.256945,2,23,1,0.9696221,1
5,25,1,1,1,-240.53899,-64.66226,457.6628,-0.0023508586,-0.00031381595,0.0035063336,3.9347777,3.8669446,2,24,1,0.85422933,1
5,29,1,0,1,251.2711,-44.160934,366.55066,-0.022248931,0.0074188574,0.014047389,12.383049,12.494166,2,-1,0,0.98239464,1
5,29,1,1,1,251.2711,-44.160934,366.55066,-0.022248931,0.0074188574,0.014047389,15.972263,15.927778,2,25,1,0.93728834,1
5,35,1,0,1,-231.51616,-568.02423,332.79306,-0.014996828,0.0023657274,0.013051688,5.24375,5.3130555,2,-1,0,0.98704684,1
5,11,1,1,1,280.5511,-466.5344,268.24176,-0.0061993008,0.0015246546,0.006108824,8.70668,8.725833,2,26,1,0.98288584,1
5,4,1,1,1,-280.0547,-215.01071,394.2965,-0.0041724695,0.0010703607,0.005492691,7.0779305,7.083611,2,27,1,0.9886972,1
5,9,1,1,1,290.71896,286.35623,415.19446,-0.013042808,0.001128036,0.011548114,12.440868,12.581388,2,28,1,0.9892498,1
5,17,1,1,1,306.40247,-315.8013,123.65933,-0.0019853015,0.0014068478,0.00383494,4.3522706,4.2694445,2,29,1,0.9557866,1
5,10,1,1,1,-312.70197,83.90799,166.33636,-0.006245821,0.0024056602,0.002505989,7.070639,7.0736113,2,-1,1,0.96741956,1
5,18,1,1,1,-346.23874,-442.53555,138.72221,-0.008966344,0.003394146,0.0106454715,13.831638,13.665556,2,30,1,0.97926,1
5,37,0,0,0,0.0,0.0,0.0,0.0,0.0,0.0,2.3880138,2.3930554,2,-1,0,0.57672054,1
6,9,1,0,1,47.703182,340.78067,152.5639,-0.01446499,0.0009654353,0.011156843,4.0152082,3.9169445,2,-1,0,0.98240614,1
6,1,1,0,1,-29.538109,-312.59586,22.533957,-0.011302068,0.0021330295,0.0058765686,2.8176942,2.7875,2,-1,0,0.5378144,1
6,30,1,0,1,59.395947,339.43475,181.52473,-0.02948805,0.008068204,0.023343602,4.4941254,4.4794445,2,-1,0,0.9708448,1
6,36,1,1,1,45.85798,63.77429,352.4544,-0.012857543,0.004988267,0.008345763,14.043333,14.027778,2,0,1,0.9967961,1
6,1,1,1,1,-29.538109,-312.59586,22.533957,-0.011302068,0.0021330295,0.0058765686,11.13393,11.282222,2,1,1,0.9926744,1
6,9,1,1,1,47.703182,340.78067,152.5639,-0.01446499,0.0009654353,0.011156843,16.82018,17.182777,2,2,1,0.9997868,1
6,30,1,0,1,59.395947,339.43475,181.52473,-0.02948805,0.008068204,0.023343602,17.347063,17.35111,2,-1,0,0.9960051,1
6,30,1,1,1,59.395947,339.43475,181.52473,-0.02948805,0.008068204,0.023343602,18.018883,17.765278,2,3,1,0.99829775,1
6,20,0,0,0,0.0,0.0,0.0,0.0,0.0,0.0,3.7259376,3.8322222,2,-1,0,0.5792136,1
6,32,1,1,1,-73.23727,-161.49388,17.006197,-0.0060910597,0.0024789544,0.0076467744,5.3953333,5.437778,2,4,1,0.96972567,1
6,10,0,0,0,0.0,0.0,0.0,0.0,0.0,0.0,2.7830832,2.7386112,2,-1,0,0.56274205,1
6,28,1,1,1,-81.331436,-397.6933,322.54276,-0.0048595546,0.0036458466,0.0053617414,9.133389,9.096389,2,5,1,0.9998951,1
6,7,1,1,1,-92.08045,575.92664,188.6154,-0.01854983,0.005787997,0.01230583,23.403402,23.199444,2,6,1,0.99996686,1
6,18,1,1,1,95.57339,-320.6966,366.58832,-0.0067377756,0.0041266177,0.004704043,10.335827,10.169723,2,7,1,0.99357903,1
6,10,1,1,1,98.54234,-438.80862,341.692,-0.004320339,0.0008107388,0.0035381448,6.138917,6.0311112,2,8,1,0.983123,1
6,27,1,1,1,-104.74352,-37.315228,94.08869,-0.0011843856,0.0013584053,0.0025078466,3.0081873,3.0783334,2,9,1,0.54062414,1
6,24,1,1,1,-121.79759,535.3065,66.50584,-0.027216395,0.00643306,0.02116394,35.16093,35.04639,2,10,1,0.9987808,1
6,11,1,1,1,-125.61615,74.39987,212.31963,-0.007459691,0.00083747803,0.0028468065,8.94516,8.830556,2,11,1,0.9514078,1
6,20,1,1,1,-168.9872,180.51105,231.03859,-0.010766053,0.0015930507,0.0062052673,4.910535,4.778333,2,12,1,0.9837143,1
6,37,1,1,1,180.29799,-510.86334,39.581985,-0.0046259738,0.0016593632,0.0018615621,5.379632,5.266389,2,13,1,0.98598653,1
6,34,1,1,1,197.74435,-89.00455,26.893295,-0.010736707,0.0014650868,0.0112482505,14.912409,14.918889,2,14,1,0.9466485,1
6,4,1,1,1,200.57765,6.611611,142.83698,-0.011282873,0.0016999482,0.006242085,9.263666,9.504167,2,15,1,0.9755484,1
6,33,1,1,1,207.8232,-97.13422,266.79648,-0.0030308214,-0.0009145942,0.0028514094,4.1161113,4.2391667,2,16,1,0.9664578,1
6,23,1,1,1,-216.44809,211.88373,121.481224,-0.011928693,0.002726609,0.0058782236,11.364772,11.225,2,17,1,0.9750958,1
6,31,1,0,1,295.07693,-25.943256,281.78894,-0.020886457,0.0068167225,0.014841615,7.762653,7.774722,2,-1,0,0.97228473,1
6,35,1,1,1,263.22797,-561.2448,0.81251115,-0.016545713,0.001836724,0.010613332,13.488702,13.333889,2,18,1,0.91530395,1
6,31,1,0,1,295.07693,-25.943256,281.78894,-0.020886457,0.0068167225,0.014841615,3.6165278,3.5025,2,-1,0,0.90128237,1
6,31,1,1,1,295.07693,-25.943256,281.78894,-0.020886457,0.0068167225,0.014841615,13.477792,13.343333,2,19,1,0.92441106,1
6,21,1,1,1,312.9909,-5.612981,420.71948,-0.01566416,0.002833418,0.010013822,17.708576,17.726667,2,20,1,0.99788326,1
6,13,1,1,1,-316.95984,-33.758396,46.88709,-0.008539571,0.0003798016,0.008322905,6.1215277,6.1594443,2,21,1,0.9763164,1
6,13,1,0,1,-316.95984,-33.758396,46.88709,-0.008539571,0.0003798016,0.008322905,2.8902154,2.971111,2,-1,0,0.6817191,1
6,40,1,1,1,333.41946,525.4337,28.138008,-0.018609572,0.0067878054,0.0179849,18.039528,17.975834,2,23,1,0.8593947,1
6,38,1,1,1,-328.31982,-441.35492,358.74515,-0.007837159,0.0019015876,0.008818738,6.4307637,6.362222,2,24,1,0.9759832,1
6,40,1,0,1,333.41946,525.4337,28.138008,-0.018609572,0.0067878054,0.0179849,7.559562,7.5277777,2,-1,0,0.95877826,1
6,8,1,1,1,335.78577,-399.98764,374.09,-0.011788762,0.0011084571,0.0068296036,12.86759,12.838056,2,25,1,0.9829722,1
6,19,1,1,1,-336.54172,-194.59943,173.36716,-0.003326365,-0.00095851225,0.0032709332,4.2010274,4.196111,2,-1,1,0.96869344,1
6,5,1,1,1,352.186,-550.585,123.55814,-0.009052745,0.00116788,0.009895523,12.707521,12.8122225,2,27,1,0.99597734,1
6,3,1,1,1,-350.74893,114.296455,262.06174,-0.0041269073,0.00019381368,0.0055177114,4.5592294,4.453611,2,-1,1,0.973082,1
6,39,1,1,1,356.75702,-404.6778,167.07802,-0.0019919514,0.00066777226,0.0034472186,2.991868,2.9097223,2,28,1,0.9505512,1
6,17,1,1,1,-359.55475,-587.51825,338.80902,-0.012858722,0.0040085725,0.009419029,11.37466,11.237778,2,29,1,0.95951164,1
7,20,1,1,1,5.5127563,514.64075,128.1143,-0.020621173,0.0048575597,0.01900282,6.6670485,6.6919446,2,0,1,0.9713467,1
7,14,1,1,1,-24.996325,-420.33008,104.28167,-0.03357344,0.008689133,0.025026593,43.096268,43.00611,2,1,1,0.9995615,1
7,19,1,1,1,-37.113552,241.74153,416.72513,-0.010580819,0.004829701,0.008156045,14.00355,14.120277,2,2,1,0.99772877,1
7,39,1,1,1,-38.634098,297.71884,179.7617,-0.008468191,0.00022898363,0.007182553,11.562563,11.675,2,3,1,0.98661894,1
7,24,1,1,1,-47.5873,309.66443,281.38815,-0.0017934111,0.0021418706,0.002158678,3.8781948,3.8144445,2,4,1,0.9808429,1
7,20,1,0,1,5.5127563,514.64075,128.1143,-0.020621173,0.0048575597,0.01900282,5.603181,5.5972223,2,-1,0,0.97367,1
7,40,1,1,1,65.29552,-430.81482,290.37918,-0.009631628,0.0019397374,0.005251167,13.271298,13.004444,2,6,1,0.9610188,1
7,14,1,0,1,-24.996325,-420.33008,104.28167,-0.03357344,0.008689133,0.025026593,3.2392848,3.2319446,2,-1,0,0.78679895,1
7,12,1,1,1,-79.767914,25.105137,210.91423,-0.0023032548,0.0014873343,0.0042299572,5.4547153,5.408889,2,7,1,0.97978973,1
7,18,1,1,1,-82.08007,-87.80997,173.67143,-0.004576997,-0.0003964256,0.0026120304,5.8060346,5.736111,2,8,1,0.98232484,1
7,9,1,1,1,90.87145,217.81651,349.0318,-0.024522612,0.0041051116,0.018382085,30.442966,30.110834,2,9,1,0.99674904,1
7,28,1,1,1,96.94047,-133.47195,204.63249,-0.011602848,0.0015665916,0.008344688,16.603472,16.858055,2,10,1,0.9780539,1
7,22,1,1,1,-97.80574,370.55386,164.76141,-0.0035204017,0.0018870989,0.004158093,6.30607,6.362222,2,11,1,0.9858899,1
7,37,1,1,1,-98.32083,401.13245,377.84344,-0.004868576,0.0026020354,0.006078216,8.060396,7.871389,2,12,1,0.9924905,1
7,3,1,1,1,132.68968,-141.79254,420.29092,-0.006444547,0.0004188289,0.007347403,8.635951,8.521667,2,13,1,0.98769337,1
7,13,1,1,1,-137.87547,-152.2142,435.18274,-0.0069348505,-0.00018447188,0.003689359,8.614243,8.460278,2,14,1,0.9494431,1
7,2,1,1,1,-140.41565,435.83618,331.8146,-0.015196611,0.0024720153,0.008672123,18.49046,18.415833,2,15,1,0.98958427,1
7,8,1,1,1,146.16118,-148.66205,29.538002,-0.002887298,0.0026663018,0.0026452602,4.292757,4.351111,2,16,1,0.97664046,1
7,15,1,1,1,151.3156,513.5775,42.11698,-0.009588702,0.004345322,0.008062786,10.841458,10.66,2,17,1,0.949769,1
7,15,1,0,1,151.3156,513.5775,42.11698,-0.009588702,0.004345322,0.008062786,3.794514,3.7644444,2,-1,0,0.8391525,1
7,1,1,1,1,165.99942,199.10179,212.5774,-0.005137474,0.001993758,0.0069206967,9.673444,9.608889,2,18,1,0.9740481,1
7,29,0,0,0,0.0,0.0,0.0,0.0,0.0,0.0,3.1440554,3.095,2,-1,0,0.70324284,1
7,7,1,1,1,-196.74641,-194.25339,296.9673,-0.010755059,0.0030355398,0.005190124,12.849709,12.870556,2,19,1,0.991067,1
7,34,1,1,1,-219.12772,98.58878,206.30223,-0.006386081,0.0014108908,0.0064069275,7.4895144,7.647222,2,20,1,0.9913133,1
7,36,1,1,1,239.24335,-209.97281,58.932648,-0.0042624315,0.0033052627,0.0045873546,6.865486,6.8802776,2,21,1,0.9808468,1
7,25,1,1,1,-240.77777,-175.36717,164.29616,-0.015466132,0.0037085586,0.010749961,12.021167,11.972777,2,22,1,0.97881216,1
7,25,1,0,1,-240.77777,-175.36717,164.29616,-0.015466132,0.0037085586,0.010749961,3.700625,3.7991667,2,-1,0,0.98866767,1
7,16,1,1,1,-242.72583,223.62488,206.87161,-0.0044959285,-0.00090585276,0.0033657355,5.597716,5.5241666,2,23,1,0.9888455,1
7,4,1,1,1,-250.74397,-596.83777,193.62038,-0.00096667185,0.0010261872,0.002423954,2.5654237,2.4994445,2,24,1,0.5844584,1
7,6,1,0,1,-252.8541,-430.6449,108.7424,-0.015352135,0.0036369688,0.0154086165,4.455,4.553889,2,-1,0,0.94071746,1
7,6,1,0,1,-252.8541,-430.6449,108.7424,-0.015352135,0.0036369688,0.0154086165,3.2889998,3.25,2,-1,0,0.93422604,1
7,6,1,1,1,-252.8541,-430.6449,108.7424,-0.015352135,0.0036369688,0.0154086165,13.071472,13.098889,2,25,1,0.9919241,1
7,37,0,0,0,0.0,0.0,0.0,0.0,0.0,0.0,2.6859097,2.7308333,2,-1,0,0.63660526,1
7,31,1,1,1,-292.28445,-424.79898,418.27325,-0.012887133,0.0009628786,0.008175301,8.549639,8.615,2,26,1,0.96243817,1
7,31,1,0,1,-292.28445,-424.79898,418.27325,-0.012887133,0.0009628786,0.008175301,3.0460622,2.9480555,2,-1,0,0.8538524,1
7,33,1,1,1,301.12534,-500.80612,457.533,-0.008360582,0.003980686,0.005376755,8.310194,8.387222,2,27,1,0.9138874,1
7,10,1,0,1,307.91034,-490.32947,134.42877,-0.021780195,0.006423378,0.015213546,8.660028,8.693055,2,-1,0,0.99858993,1
7,10,1,1,1,307.91034,-490.32947,134.42877,-0.021780195,0.006423378,0.015213546,17.294624,17.335278,2,28,1,0.9784557,1
7,30,1,1,1,-314.4357,205.67392,442.14786,-0.018410865,0.0026402073,0.013213754,22.613968,22.6575,2,29,1,0.9970536,1
7,38,1,1,1,-326.06735,182.21526,188.56804,-0.011767301,0.0010292757,0.010242847,9.367354,9.406944,2,-1,1,0.9958099,1
7,38,1,0,1,-326.06735,182.21526,188.56804,-0.011767301,0.0010292757,0.010242847,6.217445,6.2733335,2,-1,0,0.96855944,1
7,17,1,1,1,348.02554,197.49626,432.989,-0.0077702496,0.0042062732,0.008974593,7.4984097,7.428056,2,31,1,0.9954021,1
7,27,1,1,1,-341.82147,-167.38081,5.965143,-0.0055135335,0.00012723294,0.005489401,7.5098753,7.6475,2,32,1,0.96277493,1
7,29,1,1,1,-346.48163,341.25412,76.68414,-0.0059107286,0.0016025291,0.006480815,4.6389933,4.7266665,2,33,1,0.9879973,1
8,17,1,0,1,19.888105,41.146786,275.6043,-0.016152183,0.0026829413,0.015514565,7.8221526,7.8283334,2,-1,0,0.9961953,1
8,17,1,1,1,19.888105,41.146786,275.6043,-0.016152183,0.0026829413,0.015514565,17.312466,17.479445,2,0,1,0.94411904,1
8,11,1,1,1,20.84918,-539.5744,245.39238,-0.012960987,0.004404481,0.013156141,16.384382,16.673056,2,1,1,0.9999999,1
8,7,1,1,1,-29.993397,-543.25775,14.666961,-0.004197828,0.0013743439,0.0059340918,8.640771,8.595834,2,2,1,0.99895835,1
8,9,1,0,1,88.70015,76.6879,377.23907,-0.050360553,0.015668591,0.03732036,4.3105,4.446944,2,-1,0,0.8068685,1
8,9,1,1,1,88.70015,76.6879,377.23907,-0.050360553,0.015668591,0.03732036,34.00263,33.82,2,3,1,0.99232227,1
8,9,1,0,1,88.70015,76.6879,377.23907,-0.050360553,0.015668591,0.03732036,4.1755,4.1186113,2,-1,0,0.986384,1
8,26,1,1,1,52.40512,-148.3208,445.09576,-0.0040331064,0.0020435692,0.004142882,6.9339724,6.8216667,2,4,1,0.9931433,1
8,33,1,1,1,-57.274876,293.08038,324.66565,-0.015023961,0.0020073839,0.013522285,21.435575,21.582222,2,5,1,0.99562883,1
8,19,1,1,1,60.157803,391.95587,13.375339,-0.006486923,0.001329349,0.00426637,7.366917,7.400833,2,6,1,0.9714077,1
8,12,1,1,1,70.65892,-162.75569,117.19369,-0.013661358,0.0029227943,0.009867311,17.884062,17.733055,2,7,1,0.95811003,1
8,18,1,1,1,-71.93647,365.74048,147.27055,-0.0052908077,0.0031422675,0.002686927,7.7651114,7.7080555,2,8,1,0.98774767,1
8,36,1,1,1,-75.664474,84.69414,440.62732,-0.0071401387,0.0014985786,0.008077406,10.547437,10.636111,2,9,1,0.9877301,1
8,38,1,0,1,85.28181,-298.20023,381.53192,-0.005337499,0.0022907136,0.006849154,3.329028,3.1602778,2,-1,0,0.9407984,1
8,40,1,0,1,96.60304,522.73016,176.20052,-0.02619194,0.008738377,0.02392783,15.992632,16.12,2,-1,0,0.9919207,1
8,31,1,1,1,85.27506,-306.0809,22.170252,-0.017038569,0.0074626845,0.015833773,27.04053,26.95139,2,10,1,0.9816753,1
8,9,1,0,1,88.70015,76.6879,377.23907,-0.050360553,0.015668591,0.03732036,20.75291,20.969723,2,-1,0,0.9998142,1
8,38,1,1,1,85.28181,-298.20023,381.53192,-0.005337499,0.0022907136,0.006849154,5.756368,5.8116665,2,11,1,0.98144126,1
8,40,1,1,1,96.60304,522.73016,176.20052,-0.02619194,0.008738377,0.02392783,24.748901,25.056944,2,12,1,0.9855041,1
8,5,1,1,1,-95.39665,31.018013,334.9452,-0.008533968,0.00057641923,0.004681007,8.473611,8.4825,2,13,1,0.9977793,1
8,21,1,0,1,109.92532,-258.65787,268.59158,-0.012190646,0.00056667294,0.009190322,4.6525836,4.4025,2,-1,0,0.95496595,1
8,21,1,1,1,109.92532,-258.65787,268.59158,-0.012190646,0.00056667294,0.009190322,9.041855,8.841666,2,14,1,0.98951346,1
8,28,1,0,1,-132.60434,168.96227,170.25436,-0.020920528,0.0048209564,0.01624057,11.881291,11.846945,2,-1,0,0.99024874,1
8,28,1,1,1,-132.60434,168.96227,170.25436,-0.020920528,0.0048209564,0.01624057,13.63234,13.463611,2,15,1,0.9912497,1
8,28,1,0,1,-132.60434,168.96227,170.25436,-0.020920528,0.0048209564,0.01624057,4.324153,4.278611,2,-1,0,0.8088263,1
8,22,1,1,1,205.65642,200.1424,371.25406,-0.0130699985,0.0043275724,0.012021158,18.5302,18.330833,2,16,1,0.99724376,1
8,14,1,1,1,212.54727,215.03676,250.18521,-0.005006839,-3.1547257e-05,0.006481409,8.405055,8.529722,2,17,1,0.99026525,1
8,16,0,0,0,0.0,0.0,0.0,0.0,0.0,0.0,6.68018,-1.0,2,-1,0,0.9762865,1
8,24,1,1,1,-218.68243,525.16016,412.43106,-0.0044192523,0.0009994728,0.0011403172,4.0301805,4.0302777,2,18,1,0.8603102,1
8,39,1,1,1,-248.57701,366.01672,368.61948,-0.009333442,0.0029372133,0.0055564744,9.034882,8.978333,2,19,1,0.9873898,1
8,39,1,0,1,-248.57701,366.01672,368.61948,-0.009333442,0.0029372133,0.0055564744,2.953222,2.9336112,2,-1,0,0.77016205,1
8,1,1,1,1,255.1604,-240.74881,93.55046,-0.0041996767,0.0023637668,0.0024297698,5.3527226,5.3444443,2,20,1,0.97420305,1
8,3,1,1,1,-260.7018,-190.45891,264.0063,-0.0068127266,0.0015851543,0.0028675327,6.3436666,6.3708334,2,21,1,0.9797101,1
8,35,1,1,1,262.101,-115.957954,86.63349,-0.004545314,0.0014801099,0.005481909,7.208618,7.214722,2,22,1,0.98611057,1
8,29,1,1,1,-272.8805,305.33466,105.107124,-0.010419521,0.0012079923,0.004698337,11.540382,11.537778,2,24,1,0.9768143,1
8,30,1,1,1,-284.92596,-514.4562,343.58966,-0.02366683,0.009581705,0.020395244,20.030708,20.100555,2,25,1,0.9903797,1
8,25,1,1,1,297.45187,481.76044,193.02443,-0.0018335407,0.0012396937,0.003626862,3.8751252,3.9244444,2,26,1,0.956156,1
8,6,1,1,1,-301.83704,-501.92285,360.38882,-0.00966394,0.0038564515,0.0098558655,14.734299,14.596389,2,27,1,0.8626933,1
8,23,1,1,1,-314.67383,-201.60573,218.17776,-0.001814092,-9.5285155e-05,0.003279212,3.3555765,3.28,2,28,1,0.9773113,1
8,30,1,0,1,-284.92596,-514.4562,343.58966,-0.02366683,0.009581705,0.020395244,4.9625487,5.0016665,2,-1,0,0.98665327,1
8,2,1,1,1,-327.30014,410.5249,57.344475,-0.0084512,0.000908971,0.0067643956,4.711771,4.7091665,2,29,1,0.96136814,1
8,30,1,0,1,-284.92596,-514.4562,343.58966,-0.02366683,0.009581705,0.020395244,3.492743,3.4769444,2,-1,0,0.9255349,1
8,20,1,1,1,346.40784,223.25923,408.5473,-0.007968062,0.0020256585,0.008422837,11.49482,11.192223,2,30,1,0.99105597,1
8,32,1,1,1,-352.20108,42.890827,300.57373,-0.0131256385,0.0061289705,0.0105273025,14.603709,14.553611,2,31,1,0.99708086,1
8,8,1,1,1,355.01874,443.7091,186.5544,-0.0064347363,0.002785186,0.0042891116,7.7968817,7.8005557,2,32,1,0.9907206,1
8,34,1,1,1,-356.7923,336.40457,49.49689,-0.009275992,0.004520618,0.009464909,12.137952,12.235556,2,33,1,0.9767214,1
8,4,1,1,1,360.14694,-64.49315,362.4178,-0.0031354332,0.0012199667,0.0023897775,3.4977498,3.496389,2,34,1,0.85299736,1
9,21,1,0,0,-12.564402,359.40717,144.66927,0.008898317,0.043022048,-0.03190957,9.839687,9.818889,2,-1,0,0.9856436,1
9,6,1,1,0,7.127334,7.6799164,325.94266,0.016386604,-0.00608432,0.004033105,18.22307,18.0925,2,0,1,0.95698786,1
9,21,1,1,0,-12.564402,359.40717,144.66927,0.008898317,0.043022048,-0.03190957,45.930702,46.068333,2,1,1,0.99419194,1
9,21,1,0,0,-12.564402,359.40717,144.66927,0.008898317,0.043022048,-0.03190957,3.7458818,3.6230555,2,-1,0,0.8481379,1
9,28,1,1,0,13.871323,545.70013,381.02628,0.0117803225,-0.021235045,0.015950061,13.03493,9.4675,2,2,1,0.98125434,1
9,23,1,1,0,-15.627852,-208.07933,415.9743,-0.013924953,0.0075135683,-0.006723967,16.38298,16.238611,2,3,1,0.9967373,1
9,28,1,0,0,13.871323,545.70013,381.02628,0.0117803225,-0.021235045,0.015950061,6.729021,6.8033333,2,-1,0,0.8847206,1
9,28,1,0,0,13.871323,545.70013,381.02628,0.0117803225,-0.021235045,0.015950061,7.343944,7.077778,2,-1,0,0.9982652,1
9,28,1,0,0,13.871323,545.70013,381.02628,0.0117803225,-0.021235045,0.015950061,5.2850213,5.2908335,2,-1,0,0.9854036,1
9,26,1,0,0,39.821808,129.05638,180.17673,0.026532266,-0.0065413956,-0.006292364,8.342292,8.211945,2,-1,0,0.99060786,1
9,29,0,0,0,0.0,0.0,0.0,0.0,0.0,0.0,28.948729,-1.0,2,-1,0,0.9999647,1
9,26,1,0,0,39.821808,129.05638,180.17673,0.026532266,-0.0065413956,-0.006292364,2.4647222,2.5122223,2,-1,0,0.5833694,1
9,26,1,1,0,39.821808,129.05638,180.17673,0.026532266,-0.0065413956,-0.006292364,23.421623,23.324444,2,4,1,0.9646506,1
9,26,1,0,0,39.821808,129.05638,180.17673,0.026532266,-0.0065413956,-0.006292364,5.3511395,5.420833,2,-1,0,0.99070483,1
9,14,1,1,0,56.5462,-549.96045,151.89919,0.011191127,-0.005553135,0.01727322,16.61048,16.733612,2,5,1,0.9765679,1
9,39,1,1,0,71.449814,-227.40627,379.55115,0.014658089,0.016621916,0.015648628,25.745096,25.636944,2,6,1,0.99862874,1
9,1,1,1,0,82.70961,352.81876,18.504604,0.024667602,0.0024360719,0.016804866,33.07221,31.174723,2,7,1,0.9997632,1
9,4,0,0,0,0.0,0.0,0.0,0.0,0.0,0.0,2.6211457,2.5852778,2,-1,0,0.7054156,1
9,14,1,0,0,56.5462,-549.96045,151.89919,0.011191127,-0.005553135,0.01727322,7.7004447,7.624722,2,-1,0,0.9923152,1
9,8,1,0,0,-135.90636,-473.55356,312.7384,0.014202249,0.00019590884,0.0028112722,3.3684237,3.5077777,2,-1,0,0.82098037,1
9,38,1,1,0,-93.29546,385.13162,147.77429,-0.007458881,0.007349142,-0.024066187,24.192852,24.260279,2,8,1,0.9352791,1
9,3,1,1,0,93.74929,-594.7388,320.35608,0.016852139,-0.010109505,-0.010698688,26.280909,26.49361,2,9,1,0.9987556,1
9,13,1,0,0,104.94368,26.989283,252.9439,-0.013009888,0.001999939,-0.017050995,5.125,5.105,2,-1,0,0.92843646,1
9,13,1,1,0,104.94368,26.989283,252.9439,-0.013009888,0.001999939,-0.017050995,16.81432,16.475277,2,10,1,0.9971577,1
9,37,1,1,0,-106.88096,-36.98079,61.324688,-0.0051213056,0.017960971,0.0013006065,16.306355,15.036944,2,11,1,0.9998847,1
9,13,1,0,0,104.94368,26.989283,252.9439,-0.013009888,0.001999939,-0.017050995,4.776417,4.78,2,-1,0,0.99860674,1
9,16,1,0,0,196.31033,214.1105,45.514103,-0.03430766,-0.013649006,0.012720573,5.9178615,5.9294443,2,-1,0,0.9885002,1
9,8,1,0,0,-135.90636,-473.55356,312.7384,0.014202249,0.00019590884,0.0028112722,4.277222,4.1797223,2,-1,0,0.9943234,1
9,34,0,0,0,0.0,0.0,0.0,0.0,0.0,0.0,2.8311388,2.8275,2,-1,0,0.7828658,1
9,25,1,1,0,132.83844,-374.89734,361.6636,-0.00077692635,-0.020926557,-0.013304132,23.38725,23.426945,2,12,1,0.9920425,1
9,17,1,1,0,138.4819,-518.00055,357.29846,-0.01725241,0.008612096,-0.0045950413,23.284847,23.087778,2,13,1,0.992702,1
9,8,1,1,0,-135.90636,-473.55356,312.7384,0.014202249,0.00019590884,0.0028112722,10.2583475,7.861111,2,14,1,0.99420494,1
9,40,1,1,0,139.55115,-13.258965,444.89725,0.0077272127,-0.02815121,-0.023019847,21.175596,21.331388,2,15,1,0.96874183,1
9,40,1,0,0,139.55115,-13.258965,444.89725,0.0077272127,-0.02815121,-0.023019847,4.378111,2.771111,2,-1,0,0.92630595,1
9,40,1,0,0,139.55115,-13.258965,444.89725,0.0077272127,-0.02815121,-0.023019847,12.100499,12.015,2,-1,0,0.989354,1
9,16,1,0,0,196.31033,214.1105,45.514103,-0.03430766,-0.013649006,0.012720573,15.0304165,14.778055,2,-1,0,0.9759469,1
9,35,1,1,0,-168.03523,554.8946,82.38661,-0.013974254,0.0006751805,0.013339013,12.608693,11.321389,2,16,1,0.9984168,1
9,35,1,0,0,-168.03523,554.8946,82.38661,-0.013974254,0.0006751805,0.013339013,5.982834,6.0930557,2,-1,0,0.98158664,1
9,33,1,1,0,176.08295,-139.51582,449.7942,-0.0010631331,0.02103821,0.02688811,9.635555,8.699722,2,17,1,0.986048,1
9,19,1,1,0,-183.51678,-537.9535,30.001236,0.014248771,-0.004495432,0.0018128485,17.31409,17.314722,2,18,1,0.9961177,1
9,30,1,1,0,-185.59499,128.4232,407.73114,-0.018215979,-0.0003009364,-0.0036528967,20.221382,20.19139,2,19,1,0.9906125,1
9,16,1,1,0,196.31033,214.1105,45.514103,-0.03430766,-0.013649006,0.012720573,17.527693,17.474445,2,20,1,0.9985176,1
9,20,1,0,0,-221.28856,-104.07422,212.65999,0.018618997,-0.008349149,0.013533144,4.545014,4.751389,2,-1,0,0.9757902,1
9,36,1,1,0,202.06314,299.26178,423.4516,-0.008751008,0.00031980057,0.0067174253,9.518001,9.622222,2,21,1,0.9826142,1
9,20,1,0,0,-221.28856,-104.07422,212.65999,0.018618997,-0.008349149,0.013533144,3.3555903,3.2708333,2,-1,0,0.7989385,1
9,2,1,1,0,216.15129,-131.39197,326.6141,0.014025266,0.011731502,0.026293475,33.570415,28.159166,2,22,1,0.9649294,1
9,20,1,1,0,-221.28856,-104.07422,212.65999,0.018618997,-0.008349149,0.013533144,15.7479515,15.985556,2,23,1,0.87840796,1
9,31,0,0,0,0.0,0.0,0.0,0.0,0.0,0.0,26.005445,-1.0,2,-1,0,0.9969194,1
9,5,1,1,0,264.2175,236.38129,388.4756,0.0042283596,-0.0067932247,-0.0038145396,10.297673,4.1419444,2,24,1,0.9916944,1
9,18,1,1,0,-266.2991,242.38452,325.1872,0.011110141,-0.0027687005,-0.013679996,11.11848,11.226944,2,25,1,0.9914147,1
9,10,1,0,0,-291.55386,-253.59105,50.872578,-0.0073133684,0.001670156,-0.011802756,4.747611,4.7858334,2,-1,0,0.99779934,1
9,4,1,1,0,-272.1365,-294.34207,49.936123,0.003887103,-0.0013614647,0.0069688484,7.9492016,7.8402777,2,26,1,0.96627396,1
9,10,1,1,0,-291.55386,-253.59105,50.872578,-0.0073133684,0.001670156,-0.011802756,13.125702,13.118333,2,27,1,0.9963527,1
9,12,1,1,0,294.99878,186.48438,80.020256,-0.0008129856,-0.025267396,-0.013035079,29.706697,29.686111,2,28,1,0.9707618,1
9,24,1,1,0,-298.0766,-505.61792,154.07751,-0.01683049,-0.0042927503,0.012033356,22.542028,19.57,2,29,1,0.8852491,1
9,7,1,1,0,-307.82462,201.37703,90.61009,-0.036548138,0.002812699,-0.006640018,24.50511,23.63139,2,30,1,0.98878247,1
9,32,1,1,0,319.7413,-425.25803,188.76926,-0.020951666,0.0058225472,0.03193807,36.07478,36.02667,2,31,1,0.9880619,1
9,11,1,0,0,336.23273,-556.78436,7.160573,-0.013857118,0.024838472,-0.030507652,3.6322083,3.6375,2,-1,0,0.79210484,1
9,11,1,1,0,336.23273,-556.78436,7.160573,-0.013857118,0.024838472,-0.030507652,27.602617,27.526945,2,32,1,0.9966775,1
9,7,1,0,0,-307.82462,201.37703,90.61009,-0.036548138,0.002812699,-0.006640018,9.918208,9.953611,2,-1,0,0.9754554,1
9,9,1,1,0,-346.17325,-204.70906,118.626114,-0.0031939633,0.007992806,-0.0037855397,8.970897,7.663611,2,33,1,0.9754048,1
9,34,1,1,0,349.10062,-136.39987,12.015788,0.013456735,-0.00049679936,-0.029994883,8.166285,8.1775,2,34,1,0.7187757,1
10,3,1,1,0,-36.27541,90.9866,276.13757,0.021654049,-0.015534202,-0.0128673725,31.567194,31.709723,2,0,1,0.999912,1
10,38,1,1,0,37.472607,-155.67891,384.53394,-0.013680157,-0.0066816355,-0.0059973155,21.214176,20.671667,2,1,1,0.9888123,1
10,12,1,1,0,38.673943,-452.56503,333.25836,-0.016488567,0.014997709,-0.011253127,21.510416,21.698334,2,2,1,0.9848969,1
10,12,1,0,0,38.673943,-452.56503,333.25836,-0.016488567,0.014997709,-0.011253127,4.6678195,4.6930556,2,-1,0,0.90849906,1
10,36,1,1,0,53.024376,283.9275,362.5659,-0.009593023,-0.024357151,-0.0027513194,31.90053,30.748888,2,3,1,0.9945898,1
10,5,0,0,0,0.0,0.0,0.0,0.0,0.0,0.0,10.505826,-1.0,2,-1,0,0.98944163,1
10,23,1,1,0,57.71934,497.66827,120.702255,0.020508602,-0.018346937,0.02118176,31.042734,30.993055,2,4,1,0.9778156,1
10,23,1,0,0,57.71934,497.66827,120.702255,0.020508602,-0.018346937,0.02118176,8.977222,9.013611,2,-1,0,0.9697402,1
10,40,1,1,0,61.65757,-402.95282,274.01285,0.0065655657,-0.012058444,-0.015468622,23.824451,22.201666,2,5,1,0.9722693,1
10,29,1,1,0,67.03065,-21.536423,407.04358,-0.00854726,0.006715391,0.001855816,12.905604,13.044444,2,6,1,0.97532904,1
10,10,1,1,0,77.207214,91.4332,354.1372,6.875796e-05,-0.0061386805,-0.0026650473,7.4282227,3.1744444,2,7,1,0.9493569,1
10,18,1,1,0,82.5855,235.65215,261.4518,-0.008737942,0.0024258627,-0.011430543,14.129056,14.183333,2,8,1,0.9934564,1
10,15,1,1,0,-103.43891,38.844032,457.63818,0.029652279,0.012053836,-0.0027402944,21.54581,21.508055,2,9,1,0.9971173,1
10,17,1,1,0,85.63414,-330.16547,300.3561,-0.003896885,0.01621589,0.023015624,32.2424,32.074722,2,10,1,0.99668187,1
10,20,1,0,0,89.65093,167.30746,328.5267,0.029938124,-0.0058758873,0.002561384,12.0493965,11.288333,2,-1,0,0.9982097,1
10,14,1,1,0,-94.701256,595.5682,382.06552,0.009147685,0.002899251,0.003062214,11.007931,10.752778,2,11,1,0.9788031,1
10,20,1,1,0,89.65093,167.30746,328.5267,0.029938124,-0.0058758873,0.002561384,23.343374,23.133333,2,12,1,0.99999976,1
10,39,1,0,0,98.31502,444.5429,235.91635,0.007313827,-0.0065727932,-0.014976911,7.8158264,7.8352776,2,-1,0,0.9700162,1
10,35,1,1,0,99.350876,514.7504,108.2159,0.009864455,0.019020583,0.016456498,22.39418,20.569166,2,13,1,0.99477214,1
10,15,1,0,0,-103.43891,38.844032,457.63818,0.029652279,0.012053836,-0.0027402944,7.7923474,7.7108335,2,-1,0,0.9757018,1
10,35,1,0,0,99.350876,514.7504,108.2159,0.009864455,0.019020583,0.016456498,8.928285,8.754444,2,-1,0,0.9820656,1
10,25,1,1,0,-103.32015,-462.4229,10.328842,-0.0075169182,0.017659413,0.0033430094,21.963728,20.366945,2,14,1,0.996768,1
10,24,1,1,0,126.90188,-152.624,310.67865,0.0036364265,-0.013503256,-0.027512541,19.311132,19.196667,2,15,1,0.9964812,1
10,24,1,0,0,126.90188,-152.624,310.67865,0.0036364265,-0.013503256,-0.027512541,3.2299445,2.1508334,2,-1,0,0.93404126,1
10,24,1,0,0,126.90188,-152.624,310.67865,0.0036364265,-0.013503256,-0.027512541,5.139431,5.2144446,2,-1,0,0.93784344,1
10,39,1,1,0,98.31502,444.5429,235.91635,0.007313827,-0.0065727932,-0.014976911,9.2358885,9.081111,2,16,1,0.99737227,1
10,30,1,0,0,154.84065,544.4931,230.93408,-0.014240957,-0.06532724,-0.030926354,8.102145,8.092222,2,-1,0,0.9888881,1
10,30,1,0,0,154.84065,544.4931,230.93408,-0.014240957,-0.06532724,-0.030926354,13.799293,14.078333,2,-1,0,0.99442863,1
10,2,1,1,0,-144.81012,35.065483,301.49496,-0.005808688,0.010566335,-0.004154065,13.276083,11.526111,2,17,1,0.99361753,1
10,30,1,0,0,154.84065,544.4931,230.93408,-0.014240957,-0.06532724,-0.030926354,3.0918474,3.0030556,2,-1,0,0.7993836,1
10,30,1,0,0,154.84065,544.4931,230.93408,-0.014240957,-0.06532724,-0.030926354,18.991919,18.967222,2,-1,0,0.98573965,1
10,30,1,1,0,154.84065,544.4931,230.93408,-0.014240957,-0.06532724,-0.030926354,28.077778,27.74639,2,18,1,0.9996296,1
10,4,1,1,0,-161.8391,322.06308,148.86855,0.013635314,-0.009224124,-0.022426274,26.52755,26.702778,2,19,1,0.99031574,1
10,2,1,0,0,-144.81012,35.065483,301.49496,-0.005808688,0.010566335,-0.004154065,2.9762847,3.15,2,-1,0,0.7893727,1
10,16,1,1,0,198.2299,101.840645,131.37958,0.014083295,0.014650123,-0.00030386864,15.316423,8.833333,2,20,1,0.9750438,1
10,16,1,0,0,198.2299,101.840645,131.37958,0.014083295,0.014650123,-0.00030386864,2.7997222,2.841389,2,-1,0,0.6353617,1
10,21,1,1,0,-212.03818,184.8086,74.869675,0.013563457,0.0023113235,0.0035292462,14.171945,14.089723,2,21,1,0.97818327,1
10,16,1,0,0,198.2299,101.840645,131.37958,0.014083295,0.014650123,-0.00030386864,4.10175,4.175833,2,-1,0,0.98653203,1
10,13,1,1,0,-237.54317,-597.5385,139.75987,0.0001817324,-0.014902198,0.018531641,10.973514,9.811111,2,22,1,0.9894014,1
10,33,1,1,0,241.76743,-42.06031,458.69202,-0.024054,0.010912817,0.0076754945,16.693632,16.7825,2,23,1,0.9990018,1
10,6,1,1,0,-245.93608,-463.19235,31.099682,-0.0110561885,0.012212197,-0.0010109711,17.764034,17.667223,2,24,1,0.8370455,1
10,34,1,1,0,248.02171,244.76974,211.5379,0.011523574,0.009428458,0.032573342,21.287632,21.275278,2,25,1,0.9964999,1
10,34,1,0,0,248.02171,244.76974,211.5379,0.011523574,0.009428458,0.032573342,14.472166,14.529722,2,-1,0,0.9836871,1
10,31,1,1,0,265.14014,-529.92255,354.36298,-0.029547932,0.0011189508,-0.013771707,33.598618,33.498055,2,26,1,0.99899,1
10,9,1,1,0,258.38544,-587.2577,393.4235,-0.001944995,-0.0050219838,-0.004874116,6.5560765,6.5558333,2,27,1,0.9820473,1
10,22,1,1,0,259.3214,490.0138,349.40347,0.005842341,-0.03969535,0.0023714988,35.243973,34.9825,2,28,1,0.99780244,1
10,32,1,1,0,260.45612,428.32126,384.66168,0.037414037,0.021597093,0.007889717,33.667835,36.1175,2,29,1,0.99919313,1
10,32,1,0,0,260.45612,428.32126,384.66168,0.037414037,0.021597093,0.007889717,5.6474724,5.5844445,2,-1,0,0.92627686,1
10,19,1,1,0,-278.43927,-495.16116,441.4504,-0.001952892,0.004211212,-0.00057437934,3.9867501,3.611389,2,30,1,0.96294755,1
10,26,1,1,0,-282.13907,-477.40323,259.8844,0.00047936355,-0.016986802,0.0067304918,18.987026,17.905556,2,31,1,0.997276,1
10,8,1,1,0,-283.41507,67.260315,23.716404,-0.00010312342,0.021883575,0.01584374,24.633204,25.018612,2,32,1,0.9813634,1
10,37,1,1,0,283.30423,516.4638,282.76932,0.0054036207,-0.02449392,0.00042348466,14.612528,7.7447224,2,33,1,0.9917549,1
10,37,1,0,0,283.30423,516.4638,282.76932,0.0054036207,-0.02449392,0.00042348466,5.5158334,5.454167,2,-1,0,0.9832429,1
10,7,1,1,0,295.1626,187.84003,91.76819,-0.007215214,0.0016341314,0.0070473994,7.840298,7.8316665,2,34,1,0.98698425,1
10,11,1,1,0,319.1306,594.80914,69.29417,-0.0007130134,0.013576041,0.007874323,14.2880335,14.4225,2,35,1,0.9449176,1
10,27,1,1,0,-327.78275,-470.27106,16.3573,-0.002614234,-0.0009435568,-0.010849105,9.945604,9.908611,2,36,1,0.98826075,1
10,1,1,1,0,-342.38098,86.732414,45.93177,-0.008163303,0.018564904,0.011053319,15.060549,15.043612,2,37,1,0.96701515,1
10,1,1,0,0,-342.38098,86.732414,45.93177,-0.008163303,0.018564904,0.011053319,7.9413476,7.8022223,2,-1,0,0.97806406,1
11,5,0,0,0,0.0,0.0,0.0,0.0,0.0,0.0,24.850826,-1.0,2,-1,0,0.9975672,1
11,28,1,0,0,31.537397,-442.4151,293.2065,-0.022641333,0.050586022,-8.0469144e-05,6.6505904,6.6597223,2,-1,0,0.97929895,1
11,16,0,0,0,0.0,0.0,0.0,0.0,0.0,0.0,3.0651457,3.0877779,2,-1,0,0.6880018,1
11,12,1,1,0,-34.304962,560.2202,231.73396,0.028261922,-0.0136982715,-0.0062082876,12.013917,12.125556,2,0,1,0.96469235,1
11,28,1,0,0,31.537397,-442.4151,293.2065,-0.022641333,0.050586022,-8.0469144e-05,14.548173,14.7375,2,-1,0,0.97524685,1
11,36,1,1,0,-23.876932,-19.334642,458.61493,-0.00091738196,-0.030090287,0.0024841824,35.49739,35.654724,2,1,1,0.99574006,1
11,11,1,1,0,25.417042,-595.19086,160.6686,-0.0055328384,-0.007683837,0.00019149916,9.579402,9.564722,2,2,1,0.9961714,1
11,28,1,0,0,31.537397,-442.4151,293.2065,-0.022641333,0.050586022,-8.0469144e-05,4.2812357,4.2519445,2,-1,0,0.8641286,1
11,28,1,1,0,31.537397,-442.4151,293.2065,-0.022641333,0.050586022,-8.0469144e-05,30.166105,30.123611,2,3,1,0.9860554,1
11,10,1,1,0,-30.029161,443.32742,90.44311,-0.018569622,-0.014687311,-0.0035600879,28.320786,28.257223,2,4,1,0.9991115,1
11,14,1,1,0,-42.135574,-556.4721,97.561745,-0.011500303,-0.0046183555,0.014509695,20.375673,20.22889,2,5,1,0.9995654,1
11,34,1,0,0,-122.544495,289.59308,23.290976,0.030112242,-0.018902617,-0.0036038214,4.816458,4.983889,2,-1,0,0.97238344,1
11,34,1,0,0,-122.544495,289.59308,23.290976,0.030112242,-0.018902617,-0.0036038214,5.369486,5.478889,2,-1,0,0.9886408,1
11,22,1,0,0,-80.610634,-211.26395,251.9524,0.008092332,-0.010477007,0.0169138,8.013771,8.101666,2,-1,0,0.978873,1
11,21,1,1,0,74.157364,-149.51027,185.32127,-0.0073842388,0.025372501,0.018630974,33.038685,32.806667,2,6,1,0.93594474,1
11,29,1,1,0,-73.73801,-265.7424,323.1377,-0.030349346,0.011887933,-0.0056978725,25.85471,26.029722,2,7,1,0.99952173,1
11,22,1,1,0,-80.610634,-211.26395,251.9524,0.008092332,-0.010477007,0.0169138,12.125133,12.261945,2,8,1,0.9946455,1
11,22,1,0,0,-80.610634,-211.26395,251.9524,0.008092332,-0.010477007,0.0169138,4.479417,2.6283333,2,-1,0,0.9356799,1
11,15,1,1,0,-84.46715,-257.627,380.50128,-0.019568805,0.015987597,0.007825872,25.779278,25.6275,2,9,1,0.99999857,1
11,15,1,0,0,-84.46715,-257.627,380.50128,-0.019568805,0.015987597,0.007825872,4.19434,4.2408333,2,-1,0,0.8484992,1
11,36,0,0,0,0.0,0.0,0.0,0.0,0.0,0.0,2.9671874,2.8047223,2,-1,0,0.5102766,1
11,2,1,1,0,-92.96986,125.46193,430.3552,0.002657944,0.013434248,0.011441893,14.68834,14.649167,2,10,1,0.99150664,1
11,6,1,1,0,91.82952,-196.16965,412.18524,-0.0062257345,0.01701604,0.0106072035,18.941494,18.938612,2,11,1,0.99730706,1
11,3,1,0,0,91.92363,177.36935,277.43146,0.015733356,0.017213352,-0.028853603,10.431348,8.419167,2,-1,0,0.99885845,1
11,3,1,1,0,91.92363,177.36935,277.43146,0.015733356,0.017213352,-0.028853603,15.921228,11.120556,2,12,1,0.99319357,1
11,3,1,0,0,91.92363,177.36935,277.43146,0.015733356,0.017213352,-0.028853603,6.254722,6.3247223,2,-1,0,0.9783358,1
11,2,1,0,0,-92.96986,125.46193,430.3552,0.002657944,0.013434248,0.011441893,4.6802983,4.7225,2,-1,0,0.9838418,1
11,13,0,0,0,0.0,0.0,0.0,0.0,0.0,0.0,7.044882,-1.0,2,-1,0,0.9815362,1
11,34,1,1,0,-122.544495,289.59308,23.290976,0.030112242,-0.018902617,-0.0036038214,27.692617,27.378334,2,13,1,0.9864579,1
11,18,1,1,0,117.20468,-549.2425,160.59435,0.0063513736,-0.0038749718,-0.016084792,20.454618,20.185,2,14,1,0.9972573,1
11,32,1,1,0,-135.44893,349.1075,129.88454,-0.007192112,-0.0025571676,-0.01632745,16.295666,13.898611,2,15,1,0.99985886,1
11,19,0,0,0,0.0,0.0,0.0,0.0,0.0,0.0,2.7851112,2.7916667,2,-1,0,0.7622231,1
11,7,1,1,0,155.20369,402.77536,348.3853,-0.020518389,0.0070061767,0.0037871574,20.4192,20.347221,2,16,1,0.9858068,1
11,24,1,1,0,-159.45781,44.192,334.46594,-0.0010948968,0.0061673257,0.0075084893,11.085687,11.068055,2,17,1,0.97766894,1
11,9,1,1,0,-158.93597,293.76654,75.43683,0.0013366287,-0.016842848,-0.01420159,22.60707,21.367222,2,18,1,0.9849294,1
11,25,1,1,0,186.82959,205.6513,421.15744,-0.00969288,0.0068144915,0.016170494,22.067165,22.04889,2,19,1,0.9937594,1
11,1,1,0,0,246.71877,-472.4186,334.60437,-0.016474057,0.01054786,-0.0114918845,6.56468,6.6338887,2,-1,0,0.98763895,1
11,8,1,1,0,-198.63724,282.25378,422.50806,-7.738152e-05,0.001779275,-0.008258163,8.908597,8.794444,2,21,1,0.9937256,1
11,33,1,1,0,215.48,598.20123,129.08755,0.020727254,0.023293367,-0.018245267,5.838861,4.204167,2,22,1,0.9963954,1
11,4,1,1,0,223.06148,-146.17744,338.79626,0.017272288,0.0146443285,-0.00087322894,21.235,21.204721,2,23,1,0.99811894,1
11,16,1,1,0,-236.58716,-556.11096,361.7542,-0.011799393,0.026608313,-0.0077057416,33.48312,22.06639,2,24,1,0.99924797,1
11,38,0,0,0,0.0,0.0,0.0,0.0,0.0,0.0,20.402847,-1.0,2,-1,0,0.8948992,1
11,1,1,1,0,246.71877,-472.4186,334.60437,-0.016474057,0.01054786,-0.0114918845,16.375278,16.383888,2,25,1,0.99858886,1
11,19,1,1,0,269.5088,-409.08636,289.5302,-0.017057989,0.009974454,-0.00040624297,17.089445,17.015,2,26,1,0.9997948,1
11,8,0,0,0,0.0,0.0,0.0,0.0,0.0,0.0,2.9970763,2.978611,2,-1,0,0.78108823,1
11,31,1,1,0,268.49854,-168.46016,119.57362,0.014422121,-0.023737697,0.0005182936,29.011568,28.8825,2,27,1,0.9981704,1
11,27,1,1,0,277.9611,-446.39246,40.410698,-0.017993549,-0.0025567615,-0.0048886407,18.544003,18.512777,2,28,1,0.9718017,1
11,30,1,1,0,-277.4395,588.8216,15.197889,-0.0142668,-0.0002570342,0.0021303927,9.639473,9.674723,2,29,1,0.97625285,1
11,30,1,0,0,-277.4395,588.8216,15.197889,-0.0142668,-0.0002570342,0.0021303927,3.2732778,3.2586112,2,-1,0,0.899233,1
11,39,1,0,0,-281.63184,-420.7537,377.23203,-0.007347054,-0.026563287,-0.006356657,5.0933886,4.8075,2,-1,0,0.954206,1
11,40,1,0,0,-286.97366,-76.91147,428.3914,-0.014201359,0.0071828733,-0.0056631705,5.0309997,5.0044446,2,-1,0,0.9713572,1
11,39,1,1,0,-281.63184,-420.7537,377.23203,-0.007347054,-0.026563287,-0.006356657,20.150507,19.810278,2,30,1,0.99786735,1
11,40,1,1,0,-286.97366,-76.91147,428.3914,-0.014201359,0.0071828733,-0.0056631705,17.317417,17.231945,2,31,1,0.9998636,1
11,35,0,0,0,0.0,0.0,0.0,0.0,0.0,0.0,27.944084,-1.0,2,-1,0,0.9582124,1
11,30,1,0,0,-277.4395,588.8216,15.197889,-0.0142668,-0.0002570342,0.0021303927,3.7912498,3.783611,2,-1,0,0.98613447,1
11,20,1,1,0,307.52838,-98.18662,260.86707,-0.002891087,0.0011657436,0.0030357845,9.41779,9.5205555,2,32,1,0.98476726,1
11,26,1,0,0,-325.42102,323.84338,404.14972,0.009682009,0.014422044,-0.006444162,3.99759,4.046389,2,-1,0,0.9582417,1
11,26,1,1,0,-325.42102,323.84338,404.14972,0.009682009,0.014422044,-0.006444162,12.184972,12.362223,2,33,1,0.9806085,1
11,37,1,0,0,-329.80115,-530.94794,143.32208,0.0015230624,0.0062053464,0.011324371,4.3097014,3.1097221,2,-1,0,0.97576535,1
11,37,1,1,0,-329.80115,-530.94794,143.32208,0.0015230624,0.0062053464,0.011324371,7.358507,7.3641667,2,34,1,0.9574,1
11,23,1,1,0,339.2259,349.12402,274.12012,-0.0054795803,-0.00023038668,-0.02519221,24.17566,24.15611,2,35,1,0.95387757,1
12,29,1,1,0,-18.101107,-584.2468,273.0022,-0.0009416965,0.008423033,-0.03906278,28.929173,28.691944,2,0,1,0.9993262,1
12,2,1,0,0,17.23486,-38.60829,149.34456,0.011588466,-0.0033326508,-0.037566923,11.012251,10.2497225,2,-1,0,0.98831123,1
12,2,1,1,0,17.23486,-38.60829,149.34456,0.011588466,-0.0033326508,-0.037566923,32.424213,31.9575,2,1,1,0.9908635,1
12,29,1,0,0,-18.101107,-584.2468,273.0022,-0.0009416965,0.008423033,-0.03906278,9.799708,9.536111,2,-1,0,0.9997743,1
12,29,1,0,0,-18.101107,-584.2468,273.0022,-0.0009416965,0.008423033,-0.03906278,7.0952983,5.874722,2,-1,0,0.9928334,1
12,36,1,1,0,18.499989,-274.79788,354.50565,0.00028179793,0.008071774,0.005727011,11.224021,11.2375,2,2,1,0.9891404,1
12,17,0,0,0,0.0,0.0,0.0,0.0,0.0,0.0,4.1891804,-1.0,2,-1,0,0.8917692,1
12,4,1,1,0,-36.776463,-187.08614,113.01529,-0.0062689073,0.0019564582,0.02328782,19.371895,19.352222,2,3,1,0.9957911,1
12,4,1,0,0,-36.776463,-187.08614,113.01529,-0.0062689073,0.0019564582,0.02328782,6.53525,6.553889,2,-1,0,0.9973264,1
12,21,1,1,0,-43.46106,351.0829,365.51767,0.018336043,0.011221785,-0.007712892,26.619833,26.1875,2,4,1,0.99919456,1
12,17,1,1,0,-69.35039,-55.393803,223.7799,0.03825515,-0.010437107,0.00833839,5.4375834,5.4380555,2,5,1,0.973924,1
12,11,1,0,0,-86.03639,-272.27536,126.57086,0.01021286,0.0057655983,0.02718203,10.7451105,10.651111,2,-1,0,0.9768559,1
12,11,1,0,0,-86.03639,-272.27536,126.57086,0.01021286,0.0057655983,0.02718203,5.0806947,5.0747223,2,-1,0,0.9938991,1
12,31,1,1,0,-58.0058,234.48355,4.2624187,-0.00020727047,-0.015110455,-0.0043980167,20.961626,20.1425,2,6,1,0.93287593,1
12,17,0,0,0,0.0,0.0,0.0,0.0,0.0,0.0,11.287521,-1.0,2,-1,0,0.9802069,1
12,17,0,0,0,0.0,0.0,0.0,0.0,0.0,0.0,28.0457,-1.0,2,-1,0,0.9983493,1
12,14,1,1,0,72.548355,-153.57619,111.22685,0.0013191025,-0.008325982,-0.0062304367,10.10875,10.195833,2,7,1,0.97981375,1
12,11,1,0,0,-86.03639,-272.27536,126.57086,0.01021286,0.0057655983,0.02718203,4.137472,4.234722,2,-1,0,0.98634166,1
12,12,1,1,0,83.45307,82.89682,278.26413,0.009657498,0.0056214076,0.014360641,19.96916,19.832777,2,8,1,0.98082757,1
12,11,1,1,0,-86.03639,-272.27536,126.57086,0.01021286,0.0057655983,0.02718203,11.08568,11.201389,2,9,1,0.99977297,1
12,7,1,1,0,-91.58101,-387.51187,338.5367,-0.026643964,-0.022330219,-0.014924441,38.31068,35.7125,2,10,1,0.99900573,1
12,8,1,1,0,95.205986,-130.93306,294.57495,0.029211938,0.031291272,-0.006465798,42.276676,42.130554,2,11,1,0.9952016,1
12,28,1,1,0,95.87681,-391.43976,82.00057,0.006609614,0.02745862,-0.0030190395,32.71984,23.327223,2,12,1,0.99477994,1
12,7,1,0,0,-91.58101,-387.51187,338.5367,-0.026643964,-0.022330219,-0.014924441,3.7410834,3.745,2,-1,0,0.59792286,1
12,13,1,1,0,-101.34644,-408.66974,399.25342,-0.01083339,0.0017398221,-0.013498692,20.806332,20.912222,2,13,1,0.99913955,1
12,15,1,1,0,102.418884,473.78354,44.81593,-0.006843811,-0.0038689987,0.0023404015,7.979993,7.97,2,14,1,0.99730885,1
12,24,1,1,0,-107.57835,-198.75575,90.504845,0.014553079,0.0049371915,0.014653249,24.250177,24.43,2,15,1,0.99919206,1
12,16,1,1,0,-110.2545,535.4328,320.9484,0.019190867,0.011259951,-0.017993828,27.670164,28.030277,2,16,1,0.9924273,1
12,16,1,0,0,-110.2545,535.4328,320.9484,0.019190867,0.011259951,-0.017993828,3.2566528,3.3469443,2,-1,0,0.9158269,1
12,9,1,0,0,-124.77313,-586.13684,232.98242,0.02585589,-0.0071371016,0.015386529,11.340228,11.4597225,2,-1,0,0.95723605,1
12,8,1,0,0,95.205986,-130.93306,294.57495,0.029211938,0.031291272,-0.006465798,4.5534997,4.6855555,2,-1,0,0.96718484,1
12,9,1,1,0,-124.77313,-586.13684,232.98242,0.02585589,-0.0071371016,0.015386529,12.296542,12.300834,2,17,1,0.98535293,1
12,39,1,1,0,-125.39675,578.4854,4.2883973,-0.006649841,0.009908738,-0.0026191163,9.108021,9.018056,2,18,1,0.9790456,1
12,32,1,1,0,-128.4229,-576.126,221.07979,-0.006320341,-0.0072739967,-4.9472746e-05,9.699056,5.286389,2,19,1,0.9791591,1
12,39,1,0,0,-125.39675,578.4854,4.2883973,-0.006649841,0.009908738,-0.0026191163,3.6682086,3.6511111,2,-1,0,0.9237472,1
12,30,1,0,0,135.2433,-162.85817,80.467636,0.0022090618,-0.02637805,0.0037195275,12.045076,12.05,2,-1,0,0.9926219,1
12,30,1,1,0,135.2433,-162.85817,80.467636,0.0022090618,-0.02637805,0.0037195275,19.076868,19.141945,2,20,1,0.999238,1
12,35,1,1,0,151.16483,-194.613,68.6065,0.01530588,0.027948285,-0.004552173,27.39154,17.317223,2,21,1,0.9999964,1
12,1,1,1,0,-152.98969,-166.86711,77.34434,-0.003397762,-0.004105669,0.0075352713,6.2470417,6.188889,2,22,1,0.97998273,1
12,1,1,0,0,-152.98969,-166.86711,77.34434,-0.003397762,-0.004105669,0.0075352713,3.0596457,3.1302779,2,-1,0,0.8059813,1
12,35,1,0,0,151.16483,-194.613,68.6065,0.01530588,0.027948285,-0.004552173,4.7746596,4.8019443,2,-1,0,0.98563516,1
12,23,1,1,0,-172.83122,-217.7241,404.2997,-0.019284304,-0.011291641,0.011573869,23.476841,23.439722,2,23,1,0.9948526,1
12,6,1,1,0,175.80632,-309.43472,109.089096,0.011951805,-0.023527578,-0.009108091,22.895035,10.761389,2,24,1,0.9985273,1
12,6,1,0,0,175.80632,-309.43472,109.089096,0.011951805,-0.023527578,-0.009108091,10.504681,10.551945,2,-1,0,0.94996405,1
12,34,1,1,0,-189.99352,-594.70483,281.06613,-0.0066426736,0.006974875,0.0036457907,10.915833,4.5136113,2,25,1,0.9621429,1
12,19,1,0,0,-283.081,8.90243,141.19714,0.028091855,0.009783742,0.0009975653,3.1428542,3.129722,2,-1,0,0.9717827,1
12,23,1,0,0,-172.83122,-217.7241,404.2997,-0.019284304,-0.011291641,0.011573869,3.851333,3.775,2,-1,0,0.7791849,1
12,33,1,1,0,-205.2533,227.79842,126.13687,-0.024532644,-0.007231962,-0.01649498,16.665375,16.670279,2,26,1,0.9909411,1
12,33,1,0,0,-205.2533,227.79842,126.13687,-0.024532644,-0.007231962,-0.01649498,9.294243,9.108334,2,-1,0,0.97491765,1
12,26,1,0,0,-228.81386,-170.00914,146.50104,0.021832487,-0.035185244,-0.017798841,3.9753335,3.9030557,2,-1,0,0.96107846,1
12,20,1,1,0,208.7352,169.62201,291.62418,0.01572156,0.018445121,0.006944429,20.847668,14.480278,2,27,1,0.992475,1
12,20,1,0,0,208.7352,169.62201,291.62418,0.01572156,0.018445121,0.006944429,6.8132844,6.828611,2,-1,0,0.95776784,1
12,33,1,0,0,-205.2533,227.79842,126.13687,-0.024532644,-0.007231962,-0.01649498,2.9964652,3.0216668,2,-1,0,0.70239186,1
12,26,1,0,0,-228.81386,-170.00914,146.50104,0.021832487,-0.035185244,-0.017798841,14.628959,14.626945,2,-1,0,0.98731685,1
12,26,1,1,0,-228.81386,-170.00914,146.50104,0.021832487,-0.035185244,-0.017798841,27.432339,27.345278,2,28,1,0.95678025,1
12,38,1,1,0,-229.65208,421.6813,346.90234,-0.019033559,0.014402179,0.017270934,19.18855,19.123333,2,29,1,0.9856252,1
12,38,1,0,0,-229.65208,421.6813,346.90234,-0.019033559,0.014402179,0.017270934,6.16116,6.19,2,-1,0,0.9936613,1
12,25,1,1,0,-243.98398,159.06476,15.815843,0.015473489,0.023160713,0.007914611,28.75162,28.729723,2,30,1,0.9999646,1
12,40,1,1,0,244.22888,74.79978,69.80079,-0.012421513,0.002965906,-0.0011185267,6.082042,6.1858335,2,31,1,0.99225134,1
12,18,1,1,0,248.94957,-137.00438,254.61024,0.008862577,0.00042536744,-0.0035719692,10.063416,1.8280555,2,32,1,0.99385345,1
12,38,1,0,0,-229.65208,421.6813,346.90234,-0.019033559,0.014402179,0.017270934,3.125771,3.0572221,2,-1,0,0.8522463,1
12,22,1,1,0,-257.65134,-133.91943,340.85034,-0.0062568784,-0.0042586736,-0.024184432,25.932993,25.135,2,33,1,0.9967204,1
12,5,1,1,0,261.39813,-73.78227,276.3159,0.0022049034,0.014225398,-0.022601401,9.930688,10.142777,2,34,1,0.9752528,1
12,5,1,0,0,261.39813,-73.78227,276.3159,0.0022049034,0.014225398,-0.022601401,6.845778,4.261389,2,-1,0,0.9761923,1
12,5,1,0,0,261.39813,-73.78227,276.3159,0.0022049034,0.014225398,-0.022601401,3.412771,3.422778,2,-1,0,0.9716968,1
12,5,1,0,0,261.39813,-73.78227,276.3159,0.0022049034,0.014225398,-0.022601401,2.8229306,2.8222222,2,-1,0,0.53313476,1
12,19,1,1,0,-283.081,8.90243,141.19714,0.028091855,0.009783742,0.0009975653,21.790224,21.57611,2,35,1,0.99540555,1
12,10,1,1,0,310.6739,-38.46773,324.6299,-0.038768865,0.008092657,-0.0040251343,18.023577,18.111666,2,36,1,0.9978764,1
12,19,1,0,0,-283.081,8.90243,141.19714,0.028091855,0.009783742,0.0009975653,3.032167,3.0094445,2,-1,0,0.8089552,1
12,3,1,1,0,-290.0776,195.17131,324.67413,0.00209862,-0.00533832,-0.0010763933,3.7749863,3.7102778,2,37,1,0.9574795,1
12,10,1,0,0,310.6739,-38.46773,324.6299,-0.038768865,0.008092657,-0.0040251343,8.165104,8.203055,2,-1,0,0.9128385,1
12,10,1,0,0,310.6739,-38.46773,324.6299,-0.038768865,0.008092657,-0.0040251343,9.507153,9.508889,2,-1,0,0.99709654,1
12,37,1,1,0,319.43668,601.5206,52.70568,0.012264132,-0.016695276,0.016065773,7.874077,7.815,2,38,1,0.9795282,1
12,27,1,1,0,-328.43085,-387.62805,240.30399,0.019853707,-0.0009291586,0.0025851352,20.568342,20.748333,2,39,1,0.99851876,1
12,37,1,0,0,319.43668,601.5206,52.70568,0.012264132,-0.016695276,0.016065773,3.7497776,3.7863889,2,-1,0,0.96989936,1
12,37,1,0,0,319.43668,601.5206,52.70568,0.012264132,-0.016695276,0.016065773,4.7545834,4.7766666,2,-1,0,0.9876873,1
13,37,1,0,0,-6.419906,-317.02286,267.18478,0.01733563,0.0086469045,0.005848646,3.412111,3.1211112,2,-1,0,0.6250695,1
13,31,1,1,0,12.598209,87.12107,456.56982,-0.0057297223,-0.0019372217,-0.016722433,18.964792,18.77861,2,0,1,0.9973297,1
13,25,1,1,0,-13.557476,20.247566,89.10313,0.0009958639,0.014901773,-0.0027024054,18.53139,18.650833,2,1,1,0.99896514,1
13,31,1,0,0,12.598209,87.12107,456.56982,-0.0057297223,-0.0019372217,-0.016722433,2.805236,2.6861112,2,-1,0,0.71124303,1
13,30,1,1,0,-21.042183,-360.29,146.16623,-0.008062565,-0.019399632,-0.01640411,21.739098,21.834167,2,2,1,0.9983663,1
13,30,1,0,0,-21.042183,-360.29,146.16623,-0.008062565,-0.019399632,-0.01640411,4.272028,3.4172223,2,-1,0,0.94304585,1
13,5,1,1,0,-22.750357,-486.28146,237.42265,-0.033861138,-0.011663383,0.01710481,33.62285,39.290833,2,3,1,0.8891674,1
13,26,1,1,0,24.109802,-278.16116,366.0862,0.009675807,-0.0028888187,-0.008388655,14.41436,14.628333,2,4,1,0.9426801,1
13,32,1,1,0,-25.96853,-400.85043,100.463486,0.003224373,-0.0061354614,-0.0015483205,8.482736,8.513056,2,5,1,0.9660578,1
13,37,1,1,0,-6.419906,-317.02286,267.18478,0.01733563,0.0086469045,0.005848646,6.0935836,6.0288887,2,6,1,0.9777114,1
13,39,1,0,0,-61.55057,165.86198,52.474224,0.013000747,-0.0043642893,-0.01010528,4.5198054,4.5669446,2,-1,0,0.9821812,1
13,20,1,1,0,-34.752213,594.8906,348.13766,0.021506311,0.0060137426,0.02176106,5.3327985,5.413889,2,7,1,0.9944284,1
13,5,1,0,0,-22.750357,-486.28146,237.42265,-0.033861138,-0.011663383,0.01710481,4.0045004,3.9597223,2,-1,0,0.8914004,1
13,7,1,0,0,177.68869,320.4799,222.35796,0.0049095647,0.0142347235,-0.014141241,6.4534445,6.1944447,2,-1,0,0.9934309,1
13,39,1,1,0,-61.55057,165.86198,52.474224,0.013000747,-0.0043642893,-0.01010528,12.681695,12.7375,2,8,1,0.9936454,1
13,28,1,1,0,-61.17706,505.49988,434.99796,-0.011729678,0.031232378,0.014266891,19.193495,18.886389,2,9,1,0.99377984,1
13,28,1,0,0,-61.17706,505.49988,434.99796,-0.011729678,0.031232378,0.014266891,8.216181,8.213333,2,-1,0,0.9857656,1
13,19,1,1,0,-64.07716,269.4525,91.24214,0.008735294,-0.0027898154,0.00619117,10.706542,10.782222,2,10,1,0.88075274,1
13,34,1,1,0,65.02555,-28.094465,431.59348,-0.014550395,0.016466988,0.007110613,20.385874,19.857222,2,11,1,0.9937914,1
13,38,1,0,0,63.46594,-370.3252,199.31224,0.002593641,-0.013766814,0.01713268,7.10541,5.629722,2,-1,0,0.9944712,1
13,28,1,0,0,-61.17706,505.49988,434.99796,-0.011729678,0.031232378,0.014266891,10.367681,10.411111,2,-1,0,0.97560114,1
13,38,1,1,0,63.46594,-370.3252,199.31224,0.002593641,-0.013766814,0.01713268,15.273493,15.295834,2,12,1,0.99818265,1
13,27,1,1,0,91.8562,-380.4926,391.87247,-0.011010586,-0.023008624,0.014597869,34.800564,34.634724,2,13,1,0.99705434,1
13,1,1,0,0,87.73267,485.41336,72.65424,-0.0054816003,-0.027994562,0.05654403,13.243284,13.2625,2,-1,0,0.9774121,1
13,1,1,1,0,87.73267,485.41336,72.65424,-0.0054816003,-0.027994562,0.05654403,41.413822,39.769165,2,14,1,0.9983255,1
13,1,1,0,0,87.73267,485.41336,72.65424,-0.0054816003,-0.027994562,0.05654403,5.6783195,5.7275,2,-1,0,0.98617876,1
13,15,0,0,0,0.0,0.0,0.0,0.0,0.0,0.0,14.132583,-1.0,2,-1,0,0.98208296,1
13,24,1,1,0,94.9167,427.1771,262.77637,0.01406388,0.006464739,0.004211646,15.265222,15.1425,2,15,1,0.9414415,1
13,1,1,0,0,87.73267,485.41336,72.65424,-0.0054816003,-0.027994562,0.05654403,7.5629306,7.3158336,2,-1,0,0.98505986,1
13,15,0,0,0,0.0,0.0,0.0,0.0,0.0,0.0,6.473084,-1.0,2,-1,0,0.9840673,1
13,24,1,0,0,94.9167,427.1771,262.77637,0.01406388,0.006464739,0.004211646,4.9165134,4.928889,2,-1,0,0.98314685,1
13,31,0,0,0,0.0,0.0,0.0,0.0,0.0,0.0,3.1190279,3.046111,2,-1,0,0.642265,1
13,4,1,1,0,124.78353,-115.14702,201.51744,-0.0050941193,-0.0022962012,0.003968053,8.224167,7.8175,2,16,1,0.9869266,1
13,6,1,1,0,136.15924,548.0389,102.47539,-0.0378586,-0.0024764438,0.0048365993,36.326443,36.565277,2,17,1,0.98850167,1
13,33,1,1,0,129.88605,461.54745,402.57654,-0.0030146001,-0.0073782145,0.019266669,17.06132,16.834167,2,18,1,0.9842318,1
13,33,1,0,0,129.88605,461.54745,402.57654,-0.0030146001,-0.0073782145,0.019266669,6.779667,6.7755556,2,-1,0,0.9968407,1
13,3,1,1,0,-130.33932,-246.0901,270.3709,-0.0031823025,0.0037865147,-0.008971208,9.151667,7.987222,2,19,1,0.99896705,1
13,22,0,0,0,0.0,0.0,0.0,0.0,0.0,0.0,19.04971,-1.0,2,-1,0,0.99940777,1
13,3,1,0,0,-130.33932,-246.0901,270.3709,-0.0031823025,0.0037865147,-0.008971208,4.131646,4.2875,2,-1,0,0.93174726,1
13,25,0,0,0,0.0,0.0,0.0,0.0,0.0,0.0,3.7856736,-1.0,2,-1,0,0.96099544,1
13,23,1,0,0,-175.00143,538.0317,407.5528,0.010619237,0.007688629,0.014736206,3.4763613,3.5383334,2,-1,0,0.7260117,1
13,40,1,1,0,141.6591,-59.213108,203.1828,0.013274684,0.0027069845,0.008075996,17.769896,18.124445,2,20,1,0.95654684,1
13,36,1,1,0,142.53877,149.15465,368.188,-0.0024417178,0.015240975,-0.008875329,8.785236,8.921111,2,21,1,0.98056245,1
13,36,1,0,0,142.53877,149.15465,368.188,-0.0024417178,0.015240975,-0.008875329,8.746382,5.0005555,2,-1,0,0.9975311,1
13,23,1,0,0,-175.00143,538.0317,407.5528,0.010619237,0.007688629,0.014736206,7.8715415,7.8977776,2,-1,0,0.9709019,1
13,21,1,1,0,155.28044,95.092575,103.98157,0.013540085,-0.013618711,0.014869395,21.240543,21.212778,2,22,1,0.98919755,1
13,21,1,0,0,155.28044,95.092575,103.98157,0.013540085,-0.013618711,0.014869395,4.190507,4.266667,2,-1,0,0.9865211,1
13,13,1,1,0,-165.45827,-16.11102,430.674,0.0069727628,-0.0037716608,-0.007639815,10.636785,10.668056,2,23,1,0.98275095,1
13,18,1,1,0,-178.46223,340.51166,251.19392,0.014391837,-0.0011974141,0.00062188914,13.3990345,13.4991665,2,24,1,0.9865154,1
13,23,1,1,0,-175.00143,538.0317,407.5528,0.010619237,0.007688629,0.014736206,9.277666,7.2188888,2,25,1,0.98967326,1
13,23,1,0,0,-175.00143,538.0317,407.5528,0.010619237,0.007688629,0.014736206,5.121813,5.1866665,2,-1,0,0.9953081,1
13,7,1,1,0,177.68869,320.4799,222.35796,0.0049095647,0.0142347235,-0.014141241,9.302418,9.055555,2,26,1,0.98073673,1
13,7,1,0,0,177.68869,320.4799,222.35796,0.0049095647,0.0142347235,-0.014141241,6.156597,6.191111,2,-1,0,0.992827,1
13,7,1,0,0,177.68869,320.4799,222.35796,0.0049095647,0.0142347235,-0.014141241,4.947653,4.8269444,2,-1,0,0.99172056,1
13,14,1,1,0,-177.68968,258.51205,427.72653,-0.0006649585,0.025603492,-0.023409411,27.549694,25.901945,2,27,1,0.99633384,1
13,14,1,0,0,-177.68968,258.51205,427.72653,-0.0006649585,0.025603492,-0.023409411,9.214201,9.334167,2,-1,0,0.9970661,1
13,12,1,1,0,192.29807,-226.20386,223.25159,-0.010956289,-0.00705385,-0.004163712,18.064264,14.059722,2,29,1,0.9952429,1
13,11,1,1,0,205.97612,-584.59393,166.77063,0.022474172,0.014240893,0.0014853502,27.517279,27.404444,2,30,1,0.99922955,1
13,5,0,0,0,0.0,0.0,0.0,0.0,0.0,0.0,2.5961804,2.7033334,2,-1,0,0.62816876,1
13,9,1,1,0,251.79968,-128.5624,437.67487,0.0024957515,-0.00841101,-0.005069421,9.845097,9.740556,2,31,1,0.9749224,1
13,10,1,0,0,-290.04633,-489.24203,264.54434,-0.01091908,0.006049926,-0.022076294,4.26225,4.326389,2,-1,0,0.94257814,1
13,2,1,0,0,282.01334,-295.2137,93.60882,0.021506647,-0.008093677,-0.01595363,11.800451,11.72,2,-1,0,0.9775858,1
13,8,1,1,0,-284.33856,218.94403,342.1158,-0.012637091,0.006182634,0.0046370137,12.414612,9.319167,2,32,1,0.9838103,1
13,2,1,1,0,282.01334,-295.2137,93.60882,0.021506647,-0.008093677,-0.01595363,13.659779,13.657778,2,33,1,0.9734795,1
13,10,1,1,0,-290.04633,-489.24203,264.54434,-0.01091908,0.006049926,-0.022076294,25.693848,22.549444,2,34,1,0.9924272,1
13,16,1,0,0,-292.54532,-554.6351,455.6379,-0.007752715,0.008369134,0.0003124354,3.1319237,3.1002777,2,-1,0,0.7160825,1
13,16,1,1,0,-292.54532,-554.6351,455.6379,-0.007752715,0.008369134,0.0003124354,10.511757,4.6341667,2,35,1,0.96300894,1
13,17,1,1,0,307.24707,88.36657,106.285835,-0.003396098,-0.016371338,0.01872117,25.13316,25.179722,2,36,1,0.9874865,1
13,29,0,0,0,0.0,0.0,0.0,0.0,0.0,0.0,3.4795973,-1.0,2,-1,0,0.92856944,1
13,26,0,0,0,0.0,0.0,0.0,0.0,0.0,0.0,3.0001736,2.863889,2,-1,0,0.6194942,1
13,29,0,0,0,0.0,0.0,0.0,0.0,0.0,0.0,14.76327,-1.0,2,-1,0,0.99459076,1
13,29,0,0,0,0.0,0.0,0.0,0.0,0.0,0.0,10.374966,-1.0,2,-1,0,0.9929938,1
13,5,0,0,0,0.0,0.0,0.0,0.0,0.0,0.0,2.633361,2.6552777,2,-1,0,0.7537594,1
14,27,1,1,0,-22.94144,-539.87286,394.4118,0.0013595289,0.01059524,-0.0011118441,14.12964,13.516666,2,0,1,0.9976441,1
14,17,0,0,0,0.0,0.0,0.0,0.0,0.0,0.0,26.716328,-1.0,2,-1,0,0.99991417,1
14,30,1,1,0,-37.71051,-460.2716,300.58774,0.02415189,-0.00397941,-0.007743284,29.708548,26.858612,2,1,1,0.98372275,1
14,36,1,1,0,-38.90859,-280.91074,247.83467,-0.0041138283,0.008688367,0.0008282314,7.203861,6.9219446,2,2,1,0.9904985,1
14,36,1,0,0,-38.90859,-280.91074,247.83467,-0.0041138283,0.008688367,0.0008282314,4.8585763,4.9497223,2,-1,0,0.99706984,1
14,14,1,1,0,-39.984283,-253.57437,4.2271724,-0.007222528,-0.015879134,0.010517138,18.123333,14.5575,2,3,1,0.9984816,1
14,14,1,0,0,-39.984283,-253.57437,4.2271724,-0.007222528,-0.015879134,0.010517138,4.6742015,4.731389,2,-1,0,0.9771469,1
14,4,1,1,0,-53.286423,200.73892,56.602314,-0.012776262,0.0074400553,-0.004760843,23.457645,18.804167,2,4,1,0.99842775,1
14,24,1,1,0,69.45519,182.70677,218.63487,-0.01393014,-0.016682262,0.0030514712,19.140694,19.001944,2,5,1,0.88638943,1
14,29,1,1,0,-85.69959,-248.459,396.4869,-0.010267433,-0.018817382,-0.027217168,33.63062,33.889446,2,6,1,0.99911827,1
14,19,1,1,0,-90.205025,301.76926,256.42252,-0.011062651,0.014932924,0.005629963,22.095196,22.060556,2,7,1,0.9926408,1
14,25,1,1,0,-93.75576,-62.20657,392.8022,0.010625969,-0.017245231,-0.0021286441,24.777847,24.533333,2,8,1,0.9931331,1
14,15,0,0,0,0.0,0.0,0.0,0.0,0.0,0.0,4.6565003,-1.0,2,-1,0,0.90981394,1
14,40,1,1,0,-112.06611,379.3215,51.325985,-0.0042048297,0.0014237965,-0.00651756,8.280256,8.259167,2,9,1,0.9902074,1
14,3,1,1,0,115.64745,549.01337,30.688086,0.0027207967,-0.03350171,-0.025264733,17.918304,18.019444,2,10,1,0.9949484,1
14,3,1,0,0,115.64745,549.01337,30.688086,0.0027207967,-0.03350171,-0.025264733,13.25898,13.247222,2,-1,0,0.99832803,1
14,3,1,0,0,115.64745,549.01337,30.688086,0.0027207967,-0.03350171,-0.025264733,17.535868,17.494444,2,-1,0,0.99990356,1
14,32,1,1,0,119.2221,29.297958,349.71222,0.0034872277,-0.003441753,-0.011391246,10.870764,10.734445,2,11,1,0.9695627,1
14,32,1,0,0,119.2221,29.297958,349.71222,0.0034872277,-0.003441753,-0.011391246,3.2809932,1.7002778,2,-1,0,0.9485548,1
14,26,1,0,0,147.74174,421.10968,407.2504,-0.003471404,-0.010848199,0.012061094,6.177014,6.0805554,2,-1,0,0.9853,1
14,15,1,1,0,135.73642,-0.38405392,246.06616,0.015318772,-0.014663567,0.014904709,20.06086,20.310556,2,12,1,0.9878984,1
14,15,1,0,0,135.73642,-0.38405392,246.06616,0.015318772,-0.014663567,0.014904709,4.005014,4.1008334,2,-1,0,0.96814114,1
14,37,1,1,0,-143.38434,-346.24695,324.15176,0.0019770912,0.00610125,-9.6298405e-05,8.813645,8.6875,2,13,1,0.99028766,1
14,26,1,1,0,147.74174,421.10968,407.2504,-0.003471404,-0.010848199,0.012061094,10.561722,10.506389,2,14,1,0.9895566,1
14,31,1,1,0,-151.30486,146.11707,58.228085,0.0064209187,-0.013448134,-0.013471013,20.941992,20.921112,2,15,1,0.96926045,1
14,35,1,1,0,148.81306,-434.70963,67.55519,-0.0015959614,-0.0071026464,0.014016998,17.826471,17.498056,2,16,1,0.9961712,1
14,35,1,0,0,148.81306,-434.70963,67.55519,-0.0015959614,-0.0071026464,0.014016998,5.2278748,5.3616667,2,-1,0,0.99103504,1
14,38,1,1,0,152.38483,-44.400814,458.1786,0.008584753,-0.020712847,0.015781363,19.69002,19.581944,2,17,1,0.99325055,1
14,28,1,1,0,152.98021,-255.51004,263.69254,0.0070414376,0.023836168,0.005519827,29.365568,16.461945,2,18,1,0.99992514,1
14,18,1,1,0,-155.48412,223.31126,0.5245109,-0.01841961,0.013311442,0.021976398,29.437632,28.555,2,19,1,0.9977915,1
14,34,1,1,0,-186.349,-513.7414,359.9537,0.016871111,0.006598638,-0.0038886606,20.030994,19.8825,2,20,1,0.9838021,1
14,11,1,1,0,193.46268,-438.58636,375.45557,0.006641665,-0.0031447064,-0.004878533,9.9499855,9.425555,2,21,1,0.9520148,1
14,10,1,1,0,-210.51907,-138.35991,352.5932,0.0015564656,0.016708456,0.016131664,22.739687,22.931667,2,22,1,0.99888796,1
14,39,1,1,0,211.41353,46.026962,254.3295,-0.0065060975,0.006126653,0.000895919,9.983695,9.961389,2,23,1,0.99808747,1
14,12,1,1,0,-214.0378,68.54235,172.16844,-0.030978737,-0.006633122,-0.010309618,25.398037,19.289722,2,24,1,0.9700636,1
14,16,1,1,0,-217.80826,515.3976,29.568737,-0.00306288,-0.017281001,0.004214864,19.394785,16.033611,2,25,1,0.99886996,1
14,16,1,0,0,-217.80826,515.3976,29.568737,-0.00306288,-0.017281001,0.004214864,4.630521,4.5180554,2,-1,0,0.9920494,1
14,20,1,1,0,226.79147,363.6402,125.329414,0.001456235,-0.0055985884,0.0005444214,4.588042,4.4405556,2,26,1,0.9691358,1
14,21,1,0,0,246.82481,-98.73079,296.0598,-0.014766193,0.021560075,-0.0004093339,4.1363335,4.0452776,2,-1,0,0.9772993,1
14,1,1,1,0,-231.85289,270.61963,199.53844,-0.02681697,0.012987693,0.0026672396,24.710348,14.324722,2,27,1,0.99629813,1
14,23,1,0,0,251.17615,-138.6098,72.20799,0.023583816,0.002751325,0.0026683377,3.2358057,3.1830556,2,-1,0,0.91552705,1
14,1,1,0,0,-231.85289,270.61963,199.53844,-0.02681697,0.012987693,0.0026672396,7.1123333,6.972778,2,-1,0,0.987566,1
14,9,1,1,0,239.67412,4.476722,339.83463,0.019900635,0.02102736,0.034028202,38.822414,38.83389,2,28,1,0.98309255,1
14,21,1,1,0,246.82481,-98.73079,296.0598,-0.014766193,0.021560075,-0.0004093339,19.136707,19.162222,2,29,1,0.99545974,1
14,7,0,0,0,0.0,0.0,0.0,0.0,0.0,0.0,18.024439,-1.0,2,-1,0,0.9743994,1
14,5,1,1,0,249.35176,154.25694,352.5562,0.015832733,0.025996536,0.016688032,26.103516,25.898611,2,30,1,0.9934342,1
14,23,1,1,0,251.17615,-138.6098,72.20799,0.023583816,0.002751325,0.0026683377,25.265064,25.567778,2,31,1,0.9983789,1
14,12,1,0,0,-214.0378,68.54235,172.16844,-0.030978737,-0.006633122,-0.010309618,4.755722,4.724167,2,-1,0,0.9532918,1
14,13,1,1,0,269.2986,-423.99527,51.17006,0.010097089,-0.0030572712,0.0012658641,10.561931,10.6125,2,32,1,0.97427475,1
14,30,0,0,0,0.0,0.0,0.0,0.0,0.0,0.0,2.5249376,2.5575,2,-1,0,0.5608269,1
14,2,0,0,0,0.0,0.0,0.0,0.0,0.0,0.0,24.321585,-1.0,2,-1,0,0.9815865,1
14,2,0,0,0,0.0,0.0,0.0,0.0,0.0,0.0,5.6090627,-1.0,2,-1,0,0.98156893,1
14,5,1,0,0,249.35176,154.25694,352.5562,0.015832733,0.025996536,0.016688032,5.2195835,5.3175,2,-1,0,0.97780484,1
14,33,1,1,0,296.86362,-592.23627,373.96957,0.0021705108,0.011935029,0.009512347,13.065326,7.615278,2,33,1,0.9786016,1
14,10,0,0,0,0.0,0.0,0.0,0.0,0.0,0.0,2.8152778,2.8133333,2,-1,0,0.6704044,1
14,31,0,0,0,0.0,0.0,0.0,0.0,0.0,0.0,3.0455763,3.1052778,2,-1,0,0.86566,1
14,22,1,0,0,323.61368,183.19153,228.20364,0.0041378783,-0.008621743,-0.023654677,6.5374446,4.2775,2,-1,0,0.97523516,1
14,22,1,0,0,323.61368,183.19153,228.20364,0.0041378783,-0.008621743,-0.023654677,5.056201,5.032778,2,-1,0,0.95386386,1
14,22,1,1,0,323.61368,183.19153,228.20364,0.0041378783,-0.008621743,-0.023654677,11.521895,11.578055,2,34,1,0.99165803,1
14,39,0,0,0,0.0,0.0,0.0,0.0,0.0,0.0,2.4859445,2.555,2,-1,0,0.6006119,1
14,6,1,1,0,-359.85822,-318.0313,396.41754,0.022592843,0.0027602569,-0.017364249,24.701328,24.648056,2,35,1,0.982633,1
14,8,1,1,0,-360.24466,9.227465,30.874897,0.012924094,0.0018077637,-0.022011638,25.47125,22.69389,2,36,1,0.9848214,1
15,11,1,1,0,7.0469484,87.14458,64.31309,0.0061190333,0.02668196,0.017244477,31.221767,29.415833,2,0,1,0.98835504,1
15,11,1,0,0,7.0469484,87.14458,64.31309,0.0061190333,0.02668196,0.017244477,7.1238194,7.121389,2,-1,0,0.9767249,1
15,25,1,1,0,25.75355,574.2125,184.56003,-0.030991746,0.00880852,0.012605158,34.848366,41.14,2,1,1,0.9958955,1
15,18,1,1,0,18.953495,41.37149,257.10645,0.008705356,-0.00021602931,0.021552796,23.989777,24.145277,2,2,1,0.9999676,1
15,5,1,1,0,-100.24007,-156.81917,230.34033,0.030850226,0.0043307617,0.041096568,30.631815,30.663055,2,3,1,0.99999964,1
15,32,1,1,0,38.14371,473.6532,68.28524,0.0057284636,-0.018856777,0.00074602955,19.04322,11.596945,2,4,1,0.9897741,1
15,32,1,0,0,38.14371,473.6532,68.28524,0.0057284636,-0.018856777,0.00074602955,4.708389,4.6358333,2,-1,0,0.97690797,1
15,19,1,0,0,-63.613697,-507.8477,183.2008,0.010508349,0.017876068,-0.0066718617,2.9119444,2.9177778,2,-1,0,0.5040322,1
15,9,1,1,0,52.99272,49.779842,131.73306,-0.025218679,-0.005930629,-0.0076410477,23.008047,20.153889,2,5,1,0.99885213,1
15,20,1,1,0,45.671844,-167.10896,128.78252,0.034042723,-0.019859737,-0.014421838,43.091072,45.808334,2,6,1,0.5955039,1
15,17,1,1,0,51.286366,-43.603546,402.39767,-0.019531392,0.0024849398,0.0063722623,23.287867,23.578611,2,7,1,0.9995041,1
15,21,1,0,0,-65.50033,-379.8331,107.42813,-0.043129828,0.019470278,-0.022176735,5.6492434,5.4780555,2,-1,0,0.87009037,1
15,9,1,0,0,52.99272,49.779842,131.73306,-0.025218679,-0.005930629,-0.0076410477,9.177382,9.243333,2,-1,0,0.98857015,1
15,20,1,0,0,45.671844,-167.10896,128.78252,0.034042723,-0.019859737,-0.014421838,4.8371253,4.5569444,2,-1,0,0.89132416,1
15,39,1,1,0,64.09039,249.39319,425.5184,-0.020299904,0.0038609456,0.0017917986,21.305674,21.159445,2,8,1,0.9908563,1
15,19,1,1,0,-63.613697,-507.8477,183.2008,0.010508349,0.017876068,-0.0066718617,19.790035,20.099445,2,9,1,0.9849259,1
15,21,1,1,0,-65.50033,-379.8331,107.42813,-0.043129828,0.019470278,-0.022176735,35.27452,43.749443,2,10,1,0.99894613,1
15,26,1,1,0,74.17749,75.691895,98.60881,-0.021044508,0.0033808688,-0.009130491,24.270937,23.508333,2,11,1,0.99985015,1
15,21,1,0,0,-65.50033,-379.8331,107.42813,-0.043129828,0.019470278,-0.022176735,10.020389,9.908055,2,-1,0,0.9976012,1
15,7,1,1,0,-72.48042,122.9666,279.34006,-0.00021156346,0.011617491,-0.009370323,10.550473,10.627222,2,12,1,0.99345464,1
15,7,1,0,0,-72.48042,122.9666,279.34006,-0.00021156346,0.011617491,-0.009370323,6.5400414,6.5658336,2,-1,0,0.98171896,1
15,5,1,0,0,-100.24007,-156.81917,230.34033,0.030850226,0.0043307617,0.041096568,4.4066043,4.349167,2,-1,0,0.98557186,1
15,16,1,1,0,-78.51702,348.3116,226.31052,-0.03043988,0.0093769925,0.017121488,30.949638,33.38,2,13,1,0.9971892,1
15,5,1,0,0,-100.24007,-156.81917,230.34033,0.030850226,0.0043307617,0.041096568,13.8706045,14.036111,2,-1,0,0.99966955,1
15,16,1,0,0,-78.51702,348.3116,226.31052,-0.03043988,0.0093769925,0.017121488,3.8309028,3.9233334,2,-1,0,0.8584067,1
15,29,1,1,0,-116.14728,-356.03668,240.13847,-0.0014844193,0.014828823,-0.0013079644,17.492819,17.1875,2,14,1,0.9959151,1
15,30,1,1,0,119.084656,154.19347,209.45433,-0.013270522,-0.01582872,0.0008146034,23.76989,22.513056,2,15,1,0.99893564,1
15,29,1,0,0,-116.14728,-356.03668,240.13847,-0.0014844193,0.014828823,-0.0013079644,4.4224305,4.3741665,2,-1,0,0.9775848,1
15,24,1,1,0,-119.48428,182.71971,413.04663,-0.012658169,-0.013041673,-0.021546295,21.230263,21.361944,2,16,1,0.9828015,1
15,24,1,0,0,-119.48428,182.71971,413.04663,-0.012658169,-0.013041673,-0.021546295,7.902132,7.9094443,2,-1,0,0.95985997,1
15,38,1,1,0,-126.57808,-418.35516,3.0554378,0.0039843195,0.006678529,-0.0060751373,8.863348,8.748055,2,17,1,0.97825533,1
15,6,0,0,0,0.0,0.0,0.0,0.0,0.0,0.0,16.505667,-1.0,2,-1,0,0.92537504,1
15,12,1,1,0,128.62355,21.199097,336.54202,0.010925069,0.0054873326,-0.01944187,24.087702,23.285555,2,18,1,0.97997606,1
15,31,1,1,0,129.95091,185.30052,225.74988,0.01995931,-0.0036041941,-0.005984118,13.301139,13.530556,2,19,1,0.9878634,1
15,4,1,1,0,135.97174,-360.40097,272.64438,0.0026563,-0.010320176,-0.012733367,10.3423195,10.256667,2,20,1,0.97093886,1
15,4,1,0,0,135.97174,-360.40097,272.64438,0.0026563,-0.010320176,-0.012733367,7.686264,7.6966667,2,-1,0,0.98494,1
15,36,1,1,0,-141.27325,509.15958,327.30338,-0.0069195707,-0.0020204426,-0.004307382,10.054326,5.675833,2,21,1,0.9916841,1
15,37,1,1,0,162.44624,437.97946,99.299446,0.017484339,0.0015323181,-0.0037390175,17.988874,17.849167,2,22,1,0.9632222,1
15,15,1,1,0,197.07776,-20.22915,237.08539,-0.024378069,0.009713617,-0.010885285,14.382014,14.492222,2,23,1,0.9814099,1
15,15,1,0,0,197.07776,-20.22915,237.08539,-0.024378069,0.009713617,-0.010885285,14.437305,14.163889,2,-1,0,0.9977254,1
15,31,1,0,0,129.95091,185.30052,225.74988,0.01995931,-0.0036041941,-0.005984118,7.995431,7.8494444,2,-1,0,0.9688033,1
15,3,1,1,0,204.04112,-426.39056,180.45091,0.009446612,0.0039122747,-0.0015901387,10.454604,10.582222,2,24,1,0.97607565,1
15,34,1,1,0,-212.9473,328.01483,179.3889,0.0013541753,-0.017325109,-0.0049283034,19.914486,19.717777,2,25,1,0.9927464,1
15,2,1,1,0,247.03818,174.02628,418.9012,-0.019059844,0.014022349,-0.00891641,22.824041,22.748333,2,26,1,0.995667,1
15,40,1,1,0,-254.72986,86.31074,16.108555,0.0014375779,0.012053548,0.004447022,12.821299,12.992222,2,27,1,0.997666,1
15,13,1,1,0,-264.81012,-492.58432,131.98088,0.010020987,0.009315729,-0.0019959058,14.818014,14.643611,2,28,1,0.98236495,1
15,10,1,1,0,271.34283,146.6023,373.55896,-0.0054915813,0.0089974785,0.001863606,3.9787707,4.0505557,2,29,1,0.9733499,1
15,22,1,1,0,281.67343,-503.96347,99.2767,-0.005624839,-0.002683061,-0.0034828512,6.589208,6.5219445,2,30,1,0.97122496,1
15,9,0,0,0,0.0,0.0,0.0,0.0,0.0,0.0,2.8284166,2.8072221,2,-1,0,0.5020557,1
15,33,1,1,0,304.78943,-386.5088,358.41296,-0.0005627209,-0.012693286,0.007908872,18.037075,17.935,2,31,1,0.9969592,1
15,33,1,0,0,304.78943,-386.5088,358.41296,-0.0005627209,-0.012693286,0.007908872,2.4331179,2.4027777,2,-1,0,0.7074733,1
15,1,1,1,0,-341.12775,455.58105,323.36905,0.027789075,0.027927231,-0.0049839816,22.211645,22.261667,2,32,1,0.9928948,1
15,23,1,0,0,-348.0541,-152.42612,48.25122,-0.011477845,-0.0034621037,0.0090980325,4.8591943,4.98,2,-1,0,0.9846442,1
15,27,1,1,0,-336.0131,57.327473,53.79759,0.024564866,0.015600799,0.010377596,31.940222,31.635279,2,33,1,0.99524444,1
15,1,1,0,0,-341.12775,455.58105,323.36905,0.027789075,0.027927231,-0.0049839816,11.038035,11.073055,2,-1,0,0.99999607,1
15,35,1,1,0,-336.4281,20.254915,458.9706,-0.003494329,0.005935901,0.007575145,5.284993,5.3316665,2,34,1,0.9868772,1
15,12,0,0,0,0.0,0.0,0.0,0.0,0.0,0.0,3.1313612,3.048889,2,-1,0,0.5356095,1
15,1,1,0,0,-341.12775,455.58105,323.36905,0.027789075,0.027927231,-0.0049839816,4.5753264,4.5544443,2,-1,0,0.9899828,1
15,27,1,0,0,-336.0131,57.327473,53.79759,0.024564866,0.015600799,0.010377596,4.3966384,4.336111,2,-1,0,0.97817767,1
15,23,1,1,0,-348.0541,-152.42612,48.25122,-0.011477845,-0.0034621037,0.0090980325,8.592764,5.616389,2,35,1,0.9748838,1
15,23,1,0,0,-348.0541,-152.42612,48.25122,-0.011477845,-0.0034621037,0.0090980325,3.5959027,3.608611,2,-1,0,0.8219611,1
15,28,1,1,0,357.1309,104.41855,445.51166,0.01377779,0.01059407,0.0110663995,18.310417,15.103611,2,36,1,0.9863745,1
15,14,1,1,0,361.66888,-130.39081,125.762886,-0.01531998,0.013052484,0.009740267,19.887722,19.921112,2,37,1,0.9804145,1
15,5,0,0,0,0.0,0.0,0.0,0.0,0.0,0.0,3.439674,3.3105555,2,-1,0,0.9170604,1
15,24,0,0,0,0.0,0.0,0.0,0.0,0.0,0.0,2.7230208,2.7808332,2,-1,0,0.53481364,1
16,1,1,1,0,-7.1454253,500.32047,56.88116,0.010754502,-0.01099334,0.034435842,11.85316,11.771944,2,0,1,0.9915555,1
16,39,1,1,0,-9.000477,512.18835,148.89116,-0.00652682,-0.0015535592,0.00058729935,8.012362,7.913611,2,1,1,0.9833114,1
16,34,1,1,0,-10.373632,454.37473,226.66554,-0.002623203,-0.0004438795,0.0027444686,4.344708,4.3430557,2,2,1,0.9714811,1
16,1,1,0,0,-7.1454253,500.32047,56.88116,0.010754502,-0.01099334,0.034435842,7.3409724,7.209722,2,-1,0,0.99839693,1
16,27,1,0,0,43.853725,-281.2954,339.84555,-0.015528151,0.0014248058,0.00872996,5.58225,5.6483335,2,-1,0,0.99424535,1
16,29,1,1,0,-34.110596,-415.48804,63.958595,0.009952368,-0.019731304,-0.012449505,31.09764,29.055834,2,3,1,0.99268955,1
16,14,1,1,0,35.20151,385.52563,358.5686,-0.008151257,-0.018492494,0.008861709,24.22898,24.100834,2,4,1,0.99583673,1
16,25,1,0,0,42.026413,-592.2754,305.26993,0.0069510117,-0.004308706,0.003277371,2.7593193,2.5294445,2,-1,0,0.73526233,1
16,27,1,1,0,43.853725,-281.2954,339.84555,-0.015528151,0.0014248058,0.00872996,13.882617,14.2,2,5,1,0.94847137,1
16,25,1,1,0,42.026413,-592.2754,305.26993,0.0069510117,-0.004308706,0.003277371,9.590695,9.582222,2,6,1,0.9984193,1
16,11,1,1,0,-44.27667,-91.830894,159.22198,-0.01818055,0.020547431,0.028577078,24.146042,24.013056,2,7,1,0.96812916,1
16,11,1,0,0,-44.27667,-91.830894,159.22198,-0.01818055,0.020547431,0.028577078,8.491806,8.469722,2,-1,0,0.9895539,1
16,16,1,1,0,-52.07003,-118.87167,105.674484,-0.019156322,-0.0059650866,-0.0041916096,19.175423,19.185556,2,8,1,0.97952646,1
16,1,1,0,0,-7.1454253,500.32047,56.88116,0.010754502,-0.01099334,0.034435842,4.656729,4.6997223,2,-1,0,0.9875936,1
16,26,1,0,0,-59.3476,-564.58014,62.077366,-0.0006691173,0.0035847577,-0.017877402,6.6405272,4.8188887,2,-1,0,0.9545267,1
16,26,1,0,0,-59.3476,-564.58014,62.077366,-0.0006691173,0.0035847577,-0.017877402,3.1073055,3.083889,2,-1,0,0.57696134,1
16,26,1,1,0,-59.3476,-564.58014,62.077366,-0.0006691173,0.0035847577,-0.017877402,12.866626,12.5875,2,9,1,0.9978126,1
16,16,1,0,0,-52.07003,-118.87167,105.674484,-0.019156322,-0.0059650866,-0.0041916096,4.7635,4.842222,2,-1,0,0.9918107,1
16,35,1,0,0,97.02989,-1.429609,443.94058,0.0113592185,-0.00932011,-0.004261079,6.2788053,6.2733335,2,-1,0,0.9961755,1
16,19,1,1,0,-79.164795,214.30888,378.49084,-0.005549759,0.010154505,-0.026034564,17.28316,17.3025,2,10,1,0.9850306,1
16,19,1,0,0,-79.164795,214.30888,378.49084,-0.005549759,0.010154505,-0.026034564,8.088709,8.117222,2,-1,0,0.9904004,1
16,22,1,1,0,88.404854,-548.59766,200.52644,0.02793037,0.016865948,0.0053681782,25.078775,23.998888,2,11,1,0.9855408,1
16,22,1,0,0,88.404854,-548.59766,200.52644,0.02793037,0.016865948,0.0053681782,12.154757,12.321944,2,-1,0,0.99967957,1
16,35,1,1,0,97.02989,-1.429609,443.94058,0.0113592185,-0.00932011,-0.004261079,10.378325,10.283611,2,12,1,0.9902766,1
16,32,1,1,0,-103.21055,587.60956,409.7345,0.00788614,-0.00495096,-0.010073157,15.729534,15.6225,2,13,1,0.9974414,1
16,11,1,0,0,-44.27667,-91.830894,159.22198,-0.01818055,0.020547431,0.028577078,8.538076,8.6125,2,-1,0,0.9898565,1
16,35,1,0,0,97.02989,-1.429609,443.94058,0.0113592185,-0.00932011,-0.004261079,5.361403,5.383611,2,-1,0,0.9696885,1
16,40,1,1,0,109.759285,486.5029,338.67267,-0.004328061,-0.015124202,-0.008343692,18.815535,18.960556,2,14,1,0.9848112,1
16,23,1,1,0,123.80424,383.7821,404.02063,0.0118256975,0.042068794,0.00465222,40.14717,39.968334,2,15,1,0.995301,1
16,28,1,1,0,154.17699,-16.83412,61.479065,-0.009674935,0.032913014,0.008889217,4.0466666,3.9825,2,16,1,0.96082693,1
16,28,0,0,0,0.0,0.0,0.0,0.0,0.0,0.0,33.879753,-1.0,2,-1,0,0.9993,1
16,23,1,0,0,123.80424,383.7821,404.02063,0.0118256975,0.042068794,0.00465222,4.672215,4.794722,2,-1,0,0.982334,1
16,33,1,1,0,-164.60101,-112.78224,281.1023,-0.0009894327,-0.0071640965,0.012012891,15.560549,14.586111,2,17,1,0.99951124,1
16,37,1,1,0,-164.94559,-513.5108,356.43933,-0.0020867118,-0.007049298,-0.007554716,10.365257,9.984445,2,18,1,0.9964439,1
16,38,1,1,0,-194.02937,-253.64507,430.61194,0.011508506,0.00826582,-0.028384747,19.583042,19.557222,2,19,1,0.9918079,1
16,17,1,0,0,-179.71425,452.5724,288.85904,-0.0062107444,-0.0040880837,-0.0039375443,4.682958,4.5561113,2,-1,0,0.9946794,1
16,17,1,1,0,-179.71425,452.5724,288.85904,-0.0062107444,-0.0040880837,-0.0039375443,8.247202,8.078611,2,20,1,0.94384855,1
16,31,1,1,0,-183.17226,481.56033,303.01102,-0.018173361,-0.0031203397,-0.0090444805,15.207765,15.181945,2,-1,1,0.8162014,1
16,12,1,1,0,189.13255,-44.221973,459.8817,-0.008389414,-0.00961378,-0.007296873,15.478687,15.775278,2,21,1,0.99226344,1
16,24,1,0,0,-212.28104,109.81862,307.03818,0.01514153,-0.044868704,0.03852014,3.1574929,3.1580555,2,-1,0,0.7776417,1
16,38,1,0,0,-194.02937,-253.64507,430.61194,0.011508506,0.00826582,-0.028384747,9.603695,9.639444,2,-1,0,0.99307454,1
16,24,1,0,0,-212.28104,109.81862,307.03818,0.01514153,-0.044868704,0.03852014,13.85809,13.762777,2,-1,0,0.96084607,1
16,24,1,1,0,-212.28104,109.81862,307.03818,0.01514153,-0.044868704,0.03852014,43.36264,43.595833,2,22,1,0.9961777,1
16,18,1,1,0,-223.61954,-582.1956,452.78842,-0.021671934,0.01058368,-0.024463963,25.92525,26.0025,2,23,1,0.9977301,1
16,31,1,0,0,-183.17226,481.56033,303.01102,-0.018173361,-0.0031203397,-0.0090444805,4.5020833,4.3316665,2,-1,0,0.9122487,1
16,10,1,1,0,-240.72305,-569.5205,361.90625,0.010012459,-0.023218414,0.0018229866,13.991369,14.011945,2,24,1,0.96990854,1
16,18,1,0,0,-223.61954,-582.1956,452.78842,-0.021671934,0.01058368,-0.024463963,5.779174,5.951389,2,-1,0,0.9958118,1
16,10,1,0,0,-240.72305,-569.5205,361.90625,0.010012459,-0.023218414,0.0018229866,7.139389,7.273889,2,-1,0,0.9804001,1
16,21,1,0,0,245.76422,-321.50693,75.552345,0.0008512547,-0.0008638029,0.022585055,8.890119,6.0455556,2,-1,0,0.9902395,1
16,21,1,1,0,245.76422,-321.50693,75.552345,0.0008512547,-0.0008638029,0.022585055,13.839298,13.8025,2,25,1,0.9884094,1
16,5,1,0,0,-284.71246,200.08266,83.62843,0.0019986182,-0.026064057,0.008181969,10.666203,10.620833,2,-1,0,0.9724141,1
16,5,1,1,0,-284.71246,200.08266,83.62843,0.0019986182,-0.026064057,0.008181969,17.114279,17.044722,2,26,1,0.97686404,1
16,7,1,1,0,286.9856,-36.449547,254.11005,-0.0021275873,-0.0055431486,-0.006431126,10.634334,9.170555,2,27,1,0.9823539,1
16,6,1,1,0,-286.7771,-274.7873,96.00867,-0.000512798,0.011850743,0.00613905,13.230792,13.153055,2,28,1,0.9842181,1
16,13,1,1,0,-296.64917,66.517494,405.29947,0.020466229,-0.024094151,0.020389793,35.52554,35.608334,2,29,1,0.99974126,1
16,30,1,1,0,-291.36624,184.0209,440.95157,-0.0032381949,-0.011022198,0.034713358,16.316458,16.240278,2,30,1,0.98015356,1
16,30,1,0,0,-291.36624,184.0209,440.95157,-0.0032381949,-0.011022198,0.034713358,6.609132,6.660278,2,-1,0,0.9572741,1
16,30,1,0,0,-291.36624,184.0209,440.95157,-0.0032381949,-0.011022198,0.034713358,3.40991,2.3038888,2,-1,0,0.9646364,1
16,6,1,0,0,-286.7771,-274.7873,96.00867,-0.000512798,0.011850743,0.00613905,6.1703606,6.1516666,2,-1,0,0.9924797,1
16,4,1,1,0,-327.32825,533.06396,29.952862,0.008440144,-0.009595996,-0.011445307,9.208576,9.210556,2,31,1,0.9960471,1
16,15,1,1,0,326.58777,388.0184,177.91393,-0.0013982925,-0.00028643975,0.0030881346,2.9423888,2.9413888,2,-1,1,0.7980396,1
16,4,1,0,0,-327.32825,533.06396,29.952862,0.008440144,-0.009595996,-0.011445307,6.5609303,6.7116666,2,-1,0,0.99377537,1
16,4,1,0,0,-327.32825,533.06396,29.952862,0.008440144,-0.009595996,-0.011445307,3.1361737,3.2366667,2,-1,0,0.7979724,1
16,36,1,1,0,-332.8504,-468.1413,153.92569,-0.013630016,-0.03055703,0.00892229,17.503798,15.96,2,32,1,0.96760476,1
16,36,1,0,0,-332.8504,-468.1413,153.92569,-0.013630016,-0.03055703,0.00892229,11.974709,11.839167,2,-1,0,0.9750149,1
16,36,1,0,0,-332.8504,-468.1413,153.92569,-0.013630016,-0.03055703,0.00892229,4.7968545,4.792222,2,-1,0,0.9865044,1
16,20,1,1,0,-340.60297,489.52026,455.67554,-0.0026678054,0.027623316,-0.018109528,27.972403,19.821667,2,33,1,0.96417344,1
16,20,1,0,0,-340.60297,489.52026,455.67554,-0.0026678054,0.027623316,-0.018109528,3.0912776,3.046111,2,-1,0,0.5208407,1
16,9,1,1,0,346.1528,305.59656,103.55139,0.005219317,0.009272428,0.012821487,14.475126,14.558056,2,34,1,0.9829967,1
16,8,1,1,0,-358.6555,193.89684,269.611,-0.0018363689,-0.008417155,-0.00476623,9.551673,5.808611,2,35,1,0.99337006,1
16,3,1,0,0,361.7043,-222.96227,159.86389,-0.0048372247,0.0042158985,-0.011865076,4.794757,4.806389,2,-1,0,0.9658255,1
16,3,1,1,0,361.7043,-222.96227,159.86389,-0.0048372247,0.0042158985,-0.011865076,6.741979,6.744167,2,36,1,0.9779139,1
17,2,1,1,0,-25.581049,-445.70172,24.443556,0.021923097,-0.0087998435,0.025756987,18.54893,18.565277,2,0,1,0.9982327,1
17,2,1,0,0,-25.581049,-445.70172,24.443556,0.021923097,-0.0087998435,0.025756987,7.733584,7.721389,2,-1,0,0.9881539,1
17,2,1,0,0,-25.581049,-445.70172,24.443556,0.021923097,-0.0087998435,0.025756987,11.856534,12.009444,2,-1,0,0.93596745,1
17,28,1,1,0,33.71674,256.86267,391.2004,-0.012665014,-0.025370752,0.024488246,38.456104,35.975,2,1,1,0.9964323,1
17,25,1,1,0,-40.418602,5.345127,305.11746,0.0048583834,0.004740821,-0.016256774,21.182062,21.175556,2,2,1,0.99604553,1
17,40,0,0,0,0.0,0.0,0.0,0.0,0.0,0.0,3.5484722,-1.0,2,-1,0,0.87730455,1
17,17,1,1,0,-121.21303,-316.36435,127.41937,0.012984758,0.014778584,-0.016231952,28.943424,28.87861,2,3,1,0.99787545,1
17,38,1,1,0,-123.45085,406.88535,373.67676,0.004002742,0.029116035,-0.012707906,23.577972,23.865,2,4,1,0.9725814,1
17,38,1,0,0,-123.45085,406.88535,373.67676,0.004002742,0.029116035,-0.012707906,4.3028474,4.4355555,2,-1,0,0.9277221,1
17,16,1,1,0,132.55258,163.46355,443.79565,-0.0074980156,0.010782277,0.026888385,31.855896,31.889444,2,5,1,0.9992642,1
17,15,0,0,0,0.0,0.0,0.0,0.0,0.0,0.0,11.822958,-1.0,2,-1,0,0.9875651,1
17,39,1,0,0,173.33342,-162.58813,299.93384,-0.027707335,0.010704489,0.026370164,9.386354,9.3175,2,-1,0,0.9906192,1
17,16,1,0,0,132.55258,163.46355,443.79565,-0.0074980156,0.010782277,0.026888385,3.211639,3.1569445,2,-1,0,0.77702135,1
17,15,0,0,0,0.0,0.0,0.0,0.0,0.0,0.0,3.4412918,-1.0,2,-1,0,0.90642536,1
17,24,1,0,0,-155.6492,-57.508396,384.28275,0.010965197,-0.0024717506,0.01896342,4.5832496,4.672222,2,-1,0,0.98197687,1
17,1,1,1,0,-143.21104,-419.73563,317.056,-0.009127593,0.0122520635,-0.0064967573,13.499646,10.9975,2,6,1,0.997109,1
17,1,1,0,0,-143.21104,-419.73563,317.056,-0.009127593,0.0122520635,-0.0064967573,4.2435417,4.2433333,2,-1,0,0.968678,1
17,24,1,0,0,-155.6492,-57.508396,384.28275,0.010965197,-0.0024717506,0.01896342,7.884514,7.9369445,2,-1,0,0.97461265,1
17,8,1,0,0,-161.37047,579.19464,135.22765,-0.005218101,-0.0027380574,-0.027090421,4.9665833,4.8575,2,-1,0,0.9569179,1
17,10,0,0,0,0.0,0.0,0.0,0.0,0.0,0.0,16.75523,-1.0,2,-1,0,0.9920751,1
17,24,1,1,0,-155.6492,-57.508396,384.28275,0.010965197,-0.0024717506,0.01896342,9.969785,9.778611,2,7,1,0.9972211,1
17,8,1,1,0,-161.37047,579.19464,135.22765,-0.005218101,-0.0027380574,-0.027090421,31.19289,31.489166,2,8,1,0.9974843,1
17,10,0,0,0,0.0,0.0,0.0,0.0,0.0,0.0,4.8500557,-1.0,2,-1,0,0.94866,1
17,40,0,0,0,0.0,0.0,0.0,0.0,0.0,0.0,3.4675276,-1.0,2,-1,0,0.81476,1
17,7,1,1,0,165.5808,309.21997,59.243767,0.00082950114,-0.0120549,-0.024721261,26.960306,26.57639,2,9,1,0.9959388,1
17,5,1,1,0,168.87325,460.2077,248.42604,0.0027785162,-0.0062885266,-0.021811828,19.88611,16.954721,2,10,1,0.9539167,1
17,39,1,1,0,173.33342,-162.58813,299.93384,-0.027707335,0.010704489,0.026370164,20.771091,20.86389,2,11,1,0.9056381,1
17,1,1,0,0,-143.21104,-419.73563,317.056,-0.009127593,0.0122520635,-0.0064967573,3.6162987,3.6152778,2,-1,0,0.935589,1
17,40,1,1,0,182.41228,-439.26215,243.06503,-0.016807849,-0.020758923,-0.0101129925,16.844751,16.782223,2,12,1,0.9940754,1
17,9,1,1,0,-190.82632,440.82022,450.30286,-0.013642208,0.024662998,0.029977167,27.508932,27.38611,2,13,1,0.9897042,1
17,9,1,0,0,-190.82632,440.82022,450.30286,-0.013642208,0.024662998,0.029977167,5.541014,5.5233335,2,-1,0,0.98593,1
17,36,1,0,0,-202.24214,26.398333,354.00214,-0.011963847,-0.012579589,-0.0070314263,3.9645903,3.7105556,2,-1,0,0.96840805,1
17,20,1,1,0,207.73578,66.73016,412.6472,-0.032346293,-0.018806145,0.0013905137,39.162228,38.863056,2,14,1,0.97556835,1
17,36,1,1,0,-202.24214,26.398333,354.00214,-0.011963847,-0.012579589,-0.0070314263,16.429972,16.309723,2,15,1,0.99393094,1
17,21,1,1,0,208.17241,358.8674,439.38174,-0.003633904,-0.00038769154,0.009833444,8.74491,8.847222,2,16,1,0.9976235,1
17,14,1,1,0,214.54617,198.99202,429.9282,0.0035308546,0.0015373031,0.013766196,8.802541,6.246389,2,17,1,0.97990257,1
17,3,1,1,0,220.48648,592.7224,171.88524,-0.00405519,0.008914485,-0.012029273,18.09845,15.734445,2,18,1,0.98342013,1
17,27,1,0,0,-268.09418,-268.56158,288.93637,0.013917921,-0.0074903215,0.0273725,8.418938,8.427778,2,-1,0,0.99113643,1
17,37,1,0,0,233.38129,168.87482,199.55194,0.010675715,0.015509105,0.0021277182,9.022028,8.976666,2,-1,0,0.9823371,1
17,35,1,1,0,-234.0876,276.24988,299.85495,-0.0055735935,0.0039527966,-0.021721695,19.101923,18.99,2,19,1,0.95003194,1
17,35,1,0,0,-234.0876,276.24988,299.85495,-0.0055735935,0.0039527966,-0.021721695,3.9169166,2.3627777,2,-1,0,0.98452455,1
17,37,1,1,0,233.38129,168.87482,199.55194,0.010675715,0.015509105,0.0021277182,9.413166,9.460556,2,-1,1,0.96637213,1
17,29,1,1,0,-246.53246,-574.656,428.7165,0.016026672,0.021519799,-0.028518375,37.15743,37.53528,2,20,1,0.99989605,1
17,27,1,0,0,-268.09418,-268.56158,288.93637,0.013917921,-0.0074903215,0.0273725,3.2606945,3.4080555,2,-1,0,0.75586814,1
17,4,1,1,0,246.00339,211.64174,386.67188,-0.017536907,0.0008719779,0.011323097,21.491869,21.653055,2,21,1,0.9986743,1
17,19,1,0,0,260.14844,-179.38924,270.98837,-0.022427179,-0.026449177,-0.0027193434,3.4801111,3.5444446,2,-1,0,0.9390851,1
17,19,1,1,0,260.14844,-179.38924,270.98837,-0.022427179,-0.026449177,-0.0027193434,27.361734,27.321388,2,22,1,0.9784021,1
17,27,1,1,0,-268.09418,-268.56158,288.93637,0.013917921,-0.0074903215,0.0273725,18.224033,18.07639,2,23,1,0.98081094,1
17,31,0,0,0,0.0,0.0,0.0,0.0,0.0,0.0,5.876042,-1.0,2,-1,0,0.98771274,1
17,18,1,1,0,286.05276,-400.67465,365.19116,-0.0024226285,0.007564147,-0.0067215506,10.233944,10.2775,2,24,1,0.9809872,1
17,30,1,1,0,299.06503,501.37042,298.3728,0.0037727468,-0.011050229,-0.008725947,13.004251,11.257778,2,25,1,0.99518555,1
17,6,1,1,0,-304.53934,36.688305,414.68106,0.008758345,0.0017476815,0.011418584,11.32684,11.3125,2,26,1,0.98954016,1
17,23,1,1,0,-302.85297,387.91656,370.83325,-0.003955708,0.007825562,-0.00034581532,8.293326,8.357223,2,27,1,0.8967885,1
17,32,1,1,0,-321.32697,387.85397,426.84064,-0.017398853,0.002748401,0.01861369,23.909763,22.520834,2,28,1,0.99248934,1
17,32,1,0,0,-321.32697,387.85397,426.84064,-0.017398853,0.002748401,0.01861369,3.933972,3.8377779,2,-1,0,0.9780647,1
17,11,1,1,0,330.9601,87.07673,456.2243,0.010582033,-0.0143627515,-0.005793095,16.495512,14.451389,2,29,1,0.9961569,1
17,11,1,0,0,330.9601,87.07673,456.2243,0.010582033,-0.0143627515,-0.005793095,3.165465,3.2091668,2,-1,0,0.93688,1
17,33,1,1,0,335.80508,534.942,226.00272,0.014481954,-0.011835242,0.011989697,11.633104,11.656389,2,30,1,0.9298999,1
17,22,1,1,0,-337.17816,429.3323,459.21548,0.0021837319,-0.020919412,0.038969632,7.88775,7.806667,2,31,1,0.99349546,1
17,26,1,1,0,-343.7745,-202.23784,183.95055,0.0011404721,-0.0002392385,-0.005397134,5.0226808,5.0569444,2,32,1,0.9723441,1
17,13,1,1,0,-344.0029,-476.94745,390.1652,0.00018122306,-0.01770933,0.016104283,15.958049,15.917778,2,33,1,0.9941947,1
17,12,1,0,0,-346.9993,446.54312,126.95942,-0.008749763,-0.012467574,0.024973659,6.000215,6.118889,2,-1,0,0.98827773,1
17,12,1,1,0,-346.9993,446.54312,126.95942,-0.008749763,-0.012467574,0.024973659,20.855701,20.87111,2,34,1,0.99237025,1
17,13,1,0,0,-344.0029,-476.94745,390.1652,0.00018122306,-0.01770933,0.016104283,3.4151807,3.5275,2,-1,0,0.9355742,1
17,34,1,1,0,351.73926,242.33334,225.36829,0.012831788,0.017219769,-0.008140496,14.544126,13.127778,2,35,1,0.99047905,1
17,34,1,0,0,351.73926,242.33334,225.36829,0.012831788,0.017219769,-0.008140496,5.698264,5.686111,2,-1,0,0.9938776,1
17,13,1,0,0,-344.0029,-476.94745,390.1652,0.00018122306,-0.01770933,0.016104283,2.5803335,2.5977778,2,-1,0,0.8388878,1
18,38,0,0,0,0.0,0.0,0.0,0.0,0.0,0.0,2.9724376,2.8147223,2,-1,0,0.70234793,1
18,29,1,1,0,10.424454,-341.28442,291.19495,0.03139077,-0.0012120362,-0.025654443,34.804035,34.850834,2,0,1,0.9963122,1
18,32,1,1,0,-10.875174,-516.15924,30.371792,-0.016943164,-0.0019918238,0.0017906599,19.701529,19.811945,2,1,1,1.0,1
18,29,1,0,0,10.424454,-341.28442,291.19495,0.03139077,-0.0012120362,-0.025654443,3.0986316,3.201111,2,-1,0,0.50046694,1
18,39,1,1,0,28.351519,528.3979,312.35696,0.0054234806,0.0050513865,-0.0019670425,9.2583065,9.259444,2,2,1,0.9895509,1
18,12,0,0,0,0.0,0.0,0.0,0.0,0.0,0.0,3.9318333,-1.0,2,-1,0,0.93969077,1
18,39,1,0,0,28.351519,528.3979,312.35696,0.0054234806,0.0050513865,-0.0019670425,4.0788126,3.9691668,2,-1,0,0.957214,1
18,12,0,0,0,0.0,0.0,0.0,0.0,0.0,0.0,22.433558,0.2611111,2,-1,0,0.99909616,1
18,38,1,1,0,59.190342,-193.67992,423.47162,0.017022463,0.002036369,0.001626381,19.270514,19.205833,2,3,1,0.9981918,1
18,40,1,1,0,65.88521,392.9977,21.182777,0.012925678,-0.010421912,0.00924759,23.255304,21.104723,2,4,1,0.9915405,1
18,23,1,0,0,-70.18028,-477.00818,238.25911,0.0054625436,-0.0048349113,-0.0067801815,4.7720413,4.7611113,2,-1,0,0.98463875,1
18,14,1,0,0,-78.40124,-154.56544,355.9583,0.026727667,-0.0025009585,0.0056509105,7.5744996,7.674722,2,-1,0,0.9700748,1
18,23,1,1,0,-70.18028,-477.00818,238.25911,0.0054625436,-0.0048349113,-0.0067801815,5.015472,4.9558334,2,5,1,0.9875113,1
18,31,1,1,0,-72.46032,-296.8076,443.32523,-0.009852274,0.025992619,-0.0030246275,27.332651,21.797777,2,6,1,0.9995478,1
18,14,1,1,0,-78.40124,-154.56544,355.9583,0.026727667,-0.0025009585,0.0056509105,21.764347,21.796389,2,7,1,0.9993235,1
18,31,1,0,0,-72.46032,-296.8076,443.32523,-0.009852274,0.025992619,-0.0030246275,7.069944,6.8402777,2,-1,0,0.9836262,1
18,29,1,0,0,10.424454,-341.28442,291.19495,0.03139077,-0.0012120362,-0.025654443,3.3776252,3.5611112,2,-1,0,0.66322666,1
18,12,0,0,0,0.0,0.0,0.0,0.0,0.0,0.0,3.6280694,-1.0,2,-1,0,0.9113113,1
18,18,1,0,0,-151.2786,-299.26587,116.28297,-0.004242426,0.018474923,0.010404381,2.8783748,2.8225,2,-1,0,0.7983901,1
18,15,0,0,0,0.0,0.0,0.0,0.0,0.0,0.0,2.4339654,2.3725,2,-1,0,0.5143576,1
18,6,1,1,0,119.097855,-399.66028,222.4837,-0.010976969,-0.014028226,0.038313597,12.341883,12.361944,2,9,1,0.98931783,1
18,19,1,0,0,-210.472,-126.830605,58.672855,-0.0005039842,-0.018732693,0.0020168151,4.6614237,4.496111,2,-1,0,0.98356146,1
18,6,1,0,0,119.097855,-399.66028,222.4837,-0.010976969,-0.014028226,0.038313597,3.846347,3.7472222,2,-1,0,0.9174372,1
18,6,0,0,0,0.0,0.0,0.0,0.0,0.0,0.0,17.341959,-1.0,2,-1,0,0.9925114,1
18,6,0,0,0,0.0,0.0,0.0,0.0,0.0,0.0,4.1152015,-1.0,2,-1,0,0.96201235,1
18,11,1,1,0,131.40483,359.99347,96.92944,-0.002047731,-0.0031582406,-0.0027339465,4.5466247,4.5136113,2,10,1,0.9620361,1
18,8,1,0,0,-144.43362,134.76164,307.12933,0.01239072,-0.00032832604,0.031920888,4.0287013,3.8627777,2,-1,0,0.9763605,1
18,8,1,0,0,-144.43362,134.76164,307.12933,0.01239072,-0.00032832604,0.031920888,12.116125,12.179444,2,-1,0,0.9805782,1
18,8,1,1,0,-144.43362,134.76164,307.12933,0.01239072,-0.00032832604,0.031920888,18.688786,18.676666,2,11,1,0.9355137,1
18,17,1,0,0,148.93286,-413.38162,73.85703,-0.0005205642,-0.030410746,-0.021008184,10.294916,10.537222,2,-1,0,0.99080396,1
18,27,1,1,0,-146.68805,262.38812,85.40921,0.0057702847,-0.0065750983,-0.02075385,13.338396,13.1775,2,12,1,0.99316734,1
18,13,1,1,0,-146.70749,-200.5705,100.77341,0.007136308,0.0013194341,0.0037006044,7.6105075,7.6927776,2,13,1,0.98801535,1
18,27,1,0,0,-146.68805,262.38812,85.40921,0.0057702847,-0.0065750983,-0.02075385,6.0403614,6.209722,2,-1,0,0.99309784,1
18,27,1,0,0,-146.68805,262.38812,85.40921,0.0057702847,-0.0065750983,-0.02075385,3.5050347,3.3866668,2,-1,0,0.95995766,1
18,17,1,1,0,148.93286,-413.38162,73.85703,-0.0005205642,-0.030410746,-0.021008184,28.284779,28.385279,2,14,1,0.9799803,1
18,34,1,1,0,-150.44441,480.0818,179.08191,0.008840322,-0.018106978,0.007468135,23.379631,23.342777,2,15,1,0.9932459,1
18,1,1,1,0,-151.27612,460.87167,307.82703,0.005117458,-0.006650854,0.005111228,9.583237,9.671945,2,16,1,0.9927785,1
18,18,1,1,0,-151.2786,-299.26587,116.28297,-0.004242426,0.018474923,0.010404381,12.912001,9.971666,2,17,1,0.9575752,1
18,18,1,0,0,-151.2786,-299.26587,116.28297,-0.004242426,0.018474923,0.010404381,9.4435005,9.237778,2,-1,0,0.9937132,1
18,37,1,1,0,158.7168,296.36853,290.35498,-0.009048239,-0.014891114,-0.02945601,35.95102,35.355835,2,18,1,0.9997477,1
18,16,1,0,0,175.95683,-388.024,192.17596,-0.005802842,-0.0051581683,-0.0012872842,5.4757433,5.4072223,2,-1,0,0.9828604,1
18,30,1,0,0,-168.88757,-415.15012,174.46547,-0.0057138274,-0.0139993485,0.004331175,7.573826,7.5008335,2,-1,0,0.98996806,1
18,16,1,1,0,175.95683,-388.024,192.17596,-0.005802842,-0.0051581683,-0.0012872842,8.356271,8.469167,2,19,1,0.978387,1
18,30,1,1,0,-168.88757,-415.15012,174.46547,-0.0057138274,-0.0139993485,0.004331175,9.642522,9.661667,2,20,1,0.9511057,1
18,28,1,0,0,-194.4574,-26.858227,453.67468,-0.0045913984,-0.017790815,0.034552865,9.825118,7.191111,2,-1,0,0.9703005,1
18,28,1,1,0,-194.4574,-26.858227,453.67468,-0.0045913984,-0.017790815,0.034552865,16.559797,16.78,2,21,1,0.99406767,1
18,25,1,1,0,201.29848,356.7326,67.424416,-0.010007,-0.0029796513,0.025799826,22.446207,22.506111,2,22,1,0.93521476,1
18,15,1,1,0,-202.65039,569.6549,3.1495724,-0.00566806,0.019442199,-0.021655679,12.17995,10.693334,2,23,1,0.9920793,1
18,5,1,0,0,207.28773,438.9054,46.362465,0.0062792464,0.0016646527,-0.0057750596,3.5514095,3.6555555,2,-1,0,0.9470357,1
18,5,1,1,0,207.28773,438.9054,46.362465,0.0062792464,0.0016646527,-0.0057750596,6.36591,3.7316666,2,24,1,0.9636901,1
18,20,1,0,0,-220.99263,184.46222,252.64798,0.014955702,0.017324388,0.020286478,5.4563055,5.4841666,2,-1,0,0.9815622,1
18,35,1,1,0,-217.06993,116.40868,409.70135,0.018461207,0.0055128112,0.006248068,19.397251,19.584444,2,25,1,0.99998105,1
18,19,1,1,0,-210.472,-126.830605,58.672855,-0.0005039842,-0.018732693,0.0020168151,20.917873,21.228333,2,26,1,0.9983627,1
18,4,1,1,0,-212.16443,121.380905,460.58685,0.014857753,0.005718518,0.01952681,6.081771,6.022222,2,27,1,0.9536625,1
18,20,1,1,0,-220.99263,184.46222,252.64798,0.014955702,0.017324388,0.020286478,21.1555,21.09111,2,28,1,0.93140763,1
18,20,1,0,0,-220.99263,184.46222,252.64798,0.014955702,0.017324388,0.020286478,5.6649027,5.7269444,2,-1,0,0.9866628,1
18,22,1,1,0,234.24387,478.37595,166.31537,-0.00068510673,0.02592928,0.00569899,27.153225,26.947779,2,29,1,0.99803513,1
18,9,1,1,0,250.71126,-121.4382,157.4888,0.00048365392,0.015484031,0.013485118,19.319986,18.1,2,30,1,0.99840754,1
18,3,0,0,0,0.0,0.0,0.0,0.0,0.0,0.0,17.239347,-1.0,2,-1,0,0.9659165,1
18,9,1,0,0,250.71126,-121.4382,157.4888,0.00048365392,0.015484031,0.013485118,3.7000833,1.0752778,2,-1,0,0.9427624,1
18,3,0,0,0,0.0,0.0,0.0,0.0,0.0,0.0,2.5513265,2.6094444,2,-1,0,0.5617245,1
18,21,0,0,0,0.0,0.0,0.0,0.0,0.0,0.0,25.119349,-1.0,2,-1,0,0.99856097,1
18,26,1,1,0,-295.62326,472.1291,443.06546,-0.004138872,-0.01914376,-0.0016892669,16.033417,8.9975,2,31,1,0.99432534,1
18,10,1,1,0,-301.0035,-141.11205,63.303757,0.0020488699,-0.019265028,-0.016055722,23.647026,23.87,2,32,1,0.92766404,1
18,24,1,1,0,-308.36902,-381.91626,432.08267,-0.021909023,0.007231783,-0.010803567,17.657465,11.759167,2,33,1,0.91148365,1
18,33,1,1,0,323.6232,-321.69135,253.71706,-0.0054313443,-0.0021923867,-0.0016653843,5.6306534,5.6680555,2,34,1,0.9768918,1
18,33,0,0,0,0.0,0.0,0.0,0.0,0.0,0.0,3.610611,-1.0,2,-1,0,0.9618429,1
18,36,1,1,0,333.72372,523.8632,17.626043,-0.006873687,0.007804502,-0.00995024,13.29548,9.686944,2,35,1,0.99313194,1
18,24,1,0,0,-308.36902,-381.91626,432.08267,-0.021909023,0.007231783,-0.010803567,11.229021,11.050555,2,-1,0,0.9955829,1
18,3,1,1,0,254.43758,-352.73712,200.36531,0.0022853117,0.0010324771,0.018797996,4.10216,4.074167,2,36,1,0.9569049,1
18,7,1,1,0,356.65906,111.07299,295.37332,0.005580676,0.015097837,-0.008980617,17.67496,15.661111,2,37,1,0.9999479,1
19,34,1,0,0,4.3018517,166.2609,94.08116,0.018576995,-0.026033571,0.04636805,14.666638,14.533889,2,-1,0,0.991213,1
19,34,1,0,0,4.3018517,166.2609,94.08116,0.018576995,-0.026033571,0.04636805,18.475021,18.466944,2,-1,0,0.99284124,1
19,17,1,1,0,-7.1890097,350.07144,354.61514,0.00097576925,-0.015861155,-0.0056315665,18.399223,9.775,2,0,1,0.9971614,1
19,9,1,0,0,11.925398,-148.90607,251.39394,-0.0053276275,0.03236518,0.014800966,6.8809724,4.9580555,2,-1,0,0.98871744,1
19,9,1,1,0,11.925398,-148.90607,251.39394,-0.0053276275,0.03236518,0.014800966,34.523537,34.485832,2,1,1,0.9977915,1
19,34,1,1,0,4.3018517,166.2609,94.08116,0.018576995,-0.026033571,0.04636805,20.466105,20.253334,2,2,1,0.99753773,1
19,34,1,0,0,4.3018517,166.2609,94.08116,0.018576995,-0.026033571,0.04636805,3.955375,3.8194444,2,-1,0,0.9712504,1
19,20,1,0,0,32.290855,412.43115,90.09353,0.012711051,0.004847543,-0.006092074,6.484688,6.5080557,2,-1,0,0.97735184,1
19,26,1,1,0,17.41049,-553.0845,284.33063,0.0028240068,-0.015442272,-0.014815524,21.319849,20.550278,2,4,1,0.9999181,1
19,28,1,1,0,18.886868,-61.793,24.665722,0.0180122,-0.008360677,0.009642569,14.412201,12.641945,2,5,1,0.9955108,1
19,28,1,0,0,18.886868,-61.793,24.665722,0.0180122,-0.008360677,0.009642569,11.956527,12.064722,2,-1,0,0.99342173,1
19,26,0,0,0,17.41049,-553.0845,284.33063,0.0028240068,-0.015442272,-0.014815524,3.648361,3.6347222,2,-1,0,0.796625,1
19,26,1,0,0,17.41049,-553.0845,284.33063,0.0028240068,-0.015442272,-0.014815524,3.9419582,3.8319445,2,-1,0,0.9619628,1
19,30,1,1,0,30.066883,-487.50574,273.42645,-0.0015446245,-0.0026695598,0.019409545,22.598778,22.425,2,6,1,0.99950993,1
19,32,1,1,0,30.305159,285.33838,175.25865,0.005589442,0.015523933,-0.003670448,12.812888,12.748333,2,7,1,0.9997781,1
19,4,1,1,0,35.297012,-597.9825,122.36843,-0.012678222,0.011119138,-0.016239079,21.803728,21.940556,2,8,1,0.9932956,1
19,32,1,0,0,30.305159,285.33838,175.25865,0.005589442,0.015523933,-0.003670448,5.4070764,5.3355556,2,-1,0,0.9231009,1
19,20,1,1,0,32.290855,412.43115,90.09353,0.012711051,0.004847543,-0.006092074,8.0800905,7.9252777,2,9,1,0.9148395,1
19,20,1,0,0,32.290855,412.43115,90.09353,0.012711051,0.004847543,-0.006092074,6.71527,6.703611,2,-1,0,0.97671264,1
19,7,1,1,0,-36.473343,48.545654,129.6151,-0.006379248,0.0051573548,0.01660352,20.93121,20.935278,2,10,1,0.9905059,1
19,12,0,0,0,0.0,0.0,0.0,0.0,0.0,0.0,2.7417846,2.8155556,2,-1,0,0.6538113,1
19,30,1,0,0,30.066883,-487.50574,273.42645,-0.0015446245,-0.0026695598,0.019409545,7.3567433,7.2708335,2,-1,0,0.99547064,1
19,8,1,0,0,97.015045,89.73906,80.78036,-0.023045553,0.009323777,0.024459045,7.13625,6.950278,2,-1,0,0.99804294,1
19,39,1,1,0,73.75289,404.54007,208.86555,0.0014636915,-0.002059274,-0.0046903403,6.0720415,6.0455556,2,11,1,0.9837816,1
19,8,1,0,0,97.015045,89.73906,80.78036,-0.023045553,0.009323777,0.024459045,9.185805,9.513611,2,-1,0,0.982428,1
19,8,1,1,0,97.015045,89.73906,80.78036,-0.023045553,0.009323777,0.024459045,20.739584,20.570555,2,12,1,0.9996939,1
19,38,1,1,0,-94.12135,-450.5719,35.8526,-0.00056159036,-0.0107297925,-0.008076802,15.366029,15.533055,2,13,1,0.9954268,1
19,37,1,1,0,-96.02384,-403.84738,200.02031,-0.015817765,-0.012651377,-0.021010518,25.780312,24.702778,2,14,1,0.9900851,1
19,38,1,0,0,-94.12135,-450.5719,35.8526,-0.00056159036,-0.0107297925,-0.008076802,4.1831875,4.2388887,2,-1,0,0.9949286,1
19,35,1,0,0,-113.36614,-103.81888,282.91208,0.012302198,-0.0040755454,-0.0062916884,8.172931,8.403611,2,-1,0,0.94498473,1
19,35,1,1,0,-113.36614,-103.81888,282.91208,0.012302198,-0.0040755454,-0.0062916884,9.047806,9.0419445,2,15,1,0.9734254,1
19,12,1,1,0,-112.08661,-133.87839,436.61868,-0.010787345,-0.019536939,-0.016050024,25.390217,21.436388,2,16,1,0.99790525,1
19,24,1,1,0,-114.4973,-321.80997,390.9036,-0.013627435,0.021146623,-0.0010282034,23.18252,23.123333,2,17,1,0.9967313,1
19,24,1,0,0,-114.4973,-321.80997,390.9036,-0.013627435,0.021146623,-0.0010282034,4.6609373,4.557778,2,-1,0,0.9669786,1
19,5,1,0,0,-196.2851,-40.479057,309.15515,0.012887324,-0.0051578865,0.0012938024,5.2616873,5.345278,2,-1,0,0.97954696,1
19,21,1,0,0,-180.70949,311.70142,374.4429,0.021038841,0.0035812617,0.009200923,3.2858126,3.2183332,2,-1,0,0.93291175,1
19,40,1,0,0,166.50546,-150.71664,87.3932,-0.02223486,0.021942638,-0.01863058,4.641153,4.6702776,2,-1,0,0.8913826,1
19,14,1,0,0,-154.54997,-465.47443,259.1693,-0.014840905,-0.0085355295,-0.022412626,5.8998337,4.5825,2,-1,0,0.96721506,1
19,14,1,1,0,-154.54997,-465.47443,259.1693,-0.014840905,-0.0085355295,-0.022412626,22.318813,20.945,2,18,1,0.99153167,1
19,40,1,1,0,166.50546,-150.71664,87.3932,-0.02223486,0.021942638,-0.01863058,31.182604,30.974445,2,19,1,0.984838,1
19,6,1,0,0,162.3962,336.9379,427.07278,0.0039050065,-0.0074040233,0.017531272,3.937354,4.021389,2,-1,0,0.9481548,1
19,27,1,1,0,161.32379,442.9477,105.868996,0.0069434256,-0.007791924,-0.006647026,13.343846,11.695,2,20,1,0.98280555,1
19,6,1,1,0,162.3962,336.9379,427.07278,0.0039050065,-0.0074040233,0.017531272,16.364923,16.266111,2,21,1,0.98963296,1
19,16,1,1,0,-173.82224,546.1569,329.41827,0.011698122,-9.033595e-05,-0.015218299,20.396875,20.177221,2,22,1,0.98179984,1
19,23,1,1,0,-175.8164,-392.29877,203.08282,0.0052395235,0.015646702,0.012818747,19.867544,18.747223,2,23,1,0.9973037,1
19,21,1,1,0,-180.70949,311.70142,374.4429,0.021038841,0.0035812617,0.009200923,17.547028,17.484722,2,24,1,0.9950118,1
19,5,1,1,0,-196.2851,-40.479057,309.15515,0.012887324,-0.0051578865,0.0012938024,8.067888,8.029166,2,25,1,0.97245353,1
19,33,1,1,0,197.4173,-399.65408,25.745537,0.024278853,0.015443346,-0.014208343,29.857458,29.950834,2,26,1,0.9997427,1
19,2,1,1,0,-198.98282,-415.53812,67.47398,-0.022042356,0.003174582,0.009210061,16.585117,13.962222,2,27,1,0.7935574,1
19,11,1,1,0,207.02945,427.9624,384.569,0.013239712,-0.0008142715,0.030673778,21.893242,21.591944,2,28,1,0.98474276,1
19,11,1,0,0,207.02945,427.9624,384.569,0.013239712,-0.0008142715,0.030673778,15.639362,13.440833,2,-1,0,0.9968226,1
19,2,1,0,0,-198.98282,-415.53812,67.47398,-0.022042356,0.003174582,0.009210061,9.167451,9.263333,2,-1,0,0.89812744,1
19,36,1,1,0,-213.49701,449.74017,161.19395,0.022397168,0.014400433,-0.0017604313,18.302944,17.891945,2,29,1,0.9904655,1
19,36,1,0,0,-213.49701,449.74017,161.19395,0.022397168,0.014400433,-0.0017604313,5.595611,5.5033336,2,-1,0,0.9887523,1
19,31,1,1,0,-224.51254,-84.432205,216.57605,-0.008462565,-0.0052681305,-0.0019352437,12.95536,5.793611,2,30,1,0.9884312,1
19,15,1,0,0,261.65588,-488.7115,381.0344,0.0042002555,-0.018778382,-0.012139005,8.424424,5.2755556,2,-1,0,0.97447133,1
19,25,1,1,0,281.41037,-378.9658,44.96908,-0.024681881,0.025882468,-0.015108966,37.83964,38.123055,2,31,1,0.9983311,1
19,15,1,1,0,261.65588,-488.7115,381.0344,0.0042002555,-0.018778382,-0.012139005,13.33657,13.353611,2,32,1,0.9939691,1
19,29,1,0,0,-286.38034,-318.51382,255.84604,-0.017295515,0.010301517,0.0044110534,2.7707152,2.7591667,2,-1,0,0.51405,1
19,29,1,1,0,-286.38034,-318.51382,255.84604,-0.017295515,0.010301517,0.0044110534,16.923805,13.675,2,33,1,0.9954919,1
19,18,1,1,0,293.5942,-363.68256,147.7699,0.029612245,-0.0028799775,-0.0095777875,16.893105,16.904722,2,34,1,0.96337056,1
19,14,0,0,0,0.0,0.0,0.0,0.0,0.0,0.0,2.9275763,2.879722,2,-1,0,0.8084941,1
19,10,1,1,0,332.66876,-106.9208,172.88113,0.0019697887,-0.0115527725,-0.011020466,14.462639,14.451389,2,35,1,0.96443295,1
19,18,1,0,0,293.5942,-363.68256,147.7699,0.029612245,-0.0028799775,-0.0095777875,7.1485147,7.3416667,2,-1,0,0.92131704,1
19,10,1,0,0,329.34558,-102.58716,174.7149,0.0019697887,-0.0115527725,-0.011020466,3.3232567,3.3216667,2,-1,0,0.93103254,1
19,3,1,1,0,-342.91788,-594.5789,112.71596,-0.0045745284,-0.0095201535,0.014476222,11.837688,11.694445,2,36,1,0.9901766,1
19,3,1,0,0,-342.91788,-594.5789,112.71596,-0.0045745284,-0.0095201535,0.014476222,3.5394168,2.3280556,2,-1,0,0.91691333,1
19,1,1,1,0,354.76138,-263.00787,200.51085,0.036617067,0.015246387,0.0066294107,17.67563,17.717777,2,37,1,0.9934081,1
19,13,1,1,0,357.64453,-488.9149,450.04306,0.010554734,-0.017315002,-0.0040049283,14.788055,14.920834,2,38,1,0.9692003,1
19,19,1,1,0,-361.15576,329.65692,160.77538,-0.003096229,-0.009195848,-0.010456323,12.4494095,12.505,2,39,1,0.9922466,1
19,1,1,0,0,354.76138,-263.00787,200.51085,0.036617067,0.015246387,0.0066294107,4.846264,4.8166666,2,-1,0,0.99520844,1
