file_index,event,is_marley,is_main_track,is_es_interaction,pos_x,pos_y,pos_z,momentum_x,momentum_y,momentum_z,cluster_energy,particle_energy,plane_id,match_id,true_label,prediction_prob,predicted_label
0,30,0,0,1,-52.80971,538.34515,396.84537,0.021048168,-0.029732447,0.008873143,3.3576388,3.1494443,2,-1,0,0.92904073,1
0,24,1,1,1,-26.889988,-144.85716,206.37747,0.0043296153,-0.0064729145,0.0029211105,6.775708,6.9166665,2,0,1,0.974535,1
0,35,1,1,1,28.590717,-14.214502,155.31882,0.005301317,-0.004330958,0.00015119869,7.6542287,7.7894444,2,1,1,0.9891593,1
0,30,1,0,1,-52.80971,538.34515,396.84537,0.021048168,-0.029732447,0.008873143,4.582083,4.575278,2,-1,0,0.9961582,1
0,22,1,1,1,-43.830925,535.03094,249.63167,0.00476512,-0.0042593577,0.0026343376,6.3501387,6.2247224,2,2,1,0.99279106,1
0,8,1,1,1,-48.908863,64.594406,257.27112,0.010784633,-0.013978965,0.0066297054,22.60638,22.18,2,3,1,0.9954958,1
0,30,1,0,1,-52.80971,538.34515,396.84537,0.021048168,-0.029732447,0.008873143,15.040152,15.017777,2,-1,0,0.9840916,1
0,30,1,1,1,-52.80971,538.34515,396.84537,0.021048168,-0.029732447,0.008873143,17.191675,17.108889,2,4,1,0.99904114,1
0,40,1,1,1,-52.623573,-29.959282,63.69564,0.00625718,-0.0083664125,0.0012987085,11.670499,11.557222,2,5,1,0.9690945,1
0,38,1,1,1,52.521675,-295.66147,268.1074,0.0016980278,-0.0063039972,0.00053876924,7.184666,7.0680556,2,6,1,0.9972554,1
0,33,1,1,1,-65.748474,-430.18323,375.33145,0.0033098138,-0.0023298608,0.0012383277,4.6159167,4.582778,2,7,1,0.98544544,1
0,27,1,1,1,-75.537254,385.4243,64.46371,0.021166094,-0.034882925,0.009397867,39.877743,39.563057,2,8,1,0.9548116,1
0,27,1,0,1,-75.537254,385.4243,64.46371,0.021166094,-0.034882925,0.009397867,4.653882,4.555278,2,-1,0,0.9813958,1
0,16,1,1,1,-81.83265,-321.7685,391.5231,0.005784884,-0.009713113,0.00051485776,13.316597,13.038333,2,9,1,0.9966529,1
0,9,1,1,1,-92.45503,15.73058,242.0778,0.011700737,-0.018244794,0.0014128945,18.39714,18.170279,2,10,1,0.99581295,1
0,15,1,1,1,-87.07305,-226.42024,35.294685,0.0034684672,-0.0036526904,-0.00077037903,5.898291,5.7636113,2,11,1,0.9636892,1
0,32,1,1,1,110.537766,-476.5644,319.85034,0.008193599,-0.01784009,0.0025111868,19.577806,19.515,2,13,1,0.995233,1
0,18,1,1,1,-115.09772,-66.476006,318.4743,0.0039413706,-0.0060138204,0.001249188,6.8350205,6.756111,2,14,1,0.9811835,1
0,26,1,1,1,-121.92134,20.99305,280.65,0.0040782467,-0.0064397454,-0.00035170966,8.382285,8.358055,2,15,1,0.98671794,1
0,5,1,1,1,126.2639,-174.1613,11.9914875,0.009595849,-0.010237465,0.0015137506,7.378458,7.4880557,2,16,1,0.9952389,1
0,39,1,1,1,127.02082,132.91309,373.2812,0.009072129,-0.010309747,0.0027867279,14.514049,14.137222,2,17,1,0.9891828,1
0,4,1,1,1,-131.29028,598.4938,36.306587,0.008015365,-0.01180936,0.0029240514,12.620424,12.308056,2,18,1,0.98366666,1
0,5,1,0,1,126.2639,-174.1613,11.9914875,0.009595849,-0.010237465,0.0015137506,6.219473,6.229722,2,-1,0,0.83506334,1
0,1,1,1,1,186.01154,-463.63647,134.73196,0.009807927,-0.012548303,0.004533907,8.780666,8.737223,2,19,1,0.9944748,1
0,1,1,0,1,186.01154,-463.63647,134.73196,0.009807927,-0.012548303,0.004533907,6.8837423,6.793889,2,-1,0,0.9894845,1
0,21,1,1,1,199.87474,441.65875,158.37746,0.00837491,-0.010323815,0.0051961723,12.141111,12.133611,2,20,1,0.99354905,1
0,2,1,1,1,-204.12982,-167.99338,154.01735,0.008980585,-0.012541241,0.0012799853,15.390792,15.345555,2,21,1,0.9858752,1
0,36,1,1,1,216.01662,513.7607,359.95123,0.013392671,-0.018810138,0.0026300426,19.457111,19.311111,2,22,1,0.9787046,1
0,7,1,0,1,-226.01892,397.45413,424.83392,0.019518098,-0.028770242,0.0062501184,10.532313,10.421111,2,-1,0,0.97652936,1
0,7,1,1,1,-226.01892,397.45413,424.83392,0.019518098,-0.028770242,0.0062501184,11.265375,11.216389,2,23,1,0.9879973,1
0,7,1,0,1,-226.01892,397.45413,424.83392,0.019518098,-0.028770242,0.0062501184,10.276903,10.4366665,2,-1,0,0.9716906,1
0,36,1,0,1,216.01662,513.7607,359.95123,0.013392671,-0.018810138,0.0026300426,5.180208,5.1844444,2,-1,0,0.9912719,1
0,19,1,1,1,238.14006,-355.9441,107.47125,0.008608208,-0.017327946,0.0035524066,15.091729,15.2913885,2,24,1,0.99678135,1
0,19,1,0,1,238.14006,-355.9441,107.47125,0.008608208,-0.017327946,0.0035524066,5.036875,4.928889,2,-1,0,0.9532613,1
0,28,1,0,1,-268.34012,107.12443,5.2968497,0.0056021553,-0.011260526,0.0047578737,4.527333,4.5158334,2,-1,0,0.96924174,1
0,13,1,1,1,-254.84293,-333.25052,243.87317,0.003051143,-0.0046505206,-0.00038669855,5.522153,5.5455556,2,25,1,0.95547545,1
0,28,1,1,1,-268.34012,107.12443,5.2968497,0.0056021553,-0.011260526,0.0047578737,8.73709,8.457778,2,26,1,0.988524,1
0,23,1,1,1,271.12262,582.1444,372.91684,0.012072763,-0.018500883,0.0044930372,21.138021,21.003334,2,27,1,0.96606,1
0,34,1,1,1,276.57062,255.8655,253.09305,0.010252815,-0.012876421,0.003085148,16.685547,16.713055,2,28,1,0.99869883,1
0,11,1,1,1,287.89658,-329.65067,37.231964,0.012674189,-0.019039419,0.0065734005,13.607478,13.678889,2,29,1,0.98701,1
0,11,1,0,1,287.89658,-329.65067,37.231964,0.012674189,-0.019039419,0.0065734005,5.6543403,5.6869445,2,-1,0,0.97000957,1
0,25,1,1,1,-292.517,-18.451273,269.1426,0.0057884944,-0.005501748,0.002747578,8.5835905,8.604722,2,30,1,0.9635554,1
0,37,1,1,1,-315.38177,-26.952707,333.8618,0.006168636,-0.012696416,0.0021257815,13.205679,13.294723,2,31,1,0.99395496,1
0,14,1,1,1,314.92038,507.32608,161.48976,0.024628961,-0.029103326,0.007548337,19.853514,19.906944,2,32,1,0.9676425,1
0,20,1,1,1,-319.9749,-237.74812,278.80807,0.0021990193,-0.0032525528,-0.0003069291,3.3659308,3.3102777,2,33,1,0.9198127,1
0,14,1,0,1,314.92038,507.32608,161.48976,0.024628961,-0.029103326,0.007548337,16.365473,16.624166,2,-1,0,0.99395376,1
0,12,1,1,1,-336.80255,-282.43573,451.59906,0.0017272629,-0.0055457857,-7.175467e-05,5.398132,5.42,2,34,1,0.96722335,1
0,6,1,1,1,-355.42062,502.07285,36.091824,0.005186104,-0.004769558,0.0009323703,6.8814726,6.8447223,2,35,1,0.97622234,1
0,31,1,0,1,358.30426,-453.09027,19.779257,0.014031552,-0.022084195,0.0049332036,5.62557,5.630833,2,-1,0,0.95193833,1
0,31,1,1,1,358.30426,-453.09027,19.779257,0.014031552,-0.022084195,0.0049332036,17.128258,17.21861,2,36,1,0.9656808,1
1,5,1,1,1,26.094154,381.34256,220.70097,0.010331094,-0.013877721,0.00409001,15.013952,14.718889,2,0,1,0.999908,1
1,5,1,0,1,26.094154,381.34256,220.70097,0.010331094,-0.013877721,0.00409001,7.0156736,7.2247224,2,-1,0,0.98899055,1
1,19,1,1,1,33.83129,316.01706,347.90378,0.007015459,-0.00715664,0.0009108623,10.612527,10.551666,2,1,1,0.99737096,1
1,29,1,1,1,34.085182,65.942215,238.21004,0.010571978,-0.01907207,0.0027260256,21.475155,21.726389,2,2,1,0.9913407,1
1,30,1,1,1,-49.018738,-509.5561,426.2163,0.0037120476,-0.00777567,0.0036544949,8.185361,8.278334,2,3,1,0.99821174,1
1,35,1,1,1,-97.6067,288.47522,445.68878,0.0031706665,-0.006807097,0.00012637342,6.2072988,6.296389,2,4,1,0.9772125,1
1,23,1,1,1,-100.69538,269.83966,376.08484,0.008091071,-0.013753314,0.002912532,17.8715,18.081112,2,5,1,0.99771607,1
1,38,1,1,1,98.42522,-416.25046,176.3416,0.0049329116,-0.0047560288,-0.00032562832,7.6389027,7.613611,2,6,1,0.98823756,1
1,12,1,1,1,-101.01208,-109.85161,51.78054,0.0067481045,-0.009509778,0.00029396862,7.7737217,7.6944447,2,7,1,0.9970355,1
1,25,1,1,1,133.55473,249.132,461.82635,0.007804265,-0.01574925,0.0030909271,3.7785275,3.8644445,2,8,1,0.8709391,1
1,22,1,1,1,-141.34732,65.9861,273.11264,0.01415754,-0.019315204,0.004898811,21.549036,21.317223,2,9,1,0.9992811,1
1,22,1,0,1,-141.34732,65.9861,273.11264,0.01415754,-0.019315204,0.004898811,6.8726215,6.7552776,2,-1,0,0.99224675,1
1,2,1,1,1,-142.07393,-371.516,13.466295,0.002196822,-0.0065064235,0.0012717923,6.367778,6.3733335,2,10,1,0.96761024,1
1,26,1,1,1,-146.84166,303.80588,238.34424,0.01496779,-0.018114232,0.0023501625,26.100256,25.580555,2,11,1,0.90845746,1
1,31,1,1,1,162.42444,585.4619,263.7838,0.003807836,-0.009291085,0.00179192,11.305458,11.228056,2,12,1,0.9999912,1
1,6,1,0,1,-188.41011,-567.7939,49.53391,0.0135396095,-0.021102823,0.0032552055,2.9631944,2.9127777,2,-1,0,0.67816204,1
1,6,1,1,1,-188.41011,-567.7939,49.53391,0.0135396095,-0.021102823,0.0032552055,22.467459,22.413055,2,13,1,0.9970509,1
1,33,1,1,1,185.92392,161.27435,401.71753,0.004213881,-0.004527005,-0.00025737786,5.3955483,5.350278,2,14,1,0.94517046,1
1,4,1,1,1,187.10455,424.01447,329.04553,0.009849121,-0.011320286,0.0036539405,6.7955337,6.8977776,2,15,1,0.99030066,1
1,37,1,1,1,-206.2112,257.4181,260.7139,0.008824164,-0.017177965,0.005728202,18.382084,18.37139,2,16,1,0.9980557,1
1,10,1,1,1,203.77232,235.40344,312.6485,0.005449802,-0.012996578,0.002731963,15.376195,15.433888,2,17,1,0.99528104,1
1,34,1,1,1,203.68317,426.24905,115.962105,0.007862244,-0.009173042,0.0037208989,13.640492,13.561944,2,18,1,0.98170257,1
1,9,1,1,1,204.73639,558.98364,326.2903,0.012126243,-0.013315905,0.004716741,8.499395,8.341945,2,19,1,0.9506613,1
1,17,1,1,1,206.04564,551.0951,360.6925,0.0073544974,-0.008111031,-4.6477126e-05,11.469459,11.7,2,20,1,0.994935,1
1,39,1,1,1,-207.85957,-540.47424,249.6338,0.0057608904,-0.0047209887,0.00090663077,7.9941316,7.9155555,2,21,1,0.97661144,1
1,9,1,0,1,204.73639,558.98364,326.2903,0.012126243,-0.013315905,0.004716741,6.6012783,6.73,2,-1,0,0.99797624,1
1,4,1,0,1,187.10455,424.01447,329.04553,0.009849121,-0.011320286,0.0036539405,3.3339095,3.39,2,-1,0,0.93743616,1
1,11,1,1,1,233.87054,-452.5998,291.5093,0.004244528,-0.0028622216,0.0013305802,5.263695,5.3416667,2,-1,1,0.97238433,1
1,14,1,1,1,273.43832,352.49673,245.23846,0.008224733,-0.008763204,0.0043391995,11.146445,11.268056,2,22,1,0.9709199,1
1,3,1,1,1,277.73187,171.05048,309.18912,0.004289821,-0.010564385,0.002478912,11.1929865,11.262777,2,23,1,0.91466135,1
1,13,1,1,1,-282.68405,-374.3378,390.71674,0.011023789,-0.0139703695,0.0036567966,12.457131,12.47,2,24,1,0.9785663,1
1,13,1,0,1,-282.68405,-374.3378,390.71674,0.011023789,-0.0139703695,0.0036567966,5.3835144,5.3883333,2,-1,0,0.9898559,1
1,16,1,1,1,-297.48273,-120.733734,405.84607,0.0020804845,-0.007129539,0.0004211108,7.23434,7.2455554,2,25,1,0.99029505,1
1,15,1,0,1,301.23618,289.0338,254.3114,0.015522548,-0.018068805,0.0028697692,8.944681,8.779166,2,-1,0,0.95812166,1
1,15,1,1,1,301.23618,289.0338,254.3114,0.015522548,-0.018068805,0.0028697692,12.715735,12.528334,2,26,1,0.985762,1
1,32,1,1,1,306.10233,118.2745,312.68286,0.0033437973,-0.0038572738,0.002904893,5.1136947,5.2125,2,28,1,0.97438264,1
1,27,1,1,1,-330.63794,476.38742,42.828384,0.0021555868,-0.005563842,0.0026474632,6.3223057,6.1966667,2,29,1,0.97341835,1
1,40,1,1,1,346.62433,-508.02057,30.892954,0.00485717,-0.004284028,0.0024531288,5.643319,5.6455555,2,30,1,0.95252407,1
2,11,1,1,1,10.885434,-549.27,297.98306,0.0011687129,-0.0039253775,0.0018360105,5.221576,5.4244447,2,0,1,0.994472,1
2,10,1,1,1,12.931677,405.08038,269.79846,0.01235443,-0.016816886,0.004779399,13.084792,13.242778,2,1,1,0.9954188,1
2,17,1,1,1,25.024477,-218.29433,328.01395,0.009913752,-0.011814922,0.003975862,17.959867,18.257223,2,3,1,0.98868793,1
2,10,1,0,1,12.931677,405.08038,269.79846,0.01235443,-0.016816886,0.004779399,4.943896,4.925,2,-1,0,0.96961886,1
2,2,1,1,1,-37.026615,450.645,284.8036,0.0016361946,-0.0051238253,0.0024381788,6.150833,6.169722,2,4,1,0.97039086,1
2,15,1,1,1,44.12304,-549.90753,142.09215,0.014568471,-0.022576643,0.003592924,24.829147,24.844723,2,5,1,0.9992599,1
2,33,1,1,1,-45.354572,8.910606,66.808136,0.008077716,-0.011119978,0.005444561,17.783438,17.730278,2,6,1,0.999495,1
2,15,1,0,1,44.12304,-549.90753,142.09215,0.014568471,-0.022576643,0.003592924,5.5182986,5.5172224,2,-1,0,0.88597554,1
2,35,1,1,1,69.22709,-470.8844,418.66275,0.0035476198,-0.0056866854,-0.0007771659,7.577868,7.6044445,2,7,1,0.93138134,1
2,1,1,1,1,70.068054,-393.2327,94.990555,0.008910378,-0.01419919,0.0028791348,15.877945,15.795278,2,8,1,0.9850675,1
2,16,1,1,1,-98.51577,-589.10364,139.92027,0.004051468,-0.0046730973,0.003125901,6.438611,6.4477777,2,-1,1,0.9891616,1
2,26,1,1,1,-105.981186,-168.64133,239.01108,0.007817332,-0.008361837,0.0029118098,13.496848,13.638333,2,9,1,0.97836465,1
2,38,1,1,1,164.72624,549.0707,258.441,0.011904661,-0.018481491,0.0044077025,20.867153,20.94,2,10,1,0.9967314,1
2,9,1,1,1,168.41292,595.6987,458.36536,0.014302415,-0.021173187,0.00424719,25.189154,24.6825,2,11,1,0.9999839,1
2,14,1,1,1,182.62236,-427.55826,181.69687,0.0027292096,-0.0052189454,0.00051065657,6.027222,6.2075,2,12,1,0.9853909,1
2,4,1,1,1,-189.76181,-581.95264,425.64948,0.0006924914,-0.0026705419,0.0017819115,2.9905972,2.996389,2,-1,1,0.628254,1
2,22,1,1,1,-196.99893,134.58975,69.38161,0.009047161,-0.015704138,0.00084290036,15.921756,15.792778,2,14,1,0.7916816,1
2,40,1,1,1,206.23004,487.75504,192.1842,0.01301456,-0.014333174,0.004513359,22.023724,21.960556,2,15,1,0.9816897,1
2,37,1,1,1,-207.41663,193.62616,202.86398,0.004695482,-0.0042656376,0.0015770381,6.6995974,6.776111,2,16,1,0.9969151,1
2,29,1,1,1,207.60919,-418.17712,250.70415,0.004049274,-0.003517471,0.0023143736,4.8537636,4.901111,2,17,1,0.944015,1
2,8,1,1,1,227.27873,-237.59956,363.24747,0.003275755,-0.002077685,-0.00013821301,3.2656875,3.4,2,18,1,0.8923025,1
2,6,1,1,1,-230.4238,462.96494,62.10146,0.0074739456,-0.008625016,0.0011276325,12.140278,12.199166,2,19,1,0.98591286,1
2,27,1,1,1,-243.89517,-472.4964,62.481583,0.009828881,-0.009756757,0.0026398208,13.141666,13.2225,2,20,1,0.99882025,1
2,13,1,1,1,-247.45589,214.27621,86.63461,0.012573382,-0.015914373,0.0038017547,19.178381,19.011667,2,21,1,0.9870803,1
2,28,1,1,1,246.71333,-451.08096,437.9509,0.00681895,-0.0070344824,0.0034472866,9.834681,10.075,2,22,1,0.9595588,1
2,23,1,1,1,262.62125,440.26907,82.787056,0.0084049385,-0.012372843,0.0002723181,10.002549,9.835,2,23,1,0.95367205,1
2,24,1,1,1,281.33203,-128.60661,380.6453,0.0049760533,-0.011799206,0.0013309078,12.163535,12.165,2,24,1,0.98204225,1
2,20,1,0,1,-292.47256,-551.56415,254.16322,0.016588911,-0.027477777,0.0029844525,8.245083,8.2925,2,-1,0,0.9782532,1
2,20,1,1,1,-292.47256,-551.56415,254.16322,0.016588911,-0.027477777,0.0029844525,21.958055,21.995,2,25,1,0.9569993,1
2,18,1,1,1,-297.64316,405.75397,119.852005,0.0065269736,-0.005914323,0.0017258428,7.6052985,7.7155557,2,26,1,0.9887509,1
2,30,1,1,1,-299.5787,-242.27545,343.3385,0.0041206228,-0.0037850544,0.0021139546,5.6002154,5.6561112,2,27,1,0.9953412,1
2,12,0,0,0,0.0,0.0,0.0,0.0,0.0,0.0,19.919214,-1.0,2,-1,0,0.97090137,1
2,34,1,1,1,335.78375,-139.35062,282.9193,0.0046036076,-0.0031607936,0.0011965685,5.180986,5.241389,2,28,1,0.974549,1
2,21,1,1,1,-339.8803,-166.87091,49.167137,0.0063392543,-0.009266173,0.0040436336,11.288876,11.238889,2,29,1,0.9786699,1
2,31,1,1,1,-362.71838,-324.3653,392.82132,0.0048446064,-0.0056101293,-0.0010015345,6.7123613,6.833611,2,30,1,0.98286563,1
2,32,1,1,1,361.57916,-326.80582,57.601295,0.014115964,-0.024434049,0.0021086172,9.120855,8.949445,2,31,1,0.96619874,1
2,19,0,0,0,0.0,0.0,0.0,0.0,0.0,0.0,3.271,3.2475,2,-1,0,0.80424386,1
3,38,1,1,1,-15.0970335,94.83083,134.22063,0.003096997,-0.0033975122,6.2222e-05,5.4613543,5.2683334,2,0,1,0.94116473,1
3,30,1,1,1,-26.670134,-364.95197,244.3337,0.011927584,-0.01590798,0.004109701,22.859085,23.153889,2,1,1,0.9757563,1
3,34,1,1,1,26.99955,-509.093,213.52734,0.0052311644,-0.011883553,0.0018822565,9.861229,9.803333,2,2,1,0.9959266,1
3,34,1,0,1,26.99955,-509.093,213.52734,0.0052311644,-0.011883553,0.0018822565,6.146834,6.1880555,2,-1,0,0.99339503,1
3,16,1,1,1,32.371246,-106.74789,359.39725,0.0039512906,-0.0072691953,-0.0003319303,10.004723,10.010278,2,3,1,0.992155,1
3,5,1,1,1,-44.277912,475.26712,125.16352,0.008369207,-0.009970373,0.0033667558,10.315514,10.286389,2,4,1,0.99396753,1
3,13,1,1,1,-46.840183,-238.4349,135.16971,0.00086720265,-0.0048119444,7.213885e-05,5.5313478,5.5505557,2,5,1,0.97842145,1
3,27,1,1,1,47.793465,517.3953,292.5935,0.019511035,-0.027537936,0.00762091,24.619093,24.562222,2,6,1,0.9990386,1
3,27,1,0,1,47.793465,517.3953,292.5935,0.019511035,-0.027537936,0.00762091,4.786,4.7569447,2,-1,0,0.9819187,1
3,40,1,1,1,55.63435,-177.22923,364.60388,0.013232428,-0.01796939,0.006396311,17.226896,17.151945,2,7,1,0.9972139,1
3,40,1,0,1,55.63435,-177.22923,364.60388,0.013232428,-0.01796939,0.006396311,3.4194167,3.4716666,2,-1,0,0.8986621,1
3,32,1,1,1,66.50743,-484.97473,339.7399,0.013027455,-0.01699054,0.0017020123,22.80018,22.845,2,8,1,0.938206,1
3,35,1,1,1,-78.35517,8.231907,174.13167,0.0046548885,-0.0061658164,-3.0193974e-05,7.392653,7.4772224,2,9,1,0.97859484,1
3,36,1,1,1,96.78298,9.967242,54.885845,0.006918046,-0.009283207,0.0042882445,13.792347,13.8758335,2,11,1,0.99501896,1
3,33,0,0,0,0.0,0.0,0.0,0.0,0.0,0.0,2.889514,2.7697222,2,-1,0,0.6654676,1
3,18,1,1,1,-102.826416,-197.63197,427.8192,0.0044875657,-0.0074628396,0.0024339512,10.29859,10.283055,2,12,1,0.99595463,1
3,26,1,1,1,-127.7793,-167.83485,246.9637,0.018885978,-0.026988627,0.0069415607,33.824375,34.015835,2,13,1,0.99966383,1
3,14,1,0,1,-160.06224,-459.11252,437.2876,0.013150091,-0.019045511,0.004823558,6.4217296,6.3769445,2,-1,0,0.96883136,1
3,9,1,1,1,-149.78764,-531.2186,22.69875,0.00145199,-0.0057262764,0.00090037356,6.1926107,6.2319446,2,14,1,0.9984648,1
3,14,1,0,1,-160.06224,-459.11252,437.2876,0.013150091,-0.019045511,0.004823558,5.626785,5.595278,2,-1,0,0.9734418,1
3,14,1,1,1,-160.06224,-459.11252,437.2876,0.013150091,-0.019045511,0.004823558,12.018633,11.803611,2,15,1,0.9782631,1
3,11,1,1,1,162.47945,413.6521,84.037674,0.012757423,-0.016628109,0.004797654,20.815748,21.186666,2,16,1,0.9998293,1
3,2,1,1,1,187.28934,-29.391642,187.43753,0.008716965,-0.009977478,0.002224222,11.300666,11.443055,2,17,1,0.99816656,1
3,33,1,1,1,195.05005,517.47327,79.7821,0.0024983024,-0.002681396,0.0019794526,4.155986,4.0505557,2,18,1,0.991962,1
3,23,1,1,1,200.23514,-72.39915,54.366047,0.010537894,-0.015943475,0.00343249,17.838,17.784445,2,19,1,0.976001,1
3,19,1,1,1,-209.97145,354.95056,319.01212,0.010108041,-0.013508906,0.0016941779,18.708666,18.834167,2,20,1,0.97021073,1
3,23,1,0,1,200.23514,-72.39915,54.366047,0.010537894,-0.015943475,0.00343249,3.098028,3.0511112,2,-1,0,0.7353042,1
3,20,1,1,1,-226.30496,347.15048,131.92805,0.00805305,-0.009379469,0.0026340152,9.364438,9.296667,2,21,1,0.98224914,1
3,21,1,0,1,-241.10553,339.72424,28.560305,0.009897321,-0.018905163,0.0047910693,6.128667,6.1372223,2,-1,0,0.9762574,1
3,39,1,1,1,-234.13069,444.13147,291.88303,0.008015121,-0.007619999,0.0016772089,11.398695,11.190556,2,22,1,0.9945962,1
3,21,1,1,1,-241.10553,339.72424,28.560305,0.009897321,-0.018905163,0.0047910693,10.8012705,10.817778,2,24,1,0.99373937,1
3,1,1,1,1,-263.26746,-469.06696,337.57022,0.010313775,-0.012837243,0.004492424,12.48584,12.581944,2,25,1,0.99376416,1
3,22,1,1,1,286.90024,-317.74988,112.7853,0.0014540688,-0.0048897946,0.002428364,5.397889,5.3855557,2,26,1,0.95968735,1
3,25,1,1,1,290.57407,147.80685,276.42566,0.009479297,-0.012681987,0.0012379147,11.3955145,11.409445,2,27,1,0.98357326,1
3,3,1,1,1,321.77158,506.21628,197.95781,0.0057732207,-0.011562827,0.00012088032,9.505784,9.3972225,2,28,1,0.9976125,1
3,31,1,1,1,322.58792,-436.14825,367.18472,0.0045364755,-0.0066167037,0.0021089606,7.077139,7.0902777,2,29,1,0.95749885,1
3,10,1,1,1,322.48782,-397.92636,82.40011,0.005472386,-0.0048598014,0.0028496406,7.2394996,7.4497223,2,30,1,0.97542304,1
3,37,1,1,1,324.90195,-7.7194176,58.87232,0.0020650038,-0.0025675595,-0.0009744943,2.972979,2.9277778,2,31,1,0.67745215,1
3,7,1,1,1,336.56833,-66.684296,96.74171,0.007657199,-0.009298783,0.0004183955,10.996036,11.12,2,32,1,0.9856712,1
3,29,1,1,1,340.361,-67.545235,110.63667,0.017287076,-0.027214995,0.0071203206,24.086805,24.017221,2,33,1,0.9989661,1
3,29,1,0,1,340.361,-67.545235,110.63667,0.017287076,-0.027214995,0.0071203206,4.6158404,4.638889,2,-1,0,0.9791555,1
3,8,1,1,1,-359.04868,-215.56728,436.2032,0.004013813,-0.00514145,0.003480184,6.527653,6.5841665,2,34,1,0.999185,1
4,28,1,1,1,-7.5616245,-181.49525,423.97275,0.001992867,-0.0057543796,0.0016709357,7.244667,6.9780555,2,0,1,0.9832261,1
4,12,1,0,1,-24.008986,299.11185,160.55489,0.016384711,-0.024386648,0.0043219887,12.381646,12.5125,2,-1,0,0.9839401,1
4,12,1,1,1,-24.008986,299.11185,160.55489,0.016384711,-0.024386648,0.0043219887,18.03341,18.090555,2,1,1,0.99639386,1
4,7,1,1,1,-37.900055,-318.7608,377.35986,0.004853867,-0.0064753834,0.00018659187,9.550403,9.472222,2,2,1,0.9987984,1
4,20,1,1,1,-52.19737,5.949299,282.42368,0.0078559285,-0.009456105,0.004783385,15.911077,15.974167,2,4,1,0.98022354,1
4,5,1,1,1,-57.871773,142.53882,429.81656,0.005835935,-0.012709585,0.0008617194,13.030715,13.136945,2,5,1,0.9850435,1
4,32,1,1,1,65.70315,-187.99687,158.62993,0.010257851,-0.014724614,0.0015364562,22.563744,22.503334,2,6,1,0.99979085,1
4,22,1,1,1,72.13809,-563.272,53.331436,0.010250609,-0.013374638,0.0015410539,18.907236,18.900555,2,7,1,0.9899485,1
4,40,1,1,1,86.79656,575.36584,134.51912,0.003218555,-0.0025740326,-3.1363015e-05,4.139889,4.2566667,2,8,1,0.96942186,1
4,18,1,0,1,92.491974,375.4135,7.304321,0.008895471,-0.017599503,0.004653436,3.7696667,3.8733332,2,-1,0,0.962648,1
4,18,1,1,1,92.491974,375.4135,7.304321,0.008895471,-0.017599503,0.004653436,16.005486,15.963889,2,9,1,0.9916815,1
4,25,1,1,1,-110.17792,501.9833,197.08524,0.003504674,-0.0032060437,-0.00083098566,4.848319,4.9119444,2,10,1,0.98907894,1
4,26,1,1,1,114.25741,-432.13727,152.37727,0.0053601433,-0.010634244,0.0043481346,12.411215,12.100278,2,11,1,0.9935615,1
4,13,1,0,1,119.275764,-74.07069,80.94528,0.014880831,-0.01889493,0.0042285267,4.806291,4.8069444,2,-1,0,0.9772059,1
4,13,1,1,1,119.275764,-74.07069,80.94528,0.014880831,-0.01889493,0.0042285267,21.847021,21.282223,2,12,1,0.98892224,1
4,10,1,1,1,-128.04684,541.7358,398.55585,0.0062312316,-0.008431488,0.0014497635,9.468152,9.4777775,2,13,1,0.9970937,1
4,17,1,1,1,187.8795,380.72903,449.40863,0.014365915,-0.023246832,0.0047325566,16.541117,16.632778,2,15,1,0.98955536,1
4,17,1,0,1,187.8795,380.72903,449.40863,0.014365915,-0.023246832,0.0047325566,10.6548195,10.7825,2,-1,0,0.9858036,1
4,39,1,1,1,191.33716,218.62378,143.73766,0.010313248,-0.011622423,0.0023397577,14.891611,14.831944,2,16,1,0.9616196,1
4,3,1,1,1,197.96089,-374.99817,249.3564,0.0074324096,-0.015350547,0.0024431401,17.549234,17.822222,2,17,1,0.99946576,1
4,16,1,1,1,-207.29564,205.89926,328.84604,0.010585165,-0.015807167,0.0025508977,13.64793,13.5847225,2,18,1,0.9945797,1
4,16,1,0,1,-207.29564,205.89926,328.84604,0.010585165,-0.015807167,0.0025508977,4.1995277,4.292778,2,-1,0,0.90532094,1
4,35,1,1,1,220.53906,143.86923,34.969326,0.007067054,-0.0104579,0.00019986155,12.453903,12.487223,2,-1,1,0.94941926,1
4,34,1,1,1,-224.39769,100.29573,418.05298,0.004901414,-0.0103829,0.0004726853,11.491063,11.5419445,2,19,1,0.9874702,1
4,9,1,1,1,228.42838,261.81418,452.39615,0.008246713,-0.00882885,0.0018866847,13.361048,13.084444,2,20,1,0.97726226,1
4,27,1,1,1,246.88426,-329.79807,307.84497,0.004437971,-0.0051922644,0.0032111367,7.4383473,7.411389,2,21,1,0.9635593,1
4,19,1,1,1,-254.82849,172.16518,459.50058,0.0046509705,-0.006638577,-0.0004726848,7.165194,7.2233334,2,22,1,0.98594683,1
4,14,1,1,1,-257.3577,-11.523997,253.93715,0.01533226,-0.018376937,0.005482834,18.23868,18.297222,2,23,1,0.97720474,1
4,14,1,0,1,-257.3577,-11.523997,253.93715,0.01533226,-0.018376937,0.005482834,5.7725973,5.6908336,2,-1,0,0.9784814,1
4,27,0,0,0,0.0,0.0,0.0,0.0,0.0,0.0,3.3284028,3.2372222,2,-1,0,0.9011517,1
4,1,1,1,1,264.39102,586.58887,268.23227,0.010091913,-0.016402936,0.0008698056,17.75218,17.84361,2,24,1,0.9254854,1
4,37,1,1,1,266.72583,-195.47086,436.96005,0.0016183291,-0.005907363,0.0010964609,5.5640135,5.566111,2,25,1,0.9771071,1
4,15,1,0,1,302.86063,-530.9469,31.58564,0.0055039013,-0.011264432,0.0038274375,4.2594514,4.1880555,2,-1,0,0.95060766,1
4,11,1,1,1,-286.08847,-60.575848,392.55048,0.005502727,-0.0049943803,0.0021891908,7.4634933,7.509722,2,26,1,0.9821249,1
4,36,1,1,1,-298.93204,-469.76035,185.89664,0.0023290755,-0.0021115195,0.0019460825,3.2238333,3.2641666,2,27,1,0.67961055,1
4,15,1,1,1,302.86063,-530.9469,31.58564,0.0055039013,-0.011264432,0.0038274375,5.0554442,5.0625,2,28,1,0.9809583,1
4,23,1,1,1,-327.72186,-399.5572,335.00327,0.010168743,-0.014664927,0.0042310557,14.774924,14.711111,2,29,1,0.99550253,1
4,8,1,1,1,-330.12277,-461.02,450.5359,0.008983447,-0.011419718,0.004787486,14.318403,14.398611,2,30,1,0.9860529,1
4,30,1,1,1,-326.8003,-110.89637,44.543686,0.0031495707,-0.0076727527,-0.00014945798,7.722702,7.6180553,2,31,1,0.9957558,1
4,38,1,1,1,335.69482,399.69235,282.28738,0.006338149,-0.013159332,0.0022993737,14.539125,14.3752775,2,32,1,0.98212147,1
4,21,1,1,1,-337.59515,-151.02536,438.95743,0.0055157854,-0.00992842,0.002513403,10.524305,10.700556,2,33,1,0.9946661,1
5,11,0,1,1,5.586823,-208.49234,244.02429,0.0036055555,-0.004747011,0.0029625932,7.256979,6.8813887,2,0,1,0.97829866,1
5,4,1,1,1,12.477374,-114.91967,123.77777,0.008599295,-0.009573944,0.0023820028,6.7928123,6.5880556,2,1,1,0.9928635,1
5,29,1,1,1,-23.137615,447.35834,29.866055,0.015051615,-0.020989032,0.0023408632,30.03703,29.834167,2,2,1,0.99995315,1
5,20,1,1,1,24.816603,387.56482,40.330452,0.006542998,-0.01250382,0.004405571,15.276902,15.671945,2,3,1,0.99032646,1
5,7,1,1,1,71.11583,-448.28888,37.59899,0.003815057,-0.002732246,-0.00034088557,5.424694,5.287778,2,5,1,0.9946292,1
5,34,1,1,1,-127.319405,257.83185,271.61887,0.00632841,-0.006070995,0.002726984,6.1201596,6.277222,2,6,1,0.98280257,1
5,10,1,1,1,135.30045,-309.62607,266.3024,0.016215501,-0.025036046,0.005388188,27.239105,26.658056,2,7,1,0.98824817,1
5,28,1,1,1,169.71046,326.4839,255.07605,0.0057581086,-0.0062460904,-0.00041165354,8.741923,9.018611,2,8,1,0.9994491,1
5,39,1,1,1,-174.25601,-440.7967,117.88475,0.0075079235,-0.013116809,0.0044419067,15.577923,15.496111,2,9,1,0.985559,1
5,2,1,1,1,-171.05588,322.67023,173.21307,0.0008016325,-0.003614645,0.0014398729,3.6636806,3.6216667,2,10,1,0.940245,1
5,15,1,1,1,181.82172,-284.10526,251.62486,0.021150652,-0.033263557,0.006642781,34.346783,34.194168,2,11,1,0.99979156,1
5,15,1,0,1,181.82172,-284.10526,251.62486,0.021150652,-0.033263557,0.006642781,9.089327,9.0525,2,-1,0,0.9879353,1
5,26,1,1,1,195.56355,329.0699,132.64972,0.0042373696,-0.0050511262,0.0031594737,7.64202,7.6216664,2,12,1,0.985565,1
5,19,1,1,1,197.0107,489.84476,191.5029,0.017585436,-0.030515967,0.005611758,24.057459,24.135,2,13,1,0.9999409,1
5,19,1,0,1,197.0107,489.84476,191.5029,0.017585436,-0.030515967,0.005611758,12.575243,12.558333,2,-1,0,0.9919648,1
5,16,1,1,1,222.569,355.44345,191.7224,0.0026134637,-0.005675341,0.00073211873,6.241035,6.3022223,2,16,1,0.99326694,1
5,17,1,1,1,223.57822,329.89474,354.7818,0.013880714,-0.024874251,0.007416947,25.592999,25.797777,2,17,1,0.99695945,1
5,17,1,0,1,223.57822,329.89474,354.7818,0.013880714,-0.024874251,0.007416947,4.6378407,4.5825,2,-1,0,0.955909,1
5,36,1,1,1,227.03947,-367.7165,118.30624,0.011793395,-0.02016253,0.0058997246,18.026443,18.025833,2,18,1,0.9810193,1
5,8,1,1,1,-237.78795,-449.33432,83.987885,0.007134614,-0.009279309,-0.00039282063,12.664328,12.604722,2,19,1,0.9572611,1
5,9,1,1,1,248.94467,422.36276,143.53963,0.0011817433,-0.0037525496,0.0022339604,4.042166,4.125,2,20,1,0.9494802,1
5,27,1,1,1,249.77171,562.7815,275.70453,0.0009304773,-0.0042572906,0.0012527243,4.0482426,4.2330556,2,21,1,0.922085,1
5,36,1,0,1,227.03947,-367.7165,118.30624,0.011793395,-0.02016253,0.0058997246,3.9434721,3.8708334,2,-1,0,0.9771992,1
5,18,1,1,1,256.49753,273.57516,449.53732,0.0044647255,-0.010423835,0.002908192,11.403736,11.627778,2,22,1,0.9969669,1
5,33,1,0,1,268.96085,-129.19778,190.29922,0.0070539075,-0.0121262,0.0013284673,3.7262914,3.7797222,2,-1,0,0.54151136,1
5,33,1,1,1,268.96085,-129.19778,190.29922,0.0070539075,-0.0121262,0.0013284673,10.312861,10.538611,2,23,1,0.95282984,1
5,22,1,1,1,-305.10318,585.41876,256.2086,0.00059429696,-0.003683747,0.00091804366,3.5230002,3.4533334,2,24,1,0.90835625,1
5,30,1,1,1,305.15945,454.69025,352.86398,0.0035250674,-0.008616235,0.0013273417,6.6201954,6.4844446,2,25,1,0.980374,1
5,24,1,1,1,-317.62424,-286.8362,348.47186,0.0027985256,-0.0057811327,0.00211079,6.722042,6.588889,2,26,1,0.97555155,1
5,13,1,1,1,319.62503,-305.73145,437.42816,0.0059421123,-0.014125448,0.0012755856,15.745243,15.773611,2,27,1,0.99806947,1
5,21,1,1,1,-325.81738,592.14435,347.64505,0.0031247768,-0.0054203975,0.0028385094,6.2292914,6.3638887,2,28,1,0.9817601,1
5,6,1,1,1,328.21182,-533.3772,17.658287,0.0076642237,-0.01366709,0.0027755303,15.704757,15.858334,2,29,1,0.9895996,1
5,40,1,1,1,343.22495,27.538515,16.689726,0.004839173,-0.009961277,0.00021737585,10.96693,10.923889,2,30,1,0.9734805,1
5,14,1,1,1,345.33112,482.42926,43.598248,0.0037500528,-0.0072598895,-0.00010745948,8.041722,7.9522223,2,31,1,0.9823517,1
5,23,1,1,1,353.99417,423.79123,351.87393,0.01146882,-0.014914276,0.0051908954,19.29709,19.288055,2,32,1,0.9962494,1
5,27,0,0,0,0.0,0.0,0.0,0.0,0.0,0.0,2.7230139,2.6144445,2,-1,0,0.7950864,1
6,23,1,1,1,7.4609118,575.40094,77.03754,0.008342871,-0.012358329,0.0030042026,9.329285,9.5211115,2,0,1,0.99973756,1
6,23,0,0,1,7.4609118,575.40094,77.03754,0.008342871,-0.012358329,0.0030042026,3.6757085,3.6669445,2,-1,0,0.93448275,1
6,23,1,0,1,7.4609118,575.40094,77.03754,0.008342871,-0.012358329,0.0030042026,4.6499305,4.730278,2,-1,0,0.9758276,1
6,12,1,1,1,12.75317,472.01617,179.35043,0.0077751805,-0.015236301,0.0031614283,16.389952,16.315556,2,1,1,0.9656731,1
6,12,1,0,1,12.75317,472.01617,179.35043,0.0077751805,-0.015236301,0.0031614283,4.32909,4.3125,2,-1,0,0.99268687,1
6,25,1,1,1,-18.543253,-107.96365,305.11768,0.0020945854,-0.006569142,0.0023117815,8.426722,8.324445,2,2,1,0.99979585,1
6,14,1,1,1,-21.118967,-539.0044,247.99458,0.012091092,-0.024497738,0.002945342,20.674047,21.420555,2,3,1,0.99595296,1
6,14,1,0,1,-21.118967,-539.0044,247.99458,0.012091092,-0.024497738,0.002945342,8.327035,8.441112,2,-1,0,0.9413627,1
6,25,0,0,0,0.0,0.0,0.0,0.0,0.0,0.0,2.629778,2.5716667,2,-1,0,0.75678724,1
6,13,1,1,1,-42.863823,-527.0062,382.5769,0.006938657,-0.010997216,0.0039980407,11.886256,12.046111,2,4,1,0.95576197,1
6,34,1,1,1,-44.423183,416.7171,138.5535,0.0055502187,-0.006915199,0.001597428,10.060666,9.953333,2,5,1,0.98812497,1
6,35,1,1,1,-51.51539,431.96985,328.19235,0.0032955026,-0.0024373839,0.0018510811,3.9738193,4.0075,2,6,1,0.93847746,1
6,20,0,0,0,0.0,0.0,0.0,0.0,0.0,0.0,3.001646,2.9372222,2,-1,0,0.8750928,1
6,27,1,1,1,75.6479,417.52094,37.13808,0.004073181,-0.003117716,0.0001471392,5.5797987,5.5325,2,7,1,0.93304104,1
6,21,0,0,0,0.0,0.0,0.0,0.0,0.0,0.0,2.8633056,2.911111,2,-1,0,0.5192835,1
6,30,1,1,1,90.961365,577.30255,311.76877,0.012887807,-0.021476567,0.0014090482,12.120978,11.5325,2,9,1,0.99959534,1
6,3,1,1,1,102.60743,-592.59045,123.378044,0.018626915,-0.027389318,0.0073844423,9.684909,9.823055,2,10,1,0.9977569,1
6,2,1,1,1,106.38343,233.4379,211.7136,0.0048969993,-0.010680857,4.5091943e-05,6.400632,6.231389,2,11,1,0.96962196,1
6,2,1,0,1,106.38343,233.4379,211.7136,0.0048969993,-0.010680857,4.5091943e-05,4.972424,4.9955554,2,-1,0,0.99850297,1
6,21,1,1,1,-112.39567,-219.06271,388.0315,0.00092636887,-0.0029859485,0.0018469346,3.6363332,3.5844445,2,12,1,0.9653081,1
6,7,1,1,1,-118.70184,-203.28983,458.8822,0.008796435,-0.012673853,0.0052660736,18.783014,18.541666,2,13,1,0.99996674,1
6,30,1,0,1,90.961365,577.30255,311.76877,0.012887807,-0.021476567,0.0014090482,6.266708,6.2219443,2,-1,0,0.99592495,1
6,37,1,1,1,-121.692566,-75.39425,453.92184,0.008456384,-0.013054052,0.0016971213,14.206062,14.560555,2,14,1,0.99235946,1
6,8,1,1,1,126.68137,-303.63095,252.6799,0.014278355,-0.019823756,0.0070180325,29.975498,29.641666,2,15,1,0.9973955,1
6,19,1,1,1,-133.17964,402.74496,268.4889,0.0040758476,-0.00750171,-0.0008196843,9.152402,9.086389,2,16,1,0.986725,1
6,10,1,1,1,136.87152,-566.74646,7.0953817,0.0042657237,-0.006270278,-0.0011752442,8.426076,8.293612,2,17,1,0.9806306,1
6,30,1,0,1,90.961365,577.30255,311.76877,0.012887807,-0.021476567,0.0014090482,10.193223,10.118889,2,-1,0,0.99180216,1
6,38,1,0,1,-193.17274,520.456,11.931223,0.018316444,-0.028648525,0.007852382,9.932361,9.853611,2,-1,0,0.9748369,1
6,24,1,1,1,-149.20636,136.02441,431.56967,0.0029515033,-0.0015929342,0.0010166763,3.3705142,3.3683333,2,18,1,0.89847624,1
6,4,1,1,1,-169.28523,252.9357,416.2709,0.0034334797,-0.0029239268,-0.00040451187,3.518111,3.3880556,2,19,1,0.960952,1
6,39,1,1,1,169.26376,423.84656,409.8757,0.009614497,-0.015940761,0.0027846438,10.236577,10.1252775,2,20,1,0.9801695,1
6,39,1,0,1,169.26376,423.84656,409.8757,0.009614497,-0.015940761,0.0027846438,10.066263,9.910556,2,-1,0,0.9928092,1
6,22,1,1,1,170.66875,472.24927,430.8904,0.0105804745,-0.01206217,0.0016306414,12.689647,12.663611,2,21,1,0.99720997,1
6,38,1,0,1,-193.17274,520.456,11.931223,0.018316444,-0.028648525,0.007852382,4.301875,4.2944446,2,-1,0,0.95340735,1
6,38,1,1,1,-193.17274,520.456,11.931223,0.018316444,-0.028648525,0.007852382,21.18975,21.587778,2,23,1,0.95600945,1
6,28,1,1,1,203.05463,-267.5206,333.04752,0.004396282,-0.0065541817,-0.0008101457,7.9835763,8.176389,2,24,1,0.9976471,1
6,16,1,0,1,-261.95544,-104.06388,374.0988,0.022972494,-0.03470059,0.006499668,16.90923,16.854166,2,-1,0,0.9986297,1
6,11,1,1,1,240.271,592.7176,320.91827,0.004419712,-0.0072919927,-0.00082921004,8.952126,8.833889,2,25,1,0.98910636,1
6,16,1,1,1,-261.95544,-104.06388,374.0988,0.022972494,-0.03470059,0.006499668,25.19273,25.187778,2,26,1,0.9756386,1
6,6,1,1,1,-275.52026,117.88065,63.746822,0.004922587,-0.011407862,0.0016947686,12.058389,11.940278,2,27,1,0.9214328,1
6,15,1,0,1,186.721,9.701829,272.48212,0.018170146,-0.028713638,0.00821608,13.447305,13.318611,2,-1,0,0.98071563,1
6,40,1,1,1,-288.879,103.50593,68.36836,0.016454652,-0.021879759,0.007319257,17.662884,17.441668,2,28,1,0.945624,1
6,40,1,0,1,-288.879,103.50593,68.36836,0.016454652,-0.021879759,0.007319257,8.660666,8.623055,2,-1,0,0.96667373,1
6,1,1,1,1,-288.3781,-31.413244,107.125496,0.007923689,-0.012784677,0.0022653223,15.286062,15.298333,2,29,1,0.9904246,1
6,31,1,1,1,291.89145,-501.44235,314.09747,0.009631609,-0.009653247,0.0034090949,14.669479,14.575556,2,30,1,0.9899852,1
6,20,1,1,1,311.10846,-213.70715,206.74509,0.008487159,-0.0092054,0.0029194406,12.082653,12.131389,2,31,1,0.98451406,1
6,36,1,1,1,346.3824,-462.9046,312.02835,0.0051176045,-0.007691025,-0.00048054682,7.4446526,7.5347223,2,32,1,0.9945457,1
6,29,1,1,1,-356.44522,-469.8294,171.02138,0.0114421565,-0.019542458,0.008086859,21.559921,21.498611,2,33,1,0.9910858,1
7,39,1,1,1,-6.806734,235.20311,203.86513,0.011135018,-0.01397035,0.0051048384,13.31768,13.615833,2,0,1,0.9327862,1
7,1,1,0,1,-21.066204,415.0251,198.3218,0.015299196,-0.024585525,0.004031785,6.752347,6.5380554,2,-1,0,0.9897479,1
7,1,1,1,1,-21.066204,415.0251,198.3218,0.015299196,-0.024585525,0.004031785,27.522362,26.999445,2,1,1,0.99765503,1
7,38,1,1,1,-23.02165,329.95642,209.00652,0.0027436276,-0.005315034,-0.0010165932,7.1363125,7.1216664,2,2,1,0.95232886,1
7,17,1,1,1,22.39843,-557.3205,115.67183,0.0054576644,-0.004922595,-0.00021016876,8.783278,8.772778,2,3,1,0.9550053,1
7,15,1,1,1,40.741436,276.29114,140.64507,0.0044336156,-0.010028945,0.0027554794,9.927563,9.824445,2,4,1,0.9965508,1
7,33,1,1,1,-49.904076,398.41364,393.836,0.011872566,-0.013938625,0.0047690272,23.77907,23.447222,2,5,1,0.99418855,1
7,5,1,1,1,-52.059555,241.67914,190.54584,0.009162798,-0.009509039,0.0028991136,16.735971,16.631111,2,6,1,0.95086896,1
7,6,1,1,1,53.150307,46.520237,283.61404,0.012440833,-0.021240802,0.005863905,25.25798,25.526388,2,8,1,0.99813217,1
7,31,1,0,1,-72.111855,-57.216293,427.12885,0.016236063,-0.024603883,0.0036384126,17.671333,17.6775,2,-1,0,0.9999696,1
7,12,1,1,1,-68.53254,-373.92154,400.8479,0.0055407234,-0.006117659,0.0015412347,8.392876,8.4580555,2,9,1,0.9970251,1
7,31,1,1,1,-72.111855,-57.216293,427.12885,0.016236063,-0.024603883,0.0036384126,18.969107,19.019722,2,10,1,0.9997341,1
7,19,1,1,1,79.1861,-365.32825,59.63052,0.010966048,-0.014720237,0.0012864601,18.491764,18.43389,2,11,1,0.992698,1
7,18,1,1,1,81.132164,283.8821,57.448376,0.00490569,-0.0038220994,0.0019851956,7.1496735,7.2775,2,12,1,0.98782337,1
7,36,1,1,1,87.34373,-502.5806,199.8352,0.010670128,-0.014367817,0.004448208,20.414305,20.40889,2,13,1,0.99011457,1
7,40,1,1,1,102.16149,-296.11786,452.44064,0.0022958156,-0.007965789,0.001354703,7.7585354,7.7919445,2,14,1,0.9785427,1
7,24,1,1,1,-102.547066,-215.01689,254.23415,0.0029219005,-0.0034946692,0.002773762,4.7831454,4.685,2,15,1,0.9530003,1
7,21,0,0,0,0.0,0.0,0.0,0.0,0.0,0.0,3.0210278,-1.0,2,-1,0,0.7666363,1
7,32,1,1,1,-132.54703,-421.37534,147.4556,0.0115485685,-0.022369107,0.0020695343,25.285374,25.164167,2,16,1,0.9997397,1
7,9,1,1,1,132.22098,39.58889,409.84927,0.005502217,-0.009438932,0.00032291596,11.216132,11.4725,2,17,1,0.9984012,1
7,30,1,1,1,156.0875,-339.43265,281.79428,0.002747635,-0.005310955,0.0031605805,6.859451,7.027222,2,18,1,0.98278654,1
7,22,1,1,1,163.85316,-481.12122,32.96431,0.018222043,-0.02735218,0.005813068,36.160576,35.80639,2,19,1,0.9999993,1
7,21,0,0,0,0.0,0.0,0.0,0.0,0.0,0.0,12.000229,-1.0,2,-1,0,0.9292186,1
7,21,0,0,0,0.0,0.0,0.0,0.0,0.0,0.0,40.14953,-1.0,2,-1,0,0.9911096,1
7,7,1,1,1,198.21794,263.48038,446.057,0.009649431,-0.016650653,0.002345186,21.124401,21.0925,2,20,1,0.99396306,1
7,25,1,1,1,-228.21678,136.1536,319.5394,0.005265719,-0.0048942706,0.0022038496,7.504951,7.470556,2,22,1,0.9665021,1
7,26,0,0,0,0.0,0.0,0.0,0.0,0.0,0.0,3.317236,0.28138888,2,-1,0,0.6469375,1
7,26,1,1,1,240.43633,390.58615,141.09985,0.005219888,-0.007663136,0.0014306101,9.122945,9.065833,2,23,1,0.97878885,1
7,29,1,1,1,-279.3268,9.995896,205.81653,0.0077575534,-0.012890443,0.0020194268,12.649965,12.491944,2,24,1,0.96996564,1
7,13,1,1,1,285.44937,-449.03198,436.43686,0.0024429536,-0.0022109225,-0.0003991636,3.039521,2.93,2,25,1,0.8283284,1
7,27,1,1,1,-301.13638,-453.8122,17.601631,0.002213501,-0.0029213221,0.0016302346,3.6354167,3.6852777,2,26,1,0.9769532,1
7,37,1,0,1,-314.6849,-255.65561,408.08926,0.012549217,-0.017726433,0.0049970523,6.4533887,6.4719443,2,-1,0,0.98092896,1
7,37,1,1,1,-314.6849,-255.65561,408.08926,0.012549217,-0.017726433,0.0049970523,11.297014,11.440556,2,27,1,0.9905856,1
7,2,1,1,1,320.55304,43.68704,205.79102,0.008372893,-0.012209635,0.0046213577,14.151931,14.196667,2,28,1,0.98363656,1
7,20,1,1,1,-348.48618,457.88867,59.49414,0.0060883854,-0.0075382623,0.004198395,8.10393,8.065278,2,29,1,0.9719402,1
7,8,1,1,1,-359.27133,-368.4769,400.8685,0.006028937,-0.012444616,0.0032764089,12.685666,12.611944,2,30,1,0.89024436,1
8,32,1,1,1,8.114066,346.37448,57.644432,0.0025020095,-0.0050320015,-0.0006818408,6.194083,6.298333,2,0,1,0.9680951,1
8,20,1,1,1,-25.67313,-465.08838,290.72006,0.004454676,-0.003077737,0.00032815247,6.041771,6.045,2,1,1,0.97683847,1
8,8,1,1,1,31.669544,-559.8386,82.84736,0.00467737,-0.005194202,-0.00044834596,8.26166,8.273889,2,2,1,0.9953388,1
8,29,1,1,1,32.916153,-263.17706,78.70766,0.002912362,-0.0077397097,0.0017331345,9.178119,9.199445,2,3,1,0.9890314,1
8,18,1,1,1,-40.998806,-458.2415,35.685833,0.012280235,-0.017234301,0.0067497017,18.306187,18.428333,2,4,1,0.9710508,1
8,18,1,0,1,-40.998806,-458.2415,35.685833,0.012280235,-0.017234301,0.0067497017,4.20966,4.2055554,2,-1,0,0.97072595,1
8,37,1,1,1,-41.584045,318.87415,310.05347,0.004128244,-0.007773039,0.0031749012,9.292472,9.024722,2,5,1,0.9915303,1
8,10,1,1,1,-54.424583,148.50967,74.2522,0.010229949,-0.017282724,0.003155261,17.106125,17.383612,2,6,1,0.9375338,1
8,10,1,0,1,-54.424583,148.50967,74.2522,0.010229949,-0.017282724,0.003155261,5.988723,6.203611,2,-1,0,0.95289433,1
8,26,1,1,1,52.638107,36.684162,132.83578,0.0019090961,-0.0059798863,0.0026237383,7.8022847,7.7788887,2,7,1,0.99922514,1
8,13,1,1,1,84.7949,-514.90485,423.4511,0.011774636,-0.01986549,0.0063446453,20.755499,20.526388,2,8,1,0.7838189,1
8,31,1,1,1,-89.07292,517.73517,95.21455,0.013255145,-0.01591317,0.0057666413,19.296831,19.380278,2,9,1,0.99928004,1
8,13,1,0,1,84.7949,-514.90485,423.4511,0.011774636,-0.01986549,0.0063446453,5.511007,5.478889,2,-1,0,0.98020834,1
8,39,1,1,1,128.52383,37.762768,247.18364,0.0021740438,-0.003344558,0.002202346,4.9617915,5.049722,2,10,1,0.9987834,1
8,5,1,0,1,-191.41695,247.90428,56.18608,0.01455919,-0.02164788,0.004795347,9.406153,9.317223,2,-1,0,0.99294114,1
8,19,1,1,1,-178.17642,522.1882,239.6372,0.0072590243,-0.010300005,0.0037430208,14.1437845,14.231389,2,11,1,0.9851677,1
8,4,1,1,1,178.92436,362.51633,312.9992,0.0022520307,-0.0034362038,-0.00089511747,4.2633123,4.199167,2,12,1,0.9865615,1
8,36,1,1,1,-187.97575,200.47075,315.7742,0.00904822,-0.014757134,0.0029725598,18.873075,18.908056,2,13,1,0.9872685,1
8,5,1,1,1,-191.41695,247.90428,56.18608,0.01455919,-0.02164788,0.004795347,15.451923,15.280278,2,14,1,0.9970805,1
8,17,1,1,1,210.06061,-519.38934,198.68977,0.011519277,-0.015111173,0.0013853816,14.755841,14.623611,2,15,1,0.9846117,1
8,17,1,0,1,210.06061,-519.38934,198.68977,0.011519277,-0.015111173,0.0013853816,4.1182084,4.3838887,2,-1,0,0.8347053,1
8,12,1,1,1,220.53293,277.17224,189.89372,0.0032492012,-0.0056636874,0.0035618122,7.572132,7.5005555,2,17,1,0.99556243,1
8,27,1,1,1,222.73016,147.38452,410.9657,0.0029214271,-0.0017602412,-0.00024052331,3.2937777,3.233611,2,18,1,0.9614106,1
8,9,1,1,1,-233.81749,141.24841,301.98166,0.0041179927,-0.009460862,0.00287782,10.32339,10.4775,2,19,1,0.9996043,1
8,30,1,1,1,-277.9993,-445.87576,414.99643,0.011606445,-0.016623288,0.0021807677,21.076597,21.155277,2,20,1,0.965538,1
8,24,1,1,1,275.73767,-212.05956,459.3134,0.005123431,-0.0047658114,0.0011238377,6.760153,6.783056,2,21,1,0.9267133,1
8,23,1,1,1,-292.16327,25.769358,111.34479,0.009869053,-0.0134525215,0.005028737,13.147292,13.178056,2,22,1,0.9896361,1
8,7,1,1,1,300.21075,145.22493,62.88266,0.0015535871,-0.005567032,0.00018553359,5.1158333,5.186111,2,23,1,0.99882394,1
8,3,1,1,1,311.3844,322.80746,179.65929,0.014508843,-0.018163932,0.0033826567,23.678833,23.806944,2,24,1,0.98627347,1
8,40,1,1,1,316.96912,444.15952,158.51796,0.015456999,-0.022136262,0.0017666213,23.324709,23.22611,2,25,1,0.9779829,1
8,34,1,1,1,317.3499,66.90533,316.91537,0.010165189,-0.014402085,0.0009844945,10.216986,10.232778,2,26,1,0.97537327,1
8,15,1,1,1,319.0122,-71.14638,174.22076,0.004330208,-0.009290286,-3.450343e-05,10.262736,10.361389,2,27,1,0.9909695,1
8,34,1,0,1,317.3499,66.90533,316.91537,0.010165189,-0.014402085,0.0009844945,5.2764654,5.3625,2,-1,0,0.98786163,1
8,38,1,1,1,336.7822,-593.76575,240.61674,0.010710375,-0.012357595,0.0018341371,16.391417,16.266666,2,28,1,0.9860847,1
8,16,1,1,1,-343.5571,-597.7632,337.7982,0.01654716,-0.025734607,0.0047731404,8.790735,8.856944,2,29,1,0.87332463,1
8,33,1,1,1,356.19614,23.223768,157.14412,0.007578847,-0.0102666095,0.0012777963,10.084833,10.123889,2,30,1,0.9707153,1
8,25,0,0,0,0.0,0.0,0.0,0.0,0.0,0.0,3.0114722,2.9469445,2,-1,0,0.6929221,1
9,11,1,1,0,-10.273653,-584.4598,257.60532,0.0015715455,0.007180266,0.004272625,11.154362,9.395833,2,0,1,0.97959167,1
9,30,1,1,0,18.78943,175.00653,113.53343,0.033546716,-0.014884892,-0.011025315,32.88638,32.98861,2,1,1,0.9980323,1
9,37,1,1,0,-23.753416,214.15086,206.9188,0.008551712,-0.0027973347,-0.008061385,13.883708,13.652223,2,2,1,0.9966186,1
9,36,1,1,0,-23.512022,-313.06384,181.96523,0.027132438,0.00010609305,0.018963858,6.2577147,6.4205556,2,3,1,0.9521944,1
9,5,1,0,0,-44.51039,-362.75848,155.4343,0.026958732,0.016750246,0.011297911,3.9234233,3.9291666,2,-1,0,0.8994494,1
9,5,1,1,0,-44.51039,-362.75848,155.4343,0.026958732,0.016750246,0.011297911,20.326223,20.175278,2,4,1,0.98733497,1
9,35,1,1,0,-38.16568,72.8214,14.688023,0.002368344,-0.022707902,0.012418749,19.839666,19.827223,2,5,1,0.9983101,1
9,5,1,0,0,-44.51039,-362.75848,155.4343,0.026958732,0.016750246,0.011297911,15.525714,15.325833,2,-1,0,0.9962955,1
9,35,1,0,0,-38.16568,72.8214,14.688023,0.002368344,-0.022707902,0.012418749,11.500584,11.308888,2,-1,0,0.97526973,1
9,35,1,0,0,-38.16568,72.8214,14.688023,0.002368344,-0.022707902,0.012418749,5.0520835,5.0513887,2,-1,0,0.98928154,1
9,33,1,1,0,50.09366,117.00134,277.8675,-0.014606035,0.0063614524,0.005230795,15.347819,15.330556,2,6,1,0.9657688,1
9,33,1,0,0,50.09366,117.00134,277.8675,-0.014606035,0.0063614524,0.005230795,4.685819,4.071944,2,-1,0,0.88586706,1
9,30,1,0,0,18.78943,175.00653,113.53343,0.033546716,-0.014884892,-0.011025315,3.2294998,3.1622221,2,-1,0,0.87978023,1
9,18,1,1,0,-57.099674,32.647343,132.64041,0.017199716,0.0031632443,0.015989918,22.137478,22.125555,2,7,1,0.99999917,1
9,2,1,1,0,-58.411144,-352.68002,132.51688,-0.0066178823,0.012590282,-0.012749086,17.418007,16.31639,2,8,1,0.9958733,1
9,2,1,0,0,-58.411144,-352.68002,132.51688,-0.0066178823,0.012590282,-0.012749086,2.8996735,2.8955555,2,-1,0,0.55554444,1
9,29,1,1,0,-62.613594,452.64548,197.04317,-0.0036878977,0.0010082264,0.008804986,9.380208,9.259167,2,9,1,0.9879825,1
9,1,1,1,0,70.308304,-142.16202,35.12816,0.007591757,-0.01582937,0.0027035244,10.371424,10.234722,2,10,1,0.9870216,1
9,1,1,0,0,70.308304,-142.16202,35.12816,0.007591757,-0.01582937,0.0027035244,8.179485,8.693055,2,-1,0,0.87749505,1
9,9,1,1,0,87.0012,225.72787,364.83606,-0.0018034062,0.00978847,0.0006238285,11.895611,11.864722,2,11,1,0.9527448,1
9,14,1,0,0,112.84652,537.8644,81.32057,0.0069458173,-0.007936507,0.005484916,4.5909514,4.6822224,2,-1,0,0.9925242,1
9,27,1,1,0,-114.24956,-257.51492,154.72176,0.012249745,-0.017949808,0.0007517965,21.62952,21.578888,2,12,1,0.98448366,1
9,14,1,1,0,112.84652,537.8644,81.32057,0.0069458173,-0.007936507,0.005484916,13.266334,13.3325,2,13,1,0.97124016,1
9,26,1,1,0,118.87046,-450.97647,459.53604,-0.001345668,-0.0044655846,0.020371746,6.6134377,6.578611,2,14,1,0.97294015,1
9,28,1,0,0,-141.90639,-239.35066,116.3532,0.014245177,0.0075585535,-0.013818661,7.2584233,7.351389,2,-1,0,0.9920099,1
9,25,1,1,0,129.15002,-52.15195,445.98254,0.0043858234,-0.01539161,-0.0028881032,15.148487,12.257778,2,15,1,0.99020094,1
9,28,1,1,0,-141.90639,-239.35066,116.3532,0.014245177,0.0075585535,-0.013818661,14.386535,14.404722,2,16,1,0.9801524,1
9,30,1,0,0,18.78943,175.00653,113.53343,0.033546716,-0.014884892,-0.011025315,3.343181,3.2408333,2,-1,0,0.87256277,1
9,19,1,1,0,-153.7946,-483.36526,141.11383,0.00989177,0.0036822073,-0.0029151987,12.605632,12.0925,2,-1,1,0.9966,1
9,24,1,1,0,162.31029,306.744,148.89091,0.010246322,0.0065119187,0.009396076,17.567167,17.448334,2,17,1,0.9994479,1
9,6,1,1,0,-168.91214,128.72366,260.25244,-0.02009515,-0.018934783,-0.009337446,28.875105,28.896944,2,18,1,0.9969146,1
9,23,1,1,0,186.16313,567.2974,168.77367,0.0148094185,0.008628507,0.012969655,24.70826,20.439722,2,19,1,0.98808485,1
9,31,1,1,0,187.82126,87.42841,254.66527,0.00822816,0.00044627988,-0.004904941,9.919008,9.8122225,2,-1,1,0.99159896,1
9,17,1,1,0,-198.19696,-147.33287,98.03646,-0.020085523,0.0053973696,-0.025852459,24.235735,22.211666,2,20,1,0.9998617,1
9,32,1,0,0,248.16927,-255.90753,367.27985,-0.039486416,-0.02389011,0.011209225,12.930237,12.933333,2,-1,0,0.9722893,1
9,15,1,1,0,199.12923,416.7056,310.1703,0.0057878816,0.016788978,0.0043233526,17.213076,17.059166,2,21,1,0.99392587,1
9,34,1,1,0,-217.40567,-592.87445,92.17852,0.012606296,-0.0075381827,0.005554935,15.496931,15.5275,2,22,1,0.94518065,1
9,8,1,1,0,-218.8778,498.76813,393.78024,-0.014751189,-0.018602626,0.021408623,15.2659235,15.336389,2,23,1,0.982451,1
9,8,1,0,0,-218.8778,498.76813,393.78024,-0.014751189,-0.018602626,0.021408623,14.50132,14.575,2,-1,0,0.99221945,1
9,17,1,0,0,-198.19696,-147.33287,98.03646,-0.020085523,0.0053973696,-0.025852459,6.807646,6.7625,2,-1,0,0.93879193,1
9,17,1,0,0,-198.19696,-147.33287,98.03646,-0.020085523,0.0053973696,-0.025852459,4.65932,4.6491666,2,-1,0,0.99106103,1
9,4,1,1,0,-224.23882,-67.514336,23.74741,-0.002143798,-0.0041699056,0.020343412,17.11184,17.151112,2,24,1,0.9974201,1
9,15,0,0,0,0.0,0.0,0.0,0.0,0.0,0.0,3.2874029,3.203889,2,-1,0,0.6044777,1
9,32,1,1,0,248.16927,-255.90753,367.27985,-0.039486416,-0.02389011,0.011209225,30.692305,30.324167,2,25,1,0.9865224,1
9,3,1,1,0,259.0547,-65.56098,149.89641,-0.0013986481,-0.013860259,-0.0236658,25.685139,26.099167,2,26,1,0.98290575,1
9,32,1,0,0,248.16927,-255.90753,367.27985,-0.039486416,-0.02389011,0.011209225,7.107792,6.9630556,2,-1,0,0.9875986,1
9,10,1,0,0,-285.2803,473.12866,452.65955,0.0074940464,-0.0033305716,0.019722825,2.7888124,2.8522222,2,-1,0,0.5302745,1
9,13,1,1,0,-277.65332,570.02264,397.41196,-0.003230927,0.008126883,-0.010569858,14.099103,11.331111,2,27,1,0.9565592,1
9,10,1,1,0,-285.2803,473.12866,452.65955,0.0074940464,-0.0033305716,0.019722825,20.524897,20.590834,2,28,1,0.96001166,1
9,16,0,0,0,0.0,0.0,0.0,0.0,0.0,0.0,2.9084303,-1.0,2,-1,0,0.73890746,1
9,12,1,1,0,-291.27563,-419.46594,283.44907,-0.022783132,-0.008711429,-0.018301915,14.358874,13.4225,2,29,1,0.7019345,1
9,38,1,1,0,-298.11728,541.1939,85.404045,-0.00491553,0.008067962,0.018385991,14.961514,14.8747225,2,30,1,0.9956806,1
9,38,1,0,0,-298.11728,541.1939,85.404045,-0.00491553,0.008067962,0.018385991,4.1918883,4.2069445,2,-1,0,0.94538635,1
9,22,1,0,0,-316.16312,-370.05478,431.36295,0.04026108,-0.0133251315,0.005613667,10.0541315,10.031111,2,-1,0,0.9857254,1
9,22,1,1,0,-316.16312,-370.05478,431.36295,0.04026108,-0.0133251315,0.005613667,33.02696,32.900833,2,31,1,0.997065,1
9,21,1,0,0,323.42667,36.84085,206.96347,0.018879127,-0.021032063,-0.012769775,6.4533887,6.1725,2,-1,0,0.9327589,1
9,20,1,0,0,332.27737,570.0623,79.8392,0.0015409647,-0.0034740812,-0.011847646,3.8548887,3.803611,2,-1,0,0.9609319,1
9,12,1,0,0,-291.27563,-419.46594,283.44907,-0.022783132,-0.008711429,-0.018301915,12.465875,12.155278,2,-1,0,0.9960103,1
9,20,1,1,0,332.27737,570.0623,79.8392,0.0015409647,-0.0034740812,-0.011847646,9.750056,9.718889,2,33,1,0.9665995,1
9,29,0,0,0,0.0,0.0,0.0,0.0,0.0,0.0,2.9761112,2.925,2,-1,0,0.52523965,1
9,39,0,0,0,0.0,0.0,0.0,0.0,0.0,0.0,19.745422,-1.0,2,-1,0,0.9912026,1
9,7,1,1,0,355.058,-98.9372,442.64862,0.022603918,0.0013552046,0.0070510306,19.887335,10.69,2,34,1,0.92862743,1
10,8,1,1,0,-11.595759,589.50183,399.12796,0.017408762,0.004241459,-0.010589509,19.81132,19.788334,2,0,1,0.9958794,1
10,33,1,1,0,13.71636,520.3382,419.88324,-0.0042536166,0.015951015,0.0035457497,16.2683,16.4075,2,1,1,0.9973345,1
10,40,1,0,0,-42.938164,359.77487,217.4323,0.011364069,-0.010108205,0.012837483,5.16591,5.1555557,2,-1,0,0.98218924,1
10,16,1,1,0,34.626522,-205.17819,377.63715,0.022757158,0.00072011026,-0.002102508,29.165154,14.379444,2,2,1,0.99427855,1
10,40,1,1,0,-42.938164,359.77487,217.4323,0.011364069,-0.010108205,0.012837483,14.715668,14.708889,2,3,1,0.99979097,1
10,14,1,1,0,-40.93072,-211.5903,393.0723,-0.014512974,-0.00010257503,0.017006533,14.74875,14.759722,2,4,1,0.9963642,1
10,13,1,0,0,48.707993,328.72504,120.74086,-0.0053102043,-0.0019623782,-0.023668887,6.6437845,6.71,2,-1,0,0.98134893,1
10,13,1,1,0,48.707993,328.72504,120.74086,-0.0053102043,-0.0019623782,-0.023668887,15.217799,15.350278,2,5,1,0.9715403,1
10,30,1,1,0,-63.096867,83.85033,412.50858,0.027279466,-0.011539591,0.013958334,33.751305,33.86861,2,6,1,0.97153383,1
10,17,1,1,0,-59.020435,155.74002,130.07515,0.0042919787,-0.0024110922,0.0019989389,5.0845346,5.2183332,2,7,1,0.9903681,1
10,19,1,1,0,59.89747,-320.208,163.9146,0.0061101117,0.01129689,-0.0029819896,10.263285,10.051945,2,8,1,0.9751701,1
10,37,1,1,0,64.8589,-372.13455,30.000826,-0.006803554,0.011385026,0.006862834,16.085833,13.906389,2,9,1,0.9925209,1
10,20,1,0,0,76.211296,526.81696,66.61029,0.016317824,-0.002897348,0.015681649,5.0329795,5.0069447,2,-1,0,0.9578864,1
10,19,1,0,0,59.89747,-320.208,163.9146,0.0061101117,0.01129689,-0.0029819896,3.8324168,3.6691666,2,-1,0,0.9215598,1
10,14,1,0,0,-40.93072,-211.5903,393.0723,-0.014512974,-0.00010257503,0.017006533,3.614097,3.6180556,2,-1,0,0.9475847,1
10,14,1,0,0,-40.93072,-211.5903,393.0723,-0.014512974,-0.00010257503,0.017006533,6.0051665,5.988611,2,-1,0,0.97688967,1
10,28,1,1,0,-86.51109,164.37904,149.72916,-0.004135846,0.020514257,0.0090243155,24.664227,25.060833,2,10,1,0.9945644,1
10,20,1,1,0,76.211296,526.81696,66.61029,0.016317824,-0.002897348,0.015681649,19.905127,19.733889,2,11,1,0.9885871,1
10,1,1,1,0,99.495094,263.75046,129.01305,-0.0074046487,0.009359299,0.008918943,16.23984,16.266945,2,12,1,0.9965952,1
10,2,1,1,0,-111.07596,-429.70422,177.00882,-0.016988646,-0.024135001,-0.02054604,24.13341,24.304167,2,13,1,0.99579155,1
10,2,1,0,0,-111.07596,-429.70422,177.00882,-0.016988646,-0.024135001,-0.02054604,13.339687,13.015555,2,-1,0,0.993411,1
10,23,1,1,0,115.52157,-369.355,437.91602,0.0040344223,0.0015596465,-0.007727911,10.423653,9.481944,2,14,1,0.9964089,1
10,27,1,0,0,-124.650696,145.30516,312.16446,-0.0052862703,0.0129716,-0.0049771024,4.3147497,4.4355555,2,-1,0,0.8680836,1
10,26,0,0,0,0.0,0.0,0.0,0.0,0.0,0.0,3.0204306,2.9658334,2,-1,0,0.63785857,1
10,27,1,1,0,-124.650696,145.30516,312.16446,-0.0052862703,0.0129716,-0.0049771024,10.551332,10.414722,2,15,1,0.9935582,1
10,3,1,1,0,131.96751,-119.795364,61.85894,0.015669875,-0.022019954,0.023202676,15.41857,15.335834,2,16,1,0.99187297,1
10,38,0,0,0,0.0,0.0,0.0,0.0,0.0,0.0,4.925333,-1.0,2,-1,0,0.9773232,1
10,10,1,1,0,137.63615,-227.28325,413.27844,0.02134669,0.0146866,0.013492101,22.389214,16.096666,2,17,1,0.9996928,1
10,10,1,0,0,137.63615,-227.28325,413.27844,0.02134669,0.0146866,0.013492101,3.7277293,3.6791666,2,-1,0,0.9653086,1
10,27,1,0,0,-124.650696,145.30516,312.16446,-0.0052862703,0.0129716,-0.0049771024,5.097507,5.312778,2,-1,0,0.97468024,1
10,3,1,0,0,131.96751,-119.795364,61.85894,0.015669875,-0.022019954,0.023202676,14.019681,13.9169445,2,-1,0,0.9992035,1
10,38,1,1,0,171.22774,53.67298,300.98822,-0.004150529,-0.02138581,-0.018660063,26.03252,26.020834,2,18,1,0.98749346,1
10,35,1,1,0,207.80856,-206.5303,386.58514,-0.024425322,0.008826912,0.00064185326,16.879847,16.889444,2,19,1,0.96120226,1
10,10,1,0,0,137.63615,-227.28325,413.27844,0.02134669,0.0146866,0.013492101,3.1094239,3.0922222,2,-1,0,0.50982094,1
10,39,1,1,0,186.56987,573.83234,61.581654,0.007906745,0.021578187,0.02806981,20.654732,20.786667,2,20,1,0.9773842,1
10,39,1,0,0,186.56987,573.83234,61.581654,0.007906745,0.021578187,0.02806981,12.216341,12.14,2,-1,0,0.9752985,1
10,25,1,1,0,-196.83879,163.82413,441.52386,-0.002817365,0.03064401,0.022010878,42.417126,37.628334,2,21,1,0.9940253,1
10,29,1,1,0,196.20259,-366.00708,267.64145,0.0340264,0.003818903,-0.027033364,34.489334,31.325277,2,22,1,0.9969843,1
10,31,1,0,0,227.77118,576.6445,261.84128,-0.032436363,0.020396257,-0.014914952,3.4907844,3.4577777,2,-1,0,0.9001538,1
10,35,1,0,0,207.80856,-206.5303,386.58514,-0.024425322,0.008826912,0.00064185326,10.304466,10.078055,2,-1,0,0.9276653,1
10,35,1,0,0,207.80856,-206.5303,386.58514,-0.024425322,0.008826912,0.00064185326,5.148271,4.9105554,2,-1,0,0.9851097,1
10,31,1,1,0,227.77118,576.6445,261.84128,-0.032436363,0.020396257,-0.014914952,17.43339,17.557222,2,23,1,0.9837789,1
10,31,1,0,0,227.77118,576.6445,261.84128,-0.032436363,0.020396257,-0.014914952,3.434375,3.4336112,2,-1,0,0.97230005,1
10,21,1,1,0,209.25795,-69.82096,100.43454,0.0033434273,0.014765039,-0.005374213,12.577063,12.550278,2,24,1,0.97911984,1
10,21,1,0,0,209.25795,-69.82096,100.43454,0.0033434273,0.014765039,-0.005374213,4.6300206,4.5597224,2,-1,0,0.9886199,1
10,21,1,0,0,209.25795,-69.82096,100.43454,0.0033434273,0.014765039,-0.005374213,2.8844514,2.9461112,2,-1,0,0.53713644,1
10,31,1,0,0,227.77118,576.6445,261.84128,-0.032436363,0.020396257,-0.014914952,12.536508,12.696389,2,-1,0,0.9898797,1
10,3,1,0,0,131.96751,-119.795364,61.85894,0.015669875,-0.022019954,0.023202676,4.321083,4.3152776,2,-1,0,0.97823626,1
10,29,1,0,0,196.20259,-366.00708,267.64145,0.0340264,0.003818903,-0.027033364,4.2555904,4.213333,2,-1,0,0.9704387,1
10,6,1,1,0,244.85875,196.45036,451.94434,-0.0058914144,0.015161708,0.013242722,3.0997155,3.0644445,2,25,1,0.9436629,1
10,9,1,1,0,-249.24689,416.3676,349.66885,-0.0052511035,-0.0016524097,-0.023254171,22.136673,22.414444,2,26,1,0.9889333,1
10,34,1,1,0,-262.74042,557.2609,164.45059,-0.023500461,0.0020790088,0.024039002,21.473637,21.414444,2,27,1,0.9933221,1
10,12,1,1,0,-263.88623,-231.87761,304.1146,-0.012589204,0.0032585112,0.006483745,6.0966945,6.1875,2,28,1,0.9792518,1
10,12,1,0,0,-263.88623,-231.87761,304.1146,-0.012589204,0.0032585112,0.006483745,4.94375,4.9330554,2,-1,0,0.97364354,1
10,34,1,0,0,-262.74042,557.2609,164.45059,-0.023500461,0.0020790088,0.024039002,6.5977707,6.5005555,2,-1,0,0.9473615,1
10,7,1,1,0,-276.71674,84.94922,428.36234,-0.0051234677,0.0029908665,0.0012237717,5.872181,5.9455557,2,29,1,0.973362,1
10,5,1,0,0,-305.71536,-214.47266,289.83664,0.014152819,0.0019519908,-0.010430209,3.5943055,3.4880555,2,-1,0,0.9426193,1
10,4,1,1,0,-278.59567,-121.02039,87.98744,-0.006827228,-0.032787144,0.0022550663,28.484848,18.371944,2,30,1,0.97581553,1
10,26,1,1,0,282.63458,-38.419693,307.4199,-0.0071892818,-0.010952706,-0.022528237,16.325022,16.277779,2,31,1,0.9895281,1
10,12,1,0,0,-263.88623,-231.87761,304.1146,-0.012589204,0.0032585112,0.006483745,3.0781317,3.0572221,2,-1,0,0.70929307,1
10,26,1,0,0,282.63458,-38.419693,307.4199,-0.0071892818,-0.010952706,-0.022528237,6.050014,6.0030556,2,-1,0,0.9908284,1
10,4,1,0,0,-278.59567,-121.02039,87.98744,-0.006827228,-0.032787144,0.0022550663,4.7560835,4.6825,2,-1,0,0.9540104,1
10,18,1,1,0,316.9256,-200.51225,412.4547,-0.0110258395,0.007907797,0.012438203,9.287188,9.368055,2,32,1,0.9468263,1
10,32,1,0,0,-315.88028,321.8525,336.71475,0.0024176668,0.032946717,0.039016407,7.7364235,7.7480555,2,-1,0,0.9737333,1
10,5,1,1,0,-305.71536,-214.47266,289.83664,0.014152819,0.0019519908,-0.010430209,12.214195,12.1455555,2,33,1,0.97866577,1
10,32,1,0,0,-315.88028,321.8525,336.71475,0.0024176668,0.032946717,0.039016407,9.860486,9.841111,2,-1,0,0.9926715,1
10,11,1,1,0,-315.40393,-541.7651,86.24535,0.027518453,0.023495033,-0.018900452,36.7462,36.695835,2,34,1,0.9946976,1
10,32,1,0,0,-315.88028,321.8525,336.71475,0.0024176668,0.032946717,0.039016407,4.567514,4.558611,2,-1,0,0.97826254,1
10,36,1,1,0,313.55527,-590.10095,332.34467,0.02231526,-0.011214939,0.0009438586,23.01697,22.824167,2,35,1,0.9888489,1
10,32,1,1,0,-315.88028,321.8525,336.71475,0.0024176668,0.032946717,0.039016407,26.645395,26.520555,2,36,1,0.98258185,1
10,18,1,0,0,316.9256,-200.51225,412.4547,-0.0110258395,0.007907797,0.012438203,5.0432086,3.9205556,2,-1,0,0.988316,1
10,24,1,1,0,-323.65964,-429.41556,375.3572,0.011290746,-0.0015487818,0.00030877287,11.510625,11.400833,2,37,1,0.9904469,1
10,22,1,1,0,338.35345,200.81848,155.32986,-0.0004641764,-0.005836347,-0.004813619,6.698715,6.5869446,2,38,1,0.9643437,1
10,15,1,1,0,339.13745,295.36246,89.28971,-0.0018393339,-0.015650325,0.0045261653,15.807599,15.838889,2,39,1,0.9492437,1
11,17,1,1,0,-5.8669896,-596.60016,342.39084,0.0015941029,0.012882303,-0.0073561408,6.2656946,3.5102777,2,0,1,0.9854033,1
11,23,1,0,0,3.8233883,231.7543,133.78085,0.011141364,-0.029997854,0.019452631,6.4307294,6.5052776,2,-1,0,0.9986066,1
11,23,1,1,0,3.8233883,231.7543,133.78085,0.011141364,-0.029997854,0.019452631,11.588431,11.244166,2,1,1,0.9832571,1
11,23,1,0,0,3.8233883,231.7543,133.78085,0.011141364,-0.029997854,0.019452631,10.553736,10.498611,2,-1,0,0.9826469,1
11,17,1,0,0,-5.8669896,-596.60016,342.39084,0.0015941029,0.012882303,-0.0073561408,4.576389,4.29,2,-1,0,0.96328217,1
11,2,1,1,0,22.968416,-305.5809,395.75565,-0.009772527,0.025851294,0.02453753,35.969513,35.759724,2,2,1,0.9985751,1
11,2,1,0,0,22.968416,-305.5809,395.75565,-0.009772527,0.025851294,0.02453753,6.290382,6.2569447,2,-1,0,0.9706788,1
11,9,1,1,0,-38.38208,-483.8279,73.36794,-0.0071294075,0.002650554,-0.014999539,21.892977,16.187778,2,3,1,0.99310803,1
11,22,0,0,0,0.0,0.0,0.0,0.0,0.0,0.0,17.796673,-1.0,2,-1,0,0.99956816,1
11,33,1,0,0,76.656525,132.1328,186.57758,0.022634147,0.008635209,0.015397532,5.0913887,5.042778,2,-1,0,0.97683287,1
11,20,1,0,0,90.9101,486.60913,4.958777,-0.020358557,0.0042721224,0.008360245,2.6836388,2.713889,2,-1,0,0.6219839,1
11,31,1,1,0,-71.87453,-226.15434,386.43622,-0.0038243274,0.009043233,0.011050901,9.434771,9.420834,2,4,1,0.982957,1
11,31,1,0,0,-71.87453,-226.15434,386.43622,-0.0038243274,0.009043233,0.011050901,3.8375208,3.8925,2,-1,0,0.90823376,1
11,22,0,0,0,0.0,0.0,0.0,0.0,0.0,0.0,5.579612,-1.0,2,-1,0,0.9835723,1
11,33,1,1,0,76.656525,132.1328,186.57758,0.022634147,0.008635209,0.015397532,30.040495,29.890556,2,5,1,0.9999664,1
11,3,1,1,0,86.98732,67.299995,22.556952,0.02131743,-0.037292268,0.027284605,30.514275,30.4975,2,6,1,0.9961669,1
11,3,1,0,0,86.98732,67.299995,22.556952,0.02131743,-0.037292268,0.027284605,5.693583,5.558889,2,-1,0,0.9937203,1
11,13,1,0,0,-139.74998,130.66656,192.6561,0.0039792997,0.0031703473,0.014298258,3.445007,3.5302777,2,-1,0,0.801802,1
11,20,1,1,0,90.9101,486.60913,4.958777,-0.020358557,0.0042721224,0.008360245,7.6057844,7.375278,2,7,1,0.98559153,1
11,3,1,0,0,86.98732,67.299995,22.556952,0.02131743,-0.037292268,0.027284605,16.453617,16.424723,2,-1,0,0.99689436,1
11,8,1,1,0,-93.92644,472.01596,222.80545,-0.015329453,0.026051456,-0.002644036,27.100382,27.084444,2,8,1,0.9998878,1
11,4,1,1,0,132.07437,-571.33826,342.944,-0.019112576,-0.0062752767,0.00094141753,11.043528,10.9725,2,9,1,0.9778186,1
11,13,1,1,0,-139.74998,130.66656,192.6561,0.0039792997,0.0031703473,0.014298258,12.363105,12.363334,2,10,1,0.9823889,1
11,30,0,0,0,0.0,0.0,0.0,0.0,0.0,0.0,20.534111,-1.0,2,-1,0,0.9491177,1
11,30,0,0,0,0.0,0.0,0.0,0.0,0.0,0.0,7.2282915,-1.0,2,-1,0,0.9782788,1
11,35,1,1,0,164.88477,361.38568,455.215,-0.0023252848,0.0020214042,-0.009763025,11.066083,10.994445,2,11,1,0.9861465,1
11,18,1,1,0,-164.11835,159.40964,59.59205,-0.021703223,-0.019636048,0.0022274193,25.10577,14.5675,2,12,1,0.99230075,1
11,40,1,1,0,-168.6418,237.93025,122.81291,0.001486337,-0.004385746,0.011443792,13.104751,13.090834,2,13,1,0.99293584,1
11,19,1,1,0,172.31898,554.08453,380.81726,0.004474149,-0.0015363303,0.0141486265,16.920973,16.78139,2,14,1,0.99465525,1
11,24,0,0,0,0.0,0.0,0.0,0.0,0.0,0.0,18.414404,-1.0,2,-1,0,0.99153507,1
11,14,1,1,0,186.96693,495.05396,154.79495,-0.007672557,-0.017345577,0.0032324358,19.81741,19.451944,2,15,1,0.99737906,1
11,25,1,1,0,191.9259,-580.5388,29.199276,-0.016949212,0.012911349,-0.0034480097,23.363882,23.456667,2,16,1,0.9789313,1
11,25,1,0,0,191.9259,-580.5388,29.199276,-0.016949212,0.012911349,-0.0034480097,4.9755273,4.9375,2,-1,0,0.9717561,1
11,26,1,1,0,219.0192,70.454094,254.69824,-0.015005642,0.016898988,0.0013172186,24.318056,24.136667,2,17,1,0.998116,1
11,26,1,0,0,219.0192,70.454094,254.69824,-0.015005642,0.016898988,0.0013172186,2.8977637,2.9644444,2,-1,0,0.62293106,1
11,39,1,1,0,-230.54543,500.13104,256.49298,-0.008028712,-0.0038401224,-0.0008090767,9.284465,8.47,2,18,1,0.9944765,1
11,5,1,1,0,-235.73448,455.34076,189.70543,0.011869707,-0.030222844,0.00411398,28.107069,28.010279,2,19,1,0.99636626,1
11,21,1,1,0,-242.62515,-448.16406,183.39526,-0.009607327,-0.00035461388,-0.014878613,9.086695,9.036667,2,20,1,0.99314225,1
11,6,1,1,0,-246.21658,246.02692,285.37387,0.008069348,0.00818114,0.005196713,12.487737,12.284166,2,21,1,0.9936194,1
11,21,1,0,0,-242.62515,-448.16406,183.39526,-0.009607327,-0.00035461388,-0.014878613,8.739812,8.773334,2,-1,0,0.9976846,1
11,1,1,1,0,-250.97719,136.4284,144.18808,0.005562912,-0.0033522851,-0.008962001,11.041089,11.014167,2,22,1,0.98736095,1
11,37,1,1,0,-251.81317,586.5619,380.57922,-0.0071004,0.017428132,0.0023043035,17.552124,17.543333,2,23,1,0.97962886,1
11,36,1,1,0,268.84457,-49.287273,271.32608,-0.009003358,0.009477566,-0.003893067,12.368222,12.466945,2,24,1,0.9570834,1
11,12,0,0,0,0.0,0.0,0.0,0.0,0.0,0.0,27.239264,-1.0,2,-1,0,0.9936759,1
11,10,1,1,0,-273.75378,142.32312,411.14948,-0.019419784,-0.028342847,0.019187778,20.871876,21.064444,2,25,1,0.9950187,1
11,10,1,0,0,-273.75378,142.32312,411.14948,-0.019419784,-0.028342847,0.019187778,17.70234,17.596666,2,-1,0,0.9711326,1
11,11,1,1,0,-282.0918,110.25245,150.84161,-0.0036700196,0.015998408,0.026855513,26.799236,25.99361,2,26,1,0.9611862,1
11,29,1,1,0,-283.98425,-186.20122,21.759155,-0.008299216,0.014228993,-0.002996595,16.885647,16.762777,2,27,1,0.99974746,1
11,28,1,1,0,303.13696,571.1198,328.23676,0.003534619,0.001709485,-0.003047133,4.8238196,4.9511113,2,28,1,0.98953027,1
11,28,1,0,0,303.13696,571.1198,328.23676,0.003534619,0.001709485,-0.003047133,4.563229,4.617778,2,-1,0,0.9932388,1
11,27,1,0,0,-346.5701,243.83879,164.02095,0.025430107,-0.014918747,0.021647455,8.399091,8.368333,2,-1,0,0.9789169,1
11,15,1,1,0,320.66205,-237.80428,361.22443,-0.006548021,-0.0035472885,0.019121531,19.127178,18.972221,2,29,1,0.9702285,1
11,38,1,1,0,-321.41064,166.65102,257.12653,-0.0011284476,0.009755468,-0.0005163036,9.565673,7.7602777,2,30,1,0.97353226,1
11,27,1,1,0,-346.5701,243.83879,164.02095,0.025430107,-0.014918747,0.021647455,19.440487,19.4275,2,31,1,0.9212817,1
11,32,1,1,0,340.32306,321.5615,211.14688,-0.011450052,0.0027587893,-0.0028965026,11.466236,11.116667,2,32,1,0.9623452,1
11,16,1,1,0,-347.21158,-385.71384,113.94668,0.014720061,0.009110074,0.02012775,25.653536,22.15611,2,33,1,0.99996376,1
11,27,1,0,0,-346.5701,243.83879,164.02095,0.025430107,-0.014918747,0.021647455,2.7403402,2.6983333,2,-1,0,0.7614831,1
11,7,1,1,0,354.51498,-566.2155,188.28915,-0.029872665,-0.001721019,0.021796973,30.689827,30.671112,2,34,1,0.93712854,1
11,34,1,1,0,-350.81036,-165.78313,363.47714,-0.012216556,-0.007049883,0.0093272785,8.996722,6.7802777,2,35,1,0.98013204,1
11,27,1,0,0,-346.5701,243.83879,164.02095,0.025430107,-0.014918747,0.021647455,3.1794586,3.1872222,2,-1,0,0.86653507,1
11,34,1,0,0,-350.81036,-165.78313,363.47714,-0.012216556,-0.007049883,0.0093272785,6.6585274,6.769722,2,-1,0,0.9573809,1
11,32,1,0,0,242.22571,359.0077,8.761685,-0.011450052,0.0027587893,-0.0028965026,3.652271,3.6780555,2,-1,0,0.96466196,1
11,32,1,0,0,242.22571,359.0077,8.761685,-0.011450052,0.0027587893,-0.0028965026,4.01125,4.016389,2,-1,0,0.9946278,1
12,16,1,1,0,17.616251,10.530464,24.644709,0.0070470385,0.0050619617,0.0041603106,11.932772,12.044723,2,0,1,0.99815136,1
12,32,1,1,0,25.841793,91.94184,162.59766,0.0081791235,-0.014023553,-0.0014215035,18.270514,16.384167,2,1,1,0.97869647,1
12,40,1,1,0,-27.050669,404.43445,304.1701,-0.0017369277,0.0032680144,-0.00858624,11.7172365,11.321111,2,2,1,0.9901632,1
12,1,1,1,0,-36.39877,157.3993,58.466946,0.0101464335,0.0089865625,-0.005667895,17.579395,17.719166,2,3,1,0.9985612,1
12,10,1,0,0,77.61536,295.3695,90.32992,-0.026661633,0.004666852,0.0015128716,6.1499023,6.233333,2,-1,0,0.9525218,1
12,10,1,1,0,77.61536,295.3695,90.32992,-0.026661633,0.004666852,0.0015128716,23.683313,23.639444,2,4,1,0.9999541,1
12,22,1,1,0,80.36863,99.65625,238.2595,-0.006187645,-0.0148468055,0.013416702,11.590041,11.598056,2,5,1,0.9776047,1
12,22,1,0,0,80.36863,99.65625,238.2595,-0.006187645,-0.0148468055,0.013416702,8.291521,8.060278,2,-1,0,0.99524623,1
12,25,1,1,0,87.92552,-351.8231,128.16295,0.05933301,0.009530107,-0.028795168,26.920864,72.09389,2,6,1,0.98496825,1
12,20,0,0,0,0.0,0.0,0.0,0.0,0.0,0.0,2.6692362,2.6722221,2,-1,0,0.5758822,1
12,4,1,1,0,91.62789,310.8329,299.57822,0.02514198,-0.00091016246,0.019737368,34.60979,34.504166,2,7,1,0.98396575,1
12,33,1,1,0,-132.30566,231.70795,162.99342,0.004570604,-0.002502403,-0.025997914,25.137367,23.9325,2,8,1,0.9744527,1
12,5,1,0,0,-136.19963,29.150208,307.00278,0.011437464,0.025779605,0.018947536,14.239395,13.9997225,2,-1,0,0.9875174,1
12,5,1,1,0,-136.19963,29.150208,307.00278,0.011437464,0.025779605,0.018947536,24.113403,12.807222,2,9,1,0.9979498,1
12,23,1,1,0,139.49753,-506.88477,145.67223,0.003834971,-0.023043042,0.00028612278,21.362494,21.2975,2,10,1,0.9984627,1
12,23,1,0,0,139.49753,-506.88477,145.67223,0.003834971,-0.023043042,0.00028612278,3.1153474,3.0025,2,-1,0,0.6361526,1
12,28,1,1,0,-161.51534,-145.72702,194.64273,-0.0021314805,-0.0066219266,0.008224964,11.365084,10.845834,2,11,1,0.9996418,1
12,21,1,0,0,-178.34381,-465.59756,444.05078,0.023567867,0.015668113,0.0059129028,3.3836389,3.3572223,2,-1,0,0.89596736,1
12,35,1,1,0,166.17935,220.76648,192.52191,0.00090858876,-0.015017789,-0.0025298882,15.953555,15.598889,2,12,1,0.9972475,1
12,20,1,1,0,-166.10733,-464.98923,436.34213,-0.0025559838,-0.00035275455,0.006720009,7.8644443,7.867778,2,13,1,0.98327047,1
12,21,1,1,0,-178.34381,-465.59756,444.05078,0.023567867,0.015668113,0.0059129028,22.034353,21.685556,2,14,1,0.9953353,1
12,2,1,0,0,-190.18726,-204.64436,33.868694,-0.0020664292,0.0066984436,-0.021976728,3.3068333,3.2175,2,-1,0,0.9406052,1
12,13,1,0,0,-180.06618,306.21622,372.00485,0.0010957272,0.0036716633,0.01263334,5.4680696,5.4691668,2,-1,0,0.9764795,1
12,13,1,1,0,-180.06618,306.21622,372.00485,0.0010957272,0.0036716633,0.01263334,7.087048,7.026111,2,15,1,0.9861422,1
12,34,1,1,0,-182.2387,414.09253,447.47046,0.005856811,0.0017704627,-0.0016354969,6.4816113,6.3883333,2,16,1,0.9655929,1
12,30,1,1,0,-184.54031,162.38835,214.96756,-0.0018255032,0.014246414,0.0072139516,15.91982,16.265,2,17,1,0.9992459,1
12,2,1,1,0,-190.18726,-204.64436,33.868694,-0.0020664292,0.0066984436,-0.021976728,22.898119,21.755278,2,18,1,0.97781384,1
12,6,1,1,0,202.5919,453.53857,418.82425,-0.006157054,-0.0078733945,0.01126586,16.209305,16.31639,2,19,1,0.9340756,1
12,9,1,1,0,226.9928,-159.96193,8.041584,-0.02031148,0.021394601,0.0011613113,22.707903,22.750555,2,20,1,0.99849916,1
12,7,1,0,0,223.16585,61.348522,234.75185,0.008471186,0.010153228,-0.022602499,5.839681,4.2991667,2,-1,0,0.88011044,1
12,7,1,1,0,223.16585,61.348522,234.75185,0.008471186,0.010153228,-0.022602499,11.218333,11.207222,2,21,1,0.9912107,1
12,9,1,0,0,226.9928,-159.96193,8.041584,-0.02031148,0.021394601,0.0011613113,7.8038607,7.76,2,-1,0,0.9571072,1
12,38,1,1,0,-228.67177,352.65533,237.44342,0.009749048,0.0042788284,-0.0024960728,13.54384,11.558611,2,22,1,0.9733175,1
12,36,1,1,0,-240.35034,-505.6426,177.9618,0.0082041705,-0.023581127,-0.022081997,30.546776,30.74611,2,23,1,0.99984527,1
12,29,1,1,0,238.51338,398.79187,246.54317,-0.013866607,0.010629025,0.005530506,15.363346,15.273611,2,24,1,0.97453964,1
12,7,1,0,0,223.16585,61.348522,234.75185,0.008471186,0.010153228,-0.022602499,5.695979,5.6233335,2,-1,0,0.9911767,1
12,39,1,0,0,-267.7945,361.03458,450.1557,-0.023148896,0.018866757,0.0066118697,4.2926598,4.2941666,2,-1,0,0.9703339,1
12,18,1,1,0,-256.98782,-598.051,65.63174,0.0074324505,-0.018960547,6.347817e-07,8.653298,5.1494446,2,25,1,0.9952192,1
12,39,1,1,0,-267.7945,361.03458,450.1557,-0.023148896,0.018866757,0.0066118697,27.47964,27.494722,2,26,1,0.99943453,1
12,37,1,1,0,275.1493,165.34886,200.50348,0.00016924304,-0.010818506,0.0030249583,11.354451,11.418612,2,27,1,0.98412746,1
12,12,1,0,0,289.81503,390.87198,176.12349,-0.0064704493,-0.0020842617,0.035252225,3.9958057,3.9361112,2,-1,0,0.6970472,1
12,12,1,0,0,289.81503,390.87198,176.12349,-0.0064704493,-0.0020842617,0.035252225,11.202681,11.184722,2,-1,0,0.99805814,1
12,12,1,1,0,289.81503,390.87198,176.12349,-0.0064704493,-0.0020842617,0.035252225,12.599389,11.094722,2,28,1,0.99008733,1
12,12,1,0,0,289.81503,390.87198,176.12349,-0.0064704493,-0.0020842617,0.035252225,3.063535,3.0166667,2,-1,0,0.96157783,1
12,15,1,0,0,-300.5639,419.6856,169.84692,0.0010093295,-0.0013857753,0.020614712,6.51641,6.527222,2,-1,0,0.98450536,1
12,15,1,1,0,-300.5639,419.6856,169.84692,0.0010093295,-0.0013857753,0.020614712,12.413416,11.095,2,29,1,0.9807926,1
12,24,1,0,0,302.27612,-232.47223,286.68207,0.010572643,0.013511267,0.007355759,6.4106393,5.615556,2,-1,0,0.9922857,1
12,11,1,1,0,-305.62576,473.13202,119.35145,-0.004092334,-0.007205952,0.021531075,11.627368,11.055555,2,30,1,0.9675451,1
12,11,1,0,0,-305.62576,473.13202,119.35145,-0.004092334,-0.007205952,0.021531075,3.0645556,3.1005557,2,-1,0,0.62682223,1
12,14,1,1,0,312.96606,287.94617,194.70477,-0.018004041,-0.012416397,0.0009111908,16.33034,16.3,2,31,1,0.992159,1
12,11,1,0,0,-305.62576,473.13202,119.35145,-0.004092334,-0.007205952,0.021531075,4.848785,4.85,2,-1,0,0.9692044,1
12,27,1,1,0,309.83484,-156.2093,326.44437,0.00030445796,0.00015000052,0.02683548,13.383055,13.149445,2,32,1,0.9720641,1
12,27,1,0,0,309.83484,-156.2093,326.44437,0.00030445796,0.00015000052,0.02683548,10.581118,10.491389,2,-1,0,0.9862082,1
12,24,1,1,0,302.27612,-232.47223,286.68207,0.010572643,0.013511267,0.007355759,9.483932,9.545278,2,33,1,0.9712559,1
12,24,0,0,0,0.0,0.0,0.0,0.0,0.0,0.0,3.3712776,-1.0,2,-1,0,0.7965581,1
12,3,1,1,0,-313.89853,-509.25458,120.059875,0.000852681,-0.013735362,-0.005976117,12.825346,12.682777,2,34,1,0.9584306,1
12,26,1,1,0,317.6771,192.22101,417.21698,-0.010241846,0.0039710426,-0.0027146179,8.8122425,8.8375,2,35,1,0.98416924,1
12,17,1,0,0,333.57938,128.44821,267.81305,0.0077675595,-0.006560703,-0.0059419293,3.5820277,3.5333333,2,-1,0,0.92864066,1
12,17,1,1,0,333.57938,128.44821,267.81305,0.0077675595,-0.006560703,-0.0059419293,6.330299,5.6105556,2,36,1,0.99580127,1
12,17,1,0,0,333.57938,128.44821,267.81305,0.0077675595,-0.006560703,-0.0059419293,5.4307017,5.4333334,2,-1,0,0.9727349,1
12,8,1,1,0,339.7615,513.6184,107.104805,-0.005079462,-0.013257367,0.001111342,13.339583,13.284166,2,37,1,0.99415106,1
12,8,0,0,0,0.0,0.0,0.0,0.0,0.0,0.0,2.7064307,2.653889,2,-1,0,0.54056096,1
12,20,0,0,0,0.0,0.0,0.0,0.0,0.0,0.0,5.0185556,-1.0,2,-1,0,0.9938088,1
13,22,1,1,0,3.7849138,-319.09808,439.41782,0.023645632,-0.021086827,-0.012123273,20.881798,20.6925,2,0,1,0.9866899,1
13,19,1,1,0,-7.0653815,318.01883,421.10477,-0.0005889249,-0.039349902,-0.004535683,34.87711,34.121944,2,1,1,0.9994973,1
13,22,1,0,0,3.7849138,-319.09808,439.41782,0.023645632,-0.021086827,-0.012123273,6.281361,6.356389,2,-1,0,0.9833626,1
13,39,0,0,0,0.0,0.0,0.0,0.0,0.0,0.0,13.884097,-1.0,2,-1,0,0.98142576,1
13,12,0,0,0,0.0,0.0,0.0,0.0,0.0,0.0,6.8822427,-1.0,2,-1,0,0.93198925,1
13,36,1,0,0,99.95357,-399.6768,151.0146,-0.0047415732,-0.034650467,-0.039065182,4.4035416,4.3375,2,-1,0,0.9706482,1
13,32,1,0,0,32.296562,452.2066,146.94212,-0.0054463586,-0.009359811,-0.010047333,3.4292915,3.386111,2,-1,0,0.78383964,1
13,32,1,1,0,32.296562,452.2066,146.94212,-0.0054463586,-0.009359811,-0.010047333,16.612242,16.271944,2,2,1,0.99647826,1
13,3,1,1,0,38.21308,293.72232,290.28137,-0.010828962,-0.0045282063,-0.017011197,24.62773,25.084723,2,3,1,0.9997309,1
13,21,1,1,0,-34.280952,-151.85753,75.97909,-0.0134152565,-0.009616364,0.022972189,20.561966,20.343334,2,4,1,0.9975655,1
13,21,1,0,0,-34.280952,-151.85753,75.97909,-0.0134152565,-0.009616364,0.022972189,6.043049,6.1855555,2,-1,0,0.9454571,1
13,9,1,0,0,-55.399685,-17.543589,339.51672,-0.03170284,-0.012315365,0.009641912,7.845271,7.92,2,-1,0,0.99168843,1
13,6,1,0,0,-55.42418,5.304085,225.36993,0.013088244,0.0044194446,-0.008281043,8.026236,7.916389,2,-1,0,0.9812726,1
13,9,1,0,0,-55.399685,-17.543589,339.51672,-0.03170284,-0.012315365,0.009641912,8.858729,9.060278,2,-1,0,0.99332607,1
13,6,1,1,0,-55.42418,5.304085,225.36993,0.013088244,0.0044194446,-0.008281043,9.449701,9.345834,2,-1,1,0.99963975,1
13,6,1,0,0,-55.42418,5.304085,225.36993,0.013088244,0.0044194446,-0.008281043,3.293729,3.2458334,2,-1,0,0.8554978,1
13,9,1,1,0,-55.399685,-17.543589,339.51672,-0.03170284,-0.012315365,0.009641912,26.480673,26.649723,2,5,1,0.99998283,1
13,32,0,0,0,0.0,0.0,0.0,0.0,0.0,0.0,3.6301665,3.6597223,2,-1,0,0.977765,1
13,14,1,0,0,100.65295,-472.09106,296.93542,-0.009311027,0.023624962,-0.0068477076,5.7517157,5.765,2,-1,0,0.98429525,1
13,29,1,1,0,-77.70366,557.9163,12.706451,0.012431872,0.0038836189,0.018201904,27.036528,27.30889,2,6,1,0.9977836,1
13,1,1,1,0,-76.92544,100.762245,343.8123,-0.0043323482,0.0028661771,0.024440559,10.255562,8.289166,2,7,1,0.9912032,1
13,1,1,0,0,-76.92544,100.762245,343.8123,-0.0043323482,0.0028661771,0.024440559,7.972833,7.9994445,2,-1,0,0.95501876,1
13,1,1,0,0,-76.92544,100.762245,343.8123,-0.0043323482,0.0028661771,0.024440559,8.029312,7.9627776,2,-1,0,0.989426,1
13,18,1,1,0,77.530525,-98.92277,269.41534,0.0069857207,-0.0060606035,-0.004002281,11.2526045,10.84,2,8,1,0.9866811,1
13,36,1,0,0,99.95357,-399.6768,151.0146,-0.0047415732,-0.034650467,-0.039065182,3.5056875,3.3922222,2,-1,0,0.94569004,1
13,9,1,0,0,-55.399685,-17.543589,339.51672,-0.03170284,-0.012315365,0.009641912,5.5956044,5.591111,2,-1,0,0.98408186,1
13,11,1,0,0,-92.26575,-178.08281,312.85455,0.000868549,0.0109530315,-0.01667306,3.7697086,3.731111,2,-1,0,0.94230074,1
13,14,1,0,0,100.65295,-472.09106,296.93542,-0.009311027,0.023624962,-0.0068477076,7.2144713,7.3177776,2,-1,0,0.99229044,1
13,11,1,1,0,-92.26575,-178.08281,312.85455,0.000868549,0.0109530315,-0.01667306,17.67177,17.633888,2,9,1,0.99138707,1
13,28,1,1,0,-92.927246,-451.62982,63.080708,-0.016726708,0.0048776525,0.015736822,24.734972,24.322222,2,10,1,0.9991284,1
13,36,1,1,0,99.95357,-399.6768,151.0146,-0.0047415732,-0.034650467,-0.039065182,54.664005,54.93111,2,11,1,0.99999654,1
13,14,1,1,0,100.65295,-472.09106,296.93542,-0.009311027,0.023624962,-0.0068477076,17.893633,18.107779,2,12,1,0.9985518,1
13,38,1,0,0,148.95435,372.4715,281.9448,-0.0030350739,0.054032125,-0.008572418,3.2329862,3.2430556,2,-1,0,0.9291527,1
13,10,0,0,0,0.0,0.0,0.0,0.0,0.0,0.0,15.830328,-1.0,2,-1,0,0.9919132,1
13,11,1,0,0,-92.26575,-178.08281,312.85455,0.000868549,0.0109530315,-0.01667306,4.1081386,4.1025,2,-1,0,0.99102813,1
13,34,1,1,0,119.94767,-2.369367,271.00018,-0.008685811,-0.021905933,-0.008688718,24.012062,23.31889,2,13,1,0.9884998,1
13,26,1,1,0,-119.52432,310.38184,251.14087,-0.026947081,-0.021018337,0.0057992423,20.027752,19.91639,2,14,1,0.98844075,1
13,40,1,1,0,-263.6424,516.3868,180.34515,0.0142700495,0.0020123906,-0.0004983097,5.499195,5.5936112,2,15,1,0.9621398,1
13,10,0,0,0,0.0,0.0,0.0,0.0,0.0,0.0,4.7698193,-1.0,2,-1,0,0.96255463,1
13,26,1,0,0,-119.52432,310.38184,251.14087,-0.026947081,-0.021018337,0.0057992423,17.38484,17.1425,2,-1,0,0.9563608,1
13,38,1,1,0,148.95435,372.4715,281.9448,-0.0030350739,0.054032125,-0.008572418,44.08657,43.754166,2,16,1,1.0,1
13,38,1,0,0,148.95435,372.4715,281.9448,-0.0030350739,0.054032125,-0.008572418,9.887986,9.8122225,2,-1,0,0.90518916,1
13,20,1,1,0,182.50917,-55.395184,262.13712,0.0020812186,-0.0030173843,0.010303202,11.713166,12.029166,2,17,1,0.9946155,1
13,31,1,0,0,-186.30794,200.5531,131.47472,0.004408347,-0.0031464845,-0.004036161,6.028139,6.145,2,-1,0,0.9706571,1
13,31,1,1,0,-186.30794,200.5531,131.47472,0.004408347,-0.0031464845,-0.004036161,6.9873753,6.7544446,2,18,1,0.99187136,1
13,16,1,0,0,-185.14522,-76.4913,385.07806,-0.025934689,0.0013426371,0.03288914,17.26122,15.140555,2,-1,0,0.99367285,1
13,16,1,1,0,-185.14522,-76.4913,385.07806,-0.025934689,0.0013426371,0.03288914,20.33954,20.445555,2,19,1,0.9639676,1
13,24,1,0,0,-197.27745,245.99126,228.76949,-0.018979335,-0.0144416485,-0.01604673,4.2388954,3.1275,2,-1,0,0.9837961,1
13,17,1,1,0,198.69215,-508.04547,355.0672,-0.005856623,0.0048003984,-0.021417271,20.698639,20.525555,2,20,1,0.9931538,1
13,24,1,0,0,-197.27745,245.99126,228.76949,-0.018979335,-0.0144416485,-0.01604673,4.15634,4.1444445,2,-1,0,0.9061479,1
13,24,1,1,0,-197.27745,245.99126,228.76949,-0.018979335,-0.0144416485,-0.01604673,15.011736,14.775,2,21,1,0.9931973,1
13,8,1,1,0,-201.08122,222.86873,96.369064,-0.023232609,0.009044997,-1.6658627e-05,19.015196,19.231945,2,22,1,0.9973533,1
13,8,1,0,0,-201.08122,222.86873,96.369064,-0.023232609,0.009044997,-1.6658627e-05,4.1555624,4.053056,2,-1,0,0.934838,1
13,37,1,1,0,-222.50813,-301.80035,417.44467,0.0034104027,0.009191508,0.036177013,36.303688,36.219723,2,23,1,0.9954265,1
13,33,1,1,0,-217.80296,455.9153,205.28572,-0.009255519,-0.011169216,0.000306921,15.080973,15.110556,2,24,1,0.97018933,1
13,30,1,1,0,-231.93936,259.92816,291.73404,-0.0003297873,-0.0070121265,-0.00071811967,6.5147915,6.3830557,2,25,1,0.99064016,1
13,4,1,1,0,238.22531,217.96251,422.55154,0.0056175133,0.001430733,0.00920898,4.508347,4.458611,2,26,1,0.9504739,1
13,4,1,0,0,238.22531,217.96251,422.55154,0.0056175133,0.001430733,0.00920898,2.6792707,2.6433334,2,-1,0,0.68558717,1
13,7,1,1,0,244.86966,479.26105,424.08304,0.006360458,-0.01286722,-0.0043201298,12.596133,12.161667,2,27,1,0.9821432,1
13,40,1,0,0,-263.6424,516.3868,180.34515,0.0142700495,0.0020123906,-0.0004983097,5.1519585,5.163611,2,-1,0,0.96882194,1
13,16,1,0,0,-185.14522,-76.4913,385.07806,-0.025934689,0.0013426371,0.03288914,3.7415278,3.6925,2,-1,0,0.8503714,1
13,13,1,1,0,263.3603,-38.655037,296.8001,-0.001162935,0.002939996,-0.014133859,9.742271,8.939167,2,28,1,0.95739317,1
13,2,1,0,0,-300.9607,-330.73163,74.514885,0.011811082,0.002121832,-0.014013514,3.76825,3.7025,2,-1,0,0.95863056,1
13,2,1,1,0,-300.9607,-330.73163,74.514885,0.011811082,0.002121832,-0.014013514,13.289708,13.309722,2,29,1,0.9996686,1
13,34,0,0,0,0.0,0.0,0.0,0.0,0.0,0.0,2.951486,2.8255556,2,-1,0,0.7984426,1
13,5,1,1,0,-303.79614,-209.0348,452.64658,0.004849828,-0.0073476504,-0.0043355054,10.052547,9.872222,2,30,1,0.9972543,1
13,27,1,1,0,-315.34747,-587.3507,247.59827,-0.012802411,-0.0057657645,-0.040888496,25.77193,25.938889,2,31,1,0.9945102,1
13,27,0,0,0,0.0,0.0,0.0,0.0,0.0,0.0,7.541722,-1.0,2,-1,0,0.99304056,1
13,15,1,1,0,-337.98907,-83.52604,255.26305,0.025397362,0.01322909,0.011374044,24.213146,23.2375,2,32,1,0.9962704,1
13,23,1,1,0,-341.21164,-577.42535,380.29416,0.022193719,0.0040042475,0.0017707312,16.441326,16.449167,2,33,1,0.9999527,1
13,23,1,0,0,-341.21164,-577.42535,380.29416,0.022193719,0.0040042475,0.0017707312,5.453806,5.4252777,2,-1,0,0.99115366,1
13,27,0,0,0,0.0,0.0,0.0,0.0,0.0,0.0,7.8515553,-1.0,2,-1,0,0.98191845,1
13,17,0,0,0,0.0,0.0,0.0,0.0,0.0,0.0,2.865,2.7997222,2,-1,0,0.5040351,1
14,23,1,1,0,-7.16277,-377.26584,257.17706,0.010949107,0.010343207,0.013411041,9.963591,10.072778,2,0,1,0.98892736,1
14,1,1,0,0,21.101332,-419.7464,397.472,-0.0048990604,0.0055016084,0.016908793,3.492028,3.4261112,2,-1,0,0.95828867,1
14,16,1,1,0,11.884146,177.93831,20.306253,-0.013846168,-0.011199942,-0.020524558,30.663855,30.325,2,1,1,0.9999758,1
14,28,1,1,0,12.783928,540.4117,405.77734,0.006055692,0.013447639,0.005798104,19.864368,17.4775,2,2,1,0.99993026,1
14,30,1,1,0,-15.971659,541.0736,344.48193,0.0048778467,0.00040530757,-0.035861414,20.557787,20.829721,2,3,1,0.99817085,1
14,7,1,1,0,-18.116198,-9.123807,297.12244,-0.00036052495,-0.0014910122,0.0027248086,3.855333,1.1797222,2,4,1,0.8871932,1
14,1,1,1,0,21.101332,-419.7464,397.472,-0.0048990604,0.0055016084,0.016908793,14.166562,13.7722225,2,5,1,0.98781335,1
14,30,1,0,0,-15.971659,541.0736,344.48193,0.0048778467,0.00040530757,-0.035861414,5.3855824,5.495,2,-1,0,0.9904302,1
14,2,1,0,0,96.71534,-356.39417,253.69832,-0.043773886,0.0016341731,0.012572325,10.51218,10.315556,2,-1,0,0.9714806,1
14,24,1,1,0,35.194336,-235.20288,434.97772,-0.013275288,-0.014004145,-0.0011386246,23.013659,22.974445,2,6,1,0.9861871,1
14,22,1,1,0,-43.61098,-100.99555,340.08893,-0.011119076,-0.020621663,-0.005878756,21.283112,16.721111,2,7,1,0.99798536,1
14,22,1,0,0,-43.61098,-100.99555,340.08893,-0.011119076,-0.020621663,-0.005878756,4.869083,4.7730556,2,-1,0,0.977589,1
14,5,1,1,0,47.664585,38.350548,362.56888,0.0063756825,0.018601919,0.005999943,18.021397,17.903334,2,8,1,0.98424757,1
14,5,1,0,0,47.664585,38.350548,362.56888,0.0063756825,0.018601919,0.005999943,4.0528336,4.0716667,2,-1,0,0.8213468,1
14,14,1,1,0,63.05343,-294.0021,423.77667,-0.005370612,-0.029233826,-0.009673633,31.763966,31.734722,2,9,1,0.90660536,1
14,29,1,1,0,67.388794,-330.2849,323.16406,0.010326429,0.02162089,-0.0021908195,22.654144,22.849167,2,10,1,0.99725974,1
14,10,1,0,0,-82.004265,-217.69508,112.90664,0.019406892,-0.008488396,0.0049972567,4.071833,4.165,2,-1,0,0.96696144,1
14,10,1,1,0,-82.004265,-217.69508,112.90664,0.019406892,-0.008488396,0.0049972567,23.897541,23.81889,2,11,1,0.99756503,1
14,35,1,1,0,-82.14343,-396.2372,354.93652,0.0126412995,-0.011277618,0.008352761,17.97825,16.314722,2,12,1,0.9797626,1
14,23,0,0,0,0.0,0.0,0.0,0.0,0.0,0.0,3.7828267,-1.0,2,-1,0,0.96078706,1
14,2,1,1,0,96.71534,-356.39417,253.69832,-0.043773886,0.0016341731,0.012572325,27.242722,27.164444,2,13,1,0.9961545,1
14,37,1,1,0,91.47451,-58.23368,82.651794,-0.00076807005,0.002898194,-0.013143899,16.066292,14.314167,2,14,1,0.996958,1
14,2,1,0,0,96.71534,-356.39417,253.69832,-0.043773886,0.0016341731,0.012572325,10.600152,10.471945,2,-1,0,0.9937597,1
14,38,1,1,0,-93.51309,195.39648,215.59895,0.007335583,0.0027972846,-0.020389069,13.039118,13.128056,2,15,1,0.968513,1
14,38,1,0,0,-93.51309,195.39648,215.59895,0.007335583,0.0027972846,-0.020389069,9.169403,9.116111,2,-1,0,0.9818996,1
14,32,1,1,0,99.07451,462.38635,299.00037,0.016251473,-0.013366215,0.0069359466,19.392008,17.751389,2,16,1,0.9860206,1
14,20,1,1,0,108.669464,80.31899,347.59918,-0.014257994,0.0048909173,0.007910413,8.702188,8.913055,2,17,1,0.99500054,1
14,20,1,0,0,108.669464,80.31899,347.59918,-0.014257994,0.0048909173,0.007910413,3.8575833,3.8497221,2,-1,0,0.924718,1
14,20,1,0,0,108.669464,80.31899,347.59918,-0.014257994,0.0048909173,0.007910413,4.5928125,4.5494447,2,-1,0,0.97771055,1
14,17,1,1,0,110.34801,137.09012,295.95895,-0.006787258,-0.012218365,0.003424395,14.975715,14.904722,2,18,1,0.99855846,1
14,4,1,1,0,-120.46954,594.89136,308.06302,-0.0020079643,0.005026401,0.005298269,8.547181,7.5344443,2,19,1,0.98986,1
14,33,1,0,0,-131.75182,161.44742,340.82434,-0.0002022372,-0.0039607617,-0.029980423,3.4867501,3.6311111,2,-1,0,0.9470898,1
14,18,1,0,0,-129.9568,-219.28416,134.98015,0.017082749,-0.018825239,0.019006316,10.3725,10.333333,2,-1,0,0.9763123,1
14,37,1,0,0,91.47451,-58.23368,82.651794,-0.00076807005,0.002898194,-0.013143899,3.2065277,3.1788888,2,-1,0,0.9130755,1
14,18,1,1,0,-129.9568,-219.28416,134.98015,0.017082749,-0.018825239,0.019006316,22.834047,22.821388,2,20,1,0.99492455,1
14,33,1,1,0,-131.75182,161.44742,340.82434,-0.0002022372,-0.0039607617,-0.029980423,24.285807,23.723888,2,21,1,0.97991747,1
14,33,1,0,0,-131.75182,161.44742,340.82434,-0.0002022372,-0.0039607617,-0.029980423,3.015847,2.9877777,2,-1,0,0.7106905,1
14,40,1,1,0,-145.97168,172.95091,371.71744,0.032899518,-0.0048679877,-0.006143934,36.216026,36.868332,2,22,1,0.9787806,1
14,39,0,0,0,0.0,0.0,0.0,0.0,0.0,0.0,38.834293,-1.0,2,-1,0,0.9988411,1
14,21,1,1,0,144.27939,202.18239,21.578176,-0.009315183,-0.009843211,0.0074523194,17.81132,17.870556,2,23,1,0.98517495,1
14,39,1,1,0,143.88573,-19.492704,163.44662,0.00533326,0.045746736,-0.04187473,15.289903,15.5125,2,-1,1,0.99373746,1
14,39,0,0,0,0.0,0.0,0.0,0.0,0.0,0.0,2.8086457,-1.0,2,-1,0,0.6195378,1
14,12,1,0,0,147.89508,287.3611,234.44107,0.0068719154,0.0116408095,-0.011977268,5.593403,2.7694445,2,-1,0,0.9957253,1
14,12,1,1,0,147.89508,287.3611,234.44107,0.0068719154,0.0116408095,-0.011977268,8.224209,8.131667,2,24,1,0.9954839,1
14,19,1,1,0,-159.48495,51.01795,186.83504,-0.0125154825,-0.0065535237,-0.010874742,15.8190775,14.801111,2,25,1,0.9999708,1
14,39,0,0,0,0.0,0.0,0.0,0.0,0.0,0.0,7.033604,-1.0,2,-1,0,0.9786396,1
14,19,1,0,0,-159.48495,51.01795,186.83504,-0.0125154825,-0.0065535237,-0.010874742,3.1259305,3.1688888,2,-1,0,0.7230613,1
14,27,1,1,0,169.38725,118.99203,136.43353,-0.005487665,-0.0076368265,0.025478195,13.956834,13.764167,2,26,1,0.9988412,1
14,27,1,0,0,169.38725,118.99203,136.43353,-0.005487665,-0.0076368265,0.025478195,10.244501,10.204166,2,-1,0,0.99940455,1
14,12,1,0,0,147.89508,287.3611,234.44107,0.0068719154,0.0116408095,-0.011977268,3.2098334,3.1530557,2,-1,0,0.85264355,1
14,15,1,1,0,199.4516,531.6735,134.98167,-0.01931815,-0.00041207552,0.02423077,27.732,27.555555,2,27,1,0.99775237,1
14,6,1,1,0,-212.12975,64.77079,414.27167,-0.0060401084,0.00067443115,0.01507263,17.609322,17.43111,2,28,1,0.99177366,1
14,13,1,1,0,240.15181,66.10339,439.6722,0.03617283,-0.00076975045,-0.015805239,26.462002,26.349445,2,29,1,0.98463506,1
14,36,1,1,0,257.4009,99.11105,446.71112,0.008714095,0.009505616,-0.0077698734,11.118305,11.228333,2,30,1,0.9790963,1
14,13,1,0,0,240.15181,66.10339,439.6722,0.03617283,-0.00076975045,-0.015805239,6.0462217,6.09,2,-1,0,0.97916347,1
14,34,1,1,0,-268.9993,22.963028,239.71645,-0.0010381156,-0.015970038,0.004731411,17.393625,14.535556,2,31,1,0.9909554,1
14,11,0,0,0,0.0,0.0,0.0,0.0,0.0,0.0,18.85644,-1.0,2,-1,0,0.9896763,1
14,9,1,1,0,-277.56793,-431.22336,182.5301,0.00053169846,0.014625929,-0.022292983,24.183992,23.566944,2,32,1,0.9975278,1
14,25,1,1,0,-288.19583,395.96262,209.31522,0.014758305,-0.011351038,-0.008625705,9.040994,9.050555,2,33,1,0.98756707,1
14,11,0,0,0,0.0,0.0,0.0,0.0,0.0,0.0,4.983792,0.21027778,2,-1,0,0.965749,1
14,25,1,0,0,-288.19583,395.96262,209.31522,0.014758305,-0.011351038,-0.008625705,9.137145,9.038055,2,-1,0,0.9919843,1
14,3,1,1,0,289.53415,482.8388,44.251877,0.004517964,0.030173833,0.0035750954,26.130083,13.781667,2,34,1,0.9953185,1
14,25,1,0,0,-288.19583,395.96262,209.31522,0.014758305,-0.011351038,-0.008625705,3.5228612,3.6902778,2,-1,0,0.91896755,1
14,26,0,0,0,0.0,0.0,0.0,0.0,0.0,0.0,17.29825,-1.0,2,-1,0,0.98544127,1
14,8,1,1,0,-323.3563,475.90207,442.0158,0.0017246549,0.0058276416,-0.00054272654,5.8036523,5.854722,2,35,1,0.9781551,1
14,31,1,1,0,-359.84952,358.8692,135.20827,0.0006763047,-0.012662513,0.00014448389,12.741708,12.5211115,2,36,1,0.9875968,1
15,25,1,1,0,-7.8534417,68.58232,425.74655,0.0018862513,0.014571725,-0.004774375,15.39607,15.3347225,2,0,1,0.9235712,1
15,8,1,1,0,11.865731,4.6886907,296.94403,-0.0032043483,0.011112261,0.0054619117,10.687944,10.909166,2,1,1,0.99859136,1
15,7,1,1,0,16.799042,223.58409,432.73386,-0.007858374,0.0075937286,-0.0127322255,19.338083,19.551945,2,2,1,0.9962406,1
15,24,1,1,0,20.720076,573.0444,388.0441,-0.0009458942,0.010337522,-0.016327627,13.011444,10.358611,2,3,1,0.998264,1
15,24,1,0,0,20.720076,573.0444,388.0441,-0.0009458942,0.010337522,-0.016327627,8.858223,8.882778,2,-1,0,0.9792219,1
15,18,1,1,0,23.331423,63.21606,169.49779,0.015215831,-0.019177187,-0.00017306983,20.961805,20.9025,2,4,1,0.99975973,1
15,22,1,1,0,33.50298,-364.39777,351.40945,0.008009447,-0.013774757,0.002761388,19.621834,19.52861,2,5,1,0.985946,1
15,5,1,1,0,-40.849297,-581.33276,49.792534,-0.019916855,0.020350413,0.027760755,23.999779,23.845556,2,6,1,0.9795364,1
15,5,1,0,0,-40.849297,-581.33276,49.792534,-0.019916855,0.020350413,0.027760755,14.469958,14.321389,2,-1,0,0.7138537,1
15,3,1,1,0,-52.613438,85.97776,15.495261,-0.0064693633,0.026545312,-0.0034021842,16.813965,16.679445,2,7,1,0.99412954,1
15,38,1,1,0,-52.22966,-297.55063,288.12778,-0.0009089586,0.025949582,0.00033833034,32.85523,28.669167,2,8,1,0.99771523,1
15,3,1,0,0,-52.613438,85.97776,15.495261,-0.0064693633,0.026545312,-0.0034021842,7.1947775,4.096667,2,-1,0,0.9947738,1
15,14,1,1,0,60.574913,-176.96654,69.92028,0.008167072,0.026618918,-0.008165037,15.747,15.660556,2,9,1,0.9986607,1
15,14,1,0,0,60.574913,-176.96654,69.92028,0.008167072,0.026618918,-0.008165037,10.325431,10.455556,2,-1,0,0.9920764,1
15,5,1,0,0,-40.849297,-581.33276,49.792534,-0.019916855,0.020350413,0.027760755,4.3609724,4.3344445,2,-1,0,0.93326205,1
15,14,1,0,0,60.574913,-176.96654,69.92028,0.008167072,0.026618918,-0.008165037,3.6307359,3.5825,2,-1,0,0.97500265,1
15,13,1,1,0,-74.6903,-106.293655,84.708244,-0.008375403,0.02705804,-0.00081967894,27.91664,18.855833,2,10,1,0.99427843,1
15,35,1,1,0,76.07061,-546.87317,332.88956,0.0017401442,0.020138206,-0.003750068,18.30914,18.233889,2,11,1,0.9281035,1
15,23,1,0,0,-80.99041,251.7088,100.83924,0.00030026337,-0.014238263,-0.028988175,13.119881,12.935278,2,-1,0,0.9926658,1
15,23,1,1,0,-80.99041,251.7088,100.83924,0.00030026337,-0.014238263,-0.028988175,18.11682,17.781944,2,12,1,0.9903172,1
15,21,1,1,0,79.176125,-12.999473,262.816,0.028614081,0.027850727,-0.0317452,38.31148,38.331944,2,13,1,1.0,1
15,13,1,0,0,-74.6903,-106.293655,84.708244,-0.008375403,0.02705804,-0.00081967894,3.5861526,3.566111,2,-1,0,0.8204461,1
15,21,1,0,0,79.176125,-12.999473,262.816,0.028614081,0.027850727,-0.0317452,17.845228,17.821388,2,-1,0,0.99363613,1
15,18,0,0,0,0.0,0.0,0.0,0.0,0.0,0.0,3.6164448,-1.0,2,-1,0,0.92325866,1
15,4,1,1,0,98.31412,93.2751,297.27335,0.017186685,-0.0077817664,0.007821268,19.401867,19.328056,2,14,1,0.9908194,1
15,32,1,1,0,102.300255,155.8742,413.60226,0.04296272,0.028347,-0.016733186,33.320667,49.08917,2,15,1,0.99265575,1
15,31,1,0,0,-108.04674,181.10838,78.67355,-0.013913448,0.01204957,0.012279747,5.1654863,5.2125,2,-1,0,0.9604511,1
15,17,1,1,0,106.61645,-226.76851,412.67084,-0.0048015714,-0.0004804438,0.008408171,9.268895,8.998611,2,16,1,0.9886896,1
15,31,1,1,0,-108.04674,181.10838,78.67355,-0.013913448,0.01204957,0.012279747,19.098652,19.193056,2,17,1,0.98030925,1
15,34,1,1,0,-111.009,-408.47177,257.98358,-0.0035744659,0.002197972,0.005123206,8.116973,2.827222,2,18,1,0.98011816,1
15,33,1,1,0,118.38361,267.24118,199.66368,0.0012832473,0.008348059,0.02184905,25.167244,25.169722,2,19,1,0.93224025,1
15,32,1,0,0,102.300255,155.8742,413.60226,0.04296272,0.028347,-0.016733186,13.127542,13.085834,2,-1,0,0.9722859,1
15,31,1,0,0,-108.04674,181.10838,78.67355,-0.013913448,0.01204957,0.012279747,3.333889,3.2766666,2,-1,0,0.91775405,1
15,16,1,1,0,-131.38658,-125.29461,340.39236,0.0069347317,0.008223986,-0.0018030964,11.310514,11.2575,2,20,1,0.9583906,1
15,9,1,0,0,-135.50356,47.71325,157.9027,0.009061175,0.010573461,0.015588503,11.446279,11.411667,2,-1,0,0.9857393,1
15,9,1,1,0,-135.50356,47.71325,157.9027,0.009061175,0.010573461,0.015588503,11.794757,11.858055,2,21,1,0.99671316,1
15,36,1,1,0,-136.7282,235.93764,240.02037,0.009627198,0.0073006256,0.009944991,14.913583,14.672778,2,22,1,0.94321024,1
15,33,1,0,0,118.38361,267.24118,199.66368,0.0012832473,0.008348059,0.02184905,3.3803961,3.3766668,2,-1,0,0.7615501,1
15,40,1,1,0,-175.99695,-551.9396,312.0336,0.009020737,-0.0233108,0.0055035697,28.381254,28.186388,2,23,1,0.9900669,1
15,15,1,1,0,-174.26706,423.49567,143.6926,-0.0060700653,-0.002692339,0.014416953,17.304667,17.196112,2,24,1,0.86084664,1
15,20,1,1,0,-176.9542,-190.77086,217.74644,-0.010281834,-0.007931141,0.010153975,16.078062,16.060833,2,25,1,0.98696136,1
15,1,1,0,0,-220.58029,41.081448,413.04584,-0.019829772,0.033143934,0.009883049,4.8529577,4.804167,2,-1,0,0.9969261,1
15,1,1,1,0,-220.58029,41.081448,413.04584,-0.019829772,0.033143934,0.009883049,22.63543,19.466944,2,26,1,0.9958553,1
15,30,1,0,0,221.57036,445.33136,352.40317,0.011690507,-0.013868759,-0.024596248,3.9258192,3.8852777,2,-1,0,0.9618931,1
15,19,1,1,0,223.99968,224.27266,106.17782,-0.011876341,0.005475082,-0.009892262,16.352943,16.132778,2,27,1,0.9340128,1
15,30,1,1,0,221.57036,445.33136,352.40317,0.011690507,-0.013868759,-0.024596248,16.70754,16.608612,2,28,1,0.99200493,1
15,30,1,0,0,221.57036,445.33136,352.40317,0.011690507,-0.013868759,-0.024596248,12.529959,12.266666,2,-1,0,0.99945444,1
15,1,1,0,0,-220.58029,41.081448,413.04584,-0.019829772,0.033143934,0.009883049,13.905833,14.09,2,-1,0,0.99179465,1
15,12,1,1,0,-238.90388,-173.81125,45.557938,0.01616725,0.007012248,0.022800768,26.19898,25.154444,2,29,1,0.96179986,1
15,1,1,0,0,-220.58029,41.081448,413.04584,-0.019829772,0.033143934,0.009883049,3.3437014,3.4402778,2,-1,0,0.8546685,1
15,12,1,0,0,-238.90388,-173.81125,45.557938,0.01616725,0.007012248,0.022800768,2.754972,2.8672223,2,-1,0,0.5326171,1
15,29,1,0,0,-253.97096,306.3411,389.25436,0.024959814,0.011767387,-0.027451763,8.909146,8.8122225,2,-1,0,0.98940116,1
15,29,1,1,0,-253.97096,306.3411,389.25436,0.024959814,0.011767387,-0.027451763,23.318775,23.009167,2,30,1,0.97483283,1
15,12,1,0,0,-238.90388,-173.81125,45.557938,0.01616725,0.007012248,0.022800768,3.495,3.4880555,2,-1,0,0.95109105,1
15,2,1,1,0,-264.90393,-393.0313,0.13100332,0.026338223,-0.00030787123,0.014069917,24.931757,25.084444,2,31,1,0.9987602,1
15,29,1,0,0,-253.97096,306.3411,389.25436,0.024959814,0.011767387,-0.027451763,3.9313054,3.9833333,2,-1,0,0.9614245,1
15,6,1,1,0,-272.45,337.15363,136.52164,0.014338779,-0.0038076271,-0.004004186,13.210139,12.985,2,32,1,0.97299564,1
15,27,1,0,0,-309.07864,114.921555,318.24826,0.007488276,-0.0024823318,0.0089315735,3.2368817,3.3952777,2,-1,0,0.7399456,1
15,39,1,1,0,284.12924,-43.211235,423.00055,-0.00911798,0.0047598435,0.008685704,14.52032,10.723333,2,33,1,0.96011895,1
15,10,1,1,0,-289.8027,324.34866,456.3588,0.002187651,-0.005996728,0.022803871,15.252826,15.2325,2,34,1,0.9950635,1
15,6,0,0,0,0.0,0.0,0.0,0.0,0.0,0.0,2.8791525,2.7980556,2,-1,0,0.50698227,1
15,26,0,0,0,0.0,0.0,0.0,0.0,0.0,0.0,3.6357915,-1.0,2,-1,0,0.89602286,1
15,26,0,0,0,0.0,0.0,0.0,0.0,0.0,0.0,4.650625,-1.0,2,-1,0,0.8695605,1
15,27,1,1,0,-309.07864,114.921555,318.24826,0.007488276,-0.0024823318,0.0089315735,11.819278,11.914722,2,35,1,0.98591053,1
15,11,1,1,0,324.5124,-455.60562,4.544537,-0.013339494,-0.003459179,-0.014278778,14.485328,14.630834,2,36,1,0.99659085,1
15,28,1,1,0,-324.86023,369.34818,130.70949,-0.007832062,0.014220342,0.024498215,22.182638,19.265556,2,37,1,0.99075,1
15,28,1,0,0,-324.86023,369.34818,130.70949,-0.007832062,0.014220342,0.024498215,7.1173816,7.1405554,2,-1,0,0.9467914,1
15,26,1,1,0,-352.54498,-528.39606,259.37442,0.05558198,-0.0075725475,-0.03251975,33.114815,33.870556,2,38,1,0.7876823,1
15,37,1,1,0,-343.2044,-589.96765,160.02797,-0.006992269,0.005549986,-0.008804332,10.295931,10.371111,2,39,1,0.9794082,1
15,7,1,0,0,-379.3973,483.15842,395.10333,-0.007858374,0.0075937286,-0.0127322255,4.1762223,4.244167,2,-1,0,0.9804621,1
16,20,1,0,0,16.308979,565.069,65.20276,-0.008008301,-0.02143216,-0.011172724,4.227972,4.3358335,2,-1,0,0.94285434,1
16,20,1,1,0,16.308979,565.069,65.20276,-0.008008301,-0.02143216,-0.011172724,29.6213,29.596111,2,0,1,0.9911876,1
16,28,1,0,0,-31.097422,-480.37506,392.8042,0.013013664,0.039873883,-0.014297154,6.5020137,6.424722,2,-1,0,0.99764556,1
16,14,1,1,0,26.49801,254.71014,227.62677,-0.01506466,0.010818416,-0.007449853,24.472279,24.049444,2,1,1,0.9976078,1
16,28,1,1,0,-31.097422,-480.37506,392.8042,0.013013664,0.039873883,-0.014297154,46.063835,46.323612,2,2,1,0.99956113,1
16,6,1,1,0,-31.441208,116.83656,285.4087,-0.004690616,0.012335911,-0.018363267,26.652987,26.748888,2,3,1,0.97579694,1
16,27,1,0,0,71.19533,555.6971,92.87974,0.0038779078,0.0072730402,0.016198274,3.0958543,3.0591667,2,-1,0,0.8550047,1
16,16,1,1,0,66.4169,514.68585,262.34076,-0.0031141036,-0.005111108,-0.019277552,20.648985,20.705833,2,4,1,0.974144,1
16,17,1,1,0,-71.57731,280.53036,0.76503307,-0.0017284374,-0.004062387,0.011184955,8.464499,8.442778,2,5,1,0.97494626,1
16,17,1,0,0,-71.57731,280.53036,0.76503307,-0.0017284374,-0.004062387,0.011184955,5.1893964,5.2225,2,-1,0,0.9771955,1
16,27,1,1,0,71.19533,555.6971,92.87974,0.0038779078,0.0072730402,0.016198274,14.970111,13.806389,2,6,1,0.9842775,1
16,9,1,0,0,92.27391,273.3025,16.969704,-0.0068597337,-0.0038474894,0.0070065623,5.9729795,6.078611,2,-1,0,0.99436283,1
16,33,1,1,0,89.67296,3.0353057,152.2459,0.012264716,-0.003669392,0.00012903413,7.6459446,7.6186113,2,-1,1,0.9607393,1
16,33,0,0,0,0.0,0.0,0.0,0.0,0.0,0.0,2.9186945,-1.0,2,-1,0,0.8832868,1
16,9,1,1,0,92.27391,273.3025,16.969704,-0.0068597337,-0.0038474894,0.0070065623,10.665049,10.821389,2,7,1,0.9934709,1
16,15,1,1,0,-113.27615,-134.98799,169.13345,0.009055918,-0.014548425,0.012280049,24.361376,24.341667,2,8,1,0.99509925,1
16,36,1,0,0,119.023445,264.63333,373.4315,0.020119904,0.029180977,1.1266027e-05,13.548979,0.5883333,2,-1,0,0.9987827,1
16,13,1,0,0,-127.17526,-401.09644,41.307693,0.013233784,0.029594816,0.031301595,8.0645485,8.096666,2,-1,0,0.9730411,1
16,36,1,1,0,119.023445,264.63333,373.4315,0.020119904,0.029180977,1.1266027e-05,17.235401,17.511667,2,9,1,0.99989617,1
16,13,1,0,0,-127.17526,-401.09644,41.307693,0.013233784,0.029594816,0.031301595,2.0971944,2.0494444,2,-1,0,0.5899587,1
16,13,1,1,0,-127.17526,-401.09644,41.307693,0.013233784,0.029594816,0.031301595,31.420444,30.535833,2,10,1,0.9866938,1
16,13,1,0,0,-127.17526,-401.09644,41.307693,0.013233784,0.029594816,0.031301595,3.970743,3.8611112,2,-1,0,0.9865428,1
16,36,1,0,0,119.023445,264.63333,373.4315,0.020119904,0.029180977,1.1266027e-05,7.1113887,7.033889,2,-1,0,0.97067386,1
16,7,1,1,0,139.69179,193.17368,143.95222,0.01518666,-0.01217257,0.006911903,19.471903,19.351389,2,11,1,0.994239,1
16,7,1,0,0,139.69179,193.17368,143.95222,0.01518666,-0.01217257,0.006911903,4.610194,4.6730556,2,-1,0,0.95478487,1
16,2,1,1,0,-142.10237,-214.48863,337.84927,-0.0012923806,0.008864436,0.0076866965,13.235577,13.293056,2,12,1,0.9965682,1
16,24,1,1,0,-156.05035,306.88272,283.3851,-0.010314103,0.0010844382,0.0037642461,11.94352,11.8758335,2,13,1,0.97394526,1
16,39,1,0,0,157.69905,198.58783,180.03241,0.027518027,0.017958097,-0.0016084391,12.573271,11.480833,2,-1,0,0.97100955,1
16,18,1,0,0,-168.51515,122.435165,251.90347,0.025559139,-0.017748907,0.008045534,3.493375,3.3697221,2,-1,0,0.5999372,1
16,36,1,0,0,119.023445,264.63333,373.4315,0.020119904,0.029180977,1.1266027e-05,5.5721107,5.568333,2,-1,0,0.9945215,1
16,18,1,1,0,-168.51515,122.435165,251.90347,0.025559139,-0.017748907,0.008045534,25.601889,25.4675,2,14,1,0.9972939,1
16,29,1,0,0,-164.49715,237.401,148.01862,-0.014970373,-0.0030589781,0.018100737,5.5311804,5.538889,2,-1,0,0.9273724,1
16,29,1,1,0,-164.49715,237.401,148.01862,-0.014970373,-0.0030589781,0.018100737,8.252,8.197222,2,15,1,0.9917755,1
16,29,1,0,0,-164.49715,237.401,148.01862,-0.014970373,-0.0030589781,0.018100737,4.975729,4.9505553,2,-1,0,0.9951786,1
16,18,1,0,0,-168.51515,122.435165,251.90347,0.025559139,-0.017748907,0.008045534,3.4128335,3.3530555,2,-1,0,0.81706285,1
16,10,1,1,0,-175.04318,234.3769,23.129341,0.012600065,0.009608143,-0.007381115,19.69625,19.758612,2,16,1,0.99830544,1
16,32,0,0,0,0.0,0.0,0.0,0.0,0.0,0.0,4.276375,-1.0,2,-1,0,0.5842561,1
16,32,0,0,0,0.0,0.0,0.0,0.0,0.0,0.0,9.723466,-1.0,2,-1,0,0.9931457,1
16,39,1,1,0,157.69905,198.58783,180.03241,0.027518027,0.017958097,-0.0016084391,17.359262,17.144444,2,17,1,0.99684215,1
16,12,1,1,0,186.9277,10.992204,370.80255,0.0023900573,0.008621389,0.01590341,15.3328,15.268333,2,18,1,0.99682885,1
16,29,1,0,0,-164.49715,237.401,148.01862,-0.014970373,-0.0030589781,0.018100737,4.381264,4.3880553,2,-1,0,0.98403984,1
16,39,1,0,0,157.69905,198.58783,180.03241,0.027518027,0.017958097,-0.0016084391,5.2090344,5.226389,2,-1,0,0.94331354,1
16,40,1,1,0,222.7708,-218.7007,163.96979,0.001447601,0.016297048,-0.017042294,24.695673,23.888334,2,19,1,0.9981172,1
16,25,1,0,0,222.95964,-184.35367,45.02005,-0.004055822,0.009509997,-0.022995358,9.157847,9.150556,2,-1,0,0.98097885,1
16,25,1,1,0,222.95964,-184.35367,45.02005,-0.004055822,0.009509997,-0.022995358,16.70859,16.796667,2,20,1,0.98472136,1
16,23,1,1,0,-227.4237,-506.74203,103.11523,0.0028731308,-0.02024258,0.012818819,14.579666,14.723333,2,21,1,0.9799556,1
16,30,1,1,0,237.87561,-3.7924066,365.45172,-0.024878155,-0.02176545,-0.007582852,19.412966,20.469166,2,22,1,0.9999589,1
16,4,0,0,0,0.0,0.0,0.0,0.0,0.0,0.0,22.644943,-1.0,2,-1,0,0.9847895,1
16,40,1,0,0,222.7708,-218.7007,163.96979,0.001447601,0.016297048,-0.017042294,4.6312566,4.672222,2,-1,0,0.983002,1
16,11,1,1,0,240.38173,-204.03015,345.006,-0.006167179,-0.0066669397,-0.006918358,11.50523,11.459167,2,23,1,0.9512178,1
16,26,1,0,0,245.78214,-553.6621,138.22226,-0.011244152,-0.009313384,-0.051657695,6.7272506,6.7444444,2,-1,0,0.9848859,1
16,26,1,0,0,245.78214,-553.6621,138.22226,-0.011244152,-0.009313384,-0.051657695,5.4578614,5.3541665,2,-1,0,0.89318544,1
16,26,1,0,0,245.78214,-553.6621,138.22226,-0.011244152,-0.009313384,-0.051657695,9.994493,9.993333,2,-1,0,0.9835194,1
16,26,1,1,0,245.78214,-553.6621,138.22226,-0.011244152,-0.009313384,-0.051657695,21.638542,20.608334,2,24,1,0.94602895,1
16,8,1,1,0,-288.52225,495.2747,304.35242,0.009409852,0.0017774343,0.013349589,16.138126,16.206112,2,25,1,0.9746041,1
16,22,1,1,0,288.3997,89.3847,348.44983,0.00462424,0.0056477888,-0.015142368,13.05391,13.178333,2,26,1,0.99327856,1
16,1,1,1,0,-290.34164,-13.103767,4.424924,0.006984487,0.00921503,-0.013292441,12.911681,13.174167,2,27,1,0.9856388,1
16,22,1,0,0,288.3997,89.3847,348.44983,0.00462424,0.0056477888,-0.015142368,3.58359,3.5877779,2,-1,0,0.9071512,1
16,22,1,0,0,288.3997,89.3847,348.44983,0.00462424,0.0056477888,-0.015142368,5.1536875,5.233333,2,-1,0,0.9894294,1
16,37,1,1,0,318.9186,-459.07065,356.29337,0.0008616232,-0.00075247814,-0.012209147,12.171549,11.834167,2,28,1,0.9796219,1
16,3,1,1,0,-327.25345,130.05211,117.75137,0.013924188,-0.0043934328,0.018250663,23.153702,23.029444,2,29,1,0.99235463,1
16,34,1,1,0,-344.3572,573.6508,271.81076,0.034371052,-0.011918903,0.009069517,25.19766,25.646944,2,30,1,0.97176546,1
16,34,1,0,0,-344.3572,573.6508,271.81076,0.034371052,-0.011918903,0.009069517,8.819875,8.829722,2,-1,0,0.9861239,1
16,19,1,1,0,348.6322,370.61072,303.95337,0.011593578,-0.006951099,-0.0051956773,14.505091,13.619445,2,31,1,0.9313656,1
16,21,1,1,0,353.48883,-567.7586,461.42468,0.007780635,0.021318408,0.01587918,3.5903888,2.2175,2,32,1,0.9173717,1
16,35,1,1,0,-356.68365,423.78946,5.0603085,-0.02420712,-0.0007443925,0.017398085,10.82209,10.730278,2,33,1,0.99020934,1
16,5,1,1,0,362.30923,578.5725,398.07883,-0.016664311,0.0025412287,-0.006198298,16.27496,16.3175,2,34,1,0.97861975,1
16,4,1,1,0,-515.02856,-396.61554,365.2985,-0.013096333,-0.017208064,-0.0044476716,4.7829933,4.82,2,35,1,0.9063595,1
17,26,1,1,0,6.5088406,481.39813,439.9491,-0.03051153,-0.009109895,-0.018278074,3.3030002,3.3419445,2,0,1,0.5905003,1
17,20,1,1,0,6.6229644,552.8817,81.27368,0.015311857,-0.02905609,0.007109487,25.556404,25.516388,2,1,1,0.9962475,1
17,7,1,1,0,7.5608873,322.26492,348.2154,0.0027715268,0.007949854,0.00978049,16.01459,15.954722,2,2,1,0.9885676,1
17,7,1,0,0,7.5608873,322.26492,348.2154,0.0027715268,0.007949854,0.00978049,4.243167,4.269722,2,-1,0,0.96514046,1
17,20,1,0,0,6.6229644,552.8817,81.27368,0.015311857,-0.02905609,0.007109487,14.348652,14.260278,2,-1,0,0.996917,1
17,8,1,1,0,12.403693,-381.61227,46.033657,0.0047773933,-0.0031978432,-0.0030325279,7.559041,7.116667,2,3,1,0.9663286,1
17,26,1,0,0,6.5088406,481.39813,439.9491,-0.03051153,-0.009109895,-0.018278074,3.268889,3.266389,2,-1,0,0.553604,1
17,18,1,1,0,2.6955988,-186.76694,340.82547,-0.008932797,-0.016476305,-0.00092856394,4.3180695,4.4055557,2,4,1,0.94849014,1
17,17,1,1,0,27.315184,-121.550545,132.71913,0.00816927,0.005766787,-0.021940418,15.690874,15.376389,2,5,1,0.9989749,1
17,17,1,0,0,27.315184,-121.550545,132.71913,0.00816927,0.005766787,-0.021940418,11.47682,11.463056,2,-1,0,0.98002213,1
17,11,1,0,0,-60.96712,-400.15237,20.484377,0.019056186,0.015030503,0.030271085,3.9673402,3.975,2,-1,0,0.8287705,1
17,4,1,1,0,-42.450687,487.3663,34.055042,0.008932116,-0.004593697,0.0017559294,12.156688,12.066389,2,6,1,0.88638306,1
17,11,1,1,0,-60.96712,-400.15237,20.484377,0.019056186,0.015030503,0.030271085,38.261837,40.18139,2,7,1,0.9988932,1
17,39,1,1,0,56.82485,519.5373,403.92218,0.01757717,0.0020802587,-0.009593849,21.672848,21.891388,2,8,1,0.9931886,1
17,32,1,1,0,-65.59012,-131.27325,244.24771,0.013886922,0.014080054,0.008544659,20.95826,20.973055,2,9,1,0.99999034,1
17,32,1,0,0,-65.59012,-131.27325,244.24771,0.013886922,0.014080054,0.008544659,2.8935416,2.9333334,2,-1,0,0.949519,1
17,6,1,1,0,80.099335,-558.4386,205.53294,-0.021055583,-0.023177814,-0.018538596,35.24654,34.931946,2,10,1,0.99647176,1
17,6,1,0,0,80.099335,-558.4386,205.53294,-0.021055583,-0.023177814,-0.018538596,4.301597,4.5288887,2,-1,0,0.96534383,1
17,30,1,0,0,-84.37335,-511.12842,17.233915,-0.003753196,-0.010754221,-0.0060087084,5.50584,5.6952777,2,-1,0,0.97663236,1
17,30,1,1,0,-84.37335,-511.12842,17.233915,-0.003753196,-0.010754221,-0.0060087084,10.071125,8.892222,2,11,1,0.94384676,1
17,37,1,1,0,130.41614,344.91617,63.7864,0.006361344,-0.008761102,-0.00047400326,8.284091,8.281389,2,12,1,0.9893455,1
17,14,1,1,0,89.43143,-360.54138,438.5593,0.0069070715,0.014325754,0.01637128,24.299944,23.545,2,13,1,0.99698645,1
17,15,1,1,0,-91.74844,80.54409,409.57336,-0.01675774,-0.008417809,0.008090149,15.453501,12.566667,2,14,1,0.9998362,1
17,10,1,1,0,93.73133,-37.877068,336.01886,-0.005188977,1.2500916e-05,-0.0048686955,4.965521,4.895278,2,15,1,0.9861995,1
17,15,1,0,0,-91.74844,80.54409,409.57336,-0.01675774,-0.008417809,0.008090149,8.690076,8.481944,2,-1,0,0.9902844,1
17,29,1,1,0,106.540665,-208.78314,7.49165,-0.012366468,-0.0044544926,-0.016015481,23.66572,23.729166,2,16,1,0.913368,1
17,1,1,1,0,117.92539,277.57422,65.49075,7.671367e-05,0.0017423461,-0.0027900839,3.2775068,3.3025,2,17,1,0.9146981,1
17,37,1,0,0,130.41614,344.91617,63.7864,0.006361344,-0.008761102,-0.00047400326,4.568361,4.5925,2,-1,0,0.96408236,1
17,21,1,1,0,-143.7579,369.6205,69.52158,-0.004829138,0.0027191234,-0.006605505,9.353235,9.384722,2,18,1,0.99112064,1
17,37,1,0,0,130.41614,344.91617,63.7864,0.006361344,-0.008761102,-0.00047400326,4.0496597,3.9066668,2,-1,0,0.9901064,1
17,33,1,1,0,-149.75952,-567.1841,366.26865,-0.0038593884,-0.0077051963,-0.022603856,15.169646,14.151667,2,19,1,0.992542,1
17,33,1,0,0,-149.75952,-567.1841,366.26865,-0.0038593884,-0.0077051963,-0.022603856,9.203667,9.177222,2,-1,0,0.98916817,1
17,23,1,1,0,-158.28639,-165.06659,215.49069,0.00081504433,0.009315026,-0.021459274,25.523779,25.639444,2,20,1,0.9819124,1
17,40,1,0,0,-160.31375,521.51184,388.5812,-0.01778763,-0.01098093,-0.0035478994,2.963986,2.9066668,2,-1,0,0.8447503,1
17,40,1,1,0,-160.31375,521.51184,388.5812,-0.01778763,-0.01098093,-0.0035478994,25.740221,23.049444,2,21,1,0.9947524,1
17,19,1,0,0,-186.2767,546.07434,362.9718,0.0044356952,0.024188267,5.6482037e-05,3.9165833,3.85,2,-1,0,0.96876,1
17,12,1,1,0,-179.68585,-447.4351,429.36078,-0.019285157,-0.027019173,0.002713036,29.071585,19.526945,2,22,1,0.9566794,1
17,12,1,0,0,-179.68585,-447.4351,429.36078,-0.019285157,-0.027019173,0.002713036,5.2894025,5.4052777,2,-1,0,0.9949091,1
17,19,1,1,0,-186.2767,546.07434,362.9718,0.0044356952,0.024188267,5.6482037e-05,21.156174,21.330833,2,23,1,0.9999223,1
17,34,1,0,0,210.24684,177.79546,275.56497,0.0051821894,-0.006622571,-0.02776752,5.1398754,5.060278,2,-1,0,0.9927297,1
17,34,1,0,0,210.24684,177.79546,275.56497,0.0051821894,-0.006622571,-0.02776752,4.041347,3.9519444,2,-1,0,0.9705396,1
17,22,0,0,0,0.0,0.0,0.0,0.0,0.0,0.0,15.555742,-1.0,2,-1,0,0.9822192,1
17,36,1,1,0,-198.65517,201.30246,75.73683,-0.024241762,-0.0028232692,-0.010916407,21.456493,21.562222,2,24,1,0.9903199,1
17,24,1,0,0,-227.95515,-588.54913,7.869058,-0.010400643,0.016481224,0.006059676,3.2030416,3.1630557,2,-1,0,0.7493769,1
17,2,1,0,0,-206.74837,-100.27776,43.61885,-0.023640743,0.0005038888,0.014162797,10.282271,10.461111,2,-1,0,0.91394925,1
17,34,1,1,0,210.24684,177.79546,275.56497,0.0051821894,-0.006622571,-0.02776752,21.479507,21.272778,2,25,1,0.9993625,1
17,34,1,0,0,210.24684,177.79546,275.56497,0.0051821894,-0.006622571,-0.02776752,4.2079377,3.3019445,2,-1,0,0.93660665,1
17,3,1,1,0,-218.6779,358.85764,301.34915,0.00012232286,0.008128479,0.01065229,13.332826,13.425278,2,-1,1,0.9951348,1
17,2,1,1,0,-206.74837,-100.27776,43.61885,-0.023640743,0.0005038888,0.014162797,14.471187,14.485556,2,26,1,0.9461883,1
17,24,1,1,0,-227.95515,-588.54913,7.869058,-0.010400643,0.016481224,0.006059676,15.965855,10.3925,2,27,1,0.9953517,1
17,35,1,1,0,229.78087,23.694248,45.054237,0.0037594538,-0.00052872824,0.0128421215,14.054464,14.160833,2,28,1,0.9942847,1
17,5,1,1,0,-246.59047,-339.90176,138.64093,-0.0018512042,0.00033582997,0.0037466625,3.969153,3.4222221,2,29,1,0.94685215,1
17,28,1,0,0,-287.96378,126.92789,18.735367,-0.0060536065,0.00091125193,0.003814783,3.7902846,3.9205556,2,-1,0,0.9691741,1
17,9,1,1,0,290.12967,-391.93478,191.49991,-0.017877469,-0.0010670102,0.015885657,21.995035,22.018333,2,30,1,0.998781,1
17,28,1,1,0,-287.96378,126.92789,18.735367,-0.0060536065,0.00091125193,0.003814783,7.2229786,2.1125,2,31,1,0.9766718,1
17,31,1,1,0,-323.3121,280.35626,265.67923,0.014100038,-0.035683457,0.0075920643,19.983305,19.914444,2,32,1,0.98119503,1
17,25,1,1,0,-328.74957,497.40924,69.150795,0.04626271,0.01720853,0.0043152194,26.667137,49.639446,2,33,1,0.84992385,1
17,31,1,0,0,-323.3121,280.35626,265.67923,0.014100038,-0.035683457,0.0075920643,14.471888,14.227222,2,-1,0,0.97272015,1
17,13,1,1,0,326.74646,-17.400389,424.19058,0.0037124513,-0.008479636,-0.013593837,9.092333,9.038055,2,34,1,0.9907121,1
17,13,1,0,0,326.74646,-17.400389,424.19058,0.0037124513,-0.008479636,-0.013593837,4.8325276,4.7730556,2,-1,0,0.97435045,1
17,16,1,0,0,-343.2382,550.1541,336.72183,0.008567819,-0.0057924767,0.008138097,3.0863678,3.1902778,2,-1,0,0.65250903,1
17,16,1,1,0,-343.2382,550.1541,336.72183,0.008567819,-0.0057924767,0.008138097,10.92109,10.901667,2,35,1,0.9407434,1
17,27,1,1,0,-356.207,111.10971,17.137596,0.006189466,0.018203253,-0.00035364102,17.351715,17.323334,2,36,1,0.97954124,1
17,38,1,1,0,361.073,257.36737,457.92328,-0.0033084075,-0.0019056055,0.02375039,9.100813,9.100278,2,37,1,0.98814476,1
18,11,1,1,0,-5.3195057,446.6632,134.52434,-0.010449008,1.15806915e-05,0.0014703736,11.79807,11.829722,2,0,1,0.9798149,1
18,4,1,1,0,-11.939786,-451.33536,249.89165,0.0036834818,-0.004130733,-0.008965807,13.705743,13.632778,2,1,1,0.96495825,1
18,2,1,1,0,-18.42441,-530.53357,190.31123,-0.00821382,0.035238855,0.011780746,47.9425,45.927223,2,2,1,0.99960595,1
18,20,1,0,0,29.350544,226.25143,426.61124,-0.027704325,0.0054942905,0.006531389,7.9151673,8.026667,2,-1,0,0.95218426,1
18,9,0,0,0,0.0,0.0,0.0,0.0,0.0,0.0,4.1950765,-1.0,2,-1,0,0.96557426,1
18,20,1,1,0,29.350544,226.25143,426.61124,-0.027704325,0.0054942905,0.006531389,9.778535,9.820278,2,-1,1,0.9762572,1
18,3,1,1,0,-28.27545,457.77805,255.4338,-0.0043280446,0.0044863056,-0.0023226873,7.3737707,7.496111,2,3,1,0.9896477,1
18,9,0,0,0,0.0,0.0,0.0,0.0,0.0,0.0,32.66398,-1.0,2,-1,0,0.96303445,1
18,19,1,1,0,-39.59439,-506.34714,138.69054,-0.0062370114,0.0016315709,0.015576419,14.250202,12.501945,2,4,1,0.9749716,1
18,19,1,0,0,-39.59439,-506.34714,138.69054,-0.0062370114,0.0016315709,0.015576419,5.264667,5.332222,2,-1,0,0.97565174,1
18,33,1,1,0,-64.79395,3.719975,409.46017,0.0009579844,0.0001893571,0.00332891,3.6374445,3.571389,2,5,1,0.87279797,1
18,23,1,1,0,-68.8281,433.7017,442.81818,-0.003120361,0.018170685,0.017325098,26.27189,26.49639,2,6,1,0.96086556,1
18,29,1,0,0,84.2517,439.96075,6.5015445,-0.008410924,-0.040693067,0.004644749,14.959368,15.043612,2,-1,0,0.99135953,1
18,29,1,1,0,84.2517,439.96075,6.5015445,-0.008410924,-0.040693067,0.004644749,24.222042,24.325556,2,7,1,0.99989057,1
18,29,1,0,0,84.2517,439.96075,6.5015445,-0.008410924,-0.040693067,0.004644749,4.908889,4.937222,2,-1,0,0.8793671,1
18,7,1,1,0,103.59038,529.55707,76.095695,-0.0064135105,-0.002959977,-0.009327536,9.357931,9.325,2,8,1,0.9989931,1
18,14,1,1,0,124.61802,146.0297,266.69766,0.015503959,0.013292912,0.020770177,17.55543,17.44861,2,9,1,0.9948462,1
18,14,1,0,0,124.61802,146.0297,266.69766,0.015503959,0.013292912,0.020770177,4.7173333,4.3722224,2,-1,0,0.99364907,1
18,14,1,0,0,124.61802,146.0297,266.69766,0.015503959,0.013292912,0.020770177,3.2883334,3.2519445,2,-1,0,0.94449127,1
18,1,1,1,0,149.7687,224.29965,409.2162,0.002923831,0.030044064,0.019253936,26.297138,24.88611,2,10,1,0.99844176,1
18,1,1,0,0,149.7687,224.29965,409.2162,0.002923831,0.030044064,0.019253936,7.533326,7.4852777,2,-1,0,0.9773846,1
18,25,1,1,0,-150.0826,218.17847,212.21722,-0.027692733,0.015319619,-0.0012107006,18.688494,18.916945,2,11,1,0.9979551,1
18,22,0,0,0,0.0,0.0,0.0,0.0,0.0,0.0,8.417097,-1.0,2,-1,0,0.98917717,1
18,27,1,1,0,161.95866,346.33972,454.94406,-0.016520342,0.0023841234,-0.004264366,19.547556,19.434723,2,12,1,0.9885328,1
18,1,1,0,0,149.7687,224.29965,409.2162,0.002923831,0.030044064,0.019253936,2.8645833,2.941111,2,-1,0,0.73860365,1
18,25,1,0,0,-150.0826,218.17847,212.21722,-0.027692733,0.015319619,-0.0012107006,3.0072362,2.9569445,2,-1,0,0.6898516,1
18,40,1,1,0,-174.56438,260.93207,431.281,-0.0046829386,-0.008511818,0.0055328007,11.257251,9.961945,2,13,1,0.99484235,1
18,36,1,1,0,-176.08954,358.2673,94.5316,-0.0115163,0.007403082,0.0060549374,8.828965,8.818611,2,14,1,0.99014217,1
18,5,1,1,0,188.52597,-484.40765,152.47829,-0.007758702,0.0124416165,-0.0045091677,16.765118,16.953056,2,15,1,0.9268326,1
18,5,1,0,0,188.52597,-484.40765,152.47829,-0.007758702,0.0124416165,-0.0045091677,3.6499443,3.646111,2,-1,0,0.915479,1
18,36,1,0,0,-176.08954,358.2673,94.5316,-0.0115163,0.007403082,0.0060549374,4.615632,4.7391667,2,-1,0,0.9833167,1
18,6,1,1,0,198.06993,-485.61295,215.05652,0.0033676587,-0.026219917,-0.001911066,26.74875,26.975277,2,16,1,0.97552377,1
18,35,0,0,0,0.0,0.0,0.0,0.0,0.0,0.0,10.250082,-1.0,2,-1,0,0.976404,1
18,21,1,1,0,-212.71829,119.801414,2.4270563,0.0006963666,0.0003656231,-0.0050866087,5.0692086,4.9283333,2,18,1,0.9807365,1
18,30,1,1,0,217.47784,-60.49285,407.6802,0.004406495,0.0023815245,-0.0057105613,7.9628744,7.9911113,2,19,1,0.9782597,1
18,10,1,1,0,-227.57205,512.8527,311.49054,0.02192423,0.018992223,0.0149089685,36.356064,36.40889,2,20,1,1.0,1
18,25,1,0,0,-150.0826,218.17847,212.21722,-0.027692733,0.015319619,-0.0012107006,4.5852985,4.7808332,2,-1,0,0.9838974,1
18,37,1,1,0,233.3909,33.149834,312.21475,0.010069634,-0.025293216,0.008130462,16.741167,16.855278,2,21,1,0.9617596,1
18,37,1,0,0,233.3909,33.149834,312.21475,0.010069634,-0.025293216,0.008130462,11.966437,11.902778,2,-1,0,0.98294544,1
18,32,1,1,0,245.8316,357.2537,443.45978,-0.008136054,0.009827551,0.016555918,20.493055,20.570555,2,22,1,0.963222,1
18,13,1,0,0,-239.514,488.31555,92.15647,-0.0037754409,0.009146838,0.0022407237,4.182653,4.326389,2,-1,0,0.99189997,1
18,24,1,1,0,247.63353,389.93436,87.6949,-0.002224709,-0.019716885,0.0037205096,22.116562,20.709444,2,23,1,0.9983589,1
18,12,1,0,0,250.67096,595.0123,241.98116,-0.0060930164,-0.0003475358,-0.008874701,5.0000763,1.6416667,2,-1,0,0.99207896,1
18,12,1,1,0,250.67096,595.0123,241.98116,-0.0060930164,-0.0003475358,-0.008874701,7.181361,7.1669445,2,24,1,0.97307736,1
18,39,1,1,0,-261.57388,-344.13153,64.306465,0.012133529,-0.028100133,0.017752182,35.494053,35.170277,2,25,1,0.9976985,1
18,16,1,1,0,262.63605,211.63632,25.056204,0.009084327,-0.01500836,0.0026013306,15.125521,11.293333,2,26,1,0.947183,1
18,16,1,0,0,262.63605,211.63632,25.056204,0.009084327,-0.01500836,0.0026013306,6.7046385,6.8475,2,-1,0,0.9979457,1
18,34,1,1,0,270.21857,164.85417,86.60942,0.011971223,0.005415589,-0.0038421873,10.148396,10.113334,2,27,1,0.76674813,1
18,34,1,0,0,270.21857,164.85417,86.60942,0.011971223,0.005415589,-0.0038421873,3.7841666,3.7852778,2,-1,0,0.9623128,1
18,8,1,1,0,-285.36536,55.74604,148.37976,0.016536387,-0.012954048,-0.03202293,36.38473,36.425278,2,28,1,0.99197066,1
18,26,1,1,0,-279.61774,-148.58252,249.70825,-0.016193915,0.006744659,-0.010842113,16.620174,16.548334,2,29,1,0.99707055,1
18,26,1,0,0,-279.61774,-148.58252,249.70825,-0.016193915,0.006744659,-0.010842113,4.553848,4.5630555,2,-1,0,0.976004,1
18,17,0,0,0,0.0,0.0,0.0,0.0,0.0,0.0,24.301168,-1.0,2,-1,0,0.99246866,1
18,31,1,1,0,315.24524,-342.24377,29.258535,0.014050027,0.01356514,0.029055463,30.673416,30.465279,2,30,1,0.98861724,1
18,18,1,1,0,330.029,-381.9438,299.061,0.0189461,0.028809087,-0.008516355,32.31244,32.252224,2,31,1,0.9580296,1
18,28,1,1,0,-352.96332,-90.412926,378.9708,0.018522212,0.02352505,0.030207872,20.32716,20.302778,2,32,1,0.99217427,1
18,15,1,1,0,-344.65497,-225.43427,129.53902,0.010933584,-0.008943747,0.013412919,16.435133,16.631666,2,33,1,0.99560744,1
18,28,1,0,0,-352.96332,-90.412926,378.9708,0.018522212,0.02352505,0.030207872,19.467464,19.709444,2,-1,0,0.8916,1
18,26,0,0,0,0.0,0.0,0.0,0.0,0.0,0.0,3.0872917,3.0144444,2,-1,0,0.87945586,1
18,13,1,1,0,-353.1256,270.9972,331.8632,-0.0037754409,0.009146838,0.0022407237,9.804444,6.256111,2,34,1,0.99284536,1
19,15,1,1,0,14.928909,-573.8187,153.15399,9.5249e-05,-0.0069473553,0.004006277,8.98418,8.475278,2,0,1,0.9876895,1
19,26,0,0,0,0.0,0.0,0.0,0.0,0.0,0.0,3.6156669,3.525,2,-1,0,0.8396262,1
19,29,1,1,0,26.631313,243.86496,6.50931,0.0102653885,-0.00047031263,0.022766562,26.641161,24.715834,2,1,1,0.9996551,1
19,27,1,1,0,-33.327736,-355.9084,117.44045,0.0014330379,0.006503419,0.010060848,12.842548,12.76,2,2,1,0.9893813,1
19,4,1,0,0,40.741844,5.0598536,101.25519,-0.021451192,0.002864598,0.0020558645,3.0225,3.1491666,2,-1,0,0.8605675,1
19,39,1,1,0,45.238503,421.9485,26.94324,0.0019046142,0.013425708,0.00033473677,16.095133,16.469166,2,3,1,0.99916506,1
19,4,1,1,0,40.741844,5.0598536,101.25519,-0.021451192,0.002864598,0.0020558645,5.2035694,5.2188888,2,4,1,0.914158,1
19,23,1,0,0,-51.985737,-492.1731,460.6501,-0.015833588,-0.009454672,0.011802721,6.4143195,6.3625,2,-1,0,0.99793065,1
19,23,1,1,0,-51.985737,-492.1731,460.6501,-0.015833588,-0.009454672,0.011802721,14.887236,15.073611,2,5,1,0.9850722,1
19,3,1,1,0,77.38683,-464.55087,450.8796,-0.00017001301,0.017675519,-0.01015715,22.905165,22.925278,2,6,1,0.9971865,1
19,36,1,1,0,79.17521,-55.979282,314.1785,-0.0032196888,0.0036359932,-0.0028024518,6.488403,6.5444446,2,7,1,0.98847044,1
19,33,1,1,0,-80.5819,-124.54048,424.7625,0.0008420417,0.0068288357,-0.0074732495,7.0279307,5.3108335,2,8,1,0.91514677,1
19,3,1,0,0,77.38683,-464.55087,450.8796,-0.00017001301,0.017675519,-0.01015715,4.5948887,4.7294445,2,-1,0,0.94328624,1
19,5,1,1,0,-98.01405,-503.972,460.36823,0.007211277,0.0027392865,0.019476105,7.6846247,7.192222,2,9,1,0.9985555,1
19,22,1,0,0,-124.79682,539.1243,182.49576,0.030202959,-0.016234158,-0.013259963,6.04509,5.911667,2,-1,0,0.9905319,1
19,22,1,1,0,-124.79682,539.1243,182.49576,0.030202959,-0.016234158,-0.013259963,30.290525,29.859722,2,10,1,0.9727815,1
19,9,1,1,0,122.73715,-462.5704,262.3335,-0.004315184,-0.025711747,0.00065399654,16.245832,16.128334,2,11,1,0.9737621,1
19,9,1,0,0,122.73715,-462.5704,262.3335,-0.004315184,-0.025711747,0.00065399654,8.444083,8.574166,2,-1,0,0.99728465,1
19,7,1,1,0,-138.20828,-366.43042,268.65952,-0.017721334,-0.009081269,0.0006307537,10.956805,11.122778,2,12,1,0.9427646,1
19,8,1,1,0,-154.47604,377.99457,271.90567,-0.007088836,-0.0032085779,0.014390277,12.387702,10.902778,2,13,1,0.98437405,1
19,8,1,0,0,-154.47604,377.99457,271.90567,-0.007088836,-0.0032085779,0.014390277,4.043889,4.0,2,-1,0,0.96586823,1
19,24,1,1,0,163.75769,589.38635,414.9073,-0.011994275,0.017013455,0.00852848,24.65661,23.720278,2,14,1,0.9965084,1
19,6,1,1,0,-164.12108,544.6795,379.86932,-0.001847273,0.015896743,0.004435491,19.820639,15.942223,2,15,1,0.98884684,1
19,34,1,1,0,-173.0214,484.88303,304.59854,-0.007938742,0.020751517,0.025378054,21.06127,21.59639,2,16,1,0.9407638,1
19,34,1,0,0,-173.0214,484.88303,304.59854,-0.007938742,0.020751517,0.025378054,7.4932084,7.535,2,-1,0,0.9461634,1
19,11,1,0,0,186.5436,-91.60715,129.47832,-0.021778274,-0.0046183118,0.010319031,5.1547365,5.2055554,2,-1,0,0.98538417,1
19,40,1,0,0,-259.22598,336.03506,7.0054336,0.039216798,-0.04196581,0.010672249,3.6767988,3.6305556,2,-1,0,0.9556279,1
19,11,1,1,0,186.5436,-91.60715,129.47832,-0.021778274,-0.0046183118,0.010319031,11.293181,11.196389,2,17,1,0.9646765,1
19,11,1,0,0,186.5436,-91.60715,129.47832,-0.021778274,-0.0046183118,0.010319031,10.114368,10.001667,2,-1,0,0.9403996,1
19,20,1,0,0,207.32573,328.9563,210.07278,-0.008930117,-0.008972394,0.0074499007,2.8240001,2.8777778,2,-1,0,0.51184773,1
19,34,1,0,0,-173.0214,484.88303,304.59854,-0.007938742,0.020751517,0.025378054,4.362014,4.269722,2,-1,0,0.9394687,1
19,12,1,1,0,-195.39325,184.21594,289.14417,-0.0040295487,-0.002833006,-0.0065422878,8.294598,4.7541666,2,18,1,0.97694564,1
19,7,1,0,0,-138.20828,-366.43042,268.65952,-0.017721334,-0.009081269,0.0006307537,9.652966,9.775,2,-1,0,0.96749276,1
19,31,1,1,0,-199.38863,-300.99045,94.844444,-0.023854442,0.0025416904,-0.03374902,36.98235,36.94472,2,19,1,0.94760513,1
19,20,1,1,0,207.32573,328.9563,210.07278,-0.008930117,-0.008972394,0.0074499007,9.136361,9.072222,2,20,1,0.9942054,1
19,26,1,1,0,-211.4696,482.57507,3.2032375,-0.0007090059,-0.004017303,0.025796052,21.064575,21.074722,2,21,1,0.9871106,1
19,13,1,1,0,-224.94745,201.41394,194.27266,0.03152422,-0.017123293,0.01811143,24.791098,24.72139,2,22,1,0.99794286,1
19,26,1,0,0,-211.4696,482.57507,3.2032375,-0.0007090059,-0.004017303,0.025796052,4.158139,4.212222,2,-1,0,0.9506175,1
19,21,1,1,0,224.33882,512.84375,408.87152,-0.024920806,-0.0018490893,-0.0030560172,23.564249,23.671112,2,23,1,0.9983342,1
19,13,1,0,0,-224.94745,201.41394,194.27266,0.03152422,-0.017123293,0.01811143,13.900958,13.271944,2,-1,0,0.945512,1
19,35,1,1,0,-223.27147,-532.2311,167.44046,0.0055370033,-0.003907351,-0.007694027,10.9475975,10.835,2,24,1,0.98096,1
19,31,1,0,0,-199.38863,-300.99045,94.844444,-0.023854442,0.0025416904,-0.03374902,3.5234723,3.5797222,2,-1,0,0.99446684,1
19,14,1,1,0,-230.5219,479.69113,443.57346,-0.0038886634,-0.019451816,-0.008272279,13.431319,13.4925,2,25,1,0.99785453,1
19,16,1,1,0,-229.26816,563.8956,84.101494,-0.015831092,-0.0037834255,0.005914324,17.355318,17.198334,2,26,1,0.98749113,1
19,14,1,0,0,-230.5219,479.69113,443.57346,-0.0038886634,-0.019451816,-0.008272279,9.574812,5.771389,2,-1,0,0.9836473,1
19,40,1,0,0,-259.22598,336.03506,7.0054336,0.039216798,-0.04196581,0.010672249,12.014757,11.759444,2,-1,0,0.9975382,1
19,30,1,1,0,-244.22859,-519.07697,15.08267,0.004163564,-0.0011711165,0.0029515405,4.788611,4.7255554,2,27,1,0.99215335,1
19,18,1,0,0,-258.84634,19.917454,184.99348,0.027541852,0.016875813,-0.013281748,10.712077,10.572778,2,-1,0,0.9905015,1
19,10,1,1,0,244.55049,-525.2915,419.34406,-0.0029403537,-0.008835095,-0.018383402,9.922326,9.966389,2,28,1,0.97736937,1
19,10,1,0,0,244.55049,-525.2915,419.34406,-0.0029403537,-0.008835095,-0.018383402,6.559604,6.5869446,2,-1,0,0.9895415,1
19,2,1,1,0,-256.11847,-156.30603,10.911615,0.009536135,-0.025938215,-0.008835912,18.13057,18.203611,2,29,1,0.97580326,1
19,40,1,1,0,-259.22598,336.03506,7.0054336,0.039216798,-0.04196581,0.010672249,31.532278,31.256111,2,30,1,0.9989498,1
19,18,1,1,0,-258.84634,19.917454,184.99348,0.027541852,0.016875813,-0.013281748,16.14996,16.261944,2,31,1,0.9505936,1
19,18,1,0,0,-258.84634,19.917454,184.99348,0.027541852,0.016875813,-0.013281748,4.7233057,4.6394444,2,-1,0,0.96935064,1
19,19,1,0,0,299.90054,-249.31516,28.646284,-0.011543094,-0.020320147,-0.0076354174,7.4925,7.605,2,-1,0,0.9808189,1
19,37,1,1,0,280.30786,-332.60556,328.97708,0.00039634336,-0.010131215,-0.0050823893,8.066944,6.8883333,2,32,1,0.98612946,1
19,1,1,0,0,293.0573,-444.65704,425.11588,0.00790812,-0.0015928574,0.012948143,5.723472,5.653333,2,-1,0,0.83237016,1
19,1,1,1,0,293.0573,-444.65704,425.11588,0.00790812,-0.0015928574,0.012948143,7.7504444,7.7802777,2,33,1,0.9923402,1
19,19,1,1,0,299.90054,-249.31516,28.646284,-0.011543094,-0.020320147,-0.0076354174,16.767668,16.849445,2,34,1,0.99321556,1
19,32,1,1,0,-321.7227,352.96277,302.96848,-0.02233615,-0.025036065,0.010433809,22.787722,20.962778,2,35,1,0.99873334,1
19,32,1,0,0,-321.7227,352.96277,302.96848,-0.02233615,-0.025036065,0.010433809,2.8110836,2.8105555,2,-1,0,0.55644214,1
19,38,1,1,0,335.786,-167.56746,354.7373,0.0067444597,0.018611519,0.012275392,16.679083,16.919167,2,36,1,0.98413175,1
19,28,1,1,0,337.70312,-72.31341,250.58888,-0.014668855,-0.020180447,-0.0019799147,19.24352,19.234167,2,37,1,0.92784667,1
19,38,1,0,0,335.786,-167.56746,354.7373,0.0067444597,0.018611519,0.012275392,6.834875,2.7013888,2,-1,0,0.98336166,1
19,17,0,0,0,0.0,0.0,0.0,0.0,0.0,0.0,3.469903,-1.0,2,-1,0,0.94703555,1
19,17,0,0,0,0.0,0.0,0.0,0.0,0.0,0.0,10.934597,-1.0,2,-1,0,0.99805,1
19,7,1,0,0,-116.03083,-526.25964,513.51324,-0.017721334,-0.009081269,0.0006307537,9.405479,9.441944,2,-1,0,0.9933262,1
