file_index,event,is_marley,is_main_track,is_es_interaction,pos_x,pos_y,pos_z,momentum_x,momentum_y,momentum_z,cluster_energy,particle_energy,plane_id,match_id,true_label,prediction_prob,predicted_label
0,18,0,0,0,0.0,0.0,0.0,0.0,0.0,0.0,2.0253334,2.1683333,2,-1,0,0.062290665,0
0,30,0,0,1,-52.80971,538.34515,396.84537,0.021048168,-0.029732447,0.008873143,3.3576388,3.1494443,2,-1,0,0.92904073,1
0,11,0,0,0,0.0,0.0,0.0,0.0,0.0,0.0,2.1067083,2.0475,2,-1,0,0.1262409,0
0,4,0,0,0,0.0,0.0,0.0,0.0,0.0,0.0,2.562736,2.6183333,2,-1,0,0.13749471,0
0,24,1,1,1,-26.889988,-144.85716,206.37747,0.0043296153,-0.0064729145,0.0029211105,6.775708,6.9166665,2,0,1,0.974535,1
0,35,1,1,1,28.590717,-14.214502,155.31882,0.005301317,-0.004330958,0.00015119869,7.6542287,7.7894444,2,1,1,0.9891593,1
0,11,0,0,0,0.0,0.0,0.0,0.0,0.0,0.0,2.028243,2.0247223,2,-1,0,0.057990488,0
0,31,0,0,0,0.0,0.0,0.0,0.0,0.0,0.0,2.0280833,2.0922222,2,-1,0,0.066607185,0
0,30,1,0,1,-52.80971,538.34515,396.84537,0.021048168,-0.029732447,0.008873143,4.582083,4.575278,2,-1,0,0.9961582,1
0,10,0,0,0,0.0,0.0,0.0,0.0,0.0,0.0,1.9967362,2.0225,2,-1,0,0.076612495,0
0,22,1,1,1,-43.830925,535.03094,249.63167,0.00476512,-0.0042593577,0.0026343376,6.3501387,6.2247224,2,2,1,0.99279106,1
0,27,0,0,0,0.0,0.0,0.0,0.0,0.0,0.0,2.5522776,2.465,2,-1,0,0.114522144,0
0,8,1,1,1,-48.908863,64.594406,257.27112,0.010784633,-0.013978965,0.0066297054,22.60638,22.18,2,3,1,0.9954958,1
0,30,1,0,1,-52.80971,538.34515,396.84537,0.021048168,-0.029732447,0.008873143,15.040152,15.017777,2,-1,0,0.9840916,1
0,18,0,0,0,0.0,0.0,0.0,0.0,0.0,0.0,2.430743,2.4869444,2,-1,0,0.049859084,0
0,30,1,1,1,-52.80971,538.34515,396.84537,0.021048168,-0.029732447,0.008873143,17.191675,17.108889,2,4,1,0.99904114,1
0,1,0,0,0,0.0,0.0,0.0,0.0,0.0,0.0,2.1141248,2.121389,2,-1,0,0.1252552,0
0,40,1,1,1,-52.623573,-29.959282,63.69564,0.00625718,-0.0083664125,0.0012987085,11.670499,11.557222,2,5,1,0.9690945,1
0,38,1,1,1,52.521675,-295.66147,268.1074,0.0016980278,-0.0063039972,0.00053876924,7.184666,7.0680556,2,6,1,0.9972554,1
0,33,0,0,0,0.0,0.0,0.0,0.0,0.0,0.0,2.4016526,2.3722222,2,-1,0,0.1189985,0
0,40,0,0,0,0.0,0.0,0.0,0.0,0.0,0.0,2.3710625,2.5216668,2,-1,0,0.11192907,0
0,15,0,0,0,0.0,0.0,0.0,0.0,0.0,0.0,2.6740348,2.6183333,2,-1,0,0.059716113,0
0,33,1,1,1,-65.748474,-430.18323,375.33145,0.0033098138,-0.0023298608,0.0012383277,4.6159167,4.582778,2,7,1,0.98544544,1
0,27,1,1,1,-75.537254,385.4243,64.46371,0.021166094,-0.034882925,0.009397867,39.877743,39.563057,2,8,1,0.9548116,1
0,27,1,0,1,-75.537254,385.4243,64.46371,0.021166094,-0.034882925,0.009397867,4.653882,4.555278,2,-1,0,0.9813958,1
0,39,0,0,0,0.0,0.0,0.0,0.0,0.0,0.0,2.0245554,2.0602777,2,-1,0,0.093995586,0
0,22,0,0,0,0.0,0.0,0.0,0.0,0.0,0.0,2.316146,2.406389,2,-1,0,0.011659367,0
0,31,0,0,0,0.0,0.0,0.0,0.0,0.0,0.0,2.3166666,2.2494445,2,-1,0,0.106579304,0
0,16,1,1,1,-81.83265,-321.7685,391.5231,0.005784884,-0.009713113,0.00051485776,13.316597,13.038333,2,9,1,0.9966529,1
0,26,0,0,0,0.0,0.0,0.0,0.0,0.0,0.0,2.0128055,2.0219445,2,-1,0,0.08561429,0
0,16,0,0,0,0.0,0.0,0.0,0.0,0.0,0.0,1.9983333,2.0302777,2,-1,0,0.09282054,0
0,9,1,1,1,-92.45503,15.73058,242.0778,0.011700737,-0.018244794,0.0014128945,18.39714,18.170279,2,10,1,0.99581295,1
0,15,1,1,1,-87.07305,-226.42024,35.294685,0.0034684672,-0.0036526904,-0.00077037903,5.898291,5.7636113,2,11,1,0.9636892,1
0,10,0,0,0,0.0,0.0,0.0,0.0,0.0,0.0,2.6559167,2.6730556,2,-1,0,0.09520762,0
0,9,0,0,0,0.0,0.0,0.0,0.0,0.0,0.0,2.3269236,2.3405557,2,-1,0,0.10631597,0
0,17,1,1,1,-93.99993,-63.994392,46.656303,0.00082551653,-0.0021754226,0.0017997663,2.6218057,2.6997223,2,12,1,0.26574874,0
0,26,0,0,0,0.0,0.0,0.0,0.0,0.0,0.0,2.2928126,2.2819445,2,-1,0,0.07918923,0
0,28,0,0,0,0.0,0.0,0.0,0.0,0.0,0.0,2.1197917,2.1316667,2,-1,0,0.06410061,0
0,30,0,0,0,0.0,0.0,0.0,0.0,0.0,0.0,2.5293403,2.4622223,2,-1,0,0.12109985,0
0,21,0,0,0,0.0,0.0,0.0,0.0,0.0,0.0,2.5089583,2.4277778,2,-1,0,0.10720368,0
0,31,0,0,0,0.0,0.0,0.0,0.0,0.0,0.0,2.2749581,2.298889,2,-1,0,0.17161661,0
0,32,1,1,1,110.537766,-476.5644,319.85034,0.008193599,-0.01784009,0.0025111868,19.577806,19.515,2,13,1,0.995233,1
0,22,0,0,0,0.0,0.0,0.0,0.0,0.0,0.0,2.4875276,2.5277777,2,-1,0,0.09701151,0
0,18,1,1,1,-115.09772,-66.476006,318.4743,0.0039413706,-0.0060138204,0.001249188,6.8350205,6.756111,2,14,1,0.9811835,1
0,13,0,0,0,0.0,0.0,0.0,0.0,0.0,0.0,2.3964584,2.3591666,2,-1,0,0.35436955,0
0,26,1,1,1,-121.92134,20.99305,280.65,0.0040782467,-0.0064397454,-0.00035170966,8.382285,8.358055,2,15,1,0.98671794,1
0,35,0,0,0,0.0,0.0,0.0,0.0,0.0,0.0,2.1506875,2.1505556,2,-1,0,0.086724475,0
0,5,1,1,1,126.2639,-174.1613,11.9914875,0.009595849,-0.010237465,0.0015137506,7.378458,7.4880557,2,16,1,0.9952389,1
0,39,1,1,1,127.02082,132.91309,373.2812,0.009072129,-0.010309747,0.0027867279,14.514049,14.137222,2,17,1,0.9891828,1
0,4,1,1,1,-131.29028,598.4938,36.306587,0.008015365,-0.01180936,0.0029240514,12.620424,12.308056,2,18,1,0.98366666,1
0,5,1,0,1,126.2639,-174.1613,11.9914875,0.009595849,-0.010237465,0.0015137506,6.219473,6.229722,2,-1,0,0.83506334,1
0,9,0,0,0,0.0,0.0,0.0,0.0,0.0,0.0,2.4220417,2.4680555,2,-1,0,0.12237036,0
0,6,0,0,0,0.0,0.0,0.0,0.0,0.0,0.0,2.2917914,2.2322223,2,-1,0,0.07916211,0
0,9,0,0,0,0.0,0.0,0.0,0.0,0.0,0.0,1.956875,2.003611,2,-1,0,0.10170586,0
0,4,0,0,0,0.0,0.0,0.0,0.0,0.0,0.0,2.277208,2.2219443,2,-1,0,0.07837474,0
0,37,0,0,0,0.0,0.0,0.0,0.0,0.0,0.0,2.756507,2.8066666,2,-1,0,0.2062371,0
0,17,0,0,0,0.0,0.0,0.0,0.0,0.0,0.0,2.4237082,2.4141667,2,-1,0,0.23037969,0
0,24,0,0,0,0.0,0.0,0.0,0.0,0.0,0.0,2.220667,2.2527778,2,-1,0,0.13944235,0
0,40,0,0,0,0.0,0.0,0.0,0.0,0.0,0.0,2.4940002,2.4225,2,-1,0,0.20796134,0
0,2,0,0,0,0.0,0.0,0.0,0.0,0.0,0.0,2.356611,2.4047222,2,-1,0,0.20503214,0
0,31,0,0,0,0.0,0.0,0.0,0.0,0.0,0.0,2.3169997,2.2608333,2,-1,0,0.25559777,0
0,2,0,0,0,0.0,0.0,0.0,0.0,0.0,0.0,2.6617014,2.7102778,2,-1,0,0.08916718,0
0,36,0,0,0,0.0,0.0,0.0,0.0,0.0,0.0,2.1150138,2.2338889,2,-1,0,0.09863146,0
0,34,0,0,0,0.0,0.0,0.0,0.0,0.0,0.0,2.6731668,2.6469445,2,-1,0,0.12450827,0
0,32,0,0,0,0.0,0.0,0.0,0.0,0.0,0.0,2.1893404,2.1011112,2,-1,0,0.097802,0
0,19,0,0,0,0.0,0.0,0.0,0.0,0.0,0.0,2.0714583,2.1833334,2,-1,0,0.09643318,0
0,36,0,0,0,0.0,0.0,0.0,0.0,0.0,0.0,2.501882,2.4980555,2,-1,0,0.12775247,0
0,31,0,0,0,0.0,0.0,0.0,0.0,0.0,0.0,1.9575557,2.0272222,2,-1,0,0.12201153,0
0,1,1,1,1,186.01154,-463.63647,134.73196,0.009807927,-0.012548303,0.004533907,8.780666,8.737223,2,19,1,0.9944748,1
0,1,1,0,1,186.01154,-463.63647,134.73196,0.009807927,-0.012548303,0.004533907,6.8837423,6.793889,2,-1,0,0.9894845,1
0,21,1,1,1,199.87474,441.65875,158.37746,0.00837491,-0.010323815,0.0051961723,12.141111,12.133611,2,20,1,0.99354905,1
0,2,1,1,1,-204.12982,-167.99338,154.01735,0.008980585,-0.012541241,0.0012799853,15.390792,15.345555,2,21,1,0.9858752,1
0,12,0,0,0,0.0,0.0,0.0,0.0,0.0,0.0,2.1604028,2.2255557,2,-1,0,0.089092925,0
0,3,0,0,0,0.0,0.0,0.0,0.0,0.0,0.0,2.309917,2.0025,2,-1,0,0.065582745,0
0,6,0,0,0,0.0,0.0,0.0,0.0,0.0,0.0,2.1188126,2.1602778,2,-1,0,0.052891035,0
0,36,1,1,1,216.01662,513.7607,359.95123,0.013392671,-0.018810138,0.0026300426,19.457111,19.311111,2,22,1,0.9787046,1
0,7,1,0,1,-226.01892,397.45413,424.83392,0.019518098,-0.028770242,0.0062501184,10.532313,10.421111,2,-1,0,0.97652936,1
0,11,0,0,0,0.0,0.0,0.0,0.0,0.0,0.0,2.3924584,2.3652778,2,-1,0,0.083172016,0
0,17,0,0,0,0.0,0.0,0.0,0.0,0.0,0.0,2.5746665,2.5080554,2,-1,0,0.092690825,0
0,7,1,1,1,-226.01892,397.45413,424.83392,0.019518098,-0.028770242,0.0062501184,11.265375,11.216389,2,23,1,0.9879973,1
0,27,0,0,0,0.0,0.0,0.0,0.0,0.0,0.0,2.0811806,2.0447223,2,-1,0,0.09587257,0
0,7,1,0,1,-226.01892,397.45413,424.83392,0.019518098,-0.028770242,0.0062501184,10.276903,10.4366665,2,-1,0,0.9716906,1
0,36,0,0,0,0.0,0.0,0.0,0.0,0.0,0.0,2.1180835,2.1158333,2,-1,0,0.11207297,0
0,33,0,0,0,0.0,0.0,0.0,0.0,0.0,0.0,2.5651667,2.4730556,2,-1,0,0.1556445,0
0,36,1,0,1,216.01662,513.7607,359.95123,0.013392671,-0.018810138,0.0026300426,5.180208,5.1844444,2,-1,0,0.9912719,1
0,3,0,0,0,0.0,0.0,0.0,0.0,0.0,0.0,2.1139722,2.061389,2,-1,0,0.10251255,0
0,19,1,1,1,238.14006,-355.9441,107.47125,0.008608208,-0.017327946,0.0035524066,15.091729,15.2913885,2,24,1,0.99678135,1
0,19,1,0,1,238.14006,-355.9441,107.47125,0.008608208,-0.017327946,0.0035524066,5.036875,4.928889,2,-1,0,0.9532613,1
0,28,1,0,1,-268.34012,107.12443,5.2968497,0.0056021553,-0.011260526,0.0047578737,4.527333,4.5158334,2,-1,0,0.96924174,1
0,22,0,0,0,0.0,0.0,0.0,0.0,0.0,0.0,2.0704443,2.0472221,2,-1,0,0.062178455,0
0,31,0,0,0,0.0,0.0,0.0,0.0,0.0,0.0,2.2444444,2.2055554,2,-1,0,0.10163381,0
0,13,1,1,1,-254.84293,-333.25052,243.87317,0.003051143,-0.0046505206,-0.00038669855,5.522153,5.5455556,2,25,1,0.95547545,1
0,35,0,0,0,0.0,0.0,0.0,0.0,0.0,0.0,2.233882,2.264722,2,-1,0,0.11074754,0
0,6,0,0,0,0.0,0.0,0.0,0.0,0.0,0.0,2.0634584,2.0219445,2,-1,0,0.09419377,0
0,34,0,0,0,0.0,0.0,0.0,0.0,0.0,0.0,2.5007498,2.4719443,2,-1,0,0.10600942,0
0,29,0,0,0,0.0,0.0,0.0,0.0,0.0,0.0,2.2264442,2.1694446,2,-1,0,0.19662796,0
0,27,0,0,0,0.0,0.0,0.0,0.0,0.0,0.0,2.6840835,2.756389,2,-1,0,0.050920237,0
0,28,1,1,1,-268.34012,107.12443,5.2968497,0.0056021553,-0.011260526,0.0047578737,8.73709,8.457778,2,26,1,0.988524,1
0,4,0,0,0,0.0,0.0,0.0,0.0,0.0,0.0,2.1031666,2.0569444,2,-1,0,0.088239655,0
0,23,1,1,1,271.12262,582.1444,372.91684,0.012072763,-0.018500883,0.0044930372,21.138021,21.003334,2,27,1,0.96606,1
0,34,1,1,1,276.57062,255.8655,253.09305,0.010252815,-0.012876421,0.003085148,16.685547,16.713055,2,28,1,0.99869883,1
0,28,0,0,0,0.0,0.0,0.0,0.0,0.0,0.0,2.373222,2.3491666,2,-1,0,0.05990577,0
0,40,0,0,0,0.0,0.0,0.0,0.0,0.0,0.0,2.758514,2.718611,2,-1,0,0.18100414,0
0,26,0,0,0,0.0,0.0,0.0,0.0,0.0,0.0,2.7797358,2.7061112,2,-1,0,0.22379075,0
0,11,1,1,1,287.89658,-329.65067,37.231964,0.012674189,-0.019039419,0.0065734005,13.607478,13.678889,2,29,1,0.98701,1
0,11,1,0,1,287.89658,-329.65067,37.231964,0.012674189,-0.019039419,0.0065734005,5.6543403,5.6869445,2,-1,0,0.97000957,1
0,25,1,1,1,-292.517,-18.451273,269.1426,0.0057884944,-0.005501748,0.002747578,8.5835905,8.604722,2,30,1,0.9635554,1
0,8,0,0,0,0.0,0.0,0.0,0.0,0.0,0.0,2.2267709,2.2275,2,-1,0,0.073282704,0
0,38,0,0,0,0.0,0.0,0.0,0.0,0.0,0.0,2.1559236,2.1288888,2,-1,0,0.14035468,0
0,31,0,0,0,0.0,0.0,0.0,0.0,0.0,0.0,2.7099862,2.6577778,2,-1,0,0.3530121,0
0,10,0,0,0,0.0,0.0,0.0,0.0,0.0,0.0,2.6768055,2.616111,2,-1,0,0.27245402,0
0,34,0,0,0,0.0,0.0,0.0,0.0,0.0,0.0,2.0956807,2.046111,2,-1,0,0.08349538,0
0,13,0,0,0,0.0,0.0,0.0,0.0,0.0,0.0,2.2301388,2.2794445,2,-1,0,0.10046524,0
0,36,0,0,0,0.0,0.0,0.0,0.0,0.0,0.0,2.6460557,2.6302779,2,-1,0,0.18400516,0
0,37,1,1,1,-315.38177,-26.952707,333.8618,0.006168636,-0.012696416,0.0021257815,13.205679,13.294723,2,31,1,0.99395496,1
0,25,0,0,0,0.0,0.0,0.0,0.0,0.0,0.0,2.5825553,2.6425,2,-1,0,0.1281275,0
0,14,1,1,1,314.92038,507.32608,161.48976,0.024628961,-0.029103326,0.007548337,19.853514,19.906944,2,32,1,0.9676425,1
0,32,0,0,0,0.0,0.0,0.0,0.0,0.0,0.0,2.0373125,2.0763888,2,-1,0,0.08549189,0
0,24,0,0,0,0.0,0.0,0.0,0.0,0.0,0.0,2.3730624,2.3,2,-1,0,0.15643343,0
0,20,1,1,1,-319.9749,-237.74812,278.80807,0.0021990193,-0.0032525528,-0.0003069291,3.3659308,3.3102777,2,33,1,0.9198127,1
0,30,0,0,0,0.0,0.0,0.0,0.0,0.0,0.0,2.0692918,2.0683334,2,-1,0,0.08293233,0
0,26,0,0,0,0.0,0.0,0.0,0.0,0.0,0.0,2.1298332,2.0677779,2,-1,0,0.08045535,0
0,14,1,0,1,314.92038,507.32608,161.48976,0.024628961,-0.029103326,0.007548337,16.365473,16.624166,2,-1,0,0.99395376,1
0,22,0,0,0,0.0,0.0,0.0,0.0,0.0,0.0,2.0053265,2.0194445,2,-1,0,0.15302798,0
0,12,1,1,1,-336.80255,-282.43573,451.59906,0.0017272629,-0.0055457857,-7.175467e-05,5.398132,5.42,2,34,1,0.96722335,1
0,10,0,0,0,0.0,0.0,0.0,0.0,0.0,0.0,2.3665695,2.2705555,2,-1,0,0.1091214,0
0,4,0,0,0,0.0,0.0,0.0,0.0,0.0,0.0,1.9842361,2.0152779,2,-1,0,0.060573306,0
0,11,0,0,0,0.0,0.0,0.0,0.0,0.0,0.0,2.6044722,2.5725,2,-1,0,0.09608076,0
0,14,0,0,0,0.0,0.0,0.0,0.0,0.0,0.0,2.3390348,2.3375,2,-1,0,0.07857112,0
0,20,0,0,0,0.0,0.0,0.0,0.0,0.0,0.0,2.6100137,2.5852778,2,-1,0,0.26351228,0
0,6,1,1,1,-355.42062,502.07285,36.091824,0.005186104,-0.004769558,0.0009323703,6.8814726,6.8447223,2,35,1,0.97622234,1
0,31,1,0,1,358.30426,-453.09027,19.779257,0.014031552,-0.022084195,0.0049332036,5.62557,5.630833,2,-1,0,0.95193833,1
0,31,1,1,1,358.30426,-453.09027,19.779257,0.014031552,-0.022084195,0.0049332036,17.128258,17.21861,2,36,1,0.9656808,1
0,2,0,0,0,0.0,0.0,0.0,0.0,0.0,0.0,2.300333,2.3155556,2,-1,0,0.08210128,0
0,10,0,0,0,0.0,0.0,0.0,0.0,0.0,0.0,2.6515002,2.5691667,2,-1,0,0.06395313,0
0,38,0,0,0,0.0,0.0,0.0,0.0,0.0,0.0,2.4650276,2.4005556,2,-1,0,0.19626224,0
0,26,0,0,0,0.0,0.0,0.0,0.0,0.0,0.0,2.6456528,2.57,2,-1,0,0.2577046,0
0,7,0,0,0,0.0,0.0,0.0,0.0,0.0,0.0,2.2709029,2.2105556,2,-1,0,0.0913601,0
0,39,0,0,0,0.0,0.0,0.0,0.0,0.0,0.0,2.3984165,2.4627779,2,-1,0,0.07465234,0
0,15,0,0,0,0.0,0.0,0.0,0.0,0.0,0.0,2.2134027,2.2705555,2,-1,0,0.11407783,0
0,30,0,0,0,0.0,0.0,0.0,0.0,0.0,0.0,2.2824862,1.9311111,2,-1,0,0.015445865,0
0,28,0,0,0,0.0,0.0,0.0,0.0,0.0,0.0,2.1577084,2.158611,2,-1,0,0.10339512,0
0,22,0,0,0,0.0,0.0,0.0,0.0,0.0,0.0,2.3921251,2.408611,2,-1,0,0.24087106,0
0,22,0,0,0,0.0,0.0,0.0,0.0,0.0,0.0,2.1991599,2.2069445,2,-1,0,0.07861958,0
0,11,0,0,0,0.0,0.0,0.0,0.0,0.0,0.0,2.1509445,2.0855556,2,-1,0,0.055795737,0
0,26,0,0,0,0.0,0.0,0.0,0.0,0.0,0.0,2.6069374,2.625,2,-1,0,0.25113502,0
0,34,0,0,0,0.0,0.0,0.0,0.0,0.0,0.0,2.2754583,2.208889,2,-1,0,0.07845984,0
0,19,0,0,0,0.0,0.0,0.0,0.0,0.0,0.0,1.9517083,2.016389,2,-1,0,0.103577845,0
0,37,0,0,0,0.0,0.0,0.0,0.0,0.0,0.0,2.004625,2.0552778,2,-1,0,0.07364693,0
0,32,0,0,0,0.0,0.0,0.0,0.0,0.0,0.0,2.0951042,2.0219445,2,-1,0,0.11402024,0
0,26,0,0,0,0.0,0.0,0.0,0.0,0.0,0.0,2.4150138,2.4341667,2,-1,0,0.14214762,0
0,14,0,0,0,0.0,0.0,0.0,0.0,0.0,0.0,1.9050418,2.0144444,2,-1,0,0.10405221,0
0,6,0,0,0,0.0,0.0,0.0,0.0,0.0,0.0,2.3379722,2.3352778,2,-1,0,0.07493898,0
0,25,0,0,0,0.0,0.0,0.0,0.0,0.0,0.0,2.3579793,2.276389,2,-1,0,0.048469782,0
0,33,0,0,0,0.0,0.0,0.0,0.0,0.0,0.0,2.121736,2.0569444,2,-1,0,0.07010145,0
0,40,0,0,0,0.0,0.0,0.0,0.0,0.0,0.0,2.1348333,2.1330554,2,-1,0,0.07767219,0
0,18,0,0,0,0.0,0.0,0.0,0.0,0.0,0.0,2.112764,2.1605556,2,-1,0,0.14317328,0
1,1,0,0,0,0.0,0.0,0.0,0.0,0.0,0.0,2.391972,2.4075,2,-1,0,0.06419158,0
1,18,0,0,0,0.0,0.0,0.0,0.0,0.0,0.0,2.129,2.1644444,2,-1,0,0.055043988,0
1,24,0,0,0,0.0,0.0,0.0,0.0,0.0,0.0,2.1623194,2.1919444,2,-1,0,0.07878097,0
1,29,0,0,0,0.0,0.0,0.0,0.0,0.0,0.0,2.2645695,1.9347222,2,-1,0,0.16620956,0
1,5,0,0,0,0.0,0.0,0.0,0.0,0.0,0.0,2.0619307,2.0325,2,-1,0,0.10290719,0
1,6,0,0,0,0.0,0.0,0.0,0.0,0.0,0.0,2.482479,2.5138888,2,-1,0,0.09311584,0
1,5,1,1,1,26.094154,381.34256,220.70097,0.010331094,-0.013877721,0.00409001,15.013952,14.718889,2,0,1,0.999908,1
1,5,1,0,1,26.094154,381.34256,220.70097,0.010331094,-0.013877721,0.00409001,7.0156736,7.2247224,2,-1,0,0.98899055,1
1,19,1,1,1,33.83129,316.01706,347.90378,0.007015459,-0.00715664,0.0009108623,10.612527,10.551666,2,1,1,0.99737096,1
1,29,1,1,1,34.085182,65.942215,238.21004,0.010571978,-0.01907207,0.0027260256,21.475155,21.726389,2,2,1,0.9913407,1
1,33,0,0,0,0.0,0.0,0.0,0.0,0.0,0.0,2.1947362,2.139722,2,-1,0,0.087175265,0
1,36,0,0,0,0.0,0.0,0.0,0.0,0.0,0.0,2.6690137,2.166111,2,-1,0,0.18071394,0
1,24,0,0,0,0.0,0.0,0.0,0.0,0.0,0.0,2.1394444,2.1930556,2,-1,0,0.07292448,0
1,20,0,0,0,0.0,0.0,0.0,0.0,0.0,0.0,2.1645555,2.1652777,2,-1,0,0.057131138,0
1,30,1,1,1,-49.018738,-509.5561,426.2163,0.0037120476,-0.00777567,0.0036544949,8.185361,8.278334,2,3,1,0.99821174,1
1,35,0,0,0,0.0,0.0,0.0,0.0,0.0,0.0,1.9755279,2.0297222,2,-1,0,0.076032594,0
1,26,0,0,0,0.0,0.0,0.0,0.0,0.0,0.0,2.1068127,2.1325,2,-1,0,0.13090414,0
1,13,0,0,0,0.0,0.0,0.0,0.0,0.0,0.0,2.1281111,2.129722,2,-1,0,0.07822757,0
1,2,0,0,0,0.0,0.0,0.0,0.0,0.0,0.0,2.052889,2.0594444,2,-1,0,0.08643004,0
1,18,0,0,0,0.0,0.0,0.0,0.0,0.0,0.0,2.2139862,2.1919444,2,-1,0,0.03187675,0
1,26,0,0,0,0.0,0.0,0.0,0.0,0.0,0.0,2.1014793,2.2002778,2,-1,0,0.056321163,0
1,39,0,0,0,0.0,0.0,0.0,0.0,0.0,0.0,2.1609583,2.1775,2,-1,0,0.046272982,0
1,3,0,0,0,0.0,0.0,0.0,0.0,0.0,0.0,2.1422222,2.0902777,2,-1,0,0.10251488,0
1,10,0,0,0,0.0,0.0,0.0,0.0,0.0,0.0,2.0337918,2.0244443,2,-1,0,0.084700204,0
1,36,0,0,0,0.0,0.0,0.0,0.0,0.0,0.0,2.2091389,2.2786112,2,-1,0,0.19265495,0
1,32,0,0,0,0.0,0.0,0.0,0.0,0.0,0.0,2.2068613,2.1852777,2,-1,0,0.12566549,0
1,30,0,0,0,0.0,0.0,0.0,0.0,0.0,0.0,2.023111,2.0191667,2,-1,0,0.08906325,0
1,28,0,0,0,0.0,0.0,0.0,0.0,0.0,0.0,2.8080626,2.7386112,2,-1,0,0.19988583,0
1,24,0,0,0,0.0,0.0,0.0,0.0,0.0,0.0,2.1794584,2.2438889,2,-1,0,0.121485345,0
1,18,0,0,0,0.0,0.0,0.0,0.0,0.0,0.0,2.0187845,2.083611,2,-1,0,0.13572691,0
1,35,1,1,1,-97.6067,288.47522,445.68878,0.0031706665,-0.006807097,0.00012637342,6.2072988,6.296389,2,4,1,0.9772125,1
1,23,1,1,1,-100.69538,269.83966,376.08484,0.008091071,-0.013753314,0.002912532,17.8715,18.081112,2,5,1,0.99771607,1
1,38,1,1,1,98.42522,-416.25046,176.3416,0.0049329116,-0.0047560288,-0.00032562832,7.6389027,7.613611,2,6,1,0.98823756,1
1,12,1,1,1,-101.01208,-109.85161,51.78054,0.0067481045,-0.009509778,0.00029396862,7.7737217,7.6944447,2,7,1,0.9970355,1
1,33,0,0,0,0.0,0.0,0.0,0.0,0.0,0.0,2.8019862,2.885,2,-1,0,0.29782102,0
1,1,0,0,0,0.0,0.0,0.0,0.0,0.0,0.0,2.2553334,2.2605555,2,-1,0,0.11531287,0
1,40,0,0,0,0.0,0.0,0.0,0.0,0.0,0.0,2.1252499,2.2413888,2,-1,0,0.10151592,0
1,40,0,0,0,0.0,0.0,0.0,0.0,0.0,0.0,2.3912497,2.4494445,2,-1,0,0.18014537,0
1,13,0,0,0,0.0,0.0,0.0,0.0,0.0,0.0,2.2125695,2.141389,2,-1,0,0.04231408,0
1,13,0,0,0,0.0,0.0,0.0,0.0,0.0,0.0,2.0398054,2.0972223,2,-1,0,0.108609304,0
1,29,0,0,0,0.0,0.0,0.0,0.0,0.0,0.0,2.2055137,2.1688888,2,-1,0,0.095161214,0
1,4,0,0,0,0.0,0.0,0.0,0.0,0.0,0.0,2.2656944,2.2622223,2,-1,0,0.087859474,0
1,25,1,1,1,133.55473,249.132,461.82635,0.007804265,-0.01574925,0.0030909271,3.7785275,3.8644445,2,8,1,0.8709391,1
1,23,0,0,0,0.0,0.0,0.0,0.0,0.0,0.0,2.0295,2.073611,2,-1,0,0.057787262,0
1,22,1,1,1,-141.34732,65.9861,273.11264,0.01415754,-0.019315204,0.004898811,21.549036,21.317223,2,9,1,0.9992811,1
1,22,1,0,1,-141.34732,65.9861,273.11264,0.01415754,-0.019315204,0.004898811,6.8726215,6.7552776,2,-1,0,0.99224675,1
1,2,1,1,1,-142.07393,-371.516,13.466295,0.002196822,-0.0065064235,0.0012717923,6.367778,6.3733335,2,10,1,0.96761024,1
1,26,1,1,1,-146.84166,303.80588,238.34424,0.01496779,-0.018114232,0.0023501625,26.100256,25.580555,2,11,1,0.90845746,1
1,1,0,0,0,0.0,0.0,0.0,0.0,0.0,0.0,2.6961665,2.7055554,2,-1,0,0.17232573,0
1,31,1,1,1,162.42444,585.4619,263.7838,0.003807836,-0.009291085,0.00179192,11.305458,11.228056,2,12,1,0.9999912,1
1,31,0,0,0,0.0,0.0,0.0,0.0,0.0,0.0,2.1519375,1.9252778,2,-1,0,0.13000622,0
1,34,0,0,0,0.0,0.0,0.0,0.0,0.0,0.0,2.0821042,2.0825,2,-1,0,0.08634889,0
1,24,0,0,0,0.0,0.0,0.0,0.0,0.0,0.0,2.092125,2.0858333,2,-1,0,0.0330961,0
1,37,0,0,0,0.0,0.0,0.0,0.0,0.0,0.0,2.356403,1.7819444,2,-1,0,0.14737359,0
1,40,0,0,0,0.0,0.0,0.0,0.0,0.0,0.0,2.3419168,2.4419444,2,-1,0,0.1938229,0
1,7,0,0,0,0.0,0.0,0.0,0.0,0.0,0.0,2.659007,2.578889,2,-1,0,0.10854928,0
1,6,1,0,1,-188.41011,-567.7939,49.53391,0.0135396095,-0.021102823,0.0032552055,2.9631944,2.9127777,2,-1,0,0.67816204,1
1,39,0,0,0,0.0,0.0,0.0,0.0,0.0,0.0,2.0399234,2.0433333,2,-1,0,0.101738125,0
1,8,0,0,0,0.0,0.0,0.0,0.0,0.0,0.0,2.1511183,2.1075,2,-1,0,0.07312923,0
1,6,1,1,1,-188.41011,-567.7939,49.53391,0.0135396095,-0.021102823,0.0032552055,22.467459,22.413055,2,13,1,0.9970509,1
1,33,1,1,1,185.92392,161.27435,401.71753,0.004213881,-0.004527005,-0.00025737786,5.3955483,5.350278,2,14,1,0.94517046,1
1,4,1,1,1,187.10455,424.01447,329.04553,0.009849121,-0.011320286,0.0036539405,6.7955337,6.8977776,2,15,1,0.99030066,1
1,9,0,0,0,0.0,0.0,0.0,0.0,0.0,0.0,2.196993,2.138611,2,-1,0,0.09935026,0
1,33,0,0,0,0.0,0.0,0.0,0.0,0.0,0.0,2.1975765,2.2047222,2,-1,0,0.0588591,0
1,20,0,0,0,0.0,0.0,0.0,0.0,0.0,0.0,2.576778,2.5919445,2,-1,0,0.24870183,0
1,14,0,0,0,0.0,0.0,0.0,0.0,0.0,0.0,2.3332362,2.26,2,-1,0,0.091684364,0
1,37,0,0,0,0.0,0.0,0.0,0.0,0.0,0.0,2.2625277,2.2883334,2,-1,0,0.08629054,0
1,18,0,0,0,0.0,0.0,0.0,0.0,0.0,0.0,2.6785,2.6722221,2,-1,0,0.14163029,0
1,37,1,1,1,-206.2112,257.4181,260.7139,0.008824164,-0.017177965,0.005728202,18.382084,18.37139,2,16,1,0.9980557,1
1,10,1,1,1,203.77232,235.40344,312.6485,0.005449802,-0.012996578,0.002731963,15.376195,15.433888,2,17,1,0.99528104,1
1,34,1,1,1,203.68317,426.24905,115.962105,0.007862244,-0.009173042,0.0037208989,13.640492,13.561944,2,18,1,0.98170257,1
1,9,1,1,1,204.73639,558.98364,326.2903,0.012126243,-0.013315905,0.004716741,8.499395,8.341945,2,19,1,0.9506613,1
1,17,1,1,1,206.04564,551.0951,360.6925,0.0073544974,-0.008111031,-4.6477126e-05,11.469459,11.7,2,20,1,0.994935,1
1,20,0,0,0,0.0,0.0,0.0,0.0,0.0,0.0,2.2916667,2.2777777,2,-1,0,0.12319498,0
1,39,1,1,1,-207.85957,-540.47424,249.6338,0.0057608904,-0.0047209887,0.00090663077,7.9941316,7.9155555,2,21,1,0.97661144,1
1,33,0,0,0,0.0,0.0,0.0,0.0,0.0,0.0,2.7986388,2.7347221,2,-1,0,0.09877317,0
1,16,0,0,0,0.0,0.0,0.0,0.0,0.0,0.0,2.1497362,2.0655556,2,-1,0,0.10739775,0
1,39,0,0,0,0.0,0.0,0.0,0.0,0.0,0.0,2.7270904,2.7002778,2,-1,0,0.1341404,0
1,30,0,0,0,0.0,0.0,0.0,0.0,0.0,0.0,2.6645,2.55,2,-1,0,0.14174528,0
1,9,1,0,1,204.73639,558.98364,326.2903,0.012126243,-0.013315905,0.004716741,6.6012783,6.73,2,-1,0,0.99797624,1
1,37,0,0,0,0.0,0.0,0.0,0.0,0.0,0.0,2.09875,2.066111,2,-1,0,0.13152026,0
1,4,1,0,1,187.10455,424.01447,329.04553,0.009849121,-0.011320286,0.0036539405,2.2839792,2.1805556,2,-1,0,0.108689584,0
1,4,1,0,1,187.10455,424.01447,329.04553,0.009849121,-0.011320286,0.0036539405,3.3339095,3.39,2,-1,0,0.93743616,1
1,33,0,0,0,0.0,0.0,0.0,0.0,0.0,0.0,1.9800417,2.051389,2,-1,0,0.0986612,0
1,25,0,0,0,0.0,0.0,0.0,0.0,0.0,0.0,2.3496945,2.2833333,2,-1,0,0.10432008,0
1,36,0,0,0,0.0,0.0,0.0,0.0,0.0,0.0,1.9215277,2.0055556,2,-1,0,0.12110743,0
1,11,1,1,1,233.87054,-452.5998,291.5093,0.004244528,-0.0028622216,0.0013305802,5.263695,5.3416667,2,-1,1,0.97238433,1
1,24,0,0,0,0.0,0.0,0.0,0.0,0.0,0.0,2.2940001,2.297778,2,-1,0,0.13476409,0
1,33,0,0,0,0.0,0.0,0.0,0.0,0.0,0.0,2.6491942,2.6625,2,-1,0,0.31351554,0
1,34,0,0,0,0.0,0.0,0.0,0.0,0.0,0.0,2.5637777,2.5719445,2,-1,0,0.1297718,0
1,18,0,0,0,0.0,0.0,0.0,0.0,0.0,0.0,2.25875,2.1419444,2,-1,0,0.09402151,0
1,23,0,0,0,0.0,0.0,0.0,0.0,0.0,0.0,2.0013125,2.0158334,2,-1,0,0.09691877,0
1,37,0,0,0,0.0,0.0,0.0,0.0,0.0,0.0,2.1665833,2.0886111,2,-1,0,0.09379019,0
1,1,0,0,0,0.0,0.0,0.0,0.0,0.0,0.0,2.0075,2.0030556,2,-1,0,0.07868389,0
1,14,0,0,0,0.0,0.0,0.0,0.0,0.0,0.0,2.2040834,2.2727778,2,-1,0,0.10464162,0
1,35,0,0,0,0.0,0.0,0.0,0.0,0.0,0.0,2.5565834,2.4894445,2,-1,0,0.092072934,0
1,13,0,0,0,0.0,0.0,0.0,0.0,0.0,0.0,2.5245137,2.538889,2,-1,0,0.07815715,0
1,31,0,0,0,0.0,0.0,0.0,0.0,0.0,0.0,2.6224859,2.6766667,2,-1,0,0.13587323,0
1,12,0,0,0,0.0,0.0,0.0,0.0,0.0,0.0,2.6363332,2.5508332,2,-1,0,0.16885528,0
1,26,0,0,0,0.0,0.0,0.0,0.0,0.0,0.0,2.4909863,2.5872223,2,-1,0,0.081652865,0
1,40,0,0,0,0.0,0.0,0.0,0.0,0.0,0.0,2.0499096,2.08,2,-1,0,0.13095108,0
1,40,0,0,0,0.0,0.0,0.0,0.0,0.0,0.0,2.4704862,2.3966668,2,-1,0,0.061766382,0
1,4,0,0,0,0.0,0.0,0.0,0.0,0.0,0.0,2.4715695,2.4813888,2,-1,0,0.10126182,0
1,14,1,1,1,273.43832,352.49673,245.23846,0.008224733,-0.008763204,0.0043391995,11.146445,11.268056,2,22,1,0.9709199,1
1,37,0,0,0,0.0,0.0,0.0,0.0,0.0,0.0,2.1069446,2.1158333,2,-1,0,0.06079392,0
1,24,0,0,0,0.0,0.0,0.0,0.0,0.0,0.0,2.0317779,1.8919444,2,-1,0,0.098000914,0
1,17,0,0,0,0.0,0.0,0.0,0.0,0.0,0.0,2.0439236,2.0555556,2,-1,0,0.08920826,0
1,3,1,1,1,277.73187,171.05048,309.18912,0.004289821,-0.010564385,0.002478912,11.1929865,11.262777,2,23,1,0.91466135,1
1,39,0,0,0,0.0,0.0,0.0,0.0,0.0,0.0,2.3041458,2.395,2,-1,0,0.07795064,0
1,38,0,0,0,0.0,0.0,0.0,0.0,0.0,0.0,2.0585625,2.0908334,2,-1,0,0.09754552,0
1,13,1,1,1,-282.68405,-374.3378,390.71674,0.011023789,-0.0139703695,0.0036567966,12.457131,12.47,2,24,1,0.9785663,1
1,13,1,0,1,-282.68405,-374.3378,390.71674,0.011023789,-0.0139703695,0.0036567966,5.3835144,5.3883333,2,-1,0,0.9898559,1
1,38,0,0,0,0.0,0.0,0.0,0.0,0.0,0.0,2.381007,2.383889,2,-1,0,0.079104714,0
1,27,0,0,0,0.0,0.0,0.0,0.0,0.0,0.0,1.9998264,2.0083334,2,-1,0,0.0640333,0
1,14,0,0,0,0.0,0.0,0.0,0.0,0.0,0.0,2.029521,2.0975,2,-1,0,0.08831155,0
1,33,0,0,0,0.0,0.0,0.0,0.0,0.0,0.0,2.2331944,2.2266667,2,-1,0,0.06753876,0
1,19,0,0,0,0.0,0.0,0.0,0.0,0.0,0.0,2.1396112,2.1255555,2,-1,0,0.04730836,0
1,16,1,1,1,-297.48273,-120.733734,405.84607,0.0020804845,-0.007129539,0.0004211108,7.23434,7.2455554,2,25,1,0.99029505,1
1,28,0,0,0,0.0,0.0,0.0,0.0,0.0,0.0,2.18125,2.1494443,2,-1,0,0.07177968,0
1,11,0,0,0,0.0,0.0,0.0,0.0,0.0,0.0,2.244729,2.2480555,2,-1,0,0.053071935,0
1,15,1,0,1,301.23618,289.0338,254.3114,0.015522548,-0.018068805,0.0028697692,8.944681,8.779166,2,-1,0,0.95812166,1
1,15,1,1,1,301.23618,289.0338,254.3114,0.015522548,-0.018068805,0.0028697692,12.715735,12.528334,2,26,1,0.985762,1
1,1,0,0,0,0.0,0.0,0.0,0.0,0.0,0.0,2.107653,2.1519444,2,-1,0,0.108363286,0
1,24,0,0,0,0.0,0.0,0.0,0.0,0.0,0.0,2.5731459,2.6555555,2,-1,0,0.17916216,0
1,24,1,1,1,304.355,-426.20233,314.86887,0.00039592563,-0.0029536567,0.0012263441,2.8260903,2.7552779,2,27,1,0.23140058,0
1,32,1,1,1,306.10233,118.2745,312.68286,0.0033437973,-0.0038572738,0.002904893,5.1136947,5.2125,2,28,1,0.97438264,1
1,36,0,0,0,0.0,0.0,0.0,0.0,0.0,0.0,2.3777153,2.4136112,2,-1,0,0.07080881,0
1,28,0,0,0,0.0,0.0,0.0,0.0,0.0,0.0,2.4745,2.4877777,2,-1,0,0.0941485,0
1,40,0,0,0,0.0,0.0,0.0,0.0,0.0,0.0,2.1418056,2.2091668,2,-1,0,0.08114444,0
1,30,0,0,0,0.0,0.0,0.0,0.0,0.0,0.0,2.3383474,2.4066668,2,-1,0,0.10603377,0
1,22,0,0,0,0.0,0.0,0.0,0.0,0.0,0.0,2.0840833,2.1077778,2,-1,0,0.026773414,0
1,27,1,1,1,-330.63794,476.38742,42.828384,0.0021555868,-0.005563842,0.0026474632,6.3223057,6.1966667,2,29,1,0.97341835,1
1,39,0,0,0,0.0,0.0,0.0,0.0,0.0,0.0,2.3847082,2.3858333,2,-1,0,0.18719119,0
1,14,0,0,0,0.0,0.0,0.0,0.0,0.0,0.0,2.4319863,2.5019445,2,-1,0,0.081761435,0
1,22,0,0,0,0.0,0.0,0.0,0.0,0.0,0.0,2.1961458,2.2697222,2,-1,0,0.16584462,0
1,9,0,0,0,0.0,0.0,0.0,0.0,0.0,0.0,2.2361736,2.2566667,2,-1,0,0.100699835,0
1,23,0,0,0,0.0,0.0,0.0,0.0,0.0,0.0,2.2273889,2.1433334,2,-1,0,0.10434563,0
1,40,1,1,1,346.62433,-508.02057,30.892954,0.00485717,-0.004284028,0.0024531288,5.643319,5.6455555,2,30,1,0.95252407,1
1,21,0,0,0,0.0,0.0,0.0,0.0,0.0,0.0,2.3375833,2.3469443,2,-1,0,0.06553072,0
1,15,0,0,0,0.0,0.0,0.0,0.0,0.0,0.0,2.0704443,2.1127777,2,-1,0,0.05953741,0
1,27,0,0,0,0.0,0.0,0.0,0.0,0.0,0.0,2.548222,2.5827777,2,-1,0,0.12343287,0
1,8,0,0,0,0.0,0.0,0.0,0.0,0.0,0.0,2.0594444,2.1011112,2,-1,0,0.12040394,0
1,30,0,0,0,0.0,0.0,0.0,0.0,0.0,0.0,2.480736,2.5041666,2,-1,0,0.25679544,0
1,29,0,0,0,0.0,0.0,0.0,0.0,0.0,0.0,2.0038333,2.0622222,2,-1,0,0.06364926,0
1,22,0,0,0,0.0,0.0,0.0,0.0,0.0,0.0,2.5097916,2.5433333,2,-1,0,0.12767233,0
1,17,0,0,0,0.0,0.0,0.0,0.0,0.0,0.0,2.0947013,2.0833333,2,-1,0,0.04284808,0
1,5,0,0,0,0.0,0.0,0.0,0.0,0.0,0.0,2.3240137,2.3847222,2,-1,0,0.10771647,0
1,20,0,0,0,0.0,0.0,0.0,0.0,0.0,0.0,1.9575208,2.0438888,2,-1,0,0.06494201,0
1,4,0,0,0,0.0,0.0,0.0,0.0,0.0,0.0,2.0315142,2.0238888,2,-1,0,0.06665865,0
1,20,0,0,0,0.0,0.0,0.0,0.0,0.0,0.0,2.7319863,2.6469445,2,-1,0,0.13026884,0
1,18,0,0,0,0.0,0.0,0.0,0.0,0.0,0.0,2.2749794,2.2744443,2,-1,0,0.1319474,0
1,28,0,0,0,0.0,0.0,0.0,0.0,0.0,0.0,2.2659652,2.2708333,2,-1,0,0.10810074,0
1,37,0,0,0,0.0,0.0,0.0,0.0,0.0,0.0,2.1606529,2.139722,2,-1,0,0.12191644,0
1,29,0,0,0,0.0,0.0,0.0,0.0,0.0,0.0,2.5696528,2.5291667,2,-1,0,0.20334503,0
1,13,0,0,0,0.0,0.0,0.0,0.0,0.0,0.0,2.0853055,2.116111,2,-1,0,0.069006585,0
1,6,0,0,0,0.0,0.0,0.0,0.0,0.0,0.0,2.645389,2.646389,2,-1,0,0.13547768,0
1,13,0,0,0,0.0,0.0,0.0,0.0,0.0,0.0,2.1816182,2.1436112,2,-1,0,0.11422547,0
1,4,0,0,0,0.0,0.0,0.0,0.0,0.0,0.0,2.4742568,2.4233334,2,-1,0,0.105736546,0
1,4,0,0,0,0.0,0.0,0.0,0.0,0.0,0.0,2.2255902,2.2,2,-1,0,0.103777625,0
1,2,0,0,0,0.0,0.0,0.0,0.0,0.0,0.0,2.4248958,2.3369443,2,-1,0,0.11401303,0
1,34,0,0,0,0.0,0.0,0.0,0.0,0.0,0.0,2.0158958,2.05,2,-1,0,0.14156052,0
2,21,0,0,0,0.0,0.0,0.0,0.0,0.0,0.0,2.4301112,2.4230556,2,-1,0,0.13484374,0
2,11,1,1,1,10.885434,-549.27,297.98306,0.0011687129,-0.0039253775,0.0018360105,5.221576,5.4244447,2,0,1,0.994472,1
2,10,1,1,1,12.931677,405.08038,269.79846,0.01235443,-0.016816886,0.004779399,13.084792,13.242778,2,1,1,0.9954188,1
2,3,0,0,0,0.0,0.0,0.0,0.0,0.0,0.0,2.567347,2.5802777,2,-1,0,0.10809821,0
2,2,0,0,0,0.0,0.0,0.0,0.0,0.0,0.0,2.1250556,2.0755556,2,-1,0,0.10072445,0
2,19,1,1,1,17.890608,-523.791,411.7652,0.0028035499,-0.0013593546,0.00066747837,3.083472,3.1830556,2,2,1,0.32308143,0
2,37,0,0,0,0.0,0.0,0.0,0.0,0.0,0.0,2.4287777,2.4375,2,-1,0,0.14179423,0
2,17,1,1,1,25.024477,-218.29433,328.01395,0.009913752,-0.011814922,0.003975862,17.959867,18.257223,2,3,1,0.98868793,1
2,6,0,0,0,0.0,0.0,0.0,0.0,0.0,0.0,2.172861,2.1730556,2,-1,0,0.034737904,0
2,17,0,0,0,0.0,0.0,0.0,0.0,0.0,0.0,2.2026944,2.203889,2,-1,0,0.12743391,0
2,25,0,0,0,0.0,0.0,0.0,0.0,0.0,0.0,2.452625,2.3991666,2,-1,0,0.09695362,0
2,10,1,0,1,12.931677,405.08038,269.79846,0.01235443,-0.016816886,0.004779399,4.943896,4.925,2,-1,0,0.96961886,1
2,8,0,0,0,0.0,0.0,0.0,0.0,0.0,0.0,2.254875,2.3411112,2,-1,0,0.10567299,0
2,25,0,0,0,0.0,0.0,0.0,0.0,0.0,0.0,2.2599652,2.3163888,2,-1,0,0.048129767,0
2,23,0,0,0,0.0,0.0,0.0,0.0,0.0,0.0,2.467736,2.435,2,-1,0,0.13207114,0
2,1,0,0,0,0.0,0.0,0.0,0.0,0.0,0.0,2.126743,2.1230555,2,-1,0,0.08721197,0
2,2,1,1,1,-37.026615,450.645,284.8036,0.0016361946,-0.0051238253,0.0024381788,6.150833,6.169722,2,4,1,0.97039086,1
2,38,0,0,0,0.0,0.0,0.0,0.0,0.0,0.0,2.8974721,2.8380556,2,-1,0,0.21008565,0
2,15,0,0,0,0.0,0.0,0.0,0.0,0.0,0.0,2.0562012,2.016389,2,-1,0,0.11058535,0
2,15,1,1,1,44.12304,-549.90753,142.09215,0.014568471,-0.022576643,0.003592924,24.829147,24.844723,2,5,1,0.9992599,1
2,33,1,1,1,-45.354572,8.910606,66.808136,0.008077716,-0.011119978,0.005444561,17.783438,17.730278,2,6,1,0.999495,1
2,1,0,0,0,0.0,0.0,0.0,0.0,0.0,0.0,1.9778056,2.0044444,2,-1,0,0.12756586,0
2,2,0,0,0,0.0,0.0,0.0,0.0,0.0,0.0,2.1146667,2.1458333,2,-1,0,0.06934527,0
2,17,0,0,0,0.0,0.0,0.0,0.0,0.0,0.0,2.055625,2.1197221,2,-1,0,0.11952126,0
2,2,0,0,0,0.0,0.0,0.0,0.0,0.0,0.0,2.5788195,2.5255556,2,-1,0,0.11183452,0
2,15,1,0,1,44.12304,-549.90753,142.09215,0.014568471,-0.022576643,0.003592924,5.5182986,5.5172224,2,-1,0,0.88597554,1
2,3,0,0,0,0.0,0.0,0.0,0.0,0.0,0.0,3.281,3.1780555,2,-1,0,0.49870098,0
2,13,0,0,0,0.0,0.0,0.0,0.0,0.0,0.0,2.3225,2.3777778,2,-1,0,0.09795199,0
2,5,0,0,0,0.0,0.0,0.0,0.0,0.0,0.0,2.2018542,2.1272223,2,-1,0,0.067780785,0
2,38,0,0,0,0.0,0.0,0.0,0.0,0.0,0.0,2.280847,1.9852778,2,-1,0,0.24783002,0
2,35,1,1,1,69.22709,-470.8844,418.66275,0.0035476198,-0.0056866854,-0.0007771659,7.577868,7.6044445,2,7,1,0.93138134,1
2,1,1,1,1,70.068054,-393.2327,94.990555,0.008910378,-0.01419919,0.0028791348,15.877945,15.795278,2,8,1,0.9850675,1
2,21,0,0,0,0.0,0.0,0.0,0.0,0.0,0.0,2.1399722,2.063611,2,-1,0,0.0793117,0
2,39,0,0,0,0.0,0.0,0.0,0.0,0.0,0.0,2.29525,2.2841666,2,-1,0,0.092866525,0
2,26,0,0,0,0.0,0.0,0.0,0.0,0.0,0.0,2.0232499,2.025,2,-1,0,0.13185246,0
2,1,1,0,1,70.068054,-393.2327,94.990555,0.008910378,-0.01419919,0.0028791348,2.4684029,2.5497222,2,-1,0,0.10822199,0
2,33,0,0,0,0.0,0.0,0.0,0.0,0.0,0.0,2.9614441,2.821389,2,-1,0,0.3959124,0
2,26,0,0,0,0.0,0.0,0.0,0.0,0.0,0.0,2.0745902,2.0261111,2,-1,0,0.108925514,0
2,10,0,0,0,0.0,0.0,0.0,0.0,0.0,0.0,2.0389028,2.0430555,2,-1,0,0.108479604,0
2,32,0,0,0,0.0,0.0,0.0,0.0,0.0,0.0,2.250903,2.1888888,2,-1,0,0.06745441,0
2,16,1,1,1,-98.51577,-589.10364,139.92027,0.004051468,-0.0046730973,0.003125901,6.438611,6.4477777,2,-1,1,0.9891616,1
2,7,0,0,0,0.0,0.0,0.0,0.0,0.0,0.0,2.308125,2.3441668,2,-1,0,0.07635305,0
2,3,0,0,0,0.0,0.0,0.0,0.0,0.0,0.0,2.2367916,2.2638888,2,-1,0,0.099056534,0
2,26,1,1,1,-105.981186,-168.64133,239.01108,0.007817332,-0.008361837,0.0029118098,13.496848,13.638333,2,9,1,0.97836465,1
2,14,0,0,0,0.0,0.0,0.0,0.0,0.0,0.0,2.1375418,2.1366668,2,-1,0,0.06775824,0
2,9,0,0,0,0.0,0.0,0.0,0.0,0.0,0.0,2.3160763,2.3563888,2,-1,0,0.06140737,0
2,23,0,0,0,0.0,0.0,0.0,0.0,0.0,0.0,2.115028,2.1411111,2,-1,0,0.14370418,0
2,34,0,0,0,0.0,0.0,0.0,0.0,0.0,0.0,2.3,2.1836112,2,-1,0,0.12826824,0
2,40,0,0,0,0.0,0.0,0.0,0.0,0.0,0.0,2.1494722,2.1925,2,-1,0,0.11876423,0
2,10,0,0,0,0.0,0.0,0.0,0.0,0.0,0.0,2.063125,2.045,2,-1,0,0.03258865,0
2,7,0,0,0,0.0,0.0,0.0,0.0,0.0,0.0,2.3003957,2.27,2,-1,0,0.10925221,0
2,31,0,0,0,0.0,0.0,0.0,0.0,0.0,0.0,2.807722,2.7008333,2,-1,0,0.3313854,0
2,30,0,0,0,0.0,0.0,0.0,0.0,0.0,0.0,1.992639,2.014722,2,-1,0,0.086430475,0
2,12,0,0,0,0.0,0.0,0.0,0.0,0.0,0.0,2.395347,2.348611,2,-1,0,0.083129466,0
2,19,0,0,0,0.0,0.0,0.0,0.0,0.0,0.0,2.3489444,2.3597221,2,-1,0,0.10008425,0
2,21,0,0,0,0.0,0.0,0.0,0.0,0.0,0.0,2.2298682,2.2544444,2,-1,0,0.09852029,0
2,9,0,0,0,0.0,0.0,0.0,0.0,0.0,0.0,2.3763888,2.3419445,2,-1,0,0.08923356,0
2,30,0,0,0,0.0,0.0,0.0,0.0,0.0,0.0,1.9574653,2.0141666,2,-1,0,0.077307075,0
2,20,0,0,0,0.0,0.0,0.0,0.0,0.0,0.0,2.5562153,2.496389,2,-1,0,0.129188,0
2,24,0,0,0,0.0,0.0,0.0,0.0,0.0,0.0,2.404868,2.3922222,2,-1,0,0.061812013,0
2,40,0,0,0,0.0,0.0,0.0,0.0,0.0,0.0,2.3089583,2.3588889,2,-1,0,0.29743844,0
2,32,0,0,0,0.0,0.0,0.0,0.0,0.0,0.0,2.5878196,2.5294445,2,-1,0,0.21121362,0
2,21,0,0,0,0.0,0.0,0.0,0.0,0.0,0.0,2.2559373,2.1766667,2,-1,0,0.03311554,0
2,38,1,1,1,164.72624,549.0707,258.441,0.011904661,-0.018481491,0.0044077025,20.867153,20.94,2,10,1,0.9967314,1
2,9,1,1,1,168.41292,595.6987,458.36536,0.014302415,-0.021173187,0.00424719,25.189154,24.6825,2,11,1,0.9999839,1
2,34,0,0,0,0.0,0.0,0.0,0.0,0.0,0.0,2.3850832,2.3627777,2,-1,0,0.12508845,0
2,6,0,0,0,0.0,0.0,0.0,0.0,0.0,0.0,2.0678194,2.1336112,2,-1,0,0.1175454,0
2,2,0,0,0,0.0,0.0,0.0,0.0,0.0,0.0,2.2339237,2.2316666,2,-1,0,0.11982756,0
2,36,0,0,0,0.0,0.0,0.0,0.0,0.0,0.0,2.312639,2.1613889,2,-1,0,0.08520186,0
2,14,1,1,1,182.62236,-427.55826,181.69687,0.0027292096,-0.0052189454,0.00051065657,6.027222,6.2075,2,12,1,0.9853909,1
2,4,1,1,1,-189.76181,-581.95264,425.64948,0.0006924914,-0.0026705419,0.0017819115,2.9905972,2.996389,2,-1,1,0.628254,1
2,7,1,1,1,-189.16449,518.69135,452.09354,0.0007327919,-0.0020839365,0.0016085128,2.4369445,2.4341667,2,13,1,0.35316432,0
2,18,0,0,0,0.0,0.0,0.0,0.0,0.0,0.0,2.1377985,2.0625,2,-1,0,0.09470705,0
2,22,1,0,1,-196.99893,134.58975,69.38161,0.009047161,-0.015704138,0.00084290036,2.8464236,2.8936112,2,-1,0,0.16340072,0
2,26,0,0,0,0.0,0.0,0.0,0.0,0.0,0.0,2.0937152,2.12,2,-1,0,0.09499518,0
2,22,1,1,1,-196.99893,134.58975,69.38161,0.009047161,-0.015704138,0.00084290036,15.921756,15.792778,2,14,1,0.7916816,1
2,17,0,0,0,0.0,0.0,0.0,0.0,0.0,0.0,2.0195417,2.0061111,2,-1,0,0.1213933,0
2,9,0,0,0,0.0,0.0,0.0,0.0,0.0,0.0,2.6596947,2.6594443,2,-1,0,0.23730853,0
2,6,0,0,0,0.0,0.0,0.0,0.0,0.0,0.0,2.0684445,2.1766667,2,-1,0,0.10696937,0
2,40,1,1,1,206.23004,487.75504,192.1842,0.01301456,-0.014333174,0.004513359,22.023724,21.960556,2,15,1,0.9816897,1
2,37,1,1,1,-207.41663,193.62616,202.86398,0.004695482,-0.0042656376,0.0015770381,6.6995974,6.776111,2,16,1,0.9969151,1
2,29,1,1,1,207.60919,-418.17712,250.70415,0.004049274,-0.003517471,0.0023143736,4.8537636,4.901111,2,17,1,0.944015,1
2,17,0,0,0,0.0,0.0,0.0,0.0,0.0,0.0,2.135167,2.2461112,2,-1,0,0.0695092,0
2,28,0,0,0,0.0,0.0,0.0,0.0,0.0,0.0,2.341236,2.4183333,2,-1,0,0.15469554,0
2,22,0,0,0,0.0,0.0,0.0,0.0,0.0,0.0,2.4153333,2.411111,2,-1,0,0.12518698,0
2,19,0,0,0,0.0,0.0,0.0,0.0,0.0,0.0,2.249139,2.251111,2,-1,0,0.10153158,0
2,10,0,0,0,0.0,0.0,0.0,0.0,0.0,0.0,2.1901946,2.1541667,2,-1,0,0.047980968,0
2,8,1,1,1,227.27873,-237.59956,363.24747,0.003275755,-0.002077685,-0.00013821301,3.2656875,3.4,2,18,1,0.8923025,1
2,6,1,1,1,-230.4238,462.96494,62.10146,0.0074739456,-0.008625016,0.0011276325,12.140278,12.199166,2,19,1,0.98591286,1
2,3,0,0,0,0.0,0.0,0.0,0.0,0.0,0.0,2.541535,2.4805555,2,-1,0,0.17693125,0
2,15,0,0,0,0.0,0.0,0.0,0.0,0.0,0.0,2.196347,2.1494443,2,-1,0,0.026091803,0
2,11,0,0,0,0.0,0.0,0.0,0.0,0.0,0.0,2.3051598,2.1452777,2,-1,0,0.028229646,0
2,31,0,0,0,0.0,0.0,0.0,0.0,0.0,0.0,2.3043332,2.3166666,2,-1,0,0.07989793,0
2,11,0,0,0,0.0,0.0,0.0,0.0,0.0,0.0,2.1510487,2.0805554,2,-1,0,0.072637655,0
2,11,0,0,0,0.0,0.0,0.0,0.0,0.0,0.0,2.4704237,2.3969445,2,-1,0,0.013840798,0
2,27,1,1,1,-243.89517,-472.4964,62.481583,0.009828881,-0.009756757,0.0026398208,13.141666,13.2225,2,20,1,0.99882025,1
2,31,0,0,0,0.0,0.0,0.0,0.0,0.0,0.0,2.4430275,2.5144444,2,-1,0,0.098555304,0
2,11,0,0,0,0.0,0.0,0.0,0.0,0.0,0.0,2.0456667,2.0105555,2,-1,0,0.13659607,0
2,13,1,1,1,-247.45589,214.27621,86.63461,0.012573382,-0.015914373,0.0038017547,19.178381,19.011667,2,21,1,0.9870803,1
2,28,1,1,1,246.71333,-451.08096,437.9509,0.00681895,-0.0070344824,0.0034472866,9.834681,10.075,2,22,1,0.9595588,1
2,3,0,0,0,0.0,0.0,0.0,0.0,0.0,0.0,2.396486,2.3816667,2,-1,0,0.045200627,0
2,28,0,0,0,0.0,0.0,0.0,0.0,0.0,0.0,2.6890554,2.6875,2,-1,0,0.17940982,0
2,40,0,0,0,0.0,0.0,0.0,0.0,0.0,0.0,2.287653,2.2152777,2,-1,0,0.21205696,0
2,2,0,0,0,0.0,0.0,0.0,0.0,0.0,0.0,2.605861,2.5858333,2,-1,0,0.31105146,0
2,37,0,0,0,0.0,0.0,0.0,0.0,0.0,0.0,2.2849653,2.25,2,-1,0,0.23174761,0
2,23,1,1,1,262.62125,440.26907,82.787056,0.0084049385,-0.012372843,0.0002723181,10.002549,9.835,2,23,1,0.95367205,1
2,19,0,0,0,0.0,0.0,0.0,0.0,0.0,0.0,2.4613333,2.4597223,2,-1,0,0.116355784,0
2,28,0,0,0,0.0,0.0,0.0,0.0,0.0,0.0,2.2734027,2.246389,2,-1,0,0.10810787,0
2,24,1,1,1,281.33203,-128.60661,380.6453,0.0049760533,-0.011799206,0.0013309078,12.163535,12.165,2,24,1,0.98204225,1
2,20,1,0,1,-292.47256,-551.56415,254.16322,0.016588911,-0.027477777,0.0029844525,8.245083,8.2925,2,-1,0,0.9782532,1
2,25,0,0,0,0.0,0.0,0.0,0.0,0.0,0.0,2.323611,2.3980556,2,-1,0,0.10053799,0
2,20,1,1,1,-292.47256,-551.56415,254.16322,0.016588911,-0.027477777,0.0029844525,21.958055,21.995,2,25,1,0.9569993,1
2,16,0,0,0,0.0,0.0,0.0,0.0,0.0,0.0,2.216972,2.198611,2,-1,0,0.09131575,0
2,18,1,1,1,-297.64316,405.75397,119.852005,0.0065269736,-0.005914323,0.0017258428,7.6052985,7.7155557,2,26,1,0.9887509,1
2,33,0,0,0,0.0,0.0,0.0,0.0,0.0,0.0,2.069542,2.0419445,2,-1,0,0.12720178,0
2,8,0,0,0,0.0,0.0,0.0,0.0,0.0,0.0,2.3408403,2.3955555,2,-1,0,0.14680491,0
2,36,0,0,0,0.0,0.0,0.0,0.0,0.0,0.0,2.1420414,2.08,2,-1,0,0.088808365,0
2,30,1,1,1,-299.5787,-242.27545,343.3385,0.0041206228,-0.0037850544,0.0021139546,5.6002154,5.6561112,2,27,1,0.9953412,1
2,7,0,0,0,0.0,0.0,0.0,0.0,0.0,0.0,2.4585764,2.4683332,2,-1,0,0.3307143,0
2,32,0,0,0,0.0,0.0,0.0,0.0,0.0,0.0,2.5503054,2.6366668,2,-1,0,0.11743618,0
2,29,0,0,0,0.0,0.0,0.0,0.0,0.0,0.0,2.0480764,2.1063888,2,-1,0,0.10199772,0
2,12,0,0,0,0.0,0.0,0.0,0.0,0.0,0.0,19.919214,-1.0,2,-1,0,0.97090137,1
2,13,0,0,0,0.0,0.0,0.0,0.0,0.0,0.0,2.0770485,2.1352777,2,-1,0,0.08693027,0
2,8,0,0,0,0.0,0.0,0.0,0.0,0.0,0.0,2.666132,2.631389,2,-1,0,0.34740633,0
2,17,0,0,0,0.0,0.0,0.0,0.0,0.0,0.0,2.1245348,2.1288888,2,-1,0,0.13319719,0
2,38,0,0,0,0.0,0.0,0.0,0.0,0.0,0.0,2.9515138,2.9541667,2,-1,0,0.26633558,0
2,33,0,0,0,0.0,0.0,0.0,0.0,0.0,0.0,2.1563056,2.2427778,2,-1,0,0.1292174,0
2,34,1,1,1,335.78375,-139.35062,282.9193,0.0046036076,-0.0031607936,0.0011965685,5.180986,5.241389,2,28,1,0.974549,1
2,21,1,1,1,-339.8803,-166.87091,49.167137,0.0063392543,-0.009266173,0.0040436336,11.288876,11.238889,2,29,1,0.9786699,1
2,30,0,0,0,0.0,0.0,0.0,0.0,0.0,0.0,2.2879028,2.3477778,2,-1,0,0.051326945,0
2,29,0,0,0,0.0,0.0,0.0,0.0,0.0,0.0,2.3327777,2.34,2,-1,0,0.087595195,0
2,14,0,0,0,0.0,0.0,0.0,0.0,0.0,0.0,2.2535,2.1930556,2,-1,0,0.10513909,0
2,14,0,0,0,0.0,0.0,0.0,0.0,0.0,0.0,1.864868,1.915,2,-1,0,0.093088195,0
2,15,0,0,0,0.0,0.0,0.0,0.0,0.0,0.0,2.1766458,2.1525,2,-1,0,0.1103411,0
2,24,0,0,0,0.0,0.0,0.0,0.0,0.0,0.0,2.1085,2.0580556,2,-1,0,0.13457224,0
2,31,1,1,1,-362.71838,-324.3653,392.82132,0.0048446064,-0.0056101293,-0.0010015345,6.7123613,6.833611,2,30,1,0.98286563,1
2,32,1,1,1,361.57916,-326.80582,57.601295,0.014115964,-0.024434049,0.0021086172,9.120855,8.949445,2,31,1,0.96619874,1
2,34,0,0,0,0.0,0.0,0.0,0.0,0.0,0.0,2.2348473,2.2494445,2,-1,0,0.10131351,0
2,32,0,0,0,0.0,0.0,0.0,0.0,0.0,0.0,2.091757,2.1402779,2,-1,0,0.08196136,0
2,11,0,0,0,0.0,0.0,0.0,0.0,0.0,0.0,2.3459165,2.2772222,2,-1,0,0.107965425,0
2,39,0,0,0,0.0,0.0,0.0,0.0,0.0,0.0,2.22516,2.2327778,2,-1,0,0.0994204,0
2,20,0,0,0,0.0,0.0,0.0,0.0,0.0,0.0,2.3160555,2.3083334,2,-1,0,0.102257766,0
2,37,0,0,0,0.0,0.0,0.0,0.0,0.0,0.0,1.9141945,2.0475,2,-1,0,0.043392655,0
2,31,0,0,0,0.0,0.0,0.0,0.0,0.0,0.0,2.1002848,2.1163888,2,-1,0,0.101583526,0
2,7,0,0,0,0.0,0.0,0.0,0.0,0.0,0.0,2.3089306,2.2930555,2,-1,0,0.12655689,0
2,29,0,0,0,0.0,0.0,0.0,0.0,0.0,0.0,2.0599167,2.0952778,2,-1,0,0.07691868,0
2,38,0,0,0,0.0,0.0,0.0,0.0,0.0,0.0,2.8155484,2.7297223,2,-1,0,0.0870438,0
2,3,0,0,0,0.0,0.0,0.0,0.0,0.0,0.0,2.4452083,2.4019444,2,-1,0,0.24723166,0
2,36,0,0,0,0.0,0.0,0.0,0.0,0.0,0.0,2.3704305,2.3080556,2,-1,0,0.12418157,0
2,21,0,0,0,0.0,0.0,0.0,0.0,0.0,0.0,2.3026805,2.303611,2,-1,0,0.09474802,0
2,26,0,0,0,0.0,0.0,0.0,0.0,0.0,0.0,2.271389,2.3344445,2,-1,0,0.084462546,0
2,40,0,0,0,0.0,0.0,0.0,0.0,0.0,0.0,2.181146,2.203889,2,-1,0,0.08297387,0
2,2,0,0,0,0.0,0.0,0.0,0.0,0.0,0.0,2.1043472,2.1822221,2,-1,0,0.08824225,0
2,22,0,0,0,0.0,0.0,0.0,0.0,0.0,0.0,2.2902777,2.2933333,2,-1,0,0.036826573,0
2,13,0,0,0,0.0,0.0,0.0,0.0,0.0,0.0,2.082764,2.0333333,2,-1,0,0.07950237,0
2,19,0,0,0,0.0,0.0,0.0,0.0,0.0,0.0,3.271,3.2475,2,-1,0,0.80424386,1
2,33,0,0,0,0.0,0.0,0.0,0.0,0.0,0.0,2.0176945,2.0619445,2,-1,0,0.0791543,0
2,32,0,0,0,0.0,0.0,0.0,0.0,0.0,0.0,2.1803958,2.2366667,2,-1,0,0.1271662,0
3,40,0,0,0,0.0,0.0,0.0,0.0,0.0,0.0,2.0399375,2.005,2,-1,0,0.07395789,0
3,3,0,0,0,0.0,0.0,0.0,0.0,0.0,0.0,2.3477361,2.3044446,2,-1,0,0.05761232,0
3,38,1,1,1,-15.0970335,94.83083,134.22063,0.003096997,-0.0033975122,6.2222e-05,5.4613543,5.2683334,2,0,1,0.94116473,1
3,13,0,0,0,0.0,0.0,0.0,0.0,0.0,0.0,2.3613336,2.2994444,2,-1,0,0.054424033,0
3,9,0,0,0,0.0,0.0,0.0,0.0,0.0,0.0,2.1295972,2.1541667,2,-1,0,0.08821971,0
3,7,0,0,0,0.0,0.0,0.0,0.0,0.0,0.0,2.2186527,2.2094445,2,-1,0,0.07920476,0
3,30,1,1,1,-26.670134,-364.95197,244.3337,0.011927584,-0.01590798,0.004109701,22.859085,23.153889,2,1,1,0.9757563,1
3,17,0,0,0,0.0,0.0,0.0,0.0,0.0,0.0,2.1055834,2.1636112,2,-1,0,0.11784618,0
3,5,0,0,0,0.0,0.0,0.0,0.0,0.0,0.0,2.449861,2.3677778,2,-1,0,0.12833267,0
3,34,1,1,1,26.99955,-509.093,213.52734,0.0052311644,-0.011883553,0.0018822565,9.861229,9.803333,2,2,1,0.9959266,1
3,34,1,0,1,26.99955,-509.093,213.52734,0.0052311644,-0.011883553,0.0018822565,6.146834,6.1880555,2,-1,0,0.99339503,1
3,37,0,0,0,0.0,0.0,0.0,0.0,0.0,0.0,2.2799513,2.2155557,2,-1,0,0.14853133,0
3,16,1,1,1,32.371246,-106.74789,359.39725,0.0039512906,-0.0072691953,-0.0003319303,10.004723,10.010278,2,3,1,0.992155,1
3,5,1,1,1,-44.277912,475.26712,125.16352,0.008369207,-0.009970373,0.0033667558,10.315514,10.286389,2,4,1,0.99396753,1
3,14,0,0,0,0.0,0.0,0.0,0.0,0.0,0.0,2.3438404,2.3905556,2,-1,0,0.07697236,0
3,3,0,0,0,0.0,0.0,0.0,0.0,0.0,0.0,2.4192224,2.4019444,2,-1,0,0.22855334,0
3,21,0,0,0,0.0,0.0,0.0,0.0,0.0,0.0,2.0912917,2.043611,2,-1,0,0.11486005,0
3,10,0,0,0,0.0,0.0,0.0,0.0,0.0,0.0,2.5888054,2.5730555,2,-1,0,0.1387589,0
3,13,1,1,1,-46.840183,-238.4349,135.16971,0.00086720265,-0.0048119444,7.213885e-05,5.5313478,5.5505557,2,5,1,0.97842145,1
3,27,1,1,1,47.793465,517.3953,292.5935,0.019511035,-0.027537936,0.00762091,24.619093,24.562222,2,6,1,0.9990386,1
3,25,0,0,0,0.0,0.0,0.0,0.0,0.0,0.0,2.0977917,2.1447222,2,-1,0,0.12027313,0
3,27,1,0,1,47.793465,517.3953,292.5935,0.019511035,-0.027537936,0.00762091,4.786,4.7569447,2,-1,0,0.9819187,1
3,18,0,0,0,0.0,0.0,0.0,0.0,0.0,0.0,2.1733263,2.1833334,2,-1,0,0.09455358,0
3,40,1,1,1,55.63435,-177.22923,364.60388,0.013232428,-0.01796939,0.006396311,17.226896,17.151945,2,7,1,0.9972139,1
3,15,0,0,0,0.0,0.0,0.0,0.0,0.0,0.0,2.5459027,2.4766667,2,-1,0,0.08015677,0
3,16,0,0,0,0.0,0.0,0.0,0.0,0.0,0.0,2.2708263,2.2502778,2,-1,0,0.24338743,0
3,20,0,0,0,0.0,0.0,0.0,0.0,0.0,0.0,2.0232778,2.008889,2,-1,0,0.078817174,0
3,40,1,0,1,55.63435,-177.22923,364.60388,0.013232428,-0.01796939,0.006396311,3.4194167,3.4716666,2,-1,0,0.8986621,1
3,10,0,0,0,0.0,0.0,0.0,0.0,0.0,0.0,2.00725,2.0130556,2,-1,0,0.07923259,0
3,14,0,0,0,0.0,0.0,0.0,0.0,0.0,0.0,2.3447223,2.3472223,2,-1,0,0.122479,0
3,32,1,1,1,66.50743,-484.97473,339.7399,0.013027455,-0.01699054,0.0017020123,22.80018,22.845,2,8,1,0.938206,1
3,11,0,0,0,0.0,0.0,0.0,0.0,0.0,0.0,2.053125,2.0108333,2,-1,0,0.039733503,0
3,31,0,0,0,0.0,0.0,0.0,0.0,0.0,0.0,2.2874167,2.2883334,2,-1,0,0.17404886,0
3,17,0,0,0,0.0,0.0,0.0,0.0,0.0,0.0,2.7235346,2.585,2,-1,0,0.17115414,0
3,3,0,0,0,0.0,0.0,0.0,0.0,0.0,0.0,2.0687222,2.0541666,2,-1,0,0.09457888,0
3,35,1,1,1,-78.35517,8.231907,174.13167,0.0046548885,-0.0061658164,-3.0193974e-05,7.392653,7.4772224,2,9,1,0.97859484,1
3,18,0,0,0,0.0,0.0,0.0,0.0,0.0,0.0,2.5743403,2.5855556,2,-1,0,0.2981329,0
3,40,1,0,1,55.63435,-177.22923,364.60388,0.013232428,-0.01796939,0.006396311,2.0326111,2.1041667,2,-1,0,0.0768184,0
3,28,1,1,1,-88.449646,-193.13123,92.66561,0.002815806,-0.0015838663,0.0009204272,3.2876594,3.2213888,2,10,1,0.19035193,0
3,22,0,0,0,0.0,0.0,0.0,0.0,0.0,0.0,2.4634652,2.5405555,2,-1,0,0.17781359,0
3,34,0,0,0,0.0,0.0,0.0,0.0,0.0,0.0,2.2933264,2.3477778,2,-1,0,0.12308279,0
3,10,0,0,0,0.0,0.0,0.0,0.0,0.0,0.0,2.4745696,2.4502778,2,-1,0,0.18334977,0
3,36,1,1,1,96.78298,9.967242,54.885845,0.006918046,-0.009283207,0.0042882445,13.792347,13.8758335,2,11,1,0.99501896,1
3,19,0,0,0,0.0,0.0,0.0,0.0,0.0,0.0,2.0829444,2.1311111,2,-1,0,0.08266154,0
3,33,0,0,0,0.0,0.0,0.0,0.0,0.0,0.0,2.889514,2.7697222,2,-1,0,0.6654676,1
3,18,1,1,1,-102.826416,-197.63197,427.8192,0.0044875657,-0.0074628396,0.0024339512,10.29859,10.283055,2,12,1,0.99595463,1
3,22,0,0,0,0.0,0.0,0.0,0.0,0.0,0.0,2.1015832,2.0847223,2,-1,0,0.034002777,0
3,33,0,0,0,0.0,0.0,0.0,0.0,0.0,0.0,2.0828748,2.096111,2,-1,0,0.10489574,0
3,33,0,0,0,0.0,0.0,0.0,0.0,0.0,0.0,2.1663818,2.128611,2,-1,0,0.039566368,0
3,18,0,0,0,0.0,0.0,0.0,0.0,0.0,0.0,2.15975,2.0977778,2,-1,0,0.09282822,0
3,36,0,0,0,0.0,0.0,0.0,0.0,0.0,0.0,2.3934374,2.3105555,2,-1,0,0.13127342,0
3,26,1,1,1,-127.7793,-167.83485,246.9637,0.018885978,-0.026988627,0.0069415607,33.824375,34.015835,2,13,1,0.99966383,1
3,14,1,0,1,-160.06224,-459.11252,437.2876,0.013150091,-0.019045511,0.004823558,6.4217296,6.3769445,2,-1,0,0.96883136,1
3,20,0,0,0,0.0,0.0,0.0,0.0,0.0,0.0,2.157361,2.1222222,2,-1,0,0.07387837,0
3,25,0,0,0,0.0,0.0,0.0,0.0,0.0,0.0,1.9779029,2.0113888,2,-1,0,0.081352435,0
3,13,0,0,0,0.0,0.0,0.0,0.0,0.0,0.0,2.580632,2.543611,2,-1,0,0.32770655,0
3,24,0,0,0,0.0,0.0,0.0,0.0,0.0,0.0,2.6713333,2.6630557,2,-1,0,0.08411231,0
3,1,0,0,0,0.0,0.0,0.0,0.0,0.0,0.0,2.6079724,2.6527777,2,-1,0,0.13189107,0
3,2,0,0,0,0.0,0.0,0.0,0.0,0.0,0.0,2.3436944,2.266389,2,-1,0,0.11905724,0
3,38,0,0,0,0.0,0.0,0.0,0.0,0.0,0.0,1.9719721,2.0655556,2,-1,0,0.106823504,0
3,3,0,0,0,0.0,0.0,0.0,0.0,0.0,0.0,2.7654305,2.7330556,2,-1,0,0.13662957,0
3,9,1,1,1,-149.78764,-531.2186,22.69875,0.00145199,-0.0057262764,0.00090037356,6.1926107,6.2319446,2,14,1,0.9984648,1
3,14,1,0,1,-160.06224,-459.11252,437.2876,0.013150091,-0.019045511,0.004823558,5.626785,5.595278,2,-1,0,0.9734418,1
3,29,0,0,0,0.0,0.0,0.0,0.0,0.0,0.0,2.5669587,2.4922223,2,-1,0,0.09455773,0
3,14,1,1,1,-160.06224,-459.11252,437.2876,0.013150091,-0.019045511,0.004823558,12.018633,11.803611,2,15,1,0.9782631,1
3,35,0,0,0,0.0,0.0,0.0,0.0,0.0,0.0,1.9480278,2.0019445,2,-1,0,0.0960661,0
3,17,0,0,0,0.0,0.0,0.0,0.0,0.0,0.0,2.1902916,2.1305556,2,-1,0,0.08149008,0
3,15,0,0,0,0.0,0.0,0.0,0.0,0.0,0.0,2.5781598,2.5663888,2,-1,0,0.17166966,0
3,11,1,1,1,162.47945,413.6521,84.037674,0.012757423,-0.016628109,0.004797654,20.815748,21.186666,2,16,1,0.9998293,1
3,1,0,0,0,0.0,0.0,0.0,0.0,0.0,0.0,2.150993,2.1133332,2,-1,0,0.15402102,0
3,24,0,0,0,0.0,0.0,0.0,0.0,0.0,0.0,2.1377223,2.0819445,2,-1,0,0.12564644,0
3,16,0,0,0,0.0,0.0,0.0,0.0,0.0,0.0,2.5319512,2.6627777,2,-1,0,0.096687734,0
3,2,1,1,1,187.28934,-29.391642,187.43753,0.008716965,-0.009977478,0.002224222,11.300666,11.443055,2,17,1,0.99816656,1
3,33,1,1,1,195.05005,517.47327,79.7821,0.0024983024,-0.002681396,0.0019794526,4.155986,4.0505557,2,18,1,0.991962,1
3,17,0,0,0,0.0,0.0,0.0,0.0,0.0,0.0,2.3105974,2.3069444,2,-1,0,0.12145529,0
3,8,0,0,0,0.0,0.0,0.0,0.0,0.0,0.0,2.0420694,2.0944445,2,-1,0,0.057003997,0
3,23,1,1,1,200.23514,-72.39915,54.366047,0.010537894,-0.015943475,0.00343249,17.838,17.784445,2,19,1,0.976001,1
3,19,1,1,1,-209.97145,354.95056,319.01212,0.010108041,-0.013508906,0.0016941779,18.708666,18.834167,2,20,1,0.97021073,1
3,5,0,0,0,0.0,0.0,0.0,0.0,0.0,0.0,2.5043166,2.368611,2,-1,0,0.09755959,0
3,23,1,0,1,200.23514,-72.39915,54.366047,0.010537894,-0.015943475,0.00343249,3.098028,3.0511112,2,-1,0,0.7353042,1
3,12,0,0,0,0.0,0.0,0.0,0.0,0.0,0.0,2.0732498,2.0727777,2,-1,0,0.10412144,0
3,23,0,0,0,0.0,0.0,0.0,0.0,0.0,0.0,2.6336734,2.6158333,2,-1,0,0.11383139,0
3,9,0,0,0,0.0,0.0,0.0,0.0,0.0,0.0,2.6133332,2.6627777,2,-1,0,0.15976526,0
3,26,0,0,0,0.0,0.0,0.0,0.0,0.0,0.0,2.2275834,2.19,2,-1,0,0.1526971,0
3,38,0,0,0,0.0,0.0,0.0,0.0,0.0,0.0,1.9995068,2.0802777,2,-1,0,0.082253784,0
3,30,0,0,0,0.0,0.0,0.0,0.0,0.0,0.0,2.579,2.5758333,2,-1,0,0.17705937,0
3,20,1,1,1,-226.30496,347.15048,131.92805,0.00805305,-0.009379469,0.0026340152,9.364438,9.296667,2,21,1,0.98224914,1
3,21,1,0,1,-241.10553,339.72424,28.560305,0.009897321,-0.018905163,0.0047910693,6.128667,6.1372223,2,-1,0,0.9762574,1
3,29,0,0,0,0.0,0.0,0.0,0.0,0.0,0.0,2.0668333,2.0775,2,-1,0,0.1271217,0
3,4,0,0,0,0.0,0.0,0.0,0.0,0.0,0.0,2.0502777,2.04,2,-1,0,0.12019507,0
3,39,1,1,1,-234.13069,444.13147,291.88303,0.008015121,-0.007619999,0.0016772089,11.398695,11.190556,2,22,1,0.9945962,1
3,15,1,1,1,-232.50446,-140.93736,270.74832,0.00088376127,-0.0020705338,0.0015735395,2.460194,2.4083333,2,23,1,0.27753785,0
3,21,1,0,1,-241.10553,339.72424,28.560305,0.009897321,-0.018905163,0.0047910693,2.1500278,2.1572223,2,-1,0,0.11539158,0
3,21,1,1,1,-241.10553,339.72424,28.560305,0.009897321,-0.018905163,0.0047910693,10.8012705,10.817778,2,24,1,0.99373937,1
3,22,0,0,0,0.0,0.0,0.0,0.0,0.0,0.0,2.2661943,2.268889,2,-1,0,0.115484625,0
3,31,0,0,0,0.0,0.0,0.0,0.0,0.0,0.0,2.572021,2.495,2,-1,0,0.28447565,0
3,1,1,0,1,-263.26746,-469.06696,337.57022,0.010313775,-0.012837243,0.004492424,2.1925,2.2572222,2,-1,0,0.105364256,0
3,1,1,1,1,-263.26746,-469.06696,337.57022,0.010313775,-0.012837243,0.004492424,12.48584,12.581944,2,25,1,0.99376416,1
3,3,0,0,0,0.0,0.0,0.0,0.0,0.0,0.0,2.409861,2.4508333,2,-1,0,0.113911785,0
3,17,0,0,0,0.0,0.0,0.0,0.0,0.0,0.0,1.9889237,2.0383334,2,-1,0,0.12808208,0
3,26,0,0,0,0.0,0.0,0.0,0.0,0.0,0.0,2.1422083,2.1327777,2,-1,0,0.11731654,0
3,22,1,1,1,286.90024,-317.74988,112.7853,0.0014540688,-0.0048897946,0.002428364,5.397889,5.3855557,2,26,1,0.95968735,1
3,9,0,0,0,0.0,0.0,0.0,0.0,0.0,0.0,2.0370696,2.065,2,-1,0,0.038476475,0
3,25,1,1,1,290.57407,147.80685,276.42566,0.009479297,-0.012681987,0.0012379147,11.3955145,11.409445,2,27,1,0.98357326,1
3,9,0,0,0,0.0,0.0,0.0,0.0,0.0,0.0,2.0822916,2.0955555,2,-1,0,0.07079451,0
3,13,0,0,0,0.0,0.0,0.0,0.0,0.0,0.0,2.4987223,2.6747222,2,-1,0,0.26967147,0
3,35,0,0,0,0.0,0.0,0.0,0.0,0.0,0.0,2.0636249,2.0944445,2,-1,0,0.07270181,0
3,23,0,0,0,0.0,0.0,0.0,0.0,0.0,0.0,2.1752224,2.161111,2,-1,0,0.08447162,0
3,4,0,0,0,0.0,0.0,0.0,0.0,0.0,0.0,2.4446945,2.4397223,2,-1,0,0.14822844,0
3,20,0,0,0,0.0,0.0,0.0,0.0,0.0,0.0,2.9082363,2.7577777,2,-1,0,0.431231,0
3,2,0,0,0,0.0,0.0,0.0,0.0,0.0,0.0,2.1372988,2.139722,2,-1,0,0.17961943,0
3,3,1,1,1,321.77158,506.21628,197.95781,0.0057732207,-0.011562827,0.00012088032,9.505784,9.3972225,2,28,1,0.9976125,1
3,31,1,1,1,322.58792,-436.14825,367.18472,0.0045364755,-0.0066167037,0.0021089606,7.077139,7.0902777,2,29,1,0.95749885,1
3,10,1,1,1,322.48782,-397.92636,82.40011,0.005472386,-0.0048598014,0.0028496406,7.2394996,7.4497223,2,30,1,0.97542304,1
3,11,0,0,0,0.0,0.0,0.0,0.0,0.0,0.0,2.078493,2.0469444,2,-1,0,0.08846442,0
3,37,1,1,1,324.90195,-7.7194176,58.87232,0.0020650038,-0.0025675595,-0.0009744943,2.972979,2.9277778,2,31,1,0.67745215,1
3,18,0,0,0,0.0,0.0,0.0,0.0,0.0,0.0,2.1441042,2.0255556,2,-1,0,0.01745864,0
3,14,0,0,0,0.0,0.0,0.0,0.0,0.0,0.0,2.2213542,2.2,2,-1,0,0.09655645,0
3,24,0,0,0,0.0,0.0,0.0,0.0,0.0,0.0,2.1415625,2.198611,2,-1,0,0.12890841,0
3,4,0,0,0,0.0,0.0,0.0,0.0,0.0,0.0,2.9262638,2.8441668,2,-1,0,0.35235724,0
3,7,1,1,1,336.56833,-66.684296,96.74171,0.007657199,-0.009298783,0.0004183955,10.996036,11.12,2,32,1,0.9856712,1
3,29,1,1,1,340.361,-67.545235,110.63667,0.017287076,-0.027214995,0.0071203206,24.086805,24.017221,2,33,1,0.9989661,1
3,2,0,0,0,0.0,0.0,0.0,0.0,0.0,0.0,2.6451666,2.6083333,2,-1,0,0.116782986,0
3,2,0,0,0,0.0,0.0,0.0,0.0,0.0,0.0,2.56875,2.5866666,2,-1,0,0.013939952,0
3,16,0,0,0,0.0,0.0,0.0,0.0,0.0,0.0,2.2262082,2.1888888,2,-1,0,0.09727749,0
3,6,0,0,0,0.0,0.0,0.0,0.0,0.0,0.0,2.6664512,2.663889,2,-1,0,0.30662224,0
3,29,1,0,1,340.361,-67.545235,110.63667,0.017287076,-0.027214995,0.0071203206,4.6158404,4.638889,2,-1,0,0.9791555,1
3,6,0,0,0,0.0,0.0,0.0,0.0,0.0,0.0,2.5832567,2.4652777,2,-1,0,0.23955224,0
3,4,0,0,0,0.0,0.0,0.0,0.0,0.0,0.0,2.1037362,2.1347222,2,-1,0,0.08027424,0
3,8,1,1,1,-359.04868,-215.56728,436.2032,0.004013813,-0.00514145,0.003480184,6.527653,6.5841665,2,34,1,0.999185,1
3,12,0,0,0,0.0,0.0,0.0,0.0,0.0,0.0,2.1472778,2.166389,2,-1,0,0.10518199,0
3,30,0,0,0,0.0,0.0,0.0,0.0,0.0,0.0,2.477875,2.4941666,2,-1,0,0.31938657,0
3,4,1,1,1,-361.4593,434.99966,312.94128,0.0019251223,-0.0025155419,-0.0009912285,2.5613544,2.595,2,-1,1,0.22261634,0
3,21,0,0,0,0.0,0.0,0.0,0.0,0.0,0.0,2.1555,2.1511111,2,-1,0,0.112392984,0
3,22,0,0,0,0.0,0.0,0.0,0.0,0.0,0.0,2.1684585,2.1175,2,-1,0,0.12273617,0
3,35,0,0,0,0.0,0.0,0.0,0.0,0.0,0.0,2.5723333,2.5916667,2,-1,0,0.13742669,0
3,2,0,0,0,0.0,0.0,0.0,0.0,0.0,0.0,2.0991666,2.101389,2,-1,0,0.06816177,0
3,18,0,0,0,0.0,0.0,0.0,0.0,0.0,0.0,2.4953125,2.5647223,2,-1,0,0.22216327,0
3,14,0,0,0,0.0,0.0,0.0,0.0,0.0,0.0,2.0964375,2.0872223,2,-1,0,0.10109996,0
3,38,0,0,0,0.0,0.0,0.0,0.0,0.0,0.0,2.9417362,2.8597221,2,-1,0,0.34109464,0
3,28,0,0,0,0.0,0.0,0.0,0.0,0.0,0.0,2.0421805,2.1469445,2,-1,0,0.1353692,0
3,2,0,0,0,0.0,0.0,0.0,0.0,0.0,0.0,2.432021,2.4669445,2,-1,0,0.15700908,0
3,5,0,0,0,0.0,0.0,0.0,0.0,0.0,0.0,2.5268474,2.6372223,2,-1,0,0.08547908,0
3,10,0,0,0,0.0,0.0,0.0,0.0,0.0,0.0,2.1925416,2.1997223,2,-1,0,0.07650615,0
3,25,0,0,0,0.0,0.0,0.0,0.0,0.0,0.0,2.0977778,2.1052778,2,-1,0,0.07295882,0
3,14,0,0,0,0.0,0.0,0.0,0.0,0.0,0.0,2.200271,2.1772223,2,-1,0,0.08359766,0
3,11,0,0,0,0.0,0.0,0.0,0.0,0.0,0.0,2.3962429,2.3605556,2,-1,0,0.080477856,0
3,17,0,0,0,0.0,0.0,0.0,0.0,0.0,0.0,2.436771,2.49,2,-1,0,0.08650918,0
3,40,0,0,0,0.0,0.0,0.0,0.0,0.0,0.0,2.013361,2.0219445,2,-1,0,0.08969661,0
3,34,0,0,0,0.0,0.0,0.0,0.0,0.0,0.0,2.3150418,2.26,2,-1,0,0.111890145,0
3,34,0,0,0,0.0,0.0,0.0,0.0,0.0,0.0,2.0909514,2.0638888,2,-1,0,0.089937285,0
3,30,0,0,0,0.0,0.0,0.0,0.0,0.0,0.0,2.2225,2.1994445,2,-1,0,0.08633562,0
3,37,0,0,0,0.0,0.0,0.0,0.0,0.0,0.0,2.5558057,2.5538888,2,-1,0,0.11337941,0
3,31,0,0,0,0.0,0.0,0.0,0.0,0.0,0.0,2.1188958,2.1725,2,-1,0,0.091213025,0
4,28,1,1,1,-7.5616245,-181.49525,423.97275,0.001992867,-0.0057543796,0.0016709357,7.244667,6.9780555,2,0,1,0.9832261,1
4,5,0,0,0,0.0,0.0,0.0,0.0,0.0,0.0,2.0427706,2.0425,2,-1,0,0.090201154,0
4,33,0,0,0,0.0,0.0,0.0,0.0,0.0,0.0,2.6848474,2.848611,2,-1,0,0.27760437,0
4,22,0,0,0,0.0,0.0,0.0,0.0,0.0,0.0,2.3355832,2.2591667,2,-1,0,0.08320025,0
4,36,0,0,0,0.0,0.0,0.0,0.0,0.0,0.0,2.320722,2.3083334,2,-1,0,0.08485121,0
4,29,0,0,0,0.0,0.0,0.0,0.0,0.0,0.0,2.3008332,2.3105555,2,-1,0,0.06787838,0
4,8,0,0,0,0.0,0.0,0.0,0.0,0.0,0.0,2.385361,2.3902779,2,-1,0,0.08838518,0
4,40,0,0,0,0.0,0.0,0.0,0.0,0.0,0.0,2.115847,2.0927777,2,-1,0,0.09900214,0
4,10,0,0,0,0.0,0.0,0.0,0.0,0.0,0.0,2.1499724,2.1908333,2,-1,0,0.102538705,0
4,11,0,0,0,0.0,0.0,0.0,0.0,0.0,0.0,2.7915,2.7844443,2,-1,0,0.05445736,0
4,12,0,0,1,-24.008986,299.11185,160.55489,0.016384711,-0.024386648,0.0043219887,2.1052291,2.0308332,2,-1,0,0.08125225,0
4,11,0,0,0,0.0,0.0,0.0,0.0,0.0,0.0,2.7455833,2.6316667,2,-1,0,0.16208635,0
4,10,0,0,0,0.0,0.0,0.0,0.0,0.0,0.0,2.4128957,2.432778,2,-1,0,0.057915654,0
4,12,1,0,1,-24.008986,299.11185,160.55489,0.016384711,-0.024386648,0.0043219887,12.381646,12.5125,2,-1,0,0.9839401,1
4,12,1,1,1,-24.008986,299.11185,160.55489,0.016384711,-0.024386648,0.0043219887,18.03341,18.090555,2,1,1,0.99639386,1
4,31,0,0,0,0.0,0.0,0.0,0.0,0.0,0.0,2.5679584,2.57,2,-1,0,0.13199116,0
4,4,0,0,0,0.0,0.0,0.0,0.0,0.0,0.0,2.5600555,2.5502777,2,-1,0,0.090695724,0
4,37,0,0,0,0.0,0.0,0.0,0.0,0.0,0.0,2.4847221,2.5405555,2,-1,0,0.0924585,0
4,20,0,0,0,0.0,0.0,0.0,0.0,0.0,0.0,2.5275624,2.6175,2,-1,0,0.10919807,0
4,13,0,0,0,0.0,0.0,0.0,0.0,0.0,0.0,2.2235556,2.2366667,2,-1,0,0.09436609,0
4,7,1,1,1,-37.900055,-318.7608,377.35986,0.004853867,-0.0064753834,0.00018659187,9.550403,9.472222,2,2,1,0.9987984,1
4,24,0,0,0,0.0,0.0,0.0,0.0,0.0,0.0,2.132639,2.0766666,2,-1,0,0.083706334,0
4,37,0,0,0,0.0,0.0,0.0,0.0,0.0,0.0,2.6491666,2.5297222,2,-1,0,0.21258295,0
4,16,0,0,0,0.0,0.0,0.0,0.0,0.0,0.0,2.010479,2.0119445,2,-1,0,0.05422462,0
4,31,1,1,1,-40.04679,-393.61127,402.5852,0.0010843314,-0.002287456,0.0013002218,2.6525,2.7908332,2,3,1,0.24092083,0
4,7,0,0,0,0.0,0.0,0.0,0.0,0.0,0.0,3.1674306,3.176389,2,-1,0,0.44340387,0
4,31,0,0,0,0.0,0.0,0.0,0.0,0.0,0.0,2.0405903,2.0758333,2,-1,0,0.079974346,0
4,5,0,0,0,0.0,0.0,0.0,0.0,0.0,0.0,1.9208333,2.0205555,2,-1,0,0.113315344,0
4,20,1,1,1,-52.19737,5.949299,282.42368,0.0078559285,-0.009456105,0.004783385,15.911077,15.974167,2,4,1,0.98022354,1
4,4,0,0,0,0.0,0.0,0.0,0.0,0.0,0.0,2.1917083,2.1894445,2,-1,0,0.10897953,0
4,3,0,0,0,0.0,0.0,0.0,0.0,0.0,0.0,2.138125,2.206389,2,-1,0,0.08703698,0
4,14,0,0,0,0.0,0.0,0.0,0.0,0.0,0.0,2.2424028,2.291111,2,-1,0,0.10754542,0
4,20,0,0,0,0.0,0.0,0.0,0.0,0.0,0.0,2.1117084,2.17,2,-1,0,0.13978043,0
4,5,1,1,1,-57.871773,142.53882,429.81656,0.005835935,-0.012709585,0.0008617194,13.030715,13.136945,2,5,1,0.9850435,1
4,17,0,0,0,0.0,0.0,0.0,0.0,0.0,0.0,2.30875,2.266389,2,-1,0,0.14861406,0
4,32,1,1,1,65.70315,-187.99687,158.62993,0.010257851,-0.014724614,0.0015364562,22.563744,22.503334,2,6,1,0.99979085,1
4,22,1,1,1,72.13809,-563.272,53.331436,0.010250609,-0.013374638,0.0015410539,18.907236,18.900555,2,7,1,0.9899485,1
4,25,0,0,0,0.0,0.0,0.0,0.0,0.0,0.0,2.5545416,2.5497222,2,-1,0,0.10036724,0
4,40,1,1,1,86.79656,575.36584,134.51912,0.003218555,-0.0025740326,-3.1363015e-05,4.139889,4.2566667,2,8,1,0.96942186,1
4,1,0,0,0,0.0,0.0,0.0,0.0,0.0,0.0,2.6591666,2.653889,2,-1,0,0.27377746,0
4,7,0,0,0,0.0,0.0,0.0,0.0,0.0,0.0,2.2202845,2.2930555,2,-1,0,0.10697802,0
4,18,1,0,1,92.491974,375.4135,7.304321,0.008895471,-0.017599503,0.004653436,3.7696667,3.8733332,2,-1,0,0.962648,1
4,18,0,0,0,0.0,0.0,0.0,0.0,0.0,0.0,2.5612917,2.5025,2,-1,0,0.30670708,0
4,18,1,1,1,92.491974,375.4135,7.304321,0.008895471,-0.017599503,0.004653436,16.005486,15.963889,2,9,1,0.9916815,1
4,14,0,0,0,0.0,0.0,0.0,0.0,0.0,0.0,2.112264,2.0266666,2,-1,0,0.059888814,0
4,5,0,0,0,0.0,0.0,0.0,0.0,0.0,0.0,2.1349862,2.1252778,2,-1,0,0.082369655,0
4,25,1,1,1,-110.17792,501.9833,197.08524,0.003504674,-0.0032060437,-0.00083098566,4.848319,4.9119444,2,10,1,0.98907894,1
4,11,0,0,0,0.0,0.0,0.0,0.0,0.0,0.0,2.2187293,2.2036111,2,-1,0,0.11418031,0
4,26,1,1,1,114.25741,-432.13727,152.37727,0.0053601433,-0.010634244,0.0043481346,12.411215,12.100278,2,11,1,0.9935615,1
4,13,1,0,1,119.275764,-74.07069,80.94528,0.014880831,-0.01889493,0.0042285267,4.806291,4.8069444,2,-1,0,0.9772059,1
4,13,1,1,1,119.275764,-74.07069,80.94528,0.014880831,-0.01889493,0.0042285267,21.847021,21.282223,2,12,1,0.98892224,1
4,28,0,0,0,0.0,0.0,0.0,0.0,0.0,0.0,2.3020625,2.285,2,-1,0,0.06336824,0
4,26,1,0,1,114.25741,-432.13727,152.37727,0.0053601433,-0.010634244,0.0043481346,2.1503334,2.0866666,2,-1,0,0.077319,0
4,2,0,0,0,0.0,0.0,0.0,0.0,0.0,0.0,2.121007,2.1794446,2,-1,0,0.09196009,0
4,10,1,1,1,-128.04684,541.7358,398.55585,0.0062312316,-0.008431488,0.0014497635,9.468152,9.4777775,2,13,1,0.9970937,1
4,40,0,0,0,0.0,0.0,0.0,0.0,0.0,0.0,2.3477778,2.421111,2,-1,0,0.1261838,0
4,1,0,0,0,0.0,0.0,0.0,0.0,0.0,0.0,2.2257638,2.1783333,2,-1,0,0.13792706,0
4,27,0,0,0,0.0,0.0,0.0,0.0,0.0,0.0,2.106132,2.1458333,2,-1,0,0.087182716,0
4,25,0,0,0,0.0,0.0,0.0,0.0,0.0,0.0,2.7404861,2.6516666,2,-1,0,0.19511677,0
4,20,0,0,0,0.0,0.0,0.0,0.0,0.0,0.0,2.5390902,2.4925,2,-1,0,0.09048952,0
4,4,1,1,1,-148.06299,20.155672,109.281944,0.0028363867,-0.0031990574,-0.00058852875,3.1666808,3.1997223,2,14,1,0.4692393,0
4,23,0,0,0,0.0,0.0,0.0,0.0,0.0,0.0,2.452875,2.3775,2,-1,0,0.14299671,0
4,22,0,0,0,0.0,0.0,0.0,0.0,0.0,0.0,2.6342847,2.5202777,2,-1,0,0.08734309,0
4,22,0,0,0,0.0,0.0,0.0,0.0,0.0,0.0,2.0799446,2.0708334,2,-1,0,0.03421022,0
4,1,0,0,0,0.0,0.0,0.0,0.0,0.0,0.0,2.3222916,2.4469445,2,-1,0,0.117013566,0
4,3,0,0,0,0.0,0.0,0.0,0.0,0.0,0.0,2.178,2.1783333,2,-1,0,0.0662658,0
4,36,0,0,0,0.0,0.0,0.0,0.0,0.0,0.0,2.2844443,2.1975,2,-1,0,0.08878661,0
4,16,0,0,0,0.0,0.0,0.0,0.0,0.0,0.0,2.0934029,2.1405556,2,-1,0,0.11019226,0
4,2,0,0,0,0.0,0.0,0.0,0.0,0.0,0.0,2.559257,2.5905557,2,-1,0,0.12940396,0
4,10,0,0,0,0.0,0.0,0.0,0.0,0.0,0.0,3.02925,3.0127778,2,-1,0,0.37406826,0
4,29,0,0,0,0.0,0.0,0.0,0.0,0.0,0.0,2.098014,2.1572223,2,-1,0,0.08491566,0
4,31,0,0,0,0.0,0.0,0.0,0.0,0.0,0.0,2.1702082,2.1752777,2,-1,0,0.06368805,0
4,17,0,0,0,0.0,0.0,0.0,0.0,0.0,0.0,2.5489166,2.6147223,2,-1,0,0.0268825,0
4,6,0,0,0,0.0,0.0,0.0,0.0,0.0,0.0,2.2135835,2.1555555,2,-1,0,0.046806976,0
4,17,1,1,1,187.8795,380.72903,449.40863,0.014365915,-0.023246832,0.0047325566,16.541117,16.632778,2,15,1,0.98955536,1
4,17,1,0,1,187.8795,380.72903,449.40863,0.014365915,-0.023246832,0.0047325566,10.6548195,10.7825,2,-1,0,0.9858036,1
4,39,1,1,1,191.33716,218.62378,143.73766,0.010313248,-0.011622423,0.0023397577,14.891611,14.831944,2,16,1,0.9616196,1
4,22,0,0,0,0.0,0.0,0.0,0.0,0.0,0.0,2.1786735,2.1691666,2,-1,0,0.18456481,0
4,3,1,1,1,197.96089,-374.99817,249.3564,0.0074324096,-0.015350547,0.0024431401,17.549234,17.822222,2,17,1,0.99946576,1
4,6,0,0,0,0.0,0.0,0.0,0.0,0.0,0.0,2.4968958,2.541111,2,-1,0,0.09836137,0
4,16,1,1,1,-207.29564,205.89926,328.84604,0.010585165,-0.015807167,0.0025508977,13.64793,13.5847225,2,18,1,0.9945797,1
4,16,1,0,1,-207.29564,205.89926,328.84604,0.010585165,-0.015807167,0.0025508977,4.1995277,4.292778,2,-1,0,0.90532094,1
4,11,0,0,0,0.0,0.0,0.0,0.0,0.0,0.0,2.8118474,2.7513888,2,-1,0,0.118381344,0
4,38,0,0,0,0.0,0.0,0.0,0.0,0.0,0.0,2.0227988,2.0605555,2,-1,0,0.11355038,0
4,31,0,0,0,0.0,0.0,0.0,0.0,0.0,0.0,2.0533612,2.1227777,2,-1,0,0.09589744,0
4,35,1,1,1,220.53906,143.86923,34.969326,0.007067054,-0.0104579,0.00019986155,12.453903,12.487223,2,-1,1,0.94941926,1
4,34,1,1,1,-224.39769,100.29573,418.05298,0.004901414,-0.0103829,0.0004726853,11.491063,11.5419445,2,19,1,0.9874702,1
4,9,1,1,1,228.42838,261.81418,452.39615,0.008246713,-0.00882885,0.0018866847,13.361048,13.084444,2,20,1,0.97726226,1
4,31,0,0,0,0.0,0.0,0.0,0.0,0.0,0.0,2.1133542,2.1991668,2,-1,0,0.08999872,0
4,20,0,0,0,0.0,0.0,0.0,0.0,0.0,0.0,2.1028888,2.1619444,2,-1,0,0.12846076,0
4,27,1,1,1,246.88426,-329.79807,307.84497,0.004437971,-0.0051922644,0.0032111367,7.4383473,7.411389,2,21,1,0.9635593,1
4,5,0,0,0,0.0,0.0,0.0,0.0,0.0,0.0,2.3623474,2.4083333,2,-1,0,0.11783169,0
4,29,0,0,0,0.0,0.0,0.0,0.0,0.0,0.0,2.567361,2.615,2,-1,0,0.2014823,0
4,25,0,0,0,0.0,0.0,0.0,0.0,0.0,0.0,2.5235627,2.441111,2,-1,0,0.15100963,0
4,33,0,0,0,0.0,0.0,0.0,0.0,0.0,0.0,2.1238332,2.0966666,2,-1,0,0.086608455,0
4,29,0,0,0,0.0,0.0,0.0,0.0,0.0,0.0,2.3869998,2.4225,2,-1,0,0.08916975,0
4,19,1,1,1,-254.82849,172.16518,459.50058,0.0046509705,-0.006638577,-0.0004726848,7.165194,7.2233334,2,22,1,0.98594683,1
4,14,1,1,1,-257.3577,-11.523997,253.93715,0.01533226,-0.018376937,0.005482834,18.23868,18.297222,2,23,1,0.97720474,1
4,14,1,0,1,-257.3577,-11.523997,253.93715,0.01533226,-0.018376937,0.005482834,5.7725973,5.6908336,2,-1,0,0.9784814,1
4,27,0,0,0,0.0,0.0,0.0,0.0,0.0,0.0,3.3284028,3.2372222,2,-1,0,0.9011517,1
4,1,1,1,1,264.39102,586.58887,268.23227,0.010091913,-0.016402936,0.0008698056,17.75218,17.84361,2,24,1,0.9254854,1
4,37,1,1,1,266.72583,-195.47086,436.96005,0.0016183291,-0.005907363,0.0010964609,5.5640135,5.566111,2,25,1,0.9771071,1
4,15,1,0,1,302.86063,-530.9469,31.58564,0.0055039013,-0.011264432,0.0038274375,4.2594514,4.1880555,2,-1,0,0.95060766,1
4,11,1,1,1,-286.08847,-60.575848,392.55048,0.005502727,-0.0049943803,0.0021891908,7.4634933,7.509722,2,26,1,0.9821249,1
4,1,0,0,0,0.0,0.0,0.0,0.0,0.0,0.0,2.347653,2.3416667,2,-1,0,0.14297183,0
4,16,0,0,0,0.0,0.0,0.0,0.0,0.0,0.0,2.0489652,2.0669444,2,-1,0,0.0889179,0
4,18,0,0,0,0.0,0.0,0.0,0.0,0.0,0.0,2.2786665,2.2294445,2,-1,0,0.09092946,0
4,36,1,1,1,-298.93204,-469.76035,185.89664,0.0023290755,-0.0021115195,0.0019460825,3.2238333,3.2641666,2,27,1,0.67961055,1
4,15,1,1,1,302.86063,-530.9469,31.58564,0.0055039013,-0.011264432,0.0038274375,5.0554442,5.0625,2,28,1,0.9809583,1
4,24,0,0,0,0.0,0.0,0.0,0.0,0.0,0.0,2.5727224,2.5558333,2,-1,0,0.08532433,0
4,15,0,0,0,0.0,0.0,0.0,0.0,0.0,0.0,2.5271876,2.5316668,2,-1,0,0.14080344,0
4,26,0,0,0,0.0,0.0,0.0,0.0,0.0,0.0,2.3758886,2.3319445,2,-1,0,0.09362498,0
4,10,0,0,0,0.0,0.0,0.0,0.0,0.0,0.0,2.6213613,2.55,2,-1,0,0.3683721,0
4,23,1,0,1,-327.72186,-399.5572,335.00327,0.010168743,-0.014664927,0.0042310557,2.1053126,2.0877779,2,-1,0,0.1192265,0
4,22,0,0,0,0.0,0.0,0.0,0.0,0.0,0.0,2.1446319,2.1136112,2,-1,0,0.09530059,0
4,23,1,1,1,-327.72186,-399.5572,335.00327,0.010168743,-0.014664927,0.0042310557,14.774924,14.711111,2,29,1,0.99550253,1
4,8,1,1,1,-330.12277,-461.02,450.5359,0.008983447,-0.011419718,0.004787486,14.318403,14.398611,2,30,1,0.9860529,1
4,30,1,1,1,-326.8003,-110.89637,44.543686,0.0031495707,-0.0076727527,-0.00014945798,7.722702,7.6180553,2,31,1,0.9957558,1
4,20,0,0,0,0.0,0.0,0.0,0.0,0.0,0.0,2.5482914,2.6188889,2,-1,0,0.09342936,0
4,17,0,0,0,0.0,0.0,0.0,0.0,0.0,0.0,2.0731666,2.0077777,2,-1,0,0.069144934,0
4,26,0,0,0,0.0,0.0,0.0,0.0,0.0,0.0,2.1420765,2.1705556,2,-1,0,0.11717997,0
4,38,1,1,1,335.69482,399.69235,282.28738,0.006338149,-0.013159332,0.0022993737,14.539125,14.3752775,2,32,1,0.98212147,1
4,21,1,1,1,-337.59515,-151.02536,438.95743,0.0055157854,-0.00992842,0.002513403,10.524305,10.700556,2,33,1,0.9946661,1
4,31,0,0,0,0.0,0.0,0.0,0.0,0.0,0.0,2.4682221,2.4497223,2,-1,0,0.18154864,0
4,1,0,0,0,0.0,0.0,0.0,0.0,0.0,0.0,2.278597,2.2052777,2,-1,0,0.032292526,0
4,34,0,0,0,0.0,0.0,0.0,0.0,0.0,0.0,2.7514584,2.6994445,2,-1,0,0.09275403,0
4,24,0,0,0,0.0,0.0,0.0,0.0,0.0,0.0,2.1854167,2.1672223,2,-1,0,0.087076694,0
4,13,0,0,0,0.0,0.0,0.0,0.0,0.0,0.0,1.9703264,2.028889,2,-1,0,0.095108874,0
4,2,0,0,0,0.0,0.0,0.0,0.0,0.0,0.0,2.0474653,2.0563889,2,-1,0,0.075267375,0
4,31,0,0,0,0.0,0.0,0.0,0.0,0.0,0.0,2.2504444,2.3052778,2,-1,0,0.07767269,0
4,23,0,0,0,0.0,0.0,0.0,0.0,0.0,0.0,2.347125,2.2955556,2,-1,0,0.053249486,0
4,21,0,0,0,0.0,0.0,0.0,0.0,0.0,0.0,2.5997293,2.4544444,2,-1,0,0.12066557,0
4,16,0,0,0,0.0,0.0,0.0,0.0,0.0,0.0,2.6484792,2.6197221,2,-1,0,0.29138634,0
4,36,0,0,0,0.0,0.0,0.0,0.0,0.0,0.0,3.098736,2.9738889,2,-1,0,0.24199744,0
4,35,0,0,0,0.0,0.0,0.0,0.0,0.0,0.0,2.4816737,2.4005556,2,-1,0,0.24473517,0
4,32,0,0,0,0.0,0.0,0.0,0.0,0.0,0.0,2.3460279,2.416111,2,-1,0,0.1493934,0
4,30,0,0,0,0.0,0.0,0.0,0.0,0.0,0.0,2.1030416,2.1597223,2,-1,0,0.06776985,0
4,17,0,0,0,0.0,0.0,0.0,0.0,0.0,0.0,2.0717223,2.0586112,2,-1,0,0.06685438,0
4,18,0,0,0,0.0,0.0,0.0,0.0,0.0,0.0,2.2399724,2.1802778,2,-1,0,0.11497757,0
4,2,0,0,0,0.0,0.0,0.0,0.0,0.0,0.0,2.110361,2.1569445,2,-1,0,0.10988022,0
4,10,0,0,0,0.0,0.0,0.0,0.0,0.0,0.0,2.0164514,2.0138888,2,-1,0,0.121526405,0
4,33,0,0,0,0.0,0.0,0.0,0.0,0.0,0.0,2.8840277,2.895,2,-1,0,0.23746929,0
4,11,0,0,0,0.0,0.0,0.0,0.0,0.0,0.0,1.9665972,2.004722,2,-1,0,0.098233685,0
4,33,0,0,0,0.0,0.0,0.0,0.0,0.0,0.0,2.1957362,2.3238888,2,-1,0,0.076307386,0
4,17,0,0,0,0.0,0.0,0.0,0.0,0.0,0.0,2.3652916,2.395,2,-1,0,0.16580254,0
4,14,0,0,0,0.0,0.0,0.0,0.0,0.0,0.0,2.5954168,2.6480556,2,-1,0,0.30575764,0
4,1,0,0,0,0.0,0.0,0.0,0.0,0.0,0.0,2.0027916,2.0511112,2,-1,0,0.09138931,0
4,13,0,0,0,0.0,0.0,0.0,0.0,0.0,0.0,2.1097918,2.0786111,2,-1,0,0.12593731,0
5,11,0,1,1,5.586823,-208.49234,244.02429,0.0036055555,-0.004747011,0.0029625932,7.256979,6.8813887,2,0,1,0.97829866,1
5,5,0,0,0,0.0,0.0,0.0,0.0,0.0,0.0,2.4464307,2.4672222,2,-1,0,0.11083489,0
5,26,0,0,0,0.0,0.0,0.0,0.0,0.0,0.0,2.4004931,2.297778,2,-1,0,0.1796176,0
5,4,0,0,0,0.0,0.0,0.0,0.0,0.0,0.0,2.1224167,2.1891668,2,-1,0,0.09774986,0
5,4,1,0,1,12.477374,-114.91967,123.77777,0.008599295,-0.009573944,0.0023820028,2.4607778,2.5780556,2,-1,0,0.08005524,0
5,4,1,1,1,12.477374,-114.91967,123.77777,0.008599295,-0.009573944,0.0023820028,6.7928123,6.5880556,2,1,1,0.9928635,1
5,30,0,0,0,0.0,0.0,0.0,0.0,0.0,0.0,2.0419998,2.033611,2,-1,0,0.11295412,0
5,29,1,1,1,-23.137615,447.35834,29.866055,0.015051615,-0.020989032,0.0023408632,30.03703,29.834167,2,2,1,0.99995315,1
5,24,0,0,0,0.0,0.0,0.0,0.0,0.0,0.0,2.6094584,2.5058334,2,-1,0,0.21367165,0
5,2,0,0,0,0.0,0.0,0.0,0.0,0.0,0.0,2.219014,2.145,2,-1,0,0.12399792,0
5,20,1,1,1,24.816603,387.56482,40.330452,0.006542998,-0.01250382,0.004405571,15.276902,15.671945,2,3,1,0.99032646,1
5,34,0,0,0,0.0,0.0,0.0,0.0,0.0,0.0,2.054111,2.0227778,2,-1,0,0.057406984,0
5,20,0,0,0,0.0,0.0,0.0,0.0,0.0,0.0,2.0140972,2.093889,2,-1,0,0.110735916,0
5,4,0,0,0,0.0,0.0,0.0,0.0,0.0,0.0,1.9380138,2.0416667,2,-1,0,0.07738195,0
5,4,1,0,1,12.477374,-114.91967,123.77777,0.008599295,-0.009573944,0.0023820028,2.412639,2.4077778,2,-1,0,0.16662763,0
5,36,0,0,0,0.0,0.0,0.0,0.0,0.0,0.0,2.5545833,2.5680556,2,-1,0,0.11691085,0
5,32,1,1,1,62.47806,-124.61977,2.8668516,0.00079110207,-0.0027734477,-0.0007846205,3.0049582,3.004722,2,4,1,0.30998853,0
5,5,0,0,0,0.0,0.0,0.0,0.0,0.0,0.0,2.0807083,2.0122223,2,-1,0,0.09691176,0
5,9,0,0,0,0.0,0.0,0.0,0.0,0.0,0.0,2.2074168,2.2313888,2,-1,0,0.1116996,0
5,16,0,0,0,0.0,0.0,0.0,0.0,0.0,0.0,2.5544446,2.5916667,2,-1,0,0.15546411,0
5,12,0,0,0,0.0,0.0,0.0,0.0,0.0,0.0,2.397,2.445,2,-1,0,0.12539184,0
5,7,1,1,1,71.11583,-448.28888,37.59899,0.003815057,-0.002732246,-0.00034088557,5.424694,5.287778,2,5,1,0.9946292,1
5,39,0,0,0,0.0,0.0,0.0,0.0,0.0,0.0,2.3335626,2.3722222,2,-1,0,0.10056243,0
5,40,0,0,0,0.0,0.0,0.0,0.0,0.0,0.0,2.0412638,2.0875,2,-1,0,0.08140952,0
5,22,0,0,0,0.0,0.0,0.0,0.0,0.0,0.0,2.4437776,2.4347222,2,-1,0,0.07609616,0
5,40,0,0,0,0.0,0.0,0.0,0.0,0.0,0.0,2.8573334,2.8302777,2,-1,0,0.21300144,0
5,33,0,0,0,0.0,0.0,0.0,0.0,0.0,0.0,2.2644305,2.2541666,2,-1,0,0.088262334,0
5,18,0,0,0,0.0,0.0,0.0,0.0,0.0,0.0,2.016375,2.0141666,2,-1,0,0.07661671,0
5,21,0,0,0,0.0,0.0,0.0,0.0,0.0,0.0,2.191382,2.1511111,2,-1,0,0.07855343,0
5,25,0,0,0,0.0,0.0,0.0,0.0,0.0,0.0,2.1355832,2.1355555,2,-1,0,0.063702844,0
5,19,0,0,0,0.0,0.0,0.0,0.0,0.0,0.0,2.5683057,2.5630555,2,-1,0,0.13541569,0
5,14,0,0,0,0.0,0.0,0.0,0.0,0.0,0.0,2.4324722,2.5038888,2,-1,0,0.053788282,0
5,4,0,0,0,0.0,0.0,0.0,0.0,0.0,0.0,2.0438194,2.0316668,2,-1,0,0.032840908,0
5,23,0,0,0,0.0,0.0,0.0,0.0,0.0,0.0,2.2406664,2.271389,2,-1,0,0.10655882,0
5,17,0,0,0,0.0,0.0,0.0,0.0,0.0,0.0,2.37741,2.4552777,2,-1,0,0.083599746,0
5,35,0,0,0,0.0,0.0,0.0,0.0,0.0,0.0,2.3900557,2.3941667,2,-1,0,0.08317,0
5,34,1,1,1,-127.319405,257.83185,271.61887,0.00632841,-0.006070995,0.002726984,6.1201596,6.277222,2,6,1,0.98280257,1
5,3,0,0,0,0.0,0.0,0.0,0.0,0.0,0.0,2.344271,2.2797222,2,-1,0,0.08114479,0
5,35,0,0,0,0.0,0.0,0.0,0.0,0.0,0.0,2.3053195,2.2683334,2,-1,0,0.08371315,0
5,18,0,0,0,0.0,0.0,0.0,0.0,0.0,0.0,2.300375,2.2544444,2,-1,0,0.076612264,0
5,10,1,1,1,135.30045,-309.62607,266.3024,0.016215501,-0.025036046,0.005388188,27.239105,26.658056,2,7,1,0.98824817,1
5,38,0,0,0,0.0,0.0,0.0,0.0,0.0,0.0,2.631972,2.6872222,2,-1,0,0.1762122,0
5,8,0,0,0,0.0,0.0,0.0,0.0,0.0,0.0,2.470389,2.51,2,-1,0,0.17512624,0
5,10,1,0,1,135.30045,-309.62607,266.3024,0.016215501,-0.025036046,0.005388188,2.8888888,2.8719444,2,-1,0,0.17312634,0
5,34,0,0,0,0.0,0.0,0.0,0.0,0.0,0.0,2.5211387,2.4408333,2,-1,0,0.08887383,0
5,38,0,0,0,0.0,0.0,0.0,0.0,0.0,0.0,2.1770139,2.1783333,2,-1,0,0.098919064,0
5,34,0,0,0,0.0,0.0,0.0,0.0,0.0,0.0,2.2163196,2.1105556,2,-1,0,0.060969967,0
5,24,0,0,0,0.0,0.0,0.0,0.0,0.0,0.0,2.1514444,2.143889,2,-1,0,0.072996594,0
5,31,0,0,0,0.0,0.0,0.0,0.0,0.0,0.0,2.1286943,2.0441666,2,-1,0,0.047035452,0
5,33,0,0,0,0.0,0.0,0.0,0.0,0.0,0.0,2.0855973,2.0994444,2,-1,0,0.07833865,0
5,16,0,0,0,0.0,0.0,0.0,0.0,0.0,0.0,2.0569167,2.1147223,2,-1,0,0.11424169,0
5,24,0,0,0,0.0,0.0,0.0,0.0,0.0,0.0,2.5375142,2.5466666,2,-1,0,0.05522014,0
5,6,0,0,0,0.0,0.0,0.0,0.0,0.0,0.0,2.8620415,2.7461112,2,-1,0,0.23046784,0
5,28,1,1,1,169.71046,326.4839,255.07605,0.0057581086,-0.0062460904,-0.00041165354,8.741923,9.018611,2,8,1,0.9994491,1
5,39,1,1,1,-174.25601,-440.7967,117.88475,0.0075079235,-0.013116809,0.0044419067,15.577923,15.496111,2,9,1,0.985559,1
5,2,1,1,1,-171.05588,322.67023,173.21307,0.0008016325,-0.003614645,0.0014398729,3.6636806,3.6216667,2,10,1,0.940245,1
5,7,0,0,0,0.0,0.0,0.0,0.0,0.0,0.0,2.3475833,2.338889,2,-1,0,0.0915788,0
5,17,0,0,0,0.0,0.0,0.0,0.0,0.0,0.0,2.362632,2.3869445,2,-1,0,0.08069312,0
5,10,1,0,1,135.30045,-309.62607,266.3024,0.016215501,-0.025036046,0.005388188,1.9714167,2.0133333,2,-1,0,0.109090574,0
5,18,0,0,0,0.0,0.0,0.0,0.0,0.0,0.0,2.3317916,2.2841666,2,-1,0,0.1952341,0
5,1,0,0,0,0.0,0.0,0.0,0.0,0.0,0.0,2.7912915,2.611389,2,-1,0,0.10970627,0
5,15,1,1,1,181.82172,-284.10526,251.62486,0.021150652,-0.033263557,0.006642781,34.346783,34.194168,2,11,1,0.99979156,1
5,37,0,0,0,0.0,0.0,0.0,0.0,0.0,0.0,2.3988194,2.3944445,2,-1,0,0.10326076,0
5,15,1,0,1,181.82172,-284.10526,251.62486,0.021150652,-0.033263557,0.006642781,9.089327,9.0525,2,-1,0,0.9879353,1
5,26,1,1,1,195.56355,329.0699,132.64972,0.0042373696,-0.0050511262,0.0031594737,7.64202,7.6216664,2,12,1,0.985565,1
5,31,0,0,0,0.0,0.0,0.0,0.0,0.0,0.0,2.5905,2.5991666,2,-1,0,0.113436006,0
5,19,1,1,1,197.0107,489.84476,191.5029,0.017585436,-0.030515967,0.005611758,24.057459,24.135,2,13,1,0.9999409,1
5,28,0,0,0,0.0,0.0,0.0,0.0,0.0,0.0,2.2335556,2.2583334,2,-1,0,0.10366609,0
5,16,0,0,0,0.0,0.0,0.0,0.0,0.0,0.0,2.4372222,2.4644444,2,-1,0,0.13149709,0
5,4,0,0,0,0.0,0.0,0.0,0.0,0.0,0.0,2.599639,2.5927777,2,-1,0,0.12611203,0
5,5,1,1,1,203.21687,239.98625,430.788,0.0010586241,-0.0013857341,0.0015263831,2.0704026,2.04,2,14,1,0.1150178,0
5,19,1,0,1,197.0107,489.84476,191.5029,0.017585436,-0.030515967,0.005611758,12.575243,12.558333,2,-1,0,0.9919648,1
5,1,1,1,1,205.52657,529.5676,86.005905,0.0009056166,-0.002469814,-0.00085813063,2.416611,2.3852777,2,15,1,0.15051939,0
5,17,0,0,0,0.0,0.0,0.0,0.0,0.0,0.0,2.071014,2.04,2,-1,0,0.09284051,0
5,21,0,0,0,0.0,0.0,0.0,0.0,0.0,0.0,2.3307776,2.2886112,2,-1,0,0.06970693,0
5,36,0,0,0,0.0,0.0,0.0,0.0,0.0,0.0,2.9357016,2.8936112,2,-1,0,0.42820108,0
5,12,0,0,0,0.0,0.0,0.0,0.0,0.0,0.0,2.1583471,2.1622221,2,-1,0,0.043306977,0
5,20,0,0,0,0.0,0.0,0.0,0.0,0.0,0.0,2.0969167,2.1144445,2,-1,0,0.072096765,0
5,16,1,1,1,222.569,355.44345,191.7224,0.0026134637,-0.005675341,0.00073211873,6.241035,6.3022223,2,16,1,0.99326694,1
5,17,1,1,1,223.57822,329.89474,354.7818,0.013880714,-0.024874251,0.007416947,25.592999,25.797777,2,17,1,0.99695945,1
5,25,0,0,0,0.0,0.0,0.0,0.0,0.0,0.0,2.5462363,2.6416667,2,-1,0,0.16559803,0
5,17,1,0,1,223.57822,329.89474,354.7818,0.013880714,-0.024874251,0.007416947,4.6378407,4.5825,2,-1,0,0.955909,1
5,36,0,0,0,0.0,0.0,0.0,0.0,0.0,0.0,2.1898124,2.1577778,2,-1,0,0.112083174,0
5,38,0,0,0,0.0,0.0,0.0,0.0,0.0,0.0,2.2468612,2.2072222,2,-1,0,0.1049157,0
5,36,1,1,1,227.03947,-367.7165,118.30624,0.011793395,-0.02016253,0.0058997246,18.026443,18.025833,2,18,1,0.9810193,1
5,24,0,0,0,0.0,0.0,0.0,0.0,0.0,0.0,2.5429723,2.5486112,2,-1,0,0.13101858,0
5,3,0,0,0,0.0,0.0,0.0,0.0,0.0,0.0,2.4135835,2.4097223,2,-1,0,0.09197285,0
5,8,1,1,1,-237.78795,-449.33432,83.987885,0.007134614,-0.009279309,-0.00039282063,12.664328,12.604722,2,19,1,0.9572611,1
5,35,0,0,0,0.0,0.0,0.0,0.0,0.0,0.0,2.0962846,2.1141667,2,-1,0,0.083954975,0
5,9,1,1,1,248.94467,422.36276,143.53963,0.0011817433,-0.0037525496,0.0022339604,4.042166,4.125,2,20,1,0.9494802,1
5,27,1,1,1,249.77171,562.7815,275.70453,0.0009304773,-0.0042572906,0.0012527243,4.0482426,4.2330556,2,21,1,0.922085,1
5,36,1,0,1,227.03947,-367.7165,118.30624,0.011793395,-0.02016253,0.0058997246,3.9434721,3.8708334,2,-1,0,0.9771992,1
5,28,0,0,0,0.0,0.0,0.0,0.0,0.0,0.0,2.3525624,2.3397222,2,-1,0,0.15847261,0
5,39,0,0,0,0.0,0.0,0.0,0.0,0.0,0.0,1.9946946,2.031111,2,-1,0,0.03850306,0
5,18,1,1,1,256.49753,273.57516,449.53732,0.0044647255,-0.010423835,0.002908192,11.403736,11.627778,2,22,1,0.9969669,1
5,17,0,0,0,0.0,0.0,0.0,0.0,0.0,0.0,2.0084443,2.0327778,2,-1,0,0.09124078,0
5,14,0,0,0,0.0,0.0,0.0,0.0,0.0,0.0,2.3431807,2.2952778,2,-1,0,0.088637345,0
5,33,1,0,1,268.96085,-129.19778,190.29922,0.0070539075,-0.0121262,0.0013284673,3.7262914,3.7797222,2,-1,0,0.54151136,1
5,33,1,1,1,268.96085,-129.19778,190.29922,0.0070539075,-0.0121262,0.0013284673,10.312861,10.538611,2,23,1,0.95282984,1
5,28,0,0,0,0.0,0.0,0.0,0.0,0.0,0.0,2.4477985,2.4208333,2,-1,0,0.06822798,0
5,12,0,0,0,0.0,0.0,0.0,0.0,0.0,0.0,1.9614445,2.0166667,2,-1,0,0.07223036,0
5,10,0,0,0,0.0,0.0,0.0,0.0,0.0,0.0,2.1741943,2.1602778,2,-1,0,0.05695035,0
5,33,0,0,0,0.0,0.0,0.0,0.0,0.0,0.0,2.349014,2.3483334,2,-1,0,0.08556672,0
5,13,0,0,0,0.0,0.0,0.0,0.0,0.0,0.0,2.2923682,2.1980555,2,-1,0,0.108894676,0
5,38,0,0,0,0.0,0.0,0.0,0.0,0.0,0.0,2.235146,2.2830555,2,-1,0,0.11886768,0
5,13,0,0,0,0.0,0.0,0.0,0.0,0.0,0.0,2.4537637,2.4305556,2,-1,0,0.096601754,0
5,8,0,0,0,0.0,0.0,0.0,0.0,0.0,0.0,2.7565,2.825,2,-1,0,0.47254327,0
5,22,1,1,1,-305.10318,585.41876,256.2086,0.00059429696,-0.003683747,0.00091804366,3.5230002,3.4533334,2,24,1,0.90835625,1
5,40,0,0,0,0.0,0.0,0.0,0.0,0.0,0.0,2.1797292,2.1244445,2,-1,0,0.081914574,0
5,30,1,1,1,305.15945,454.69025,352.86398,0.0035250674,-0.008616235,0.0013273417,6.6201954,6.4844446,2,25,1,0.980374,1
5,24,0,0,0,0.0,0.0,0.0,0.0,0.0,0.0,2.6401942,2.5744445,2,-1,0,0.3826092,0
5,16,0,0,0,0.0,0.0,0.0,0.0,0.0,0.0,2.5021803,2.4805555,2,-1,0,0.1689521,0
5,10,0,0,0,0.0,0.0,0.0,0.0,0.0,0.0,2.3582363,2.3763888,2,-1,0,0.09852759,0
5,24,1,1,1,-317.62424,-286.8362,348.47186,0.0027985256,-0.0057811327,0.00211079,6.722042,6.588889,2,26,1,0.97555155,1
5,34,0,0,0,0.0,0.0,0.0,0.0,0.0,0.0,2.3602083,2.2725,2,-1,0,0.17410484,0
5,13,1,1,1,319.62503,-305.73145,437.42816,0.0059421123,-0.014125448,0.0012755856,15.745243,15.773611,2,27,1,0.99806947,1
5,21,1,1,1,-325.81738,592.14435,347.64505,0.0031247768,-0.0054203975,0.0028385094,6.2292914,6.3638887,2,28,1,0.9817601,1
5,12,0,0,0,0.0,0.0,0.0,0.0,0.0,0.0,2.113847,2.116111,2,-1,0,0.09485257,0
5,6,1,1,1,328.21182,-533.3772,17.658287,0.0076642237,-0.01366709,0.0027755303,15.704757,15.858334,2,29,1,0.9895996,1
5,5,0,0,0,0.0,0.0,0.0,0.0,0.0,0.0,2.2642221,2.2438889,2,-1,0,0.11497502,0
5,40,0,0,0,0.0,0.0,0.0,0.0,0.0,0.0,2.1116667,2.1508334,2,-1,0,0.1231782,0
5,9,0,0,0,0.0,0.0,0.0,0.0,0.0,0.0,2.19075,2.2083333,2,-1,0,0.14623442,0
5,36,0,0,0,0.0,0.0,0.0,0.0,0.0,0.0,2.0855904,2.0675,2,-1,0,0.07145011,0
5,40,1,1,1,343.22495,27.538515,16.689726,0.004839173,-0.009961277,0.00021737585,10.96693,10.923889,2,30,1,0.9734805,1
5,19,0,0,0,0.0,0.0,0.0,0.0,0.0,0.0,2.5211668,2.4966667,2,-1,0,0.18349612,0
5,14,1,1,1,345.33112,482.42926,43.598248,0.0037500528,-0.0072598895,-0.00010745948,8.041722,7.9522223,2,31,1,0.9823517,1
5,19,0,0,0,0.0,0.0,0.0,0.0,0.0,0.0,2.190882,2.2308333,2,-1,0,0.1176579,0
5,22,0,0,0,0.0,0.0,0.0,0.0,0.0,0.0,2.0823193,2.1383333,2,-1,0,0.079086326,0
5,7,0,0,0,0.0,0.0,0.0,0.0,0.0,0.0,2.2804585,2.2955556,2,-1,0,0.1130358,0
5,12,0,0,0,0.0,0.0,0.0,0.0,0.0,0.0,2.007375,2.0130556,2,-1,0,0.07699194,0
5,23,1,1,1,353.99417,423.79123,351.87393,0.01146882,-0.014914276,0.0051908954,19.29709,19.288055,2,32,1,0.9962494,1
5,25,0,0,0,0.0,0.0,0.0,0.0,0.0,0.0,2.4248335,2.471111,2,-1,0,0.07103597,0
5,27,0,0,0,0.0,0.0,0.0,0.0,0.0,0.0,2.2360556,2.2238889,2,-1,0,0.11952833,0
5,22,0,0,0,0.0,0.0,0.0,0.0,0.0,0.0,2.3575556,2.3941667,2,-1,0,0.113108285,0
5,33,0,0,0,0.0,0.0,0.0,0.0,0.0,0.0,2.501,2.4994445,2,-1,0,0.17354234,0
5,23,0,0,0,0.0,0.0,0.0,0.0,0.0,0.0,2.544493,2.55,2,-1,0,0.15620597,0
5,39,0,0,0,0.0,0.0,0.0,0.0,0.0,0.0,2.055743,2.1319444,2,-1,0,0.0863613,0
5,13,0,0,0,0.0,0.0,0.0,0.0,0.0,0.0,2.0850835,2.0988889,2,-1,0,0.111672334,0
5,6,0,0,0,0.0,0.0,0.0,0.0,0.0,0.0,2.288743,2.3502777,2,-1,0,0.08286461,0
5,29,0,0,0,0.0,0.0,0.0,0.0,0.0,0.0,2.0196805,2.0708334,2,-1,0,0.09165153,0
5,23,0,0,0,0.0,0.0,0.0,0.0,0.0,0.0,2.1758611,2.1452777,2,-1,0,0.13347726,0
5,38,0,0,0,0.0,0.0,0.0,0.0,0.0,0.0,2.2335973,2.2494445,2,-1,0,0.07799291,0
5,15,0,0,0,0.0,0.0,0.0,0.0,0.0,0.0,2.5634167,2.506389,2,-1,0,0.13704656,0
5,23,0,0,0,0.0,0.0,0.0,0.0,0.0,0.0,2.1190693,2.0683334,2,-1,0,0.11516898,0
5,28,0,0,0,0.0,0.0,0.0,0.0,0.0,0.0,2.0407639,2.0019445,2,-1,0,0.05918351,0
5,8,0,0,0,0.0,0.0,0.0,0.0,0.0,0.0,2.3170834,2.2805555,2,-1,0,0.10006375,0
5,20,0,0,0,0.0,0.0,0.0,0.0,0.0,0.0,2.5555139,2.56,2,-1,0,0.12798718,0
5,33,0,0,0,0.0,0.0,0.0,0.0,0.0,0.0,2.2514584,2.3075,2,-1,0,0.087206475,0
5,13,0,0,0,0.0,0.0,0.0,0.0,0.0,0.0,2.4858196,2.4502778,2,-1,0,0.12087503,0
5,32,0,0,0,0.0,0.0,0.0,0.0,0.0,0.0,2.75775,2.7136111,2,-1,0,0.4225173,0
5,30,0,0,0,0.0,0.0,0.0,0.0,0.0,0.0,2.2410138,2.2494445,2,-1,0,0.05455195,0
5,34,0,0,0,0.0,0.0,0.0,0.0,0.0,0.0,2.3408334,2.2880557,2,-1,0,0.10212902,0
5,23,0,0,0,0.0,0.0,0.0,0.0,0.0,0.0,2.0265417,2.0638888,2,-1,0,0.05131869,0
5,20,0,0,0,0.0,0.0,0.0,0.0,0.0,0.0,2.2027497,2.2561111,2,-1,0,0.078613065,0
5,13,0,0,0,0.0,0.0,0.0,0.0,0.0,0.0,2.3211389,2.2591667,2,-1,0,0.15199496,0
5,33,0,0,0,0.0,0.0,0.0,0.0,0.0,0.0,2.2743888,2.2658334,2,-1,0,0.12050136,0
5,6,0,0,0,0.0,0.0,0.0,0.0,0.0,0.0,2.3791249,2.3522222,2,-1,0,0.090394706,0
5,23,0,0,0,0.0,0.0,0.0,0.0,0.0,0.0,1.9761876,2.0152779,2,-1,0,0.08797502,0
5,14,0,0,0,0.0,0.0,0.0,0.0,0.0,0.0,2.1924582,2.1466668,2,-1,0,0.10042148,0
5,18,0,0,0,0.0,0.0,0.0,0.0,0.0,0.0,2.0701873,2.0947223,2,-1,0,0.08891601,0
5,27,0,0,0,0.0,0.0,0.0,0.0,0.0,0.0,2.7230139,2.6144445,2,-1,0,0.7950864,1
5,27,0,0,0,0.0,0.0,0.0,0.0,0.0,0.0,2.0154998,2.078889,2,-1,0,0.10234977,0
5,8,0,0,0,0.0,0.0,0.0,0.0,0.0,0.0,2.3305833,2.3719444,2,-1,0,0.16574043,0
5,4,0,0,0,0.0,0.0,0.0,0.0,0.0,0.0,2.2515206,2.2130556,2,-1,0,0.08337502,0
5,30,0,0,0,0.0,0.0,0.0,0.0,0.0,0.0,2.5357363,2.5863888,2,-1,0,0.35453376,0
5,37,0,0,0,0.0,0.0,0.0,0.0,0.0,0.0,2.2181113,2.1613889,2,-1,0,0.09448691,0
5,8,0,0,0,0.0,0.0,0.0,0.0,0.0,0.0,2.1221945,2.1647222,2,-1,0,0.13753009,0
6,23,1,1,1,7.4609118,575.40094,77.03754,0.008342871,-0.012358329,0.0030042026,9.329285,9.5211115,2,0,1,0.99973756,1
6,23,0,0,1,7.4609118,575.40094,77.03754,0.008342871,-0.012358329,0.0030042026,3.6757085,3.6669445,2,-1,0,0.93448275,1
6,26,0,0,0,0.0,0.0,0.0,0.0,0.0,0.0,2.2213542,2.166389,2,-1,0,0.10690543,0
6,23,1,0,1,7.4609118,575.40094,77.03754,0.008342871,-0.012358329,0.0030042026,4.6499305,4.730278,2,-1,0,0.9758276,1
6,12,1,1,1,12.75317,472.01617,179.35043,0.0077751805,-0.015236301,0.0031614283,16.389952,16.315556,2,1,1,0.9656731,1
6,12,1,0,1,12.75317,472.01617,179.35043,0.0077751805,-0.015236301,0.0031614283,4.32909,4.3125,2,-1,0,0.99268687,1
6,25,1,1,1,-18.543253,-107.96365,305.11768,0.0020945854,-0.006569142,0.0023117815,8.426722,8.324445,2,2,1,0.99979585,1
6,14,1,1,1,-21.118967,-539.0044,247.99458,0.012091092,-0.024497738,0.002945342,20.674047,21.420555,2,3,1,0.99595296,1
6,14,1,0,1,-21.118967,-539.0044,247.99458,0.012091092,-0.024497738,0.002945342,8.327035,8.441112,2,-1,0,0.9413627,1
6,18,0,0,0,0.0,0.0,0.0,0.0,0.0,0.0,2.3569586,2.35,2,-1,0,0.11616726,0
6,25,0,0,0,0.0,0.0,0.0,0.0,0.0,0.0,2.629778,2.5716667,2,-1,0,0.75678724,1
6,39,0,0,0,0.0,0.0,0.0,0.0,0.0,0.0,2.0642707,2.0219445,2,-1,0,0.08149634,0
6,27,0,0,0,0.0,0.0,0.0,0.0,0.0,0.0,2.1371875,2.1027777,2,-1,0,0.111955464,0
6,5,1,1,1,-39.157402,68.203735,228.66272,0.0014773417,-0.002244877,0.0020636925,3.284222,3.173889,2,-1,1,0.0734563,0
6,13,1,1,1,-42.863823,-527.0062,382.5769,0.006938657,-0.010997216,0.0039980407,11.886256,12.046111,2,4,1,0.95576197,1
6,10,0,0,0,0.0,0.0,0.0,0.0,0.0,0.0,2.106722,2.1044445,2,-1,0,0.0967485,0
6,28,0,0,0,0.0,0.0,0.0,0.0,0.0,0.0,2.270625,2.3294444,2,-1,0,0.04130814,0
6,28,0,0,0,0.0,0.0,0.0,0.0,0.0,0.0,2.388611,2.3919444,2,-1,0,0.13502581,0
6,34,1,1,1,-44.423183,416.7171,138.5535,0.0055502187,-0.006915199,0.001597428,10.060666,9.953333,2,5,1,0.98812497,1
6,34,0,0,0,0.0,0.0,0.0,0.0,0.0,0.0,2.0275,2.1291666,2,-1,0,0.12283433,0
6,22,0,0,0,0.0,0.0,0.0,0.0,0.0,0.0,2.325,2.2580554,2,-1,0,0.12634856,0
6,1,0,0,0,0.0,0.0,0.0,0.0,0.0,0.0,2.1809099,2.1780555,2,-1,0,0.07254031,0
6,21,0,0,0,0.0,0.0,0.0,0.0,0.0,0.0,2.3522084,2.2852778,2,-1,0,0.042221714,0
6,40,0,0,0,0.0,0.0,0.0,0.0,0.0,0.0,2.471729,2.4125,2,-1,0,0.09795094,0
6,35,1,1,1,-51.51539,431.96985,328.19235,0.0032955026,-0.0024373839,0.0018510811,3.9738193,4.0075,2,6,1,0.93847746,1
6,7,0,0,0,0.0,0.0,0.0,0.0,0.0,0.0,2.6763332,2.68,2,-1,0,0.15313789,0
6,30,0,0,0,0.0,0.0,0.0,0.0,0.0,0.0,2.4845974,2.5066667,2,-1,0,0.039146006,0
6,20,0,0,0,0.0,0.0,0.0,0.0,0.0,0.0,3.001646,2.9372222,2,-1,0,0.8750928,1
6,39,0,0,0,0.0,0.0,0.0,0.0,0.0,0.0,2.0554652,2.1236112,2,-1,0,0.058538172,0
6,27,1,1,1,75.6479,417.52094,37.13808,0.004073181,-0.003117716,0.0001471392,5.5797987,5.5325,2,7,1,0.93304104,1
6,6,0,0,0,0.0,0.0,0.0,0.0,0.0,0.0,1.9652778,2.0380557,2,-1,0,0.07294696,0
6,30,0,0,0,0.0,0.0,0.0,0.0,0.0,0.0,2.3953543,2.3455555,2,-1,0,0.12720618,0
6,20,0,0,0,0.0,0.0,0.0,0.0,0.0,0.0,2.0965416,2.101389,2,-1,0,0.09432036,0
6,17,1,1,1,-82.86681,-20.42533,30.262701,0.0022919627,-0.0010196097,0.00019280106,2.281111,2.2480555,2,8,1,0.13541183,0
6,18,0,0,0,0.0,0.0,0.0,0.0,0.0,0.0,2.0348332,2.0319445,2,-1,0,0.09668713,0
6,21,0,0,0,0.0,0.0,0.0,0.0,0.0,0.0,2.8633056,2.911111,2,-1,0,0.5192835,1
6,30,1,1,1,90.961365,577.30255,311.76877,0.012887807,-0.021476567,0.0014090482,12.120978,11.5325,2,9,1,0.99959534,1
6,20,0,0,0,0.0,0.0,0.0,0.0,0.0,0.0,3.0782847,2.99,2,-1,0,0.16488087,0
6,1,0,0,0,0.0,0.0,0.0,0.0,0.0,0.0,2.2735138,2.2558334,2,-1,0,0.104903124,0
6,38,0,0,0,0.0,0.0,0.0,0.0,0.0,0.0,2.4793541,2.5152779,2,-1,0,0.21668544,0
6,3,1,1,1,102.60743,-592.59045,123.378044,0.018626915,-0.027389318,0.0073844423,9.684909,9.823055,2,10,1,0.9977569,1
6,6,0,0,0,0.0,0.0,0.0,0.0,0.0,0.0,2.125403,2.0383334,2,-1,0,0.075897045,0
6,39,0,0,0,0.0,0.0,0.0,0.0,0.0,0.0,2.200528,0.6527778,2,-1,0,0.18293622,0
6,8,0,0,0,0.0,0.0,0.0,0.0,0.0,0.0,2.3345068,2.385,2,-1,0,0.09481445,0
6,2,1,1,1,106.38343,233.4379,211.7136,0.0048969993,-0.010680857,4.5091943e-05,6.400632,6.231389,2,11,1,0.96962196,1
6,2,1,0,1,106.38343,233.4379,211.7136,0.0048969993,-0.010680857,4.5091943e-05,4.972424,4.9955554,2,-1,0,0.99850297,1
6,27,0,0,0,0.0,0.0,0.0,0.0,0.0,0.0,2.1883333,2.2616668,2,-1,0,0.10472061,0
6,35,0,0,0,0.0,0.0,0.0,0.0,0.0,0.0,2.0776875,2.0886111,2,-1,0,0.0852503,0
6,21,1,1,1,-112.39567,-219.06271,388.0315,0.00092636887,-0.0029859485,0.0018469346,3.6363332,3.5844445,2,12,1,0.9653081,1
6,7,1,1,1,-118.70184,-203.28983,458.8822,0.008796435,-0.012673853,0.0052660736,18.783014,18.541666,2,13,1,0.99996674,1
6,25,0,0,0,0.0,0.0,0.0,0.0,0.0,0.0,2.4911664,2.418611,2,-1,0,0.099659376,0
6,11,0,0,0,0.0,0.0,0.0,0.0,0.0,0.0,2.5746665,2.611389,2,-1,0,0.13333026,0
6,1,0,0,0,0.0,0.0,0.0,0.0,0.0,0.0,1.9661667,2.0194445,2,-1,0,0.09815492,0
6,7,0,0,0,0.0,0.0,0.0,0.0,0.0,0.0,2.0832362,2.01,2,-1,0,0.06754009,0
6,30,1,0,1,90.961365,577.30255,311.76877,0.012887807,-0.021476567,0.0014090482,6.266708,6.2219443,2,-1,0,0.99592495,1
6,37,1,1,1,-121.692566,-75.39425,453.92184,0.008456384,-0.013054052,0.0016971213,14.206062,14.560555,2,14,1,0.99235946,1
6,16,0,0,0,0.0,0.0,0.0,0.0,0.0,0.0,2.1290417,2.1472223,2,-1,0,0.13863572,0
6,14,0,0,0,0.0,0.0,0.0,0.0,0.0,0.0,2.6108475,2.5419445,2,-1,0,0.12596074,0
6,18,0,0,0,0.0,0.0,0.0,0.0,0.0,0.0,2.3506596,2.2619445,2,-1,0,0.09776515,0
6,8,1,1,1,126.68137,-303.63095,252.6799,0.014278355,-0.019823756,0.0070180325,29.975498,29.641666,2,15,1,0.9973955,1
6,23,0,0,0,0.0,0.0,0.0,0.0,0.0,0.0,2.316729,2.3883333,2,-1,0,0.080393195,0
6,19,1,1,1,-133.17964,402.74496,268.4889,0.0040758476,-0.00750171,-0.0008196843,9.152402,9.086389,2,16,1,0.986725,1
6,13,0,0,0,0.0,0.0,0.0,0.0,0.0,0.0,2.0209723,2.0686111,2,-1,0,0.04299044,0
6,16,0,0,0,0.0,0.0,0.0,0.0,0.0,0.0,2.3836112,2.325,2,-1,0,0.107661076,0
6,22,0,0,0,0.0,0.0,0.0,0.0,0.0,0.0,2.4005833,2.2755556,2,-1,0,0.13473372,0
6,10,1,1,1,136.87152,-566.74646,7.0953817,0.0042657237,-0.006270278,-0.0011752442,8.426076,8.293612,2,17,1,0.9806306,1
6,30,1,0,1,90.961365,577.30255,311.76877,0.012887807,-0.021476567,0.0014090482,10.193223,10.118889,2,-1,0,0.99180216,1
6,38,0,0,0,0.0,0.0,0.0,0.0,0.0,0.0,2.2738957,2.3233333,2,-1,0,0.077163376,0
6,32,0,0,0,0.0,0.0,0.0,0.0,0.0,0.0,2.0696738,2.0141666,2,-1,0,0.09672456,0
6,38,1,0,1,-193.17274,520.456,11.931223,0.018316444,-0.028648525,0.007852382,9.932361,9.853611,2,-1,0,0.9748369,1
6,24,1,1,1,-149.20636,136.02441,431.56967,0.0029515033,-0.0015929342,0.0010166763,3.3705142,3.3683333,2,18,1,0.89847624,1
6,9,0,0,0,0.0,0.0,0.0,0.0,0.0,0.0,2.1991668,2.1702778,2,-1,0,0.13513106,0
6,10,0,0,0,0.0,0.0,0.0,0.0,0.0,0.0,2.3410208,2.3141668,2,-1,0,0.07142404,0
6,2,0,0,0,0.0,0.0,0.0,0.0,0.0,0.0,2.3944445,2.345,2,-1,0,0.061440233,0
6,12,0,0,0,0.0,0.0,0.0,0.0,0.0,0.0,2.2885625,2.2486112,2,-1,0,0.121290654,0
6,4,1,1,1,-169.28523,252.9357,416.2709,0.0034334797,-0.0029239268,-0.00040451187,3.518111,3.3880556,2,19,1,0.960952,1
6,39,1,1,1,169.26376,423.84656,409.8757,0.009614497,-0.015940761,0.0027846438,10.236577,10.1252775,2,20,1,0.9801695,1
6,39,1,0,1,169.26376,423.84656,409.8757,0.009614497,-0.015940761,0.0027846438,10.066263,9.910556,2,-1,0,0.9928092,1
6,35,0,0,0,0.0,0.0,0.0,0.0,0.0,0.0,2.4731178,2.515,2,-1,0,0.32155696,0
6,22,1,1,1,170.66875,472.24927,430.8904,0.0105804745,-0.01206217,0.0016306414,12.689647,12.663611,2,21,1,0.99720997,1
6,1,0,0,0,0.0,0.0,0.0,0.0,0.0,0.0,2.1218612,2.1244445,2,-1,0,0.055779178,0
6,28,0,0,0,0.0,0.0,0.0,0.0,0.0,0.0,2.263146,2.138611,2,-1,0,0.090777375,0
6,5,0,0,0,0.0,0.0,0.0,0.0,0.0,0.0,2.2467985,2.2402778,2,-1,0,0.06610835,0
6,38,1,0,1,-193.17274,520.456,11.931223,0.018316444,-0.028648525,0.007852382,4.301875,4.2944446,2,-1,0,0.95340735,1
6,15,1,1,1,186.721,9.701829,272.48212,0.018170146,-0.028713638,0.00821608,17.687334,17.881111,2,22,1,0.4406397,0
6,38,1,1,1,-193.17274,520.456,11.931223,0.018316444,-0.028648525,0.007852382,21.18975,21.587778,2,23,1,0.95600945,1
6,15,1,0,1,186.721,9.701829,272.48212,0.018170146,-0.028713638,0.00821608,2.583229,2.610278,2,-1,0,0.16274297,0
6,23,0,0,0,0.0,0.0,0.0,0.0,0.0,0.0,2.237795,2.3611112,2,-1,0,0.086035974,0
6,30,0,0,0,0.0,0.0,0.0,0.0,0.0,0.0,2.1492362,2.0969443,2,-1,0,0.12447569,0
6,28,1,1,1,203.05463,-267.5206,333.04752,0.004396282,-0.0065541817,-0.0008101457,7.9835763,8.176389,2,24,1,0.9976471,1
6,16,1,0,1,-261.95544,-104.06388,374.0988,0.022972494,-0.03470059,0.006499668,16.90923,16.854166,2,-1,0,0.9986297,1
6,24,0,0,0,0.0,0.0,0.0,0.0,0.0,0.0,2.793125,2.745278,2,-1,0,0.10320384,0
6,6,0,0,0,0.0,0.0,0.0,0.0,0.0,0.0,2.0494723,2.0002778,2,-1,0,0.14048491,0
6,20,0,0,0,0.0,0.0,0.0,0.0,0.0,0.0,2.478271,2.48,2,-1,0,0.15812577,0
6,3,0,0,0,0.0,0.0,0.0,0.0,0.0,0.0,2.0553958,2.0277777,2,-1,0,0.0932221,0
6,29,0,0,0,0.0,0.0,0.0,0.0,0.0,0.0,2.2891667,2.3127778,2,-1,0,0.1317137,0
6,10,0,0,0,0.0,0.0,0.0,0.0,0.0,0.0,2.0379376,2.146389,2,-1,0,0.021617098,0
6,33,0,0,0,0.0,0.0,0.0,0.0,0.0,0.0,2.4015555,2.395,2,-1,0,0.1195743,0
6,11,1,1,1,240.271,592.7176,320.91827,0.004419712,-0.0072919927,-0.00082921004,8.952126,8.833889,2,25,1,0.98910636,1
6,37,0,0,0,0.0,0.0,0.0,0.0,0.0,0.0,2.0859582,2.0858333,2,-1,0,0.12344862,0
6,39,0,0,0,0.0,0.0,0.0,0.0,0.0,0.0,2.0883472,2.0744445,2,-1,0,0.07126099,0
6,16,1,1,1,-261.95544,-104.06388,374.0988,0.022972494,-0.03470059,0.006499668,25.19273,25.187778,2,26,1,0.9756386,1
6,24,0,0,0,0.0,0.0,0.0,0.0,0.0,0.0,2.0705278,2.041111,2,-1,0,0.0712197,0
6,27,0,0,0,0.0,0.0,0.0,0.0,0.0,0.0,2.3720138,2.403889,2,-1,0,0.14515767,0
6,19,0,0,0,0.0,0.0,0.0,0.0,0.0,0.0,2.143132,2.2019444,2,-1,0,0.069279484,0
6,34,0,0,0,0.0,0.0,0.0,0.0,0.0,0.0,2.0443335,2.053611,2,-1,0,0.04860605,0
6,6,1,1,1,-275.52026,117.88065,63.746822,0.004922587,-0.011407862,0.0016947686,12.058389,11.940278,2,27,1,0.9214328,1
6,15,1,0,1,186.721,9.701829,272.48212,0.018170146,-0.028713638,0.00821608,13.447305,13.318611,2,-1,0,0.98071563,1
6,11,0,0,0,0.0,0.0,0.0,0.0,0.0,0.0,2.5295072,2.586111,2,-1,0,0.085572354,0
6,40,1,1,1,-288.879,103.50593,68.36836,0.016454652,-0.021879759,0.007319257,17.662884,17.441668,2,28,1,0.945624,1
6,20,0,0,0,0.0,0.0,0.0,0.0,0.0,0.0,2.4973059,2.4969444,2,-1,0,0.12892671,0
6,15,0,0,0,0.0,0.0,0.0,0.0,0.0,0.0,2.1307082,2.065,2,-1,0,0.102683425,0
6,40,1,0,1,-288.879,103.50593,68.36836,0.016454652,-0.021879759,0.007319257,8.660666,8.623055,2,-1,0,0.96667373,1
6,1,1,1,1,-288.3781,-31.413244,107.125496,0.007923689,-0.012784677,0.0022653223,15.286062,15.298333,2,29,1,0.9904246,1
6,26,1,1,1,286.996,288.31488,157.0531,0.0025655727,-0.0014184972,0.0012258461,2.5275137,2.6141667,2,-1,1,0.31678513,0
6,31,1,1,1,291.89145,-501.44235,314.09747,0.009631609,-0.009653247,0.0034090949,14.669479,14.575556,2,30,1,0.9899852,1
6,20,0,0,0,0.0,0.0,0.0,0.0,0.0,0.0,2.665,2.75,2,-1,0,0.13505596,0
6,32,0,0,0,0.0,0.0,0.0,0.0,0.0,0.0,2.4025419,2.3555555,2,-1,0,0.076780245,0
6,38,0,0,0,0.0,0.0,0.0,0.0,0.0,0.0,2.767,2.7116666,2,-1,0,0.15922835,0
6,38,0,0,0,0.0,0.0,0.0,0.0,0.0,0.0,2.3122222,2.2794445,2,-1,0,0.12231704,0
6,19,0,0,0,0.0,0.0,0.0,0.0,0.0,0.0,2.6742222,2.6369445,2,-1,0,0.28130317,0
6,20,1,1,1,311.10846,-213.70715,206.74509,0.008487159,-0.0092054,0.0029194406,12.082653,12.131389,2,31,1,0.98451406,1
6,22,0,0,0,0.0,0.0,0.0,0.0,0.0,0.0,2.0964444,2.0097222,2,-1,0,0.09500158,0
6,28,0,0,0,0.0,0.0,0.0,0.0,0.0,0.0,2.456014,2.4391668,2,-1,0,0.13176821,0
6,28,0,0,0,0.0,0.0,0.0,0.0,0.0,0.0,2.22675,2.405,2,-1,0,0.10263557,0
6,2,0,0,0,0.0,0.0,0.0,0.0,0.0,0.0,2.3529794,2.3166666,2,-1,0,0.10418297,0
6,20,0,0,0,0.0,0.0,0.0,0.0,0.0,0.0,2.1768403,2.0597222,2,-1,0,0.34361723,0
6,7,0,0,0,0.0,0.0,0.0,0.0,0.0,0.0,2.161847,2.2147222,2,-1,0,0.10896643,0
6,21,0,0,0,0.0,0.0,0.0,0.0,0.0,0.0,2.1715348,2.1830556,2,-1,0,0.111529626,0
6,36,1,1,1,346.3824,-462.9046,312.02835,0.0051176045,-0.007691025,-0.00048054682,7.4446526,7.5347223,2,32,1,0.9945457,1
6,4,0,0,0,0.0,0.0,0.0,0.0,0.0,0.0,2.0991943,2.1180556,2,-1,0,0.10465167,0
6,29,1,1,1,-356.44522,-469.8294,171.02138,0.0114421565,-0.019542458,0.008086859,21.559921,21.498611,2,33,1,0.9910858,1
6,2,0,0,0,0.0,0.0,0.0,0.0,0.0,0.0,2.1335692,2.0925,2,-1,0,0.12867732,0
6,6,0,0,0,0.0,0.0,0.0,0.0,0.0,0.0,2.7879167,2.7819445,2,-1,0,0.029714733,0
6,9,0,0,0,0.0,0.0,0.0,0.0,0.0,0.0,2.3544862,2.3544445,2,-1,0,0.079627,0
6,37,0,0,0,0.0,0.0,0.0,0.0,0.0,0.0,2.8413472,2.7616668,2,-1,0,0.22944203,0
6,29,0,0,0,0.0,0.0,0.0,0.0,0.0,0.0,2.106757,2.0919445,2,-1,0,0.121054485,0
6,33,0,0,0,0.0,0.0,0.0,0.0,0.0,0.0,2.1309028,2.1316667,2,-1,0,0.06891772,0
6,2,0,0,0,0.0,0.0,0.0,0.0,0.0,0.0,2.3574514,2.327222,2,-1,0,0.112408794,0
6,8,0,0,0,0.0,0.0,0.0,0.0,0.0,0.0,2.1599584,2.1558332,2,-1,0,0.10579094,0
6,7,0,0,0,0.0,0.0,0.0,0.0,0.0,0.0,2.397889,2.3316667,2,-1,0,0.064624704,0
6,29,0,0,0,0.0,0.0,0.0,0.0,0.0,0.0,2.145639,2.146389,2,-1,0,0.12954736,0
6,13,0,0,0,0.0,0.0,0.0,0.0,0.0,0.0,2.880764,2.8822222,2,-1,0,0.012741367,0
6,7,0,0,0,0.0,0.0,0.0,0.0,0.0,0.0,2.1756182,2.1502779,2,-1,0,0.116082296,0
6,30,0,0,0,0.0,0.0,0.0,0.0,0.0,0.0,2.1494443,2.1861112,2,-1,0,0.10046049,0
6,37,0,0,0,0.0,0.0,0.0,0.0,0.0,0.0,2.2876456,2.2097223,2,-1,0,0.12357394,0
6,20,0,0,0,0.0,0.0,0.0,0.0,0.0,0.0,2.2010624,2.25,2,-1,0,0.105413474,0
6,22,0,0,0,0.0,0.0,0.0,0.0,0.0,0.0,2.0423055,2.0944445,2,-1,0,0.0844307,0
6,9,0,0,0,0.0,0.0,0.0,0.0,0.0,0.0,2.0938194,2.0855556,2,-1,0,0.090539925,0
6,20,0,0,0,0.0,0.0,0.0,0.0,0.0,0.0,2.0843332,2.0686111,2,-1,0,0.09533559,0
6,29,0,0,0,0.0,0.0,0.0,0.0,0.0,0.0,2.3504999,2.2330556,2,-1,0,0.1549328,0
6,9,0,0,0,0.0,0.0,0.0,0.0,0.0,0.0,2.5138888,2.5155556,2,-1,0,0.067385346,0
6,12,0,0,0,0.0,0.0,0.0,0.0,0.0,0.0,2.1402638,2.1441667,2,-1,0,0.13338457,0
6,7,0,0,0,0.0,0.0,0.0,0.0,0.0,0.0,2.3224583,2.2941666,2,-1,0,0.14157243,0
6,2,0,0,0,0.0,0.0,0.0,0.0,0.0,0.0,1.9775695,2.0302777,2,-1,0,0.0853423,0
7,39,1,1,1,-6.806734,235.20311,203.86513,0.011135018,-0.01397035,0.0051048384,13.31768,13.615833,2,0,1,0.9327862,1
7,34,0,0,0,0.0,0.0,0.0,0.0,0.0,0.0,2.134854,2.1372223,2,-1,0,0.05976508,0
7,1,1,0,1,-21.066204,415.0251,198.3218,0.015299196,-0.024585525,0.004031785,6.752347,6.5380554,2,-1,0,0.9897479,1
7,1,1,1,1,-21.066204,415.0251,198.3218,0.015299196,-0.024585525,0.004031785,27.522362,26.999445,2,1,1,0.99765503,1
7,37,0,0,0,0.0,0.0,0.0,0.0,0.0,0.0,2.4453611,2.45,2,-1,0,0.094066344,0
7,38,1,1,1,-23.02165,329.95642,209.00652,0.0027436276,-0.005315034,-0.0010165932,7.1363125,7.1216664,2,2,1,0.95232886,1
7,17,1,1,1,22.39843,-557.3205,115.67183,0.0054576644,-0.004922595,-0.00021016876,8.783278,8.772778,2,3,1,0.9550053,1
7,9,0,0,0,0.0,0.0,0.0,0.0,0.0,0.0,2.2602084,2.293611,2,-1,0,0.06069055,0
7,8,0,0,0,0.0,0.0,0.0,0.0,0.0,0.0,2.2225208,2.251111,2,-1,0,0.114633776,0
7,15,1,1,1,40.741436,276.29114,140.64507,0.0044336156,-0.010028945,0.0027554794,9.927563,9.824445,2,4,1,0.9965508,1
7,14,0,0,0,0.0,0.0,0.0,0.0,0.0,0.0,2.095764,2.1275,2,-1,0,0.07828883,0
7,33,1,1,1,-49.904076,398.41364,393.836,0.011872566,-0.013938625,0.0047690272,23.77907,23.447222,2,5,1,0.99418855,1
7,7,0,0,0,0.0,0.0,0.0,0.0,0.0,0.0,2.5364792,2.5291667,2,-1,0,0.1338694,0
7,24,0,0,0,0.0,0.0,0.0,0.0,0.0,0.0,2.4541113,2.4613888,2,-1,0,0.2039514,0
7,16,0,0,0,0.0,0.0,0.0,0.0,0.0,0.0,2.431625,2.576111,2,-1,0,0.45398757,0
7,32,0,0,0,0.0,0.0,0.0,0.0,0.0,0.0,2.067611,2.0641668,2,-1,0,0.0979529,0
7,5,1,1,1,-52.059555,241.67914,190.54584,0.009162798,-0.009509039,0.0028991136,16.735971,16.631111,2,6,1,0.95086896,1
7,1,0,0,0,0.0,0.0,0.0,0.0,0.0,0.0,2.6579583,2.6597223,2,-1,0,0.15015435,0
7,8,0,0,0,0.0,0.0,0.0,0.0,0.0,0.0,2.431014,2.503611,2,-1,0,0.11373333,0
7,30,0,0,0,0.0,0.0,0.0,0.0,0.0,0.0,2.463993,2.5372221,2,-1,0,0.11442838,0
7,14,1,1,1,-53.429188,527.7717,307.45135,0.0023765366,-0.0013452752,-0.00031540284,2.6972988,2.5702777,2,7,1,0.20266004,0
7,6,1,1,1,53.150307,46.520237,283.61404,0.012440833,-0.021240802,0.005863905,25.25798,25.526388,2,8,1,0.99813217,1
7,20,0,0,0,0.0,0.0,0.0,0.0,0.0,0.0,2.1504028,2.2116666,2,-1,0,0.13122347,0
7,31,1,0,1,-72.111855,-57.216293,427.12885,0.016236063,-0.024603883,0.0036384126,17.671333,17.6775,2,-1,0,0.9999696,1
7,8,0,0,0,0.0,0.0,0.0,0.0,0.0,0.0,2.6624236,2.6405556,2,-1,0,0.1259152,0
7,12,1,1,1,-68.53254,-373.92154,400.8479,0.0055407234,-0.006117659,0.0015412347,8.392876,8.4580555,2,9,1,0.9970251,1
7,31,1,1,1,-72.111855,-57.216293,427.12885,0.016236063,-0.024603883,0.0036384126,18.969107,19.019722,2,10,1,0.9997341,1
7,25,0,0,0,0.0,0.0,0.0,0.0,0.0,0.0,2.8013124,2.7466667,2,-1,0,0.26367834,0
7,16,0,0,0,0.0,0.0,0.0,0.0,0.0,0.0,2.0031805,2.0647223,2,-1,0,0.021747446,0
7,19,1,1,1,79.1861,-365.32825,59.63052,0.010966048,-0.014720237,0.0012864601,18.491764,18.43389,2,11,1,0.992698,1
7,18,1,1,1,81.132164,283.8821,57.448376,0.00490569,-0.0038220994,0.0019851956,7.1496735,7.2775,2,12,1,0.98782337,1
7,26,0,0,0,0.0,0.0,0.0,0.0,0.0,0.0,2.460625,2.4605556,2,-1,0,0.14031658,0
7,36,1,1,1,87.34373,-502.5806,199.8352,0.010670128,-0.014367817,0.004448208,20.414305,20.40889,2,13,1,0.99011457,1
7,38,0,0,0,0.0,0.0,0.0,0.0,0.0,0.0,2.1152637,2.21,2,-1,0,0.11137767,0
7,25,0,0,0,0.0,0.0,0.0,0.0,0.0,0.0,2.499979,2.5255556,2,-1,0,0.2516828,0
7,40,1,1,1,102.16149,-296.11786,452.44064,0.0022958156,-0.007965789,0.001354703,7.7585354,7.7919445,2,14,1,0.9785427,1
7,24,1,1,1,-102.547066,-215.01689,254.23415,0.0029219005,-0.0034946692,0.002773762,4.7831454,4.685,2,15,1,0.9530003,1
7,39,0,0,0,0.0,0.0,0.0,0.0,0.0,0.0,2.0300624,2.1477778,2,-1,0,0.07895242,0
7,37,0,0,0,0.0,0.0,0.0,0.0,0.0,0.0,2.666875,2.6569445,2,-1,0,0.0901877,0
7,34,0,0,0,0.0,0.0,0.0,0.0,0.0,0.0,2.6651666,2.7361112,2,-1,0,0.43455434,0
7,21,0,0,0,0.0,0.0,0.0,0.0,0.0,0.0,3.0210278,-1.0,2,-1,0,0.7666363,1
7,32,1,1,1,-132.54703,-421.37534,147.4556,0.0115485685,-0.022369107,0.0020695343,25.285374,25.164167,2,16,1,0.9997397,1
7,9,1,1,1,132.22098,39.58889,409.84927,0.005502217,-0.009438932,0.00032291596,11.216132,11.4725,2,17,1,0.9984012,1
7,17,0,0,0,0.0,0.0,0.0,0.0,0.0,0.0,2.1518197,2.1472223,2,-1,0,0.09379407,0
7,38,0,0,0,0.0,0.0,0.0,0.0,0.0,0.0,2.733972,2.807778,2,-1,0,0.121640116,0
7,10,0,0,0,0.0,0.0,0.0,0.0,0.0,0.0,2.346021,2.28,2,-1,0,0.09487222,0
7,2,0,0,0,0.0,0.0,0.0,0.0,0.0,0.0,1.9841876,2.045,2,-1,0,0.14760053,0
7,29,0,0,0,0.0,0.0,0.0,0.0,0.0,0.0,2.6696804,2.6936111,2,-1,0,0.11128345,0
7,9,0,0,0,0.0,0.0,0.0,0.0,0.0,0.0,2.7094445,2.7880557,2,-1,0,0.34845263,0
7,21,0,0,0,0.0,0.0,0.0,0.0,0.0,0.0,2.4464583,2.4436111,2,-1,0,0.1201891,0
7,34,0,0,0,0.0,0.0,0.0,0.0,0.0,0.0,2.197139,2.1316667,2,-1,0,0.09802237,0
7,17,0,0,0,0.0,0.0,0.0,0.0,0.0,0.0,2.0765347,2.0391667,2,-1,0,0.08225645,0
7,30,1,1,1,156.0875,-339.43265,281.79428,0.002747635,-0.005310955,0.0031605805,6.859451,7.027222,2,18,1,0.98278654,1
7,8,0,0,0,0.0,0.0,0.0,0.0,0.0,0.0,2.497639,2.5244443,2,-1,0,0.07562607,0
7,25,0,0,0,0.0,0.0,0.0,0.0,0.0,0.0,2.1588821,2.1519444,2,-1,0,0.023383176,0
7,22,1,1,1,163.85316,-481.12122,32.96431,0.018222043,-0.02735218,0.005813068,36.160576,35.80639,2,19,1,0.9999993,1
7,33,0,0,0,0.0,0.0,0.0,0.0,0.0,0.0,2.4647918,2.5811112,2,-1,0,0.10118544,0
7,33,0,0,0,0.0,0.0,0.0,0.0,0.0,0.0,2.158382,2.1947222,2,-1,0,0.0159122,0
7,21,0,0,0,0.0,0.0,0.0,0.0,0.0,0.0,12.000229,-1.0,2,-1,0,0.9292186,1
7,3,0,0,0,0.0,0.0,0.0,0.0,0.0,0.0,2.0860279,2.0630555,2,-1,0,0.06943366,0
7,12,0,0,0,0.0,0.0,0.0,0.0,0.0,0.0,2.155486,2.1527777,2,-1,0,0.12026712,0
7,21,0,0,0,0.0,0.0,0.0,0.0,0.0,0.0,40.14953,-1.0,2,-1,0,0.9911096,1
7,15,0,0,0,0.0,0.0,0.0,0.0,0.0,0.0,2.1085484,2.0877779,2,-1,0,0.10922367,0
7,15,0,0,0,0.0,0.0,0.0,0.0,0.0,0.0,2.2424653,2.1988888,2,-1,0,0.101787455,0
7,24,0,0,0,0.0,0.0,0.0,0.0,0.0,0.0,2.0238264,2.0725,2,-1,0,0.10242193,0
7,38,0,0,0,0.0,0.0,0.0,0.0,0.0,0.0,2.4899445,2.4972222,2,-1,0,0.17222711,0
7,21,0,0,0,0.0,0.0,0.0,0.0,0.0,0.0,2.2140555,2.2169445,2,-1,0,0.07697103,0
7,35,0,0,0,0.0,0.0,0.0,0.0,0.0,0.0,2.3705418,2.4133334,2,-1,0,0.11616215,0
7,27,0,0,0,0.0,0.0,0.0,0.0,0.0,0.0,2.3380208,2.3405557,2,-1,0,0.12295852,0
7,10,0,0,0,0.0,0.0,0.0,0.0,0.0,0.0,2.0134861,2.015,2,-1,0,0.10430266,0
7,27,0,0,0,0.0,0.0,0.0,0.0,0.0,0.0,2.0294862,2.0161111,2,-1,0,0.10681762,0
7,4,0,0,0,0.0,0.0,0.0,0.0,0.0,0.0,2.1254168,2.1394444,2,-1,0,0.09403099,0
7,7,1,1,1,198.21794,263.48038,446.057,0.009649431,-0.016650653,0.002345186,21.124401,21.0925,2,20,1,0.99396306,1
7,35,0,0,0,0.0,0.0,0.0,0.0,0.0,0.0,2.442743,2.4458334,2,-1,0,0.13367355,0
7,32,0,0,0,0.0,0.0,0.0,0.0,0.0,0.0,2.2059443,2.2055554,2,-1,0,0.107773244,0
7,36,0,0,0,0.0,0.0,0.0,0.0,0.0,0.0,2.0606596,2.0586112,2,-1,0,0.10105447,0
7,26,0,0,0,0.0,0.0,0.0,0.0,0.0,0.0,2.7076666,2.718611,2,-1,0,0.11345099,0
7,31,0,0,0,0.0,0.0,0.0,0.0,0.0,0.0,2.184875,2.1302779,2,-1,0,0.09298539,0
7,7,0,0,0,0.0,0.0,0.0,0.0,0.0,0.0,2.4081945,2.3947222,2,-1,0,0.21690722,0
7,27,0,0,0,0.0,0.0,0.0,0.0,0.0,0.0,2.6448405,2.7297223,2,-1,0,0.100796215,0
7,34,1,1,1,221.98262,162.18825,193.97147,0.00037635418,-0.0026518225,0.001421315,2.6644168,2.715,2,21,1,0.19957858,0
7,2,0,0,0,0.0,0.0,0.0,0.0,0.0,0.0,2.1337917,2.058889,2,-1,0,0.080228105,0
7,25,1,1,1,-228.21678,136.1536,319.5394,0.005265719,-0.0048942706,0.0022038496,7.504951,7.470556,2,22,1,0.9665021,1
7,27,0,0,0,0.0,0.0,0.0,0.0,0.0,0.0,2.553986,2.4427779,2,-1,0,0.14043936,0
7,27,0,0,0,0.0,0.0,0.0,0.0,0.0,0.0,3.0445971,3.0680556,2,-1,0,0.13006897,0
7,21,0,0,0,0.0,0.0,0.0,0.0,0.0,0.0,2.1016319,2.2025,2,-1,0,0.086339444,0
7,26,0,0,0,0.0,0.0,0.0,0.0,0.0,0.0,2.0377083,2.0916667,2,-1,0,0.028238438,0
7,27,0,0,0,0.0,0.0,0.0,0.0,0.0,0.0,2.8811457,2.9505556,2,-1,0,0.1956045,0
7,26,0,0,0,0.0,0.0,0.0,0.0,0.0,0.0,3.317236,0.28138888,2,-1,0,0.6469375,1
7,26,1,1,1,240.43633,390.58615,141.09985,0.005219888,-0.007663136,0.0014306101,9.122945,9.065833,2,23,1,0.97878885,1
7,30,0,0,0,0.0,0.0,0.0,0.0,0.0,0.0,2.3879027,2.4177778,2,-1,0,0.083274774,0
7,32,0,0,0,0.0,0.0,0.0,0.0,0.0,0.0,2.5350833,2.5852778,2,-1,0,0.34824115,0
7,24,0,0,0,0.0,0.0,0.0,0.0,0.0,0.0,2.1636112,2.148611,2,-1,0,0.07252204,0
7,14,0,0,0,0.0,0.0,0.0,0.0,0.0,0.0,2.256389,2.2333333,2,-1,0,0.080295555,0
7,35,0,0,0,0.0,0.0,0.0,0.0,0.0,0.0,2.2885973,2.2852778,2,-1,0,0.14435785,0
7,25,0,0,0,0.0,0.0,0.0,0.0,0.0,0.0,2.5673335,2.5591667,2,-1,0,0.13297458,0
7,31,0,0,0,0.0,0.0,0.0,0.0,0.0,0.0,2.1879861,2.106111,2,-1,0,0.06072531,0
7,10,0,0,0,0.0,0.0,0.0,0.0,0.0,0.0,2.1903403,2.1816666,2,-1,0,0.12900423,0
7,31,0,0,0,0.0,0.0,0.0,0.0,0.0,0.0,2.468125,2.4436111,2,-1,0,0.09391998,0
7,17,0,0,0,0.0,0.0,0.0,0.0,0.0,0.0,2.4704585,2.5158334,2,-1,0,0.10669809,0
7,29,1,1,1,-279.3268,9.995896,205.81653,0.0077575534,-0.012890443,0.0020194268,12.649965,12.491944,2,24,1,0.96996564,1
7,40,0,0,0,0.0,0.0,0.0,0.0,0.0,0.0,2.687403,2.6588888,2,-1,0,0.33734867,0
7,39,0,0,0,0.0,0.0,0.0,0.0,0.0,0.0,2.062479,2.1083333,2,-1,0,0.12270077,0
7,22,0,0,0,0.0,0.0,0.0,0.0,0.0,0.0,1.9784443,2.013611,2,-1,0,0.10148365,0
7,34,0,0,0,0.0,0.0,0.0,0.0,0.0,0.0,2.2576807,2.3380556,2,-1,0,0.035912625,0
7,13,1,1,1,285.44937,-449.03198,436.43686,0.0024429536,-0.0022109225,-0.0003991636,3.039521,2.93,2,25,1,0.8283284,1
7,26,0,0,0,0.0,0.0,0.0,0.0,0.0,0.0,2.3564584,2.43,2,-1,0,0.10499916,0
7,40,0,0,0,0.0,0.0,0.0,0.0,0.0,0.0,2.1905627,2.2325,2,-1,0,0.11329614,0
7,27,1,1,1,-301.13638,-453.8122,17.601631,0.002213501,-0.0029213221,0.0016302346,3.6354167,3.6852777,2,26,1,0.9769532,1
7,20,0,0,0,0.0,0.0,0.0,0.0,0.0,0.0,1.9580972,2.0319445,2,-1,0,0.0925321,0
7,38,0,0,0,0.0,0.0,0.0,0.0,0.0,0.0,2.3167014,2.3166666,2,-1,0,0.09607867,0
7,30,0,0,0,0.0,0.0,0.0,0.0,0.0,0.0,2.3042638,2.2944446,2,-1,0,0.09315307,0
7,37,1,0,1,-314.6849,-255.65561,408.08926,0.012549217,-0.017726433,0.0049970523,6.4533887,6.4719443,2,-1,0,0.98092896,1
7,5,0,0,0,0.0,0.0,0.0,0.0,0.0,0.0,2.1212919,2.1225,2,-1,0,0.063191995,0
7,37,1,0,1,-314.6849,-255.65561,408.08926,0.012549217,-0.017726433,0.0049970523,2.422264,2.5272222,2,-1,0,0.071523346,0
7,37,1,1,1,-314.6849,-255.65561,408.08926,0.012549217,-0.017726433,0.0049970523,11.297014,11.440556,2,27,1,0.9905856,1
7,14,0,0,0,0.0,0.0,0.0,0.0,0.0,0.0,2.3005831,2.3080556,2,-1,0,0.16991813,0
7,2,1,1,1,320.55304,43.68704,205.79102,0.008372893,-0.012209635,0.0046213577,14.151931,14.196667,2,28,1,0.98363656,1
7,29,0,0,0,0.0,0.0,0.0,0.0,0.0,0.0,2.1255555,2.0733333,2,-1,0,0.05446458,0
7,13,0,0,0,0.0,0.0,0.0,0.0,0.0,0.0,2.1020417,2.1905556,2,-1,0,0.09628462,0
7,28,0,0,0,0.0,0.0,0.0,0.0,0.0,0.0,2.5661876,2.5005555,2,-1,0,0.053713717,0
7,29,0,0,0,0.0,0.0,0.0,0.0,0.0,0.0,2.7165415,2.6819444,2,-1,0,0.23727626,0
7,20,1,1,1,-348.48618,457.88867,59.49414,0.0060883854,-0.0075382623,0.004198395,8.10393,8.065278,2,29,1,0.9719402,1
7,38,0,0,0,0.0,0.0,0.0,0.0,0.0,0.0,2.2564862,2.3075,2,-1,0,0.13833761,0
7,16,0,0,0,0.0,0.0,0.0,0.0,0.0,0.0,2.1535556,2.1530557,2,-1,0,0.19072169,0
7,11,0,0,0,0.0,0.0,0.0,0.0,0.0,0.0,2.0477154,2.0102777,2,-1,0,0.14424649,0
7,8,1,1,1,-359.27133,-368.4769,400.8685,0.006028937,-0.012444616,0.0032764089,12.685666,12.611944,2,30,1,0.89024436,1
7,12,0,0,0,0.0,0.0,0.0,0.0,0.0,0.0,2.022507,2.0358334,2,-1,0,0.116008244,0
7,9,0,0,0,0.0,0.0,0.0,0.0,0.0,0.0,2.384382,2.422778,2,-1,0,0.08280719,0
7,12,0,0,0,0.0,0.0,0.0,0.0,0.0,0.0,2.2274723,2.1813889,2,-1,0,0.027378215,0
7,22,0,0,0,0.0,0.0,0.0,0.0,0.0,0.0,2.3306873,2.2238889,2,-1,0,0.10944991,0
7,8,0,0,0,0.0,0.0,0.0,0.0,0.0,0.0,2.1001806,2.041389,2,-1,0,0.10887443,0
7,2,0,0,0,0.0,0.0,0.0,0.0,0.0,0.0,2.5800347,2.5091667,2,-1,0,0.18899453,0
7,15,0,0,0,0.0,0.0,0.0,0.0,0.0,0.0,2.3745692,2.3875,2,-1,0,0.055219516,0
7,16,0,0,0,0.0,0.0,0.0,0.0,0.0,0.0,2.4707222,2.4025,2,-1,0,0.100976236,0
7,30,0,0,0,0.0,0.0,0.0,0.0,0.0,0.0,2.355632,2.2908332,2,-1,0,0.058348116,0
7,27,0,0,0,0.0,0.0,0.0,0.0,0.0,0.0,2.3799653,2.315,2,-1,0,0.1462031,0
7,3,0,0,0,0.0,0.0,0.0,0.0,0.0,0.0,2.2277708,2.2272222,2,-1,0,0.09786282,0
7,1,0,0,0,0.0,0.0,0.0,0.0,0.0,0.0,2.1530833,2.1141667,2,-1,0,0.0981229,0
7,3,0,0,0,0.0,0.0,0.0,0.0,0.0,0.0,2.3580556,2.3233333,2,-1,0,0.12026344,0
7,18,0,0,0,0.0,0.0,0.0,0.0,0.0,0.0,2.5686944,2.5716667,2,-1,0,0.100547984,0
7,14,0,0,0,0.0,0.0,0.0,0.0,0.0,0.0,2.260903,2.3186111,2,-1,0,0.095315665,0
7,23,0,0,0,0.0,0.0,0.0,0.0,0.0,0.0,2.1655695,2.1794446,2,-1,0,0.012482663,0
7,37,0,0,0,0.0,0.0,0.0,0.0,0.0,0.0,2.1055834,2.120278,2,-1,0,0.1274798,0
7,39,0,0,0,0.0,0.0,0.0,0.0,0.0,0.0,2.078493,2.0258334,2,-1,0,0.12280222,0
7,25,0,0,0,0.0,0.0,0.0,0.0,0.0,0.0,2.2204306,2.2416666,2,-1,0,0.07590857,0
7,39,0,0,0,0.0,0.0,0.0,0.0,0.0,0.0,2.4411666,2.4183333,2,-1,0,0.09484975,0
7,38,0,0,0,0.0,0.0,0.0,0.0,0.0,0.0,1.9647431,2.031389,2,-1,0,0.010147909,0
7,24,0,0,0,0.0,0.0,0.0,0.0,0.0,0.0,2.2318125,2.218611,2,-1,0,0.10058378,0
7,26,0,0,0,0.0,0.0,0.0,0.0,0.0,0.0,2.081014,2.0727777,2,-1,0,0.10009861,0
7,37,0,0,0,0.0,0.0,0.0,0.0,0.0,0.0,2.0402224,2.031389,2,-1,0,0.11329469,0
7,16,0,0,0,0.0,0.0,0.0,0.0,0.0,0.0,2.4013817,2.4019444,2,-1,0,0.039603423,0
7,22,0,0,0,0.0,0.0,0.0,0.0,0.0,0.0,2.4700277,2.4533334,2,-1,0,0.12493563,0
7,36,0,0,0,0.0,0.0,0.0,0.0,0.0,0.0,2.6012154,2.5058334,2,-1,0,0.36534327,0
7,9,0,0,0,0.0,0.0,0.0,0.0,0.0,0.0,2.0409584,2.0480556,2,-1,0,0.09251519,0
8,32,1,1,1,8.114066,346.37448,57.644432,0.0025020095,-0.0050320015,-0.0006818408,6.194083,6.298333,2,0,1,0.9680951,1
8,24,0,0,0,0.0,0.0,0.0,0.0,0.0,0.0,2.298479,2.3180556,2,-1,0,0.13181594,0
8,22,0,0,0,0.0,0.0,0.0,0.0,0.0,0.0,2.0319026,2.0880556,2,-1,0,0.108332895,0
8,33,0,0,0,0.0,0.0,0.0,0.0,0.0,0.0,2.499146,2.5172222,2,-1,0,0.17100176,0
8,31,0,0,0,0.0,0.0,0.0,0.0,0.0,0.0,2.417361,2.4494445,2,-1,0,0.13817419,0
8,40,0,0,0,0.0,0.0,0.0,0.0,0.0,0.0,2.1075766,2.1758332,2,-1,0,0.12775703,0
8,20,1,1,1,-25.67313,-465.08838,290.72006,0.004454676,-0.003077737,0.00032815247,6.041771,6.045,2,1,1,0.97683847,1
8,31,0,0,0,0.0,0.0,0.0,0.0,0.0,0.0,2.1817083,2.1825,2,-1,0,0.15281698,0
8,2,0,0,0,0.0,0.0,0.0,0.0,0.0,0.0,2.516611,2.4969444,2,-1,0,0.18329357,0
8,8,1,1,1,31.669544,-559.8386,82.84736,0.00467737,-0.005194202,-0.00044834596,8.26166,8.273889,2,2,1,0.9953388,1
8,13,0,0,0,0.0,0.0,0.0,0.0,0.0,0.0,2.1606874,2.1805556,2,-1,0,0.08037736,0
8,6,0,0,0,0.0,0.0,0.0,0.0,0.0,0.0,2.3210485,2.258889,2,-1,0,0.052303493,0
8,29,1,1,1,32.916153,-263.17706,78.70766,0.002912362,-0.0077397097,0.0017331345,9.178119,9.199445,2,3,1,0.9890314,1
8,5,0,0,0,0.0,0.0,0.0,0.0,0.0,0.0,2.4549932,2.3372223,2,-1,0,0.10041363,0
8,18,1,1,1,-40.998806,-458.2415,35.685833,0.012280235,-0.017234301,0.0067497017,18.306187,18.428333,2,4,1,0.9710508,1
8,15,0,0,0,0.0,0.0,0.0,0.0,0.0,0.0,2.2119515,2.1794446,2,-1,0,0.072977364,0
8,18,1,0,1,-40.998806,-458.2415,35.685833,0.012280235,-0.017234301,0.0067497017,4.20966,4.2055554,2,-1,0,0.97072595,1
8,37,1,1,1,-41.584045,318.87415,310.05347,0.004128244,-0.007773039,0.0031749012,9.292472,9.024722,2,5,1,0.9915303,1
8,10,1,1,1,-54.424583,148.50967,74.2522,0.010229949,-0.017282724,0.003155261,17.106125,17.383612,2,6,1,0.9375338,1
8,10,1,0,1,-54.424583,148.50967,74.2522,0.010229949,-0.017282724,0.003155261,5.988723,6.203611,2,-1,0,0.95289433,1
8,26,1,1,1,52.638107,36.684162,132.83578,0.0019090961,-0.0059798863,0.0026237383,7.8022847,7.7788887,2,7,1,0.99922514,1
8,9,0,0,0,0.0,0.0,0.0,0.0,0.0,0.0,2.406979,2.3875,2,-1,0,0.09220486,0
8,31,0,0,0,0.0,0.0,0.0,0.0,0.0,0.0,2.040889,2.0422223,2,-1,0,0.07644218,0
8,4,0,0,0,0.0,0.0,0.0,0.0,0.0,0.0,2.277972,2.2863889,2,-1,0,0.10587976,0
8,7,0,0,0,0.0,0.0,0.0,0.0,0.0,0.0,2.4675903,2.4288888,2,-1,0,0.12570831,0
8,25,0,0,0,0.0,0.0,0.0,0.0,0.0,0.0,2.1107638,2.2280555,2,-1,0,0.1570609,0
8,27,0,0,0,0.0,0.0,0.0,0.0,0.0,0.0,1.9988056,2.0127778,2,-1,0,0.070409246,0
8,13,1,1,1,84.7949,-514.90485,423.4511,0.011774636,-0.01986549,0.0063446453,20.755499,20.526388,2,8,1,0.7838189,1
8,31,1,1,1,-89.07292,517.73517,95.21455,0.013255145,-0.01591317,0.0057666413,19.296831,19.380278,2,9,1,0.99928004,1
8,13,1,0,1,84.7949,-514.90485,423.4511,0.011774636,-0.01986549,0.0063446453,5.511007,5.478889,2,-1,0,0.98020834,1
8,29,0,0,0,0.0,0.0,0.0,0.0,0.0,0.0,2.3446946,2.3491666,2,-1,0,0.436372,0
8,22,0,0,0,0.0,0.0,0.0,0.0,0.0,0.0,2.1819026,2.1147223,2,-1,0,0.12002314,0
8,34,0,0,0,0.0,0.0,0.0,0.0,0.0,0.0,1.9120277,2.0322223,2,-1,0,0.08533364,0
8,1,0,0,0,0.0,0.0,0.0,0.0,0.0,0.0,2.1770277,2.168611,2,-1,0,0.11242726,0
8,2,0,0,0,0.0,0.0,0.0,0.0,0.0,0.0,3.0390277,3.0266666,2,-1,0,0.16894273,0
8,26,0,0,0,0.0,0.0,0.0,0.0,0.0,0.0,2.1744375,2.0611112,2,-1,0,0.10380777,0
8,25,0,0,0,0.0,0.0,0.0,0.0,0.0,0.0,2.1649306,2.16,2,-1,0,0.07178239,0
8,30,0,0,0,0.0,0.0,0.0,0.0,0.0,0.0,2.2945557,2.2625,2,-1,0,0.057234332,0
8,13,0,0,0,0.0,0.0,0.0,0.0,0.0,0.0,2.3575835,2.3491666,2,-1,0,0.1852497,0
8,40,0,0,0,0.0,0.0,0.0,0.0,0.0,0.0,2.1271946,2.0638888,2,-1,0,0.06034521,0
8,40,0,0,0,0.0,0.0,0.0,0.0,0.0,0.0,2.2152221,2.2322223,2,-1,0,0.09171872,0
8,5,0,0,0,0.0,0.0,0.0,0.0,0.0,0.0,2.0038195,2.013611,2,-1,0,0.14706606,0
8,30,0,0,0,0.0,0.0,0.0,0.0,0.0,0.0,2.1157362,2.0752778,2,-1,0,0.10249407,0
8,18,0,0,0,0.0,0.0,0.0,0.0,0.0,0.0,2.06475,2.0605555,2,-1,0,0.08378506,0
8,39,1,1,1,128.52383,37.762768,247.18364,0.0021740438,-0.003344558,0.002202346,4.9617915,5.049722,2,10,1,0.9987834,1
8,21,0,0,0,0.0,0.0,0.0,0.0,0.0,0.0,2.3938541,2.3430555,2,-1,0,0.1791847,0
8,33,0,0,0,0.0,0.0,0.0,0.0,0.0,0.0,2.500875,2.501111,2,-1,0,0.10882228,0
8,14,0,0,0,0.0,0.0,0.0,0.0,0.0,0.0,2.1271875,2.1422222,2,-1,0,0.095598206,0
8,17,0,0,0,0.0,0.0,0.0,0.0,0.0,0.0,2.1540277,2.1622221,2,-1,0,0.108319476,0
8,31,0,0,0,0.0,0.0,0.0,0.0,0.0,0.0,2.3553126,2.3580556,2,-1,0,0.1325975,0
8,35,0,0,0,0.0,0.0,0.0,0.0,0.0,0.0,2.3614097,2.2519445,2,-1,0,0.10727357,0
8,17,0,0,0,0.0,0.0,0.0,0.0,0.0,0.0,2.4800417,2.4077778,2,-1,0,0.1215386,0
8,27,0,0,0,0.0,0.0,0.0,0.0,0.0,0.0,2.657215,2.7455556,2,-1,0,0.1882578,0
8,5,1,0,1,-191.41695,247.90428,56.18608,0.01455919,-0.02164788,0.004795347,9.406153,9.317223,2,-1,0,0.99294114,1
8,25,0,0,0,0.0,0.0,0.0,0.0,0.0,0.0,2.0697916,2.063611,2,-1,0,0.13795327,0
8,37,0,0,0,0.0,0.0,0.0,0.0,0.0,0.0,2.379278,2.5125,2,-1,0,0.06359681,0
8,37,0,0,0,0.0,0.0,0.0,0.0,0.0,0.0,2.1884305,2.182778,2,-1,0,0.09708363,0
8,19,1,1,1,-178.17642,522.1882,239.6372,0.0072590243,-0.010300005,0.0037430208,14.1437845,14.231389,2,11,1,0.9851677,1
8,29,0,0,0,0.0,0.0,0.0,0.0,0.0,0.0,2.6167917,2.596111,2,-1,0,0.27864406,0
8,4,1,1,1,178.92436,362.51633,312.9992,0.0022520307,-0.0034362038,-0.00089511747,4.2633123,4.199167,2,12,1,0.9865615,1
8,34,0,0,0,0.0,0.0,0.0,0.0,0.0,0.0,2.0600207,2.1066666,2,-1,0,0.062523976,0
8,36,1,1,1,-187.97575,200.47075,315.7742,0.00904822,-0.014757134,0.0029725598,18.873075,18.908056,2,13,1,0.9872685,1
8,5,1,1,1,-191.41695,247.90428,56.18608,0.01455919,-0.02164788,0.004795347,15.451923,15.280278,2,14,1,0.9970805,1
8,25,0,0,0,0.0,0.0,0.0,0.0,0.0,0.0,2.5785346,2.5947223,2,-1,0,0.11507477,0
8,3,0,0,0,0.0,0.0,0.0,0.0,0.0,0.0,2.0570972,2.105,2,-1,0,0.07051151,0
8,9,0,0,0,0.0,0.0,0.0,0.0,0.0,0.0,2.6822636,2.6183333,2,-1,0,0.11392399,0
8,17,1,1,1,210.06061,-519.38934,198.68977,0.011519277,-0.015111173,0.0013853816,14.755841,14.623611,2,15,1,0.9846117,1
8,14,1,1,1,214.44159,234.19585,370.42477,0.0020018618,-0.0011160435,0.0013339185,2.4401808,2.3255556,2,16,1,0.29016832,0
8,26,0,0,0,0.0,0.0,0.0,0.0,0.0,0.0,2.1994164,2.1408334,2,-1,0,0.08988491,0
8,17,1,0,1,210.06061,-519.38934,198.68977,0.011519277,-0.015111173,0.0013853816,4.1182084,4.3838887,2,-1,0,0.8347053,1
8,12,1,1,1,220.53293,277.17224,189.89372,0.0032492012,-0.0056636874,0.0035618122,7.572132,7.5005555,2,17,1,0.99556243,1
8,27,1,1,1,222.73016,147.38452,410.9657,0.0029214271,-0.0017602412,-0.00024052331,3.2937777,3.233611,2,18,1,0.9614106,1
8,9,1,1,1,-233.81749,141.24841,301.98166,0.0041179927,-0.009460862,0.00287782,10.32339,10.4775,2,19,1,0.9996043,1
8,25,0,0,0,0.0,0.0,0.0,0.0,0.0,0.0,2.7194374,2.6991668,2,-1,0,0.2163027,0
8,14,0,0,0,0.0,0.0,0.0,0.0,0.0,0.0,2.0223749,2.0605555,2,-1,0,0.044113416,0
8,20,0,0,0,0.0,0.0,0.0,0.0,0.0,0.0,1.9647917,2.0597222,2,-1,0,0.107189976,0
8,34,0,0,0,0.0,0.0,0.0,0.0,0.0,0.0,2.526354,2.5425,2,-1,0,0.13291965,0
8,24,0,0,0,0.0,0.0,0.0,0.0,0.0,0.0,2.079375,2.108611,2,-1,0,0.07434109,0
8,21,0,0,0,0.0,0.0,0.0,0.0,0.0,0.0,2.5766044,2.5758333,2,-1,0,0.17722864,0
8,11,0,0,0,0.0,0.0,0.0,0.0,0.0,0.0,2.2415557,2.246389,2,-1,0,0.14526309,0
8,16,0,0,0,0.0,0.0,0.0,0.0,0.0,0.0,2.005014,2.0391667,2,-1,0,0.07042801,0
8,20,0,0,0,0.0,0.0,0.0,0.0,0.0,0.0,2.2035418,2.298889,2,-1,0,0.09949294,0
8,30,0,0,0,0.0,0.0,0.0,0.0,0.0,0.0,2.793,2.8902779,2,-1,0,0.12886882,0
8,30,1,1,1,-277.9993,-445.87576,414.99643,0.011606445,-0.016623288,0.0021807677,21.076597,21.155277,2,20,1,0.965538,1
8,34,0,0,0,0.0,0.0,0.0,0.0,0.0,0.0,2.175,2.1780555,2,-1,0,0.10046956,0
8,24,1,1,1,275.73767,-212.05956,459.3134,0.005123431,-0.0047658114,0.0011238377,6.760153,6.783056,2,21,1,0.9267133,1
8,33,0,0,0,0.0,0.0,0.0,0.0,0.0,0.0,2.1209998,2.1844444,2,-1,0,0.12360209,0
8,16,0,0,0,0.0,0.0,0.0,0.0,0.0,0.0,2.701729,2.6147223,2,-1,0,0.18633142,0
8,23,1,1,1,-292.16327,25.769358,111.34479,0.009869053,-0.0134525215,0.005028737,13.147292,13.178056,2,22,1,0.9896361,1
8,12,0,0,0,0.0,0.0,0.0,0.0,0.0,0.0,2.1478264,2.091389,2,-1,0,0.13522817,0
8,22,0,0,0,0.0,0.0,0.0,0.0,0.0,0.0,2.5269444,2.5527778,2,-1,0,0.20719656,0
8,19,0,0,0,0.0,0.0,0.0,0.0,0.0,0.0,2.0045278,2.0075,2,-1,0,0.080405094,0
8,23,0,0,0,0.0,0.0,0.0,0.0,0.0,0.0,2.1090624,2.065,2,-1,0,0.13000536,0
8,24,0,0,0,0.0,0.0,0.0,0.0,0.0,0.0,2.3073335,2.2691667,2,-1,0,0.105332345,0
8,7,0,0,0,0.0,0.0,0.0,0.0,0.0,0.0,2.6332016,2.6944444,2,-1,0,0.18582049,0
8,24,0,0,0,0.0,0.0,0.0,0.0,0.0,0.0,2.0910554,2.0283334,2,-1,0,0.13777745,0
8,7,1,1,1,300.21075,145.22493,62.88266,0.0015535871,-0.005567032,0.00018553359,5.1158333,5.186111,2,23,1,0.99882394,1
8,6,0,0,0,0.0,0.0,0.0,0.0,0.0,0.0,1.9799724,2.01,2,-1,0,0.08985926,0
8,27,0,0,0,0.0,0.0,0.0,0.0,0.0,0.0,2.0416806,2.0030556,2,-1,0,0.042337652,0
8,19,0,0,0,0.0,0.0,0.0,0.0,0.0,0.0,2.333125,2.3630555,2,-1,0,0.097841784,0
8,3,1,1,1,311.3844,322.80746,179.65929,0.014508843,-0.018163932,0.0033826567,23.678833,23.806944,2,24,1,0.98627347,1
8,6,0,0,0,0.0,0.0,0.0,0.0,0.0,0.0,2.0447223,2.071389,2,-1,0,0.070194505,0
8,24,0,0,0,0.0,0.0,0.0,0.0,0.0,0.0,2.4287705,2.4894445,2,-1,0,0.13393836,0
8,40,1,1,1,316.96912,444.15952,158.51796,0.015456999,-0.022136262,0.0017666213,23.324709,23.22611,2,25,1,0.9779829,1
8,34,1,1,1,317.3499,66.90533,316.91537,0.010165189,-0.014402085,0.0009844945,10.216986,10.232778,2,26,1,0.97537327,1
8,15,1,1,1,319.0122,-71.14638,174.22076,0.004330208,-0.009290286,-3.450343e-05,10.262736,10.361389,2,27,1,0.9909695,1
8,34,1,0,1,317.3499,66.90533,316.91537,0.010165189,-0.014402085,0.0009844945,5.2764654,5.3625,2,-1,0,0.98786163,1
8,31,0,0,0,0.0,0.0,0.0,0.0,0.0,0.0,2.120986,2.118611,2,-1,0,0.09133611,0
8,3,0,0,0,0.0,0.0,0.0,0.0,0.0,0.0,2.6852221,2.6833334,2,-1,0,0.14430642,0
8,13,0,0,0,0.0,0.0,0.0,0.0,0.0,0.0,2.1225555,2.1794446,2,-1,0,0.17726277,0
8,34,0,0,0,0.0,0.0,0.0,0.0,0.0,0.0,2.7297707,2.738889,2,-1,0,0.4630674,0
8,24,0,0,0,0.0,0.0,0.0,0.0,0.0,0.0,2.2663403,2.2183332,2,-1,0,0.11480781,0
8,35,0,0,0,0.0,0.0,0.0,0.0,0.0,0.0,1.9924514,2.0563889,2,-1,0,0.060687177,0
8,8,0,0,0,0.0,0.0,0.0,0.0,0.0,0.0,2.3679447,2.3094444,2,-1,0,0.11806632,0
8,31,0,0,0,0.0,0.0,0.0,0.0,0.0,0.0,2.621736,2.305,2,-1,0,0.121350236,0
8,35,0,0,0,0.0,0.0,0.0,0.0,0.0,0.0,2.2048957,2.2469444,2,-1,0,0.07312625,0
8,26,0,0,0,0.0,0.0,0.0,0.0,0.0,0.0,2.9654095,2.915,2,-1,0,0.27753654,0
8,5,0,0,0,0.0,0.0,0.0,0.0,0.0,0.0,2.5133889,2.4958334,2,-1,0,0.09396189,0
8,38,1,1,1,336.7822,-593.76575,240.61674,0.010710375,-0.012357595,0.0018341371,16.391417,16.266666,2,28,1,0.9860847,1
8,36,0,0,0,0.0,0.0,0.0,0.0,0.0,0.0,2.2266042,2.228889,2,-1,0,0.08520181,0
8,37,0,0,0,0.0,0.0,0.0,0.0,0.0,0.0,2.3693056,2.2680554,2,-1,0,0.15067145,0
8,16,1,1,1,-343.5571,-597.7632,337.7982,0.01654716,-0.025734607,0.0047731404,8.790735,8.856944,2,29,1,0.87332463,1
8,24,0,0,0,0.0,0.0,0.0,0.0,0.0,0.0,2.19634,2.1022222,2,-1,0,0.10768176,0
8,38,0,0,0,0.0,0.0,0.0,0.0,0.0,0.0,2.483361,2.4097223,2,-1,0,0.11809118,0
8,5,0,0,0,0.0,0.0,0.0,0.0,0.0,0.0,2.7580974,2.8366666,2,-1,0,0.37013024,0
8,4,0,0,0,0.0,0.0,0.0,0.0,0.0,0.0,2.3239446,2.4147222,2,-1,0,0.09802197,0
8,32,0,0,0,0.0,0.0,0.0,0.0,0.0,0.0,2.0593195,2.1852777,2,-1,0,0.07626587,0
8,1,0,0,0,0.0,0.0,0.0,0.0,0.0,0.0,2.3838542,2.3352778,2,-1,0,0.14623688,0
8,20,0,0,0,0.0,0.0,0.0,0.0,0.0,0.0,2.4779236,2.5708334,2,-1,0,0.20942606,0
8,33,1,1,1,356.19614,23.223768,157.14412,0.007578847,-0.0102666095,0.0012777963,10.084833,10.123889,2,30,1,0.9707153,1
8,4,0,0,0,0.0,0.0,0.0,0.0,0.0,0.0,2.3017156,2.3066666,2,-1,0,0.105775915,0
8,25,0,0,0,0.0,0.0,0.0,0.0,0.0,0.0,2.2270973,2.1633334,2,-1,0,0.17782924,0
8,13,0,0,0,0.0,0.0,0.0,0.0,0.0,0.0,2.6288333,2.4858334,2,-1,0,0.11328092,0
8,11,0,0,0,0.0,0.0,0.0,0.0,0.0,0.0,2.0405974,2.0605555,2,-1,0,0.06546687,0
8,25,0,0,0,0.0,0.0,0.0,0.0,0.0,0.0,2.1815555,2.1791666,2,-1,0,0.08488456,0
8,17,0,0,0,0.0,0.0,0.0,0.0,0.0,0.0,2.2105138,2.1505556,2,-1,0,0.07337294,0
8,31,0,0,0,0.0,0.0,0.0,0.0,0.0,0.0,2.591104,2.648611,2,-1,0,0.06935288,0
8,22,0,0,0,0.0,0.0,0.0,0.0,0.0,0.0,2.539354,2.541111,2,-1,0,0.13601372,0
8,34,0,0,0,0.0,0.0,0.0,0.0,0.0,0.0,2.53925,2.5405555,2,-1,0,0.24491067,0
8,25,0,0,0,0.0,0.0,0.0,0.0,0.0,0.0,3.0114722,2.9469445,2,-1,0,0.6929221,1
8,18,0,0,0,0.0,0.0,0.0,0.0,0.0,0.0,2.13675,2.1816666,2,-1,0,0.10592674,0
8,21,0,0,0,0.0,0.0,0.0,0.0,0.0,0.0,2.5216043,2.4480555,2,-1,0,0.07271711,0
8,22,0,0,0,0.0,0.0,0.0,0.0,0.0,0.0,2.3123682,2.379722,2,-1,0,0.16105655,0
8,40,0,0,0,0.0,0.0,0.0,0.0,0.0,0.0,2.296132,2.2716668,2,-1,0,0.052606665,0
8,25,0,0,0,0.0,0.0,0.0,0.0,0.0,0.0,2.6590278,2.7780557,2,-1,0,0.05577998,0
8,4,0,0,0,0.0,0.0,0.0,0.0,0.0,0.0,2.4095416,2.4116666,2,-1,0,0.22195175,0
8,26,0,0,0,0.0,0.0,0.0,0.0,0.0,0.0,2.3189375,2.3680556,2,-1,0,0.091273226,0
8,33,0,0,0,0.0,0.0,0.0,0.0,0.0,0.0,2.2435625,2.2122223,2,-1,0,0.06398625,0
8,22,0,0,0,0.0,0.0,0.0,0.0,0.0,0.0,2.0947638,2.0666666,2,-1,0,0.114109285,0
8,24,0,0,0,0.0,0.0,0.0,0.0,0.0,0.0,2.2458334,2.1419444,2,-1,0,0.046541117,0
8,15,0,0,0,0.0,0.0,0.0,0.0,0.0,0.0,2.2606459,2.2058334,2,-1,0,0.10601802,0
8,5,0,0,0,0.0,0.0,0.0,0.0,0.0,0.0,2.016493,2.1008334,2,-1,0,0.052427836,0
9,11,1,1,0,-10.273653,-584.4598,257.60532,0.0015715455,0.007180266,0.004272625,11.154362,9.395833,2,0,1,0.97959167,1
9,36,0,0,0,0.0,0.0,0.0,0.0,0.0,0.0,2.1909375,2.2691667,2,-1,0,0.108786464,0
9,24,0,0,0,0.0,0.0,0.0,0.0,0.0,0.0,2.2466667,2.2477777,2,-1,0,0.06679675,0
9,27,0,0,0,0.0,0.0,0.0,0.0,0.0,0.0,2.0784028,2.0619445,2,-1,0,0.11412335,0
9,36,0,0,0,0.0,0.0,0.0,0.0,0.0,0.0,2.2525904,2.2855556,2,-1,0,0.061695654,0
9,32,0,0,0,0.0,0.0,0.0,0.0,0.0,0.0,2.1295972,2.2036111,2,-1,0,0.11287225,0
9,1,0,0,0,0.0,0.0,0.0,0.0,0.0,0.0,2.2829309,2.3258333,2,-1,0,0.09433656,0
9,30,1,1,0,18.78943,175.00653,113.53343,0.033546716,-0.014884892,-0.011025315,32.88638,32.98861,2,1,1,0.9980323,1
9,3,0,0,0,0.0,0.0,0.0,0.0,0.0,0.0,2.0674791,2.115,2,-1,0,0.09878588,0
9,37,1,1,0,-23.753416,214.15086,206.9188,0.008551712,-0.0027973347,-0.008061385,13.883708,13.652223,2,2,1,0.9966186,1
9,36,1,1,0,-23.512022,-313.06384,181.96523,0.027132438,0.00010609305,0.018963858,6.2577147,6.4205556,2,3,1,0.9521944,1
9,29,0,0,0,0.0,0.0,0.0,0.0,0.0,0.0,2.0848682,2.085,2,-1,0,0.06967258,0
9,10,0,0,0,0.0,0.0,0.0,0.0,0.0,0.0,2.1654584,2.1844444,2,-1,0,0.087340064,0
9,5,1,0,0,-44.51039,-362.75848,155.4343,0.026958732,0.016750246,0.011297911,3.9234233,3.9291666,2,-1,0,0.8994494,1
9,11,0,0,0,0.0,0.0,0.0,0.0,0.0,0.0,2.6073334,2.6191666,2,-1,0,0.10305325,0
9,33,0,0,0,0.0,0.0,0.0,0.0,0.0,0.0,2.3204095,2.2863889,2,-1,0,0.0865047,0
9,15,0,0,0,0.0,0.0,0.0,0.0,0.0,0.0,2.2275834,2.283611,2,-1,0,0.10475964,0
9,5,1,1,0,-44.51039,-362.75848,155.4343,0.026958732,0.016750246,0.011297911,20.326223,20.175278,2,4,1,0.98733497,1
9,35,1,1,0,-38.16568,72.8214,14.688023,0.002368344,-0.022707902,0.012418749,19.839666,19.827223,2,5,1,0.9983101,1
9,8,0,0,0,0.0,0.0,0.0,0.0,0.0,0.0,2.41,2.4136112,2,-1,0,0.15259963,0
9,5,1,0,0,-44.51039,-362.75848,155.4343,0.026958732,0.016750246,0.011297911,15.525714,15.325833,2,-1,0,0.9962955,1
9,35,1,0,0,-38.16568,72.8214,14.688023,0.002368344,-0.022707902,0.012418749,11.500584,11.308888,2,-1,0,0.97526973,1
9,35,0,0,0,0.0,0.0,0.0,0.0,0.0,0.0,2.3785207,2.4219444,2,-1,0,0.059841838,0
9,35,1,0,0,-38.16568,72.8214,14.688023,0.002368344,-0.022707902,0.012418749,5.0520835,5.0513887,2,-1,0,0.98928154,1
9,33,1,1,0,50.09366,117.00134,277.8675,-0.014606035,0.0063614524,0.005230795,15.347819,15.330556,2,6,1,0.9657688,1
9,5,0,0,0,0.0,0.0,0.0,0.0,0.0,0.0,2.3378472,2.3558333,2,-1,0,0.111387365,0
9,16,0,0,0,0.0,0.0,0.0,0.0,0.0,0.0,2.57375,2.5744445,2,-1,0,0.23535612,0
9,33,1,0,0,50.09366,117.00134,277.8675,-0.014606035,0.0063614524,0.005230795,4.685819,4.071944,2,-1,0,0.88586706,1
9,39,0,0,0,0.0,0.0,0.0,0.0,0.0,0.0,1.9906667,2.001111,2,-1,0,0.077856585,0
9,30,1,0,0,18.78943,175.00653,113.53343,0.033546716,-0.014884892,-0.011025315,3.2294998,3.1622221,2,-1,0,0.87978023,1
9,18,1,1,0,-57.099674,32.647343,132.64041,0.017199716,0.0031632443,0.015989918,22.137478,22.125555,2,7,1,0.99999917,1
9,26,0,0,0,0.0,0.0,0.0,0.0,0.0,0.0,2.100757,2.0463889,2,-1,0,0.13563067,0
9,13,0,0,0,0.0,0.0,0.0,0.0,0.0,0.0,2.1649861,2.1841667,2,-1,0,0.10242886,0
9,2,1,0,0,-58.411144,-352.68002,132.51688,-0.0066178823,0.012590282,-0.012749086,2.5704656,2.5191667,2,-1,0,0.120990105,0
9,2,1,1,0,-58.411144,-352.68002,132.51688,-0.0066178823,0.012590282,-0.012749086,17.418007,16.31639,2,8,1,0.9958733,1
9,3,0,0,0,0.0,0.0,0.0,0.0,0.0,0.0,2.3263612,2.2608333,2,-1,0,0.069497004,0
9,2,1,0,0,-58.411144,-352.68002,132.51688,-0.0066178823,0.012590282,-0.012749086,2.8996735,2.8955555,2,-1,0,0.55554444,1
9,29,1,1,0,-62.613594,452.64548,197.04317,-0.0036878977,0.0010082264,0.008804986,9.380208,9.259167,2,9,1,0.9879825,1
9,1,1,1,0,70.308304,-142.16202,35.12816,0.007591757,-0.01582937,0.0027035244,10.371424,10.234722,2,10,1,0.9870216,1
9,1,1,0,0,70.308304,-142.16202,35.12816,0.007591757,-0.01582937,0.0027035244,8.179485,8.693055,2,-1,0,0.87749505,1
9,26,0,0,0,0.0,0.0,0.0,0.0,0.0,0.0,2.418264,2.39,2,-1,0,0.13792086,0
9,26,0,0,0,0.0,0.0,0.0,0.0,0.0,0.0,2.1858056,2.1008334,2,-1,0,0.07412298,0
9,40,0,0,0,0.0,0.0,0.0,0.0,0.0,0.0,2.0222223,2.1580555,2,-1,0,0.039914284,0
9,9,1,1,0,87.0012,225.72787,364.83606,-0.0018034062,0.00978847,0.0006238285,11.895611,11.864722,2,11,1,0.9527448,1
9,32,0,0,0,0.0,0.0,0.0,0.0,0.0,0.0,2.8201113,2.7386112,2,-1,0,0.21987404,0
9,33,0,0,0,0.0,0.0,0.0,0.0,0.0,0.0,2.7035418,2.4977777,2,-1,0,0.116553165,0
9,6,0,0,0,0.0,0.0,0.0,0.0,0.0,0.0,2.3751945,2.345,2,-1,0,0.25731054,0
9,32,0,0,0,0.0,0.0,0.0,0.0,0.0,0.0,2.1823611,2.1388888,2,-1,0,0.10800461,0
9,14,1,0,0,112.84652,537.8644,81.32057,0.0069458173,-0.007936507,0.005484916,4.5909514,4.6822224,2,-1,0,0.9925242,1
9,39,0,0,0,0.0,0.0,0.0,0.0,0.0,0.0,2.2632706,2.2030556,2,-1,0,0.10026346,0
9,17,0,0,0,0.0,0.0,0.0,0.0,0.0,0.0,2.414847,2.3483334,2,-1,0,0.034420405,0
9,4,0,0,0,0.0,0.0,0.0,0.0,0.0,0.0,2.3153334,2.2691667,2,-1,0,0.08971524,0
9,3,0,0,0,0.0,0.0,0.0,0.0,0.0,0.0,2.3292155,2.2661111,2,-1,0,0.028145233,0
9,3,0,0,0,0.0,0.0,0.0,0.0,0.0,0.0,2.7283056,2.7216666,2,-1,0,0.33929476,0
9,40,0,0,0,0.0,0.0,0.0,0.0,0.0,0.0,2.2048888,2.2277777,2,-1,0,0.083626986,0
9,27,1,1,0,-114.24956,-257.51492,154.72176,0.012249745,-0.017949808,0.0007517965,21.62952,21.578888,2,12,1,0.98448366,1
9,23,0,0,0,0.0,0.0,0.0,0.0,0.0,0.0,2.311597,2.3497221,2,-1,0,0.10376787,0
9,14,1,1,0,112.84652,537.8644,81.32057,0.0069458173,-0.007936507,0.005484916,13.266334,13.3325,2,13,1,0.97124016,1
9,6,0,0,0,0.0,0.0,0.0,0.0,0.0,0.0,2.2267916,2.1947222,2,-1,0,0.12798469,0
9,24,0,0,0,0.0,0.0,0.0,0.0,0.0,0.0,2.329639,2.271389,2,-1,0,0.069406725,0
9,15,0,0,0,0.0,0.0,0.0,0.0,0.0,0.0,2.1555,2.1147223,2,-1,0,0.12526917,0
9,24,0,0,0,0.0,0.0,0.0,0.0,0.0,0.0,2.0013611,2.0566666,2,-1,0,0.12444576,0
9,26,1,1,0,118.87046,-450.97647,459.53604,-0.001345668,-0.0044655846,0.020371746,6.6134377,6.578611,2,14,1,0.97294015,1
9,26,1,0,0,118.87046,-450.97647,459.53604,-0.001345668,-0.0044655846,0.020371746,2.373118,2.3641667,2,-1,0,0.095315695,0
9,5,0,0,0,0.0,0.0,0.0,0.0,0.0,0.0,2.1074305,2.171111,2,-1,0,0.08247335,0
9,28,1,0,0,-141.90639,-239.35066,116.3532,0.014245177,0.0075585535,-0.013818661,7.2584233,7.351389,2,-1,0,0.9920099,1
9,25,1,1,0,129.15002,-52.15195,445.98254,0.0043858234,-0.01539161,-0.0028881032,15.148487,12.257778,2,15,1,0.99020094,1
9,5,0,0,0,0.0,0.0,0.0,0.0,0.0,0.0,1.9815278,2.0116668,2,-1,0,0.09644964,0
9,8,0,0,0,0.0,0.0,0.0,0.0,0.0,0.0,2.0794377,2.1011112,2,-1,0,0.07544576,0
9,28,1,1,0,-141.90639,-239.35066,116.3532,0.014245177,0.0075585535,-0.013818661,14.386535,14.404722,2,16,1,0.9801524,1
9,5,0,0,0,0.0,0.0,0.0,0.0,0.0,0.0,2.1791248,2.2019444,2,-1,0,0.09420225,0
9,11,0,0,0,0.0,0.0,0.0,0.0,0.0,0.0,2.5264583,2.543611,2,-1,0,0.16310601,0
9,32,0,0,0,0.0,0.0,0.0,0.0,0.0,0.0,2.1390278,2.1433334,2,-1,0,0.093766905,0
9,30,1,0,0,18.78943,175.00653,113.53343,0.033546716,-0.014884892,-0.011025315,3.343181,3.2408333,2,-1,0,0.87256277,1
9,19,1,1,0,-153.7946,-483.36526,141.11383,0.00989177,0.0036822073,-0.0029151987,12.605632,12.0925,2,-1,1,0.9966,1
9,33,0,0,0,0.0,0.0,0.0,0.0,0.0,0.0,2.2094307,2.2386112,2,-1,0,0.05231637,0
9,24,1,1,0,162.31029,306.744,148.89091,0.010246322,0.0065119187,0.009396076,17.567167,17.448334,2,17,1,0.9994479,1
9,12,0,0,0,0.0,0.0,0.0,0.0,0.0,0.0,2.0132778,2.0130556,2,-1,0,0.10099243,0
9,6,1,1,0,-168.91214,128.72366,260.25244,-0.02009515,-0.018934783,-0.009337446,28.875105,28.896944,2,18,1,0.9969146,1
9,30,0,0,0,0.0,0.0,0.0,0.0,0.0,0.0,2.4498541,2.5194445,2,-1,0,0.2388398,0
9,6,1,0,0,-168.91214,128.72366,260.25244,-0.02009515,-0.018934783,-0.009337446,2.926597,2.8086112,2,-1,0,0.06542442,0
9,22,0,0,0,0.0,0.0,0.0,0.0,0.0,0.0,2.2959166,2.3216667,2,-1,0,0.12813616,0
9,19,0,0,0,0.0,0.0,0.0,0.0,0.0,0.0,2.2998612,2.2938888,2,-1,0,0.080367304,0
9,39,0,0,0,0.0,0.0,0.0,0.0,0.0,0.0,2.0797222,2.0719445,2,-1,0,0.097970635,0
9,1,0,0,0,0.0,0.0,0.0,0.0,0.0,0.0,2.1279237,2.0630555,2,-1,0,0.14163864,0
9,15,1,0,0,199.12923,416.7056,310.1703,0.0057878816,0.016788978,0.0043233526,2.66125,2.6616666,2,-1,0,0.14813308,0
9,5,0,0,0,0.0,0.0,0.0,0.0,0.0,0.0,2.1298332,2.181111,2,-1,0,0.045895882,0
9,37,0,0,0,0.0,0.0,0.0,0.0,0.0,0.0,1.9478543,2.0219445,2,-1,0,0.072829954,0
9,23,1,1,0,186.16313,567.2974,168.77367,0.0148094185,0.008628507,0.012969655,24.70826,20.439722,2,19,1,0.98808485,1
9,31,1,1,0,187.82126,87.42841,254.66527,0.00822816,0.00044627988,-0.004904941,9.919008,9.8122225,2,-1,1,0.99159896,1
9,30,0,0,0,0.0,0.0,0.0,0.0,0.0,0.0,2.5090973,2.5741668,2,-1,0,0.13747385,0
9,11,0,0,0,0.0,0.0,0.0,0.0,0.0,0.0,2.1774652,2.2427778,2,-1,0,0.11402849,0
9,20,0,0,0,0.0,0.0,0.0,0.0,0.0,0.0,2.111257,2.0125,2,-1,0,0.12943879,0
9,17,1,1,0,-198.19696,-147.33287,98.03646,-0.020085523,0.0053973696,-0.025852459,24.235735,22.211666,2,20,1,0.9998617,1
9,32,1,0,0,248.16927,-255.90753,367.27985,-0.039486416,-0.02389011,0.011209225,12.930237,12.933333,2,-1,0,0.9722893,1
9,15,1,1,0,199.12923,416.7056,310.1703,0.0057878816,0.016788978,0.0043233526,17.213076,17.059166,2,21,1,0.99392587,1
9,3,0,0,0,0.0,0.0,0.0,0.0,0.0,0.0,2.5712082,2.5763888,2,-1,0,0.13027702,0
9,38,0,0,0,0.0,0.0,0.0,0.0,0.0,0.0,2.2575834,2.3041666,2,-1,0,0.08832234,0
9,39,0,0,0,0.0,0.0,0.0,0.0,0.0,0.0,2.8169792,-1.0,2,-1,0,0.2534451,0
9,22,0,0,0,0.0,0.0,0.0,0.0,0.0,0.0,2.1602502,2.098611,2,-1,0,0.08723635,0
9,34,1,1,0,-217.40567,-592.87445,92.17852,0.012606296,-0.0075381827,0.005554935,15.496931,15.5275,2,22,1,0.94518065,1
9,8,1,0,0,-218.8778,498.76813,393.78024,-0.014751189,-0.018602626,0.021408623,2.052264,2.0152779,2,-1,0,0.04813715,0
9,15,0,0,0,0.0,0.0,0.0,0.0,0.0,0.0,2.7486458,2.6777778,2,-1,0,0.11873272,0
9,8,1,1,0,-218.8778,498.76813,393.78024,-0.014751189,-0.018602626,0.021408623,15.2659235,15.336389,2,23,1,0.982451,1
9,8,1,0,0,-218.8778,498.76813,393.78024,-0.014751189,-0.018602626,0.021408623,14.50132,14.575,2,-1,0,0.99221945,1
9,40,0,0,0,0.0,0.0,0.0,0.0,0.0,0.0,1.9675417,2.0166667,2,-1,0,0.07175063,0
9,17,1,0,0,-198.19696,-147.33287,98.03646,-0.020085523,0.0053973696,-0.025852459,6.807646,6.7625,2,-1,0,0.93879193,1
9,17,1,0,0,-198.19696,-147.33287,98.03646,-0.020085523,0.0053973696,-0.025852459,4.65932,4.6491666,2,-1,0,0.99106103,1
9,18,0,0,0,0.0,0.0,0.0,0.0,0.0,0.0,2.8357222,2.8333333,2,-1,0,0.17918919,0
9,4,1,1,0,-224.23882,-67.514336,23.74741,-0.002143798,-0.0041699056,0.020343412,17.11184,17.151112,2,24,1,0.9974201,1
9,28,0,0,0,0.0,0.0,0.0,0.0,0.0,0.0,2.2457292,2.186389,2,-1,0,0.15355662,0
9,29,0,0,0,0.0,0.0,0.0,0.0,0.0,0.0,2.105,2.1077778,2,-1,0,0.122905985,0
9,39,0,0,0,0.0,0.0,0.0,0.0,0.0,0.0,2.1027222,-1.0,2,-1,0,0.09028493,0
9,15,0,0,0,0.0,0.0,0.0,0.0,0.0,0.0,3.2874029,3.203889,2,-1,0,0.6044777,1
9,32,1,1,0,248.16927,-255.90753,367.27985,-0.039486416,-0.02389011,0.011209225,30.692305,30.324167,2,25,1,0.9865224,1
9,38,0,0,0,0.0,0.0,0.0,0.0,0.0,0.0,2.4498749,2.45,2,-1,0,0.052565817,0
9,2,0,0,0,0.0,0.0,0.0,0.0,0.0,0.0,2.2132082,2.2019444,2,-1,0,0.07736456,0
9,3,1,0,0,259.0547,-65.56098,149.89641,-0.0013986481,-0.013860259,-0.0236658,3.1827707,3.2825,2,-1,0,0.17950673,0
9,12,0,0,0,0.0,0.0,0.0,0.0,0.0,0.0,2.3758194,2.3380556,2,-1,0,0.13383326,0
9,5,0,0,0,0.0,0.0,0.0,0.0,0.0,0.0,1.9913194,2.0183334,2,-1,0,0.0720089,0
9,28,0,0,0,0.0,0.0,0.0,0.0,0.0,0.0,2.3626041,2.2852778,2,-1,0,0.122975335,0
9,3,1,1,0,259.0547,-65.56098,149.89641,-0.0013986481,-0.013860259,-0.0236658,25.685139,26.099167,2,26,1,0.98290575,1
9,4,0,0,0,0.0,0.0,0.0,0.0,0.0,0.0,2.5573611,2.6483333,2,-1,0,0.06761109,0
9,12,0,0,0,0.0,0.0,0.0,0.0,0.0,0.0,2.1405418,2.053611,2,-1,0,0.10432341,0
9,26,0,0,0,0.0,0.0,0.0,0.0,0.0,0.0,2.4350348,2.3716667,2,-1,0,0.131997,0
9,27,0,0,0,0.0,0.0,0.0,0.0,0.0,0.0,2.0375,2.0427778,2,-1,0,0.060184915,0
9,8,0,0,0,0.0,0.0,0.0,0.0,0.0,0.0,2.038757,2.0408332,2,-1,0,0.22534505,0
9,32,1,0,0,248.16927,-255.90753,367.27985,-0.039486416,-0.02389011,0.011209225,7.107792,6.9630556,2,-1,0,0.9875986,1
9,10,1,0,0,-285.2803,473.12866,452.65955,0.0074940464,-0.0033305716,0.019722825,2.7888124,2.8522222,2,-1,0,0.5302745,1
9,32,0,0,0,0.0,0.0,0.0,0.0,0.0,0.0,2.2181876,2.1608334,2,-1,0,0.11940362,0
9,13,1,1,0,-277.65332,570.02264,397.41196,-0.003230927,0.008126883,-0.010569858,14.099103,11.331111,2,27,1,0.9565592,1
9,37,0,0,0,0.0,0.0,0.0,0.0,0.0,0.0,2.216382,2.2097223,2,-1,0,0.114940286,0
9,12,0,0,0,0.0,0.0,0.0,0.0,0.0,0.0,2.3447502,2.2880557,2,-1,0,0.19033629,0
9,10,1,1,0,-285.2803,473.12866,452.65955,0.0074940464,-0.0033305716,0.019722825,20.524897,20.590834,2,28,1,0.96001166,1
9,16,0,0,0,0.0,0.0,0.0,0.0,0.0,0.0,2.9084303,-1.0,2,-1,0,0.73890746,1
9,20,0,0,0,0.0,0.0,0.0,0.0,0.0,0.0,2.1589165,2.213889,2,-1,0,0.10425173,0
9,12,1,0,0,-291.27563,-419.46594,283.44907,-0.022783132,-0.008711429,-0.018301915,2.0632362,2.0541666,2,-1,0,0.13013166,0
9,10,0,0,0,0.0,0.0,0.0,0.0,0.0,0.0,2.432618,2.4872222,2,-1,0,0.15940598,0
9,12,1,1,0,-291.27563,-419.46594,283.44907,-0.022783132,-0.008711429,-0.018301915,14.358874,13.4225,2,29,1,0.7019345,1
9,33,0,0,0,0.0,0.0,0.0,0.0,0.0,0.0,2.1206806,2.183889,2,-1,0,0.094607815,0
9,38,1,1,0,-298.11728,541.1939,85.404045,-0.00491553,0.008067962,0.018385991,14.961514,14.8747225,2,30,1,0.9956806,1
9,38,1,0,0,-298.11728,541.1939,85.404045,-0.00491553,0.008067962,0.018385991,4.1918883,4.2069445,2,-1,0,0.94538635,1
9,15,0,0,0,0.0,0.0,0.0,0.0,0.0,0.0,2.3656526,2.3263888,2,-1,0,0.20465447,0
9,22,0,0,0,0.0,0.0,0.0,0.0,0.0,0.0,2.4950626,2.6,2,-1,0,0.14288594,0
9,22,1,0,0,-316.16312,-370.05478,431.36295,0.04026108,-0.0133251315,0.005613667,10.0541315,10.031111,2,-1,0,0.9857254,1
9,34,0,0,0,0.0,0.0,0.0,0.0,0.0,0.0,2.705,2.7061112,2,-1,0,0.13342413,0
9,17,0,0,0,0.0,0.0,0.0,0.0,0.0,0.0,2.1821735,2.1488888,2,-1,0,0.08872583,0
9,22,1,1,0,-316.16312,-370.05478,431.36295,0.04026108,-0.0133251315,0.005613667,33.02696,32.900833,2,31,1,0.997065,1
9,31,0,0,0,0.0,0.0,0.0,0.0,0.0,0.0,2.0420208,2.0927777,2,-1,0,0.05202571,0
9,21,0,0,0,0.0,0.0,0.0,0.0,0.0,0.0,2.2148612,2.1633334,2,-1,0,0.09763452,0
9,31,0,0,0,0.0,0.0,0.0,0.0,0.0,0.0,2.6160417,2.5422223,2,-1,0,0.15417753,0
9,24,0,0,0,0.0,0.0,0.0,0.0,0.0,0.0,2.3382916,2.3588889,2,-1,0,0.1483033,0
9,4,0,0,0,0.0,0.0,0.0,0.0,0.0,0.0,2.2241805,2.2308333,2,-1,0,0.13318184,0
9,21,1,0,0,323.42667,36.84085,206.96347,0.018879127,-0.021032063,-0.012769775,6.4533887,6.1725,2,-1,0,0.9327589,1
9,19,0,0,0,0.0,0.0,0.0,0.0,0.0,0.0,2.0650346,2.1127777,2,-1,0,0.1485979,0
9,36,0,0,0,0.0,0.0,0.0,0.0,0.0,0.0,2.3360138,2.2719445,2,-1,0,0.09408087,0
9,18,0,0,0,0.0,0.0,0.0,0.0,0.0,0.0,1.942111,2.0205555,2,-1,0,0.09105323,0
9,20,1,0,0,332.27737,570.0623,79.8392,0.0015409647,-0.0034740812,-0.011847646,3.8548887,3.803611,2,-1,0,0.9609319,1
9,21,1,1,0,323.42667,36.84085,206.96347,0.018879127,-0.021032063,-0.012769775,23.38006,23.253334,2,32,1,0.36332884,0
9,12,1,0,0,-291.27563,-419.46594,283.44907,-0.022783132,-0.008711429,-0.018301915,12.465875,12.155278,2,-1,0,0.9960103,1
9,20,1,1,0,332.27737,570.0623,79.8392,0.0015409647,-0.0034740812,-0.011847646,9.750056,9.718889,2,33,1,0.9665995,1
9,2,0,0,0,0.0,0.0,0.0,0.0,0.0,0.0,2.7186806,2.7025,2,-1,0,0.17367913,0
9,8,0,0,0,0.0,0.0,0.0,0.0,0.0,0.0,2.4968612,2.4841666,2,-1,0,0.09867743,0
9,1,0,0,0,0.0,0.0,0.0,0.0,0.0,0.0,2.3671942,2.3197222,2,-1,0,0.03996228,0
9,29,0,0,0,0.0,0.0,0.0,0.0,0.0,0.0,2.9761112,2.925,2,-1,0,0.52523965,1
9,39,0,0,0,0.0,0.0,0.0,0.0,0.0,0.0,19.745422,-1.0,2,-1,0,0.9912026,1
9,40,0,0,0,0.0,0.0,0.0,0.0,0.0,0.0,2.241611,2.2358334,2,-1,0,0.109483615,0
9,15,0,0,0,0.0,0.0,0.0,0.0,0.0,0.0,2.3328748,2.3252778,2,-1,0,0.12826113,0
9,14,0,0,0,0.0,0.0,0.0,0.0,0.0,0.0,2.2918334,2.2744443,2,-1,0,0.08840403,0
9,27,0,0,0,0.0,0.0,0.0,0.0,0.0,0.0,2.0747917,2.0611112,2,-1,0,0.10968421,0
9,7,1,1,0,355.058,-98.9372,442.64862,0.022603918,0.0013552046,0.0070510306,19.887335,10.69,2,34,1,0.92862743,1
9,33,0,0,0,0.0,0.0,0.0,0.0,0.0,0.0,2.2273612,2.1566668,2,-1,0,0.07944512,0
9,39,0,0,0,0.0,0.0,0.0,0.0,0.0,0.0,2.1557083,2.093611,2,-1,0,0.124662094,0
9,30,0,0,0,0.0,0.0,0.0,0.0,0.0,0.0,2.3482985,2.3369443,2,-1,0,0.10338906,0
9,34,0,0,0,0.0,0.0,0.0,0.0,0.0,0.0,2.1672223,2.1122222,2,-1,0,0.099324964,0
9,16,0,0,0,0.0,0.0,0.0,0.0,0.0,0.0,2.5537152,2.556111,2,-1,0,0.16585845,0
9,24,0,0,0,0.0,0.0,0.0,0.0,0.0,0.0,2.3238888,2.3247223,2,-1,0,0.034589577,0
9,26,0,0,0,0.0,0.0,0.0,0.0,0.0,0.0,2.2495556,2.266389,2,-1,0,0.1069235,0
9,27,0,0,0,0.0,0.0,0.0,0.0,0.0,0.0,2.360486,2.4130557,2,-1,0,0.12089489,0
9,22,0,0,0,0.0,0.0,0.0,0.0,0.0,0.0,2.1399028,2.1591666,2,-1,0,0.100360416,0
9,10,0,0,0,0.0,0.0,0.0,0.0,0.0,0.0,2.2494028,2.2672222,2,-1,0,0.1687567,0
9,19,0,0,0,0.0,0.0,0.0,0.0,0.0,0.0,1.9993334,2.0255556,2,-1,0,0.09605993,0
9,5,0,0,0,0.0,0.0,0.0,0.0,0.0,0.0,2.10025,2.0566666,2,-1,0,0.059265886,0
9,32,0,0,0,0.0,0.0,0.0,0.0,0.0,0.0,1.99875,2.0033333,2,-1,0,0.113955565,0
9,2,0,0,0,0.0,0.0,0.0,0.0,0.0,0.0,1.9933404,2.0455556,2,-1,0,0.09956093,0
9,6,0,0,0,0.0,0.0,0.0,0.0,0.0,0.0,2.0607154,2.115,2,-1,0,0.0660904,0
9,32,0,0,0,0.0,0.0,0.0,0.0,0.0,0.0,2.4886112,2.4619443,2,-1,0,0.13230486,0
9,7,0,0,0,0.0,0.0,0.0,0.0,0.0,0.0,2.1701667,2.2197223,2,-1,0,0.12865639,0
9,30,0,0,0,0.0,0.0,0.0,0.0,0.0,0.0,2.1532638,2.126111,2,-1,0,0.11818443,0
9,4,0,0,0,0.0,0.0,0.0,0.0,0.0,0.0,2.0238197,2.0366666,2,-1,0,0.13007191,0
9,15,0,0,0,0.0,0.0,0.0,0.0,0.0,0.0,2.359139,2.3577778,2,-1,0,0.103434294,0
9,19,0,0,0,0.0,0.0,0.0,0.0,0.0,0.0,2.2794096,2.2102778,2,-1,0,0.08533769,0
9,31,0,0,0,0.0,0.0,0.0,0.0,0.0,0.0,2.506118,2.4480555,2,-1,0,0.09253284,0
10,8,1,1,0,-11.595759,589.50183,399.12796,0.017408762,0.004241459,-0.010589509,19.81132,19.788334,2,0,1,0.9958794,1
10,9,0,0,0,0.0,0.0,0.0,0.0,0.0,0.0,2.146021,2.203889,2,-1,0,0.15783252,0
10,33,1,1,0,13.71636,520.3382,419.88324,-0.0042536166,0.015951015,0.0035457497,16.2683,16.4075,2,1,1,0.9973345,1
10,29,0,0,0,0.0,0.0,0.0,0.0,0.0,0.0,2.2336667,2.1572223,2,-1,0,0.1048431,0
10,14,0,0,0,0.0,0.0,0.0,0.0,0.0,0.0,2.03875,2.0547223,2,-1,0,0.10544147,0
10,32,0,0,0,0.0,0.0,0.0,0.0,0.0,0.0,2.575028,2.428611,2,-1,0,0.14274816,0
10,29,0,0,0,0.0,0.0,0.0,0.0,0.0,0.0,2.5475833,2.5261111,2,-1,0,0.23627278,0
10,31,0,0,0,0.0,0.0,0.0,0.0,0.0,0.0,2.1672778,2.1266668,2,-1,0,0.1347112,0
10,13,0,0,0,0.0,0.0,0.0,0.0,0.0,0.0,2.2840557,2.2852778,2,-1,0,0.1027938,0
10,10,0,0,0,0.0,0.0,0.0,0.0,0.0,0.0,2.7256668,2.8175,2,-1,0,0.14835423,0
10,34,0,0,0,0.0,0.0,0.0,0.0,0.0,0.0,2.5057917,2.4177778,2,-1,0,0.11252194,0
10,40,1,0,0,-42.938164,359.77487,217.4323,0.011364069,-0.010108205,0.012837483,5.16591,5.1555557,2,-1,0,0.98218924,1
10,7,0,0,0,0.0,0.0,0.0,0.0,0.0,0.0,2.8493333,2.8269444,2,-1,0,0.11635765,0
10,36,0,0,0,0.0,0.0,0.0,0.0,0.0,0.0,2.5641596,2.595,2,-1,0,0.13017552,0
10,16,1,1,0,34.626522,-205.17819,377.63715,0.022757158,0.00072011026,-0.002102508,29.165154,14.379444,2,2,1,0.99427855,1
10,16,1,0,0,34.626522,-205.17819,377.63715,0.022757158,0.00072011026,-0.002102508,2.864743,2.8527777,2,-1,0,0.12329081,0
10,16,0,0,0,0.0,0.0,0.0,0.0,0.0,0.0,2.074382,2.1,2,-1,0,0.06274929,0
10,40,1,1,0,-42.938164,359.77487,217.4323,0.011364069,-0.010108205,0.012837483,14.715668,14.708889,2,3,1,0.99979097,1
10,9,0,0,0,0.0,0.0,0.0,0.0,0.0,0.0,2.5184584,2.4483333,2,-1,0,0.24782437,0
10,14,1,1,0,-40.93072,-211.5903,393.0723,-0.014512974,-0.00010257503,0.017006533,14.74875,14.759722,2,4,1,0.9963642,1
10,13,1,0,0,48.707993,328.72504,120.74086,-0.0053102043,-0.0019623782,-0.023668887,2.1505208,2.12,2,-1,0,0.121505566,0
10,13,1,0,0,48.707993,328.72504,120.74086,-0.0053102043,-0.0019623782,-0.023668887,6.6437845,6.71,2,-1,0,0.98134893,1
10,13,1,1,0,48.707993,328.72504,120.74086,-0.0053102043,-0.0019623782,-0.023668887,15.217799,15.350278,2,5,1,0.9715403,1
10,27,0,0,0,0.0,0.0,0.0,0.0,0.0,0.0,2.652042,2.57,2,-1,0,0.16828445,0
10,30,1,1,0,-63.096867,83.85033,412.50858,0.027279466,-0.011539591,0.013958334,33.751305,33.86861,2,6,1,0.97153383,1
10,33,0,0,0,0.0,0.0,0.0,0.0,0.0,0.0,2.6096876,2.6580555,2,-1,0,0.092556335,0
10,19,1,0,0,59.89747,-320.208,163.9146,0.0061101117,0.01129689,-0.0029819896,2.7350419,2.6783333,2,-1,0,0.14419898,0
10,17,1,1,0,-59.020435,155.74002,130.07515,0.0042919787,-0.0024110922,0.0019989389,5.0845346,5.2183332,2,7,1,0.9903681,1
10,19,1,1,0,59.89747,-320.208,163.9146,0.0061101117,0.01129689,-0.0029819896,10.263285,10.051945,2,8,1,0.9751701,1
10,25,0,0,0,0.0,0.0,0.0,0.0,0.0,0.0,2.4001665,2.3877778,2,-1,0,0.09203677,0
10,37,1,1,0,64.8589,-372.13455,30.000826,-0.006803554,0.011385026,0.006862834,16.085833,13.906389,2,9,1,0.9925209,1
10,32,0,0,0,0.0,0.0,0.0,0.0,0.0,0.0,2.9509165,2.955,2,-1,0,0.3151851,0
10,23,0,0,0,0.0,0.0,0.0,0.0,0.0,0.0,2.2938888,2.3063889,2,-1,0,0.104190275,0
10,37,1,0,0,64.8589,-372.13455,30.000826,-0.006803554,0.011385026,0.006862834,3.065861,3.1919444,2,-1,0,0.29584774,0
10,27,0,0,0,0.0,0.0,0.0,0.0,0.0,0.0,2.2482085,2.2319446,2,-1,0,0.202019,0
10,20,1,0,0,76.211296,526.81696,66.61029,0.016317824,-0.002897348,0.015681649,5.0329795,5.0069447,2,-1,0,0.9578864,1
10,19,1,0,0,59.89747,-320.208,163.9146,0.0061101117,0.01129689,-0.0029819896,3.8324168,3.6691666,2,-1,0,0.9215598,1
10,14,1,0,0,-40.93072,-211.5903,393.0723,-0.014512974,-0.00010257503,0.017006533,3.614097,3.6180556,2,-1,0,0.9475847,1
10,16,0,0,0,0.0,0.0,0.0,0.0,0.0,0.0,2.151472,2.1458333,2,-1,0,0.0856071,0
10,14,1,0,0,-40.93072,-211.5903,393.0723,-0.014512974,-0.00010257503,0.017006533,6.0051665,5.988611,2,-1,0,0.97688967,1
10,15,0,0,0,0.0,0.0,0.0,0.0,0.0,0.0,2.3526318,2.3291667,2,-1,0,0.10323547,0
10,34,0,0,0,0.0,0.0,0.0,0.0,0.0,0.0,2.040229,2.058889,2,-1,0,0.09265298,0
10,28,1,1,0,-86.51109,164.37904,149.72916,-0.004135846,0.020514257,0.0090243155,24.664227,25.060833,2,10,1,0.9945644,1
10,28,1,0,0,-86.51109,164.37904,149.72916,-0.004135846,0.020514257,0.0090243155,2.333021,2.4,2,-1,0,0.09295343,0
10,16,0,0,0,0.0,0.0,0.0,0.0,0.0,0.0,2.4103332,2.4066668,2,-1,0,0.11344867,0
10,17,0,0,0,0.0,0.0,0.0,0.0,0.0,0.0,2.2940555,2.2758334,2,-1,0,0.0983123,0
10,15,0,0,0,0.0,0.0,0.0,0.0,0.0,0.0,2.379875,2.3252778,2,-1,0,0.10653209,0
10,31,0,0,0,0.0,0.0,0.0,0.0,0.0,0.0,2.323493,2.3163888,2,-1,0,0.11723087,0
10,20,1,1,0,76.211296,526.81696,66.61029,0.016317824,-0.002897348,0.015681649,19.905127,19.733889,2,11,1,0.9885871,1
10,1,1,1,0,99.495094,263.75046,129.01305,-0.0074046487,0.009359299,0.008918943,16.23984,16.266945,2,12,1,0.9965952,1
10,27,0,0,0,0.0,0.0,0.0,0.0,0.0,0.0,2.3118608,2.3147223,2,-1,0,0.12297236,0
10,12,0,0,0,0.0,0.0,0.0,0.0,0.0,0.0,1.806007,1.6902778,2,-1,0,0.08220223,0
10,10,0,0,0,0.0,0.0,0.0,0.0,0.0,0.0,2.1086528,2.1716666,2,-1,0,0.12705532,0
10,2,1,1,0,-111.07596,-429.70422,177.00882,-0.016988646,-0.024135001,-0.02054604,24.13341,24.304167,2,13,1,0.99579155,1
10,1,0,0,0,0.0,0.0,0.0,0.0,0.0,0.0,2.8226666,2.9097223,2,-1,0,0.106383584,0
10,2,1,0,0,-111.07596,-429.70422,177.00882,-0.016988646,-0.024135001,-0.02054604,13.339687,13.015555,2,-1,0,0.993411,1
10,23,1,1,0,115.52157,-369.355,437.91602,0.0040344223,0.0015596465,-0.007727911,10.423653,9.481944,2,14,1,0.9964089,1
10,14,0,0,0,0.0,0.0,0.0,0.0,0.0,0.0,2.4246874,2.453889,2,-1,0,0.078305,0
10,8,0,0,0,0.0,0.0,0.0,0.0,0.0,0.0,2.3659859,2.3566666,2,-1,0,0.109631605,0
10,27,1,0,0,-124.650696,145.30516,312.16446,-0.0052862703,0.0129716,-0.0049771024,4.3147497,4.4355555,2,-1,0,0.8680836,1
10,32,0,0,0,0.0,0.0,0.0,0.0,0.0,0.0,2.1588542,2.1547222,2,-1,0,0.10251385,0
10,34,0,0,0,0.0,0.0,0.0,0.0,0.0,0.0,2.314861,2.266389,2,-1,0,0.15478106,0
10,2,0,0,0,0.0,0.0,0.0,0.0,0.0,0.0,2.175014,2.2327778,2,-1,0,0.09124062,0
10,26,0,0,0,0.0,0.0,0.0,0.0,0.0,0.0,3.0204306,2.9658334,2,-1,0,0.63785857,1
10,26,0,0,0,0.0,0.0,0.0,0.0,0.0,0.0,2.4233057,2.3377779,2,-1,0,0.12472277,0
10,27,1,1,0,-124.650696,145.30516,312.16446,-0.0052862703,0.0129716,-0.0049771024,10.551332,10.414722,2,15,1,0.9935582,1
10,23,0,0,0,0.0,0.0,0.0,0.0,0.0,0.0,2.542625,2.6258333,2,-1,0,0.114113234,0
10,17,0,0,0,0.0,0.0,0.0,0.0,0.0,0.0,2.744778,2.8955555,2,-1,0,0.1819692,0
10,28,0,0,0,0.0,0.0,0.0,0.0,0.0,0.0,2.5370557,2.5711112,2,-1,0,0.12265702,0
10,3,1,1,0,131.96751,-119.795364,61.85894,0.015669875,-0.022019954,0.023202676,15.41857,15.335834,2,16,1,0.99187297,1
10,3,1,0,0,131.96751,-119.795364,61.85894,0.015669875,-0.022019954,0.023202676,2.0867918,2.0280557,2,-1,0,0.07436196,0
10,23,0,0,0,0.0,0.0,0.0,0.0,0.0,0.0,2.344764,2.3166666,2,-1,0,0.13859794,0
10,38,0,0,0,0.0,0.0,0.0,0.0,0.0,0.0,4.925333,-1.0,2,-1,0,0.9773232,1
10,21,0,0,0,0.0,0.0,0.0,0.0,0.0,0.0,2.0419722,2.08,2,-1,0,0.104370795,0
10,10,1,1,0,137.63615,-227.28325,413.27844,0.02134669,0.0146866,0.013492101,22.389214,16.096666,2,17,1,0.9996928,1
10,22,0,0,0,0.0,0.0,0.0,0.0,0.0,0.0,2.271375,2.2272222,2,-1,0,0.13006872,0
10,27,0,0,0,0.0,0.0,0.0,0.0,0.0,0.0,2.046028,2.1075,2,-1,0,0.09153703,0
10,20,0,0,0,0.0,0.0,0.0,0.0,0.0,0.0,2.3150833,2.305,2,-1,0,0.10095219,0
10,3,1,0,0,131.96751,-119.795364,61.85894,0.015669875,-0.022019954,0.023202676,2.076264,2.0244443,2,-1,0,0.08173048,0
10,10,1,0,0,137.63615,-227.28325,413.27844,0.02134669,0.0146866,0.013492101,3.7277293,3.6791666,2,-1,0,0.9653086,1
10,21,0,0,0,0.0,0.0,0.0,0.0,0.0,0.0,2.193243,2.1277778,2,-1,0,0.05020917,0
10,27,1,0,0,-124.650696,145.30516,312.16446,-0.0052862703,0.0129716,-0.0049771024,5.097507,5.312778,2,-1,0,0.97468024,1
10,21,0,0,0,0.0,0.0,0.0,0.0,0.0,0.0,2.2484236,2.2366667,2,-1,0,0.11053871,0
10,8,0,0,0,0.0,0.0,0.0,0.0,0.0,0.0,2.2471805,2.3069444,2,-1,0,0.15558773,0
10,28,0,0,0,0.0,0.0,0.0,0.0,0.0,0.0,2.1059444,2.1497223,2,-1,0,0.093430735,0
10,15,0,0,0,0.0,0.0,0.0,0.0,0.0,0.0,2.1476805,2.1872222,2,-1,0,0.08324126,0
10,3,1,0,0,131.96751,-119.795364,61.85894,0.015669875,-0.022019954,0.023202676,14.019681,13.9169445,2,-1,0,0.9992035,1
10,9,0,0,0,0.0,0.0,0.0,0.0,0.0,0.0,2.122125,2.1769445,2,-1,0,0.106117986,0
10,38,1,1,0,171.22774,53.67298,300.98822,-0.004150529,-0.02138581,-0.018660063,26.03252,26.020834,2,18,1,0.98749346,1
10,12,0,0,0,0.0,0.0,0.0,0.0,0.0,0.0,2.2051528,2.2113888,2,-1,0,0.13646631,0
10,40,0,0,0,0.0,0.0,0.0,0.0,0.0,0.0,2.6036875,2.692222,2,-1,0,0.08397504,0
10,8,0,0,0,0.0,0.0,0.0,0.0,0.0,0.0,2.8092637,2.7708333,2,-1,0,0.23411731,0
10,35,1,1,0,207.80856,-206.5303,386.58514,-0.024425322,0.008826912,0.00064185326,16.879847,16.889444,2,19,1,0.96120226,1
10,36,0,0,0,0.0,0.0,0.0,0.0,0.0,0.0,2.2863126,2.221111,2,-1,0,0.126943,0
10,17,0,0,0,0.0,0.0,0.0,0.0,0.0,0.0,2.1717498,2.1705556,2,-1,0,0.1140012,0
10,3,0,0,0,0.0,0.0,0.0,0.0,0.0,0.0,2.2740278,2.3419445,2,-1,0,0.13835867,0
10,10,1,0,0,137.63615,-227.28325,413.27844,0.02134669,0.0146866,0.013492101,3.1094239,3.0922222,2,-1,0,0.50982094,1
10,39,1,0,0,186.56987,573.83234,61.581654,0.007906745,0.021578187,0.02806981,2.3552501,2.3683333,2,-1,0,0.14616325,0
10,4,0,0,0,0.0,0.0,0.0,0.0,0.0,0.0,2.7878819,2.7655556,2,-1,0,0.14087494,0
10,39,1,1,0,186.56987,573.83234,61.581654,0.007906745,0.021578187,0.02806981,20.654732,20.786667,2,20,1,0.9773842,1
10,18,0,0,0,0.0,0.0,0.0,0.0,0.0,0.0,2.0494444,2.0494444,2,-1,0,0.121369764,0
10,11,0,0,0,0.0,0.0,0.0,0.0,0.0,0.0,2.0087361,2.0238888,2,-1,0,0.09912741,0
10,39,1,0,0,186.56987,573.83234,61.581654,0.007906745,0.021578187,0.02806981,12.216341,12.14,2,-1,0,0.9752985,1
10,25,1,1,0,-196.83879,163.82413,441.52386,-0.002817365,0.03064401,0.022010878,42.417126,37.628334,2,21,1,0.9940253,1
10,29,1,1,0,196.20259,-366.00708,267.64145,0.0340264,0.003818903,-0.027033364,34.489334,31.325277,2,22,1,0.9969843,1
10,31,1,0,0,227.77118,576.6445,261.84128,-0.032436363,0.020396257,-0.014914952,3.4907844,3.4577777,2,-1,0,0.9001538,1
10,35,1,0,0,207.80856,-206.5303,386.58514,-0.024425322,0.008826912,0.00064185326,10.304466,10.078055,2,-1,0,0.9276653,1
10,35,1,0,0,207.80856,-206.5303,386.58514,-0.024425322,0.008826912,0.00064185326,5.148271,4.9105554,2,-1,0,0.9851097,1
10,31,1,1,0,227.77118,576.6445,261.84128,-0.032436363,0.020396257,-0.014914952,17.43339,17.557222,2,23,1,0.9837789,1
10,29,0,0,0,0.0,0.0,0.0,0.0,0.0,0.0,2.3605347,2.4683332,2,-1,0,0.06747825,0
10,31,1,0,0,227.77118,576.6445,261.84128,-0.032436363,0.020396257,-0.014914952,3.434375,3.4336112,2,-1,0,0.97230005,1
10,21,1,1,0,209.25795,-69.82096,100.43454,0.0033434273,0.014765039,-0.005374213,12.577063,12.550278,2,24,1,0.97911984,1
10,21,1,0,0,209.25795,-69.82096,100.43454,0.0033434273,0.014765039,-0.005374213,4.6300206,4.5597224,2,-1,0,0.9886199,1
10,21,1,0,0,209.25795,-69.82096,100.43454,0.0033434273,0.014765039,-0.005374213,2.8844514,2.9461112,2,-1,0,0.53713644,1
10,14,0,0,0,0.0,0.0,0.0,0.0,0.0,0.0,2.463028,2.4530556,2,-1,0,0.10080603,0
10,9,0,0,0,0.0,0.0,0.0,0.0,0.0,0.0,2.3294585,2.49,2,-1,0,0.06819643,0
10,20,0,0,0,0.0,0.0,0.0,0.0,0.0,0.0,2.1906805,2.2080555,2,-1,0,0.11063705,0
10,31,1,0,0,227.77118,576.6445,261.84128,-0.032436363,0.020396257,-0.014914952,12.536508,12.696389,2,-1,0,0.9898797,1
10,22,0,0,0,0.0,0.0,0.0,0.0,0.0,0.0,2.1823332,2.0930555,2,-1,0,0.16433804,0
10,6,1,0,0,244.85875,196.45036,451.94434,-0.0058914144,0.015161708,0.013242722,2.9236457,2.9152777,2,-1,0,0.14593159,0
10,2,0,0,0,0.0,0.0,0.0,0.0,0.0,0.0,1.9989444,2.0202777,2,-1,0,0.15762788,0
10,3,1,0,0,131.96751,-119.795364,61.85894,0.015669875,-0.022019954,0.023202676,4.321083,4.3152776,2,-1,0,0.97823626,1
10,17,0,0,0,0.0,0.0,0.0,0.0,0.0,0.0,2.122139,2.098611,2,-1,0,0.09609656,0
10,29,1,0,0,196.20259,-366.00708,267.64145,0.0340264,0.003818903,-0.027033364,4.2555904,4.213333,2,-1,0,0.9704387,1
10,6,1,1,0,244.85875,196.45036,451.94434,-0.0058914144,0.015161708,0.013242722,3.0997155,3.0644445,2,25,1,0.9436629,1
10,15,0,0,0,0.0,0.0,0.0,0.0,0.0,0.0,2.4353054,2.2741666,2,-1,0,0.13291132,0
10,11,0,0,0,0.0,0.0,0.0,0.0,0.0,0.0,2.0123193,2.0786111,2,-1,0,0.08423608,0
10,16,0,0,0,0.0,0.0,0.0,0.0,0.0,0.0,2.4060488,2.4505556,2,-1,0,0.023164338,0
10,9,1,1,0,-249.24689,416.3676,349.66885,-0.0052511035,-0.0016524097,-0.023254171,22.136673,22.414444,2,26,1,0.9889333,1
10,10,0,0,0,0.0,0.0,0.0,0.0,0.0,0.0,1.9528542,2.021389,2,-1,0,0.0850083,0
10,34,1,1,0,-262.74042,557.2609,164.45059,-0.023500461,0.0020790088,0.024039002,21.473637,21.414444,2,27,1,0.9933221,1
10,5,0,0,0,0.0,0.0,0.0,0.0,0.0,0.0,2.4018333,0.6388889,2,-1,0,0.07960121,0
10,12,1,1,0,-263.88623,-231.87761,304.1146,-0.012589204,0.0032585112,0.006483745,6.0966945,6.1875,2,28,1,0.9792518,1
10,12,1,0,0,-263.88623,-231.87761,304.1146,-0.012589204,0.0032585112,0.006483745,4.94375,4.9330554,2,-1,0,0.97364354,1
10,34,1,0,0,-262.74042,557.2609,164.45059,-0.023500461,0.0020790088,0.024039002,6.5977707,6.5005555,2,-1,0,0.9473615,1
10,34,1,0,0,-262.74042,557.2609,164.45059,-0.023500461,0.0020790088,0.024039002,2.3269167,2.3422222,2,-1,0,0.14035484,0
10,24,0,0,0,0.0,0.0,0.0,0.0,0.0,0.0,2.3102221,2.33,2,-1,0,0.12693855,0
10,26,0,0,0,0.0,0.0,0.0,0.0,0.0,0.0,2.1402013,2.146111,2,-1,0,0.11054108,0
10,17,0,0,0,0.0,0.0,0.0,0.0,0.0,0.0,2.5138054,2.5416667,2,-1,0,0.13735597,0
10,2,0,0,0,0.0,0.0,0.0,0.0,0.0,0.0,1.9211458,2.0325,2,-1,0,0.07234371,0
10,7,1,1,0,-276.71674,84.94922,428.36234,-0.0051234677,0.0029908665,0.0012237717,5.872181,5.9455557,2,29,1,0.973362,1
10,22,0,0,0,0.0,0.0,0.0,0.0,0.0,0.0,2.1336389,2.0997221,2,-1,0,0.11358433,0
10,5,1,0,0,-305.71536,-214.47266,289.83664,0.014152819,0.0019519908,-0.010430209,3.5943055,3.4880555,2,-1,0,0.9426193,1
10,4,1,1,0,-278.59567,-121.02039,87.98744,-0.006827228,-0.032787144,0.0022550663,28.484848,18.371944,2,30,1,0.97581553,1
10,26,1,1,0,282.63458,-38.419693,307.4199,-0.0071892818,-0.010952706,-0.022528237,16.325022,16.277779,2,31,1,0.9895281,1
10,12,1,0,0,-263.88623,-231.87761,304.1146,-0.012589204,0.0032585112,0.006483745,3.0781317,3.0572221,2,-1,0,0.70929307,1
10,26,1,0,0,282.63458,-38.419693,307.4199,-0.0071892818,-0.010952706,-0.022528237,6.050014,6.0030556,2,-1,0,0.9908284,1
10,15,0,0,0,0.0,0.0,0.0,0.0,0.0,0.0,2.7781527,2.8927777,2,-1,0,0.21495344,0
10,4,1,0,0,-278.59567,-121.02039,87.98744,-0.006827228,-0.032787144,0.0022550663,4.7560835,4.6825,2,-1,0,0.9540104,1
10,5,0,0,0,0.0,0.0,0.0,0.0,0.0,0.0,2.2211876,2.2875,2,-1,0,0.17728144,0
10,18,1,1,0,316.9256,-200.51225,412.4547,-0.0110258395,0.007907797,0.012438203,9.287188,9.368055,2,32,1,0.9468263,1
10,3,0,0,0,0.0,0.0,0.0,0.0,0.0,0.0,2.6758404,2.685,2,-1,0,0.099150434,0
10,35,0,0,0,0.0,0.0,0.0,0.0,0.0,0.0,2.2235,2.2786112,2,-1,0,0.114326894,0
10,40,0,0,0,0.0,0.0,0.0,0.0,0.0,0.0,2.6450837,2.6488888,2,-1,0,0.13137983,0
10,32,1,0,0,-315.88028,321.8525,336.71475,0.0024176668,0.032946717,0.039016407,7.7364235,7.7480555,2,-1,0,0.9737333,1
10,11,0,0,0,0.0,0.0,0.0,0.0,0.0,0.0,2.2145696,2.1597223,2,-1,0,0.12143602,0
10,23,0,0,0,0.0,0.0,0.0,0.0,0.0,0.0,2.1944444,2.1411111,2,-1,0,0.09019605,0
10,5,1,1,0,-305.71536,-214.47266,289.83664,0.014152819,0.0019519908,-0.010430209,12.214195,12.1455555,2,33,1,0.97866577,1
10,32,1,0,0,-315.88028,321.8525,336.71475,0.0024176668,0.032946717,0.039016407,9.860486,9.841111,2,-1,0,0.9926715,1
10,11,1,1,0,-315.40393,-541.7651,86.24535,0.027518453,0.023495033,-0.018900452,36.7462,36.695835,2,34,1,0.9946976,1
10,32,1,0,0,-315.88028,321.8525,336.71475,0.0024176668,0.032946717,0.039016407,4.567514,4.558611,2,-1,0,0.97826254,1
10,36,1,1,0,313.55527,-590.10095,332.34467,0.02231526,-0.011214939,0.0009438586,23.01697,22.824167,2,35,1,0.9888489,1
10,32,1,1,0,-315.88028,321.8525,336.71475,0.0024176668,0.032946717,0.039016407,26.645395,26.520555,2,36,1,0.98258185,1
10,18,1,0,0,316.9256,-200.51225,412.4547,-0.0110258395,0.007907797,0.012438203,5.0432086,3.9205556,2,-1,0,0.988316,1
10,32,0,0,0,0.0,0.0,0.0,0.0,0.0,0.0,2.2209861,2.2072222,2,-1,0,0.21617037,0
10,4,0,0,0,0.0,0.0,0.0,0.0,0.0,0.0,2.0679305,2.0466666,2,-1,0,0.09651881,0
10,24,1,1,0,-323.65964,-429.41556,375.3572,0.011290746,-0.0015487818,0.00030877287,11.510625,11.400833,2,37,1,0.9904469,1
10,31,0,0,0,0.0,0.0,0.0,0.0,0.0,0.0,2.3742085,2.348611,2,-1,0,0.12730265,0
10,22,1,0,0,338.35345,200.81848,155.32986,-0.0004641764,-0.005836347,-0.004813619,2.627632,2.6580555,2,-1,0,0.32073563,0
10,22,1,1,0,338.35345,200.81848,155.32986,-0.0004641764,-0.005836347,-0.004813619,6.698715,6.5869446,2,38,1,0.9643437,1
10,2,0,0,0,0.0,0.0,0.0,0.0,0.0,0.0,2.2640762,2.2066667,2,-1,0,0.08544431,0
10,15,1,1,0,339.13745,295.36246,89.28971,-0.0018393339,-0.015650325,0.0045261653,15.807599,15.838889,2,39,1,0.9492437,1
10,19,0,0,0,0.0,0.0,0.0,0.0,0.0,0.0,2.479375,2.4433334,2,-1,0,0.09950956,0
10,22,0,0,0,0.0,0.0,0.0,0.0,0.0,0.0,2.457104,2.465,2,-1,0,0.12884602,0
10,22,0,0,0,0.0,0.0,0.0,0.0,0.0,0.0,2.2087083,2.215,2,-1,0,0.17170101,0
10,25,0,0,0,0.0,0.0,0.0,0.0,0.0,0.0,2.1512709,2.0994444,2,-1,0,0.13407232,0
10,36,0,0,0,0.0,0.0,0.0,0.0,0.0,0.0,2.0806942,2.146389,2,-1,0,0.08804462,0
10,27,0,0,0,0.0,0.0,0.0,0.0,0.0,0.0,2.2581527,2.243611,2,-1,0,0.12197856,0
10,8,0,0,0,0.0,0.0,0.0,0.0,0.0,0.0,2.520389,2.5038888,2,-1,0,0.11156317,0
10,38,0,0,0,0.0,0.0,0.0,0.0,0.0,0.0,2.2617779,2.2594445,2,-1,0,0.112754375,0
10,21,0,0,0,0.0,0.0,0.0,0.0,0.0,0.0,1.9688542,2.0519445,2,-1,0,0.09369687,0
10,36,0,0,0,0.0,0.0,0.0,0.0,0.0,0.0,2.1966667,2.1252778,2,-1,0,0.08620262,0
10,19,0,0,0,0.0,0.0,0.0,0.0,0.0,0.0,2.2393472,2.1830556,2,-1,0,0.1232735,0
10,16,0,0,0,0.0,0.0,0.0,0.0,0.0,0.0,2.0807362,2.1005557,2,-1,0,0.08302864,0
10,32,0,0,0,0.0,0.0,0.0,0.0,0.0,0.0,2.1205974,2.1697223,2,-1,0,0.10985279,0
10,3,0,0,0,0.0,0.0,0.0,0.0,0.0,0.0,2.5595834,2.531389,2,-1,0,0.13784988,0
10,37,0,0,0,0.0,0.0,0.0,0.0,0.0,0.0,2.0395,2.11,2,-1,0,0.09698064,0
10,20,0,0,0,0.0,0.0,0.0,0.0,0.0,0.0,2.11925,2.0666666,2,-1,0,0.09889508,0
10,33,0,0,0,0.0,0.0,0.0,0.0,0.0,0.0,2.029903,2.0169444,2,-1,0,0.0017280573,0
10,6,0,0,0,0.0,0.0,0.0,0.0,0.0,0.0,1.9672153,2.021389,2,-1,0,0.07885315,0
10,35,0,0,0,0.0,0.0,0.0,0.0,0.0,0.0,2.5842292,2.656389,2,-1,0,0.05566983,0
10,34,0,0,0,0.0,0.0,0.0,0.0,0.0,0.0,2.4647708,2.3880556,2,-1,0,0.08914532,0
10,28,0,0,0,0.0,0.0,0.0,0.0,0.0,0.0,2.062896,2.0791667,2,-1,0,0.085940994,0
10,29,0,0,0,0.0,0.0,0.0,0.0,0.0,0.0,2.2097986,2.1377778,2,-1,0,0.0888438,0
10,12,0,0,0,0.0,0.0,0.0,0.0,0.0,0.0,2.716153,2.6419444,2,-1,0,0.19174297,0
10,11,0,0,0,0.0,0.0,0.0,0.0,0.0,0.0,1.9629097,2.0652778,2,-1,0,0.04193037,0
10,37,0,0,0,0.0,0.0,0.0,0.0,0.0,0.0,2.4218333,2.4144444,2,-1,0,0.1748589,0
10,27,0,0,0,0.0,0.0,0.0,0.0,0.0,0.0,2.318972,2.3566666,2,-1,0,0.110050485,0
11,17,1,1,0,-5.8669896,-596.60016,342.39084,0.0015941029,0.012882303,-0.0073561408,6.2656946,3.5102777,2,0,1,0.9854033,1
11,34,0,0,0,0.0,0.0,0.0,0.0,0.0,0.0,2.0017223,2.011111,2,-1,0,0.11135761,0
11,32,0,0,0,0.0,0.0,0.0,0.0,0.0,0.0,2.5865972,2.4619443,2,-1,0,0.2354134,0
11,23,1,0,0,3.8233883,231.7543,133.78085,0.011141364,-0.029997854,0.019452631,6.4307294,6.5052776,2,-1,0,0.9986066,1
11,23,1,1,0,3.8233883,231.7543,133.78085,0.011141364,-0.029997854,0.019452631,11.588431,11.244166,2,1,1,0.9832571,1
11,23,1,0,0,3.8233883,231.7543,133.78085,0.011141364,-0.029997854,0.019452631,10.553736,10.498611,2,-1,0,0.9826469,1
11,17,1,0,0,-5.8669896,-596.60016,342.39084,0.0015941029,0.012882303,-0.0073561408,4.576389,4.29,2,-1,0,0.96328217,1
11,2,1,1,0,22.968416,-305.5809,395.75565,-0.009772527,0.025851294,0.02453753,35.969513,35.759724,2,2,1,0.9985751,1
11,2,1,0,0,22.968416,-305.5809,395.75565,-0.009772527,0.025851294,0.02453753,6.290382,6.2569447,2,-1,0,0.9706788,1
11,12,0,0,0,0.0,0.0,0.0,0.0,0.0,0.0,2.1774862,2.3066666,2,-1,0,0.10247154,0
11,28,0,0,0,0.0,0.0,0.0,0.0,0.0,0.0,2.2457361,2.2413888,2,-1,0,0.09720945,0
11,20,0,0,0,0.0,0.0,0.0,0.0,0.0,0.0,2.108215,2.1636112,2,-1,0,0.18534212,0
11,1,0,0,0,0.0,0.0,0.0,0.0,0.0,0.0,1.9948057,2.0730555,2,-1,0,0.11932779,0
11,2,0,0,0,0.0,0.0,0.0,0.0,0.0,0.0,2.1323195,2.1380556,2,-1,0,0.10867291,0
11,31,0,0,0,0.0,0.0,0.0,0.0,0.0,0.0,2.1963472,2.2486112,2,-1,0,0.1329868,0
11,9,1,1,0,-38.38208,-483.8279,73.36794,-0.0071294075,0.002650554,-0.014999539,21.892977,16.187778,2,3,1,0.99310803,1
11,2,0,0,0,0.0,0.0,0.0,0.0,0.0,0.0,2.403222,2.3166666,2,-1,0,0.06890449,0
11,35,0,0,0,0.0,0.0,0.0,0.0,0.0,0.0,2.0345485,2.0666666,2,-1,0,0.1078794,0
11,16,0,0,0,0.0,0.0,0.0,0.0,0.0,0.0,2.1220276,2.0955555,2,-1,0,0.056727406,0
11,22,0,0,0,0.0,0.0,0.0,0.0,0.0,0.0,2.827021,-1.0,2,-1,0,0.17088896,0
11,22,0,0,0,0.0,0.0,0.0,0.0,0.0,0.0,17.796673,-1.0,2,-1,0,0.99956816,1
11,31,0,0,0,0.0,0.0,0.0,0.0,0.0,0.0,2.2096667,2.22,2,-1,0,0.06868063,0
11,32,0,0,0,0.0,0.0,0.0,0.0,0.0,0.0,2.3155694,2.2280555,2,-1,0,0.11010428,0
11,8,0,0,0,0.0,0.0,0.0,0.0,0.0,0.0,2.62091,2.6552777,2,-1,0,0.17936742,0
11,8,0,0,0,0.0,0.0,0.0,0.0,0.0,0.0,1.9774653,2.0033333,2,-1,0,0.08431701,0
11,20,0,0,0,0.0,0.0,0.0,0.0,0.0,0.0,2.34075,2.2694445,2,-1,0,0.024885898,0
11,33,1,0,0,76.656525,132.1328,186.57758,0.022634147,0.008635209,0.015397532,5.0913887,5.042778,2,-1,0,0.97683287,1
11,20,1,0,0,90.9101,486.60913,4.958777,-0.020358557,0.0042721224,0.008360245,2.6836388,2.713889,2,-1,0,0.6219839,1
11,31,1,1,0,-71.87453,-226.15434,386.43622,-0.0038243274,0.009043233,0.011050901,9.434771,9.420834,2,4,1,0.982957,1
11,31,1,0,0,-71.87453,-226.15434,386.43622,-0.0038243274,0.009043233,0.011050901,3.8375208,3.8925,2,-1,0,0.90823376,1
11,22,0,0,0,0.0,0.0,0.0,0.0,0.0,0.0,5.579612,-1.0,2,-1,0,0.9835723,1
11,31,1,0,0,-71.87453,-226.15434,386.43622,-0.0038243274,0.009043233,0.011050901,2.1731458,2.1055555,2,-1,0,0.14676343,0
11,33,1,1,0,76.656525,132.1328,186.57758,0.022634147,0.008635209,0.015397532,30.040495,29.890556,2,5,1,0.9999664,1
11,3,1,0,0,86.98732,67.299995,22.556952,0.02131743,-0.037292268,0.027284605,2.279118,2.2266667,2,-1,0,0.11528502,0
11,3,1,1,0,86.98732,67.299995,22.556952,0.02131743,-0.037292268,0.027284605,30.514275,30.4975,2,6,1,0.9961669,1
11,3,1,0,0,86.98732,67.299995,22.556952,0.02131743,-0.037292268,0.027284605,5.693583,5.558889,2,-1,0,0.9937203,1
11,13,1,0,0,-139.74998,130.66656,192.6561,0.0039792997,0.0031703473,0.014298258,3.445007,3.5302777,2,-1,0,0.801802,1
11,20,1,1,0,90.9101,486.60913,4.958777,-0.020358557,0.0042721224,0.008360245,7.6057844,7.375278,2,7,1,0.98559153,1
11,34,0,0,0,0.0,0.0,0.0,0.0,0.0,0.0,2.4830902,2.4583333,2,-1,0,0.06407799,0
11,3,1,0,0,86.98732,67.299995,22.556952,0.02131743,-0.037292268,0.027284605,16.453617,16.424723,2,-1,0,0.99689436,1
11,34,0,0,0,0.0,0.0,0.0,0.0,0.0,0.0,2.1538055,2.1777778,2,-1,0,0.100458056,0
11,31,1,0,0,-71.87453,-226.15434,386.43622,-0.0038243274,0.009043233,0.011050901,2.0107152,2.0125,2,-1,0,0.096656494,0
11,8,1,1,0,-93.92644,472.01596,222.80545,-0.015329453,0.026051456,-0.002644036,27.100382,27.084444,2,8,1,0.9998878,1
11,14,0,0,0,0.0,0.0,0.0,0.0,0.0,0.0,2.3084652,2.3080556,2,-1,0,0.09661018,0
11,31,0,0,0,0.0,0.0,0.0,0.0,0.0,0.0,2.6063545,2.5408332,2,-1,0,0.17494328,0
11,17,0,0,0,0.0,0.0,0.0,0.0,0.0,0.0,3.1334305,2.9727778,2,-1,0,0.18873541,0
11,9,0,0,0,0.0,0.0,0.0,0.0,0.0,0.0,2.192236,2.0819445,2,-1,0,0.10409066,0
11,4,0,0,0,0.0,0.0,0.0,0.0,0.0,0.0,2.2987914,2.3622222,2,-1,0,0.19619426,0
11,20,0,0,0,0.0,0.0,0.0,0.0,0.0,0.0,2.5564582,2.5527778,2,-1,0,0.16830958,0
11,15,0,0,0,0.0,0.0,0.0,0.0,0.0,0.0,2.124104,2.0516667,2,-1,0,0.14292952,0
11,5,0,0,0,0.0,0.0,0.0,0.0,0.0,0.0,2.2699168,2.3302777,2,-1,0,0.07787528,0
11,4,1,1,0,132.07437,-571.33826,342.944,-0.019112576,-0.0062752767,0.00094141753,11.043528,10.9725,2,9,1,0.9778186,1
11,35,0,0,0,0.0,0.0,0.0,0.0,0.0,0.0,2.631521,2.5952778,2,-1,0,0.1038684,0
11,35,0,0,0,0.0,0.0,0.0,0.0,0.0,0.0,2.2434793,2.2305555,2,-1,0,0.14532132,0
11,13,1,1,0,-139.74998,130.66656,192.6561,0.0039792997,0.0031703473,0.014298258,12.363105,12.363334,2,10,1,0.9823889,1
11,1,0,0,0,0.0,0.0,0.0,0.0,0.0,0.0,2.1530347,2.0858333,2,-1,0,0.038761947,0
11,30,0,0,0,0.0,0.0,0.0,0.0,0.0,0.0,20.534111,-1.0,2,-1,0,0.9491177,1
11,38,0,0,0,0.0,0.0,0.0,0.0,0.0,0.0,2.4327497,2.443889,2,-1,0,0.25102648,0
11,14,0,0,0,0.0,0.0,0.0,0.0,0.0,0.0,2.1856737,2.2419446,2,-1,0,0.051459342,0
11,11,0,0,0,0.0,0.0,0.0,0.0,0.0,0.0,2.142875,2.1808333,2,-1,0,0.086061366,0
11,35,0,0,0,0.0,0.0,0.0,0.0,0.0,0.0,2.928597,2.8725,2,-1,0,0.35568264,0
11,32,0,0,0,0.0,0.0,0.0,0.0,0.0,0.0,2.2064514,2.2783334,2,-1,0,0.102494545,0
11,35,0,0,0,0.0,0.0,0.0,0.0,0.0,0.0,2.229979,2.173889,2,-1,0,0.1635677,0
11,30,0,0,0,0.0,0.0,0.0,0.0,0.0,0.0,7.2282915,-1.0,2,-1,0,0.9782788,1
11,17,0,0,0,0.0,0.0,0.0,0.0,0.0,0.0,2.5394166,2.4741666,2,-1,0,0.24006917,0
11,35,1,1,0,164.88477,361.38568,455.215,-0.0023252848,0.0020214042,-0.009763025,11.066083,10.994445,2,11,1,0.9861465,1
11,18,1,1,0,-164.11835,159.40964,59.59205,-0.021703223,-0.019636048,0.0022274193,25.10577,14.5675,2,12,1,0.99230075,1
11,8,0,0,0,0.0,0.0,0.0,0.0,0.0,0.0,2.1348126,2.1902778,2,-1,0,0.14074719,0
11,40,1,1,0,-168.6418,237.93025,122.81291,0.001486337,-0.004385746,0.011443792,13.104751,13.090834,2,13,1,0.99293584,1
11,19,1,1,0,172.31898,554.08453,380.81726,0.004474149,-0.0015363303,0.0141486265,16.920973,16.78139,2,14,1,0.99465525,1
11,32,0,0,0,0.0,0.0,0.0,0.0,0.0,0.0,2.89825,2.8102777,2,-1,0,0.2524755,0
11,24,0,0,0,0.0,0.0,0.0,0.0,0.0,0.0,18.414404,-1.0,2,-1,0,0.99153507,1
11,24,0,0,0,0.0,0.0,0.0,0.0,0.0,0.0,2.8428054,-1.0,2,-1,0,0.27126706,0
11,40,0,0,0,0.0,0.0,0.0,0.0,0.0,0.0,2.1460693,2.1069446,2,-1,0,0.060839467,0
11,25,0,0,0,0.0,0.0,0.0,0.0,0.0,0.0,2.3188195,2.2875,2,-1,0,0.12470996,0
11,14,1,1,0,186.96693,495.05396,154.79495,-0.007672557,-0.017345577,0.0032324358,19.81741,19.451944,2,15,1,0.99737906,1
11,25,1,1,0,191.9259,-580.5388,29.199276,-0.016949212,0.012911349,-0.0034480097,23.363882,23.456667,2,16,1,0.9789313,1
11,24,0,0,0,0.0,0.0,0.0,0.0,0.0,0.0,2.5401666,-1.0,2,-1,0,0.13010982,0
11,23,0,0,0,0.0,0.0,0.0,0.0,0.0,0.0,2.1214027,2.0625,2,-1,0,0.07946867,0
11,8,0,0,0,0.0,0.0,0.0,0.0,0.0,0.0,2.15975,2.1558332,2,-1,0,0.103462525,0
11,36,0,0,0,0.0,0.0,0.0,0.0,0.0,0.0,2.161243,2.1761112,2,-1,0,0.09078723,0
11,33,0,0,0,0.0,0.0,0.0,0.0,0.0,0.0,2.1582708,2.0172222,2,-1,0,0.090397455,0
11,30,0,0,0,0.0,0.0,0.0,0.0,0.0,0.0,2.291618,2.3294444,2,-1,0,0.11186936,0
11,25,1,0,0,191.9259,-580.5388,29.199276,-0.016949212,0.012911349,-0.0034480097,4.9755273,4.9375,2,-1,0,0.9717561,1
11,15,0,0,0,0.0,0.0,0.0,0.0,0.0,0.0,2.790368,2.7169445,2,-1,0,0.26377797,0
11,26,0,0,0,0.0,0.0,0.0,0.0,0.0,0.0,2.1490693,1.5761111,2,-1,0,0.08712675,0
11,21,0,0,0,0.0,0.0,0.0,0.0,0.0,0.0,2.0441113,2.0305555,2,-1,0,0.10511151,0
11,1,0,0,0,0.0,0.0,0.0,0.0,0.0,0.0,2.7440417,2.748889,2,-1,0,0.13419393,0
11,26,1,1,0,219.0192,70.454094,254.69824,-0.015005642,0.016898988,0.0013172186,24.318056,24.136667,2,17,1,0.998116,1
11,18,0,0,0,0.0,0.0,0.0,0.0,0.0,0.0,2.1131458,2.0619445,2,-1,0,0.11310762,0
11,8,0,0,0,0.0,0.0,0.0,0.0,0.0,0.0,2.598125,2.656111,2,-1,0,0.1633459,0
11,18,0,0,0,0.0,0.0,0.0,0.0,0.0,0.0,2.390292,2.2608333,2,-1,0,0.05846989,0
11,23,0,0,0,0.0,0.0,0.0,0.0,0.0,0.0,2.151375,2.2030556,2,-1,0,0.117162734,0
11,28,0,0,0,0.0,0.0,0.0,0.0,0.0,0.0,2.0365973,2.0283334,2,-1,0,0.11838781,0
11,37,1,0,0,-251.81317,586.5619,380.57922,-0.0071004,0.017428132,0.0023043035,3.013764,2.9791667,2,-1,0,0.08814861,0
11,4,0,0,0,0.0,0.0,0.0,0.0,0.0,0.0,2.1447916,2.0905557,2,-1,0,0.09783642,0
11,26,1,0,0,219.0192,70.454094,254.69824,-0.015005642,0.016898988,0.0013172186,2.8977637,2.9644444,2,-1,0,0.62293106,1
11,32,0,0,0,0.0,0.0,0.0,0.0,0.0,0.0,2.8293195,2.791389,2,-1,0,0.2132909,0
11,17,0,0,0,0.0,0.0,0.0,0.0,0.0,0.0,2.3089166,2.335,2,-1,0,0.16484065,0
11,27,0,0,0,0.0,0.0,0.0,0.0,0.0,0.0,2.445917,2.4447222,2,-1,0,0.033857603,0
11,39,1,1,0,-230.54543,500.13104,256.49298,-0.008028712,-0.0038401224,-0.0008090767,9.284465,8.47,2,18,1,0.9944765,1
11,11,0,0,0,0.0,0.0,0.0,0.0,0.0,0.0,1.9505209,2.0005555,2,-1,0,0.05901203,0
11,8,0,0,0,0.0,0.0,0.0,0.0,0.0,0.0,2.375,2.4205556,2,-1,0,0.113400504,0
11,5,1,1,0,-235.73448,455.34076,189.70543,0.011869707,-0.030222844,0.00411398,28.107069,28.010279,2,19,1,0.99636626,1
11,4,0,0,0,0.0,0.0,0.0,0.0,0.0,0.0,2.8446457,2.8202777,2,-1,0,0.27519825,0
11,28,0,0,0,0.0,0.0,0.0,0.0,0.0,0.0,2.2830138,2.2738888,2,-1,0,0.1118469,0
11,35,0,0,0,0.0,0.0,0.0,0.0,0.0,0.0,2.1036668,2.1608334,2,-1,0,0.15938152,0
11,18,0,0,0,0.0,0.0,0.0,0.0,0.0,0.0,2.0965416,2.1027777,2,-1,0,0.11005791,0
11,21,1,1,0,-242.62515,-448.16406,183.39526,-0.009607327,-0.00035461388,-0.014878613,9.086695,9.036667,2,20,1,0.99314225,1
11,6,1,1,0,-246.21658,246.02692,285.37387,0.008069348,0.00818114,0.005196713,12.487737,12.284166,2,21,1,0.9936194,1
11,21,1,0,0,-242.62515,-448.16406,183.39526,-0.009607327,-0.00035461388,-0.014878613,8.739812,8.773334,2,-1,0,0.9976846,1
11,26,0,0,0,0.0,0.0,0.0,0.0,0.0,0.0,2.8895278,2.9941666,2,-1,0,0.17026144,0
11,21,0,0,0,0.0,0.0,0.0,0.0,0.0,0.0,2.1215415,2.1155555,2,-1,0,0.05140156,0
11,21,0,0,0,0.0,0.0,0.0,0.0,0.0,0.0,2.2566876,2.1319444,2,-1,0,0.1416792,0
11,1,1,1,0,-250.97719,136.4284,144.18808,0.005562912,-0.0033522851,-0.008962001,11.041089,11.014167,2,22,1,0.98736095,1
11,18,0,0,0,0.0,0.0,0.0,0.0,0.0,0.0,1.999243,2.0991666,2,-1,0,0.07596609,0
11,37,1,1,0,-251.81317,586.5619,380.57922,-0.0071004,0.017428132,0.0023043035,17.552124,17.543333,2,23,1,0.97962886,1
11,8,0,0,0,0.0,0.0,0.0,0.0,0.0,0.0,2.061354,2.0458333,2,-1,0,0.102246866,0
11,15,0,0,0,0.0,0.0,0.0,0.0,0.0,0.0,2.6459513,2.6069446,2,-1,0,0.1742802,0
11,36,1,1,0,268.84457,-49.287273,271.32608,-0.009003358,0.009477566,-0.003893067,12.368222,12.466945,2,24,1,0.9570834,1
11,34,0,0,0,0.0,0.0,0.0,0.0,0.0,0.0,2.0514793,2.0933332,2,-1,0,0.12776838,0
11,21,0,0,0,0.0,0.0,0.0,0.0,0.0,0.0,1.991729,2.1108334,2,-1,0,0.070723586,0
11,12,0,0,0,0.0,0.0,0.0,0.0,0.0,0.0,27.239264,-1.0,2,-1,0,0.9936759,1
11,28,0,0,0,0.0,0.0,0.0,0.0,0.0,0.0,2.0595279,2.1077778,2,-1,0,0.04323747,0
11,10,1,1,0,-273.75378,142.32312,411.14948,-0.019419784,-0.028342847,0.019187778,20.871876,21.064444,2,25,1,0.9950187,1
11,39,0,0,0,0.0,0.0,0.0,0.0,0.0,0.0,2.2081666,2.3308334,2,-1,0,0.084462956,0
11,3,0,0,0,0.0,0.0,0.0,0.0,0.0,0.0,2.560639,2.4433334,2,-1,0,0.13715026,0
11,10,1,0,0,-273.75378,142.32312,411.14948,-0.019419784,-0.028342847,0.019187778,17.70234,17.596666,2,-1,0,0.9711326,1
11,23,0,0,0,0.0,0.0,0.0,0.0,0.0,0.0,2.3929443,2.39,2,-1,0,0.0948531,0
11,11,1,1,0,-282.0918,110.25245,150.84161,-0.0036700196,0.015998408,0.026855513,26.799236,25.99361,2,26,1,0.9611862,1
11,29,1,1,0,-283.98425,-186.20122,21.759155,-0.008299216,0.014228993,-0.002996595,16.885647,16.762777,2,27,1,0.99974746,1
11,28,1,1,0,303.13696,571.1198,328.23676,0.003534619,0.001709485,-0.003047133,4.8238196,4.9511113,2,28,1,0.98953027,1
11,26,0,0,0,0.0,0.0,0.0,0.0,0.0,0.0,2.428111,2.3669446,2,-1,0,0.08434614,0
11,18,1,0,0,-164.11835,159.40964,59.59205,-0.021703223,-0.019636048,0.0022274193,2.0239792,2.0308332,2,-1,0,0.10035831,0
11,39,0,0,0,0.0,0.0,0.0,0.0,0.0,0.0,2.446007,2.3833334,2,-1,0,0.004487965,0
11,12,0,0,0,0.0,0.0,0.0,0.0,0.0,0.0,2.6296666,2.6275,2,-1,0,0.13280836,0
11,7,0,0,0,0.0,0.0,0.0,0.0,0.0,0.0,2.1756527,2.126111,2,-1,0,0.12932974,0
11,28,1,0,0,303.13696,571.1198,328.23676,0.003534619,0.001709485,-0.003047133,4.563229,4.617778,2,-1,0,0.9932388,1
11,13,0,0,0,0.0,0.0,0.0,0.0,0.0,0.0,2.1704724,2.1172223,2,-1,0,0.0683889,0
11,4,0,0,0,0.0,0.0,0.0,0.0,0.0,0.0,2.3305414,2.2780557,2,-1,0,0.18331113,0
11,5,0,0,0,0.0,0.0,0.0,0.0,0.0,0.0,2.0405831,2.1116667,2,-1,0,0.092876166,0
11,27,1,0,0,-346.5701,243.83879,164.02095,0.025430107,-0.014918747,0.021647455,8.399091,8.368333,2,-1,0,0.9789169,1
11,26,0,0,0,0.0,0.0,0.0,0.0,0.0,0.0,2.3228333,2.3869445,2,-1,0,0.10442776,0
11,24,0,0,0,0.0,0.0,0.0,0.0,0.0,0.0,2.1840415,2.1736112,2,-1,0,0.06375213,0
11,30,0,0,0,0.0,0.0,0.0,0.0,0.0,0.0,2.2686667,2.2644444,2,-1,0,0.14976296,0
11,15,1,1,0,320.66205,-237.80428,361.22443,-0.006548021,-0.0035472885,0.019121531,19.127178,18.972221,2,29,1,0.9702285,1
11,38,1,1,0,-321.41064,166.65102,257.12653,-0.0011284476,0.009755468,-0.0005163036,9.565673,7.7602777,2,30,1,0.97353226,1
11,32,0,0,0,0.0,0.0,0.0,0.0,0.0,0.0,2.2397013,2.1630557,2,-1,0,0.100868024,0
11,32,1,0,0,242.22571,359.0077,8.761685,-0.011450052,0.0027587893,-0.0028965026,2.1829653,2.2044444,2,-1,0,0.0605311,0
11,27,1,0,0,-346.5701,243.83879,164.02095,0.025430107,-0.014918747,0.021647455,2.4865,2.4722223,2,-1,0,0.06310533,0
11,27,1,1,0,-346.5701,243.83879,164.02095,0.025430107,-0.014918747,0.021647455,19.440487,19.4275,2,31,1,0.9212817,1
11,22,0,0,0,0.0,0.0,0.0,0.0,0.0,0.0,2.0318542,2.0327778,2,-1,0,0.046698906,0
11,32,1,1,0,340.32306,321.5615,211.14688,-0.011450052,0.0027587893,-0.0028965026,11.466236,11.116667,2,32,1,0.9623452,1
11,38,0,0,0,0.0,0.0,0.0,0.0,0.0,0.0,2.3198335,2.3477778,2,-1,0,0.0756449,0
11,28,0,0,0,0.0,0.0,0.0,0.0,0.0,0.0,2.5925417,2.5472221,2,-1,0,0.14467783,0
11,16,1,1,0,-347.21158,-385.71384,113.94668,0.014720061,0.009110074,0.02012775,25.653536,22.15611,2,33,1,0.99996376,1
11,27,1,0,0,-346.5701,243.83879,164.02095,0.025430107,-0.014918747,0.021647455,2.7403402,2.6983333,2,-1,0,0.7614831,1
11,7,1,1,0,354.51498,-566.2155,188.28915,-0.029872665,-0.001721019,0.021796973,30.689827,30.671112,2,34,1,0.93712854,1
11,34,1,1,0,-350.81036,-165.78313,363.47714,-0.012216556,-0.007049883,0.0093272785,8.996722,6.7802777,2,35,1,0.98013204,1
11,27,1,0,0,-346.5701,243.83879,164.02095,0.025430107,-0.014918747,0.021647455,3.1794586,3.1872222,2,-1,0,0.86653507,1
11,34,1,0,0,-350.81036,-165.78313,363.47714,-0.012216556,-0.007049883,0.0093272785,6.6585274,6.769722,2,-1,0,0.9573809,1
11,25,0,0,0,0.0,0.0,0.0,0.0,0.0,0.0,2.0902777,2.0902777,2,-1,0,0.10537068,0
11,8,0,0,0,0.0,0.0,0.0,0.0,0.0,0.0,2.0675974,2.0725,2,-1,0,0.084570065,0
11,14,0,0,0,0.0,0.0,0.0,0.0,0.0,0.0,2.1290972,2.088889,2,-1,0,0.08189347,0
11,32,1,0,0,242.22571,359.0077,8.761685,-0.011450052,0.0027587893,-0.0028965026,3.652271,3.6780555,2,-1,0,0.96466196,1
11,24,0,0,0,0.0,0.0,0.0,0.0,0.0,0.0,2.3368404,2.3641667,2,-1,0,0.050153814,0
11,32,1,0,0,242.22571,359.0077,8.761685,-0.011450052,0.0027587893,-0.0028965026,4.01125,4.016389,2,-1,0,0.9946278,1
11,16,0,0,0,0.0,0.0,0.0,0.0,0.0,0.0,2.108764,2.1633334,2,-1,0,0.091867276,0
11,2,0,0,0,0.0,0.0,0.0,0.0,0.0,0.0,2.218125,2.172778,2,-1,0,0.07907808,0
11,3,0,0,0,0.0,0.0,0.0,0.0,0.0,0.0,1.9367152,2.0113888,2,-1,0,0.07946092,0
11,36,0,0,0,0.0,0.0,0.0,0.0,0.0,0.0,2.0800695,2.1369445,2,-1,0,0.09107158,0
11,33,0,0,0,0.0,0.0,0.0,0.0,0.0,0.0,2.5676944,2.5644445,2,-1,0,0.17452006,0
11,35,0,0,0,0.0,0.0,0.0,0.0,0.0,0.0,2.1609445,2.172778,2,-1,0,0.091635175,0
11,39,0,0,0,0.0,0.0,0.0,0.0,0.0,0.0,2.5639164,2.5155556,2,-1,0,0.14558698,0
11,23,0,0,0,0.0,0.0,0.0,0.0,0.0,0.0,2.1093888,2.1147223,2,-1,0,0.12634853,0
11,22,0,0,0,0.0,0.0,0.0,0.0,0.0,0.0,2.286493,2.3794444,2,-1,0,0.16721635,0
11,36,1,0,0,340.17545,108.58415,459.596,-0.009003358,0.009477566,-0.003893067,2.2625763,2.313611,2,-1,0,0.14599273,0
11,36,1,0,0,340.17545,108.58415,459.596,-0.009003358,0.009477566,-0.003893067,2.7366114,2.776389,2,-1,0,0.27603048,0
11,24,0,0,0,0.0,0.0,0.0,0.0,0.0,0.0,2.1564791,2.0952778,2,-1,0,0.12897228,0
11,40,0,0,0,0.0,0.0,0.0,0.0,0.0,0.0,2.2398748,2.2430556,2,-1,0,0.16154118,0
11,6,0,0,0,0.0,0.0,0.0,0.0,0.0,0.0,2.1176875,2.086111,2,-1,0,0.090198964,0
11,36,1,0,0,340.17545,108.58415,459.596,-0.009003358,0.009477566,-0.003893067,2.2789447,2.271111,2,-1,0,0.09481379,0
11,4,0,0,0,0.0,0.0,0.0,0.0,0.0,0.0,2.1715207,2.1197221,2,-1,0,0.086365685,0
11,5,0,0,0,0.0,0.0,0.0,0.0,0.0,0.0,2.0350626,2.0572221,2,-1,0,0.05502419,0
12,16,0,0,0,0.0,0.0,0.0,0.0,0.0,0.0,2.4593472,2.5152779,2,-1,0,0.10227396,0
12,10,0,0,0,0.0,0.0,0.0,0.0,0.0,0.0,1.9742154,2.004722,2,-1,0,0.10346047,0
12,16,1,1,0,17.616251,10.530464,24.644709,0.0070470385,0.0050619617,0.0041603106,11.932772,12.044723,2,0,1,0.99815136,1
12,16,1,0,0,17.616251,10.530464,24.644709,0.0070470385,0.0050619617,0.0041603106,2.779764,2.778889,2,-1,0,0.16126224,0
12,28,0,0,0,0.0,0.0,0.0,0.0,0.0,0.0,2.5466738,2.5294445,2,-1,0,0.12523104,0
12,32,1,1,0,25.841793,91.94184,162.59766,0.0081791235,-0.014023553,-0.0014215035,18.270514,16.384167,2,1,1,0.97869647,1
12,40,1,1,0,-27.050669,404.43445,304.1701,-0.0017369277,0.0032680144,-0.00858624,11.7172365,11.321111,2,2,1,0.9901632,1
12,32,1,0,0,25.841793,91.94184,162.59766,0.0081791235,-0.014023553,-0.0014215035,2.931146,2.9891667,2,-1,0,0.17494781,0
12,31,0,0,0,0.0,0.0,0.0,0.0,0.0,0.0,2.1205764,2.0966666,2,-1,0,0.06803716,0
12,3,0,0,0,0.0,0.0,0.0,0.0,0.0,0.0,2.3301945,2.2672222,2,-1,0,0.19085309,0
12,5,0,0,0,0.0,0.0,0.0,0.0,0.0,0.0,2.4354374,2.5,2,-1,0,0.11228553,0
12,1,1,1,0,-36.39877,157.3993,58.466946,0.0101464335,0.0089865625,-0.005667895,17.579395,17.719166,2,3,1,0.9985612,1
12,10,1,0,0,77.61536,295.3695,90.32992,-0.026661633,0.004666852,0.0015128716,6.1499023,6.233333,2,-1,0,0.9525218,1
12,37,0,0,0,0.0,0.0,0.0,0.0,0.0,0.0,2.168132,2.1,2,-1,0,0.089328066,0
12,20,0,0,0,0.0,0.0,0.0,0.0,0.0,0.0,2.0226665,2.06,2,-1,0,0.07700804,0
12,8,0,0,0,0.0,0.0,0.0,0.0,0.0,0.0,2.5908058,2.5891666,2,-1,0,0.19414794,0
12,32,0,0,0,0.0,0.0,0.0,0.0,0.0,0.0,2.2681527,2.291389,2,-1,0,0.041768968,0
12,24,0,0,0,0.0,0.0,0.0,0.0,0.0,0.0,2.1748543,2.1144445,2,-1,0,0.17430724,0
12,26,0,0,0,0.0,0.0,0.0,0.0,0.0,0.0,2.1570487,2.2305555,2,-1,0,0.1422266,0
12,10,1,1,0,77.61536,295.3695,90.32992,-0.026661633,0.004666852,0.0015128716,23.683313,23.639444,2,4,1,0.9999541,1
12,22,1,1,0,80.36863,99.65625,238.2595,-0.006187645,-0.0148468055,0.013416702,11.590041,11.598056,2,5,1,0.9776047,1
12,10,0,0,0,0.0,0.0,0.0,0.0,0.0,0.0,2.2910137,2.1830556,2,-1,0,0.08789505,0
12,16,0,0,0,0.0,0.0,0.0,0.0,0.0,0.0,2.399278,2.323611,2,-1,0,0.1581453,0
12,22,1,0,0,80.36863,99.65625,238.2595,-0.006187645,-0.0148468055,0.013416702,8.291521,8.060278,2,-1,0,0.99524623,1
12,10,1,0,0,77.61536,295.3695,90.32992,-0.026661633,0.004666852,0.0015128716,2.886014,2.9280555,2,-1,0,0.21588738,0
12,11,0,0,0,0.0,0.0,0.0,0.0,0.0,0.0,2.2447014,2.2686112,2,-1,0,0.15504405,0
12,15,0,0,0,0.0,0.0,0.0,0.0,0.0,0.0,2.7934237,2.8630555,2,-1,0,0.104152694,0
12,11,0,0,0,0.0,0.0,0.0,0.0,0.0,0.0,2.1009932,2.2527778,2,-1,0,0.09094519,0
12,25,1,1,0,87.92552,-351.8231,128.16295,0.05933301,0.009530107,-0.028795168,26.920864,72.09389,2,6,1,0.98496825,1
12,19,0,0,0,0.0,0.0,0.0,0.0,0.0,0.0,2.068854,2.0733333,2,-1,0,0.11150905,0
12,33,0,0,0,0.0,0.0,0.0,0.0,0.0,0.0,2.3576944,2.4172223,2,-1,0,0.10592862,0
12,20,0,0,0,0.0,0.0,0.0,0.0,0.0,0.0,2.6692362,2.6722221,2,-1,0,0.5758822,1
12,4,1,1,0,91.62789,310.8329,299.57822,0.02514198,-0.00091016246,0.019737368,34.60979,34.504166,2,7,1,0.98396575,1
12,4,0,0,0,0.0,0.0,0.0,0.0,0.0,0.0,2.0438888,2.105,2,-1,0,0.121561006,0
12,22,1,0,0,80.36863,99.65625,238.2595,-0.006187645,-0.0148468055,0.013416702,2.2652152,2.256389,2,-1,0,0.092773795,0
12,12,0,0,0,0.0,0.0,0.0,0.0,0.0,0.0,2.6548958,2.5722222,2,-1,0,0.13774909,0
12,9,0,0,0,0.0,0.0,0.0,0.0,0.0,0.0,2.0976944,2.1588888,2,-1,0,0.088174246,0
12,25,1,0,0,87.92552,-351.8231,128.16295,0.05933301,0.009530107,-0.028795168,2.1915762,2.1255555,2,-1,0,0.09918894,0
12,24,0,0,0,0.0,0.0,0.0,0.0,0.0,0.0,2.2451665,2.3152778,2,-1,0,0.08206473,0
12,17,0,0,0,0.0,0.0,0.0,0.0,0.0,0.0,2.077354,2.0922222,2,-1,0,0.085649885,0
12,33,1,1,0,-132.30566,231.70795,162.99342,0.004570604,-0.002502403,-0.025997914,25.137367,23.9325,2,8,1,0.9744527,1
12,36,0,0,0,0.0,0.0,0.0,0.0,0.0,0.0,2.4145973,2.389722,2,-1,0,0.06400904,0
12,34,0,0,0,0.0,0.0,0.0,0.0,0.0,0.0,2.2039375,2.1844444,2,-1,0,0.09031824,0
12,5,1,0,0,-136.19963,29.150208,307.00278,0.011437464,0.025779605,0.018947536,14.239395,13.9997225,2,-1,0,0.9875174,1
12,5,1,1,0,-136.19963,29.150208,307.00278,0.011437464,0.025779605,0.018947536,24.113403,12.807222,2,9,1,0.9979498,1
12,39,0,0,0,0.0,0.0,0.0,0.0,0.0,0.0,2.3732638,2.3852777,2,-1,0,0.09532921,0
12,23,1,1,0,139.49753,-506.88477,145.67223,0.003834971,-0.023043042,0.00028612278,21.362494,21.2975,2,10,1,0.9984627,1
12,23,1,0,0,139.49753,-506.88477,145.67223,0.003834971,-0.023043042,0.00028612278,3.1153474,3.0025,2,-1,0,0.6361526,1
12,7,0,0,0,0.0,0.0,0.0,0.0,0.0,0.0,2.329847,2.3066666,2,-1,0,0.11064188,0
12,16,0,0,0,0.0,0.0,0.0,0.0,0.0,0.0,2.7431943,2.6283333,2,-1,0,0.025203904,0
12,28,1,1,0,-161.51534,-145.72702,194.64273,-0.0021314805,-0.0066219266,0.008224964,11.365084,10.845834,2,11,1,0.9996418,1
12,21,1,0,0,-178.34381,-465.59756,444.05078,0.023567867,0.015668113,0.0059129028,3.3836389,3.3572223,2,-1,0,0.89596736,1
12,21,0,0,0,0.0,0.0,0.0,0.0,0.0,0.0,3.0705833,3.0402777,2,-1,0,0.13073316,0
12,35,1,1,0,166.17935,220.76648,192.52191,0.00090858876,-0.015017789,-0.0025298882,15.953555,15.598889,2,12,1,0.9972475,1
12,15,0,0,0,0.0,0.0,0.0,0.0,0.0,0.0,2.2899306,2.2933333,2,-1,0,0.15748593,0
12,20,1,1,0,-166.10733,-464.98923,436.34213,-0.0025559838,-0.00035275455,0.006720009,7.8644443,7.867778,2,13,1,0.98327047,1
12,21,1,1,0,-178.34381,-465.59756,444.05078,0.023567867,0.015668113,0.0059129028,22.034353,21.685556,2,14,1,0.9953353,1
12,8,0,0,0,0.0,0.0,0.0,0.0,0.0,0.0,1.9668959,2.0077777,2,-1,0,0.14153937,0
12,8,0,0,0,0.0,0.0,0.0,0.0,0.0,0.0,2.5393956,2.475,2,-1,0,0.2510807,0
12,28,0,0,0,0.0,0.0,0.0,0.0,0.0,0.0,2.4063332,2.370278,2,-1,0,0.09106597,0
12,14,0,0,0,0.0,0.0,0.0,0.0,0.0,0.0,2.7090833,2.6247222,2,-1,0,0.1308324,0
12,24,0,0,0,0.0,0.0,0.0,0.0,0.0,0.0,2.283625,2.345,2,-1,0,0.14159763,0
12,2,1,0,0,-190.18726,-204.64436,33.868694,-0.0020664292,0.0066984436,-0.021976728,3.3068333,3.2175,2,-1,0,0.9406052,1
12,13,1,0,0,-180.06618,306.21622,372.00485,0.0010957272,0.0036716633,0.01263334,5.4680696,5.4691668,2,-1,0,0.9764795,1
12,13,1,1,0,-180.06618,306.21622,372.00485,0.0010957272,0.0036716633,0.01263334,7.087048,7.026111,2,15,1,0.9861422,1
12,34,1,1,0,-182.2387,414.09253,447.47046,0.005856811,0.0017704627,-0.0016354969,6.4816113,6.3883333,2,16,1,0.9655929,1
12,6,0,0,0,0.0,0.0,0.0,0.0,0.0,0.0,2.4597712,2.5013888,2,-1,0,0.122130886,0
12,30,1,0,0,-184.54031,162.38835,214.96756,-0.0018255032,0.014246414,0.0072139516,2.437521,2.3747222,2,-1,0,0.11942353,0
12,30,1,1,0,-184.54031,162.38835,214.96756,-0.0018255032,0.014246414,0.0072139516,15.91982,16.265,2,17,1,0.9992459,1
12,2,1,1,0,-190.18726,-204.64436,33.868694,-0.0020664292,0.0066984436,-0.021976728,22.898119,21.755278,2,18,1,0.97781384,1
12,36,0,0,0,0.0,0.0,0.0,0.0,0.0,0.0,2.6163611,2.6033332,2,-1,0,0.1422411,0
12,8,0,0,0,0.0,0.0,0.0,0.0,0.0,0.0,2.708111,2.715,2,-1,0,0.16389012,0
12,12,0,0,0,0.0,0.0,0.0,0.0,0.0,0.0,2.5122707,2.5458333,2,-1,0,0.11356466,0
12,22,0,0,0,0.0,0.0,0.0,0.0,0.0,0.0,2.2656944,2.2902777,2,-1,0,0.08465737,0
12,27,0,0,0,0.0,0.0,0.0,0.0,0.0,0.0,2.3689027,2.3566666,2,-1,0,0.06961228,0
12,7,0,0,0,0.0,0.0,0.0,0.0,0.0,0.0,2.4120557,2.4352777,2,-1,0,0.11442794,0
12,28,0,0,0,0.0,0.0,0.0,0.0,0.0,0.0,2.0543056,2.0244443,2,-1,0,0.07498572,0
12,6,1,1,0,202.5919,453.53857,418.82425,-0.006157054,-0.0078733945,0.01126586,16.209305,16.31639,2,19,1,0.9340756,1
12,4,0,0,0,0.0,0.0,0.0,0.0,0.0,0.0,2.2332501,2.1580555,2,-1,0,0.08347656,0
12,2,0,0,0,0.0,0.0,0.0,0.0,0.0,0.0,2.3065207,2.297778,2,-1,0,0.111674145,0
12,16,0,0,0,0.0,0.0,0.0,0.0,0.0,0.0,2.1049721,2.0791667,2,-1,0,0.10590417,0
12,23,0,0,0,0.0,0.0,0.0,0.0,0.0,0.0,2.1175973,2.0697222,2,-1,0,0.093206815,0
12,39,0,0,0,0.0,0.0,0.0,0.0,0.0,0.0,2.1399376,2.1083333,2,-1,0,0.15640253,0
12,26,0,0,0,0.0,0.0,0.0,0.0,0.0,0.0,2.3091528,2.308889,2,-1,0,0.08246801,0
12,29,1,0,0,238.51338,398.79187,246.54317,-0.013866607,0.010629025,0.005530506,2.2429585,2.271389,2,-1,0,0.15524024,0
12,9,1,1,0,226.9928,-159.96193,8.041584,-0.02031148,0.021394601,0.0011613113,22.707903,22.750555,2,20,1,0.99849916,1
12,7,1,0,0,223.16585,61.348522,234.75185,0.008471186,0.010153228,-0.022602499,5.839681,4.2991667,2,-1,0,0.88011044,1
12,7,1,1,0,223.16585,61.348522,234.75185,0.008471186,0.010153228,-0.022602499,11.218333,11.207222,2,21,1,0.9912107,1
12,9,1,0,0,226.9928,-159.96193,8.041584,-0.02031148,0.021394601,0.0011613113,7.8038607,7.76,2,-1,0,0.9571072,1
12,38,1,1,0,-228.67177,352.65533,237.44342,0.009749048,0.0042788284,-0.0024960728,13.54384,11.558611,2,22,1,0.9733175,1
12,32,0,0,0,0.0,0.0,0.0,0.0,0.0,0.0,2.4527986,2.396389,2,-1,0,0.10085678,0
12,26,0,0,0,0.0,0.0,0.0,0.0,0.0,0.0,2.5591667,2.6855555,2,-1,0,0.10116258,0
12,36,1,1,0,-240.35034,-505.6426,177.9618,0.0082041705,-0.023581127,-0.022081997,30.546776,30.74611,2,23,1,0.99984527,1
12,1,0,0,0,0.0,0.0,0.0,0.0,0.0,0.0,1.9367708,2.041111,2,-1,0,0.09314509,0
12,29,1,1,0,238.51338,398.79187,246.54317,-0.013866607,0.010629025,0.005530506,15.363346,15.273611,2,24,1,0.97453964,1
12,33,0,0,0,0.0,0.0,0.0,0.0,0.0,0.0,2.4591112,2.4169445,2,-1,0,0.12418904,0
12,7,1,0,0,223.16585,61.348522,234.75185,0.008471186,0.010153228,-0.022602499,5.695979,5.6233335,2,-1,0,0.9911767,1
12,28,0,0,0,0.0,0.0,0.0,0.0,0.0,0.0,2.3383334,2.33,2,-1,0,0.09178995,0
12,39,1,0,0,-267.7945,361.03458,450.1557,-0.023148896,0.018866757,0.0066118697,4.2926598,4.2941666,2,-1,0,0.9703339,1
12,37,0,0,0,0.0,0.0,0.0,0.0,0.0,0.0,2.576014,2.4616666,2,-1,0,0.08500383,0
12,11,0,0,0,0.0,0.0,0.0,0.0,0.0,0.0,2.3201113,2.3211112,2,-1,0,0.13115583,0
12,18,1,1,0,-256.98782,-598.051,65.63174,0.0074324505,-0.018960547,6.347817e-07,8.653298,5.1494446,2,25,1,0.9952192,1
12,35,0,0,0,0.0,0.0,0.0,0.0,0.0,0.0,2.4167917,2.3783333,2,-1,0,0.1393483,0
12,8,0,0,0,0.0,0.0,0.0,0.0,0.0,0.0,2.1541111,2.093889,2,-1,0,0.10996661,0
12,39,1,1,0,-267.7945,361.03458,450.1557,-0.023148896,0.018866757,0.0066118697,27.47964,27.494722,2,26,1,0.99943453,1
12,37,1,1,0,275.1493,165.34886,200.50348,0.00016924304,-0.010818506,0.0030249583,11.354451,11.418612,2,27,1,0.98412746,1
12,2,0,0,0,0.0,0.0,0.0,0.0,0.0,0.0,2.2795832,2.2747223,2,-1,0,0.0791154,0
12,3,0,0,0,0.0,0.0,0.0,0.0,0.0,0.0,2.584604,2.5127778,2,-1,0,0.21538125,0
12,11,0,0,0,0.0,0.0,0.0,0.0,0.0,0.0,2.4390695,2.4569445,2,-1,0,0.060445145,0
12,24,1,0,0,44.120846,-557.48865,198.424,0.010572643,0.013511267,0.007355759,2.529618,2.6647222,2,-1,0,0.13257977,0
12,12,1,0,0,289.81503,390.87198,176.12349,-0.0064704493,-0.0020842617,0.035252225,3.9958057,3.9361112,2,-1,0,0.6970472,1
12,10,0,0,0,0.0,0.0,0.0,0.0,0.0,0.0,2.3843055,2.45,2,-1,0,0.21519996,0
12,12,1,0,0,289.81503,390.87198,176.12349,-0.0064704493,-0.0020842617,0.035252225,11.202681,11.184722,2,-1,0,0.99805814,1
12,12,1,1,0,289.81503,390.87198,176.12349,-0.0064704493,-0.0020842617,0.035252225,12.599389,11.094722,2,28,1,0.99008733,1
12,12,1,0,0,289.81503,390.87198,176.12349,-0.0064704493,-0.0020842617,0.035252225,3.063535,3.0166667,2,-1,0,0.96157783,1
12,6,0,0,0,0.0,0.0,0.0,0.0,0.0,0.0,2.2457082,2.2244444,2,-1,0,0.09889998,0
12,36,0,0,0,0.0,0.0,0.0,0.0,0.0,0.0,2.371625,2.4102778,2,-1,0,0.095711045,0
12,20,0,0,0,0.0,0.0,0.0,0.0,0.0,0.0,2.4035416,2.3569446,2,-1,0,0.066543505,0
12,14,0,0,0,0.0,0.0,0.0,0.0,0.0,0.0,2.656771,2.6991668,2,-1,0,0.11735276,0
12,15,1,0,0,-300.5639,419.6856,169.84692,0.0010093295,-0.0013857753,0.020614712,6.51641,6.527222,2,-1,0,0.98450536,1
12,40,0,0,0,0.0,0.0,0.0,0.0,0.0,0.0,2.014347,2.0791667,2,-1,0,0.09468598,0
12,15,1,1,0,-300.5639,419.6856,169.84692,0.0010093295,-0.0013857753,0.020614712,12.413416,11.095,2,29,1,0.9807926,1
12,24,1,0,0,302.27612,-232.47223,286.68207,0.010572643,0.013511267,0.007355759,6.4106393,5.615556,2,-1,0,0.9922857,1
12,14,1,0,0,312.96606,287.94617,194.70477,-0.018004041,-0.012416397,0.0009111908,2.399778,2.4244444,2,-1,0,0.18823288,0
12,11,1,1,0,-305.62576,473.13202,119.35145,-0.004092334,-0.007205952,0.021531075,11.627368,11.055555,2,30,1,0.9675451,1
12,11,1,0,0,-305.62576,473.13202,119.35145,-0.004092334,-0.007205952,0.021531075,3.0645556,3.1005557,2,-1,0,0.62682223,1
12,14,1,1,0,312.96606,287.94617,194.70477,-0.018004041,-0.012416397,0.0009111908,16.33034,16.3,2,31,1,0.992159,1
12,11,1,0,0,-305.62576,473.13202,119.35145,-0.004092334,-0.007205952,0.021531075,4.848785,4.85,2,-1,0,0.9692044,1
12,13,0,0,0,0.0,0.0,0.0,0.0,0.0,0.0,2.1526113,2.213889,2,-1,0,0.08869713,0
12,27,1,1,0,309.83484,-156.2093,326.44437,0.00030445796,0.00015000052,0.02683548,13.383055,13.149445,2,32,1,0.9720641,1
12,27,1,0,0,309.83484,-156.2093,326.44437,0.00030445796,0.00015000052,0.02683548,10.581118,10.491389,2,-1,0,0.9862082,1
12,24,1,1,0,302.27612,-232.47223,286.68207,0.010572643,0.013511267,0.007355759,9.483932,9.545278,2,33,1,0.9712559,1
12,24,0,0,0,0.0,0.0,0.0,0.0,0.0,0.0,3.3712776,-1.0,2,-1,0,0.7965581,1
12,3,1,1,0,-313.89853,-509.25458,120.059875,0.000852681,-0.013735362,-0.005976117,12.825346,12.682777,2,34,1,0.9584306,1
12,26,1,1,0,317.6771,192.22101,417.21698,-0.010241846,0.0039710426,-0.0027146179,8.8122425,8.8375,2,35,1,0.98416924,1
12,2,0,0,0,0.0,0.0,0.0,0.0,0.0,0.0,2.4894028,2.5338888,2,-1,0,0.048763003,0
12,17,1,0,0,333.57938,128.44821,267.81305,0.0077675595,-0.006560703,-0.0059419293,3.5820277,3.5333333,2,-1,0,0.92864066,1
12,17,0,0,0,0.0,0.0,0.0,0.0,0.0,0.0,2.74491,2.616111,2,-1,0,0.16925682,0
12,34,0,0,0,0.0,0.0,0.0,0.0,0.0,0.0,2.2888196,2.271389,2,-1,0,0.05614857,0
12,17,1,1,0,333.57938,128.44821,267.81305,0.0077675595,-0.006560703,-0.0059419293,6.330299,5.6105556,2,36,1,0.99580127,1
12,17,1,0,0,333.57938,128.44821,267.81305,0.0077675595,-0.006560703,-0.0059419293,5.4307017,5.4333334,2,-1,0,0.9727349,1
12,8,1,1,0,339.7615,513.6184,107.104805,-0.005079462,-0.013257367,0.001111342,13.339583,13.284166,2,37,1,0.99415106,1
12,32,0,0,0,0.0,0.0,0.0,0.0,0.0,0.0,2.326347,2.2094445,2,-1,0,0.118578024,0
12,33,0,0,0,0.0,0.0,0.0,0.0,0.0,0.0,2.7377012,2.7386112,2,-1,0,0.3272847,0
12,17,0,0,0,0.0,0.0,0.0,0.0,0.0,0.0,2.05125,2.0344443,2,-1,0,0.17239143,0
12,28,0,0,0,0.0,0.0,0.0,0.0,0.0,0.0,2.3188474,2.3863888,2,-1,0,0.15890166,0
12,33,0,0,0,0.0,0.0,0.0,0.0,0.0,0.0,2.1703055,2.1655555,2,-1,0,0.10774783,0
12,17,0,0,0,0.0,0.0,0.0,0.0,0.0,0.0,2.8789718,2.8025,2,-1,0,0.37320098,0
12,7,0,0,0,0.0,0.0,0.0,0.0,0.0,0.0,2.3451388,2.3472223,2,-1,0,0.10353476,0
12,7,0,0,0,0.0,0.0,0.0,0.0,0.0,0.0,2.7205832,2.646111,2,-1,0,0.12303236,0
12,33,0,0,0,0.0,0.0,0.0,0.0,0.0,0.0,2.4219027,2.4877777,2,-1,0,0.16550699,0
12,8,0,0,0,0.0,0.0,0.0,0.0,0.0,0.0,2.7064307,2.653889,2,-1,0,0.54056096,1
12,10,0,0,0,0.0,0.0,0.0,0.0,0.0,0.0,2.1379027,2.156111,2,-1,0,0.081955,0
12,17,1,0,0,379.65918,103.757034,341.11017,0.0077675595,-0.006560703,-0.0059419293,2.2724168,2.3202777,2,-1,0,0.06462796,0
12,23,0,0,0,0.0,0.0,0.0,0.0,0.0,0.0,2.3886042,2.3905556,2,-1,0,0.09717587,0
12,6,0,0,0,0.0,0.0,0.0,0.0,0.0,0.0,2.479389,2.4091666,2,-1,0,0.091360785,0
12,35,0,0,0,0.0,0.0,0.0,0.0,0.0,0.0,2.108,2.081389,2,-1,0,0.07264623,0
12,20,0,0,0,0.0,0.0,0.0,0.0,0.0,0.0,5.0185556,-1.0,2,-1,0,0.9938088,1
12,1,0,0,0,0.0,0.0,0.0,0.0,0.0,0.0,1.9907916,2.026389,2,-1,0,0.08036905,0
12,30,0,0,0,0.0,0.0,0.0,0.0,0.0,0.0,2.406882,2.3483334,2,-1,0,0.084098585,0
12,5,0,0,0,0.0,0.0,0.0,0.0,0.0,0.0,2.1792986,2.1652777,2,-1,0,0.05755259,0
12,22,0,0,0,0.0,0.0,0.0,0.0,0.0,0.0,2.3739028,2.3108332,2,-1,0,0.06466779,0
12,32,0,0,0,0.0,0.0,0.0,0.0,0.0,0.0,2.5964513,2.5363889,2,-1,0,0.17965858,0
12,25,0,0,0,0.0,0.0,0.0,0.0,0.0,0.0,2.1273127,2.1269445,2,-1,0,0.093249284,0
12,19,0,0,0,0.0,0.0,0.0,0.0,0.0,0.0,2.3615348,2.2838888,2,-1,0,0.11279867,0
12,39,0,0,0,0.0,0.0,0.0,0.0,0.0,0.0,2.3390558,2.3625,2,-1,0,0.13607642,0
12,22,0,0,0,0.0,0.0,0.0,0.0,0.0,0.0,2.496125,2.5816667,2,-1,0,0.10778797,0
12,14,0,0,0,0.0,0.0,0.0,0.0,0.0,0.0,2.0374238,2.0380557,2,-1,0,0.059362408,0
12,16,0,0,0,0.0,0.0,0.0,0.0,0.0,0.0,2.1574306,2.0544446,2,-1,0,0.066958226,0
12,38,0,0,0,0.0,0.0,0.0,0.0,0.0,0.0,2.364618,2.3055556,2,-1,0,0.10420803,0
12,14,0,0,0,0.0,0.0,0.0,0.0,0.0,0.0,2.2231112,2.1708333,2,-1,0,0.07045535,0
12,35,0,0,0,0.0,0.0,0.0,0.0,0.0,0.0,2.6006944,2.5466666,2,-1,0,0.17739046,0
13,22,1,0,0,3.7849138,-319.09808,439.41782,0.023645632,-0.021086827,-0.012123273,2.4135695,2.3577778,2,-1,0,0.16480917,0
13,22,1,1,0,3.7849138,-319.09808,439.41782,0.023645632,-0.021086827,-0.012123273,20.881798,20.6925,2,0,1,0.9866899,1
13,19,1,1,0,-7.0653815,318.01883,421.10477,-0.0005889249,-0.039349902,-0.004535683,34.87711,34.121944,2,1,1,0.9994973,1
13,21,1,0,0,-34.280952,-151.85753,75.97909,-0.0134152565,-0.009616364,0.022972189,3.076,3.1508334,2,-1,0,0.15713613,0
13,22,1,0,0,3.7849138,-319.09808,439.41782,0.023645632,-0.021086827,-0.012123273,6.281361,6.356389,2,-1,0,0.9833626,1
13,22,0,0,0,0.0,0.0,0.0,0.0,0.0,0.0,2.6082778,2.5819445,2,-1,0,0.08956361,0
13,35,0,0,0,0.0,0.0,0.0,0.0,0.0,0.0,2.218257,2.1708333,2,-1,0,0.08138128,0
13,39,0,0,0,0.0,0.0,0.0,0.0,0.0,0.0,13.884097,-1.0,2,-1,0,0.98142576,1
13,9,0,0,0,0.0,0.0,0.0,0.0,0.0,0.0,2.1663055,2.1769445,2,-1,0,0.071990356,0
13,21,1,0,0,-34.280952,-151.85753,75.97909,-0.0134152565,-0.009616364,0.022972189,2.6471598,2.6122222,2,-1,0,0.07229764,0
13,12,0,0,0,0.0,0.0,0.0,0.0,0.0,0.0,6.8822427,-1.0,2,-1,0,0.93198925,1
13,11,0,0,0,0.0,0.0,0.0,0.0,0.0,0.0,2.822278,2.4116666,2,-1,0,0.0020728598,0
13,36,1,0,0,99.95357,-399.6768,151.0146,-0.0047415732,-0.034650467,-0.039065182,4.4035416,4.3375,2,-1,0,0.9706482,1
13,32,1,0,0,32.296562,452.2066,146.94212,-0.0054463586,-0.009359811,-0.010047333,3.4292915,3.386111,2,-1,0,0.78383964,1
13,6,0,0,0,0.0,0.0,0.0,0.0,0.0,0.0,2.7290971,2.8011112,2,-1,0,0.16299148,0
13,38,0,0,0,0.0,0.0,0.0,0.0,0.0,0.0,2.745139,2.7030556,2,-1,0,0.2724393,0
13,32,1,1,0,32.296562,452.2066,146.94212,-0.0054463586,-0.009359811,-0.010047333,16.612242,16.271944,2,2,1,0.99647826,1
13,16,0,0,0,0.0,0.0,0.0,0.0,0.0,0.0,2.9977295,2.9433334,2,-1,0,0.22632554,0
13,3,1,1,0,38.21308,293.72232,290.28137,-0.010828962,-0.0045282063,-0.017011197,24.62773,25.084723,2,3,1,0.9997309,1
13,21,1,1,0,-34.280952,-151.85753,75.97909,-0.0134152565,-0.009616364,0.022972189,20.561966,20.343334,2,4,1,0.9975655,1
13,13,0,0,0,0.0,0.0,0.0,0.0,0.0,0.0,2.4330902,2.368611,2,-1,0,0.117680594,0
13,19,0,0,0,0.0,0.0,0.0,0.0,0.0,0.0,2.0446668,2.0,2,-1,0,0.07920963,0
13,21,1,0,0,-34.280952,-151.85753,75.97909,-0.0134152565,-0.009616364,0.022972189,6.043049,6.1855555,2,-1,0,0.9454571,1
13,9,1,0,0,-55.399685,-17.543589,339.51672,-0.03170284,-0.012315365,0.009641912,7.845271,7.92,2,-1,0,0.99168843,1
13,35,0,0,0,0.0,0.0,0.0,0.0,0.0,0.0,2.6562572,2.5786111,2,-1,0,0.048956957,0
13,10,0,0,0,0.0,0.0,0.0,0.0,0.0,0.0,2.1488612,2.1630557,2,-1,0,0.09467341,0
13,6,1,0,0,-55.42418,5.304085,225.36993,0.013088244,0.0044194446,-0.008281043,8.026236,7.916389,2,-1,0,0.9812726,1
13,9,1,0,0,-55.399685,-17.543589,339.51672,-0.03170284,-0.012315365,0.009641912,8.858729,9.060278,2,-1,0,0.99332607,1
13,34,0,0,0,0.0,0.0,0.0,0.0,0.0,0.0,2.4054306,2.5216668,2,-1,0,0.1192859,0
13,6,1,1,0,-55.42418,5.304085,225.36993,0.013088244,0.0044194446,-0.008281043,9.449701,9.345834,2,-1,1,0.99963975,1
13,6,1,0,0,-55.42418,5.304085,225.36993,0.013088244,0.0044194446,-0.008281043,3.293729,3.2458334,2,-1,0,0.8554978,1
13,9,1,1,0,-55.399685,-17.543589,339.51672,-0.03170284,-0.012315365,0.009641912,26.480673,26.649723,2,5,1,0.99998283,1
13,7,0,0,0,0.0,0.0,0.0,0.0,0.0,0.0,2.373604,2.3427777,2,-1,0,0.09284939,0
13,28,0,0,0,0.0,0.0,0.0,0.0,0.0,0.0,2.3192847,2.3516667,2,-1,0,0.07609432,0
13,32,0,0,0,0.0,0.0,0.0,0.0,0.0,0.0,3.6301665,3.6597223,2,-1,0,0.977765,1
13,11,0,0,0,0.0,0.0,0.0,0.0,0.0,0.0,2.5876942,2.5230556,2,-1,0,0.1260946,0
13,25,0,0,0,0.0,0.0,0.0,0.0,0.0,0.0,2.1174097,2.014722,2,-1,0,0.052691087,0
13,14,1,0,0,100.65295,-472.09106,296.93542,-0.009311027,0.023624962,-0.0068477076,5.7517157,5.765,2,-1,0,0.98429525,1
13,26,0,0,0,0.0,0.0,0.0,0.0,0.0,0.0,2.4507778,2.47,2,-1,0,0.13361141,0
13,33,0,0,0,0.0,0.0,0.0,0.0,0.0,0.0,2.0819862,2.1344445,2,-1,0,0.08389753,0
13,31,0,0,0,0.0,0.0,0.0,0.0,0.0,0.0,2.4560347,2.4513888,2,-1,0,0.06450207,0
13,29,1,1,0,-77.70366,557.9163,12.706451,0.012431872,0.0038836189,0.018201904,27.036528,27.30889,2,6,1,0.9977836,1
13,1,1,1,0,-76.92544,100.762245,343.8123,-0.0043323482,0.0028661771,0.024440559,10.255562,8.289166,2,7,1,0.9912032,1
13,1,1,0,0,-76.92544,100.762245,343.8123,-0.0043323482,0.0028661771,0.024440559,7.972833,7.9994445,2,-1,0,0.95501876,1
13,1,1,0,0,-76.92544,100.762245,343.8123,-0.0043323482,0.0028661771,0.024440559,8.029312,7.9627776,2,-1,0,0.989426,1
13,18,1,1,0,77.530525,-98.92277,269.41534,0.0069857207,-0.0060606035,-0.004002281,11.2526045,10.84,2,8,1,0.9866811,1
13,36,1,0,0,99.95357,-399.6768,151.0146,-0.0047415732,-0.034650467,-0.039065182,3.5056875,3.3922222,2,-1,0,0.94569004,1
13,26,0,0,0,0.0,0.0,0.0,0.0,0.0,0.0,2.0331457,2.0527778,2,-1,0,0.11755041,0
13,9,1,0,0,-55.399685,-17.543589,339.51672,-0.03170284,-0.012315365,0.009641912,5.5956044,5.591111,2,-1,0,0.98408186,1
13,34,0,0,0,0.0,0.0,0.0,0.0,0.0,0.0,2.0469444,2.0425,2,-1,0,0.08084801,0
13,31,0,0,0,0.0,0.0,0.0,0.0,0.0,0.0,2.0310001,2.015,2,-1,0,0.09357807,0
13,15,0,0,0,0.0,0.0,0.0,0.0,0.0,0.0,2.407021,2.3933334,2,-1,0,0.08997824,0
13,18,1,0,0,77.530525,-98.92277,269.41534,0.0069857207,-0.0060606035,-0.004002281,2.5783613,2.5775,2,-1,0,0.35108867,0
13,11,1,0,0,-92.26575,-178.08281,312.85455,0.000868549,0.0109530315,-0.01667306,3.7697086,3.731111,2,-1,0,0.94230074,1
13,14,1,0,0,100.65295,-472.09106,296.93542,-0.009311027,0.023624962,-0.0068477076,7.2144713,7.3177776,2,-1,0,0.99229044,1
13,10,0,0,0,0.0,0.0,0.0,0.0,0.0,0.0,2.2587917,2.4005556,2,-1,0,0.04641234,0
13,40,0,0,0,0.0,0.0,0.0,0.0,0.0,0.0,2.1840415,2.2127779,2,-1,0,0.09183717,0
13,11,1,1,0,-92.26575,-178.08281,312.85455,0.000868549,0.0109530315,-0.01667306,17.67177,17.633888,2,9,1,0.99138707,1
13,28,1,1,0,-92.927246,-451.62982,63.080708,-0.016726708,0.0048776525,0.015736822,24.734972,24.322222,2,10,1,0.9991284,1
13,36,1,1,0,99.95357,-399.6768,151.0146,-0.0047415732,-0.034650467,-0.039065182,54.664005,54.93111,2,11,1,0.99999654,1
13,21,0,0,0,0.0,0.0,0.0,0.0,0.0,0.0,2.1254723,2.1288888,2,-1,0,0.0825791,0
13,12,0,0,0,0.0,0.0,0.0,0.0,0.0,0.0,2.2779167,2.2169445,2,-1,0,0.11393991,0
13,24,0,0,0,0.0,0.0,0.0,0.0,0.0,0.0,2.2618055,2.2158334,2,-1,0,0.0771103,0
13,14,1,1,0,100.65295,-472.09106,296.93542,-0.009311027,0.023624962,-0.0068477076,17.893633,18.107779,2,12,1,0.9985518,1
13,31,0,0,0,0.0,0.0,0.0,0.0,0.0,0.0,2.0289514,2.0141666,2,-1,0,0.07603353,0
13,38,1,0,0,148.95435,372.4715,281.9448,-0.0030350739,0.054032125,-0.008572418,3.2329862,3.2430556,2,-1,0,0.9291527,1
13,10,0,0,0,0.0,0.0,0.0,0.0,0.0,0.0,2.6706526,2.6683333,2,-1,0,0.27850115,0
13,32,0,0,0,0.0,0.0,0.0,0.0,0.0,0.0,2.2559168,2.2569444,2,-1,0,0.05623966,0
13,10,0,0,0,0.0,0.0,0.0,0.0,0.0,0.0,15.830328,-1.0,2,-1,0,0.9919132,1
13,38,0,0,0,0.0,0.0,0.0,0.0,0.0,0.0,2.3275418,2.4361112,2,-1,0,0.10610485,0
13,10,0,0,0,0.0,0.0,0.0,0.0,0.0,0.0,2.8332915,-1.0,2,-1,0,0.4317937,0
13,30,0,0,0,0.0,0.0,0.0,0.0,0.0,0.0,2.1115835,2.1130555,2,-1,0,0.07877151,0
13,27,0,0,0,0.0,0.0,0.0,0.0,0.0,0.0,2.0532777,2.0858333,2,-1,0,0.08740898,0
13,11,1,0,0,-92.26575,-178.08281,312.85455,0.000868549,0.0109530315,-0.01667306,4.1081386,4.1025,2,-1,0,0.99102813,1
13,34,1,1,0,119.94767,-2.369367,271.00018,-0.008685811,-0.021905933,-0.008688718,24.012062,23.31889,2,13,1,0.9884998,1
13,26,1,1,0,-119.52432,310.38184,251.14087,-0.026947081,-0.021018337,0.0057992423,20.027752,19.91639,2,14,1,0.98844075,1
13,18,0,0,0,0.0,0.0,0.0,0.0,0.0,0.0,2.3421252,2.4580555,2,-1,0,0.14772056,0
13,24,0,0,0,0.0,0.0,0.0,0.0,0.0,0.0,2.6813474,2.688611,2,-1,0,0.3354113,0
13,5,0,0,0,0.0,0.0,0.0,0.0,0.0,0.0,2.5141249,2.5316668,2,-1,0,0.1133592,0
13,26,1,0,0,-119.52432,310.38184,251.14087,-0.026947081,-0.021018337,0.0057992423,2.8262362,2.7633333,2,-1,0,0.45218906,0
13,18,0,0,0,0.0,0.0,0.0,0.0,0.0,0.0,2.0937362,2.0705554,2,-1,0,0.05008495,0
13,21,0,0,0,0.0,0.0,0.0,0.0,0.0,0.0,2.285389,2.2375,2,-1,0,0.13827173,0
13,34,0,0,0,0.0,0.0,0.0,0.0,0.0,0.0,2.6906111,2.6369445,2,-1,0,0.09417695,0
13,40,1,1,0,-263.6424,516.3868,180.34515,0.0142700495,0.0020123906,-0.0004983097,5.499195,5.5936112,2,15,1,0.9621398,1
13,8,0,0,0,0.0,0.0,0.0,0.0,0.0,0.0,2.0386112,2.053611,2,-1,0,0.09195431,0
13,18,0,0,0,0.0,0.0,0.0,0.0,0.0,0.0,2.2072222,2.2752779,2,-1,0,0.15554497,0
13,36,0,0,0,0.0,0.0,0.0,0.0,0.0,0.0,2.0035279,2.0791667,2,-1,0,0.09178531,0
13,10,0,0,0,0.0,0.0,0.0,0.0,0.0,0.0,4.7698193,-1.0,2,-1,0,0.96255463,1
13,26,1,0,0,-119.52432,310.38184,251.14087,-0.026947081,-0.021018337,0.0057992423,17.38484,17.1425,2,-1,0,0.9563608,1
13,38,1,1,0,148.95435,372.4715,281.9448,-0.0030350739,0.054032125,-0.008572418,44.08657,43.754166,2,16,1,1.0,1
13,21,0,0,0,0.0,0.0,0.0,0.0,0.0,0.0,2.2926667,2.3641667,2,-1,0,0.17709558,0
13,15,0,0,0,0.0,0.0,0.0,0.0,0.0,0.0,2.108222,2.1808333,2,-1,0,0.093550995,0
13,38,1,0,0,148.95435,372.4715,281.9448,-0.0030350739,0.054032125,-0.008572418,9.887986,9.8122225,2,-1,0,0.90518916,1
13,27,0,0,0,0.0,0.0,0.0,0.0,0.0,0.0,2.0175624,2.053611,2,-1,0,0.06438526,0
13,14,0,0,0,0.0,0.0,0.0,0.0,0.0,0.0,2.5855,2.4916666,2,-1,0,0.12618607,0
13,39,0,0,0,0.0,0.0,0.0,0.0,0.0,0.0,2.9359028,2.9319444,2,-1,0,0.44881147,0
13,7,0,0,0,0.0,0.0,0.0,0.0,0.0,0.0,1.9584374,2.1105556,2,-1,0,0.10154817,0
13,2,0,0,0,0.0,0.0,0.0,0.0,0.0,0.0,2.2373474,2.251111,2,-1,0,0.116676405,0
13,21,0,0,0,0.0,0.0,0.0,0.0,0.0,0.0,2.1129584,2.111389,2,-1,0,0.07055403,0
13,11,0,0,0,0.0,0.0,0.0,0.0,0.0,0.0,2.2122707,2.1472223,2,-1,0,0.113294736,0
13,8,0,0,0,0.0,0.0,0.0,0.0,0.0,0.0,2.202132,2.226389,2,-1,0,0.052200522,0
13,1,0,0,0,0.0,0.0,0.0,0.0,0.0,0.0,2.0967917,2.045,2,-1,0,0.064794175,0
13,20,1,1,0,182.50917,-55.395184,262.13712,0.0020812186,-0.0030173843,0.010303202,11.713166,12.029166,2,17,1,0.9946155,1
13,29,0,0,0,0.0,0.0,0.0,0.0,0.0,0.0,2.1079166,2.1577778,2,-1,0,0.11310228,0
13,31,1,0,0,-186.30794,200.5531,131.47472,0.004408347,-0.0031464845,-0.004036161,6.028139,6.145,2,-1,0,0.9706571,1
13,9,0,0,0,0.0,0.0,0.0,0.0,0.0,0.0,2.1552708,2.1125,2,-1,0,0.054922417,0
13,31,1,1,0,-186.30794,200.5531,131.47472,0.004408347,-0.0031464845,-0.004036161,6.9873753,6.7544446,2,18,1,0.99187136,1
13,16,1,0,0,-185.14522,-76.4913,385.07806,-0.025934689,0.0013426371,0.03288914,17.26122,15.140555,2,-1,0,0.99367285,1
13,16,1,1,0,-185.14522,-76.4913,385.07806,-0.025934689,0.0013426371,0.03288914,20.33954,20.445555,2,19,1,0.9639676,1
13,2,0,0,0,0.0,0.0,0.0,0.0,0.0,0.0,2.324361,2.3302777,2,-1,0,0.11914521,0
13,24,1,0,0,-197.27745,245.99126,228.76949,-0.018979335,-0.0144416485,-0.01604673,4.2388954,3.1275,2,-1,0,0.9837961,1
13,17,1,1,0,198.69215,-508.04547,355.0672,-0.005856623,0.0048003984,-0.021417271,20.698639,20.525555,2,20,1,0.9931538,1
13,24,1,0,0,-197.27745,245.99126,228.76949,-0.018979335,-0.0144416485,-0.01604673,4.15634,4.1444445,2,-1,0,0.9061479,1
13,24,1,0,0,-197.27745,245.99126,228.76949,-0.018979335,-0.0144416485,-0.01604673,2.2578473,2.3072221,2,-1,0,0.13435319,0
13,24,1,1,0,-197.27745,245.99126,228.76949,-0.018979335,-0.0144416485,-0.01604673,15.011736,14.775,2,21,1,0.9931973,1
13,8,1,1,0,-201.08122,222.86873,96.369064,-0.023232609,0.009044997,-1.6658627e-05,19.015196,19.231945,2,22,1,0.9973533,1
13,4,0,0,0,0.0,0.0,0.0,0.0,0.0,0.0,2.2800276,2.2294445,2,-1,0,0.049566466,0
13,35,0,0,0,0.0,0.0,0.0,0.0,0.0,0.0,2.2742224,2.273611,2,-1,0,0.117745824,0
13,20,0,0,0,0.0,0.0,0.0,0.0,0.0,0.0,2.1854444,2.1755555,2,-1,0,0.07288766,0
13,30,0,0,0,0.0,0.0,0.0,0.0,0.0,0.0,2.4289165,2.4277778,2,-1,0,0.10681823,0
13,8,1,0,0,-201.08122,222.86873,96.369064,-0.023232609,0.009044997,-1.6658627e-05,4.1555624,4.053056,2,-1,0,0.934838,1
13,19,0,0,0,0.0,0.0,0.0,0.0,0.0,0.0,2.5205414,2.4388888,2,-1,0,0.1511499,0
13,24,1,0,0,-197.27745,245.99126,228.76949,-0.018979335,-0.0144416485,-0.01604673,2.0665002,2.008889,2,-1,0,0.054341987,0
13,38,0,0,0,0.0,0.0,0.0,0.0,0.0,0.0,2.215986,2.2194445,2,-1,0,0.18320666,0
13,37,1,1,0,-222.50813,-301.80035,417.44467,0.0034104027,0.009191508,0.036177013,36.303688,36.219723,2,23,1,0.9954265,1
13,7,0,0,0,0.0,0.0,0.0,0.0,0.0,0.0,2.3672361,2.3655555,2,-1,0,0.08085932,0
13,33,1,1,0,-217.80296,455.9153,205.28572,-0.009255519,-0.011169216,0.000306921,15.080973,15.110556,2,24,1,0.97018933,1
13,22,0,0,0,0.0,0.0,0.0,0.0,0.0,0.0,2.4392085,2.4408333,2,-1,0,0.11989108,0
13,7,0,0,0,0.0,0.0,0.0,0.0,0.0,0.0,2.1691735,2.1483333,2,-1,0,0.08681376,0
13,26,0,0,0,0.0,0.0,0.0,0.0,0.0,0.0,3.6360276,3.633889,2,-1,0,0.3689707,0
13,38,0,0,0,0.0,0.0,0.0,0.0,0.0,0.0,2.275271,2.218611,2,-1,0,0.13014476,0
13,30,1,1,0,-231.93936,259.92816,291.73404,-0.0003297873,-0.0070121265,-0.00071811967,6.5147915,6.3830557,2,25,1,0.99064016,1
13,11,0,0,0,0.0,0.0,0.0,0.0,0.0,0.0,2.2979999,2.2680554,2,-1,0,0.12323848,0
13,21,0,0,0,0.0,0.0,0.0,0.0,0.0,0.0,2.0690277,2.0666666,2,-1,0,0.086327046,0
13,4,1,0,0,238.22531,217.96251,422.55154,0.0056175133,0.001430733,0.00920898,2.2866807,2.1358333,2,-1,0,0.037635706,0
13,4,1,1,0,238.22531,217.96251,422.55154,0.0056175133,0.001430733,0.00920898,4.508347,4.458611,2,26,1,0.9504739,1
13,4,1,0,0,238.22531,217.96251,422.55154,0.0056175133,0.001430733,0.00920898,2.6792707,2.6433334,2,-1,0,0.68558717,1
13,36,0,0,0,0.0,0.0,0.0,0.0,0.0,0.0,2.508125,2.5733333,2,-1,0,0.34948438,0
13,7,1,1,0,244.86966,479.26105,424.08304,0.006360458,-0.01286722,-0.0043201298,12.596133,12.161667,2,27,1,0.9821432,1
13,24,0,0,0,0.0,0.0,0.0,0.0,0.0,0.0,2.0219169,2.0744445,2,-1,0,0.112987384,0
13,20,0,0,0,0.0,0.0,0.0,0.0,0.0,0.0,2.5741596,2.6419444,2,-1,0,0.08132704,0
13,31,0,0,0,0.0,0.0,0.0,0.0,0.0,0.0,2.2477431,2.1894445,2,-1,0,0.09818542,0
13,4,1,0,0,238.22531,217.96251,422.55154,0.0056175133,0.001430733,0.00920898,2.0710278,2.0741668,2,-1,0,0.027271017,0
13,13,1,0,0,263.3603,-38.655037,296.8001,-0.001162935,0.002939996,-0.014133859,2.5253682,2.501111,2,-1,0,0.17143278,0
13,21,0,0,0,0.0,0.0,0.0,0.0,0.0,0.0,2.3018332,2.3116667,2,-1,0,0.117155924,0
13,40,1,0,0,-263.6424,516.3868,180.34515,0.0142700495,0.0020123906,-0.0004983097,5.1519585,5.163611,2,-1,0,0.96882194,1
13,16,1,0,0,-185.14522,-76.4913,385.07806,-0.025934689,0.0013426371,0.03288914,3.7415278,3.6925,2,-1,0,0.8503714,1
13,13,1,1,0,263.3603,-38.655037,296.8001,-0.001162935,0.002939996,-0.014133859,9.742271,8.939167,2,28,1,0.95739317,1
13,34,0,0,0,0.0,0.0,0.0,0.0,0.0,0.0,2.0917637,2.1591666,2,-1,0,0.085054785,0
13,5,1,0,0,-303.79614,-209.0348,452.64658,0.004849828,-0.0073476504,-0.0043355054,2.323,2.2391667,2,-1,0,0.24009593,0
13,34,0,0,0,0.0,0.0,0.0,0.0,0.0,0.0,2.0896318,2.0641668,2,-1,0,0.09733789,0
13,17,0,0,0,0.0,0.0,0.0,0.0,0.0,0.0,2.0569305,2.0783334,2,-1,0,0.07307249,0
13,2,1,0,0,-300.9607,-330.73163,74.514885,0.011811082,0.002121832,-0.014013514,3.76825,3.7025,2,-1,0,0.95863056,1
13,2,1,1,0,-300.9607,-330.73163,74.514885,0.011811082,0.002121832,-0.014013514,13.289708,13.309722,2,29,1,0.9996686,1
13,34,0,0,0,0.0,0.0,0.0,0.0,0.0,0.0,2.951486,2.8255556,2,-1,0,0.7984426,1
13,2,1,0,0,-300.9607,-330.73163,74.514885,0.011811082,0.002121832,-0.014013514,2.274896,2.3102777,2,-1,0,0.21239705,0
13,5,1,1,0,-303.79614,-209.0348,452.64658,0.004849828,-0.0073476504,-0.0043355054,10.052547,9.872222,2,30,1,0.9972543,1
13,4,0,0,0,0.0,0.0,0.0,0.0,0.0,0.0,2.6314306,2.6405556,2,-1,0,0.09445593,0
13,12,0,0,0,0.0,0.0,0.0,0.0,0.0,0.0,2.1595485,2.1391666,2,-1,0,0.13409674,0
13,21,0,0,0,0.0,0.0,0.0,0.0,0.0,0.0,2.1603055,2.1544445,2,-1,0,0.10561402,0
13,14,0,0,0,0.0,0.0,0.0,0.0,0.0,0.0,2.3232362,2.2544444,2,-1,0,0.09002832,0
13,27,1,1,0,-315.34747,-587.3507,247.59827,-0.012802411,-0.0057657645,-0.040888496,25.77193,25.938889,2,31,1,0.9945102,1
13,27,0,0,0,0.0,0.0,0.0,0.0,0.0,0.0,7.541722,-1.0,2,-1,0,0.99304056,1
13,8,0,0,0,0.0,0.0,0.0,0.0,0.0,0.0,2.164757,2.1633334,2,-1,0,0.084810615,0
13,4,0,0,0,0.0,0.0,0.0,0.0,0.0,0.0,2.0222917,2.041389,2,-1,0,0.08832233,0
13,15,1,1,0,-337.98907,-83.52604,255.26305,0.025397362,0.01322909,0.011374044,24.213146,23.2375,2,32,1,0.9962704,1
13,23,1,1,0,-341.21164,-577.42535,380.29416,0.022193719,0.0040042475,0.0017707312,16.441326,16.449167,2,33,1,0.9999527,1
13,1,0,0,0,0.0,0.0,0.0,0.0,0.0,0.0,2.3858404,2.4247222,2,-1,0,0.13252887,0
13,23,1,0,0,-341.21164,-577.42535,380.29416,0.022193719,0.0040042475,0.0017707312,5.453806,5.4252777,2,-1,0,0.99115366,1
13,27,0,0,0,0.0,0.0,0.0,0.0,0.0,0.0,7.8515553,-1.0,2,-1,0,0.98191845,1
13,19,0,0,0,0.0,0.0,0.0,0.0,0.0,0.0,2.3323958,2.3930554,2,-1,0,0.148902,0
13,4,0,0,0,0.0,0.0,0.0,0.0,0.0,0.0,2.3819096,2.3355556,2,-1,0,0.07238805,0
13,5,0,0,0,0.0,0.0,0.0,0.0,0.0,0.0,2.7294168,2.7094445,2,-1,0,0.18900394,0
13,1,0,0,0,0.0,0.0,0.0,0.0,0.0,0.0,2.1707847,2.2922223,2,-1,0,0.030087128,0
13,27,0,0,0,0.0,0.0,0.0,0.0,0.0,0.0,2.261153,2.325,2,-1,0,0.12647577,0
13,28,0,0,0,0.0,0.0,0.0,0.0,0.0,0.0,2.271375,2.3263888,2,-1,0,0.11066595,0
13,26,0,0,0,0.0,0.0,0.0,0.0,0.0,0.0,2.421611,2.4436111,2,-1,0,0.103599936,0
13,14,0,0,0,0.0,0.0,0.0,0.0,0.0,0.0,2.6290417,2.6308334,2,-1,0,0.15172596,0
13,29,0,0,0,0.0,0.0,0.0,0.0,0.0,0.0,2.7138402,2.713889,2,-1,0,0.4005194,0
13,4,0,0,0,0.0,0.0,0.0,0.0,0.0,0.0,2.1118195,2.07,2,-1,0,0.118271396,0
13,26,0,0,0,0.0,0.0,0.0,0.0,0.0,0.0,2.492729,2.521389,2,-1,0,0.13335782,0
13,20,0,0,0,0.0,0.0,0.0,0.0,0.0,0.0,2.266125,2.2661111,2,-1,0,0.10550808,0
13,23,0,0,0,0.0,0.0,0.0,0.0,0.0,0.0,2.333389,2.3263888,2,-1,0,0.12209763,0
13,12,0,0,0,0.0,0.0,0.0,0.0,0.0,0.0,2.3872917,2.4008334,2,-1,0,0.087207206,0
13,3,0,0,0,0.0,0.0,0.0,0.0,0.0,0.0,2.2015,2.1472223,2,-1,0,0.117828384,0
13,33,0,0,0,0.0,0.0,0.0,0.0,0.0,0.0,2.239028,2.2455556,2,-1,0,0.089216396,0
13,3,0,0,0,0.0,0.0,0.0,0.0,0.0,0.0,2.1259584,2.1302779,2,-1,0,0.12725094,0
13,36,0,0,0,0.0,0.0,0.0,0.0,0.0,0.0,2.5605626,2.4916666,2,-1,0,0.15877599,0
13,15,0,0,0,0.0,0.0,0.0,0.0,0.0,0.0,2.4358056,2.4394445,2,-1,0,0.27931908,0
13,15,0,0,0,0.0,0.0,0.0,0.0,0.0,0.0,2.135757,2.1002777,2,-1,0,0.10992183,0
13,2,0,0,0,0.0,0.0,0.0,0.0,0.0,0.0,2.1361876,2.191111,2,-1,0,0.092489116,0
13,2,0,0,0,0.0,0.0,0.0,0.0,0.0,0.0,2.003646,2.003611,2,-1,0,0.098235376,0
13,23,0,0,0,0.0,0.0,0.0,0.0,0.0,0.0,2.5239167,2.5902777,2,-1,0,0.0777516,0
13,17,0,0,0,0.0,0.0,0.0,0.0,0.0,0.0,2.865,2.7997222,2,-1,0,0.5040351,1
13,2,0,0,0,0.0,0.0,0.0,0.0,0.0,0.0,2.2886667,2.2791667,2,-1,0,0.08675502,0
13,39,0,0,0,0.0,0.0,0.0,0.0,0.0,0.0,2.2962224,2.2552779,2,-1,0,0.07723647,0
13,34,0,0,0,0.0,0.0,0.0,0.0,0.0,0.0,2.1236668,2.1741667,2,-1,0,0.09381195,0
13,17,0,0,0,0.0,0.0,0.0,0.0,0.0,0.0,2.32475,2.2625,2,-1,0,0.18311036,0
13,17,0,0,0,0.0,0.0,0.0,0.0,0.0,0.0,2.1259446,2.1155555,2,-1,0,0.105545565,0
13,38,0,0,0,0.0,0.0,0.0,0.0,0.0,0.0,2.3833055,2.2852778,2,-1,0,0.16364758,0
13,8,0,0,0,0.0,0.0,0.0,0.0,0.0,0.0,2.4106045,2.3772223,2,-1,0,0.1447747,0
13,26,0,0,0,0.0,0.0,0.0,0.0,0.0,0.0,2.2545626,2.235278,2,-1,0,0.08813943,0
13,33,0,0,0,0.0,0.0,0.0,0.0,0.0,0.0,2.1994584,2.1697223,2,-1,0,0.080511756,0
14,23,1,1,0,-7.16277,-377.26584,257.17706,0.010949107,0.010343207,0.013411041,9.963591,10.072778,2,0,1,0.98892736,1
14,21,0,0,0,0.0,0.0,0.0,0.0,0.0,0.0,2.1911252,2.1566668,2,-1,0,0.1351132,0
14,1,1,0,0,21.101332,-419.7464,397.472,-0.0048990604,0.0055016084,0.016908793,3.492028,3.4261112,2,-1,0,0.95828867,1
14,16,1,1,0,11.884146,177.93831,20.306253,-0.013846168,-0.011199942,-0.020524558,30.663855,30.325,2,1,1,0.9999758,1
14,33,0,0,0,0.0,0.0,0.0,0.0,0.0,0.0,2.0703263,2.166111,2,-1,0,0.11976946,0
14,28,1,1,0,12.783928,540.4117,405.77734,0.006055692,0.013447639,0.005798104,19.864368,17.4775,2,2,1,0.99993026,1
14,30,1,1,0,-15.971659,541.0736,344.48193,0.0048778467,0.00040530757,-0.035861414,20.557787,20.829721,2,3,1,0.99817085,1
14,5,0,0,0,0.0,0.0,0.0,0.0,0.0,0.0,2.4367082,2.3847222,2,-1,0,0.046676252,0
14,7,1,1,0,-18.116198,-9.123807,297.12244,-0.00036052495,-0.0014910122,0.0027248086,3.855333,1.1797222,2,4,1,0.8871932,1
14,2,0,0,0,0.0,0.0,0.0,0.0,0.0,0.0,2.2730696,2.3641667,2,-1,0,0.16681662,0
14,1,1,1,0,21.101332,-419.7464,397.472,-0.0048990604,0.0055016084,0.016908793,14.166562,13.7722225,2,5,1,0.98781335,1
14,30,1,0,0,-15.971659,541.0736,344.48193,0.0048778467,0.00040530757,-0.035861414,5.3855824,5.495,2,-1,0,0.9904302,1
14,2,1,0,0,96.71534,-356.39417,253.69832,-0.043773886,0.0016341731,0.012572325,10.51218,10.315556,2,-1,0,0.9714806,1
14,5,1,0,0,47.664585,38.350548,362.56888,0.0063756825,0.018601919,0.005999943,2.3561876,2.2925,2,-1,0,0.13033053,0
14,24,1,1,0,35.194336,-235.20288,434.97772,-0.013275288,-0.014004145,-0.0011386246,23.013659,22.974445,2,6,1,0.9861871,1
14,28,0,0,0,0.0,0.0,0.0,0.0,0.0,0.0,2.3053124,2.3119445,2,-1,0,0.13236974,0
14,28,0,0,0,0.0,0.0,0.0,0.0,0.0,0.0,2.1538196,2.0894444,2,-1,0,0.05028222,0
14,27,0,0,0,0.0,0.0,0.0,0.0,0.0,0.0,1.9561528,2.01,2,-1,0,0.11467093,0
14,22,1,1,0,-43.61098,-100.99555,340.08893,-0.011119076,-0.020621663,-0.005878756,21.283112,16.721111,2,7,1,0.99798536,1
14,22,1,0,0,-43.61098,-100.99555,340.08893,-0.011119076,-0.020621663,-0.005878756,4.869083,4.7730556,2,-1,0,0.977589,1
14,2,1,0,0,96.71534,-356.39417,253.69832,-0.043773886,0.0016341731,0.012572325,2.7443125,2.7197223,2,-1,0,0.16623336,0
14,32,0,0,0,0.0,0.0,0.0,0.0,0.0,0.0,2.3887846,2.4716666,2,-1,0,0.12960052,0
14,31,0,0,0,0.0,0.0,0.0,0.0,0.0,0.0,2.0799236,2.2297223,2,-1,0,0.0686793,0
14,5,1,1,0,47.664585,38.350548,362.56888,0.0063756825,0.018601919,0.005999943,18.021397,17.903334,2,8,1,0.98424757,1
14,29,1,0,0,67.388794,-330.2849,323.16406,0.010326429,0.02162089,-0.0021908195,2.9348958,3.0133333,2,-1,0,0.18248922,0
14,5,1,0,0,47.664585,38.350548,362.56888,0.0063756825,0.018601919,0.005999943,4.0528336,4.0716667,2,-1,0,0.8213468,1
14,6,0,0,0,0.0,0.0,0.0,0.0,0.0,0.0,2.1870832,2.1825,2,-1,0,0.08021852,0
14,14,1,1,0,63.05343,-294.0021,423.77667,-0.005370612,-0.029233826,-0.009673633,31.763966,31.734722,2,9,1,0.90660536,1
14,34,0,0,0,0.0,0.0,0.0,0.0,0.0,0.0,2.2630556,2.2719445,2,-1,0,0.04436938,0
14,36,0,0,0,0.0,0.0,0.0,0.0,0.0,0.0,2.1894236,2.1375,2,-1,0,0.12029987,0
14,29,1,1,0,67.388794,-330.2849,323.16406,0.010326429,0.02162089,-0.0021908195,22.654144,22.849167,2,10,1,0.99725974,1
14,12,0,0,0,0.0,0.0,0.0,0.0,0.0,0.0,2.0225556,2.0366666,2,-1,0,0.06239698,0
14,10,1,0,0,-82.004265,-217.69508,112.90664,0.019406892,-0.008488396,0.0049972567,4.071833,4.165,2,-1,0,0.96696144,1
14,12,0,0,0,0.0,0.0,0.0,0.0,0.0,0.0,2.096757,2.1544445,2,-1,0,0.09236443,0
14,10,1,1,0,-82.004265,-217.69508,112.90664,0.019406892,-0.008488396,0.0049972567,23.897541,23.81889,2,11,1,0.99756503,1
14,30,0,0,0,0.0,0.0,0.0,0.0,0.0,0.0,2.166396,2.1172223,2,-1,0,0.08814809,0
14,9,0,0,0,0.0,0.0,0.0,0.0,0.0,0.0,2.3647847,2.416389,2,-1,0,0.059561174,0
14,35,1,1,0,-82.14343,-396.2372,354.93652,0.0126412995,-0.011277618,0.008352761,17.97825,16.314722,2,12,1,0.9797626,1
14,23,0,0,0,0.0,0.0,0.0,0.0,0.0,0.0,3.7828267,-1.0,2,-1,0,0.96078706,1
14,2,1,1,0,96.71534,-356.39417,253.69832,-0.043773886,0.0016341731,0.012572325,27.242722,27.164444,2,13,1,0.9961545,1
14,37,1,1,0,91.47451,-58.23368,82.651794,-0.00076807005,0.002898194,-0.013143899,16.066292,14.314167,2,14,1,0.996958,1
14,25,0,0,0,0.0,0.0,0.0,0.0,0.0,0.0,2.1753333,2.2425,2,-1,0,0.0745319,0
14,2,1,0,0,96.71534,-356.39417,253.69832,-0.043773886,0.0016341731,0.012572325,10.600152,10.471945,2,-1,0,0.9937597,1
14,38,1,1,0,-93.51309,195.39648,215.59895,0.007335583,0.0027972846,-0.020389069,13.039118,13.128056,2,15,1,0.968513,1
14,38,1,0,0,-93.51309,195.39648,215.59895,0.007335583,0.0027972846,-0.020389069,9.169403,9.116111,2,-1,0,0.9818996,1
14,14,0,0,0,0.0,0.0,0.0,0.0,0.0,0.0,2.572639,2.531389,2,-1,0,0.024120683,0
14,38,0,0,0,0.0,0.0,0.0,0.0,0.0,0.0,2.3125553,2.3302777,2,-1,0,0.09845575,0
14,32,1,1,0,99.07451,462.38635,299.00037,0.016251473,-0.013366215,0.0069359466,19.392008,17.751389,2,16,1,0.9860206,1
14,35,1,0,0,-82.14343,-396.2372,354.93652,0.0126412995,-0.011277618,0.008352761,2.1511319,2.077222,2,-1,0,0.12240308,0
14,23,1,0,0,-80.889885,-338.09402,222.6191,0.010949107,0.010343207,0.013411041,2.463125,2.5458333,2,-1,0,0.24341089,0
14,24,0,0,0,0.0,0.0,0.0,0.0,0.0,0.0,2.6082776,2.5286112,2,-1,0,0.14727871,0
14,20,1,1,0,108.669464,80.31899,347.59918,-0.014257994,0.0048909173,0.007910413,8.702188,8.913055,2,17,1,0.99500054,1
14,20,1,0,0,108.669464,80.31899,347.59918,-0.014257994,0.0048909173,0.007910413,3.8575833,3.8497221,2,-1,0,0.924718,1
14,20,1,0,0,108.669464,80.31899,347.59918,-0.014257994,0.0048909173,0.007910413,4.5928125,4.5494447,2,-1,0,0.97771055,1
14,8,0,0,0,0.0,0.0,0.0,0.0,0.0,0.0,2.1626668,2.22,2,-1,0,0.11149714,0
14,17,1,1,0,110.34801,137.09012,295.95895,-0.006787258,-0.012218365,0.003424395,14.975715,14.904722,2,18,1,0.99855846,1
14,17,1,0,0,110.34801,137.09012,295.95895,-0.006787258,-0.012218365,0.003424395,2.1872292,2.1430554,2,-1,0,0.09926116,0
14,18,0,0,0,0.0,0.0,0.0,0.0,0.0,0.0,2.0918403,2.0644445,2,-1,0,0.08413738,0
14,16,0,0,0,0.0,0.0,0.0,0.0,0.0,0.0,2.7198749,2.7175,2,-1,0,0.18764281,0
14,12,0,0,0,0.0,0.0,0.0,0.0,0.0,0.0,2.0454721,2.0402777,2,-1,0,0.08088386,0
14,27,0,0,0,0.0,0.0,0.0,0.0,0.0,0.0,2.0798888,2.0833333,2,-1,0,0.11920925,0
14,4,1,1,0,-120.46954,594.89136,308.06302,-0.0020079643,0.005026401,0.005298269,8.547181,7.5344443,2,19,1,0.98986,1
14,33,1,0,0,-131.75182,161.44742,340.82434,-0.0002022372,-0.0039607617,-0.029980423,3.4867501,3.6311111,2,-1,0,0.9470898,1
14,18,1,0,0,-129.9568,-219.28416,134.98015,0.017082749,-0.018825239,0.019006316,10.3725,10.333333,2,-1,0,0.9763123,1
14,37,1,0,0,91.47451,-58.23368,82.651794,-0.00076807005,0.002898194,-0.013143899,3.2065277,3.1788888,2,-1,0,0.9130755,1
14,18,1,1,0,-129.9568,-219.28416,134.98015,0.017082749,-0.018825239,0.019006316,22.834047,22.821388,2,20,1,0.99492455,1
14,9,0,0,0,0.0,0.0,0.0,0.0,0.0,0.0,2.1383266,2.07,2,-1,0,0.113808,0
14,2,0,0,0,0.0,0.0,0.0,0.0,0.0,0.0,1.9739861,2.0319445,2,-1,0,0.112766504,0
14,33,1,1,0,-131.75182,161.44742,340.82434,-0.0002022372,-0.0039607617,-0.029980423,24.285807,23.723888,2,21,1,0.97991747,1
14,33,1,0,0,-131.75182,161.44742,340.82434,-0.0002022372,-0.0039607617,-0.029980423,3.015847,2.9877777,2,-1,0,0.7106905,1
14,28,0,0,0,0.0,0.0,0.0,0.0,0.0,0.0,2.0482707,2.0427778,2,-1,0,0.076904766,0
14,40,1,1,0,-145.97168,172.95091,371.71744,0.032899518,-0.0048679877,-0.006143934,36.216026,36.868332,2,22,1,0.9787806,1
14,39,0,0,0,0.0,0.0,0.0,0.0,0.0,0.0,2.4006388,-1.0,2,-1,0,0.12092614,0
14,39,0,0,0,0.0,0.0,0.0,0.0,0.0,0.0,38.834293,-1.0,2,-1,0,0.9988411,1
14,21,1,1,0,144.27939,202.18239,21.578176,-0.009315183,-0.009843211,0.0074523194,17.81132,17.870556,2,23,1,0.98517495,1
14,39,1,1,0,143.88573,-19.492704,163.44662,0.00533326,0.045746736,-0.04187473,15.289903,15.5125,2,-1,1,0.99373746,1
14,33,0,0,0,0.0,0.0,0.0,0.0,0.0,0.0,2.5906668,2.6363888,2,-1,0,0.08830987,0
14,39,0,0,0,0.0,0.0,0.0,0.0,0.0,0.0,2.8086457,-1.0,2,-1,0,0.6195378,1
14,12,1,0,0,147.89508,287.3611,234.44107,0.0068719154,0.0116408095,-0.011977268,5.593403,2.7694445,2,-1,0,0.9957253,1
14,12,1,1,0,147.89508,287.3611,234.44107,0.0068719154,0.0116408095,-0.011977268,8.224209,8.131667,2,24,1,0.9954839,1
14,40,0,0,0,0.0,0.0,0.0,0.0,0.0,0.0,2.0434027,2.0222223,2,-1,0,0.07719666,0
14,20,0,0,0,0.0,0.0,0.0,0.0,0.0,0.0,3.15375,3.057778,2,-1,0,0.40132323,0
14,19,1,1,0,-159.48495,51.01795,186.83504,-0.0125154825,-0.0065535237,-0.010874742,15.8190775,14.801111,2,25,1,0.9999708,1
14,39,0,0,0,0.0,0.0,0.0,0.0,0.0,0.0,7.033604,-1.0,2,-1,0,0.9786396,1
14,9,0,0,0,0.0,0.0,0.0,0.0,0.0,0.0,2.8358681,2.7808332,2,-1,0,0.464698,0
14,16,0,0,0,0.0,0.0,0.0,0.0,0.0,0.0,2.5462153,2.5438888,2,-1,0,0.20168936,0
14,19,1,0,0,-159.48495,51.01795,186.83504,-0.0125154825,-0.0065535237,-0.010874742,3.1259305,3.1688888,2,-1,0,0.7230613,1
14,17,0,0,0,0.0,0.0,0.0,0.0,0.0,0.0,2.4785416,2.4958334,2,-1,0,0.22015677,0
14,27,1,1,0,169.38725,118.99203,136.43353,-0.005487665,-0.0076368265,0.025478195,13.956834,13.764167,2,26,1,0.9988412,1
14,8,0,0,0,0.0,0.0,0.0,0.0,0.0,0.0,2.2140138,2.223611,2,-1,0,0.09624774,0
14,27,1,0,0,169.38725,118.99203,136.43353,-0.005487665,-0.0076368265,0.025478195,10.244501,10.204166,2,-1,0,0.99940455,1
14,12,1,0,0,147.89508,287.3611,234.44107,0.0068719154,0.0116408095,-0.011977268,3.2098334,3.1530557,2,-1,0,0.85264355,1
14,15,1,0,0,199.4516,531.6735,134.98167,-0.01931815,-0.00041207552,0.02423077,2.5900419,2.6391666,2,-1,0,0.1545543,0
14,6,0,0,0,0.0,0.0,0.0,0.0,0.0,0.0,2.1664097,2.1494443,2,-1,0,0.10210375,0
14,6,0,0,0,0.0,0.0,0.0,0.0,0.0,0.0,2.491417,2.6052778,2,-1,0,0.35654402,0
14,39,0,0,0,0.0,0.0,0.0,0.0,0.0,0.0,2.2101665,2.2116666,2,-1,0,0.06107732,0
14,11,0,0,0,0.0,0.0,0.0,0.0,0.0,0.0,2.368389,2.0344443,2,-1,0,0.01802309,0
14,29,0,0,0,0.0,0.0,0.0,0.0,0.0,0.0,2.1375,2.101389,2,-1,0,0.09855482,0
14,32,0,0,0,0.0,0.0,0.0,0.0,0.0,0.0,2.1106944,2.0977778,2,-1,0,0.05016799,0
14,15,1,1,0,199.4516,531.6735,134.98167,-0.01931815,-0.00041207552,0.02423077,27.732,27.555555,2,27,1,0.99775237,1
14,4,0,0,0,0.0,0.0,0.0,0.0,0.0,0.0,2.4174511,2.4827778,2,-1,0,0.17477898,0
14,18,0,0,0,0.0,0.0,0.0,0.0,0.0,0.0,2.7415278,2.7513888,2,-1,0,0.116675444,0
14,6,0,0,0,0.0,0.0,0.0,0.0,0.0,0.0,2.1073332,2.1144445,2,-1,0,0.049197115,0
14,12,0,0,0,0.0,0.0,0.0,0.0,0.0,0.0,2.1157777,2.0466666,2,-1,0,0.0715486,0
14,36,0,0,0,0.0,0.0,0.0,0.0,0.0,0.0,2.1842988,2.1497223,2,-1,0,0.06723684,0
14,27,0,0,0,0.0,0.0,0.0,0.0,0.0,0.0,2.6445699,2.5777779,2,-1,0,0.061889414,0
14,6,1,1,0,-212.12975,64.77079,414.27167,-0.0060401084,0.00067443115,0.01507263,17.609322,17.43111,2,28,1,0.99177366,1
14,34,0,0,0,0.0,0.0,0.0,0.0,0.0,0.0,2.1718888,2.2272222,2,-1,0,0.11518307,0
14,26,0,0,0,0.0,0.0,0.0,0.0,0.0,0.0,2.2026112,2.1961112,2,-1,0,0.14120322,0
14,6,0,0,0,0.0,0.0,0.0,0.0,0.0,0.0,2.2906392,2.2816668,2,-1,0,0.108460605,0
14,38,0,0,0,0.0,0.0,0.0,0.0,0.0,0.0,2.234778,2.2502778,2,-1,0,0.17143533,0
14,9,0,0,0,0.0,0.0,0.0,0.0,0.0,0.0,2.556757,2.6366668,2,-1,0,0.11646557,0
14,29,0,0,0,0.0,0.0,0.0,0.0,0.0,0.0,2.7269096,2.725,2,-1,0,0.12633997,0
14,16,0,0,0,0.0,0.0,0.0,0.0,0.0,0.0,2.3798056,2.3533332,2,-1,0,0.11193938,0
14,17,0,0,0,0.0,0.0,0.0,0.0,0.0,0.0,2.1856458,2.1780555,2,-1,0,0.08141567,0
14,11,0,0,0,0.0,0.0,0.0,0.0,0.0,0.0,2.0902638,2.0952778,2,-1,0,0.08834796,0
14,24,0,0,0,0.0,0.0,0.0,0.0,0.0,0.0,2.2818055,2.365,2,-1,0,0.10413002,0
14,13,1,1,0,240.15181,66.10339,439.6722,0.03617283,-0.00076975045,-0.015805239,26.462002,26.349445,2,29,1,0.98463506,1
14,6,0,0,0,0.0,0.0,0.0,0.0,0.0,0.0,2.2700486,2.3319445,2,-1,0,0.029412553,0
14,17,0,0,0,0.0,0.0,0.0,0.0,0.0,0.0,1.9928542,2.025,2,-1,0,0.09287124,0
14,36,0,0,0,0.0,0.0,0.0,0.0,0.0,0.0,2.3695834,2.476389,2,-1,0,0.10906569,0
14,36,1,1,0,257.4009,99.11105,446.71112,0.008714095,0.009505616,-0.0077698734,11.118305,11.228333,2,30,1,0.9790963,1
14,2,0,0,0,0.0,0.0,0.0,0.0,0.0,0.0,2.1888542,2.1425,2,-1,0,0.17331654,0
14,24,0,0,0,0.0,0.0,0.0,0.0,0.0,0.0,2.0489166,2.0469444,2,-1,0,0.093986444,0
14,13,1,0,0,240.15181,66.10339,439.6722,0.03617283,-0.00076975045,-0.015805239,6.0462217,6.09,2,-1,0,0.97916347,1
14,37,0,0,0,0.0,0.0,0.0,0.0,0.0,0.0,2.0142086,2.0808334,2,-1,0,0.05143767,0
14,34,1,1,0,-268.9993,22.963028,239.71645,-0.0010381156,-0.015970038,0.004731411,17.393625,14.535556,2,31,1,0.9909554,1
14,9,0,0,0,0.0,0.0,0.0,0.0,0.0,0.0,2.2584374,2.3030555,2,-1,0,0.094276614,0
14,1,0,0,0,0.0,0.0,0.0,0.0,0.0,0.0,2.4483054,2.4366667,2,-1,0,0.08861657,0
14,39,0,0,0,0.0,0.0,0.0,0.0,0.0,0.0,2.682986,2.6975,2,-1,0,0.09637674,0
14,11,0,0,0,0.0,0.0,0.0,0.0,0.0,0.0,18.85644,-1.0,2,-1,0,0.9896763,1
14,9,1,1,0,-277.56793,-431.22336,182.5301,0.00053169846,0.014625929,-0.022292983,24.183992,23.566944,2,32,1,0.9975278,1
14,25,1,1,0,-288.19583,395.96262,209.31522,0.014758305,-0.011351038,-0.008625705,9.040994,9.050555,2,33,1,0.98756707,1
14,11,0,0,0,0.0,0.0,0.0,0.0,0.0,0.0,4.983792,0.21027778,2,-1,0,0.965749,1
14,6,0,0,0,0.0,0.0,0.0,0.0,0.0,0.0,2.1843057,2.1308334,2,-1,0,0.11262195,0
14,22,0,0,0,0.0,0.0,0.0,0.0,0.0,0.0,2.3955555,2.3647223,2,-1,0,0.32527405,0
14,10,0,0,0,0.0,0.0,0.0,0.0,0.0,0.0,2.7791667,2.6508334,2,-1,0,0.39047718,0
14,11,0,0,0,0.0,0.0,0.0,0.0,0.0,0.0,2.1065764,2.1702778,2,-1,0,0.09335217,0
14,9,1,0,0,-277.56793,-431.22336,182.5301,0.00053169846,0.014625929,-0.022292983,2.385264,2.435,2,-1,0,0.13253325,0
14,25,1,0,0,-288.19583,395.96262,209.31522,0.014758305,-0.011351038,-0.008625705,9.137145,9.038055,2,-1,0,0.9919843,1
14,13,1,0,0,240.15181,66.10339,439.6722,0.03617283,-0.00076975045,-0.015805239,2.111153,2.0330555,2,-1,0,0.13490498,0
14,3,1,1,0,289.53415,482.8388,44.251877,0.004517964,0.030173833,0.0035750954,26.130083,13.781667,2,34,1,0.9953185,1
14,6,0,0,0,0.0,0.0,0.0,0.0,0.0,0.0,2.24275,2.2886112,2,-1,0,0.10103142,0
14,6,0,0,0,0.0,0.0,0.0,0.0,0.0,0.0,2.3190417,2.3916667,2,-1,0,0.09596168,0
14,9,0,0,0,0.0,0.0,0.0,0.0,0.0,0.0,2.944007,2.8555555,2,-1,0,0.14612322,0
14,25,1,0,0,-288.19583,395.96262,209.31522,0.014758305,-0.011351038,-0.008625705,3.5228612,3.6902778,2,-1,0,0.91896755,1
14,34,0,0,0,0.0,0.0,0.0,0.0,0.0,0.0,2.714542,2.6658332,2,-1,0,0.15308538,0
14,26,0,0,0,0.0,0.0,0.0,0.0,0.0,0.0,17.29825,-1.0,2,-1,0,0.98544127,1
14,37,0,0,0,0.0,0.0,0.0,0.0,0.0,0.0,2.0820138,2.0822222,2,-1,0,0.09783861,0
14,19,0,0,0,0.0,0.0,0.0,0.0,0.0,0.0,2.156979,2.1719444,2,-1,0,0.091262706,0
14,31,0,0,0,0.0,0.0,0.0,0.0,0.0,0.0,2.6372223,2.6694446,2,-1,0,0.09166998,0
14,20,0,0,0,0.0,0.0,0.0,0.0,0.0,0.0,2.1605415,2.2161112,2,-1,0,0.08847997,0
14,40,0,0,0,0.0,0.0,0.0,0.0,0.0,0.0,2.2848887,2.2872221,2,-1,0,0.25796342,0
14,18,0,0,0,0.0,0.0,0.0,0.0,0.0,0.0,2.0896251,2.0738888,2,-1,0,0.03242914,0
14,12,0,0,0,0.0,0.0,0.0,0.0,0.0,0.0,2.3967917,2.396389,2,-1,0,0.03913687,0
14,37,0,0,0,0.0,0.0,0.0,0.0,0.0,0.0,2.3370972,2.2838888,2,-1,0,0.03579282,0
14,39,0,0,0,0.0,0.0,0.0,0.0,0.0,0.0,2.5495348,2.6008334,2,-1,0,0.22856487,0
14,3,0,0,0,0.0,0.0,0.0,0.0,0.0,0.0,2.065375,2.0180554,2,-1,0,0.08362355,0
14,6,0,0,0,0.0,0.0,0.0,0.0,0.0,0.0,1.9351318,2.0072222,2,-1,0,0.095644616,0
14,40,0,0,0,0.0,0.0,0.0,0.0,0.0,0.0,2.2240694,2.1822221,2,-1,0,0.07755984,0
14,8,1,1,0,-323.3563,475.90207,442.0158,0.0017246549,0.0058276416,-0.00054272654,5.8036523,5.854722,2,35,1,0.9781551,1
14,19,0,0,0,0.0,0.0,0.0,0.0,0.0,0.0,2.0743403,2.138611,2,-1,0,0.11969814,0
14,31,0,0,0,0.0,0.0,0.0,0.0,0.0,0.0,2.0434446,2.0430555,2,-1,0,0.12219196,0
14,29,0,0,0,0.0,0.0,0.0,0.0,0.0,0.0,2.1573055,2.0916667,2,-1,0,0.09380235,0
14,14,0,0,0,0.0,0.0,0.0,0.0,0.0,0.0,2.096764,2.1216667,2,-1,0,0.13393962,0
14,36,0,0,0,0.0,0.0,0.0,0.0,0.0,0.0,2.8868334,2.7616668,2,-1,0,0.18640773,0
14,34,0,0,0,0.0,0.0,0.0,0.0,0.0,0.0,2.5395,2.5930555,2,-1,0,0.13423812,0
14,30,0,0,0,0.0,0.0,0.0,0.0,0.0,0.0,2.1691875,2.131389,2,-1,0,0.0832987,0
14,2,0,0,0,0.0,0.0,0.0,0.0,0.0,0.0,2.092375,2.096111,2,-1,0,0.077037394,0
14,1,0,0,0,0.0,0.0,0.0,0.0,0.0,0.0,2.1561666,2.1369445,2,-1,0,0.056124035,0
14,15,0,0,0,0.0,0.0,0.0,0.0,0.0,0.0,2.185653,2.23,2,-1,0,0.08332832,0
14,31,1,1,0,-359.84952,358.8692,135.20827,0.0006763047,-0.012662513,0.00014448389,12.741708,12.5211115,2,36,1,0.9875968,1
14,27,0,0,0,0.0,0.0,0.0,0.0,0.0,0.0,2.382007,2.38,2,-1,0,0.098785326,0
14,17,0,0,0,0.0,0.0,0.0,0.0,0.0,0.0,2.2179308,2.226389,2,-1,0,0.089005046,0
14,25,0,0,0,0.0,0.0,0.0,0.0,0.0,0.0,2.0365486,2.08,2,-1,0,0.068028264,0
14,12,0,0,0,0.0,0.0,0.0,0.0,0.0,0.0,2.1242082,2.143889,2,-1,0,0.12325478,0
14,3,0,0,0,0.0,0.0,0.0,0.0,0.0,0.0,2.1493402,2.123889,2,-1,0,0.09940055,0
14,7,0,0,0,0.0,0.0,0.0,0.0,0.0,0.0,2.0896318,2.146389,2,-1,0,0.12097908,0
14,9,0,0,0,0.0,0.0,0.0,0.0,0.0,0.0,1.9979722,2.0466666,2,-1,0,0.082836166,0
14,21,0,0,0,0.0,0.0,0.0,0.0,0.0,0.0,2.6540835,2.5516667,2,-1,0,0.18634616,0
14,4,0,0,0,0.0,0.0,0.0,0.0,0.0,0.0,2.3280833,2.3047223,2,-1,0,0.15261012,0
14,11,0,0,0,0.0,0.0,0.0,0.0,0.0,0.0,2.3044446,2.2702777,2,-1,0,0.14115234,0
14,7,0,0,0,0.0,0.0,0.0,0.0,0.0,0.0,2.4733748,2.5630555,2,-1,0,0.048631415,0
14,3,0,0,0,0.0,0.0,0.0,0.0,0.0,0.0,2.2523334,2.353611,2,-1,0,0.10863859,0
14,31,0,0,0,0.0,0.0,0.0,0.0,0.0,0.0,2.1356807,2.1122222,2,-1,0,0.10915628,0
14,37,0,0,0,0.0,0.0,0.0,0.0,0.0,0.0,2.2615972,2.1936111,2,-1,0,0.056009475,0
14,24,0,0,0,0.0,0.0,0.0,0.0,0.0,0.0,2.5498888,2.629722,2,-1,0,0.12923127,0
14,8,0,0,0,0.0,0.0,0.0,0.0,0.0,0.0,2.3825903,2.283611,2,-1,0,0.28133315,0
14,28,0,0,0,0.0,0.0,0.0,0.0,0.0,0.0,2.3078473,2.338889,2,-1,0,0.08726406,0
14,33,0,0,0,0.0,0.0,0.0,0.0,0.0,0.0,2.7395904,2.7772222,2,-1,0,0.12314675,0
14,15,0,0,0,0.0,0.0,0.0,0.0,0.0,0.0,2.4241042,2.3730555,2,-1,0,0.058227994,0
14,11,0,0,0,0.0,0.0,0.0,0.0,0.0,0.0,2.0088959,2.0347223,2,-1,0,0.043072607,0
14,31,0,0,0,0.0,0.0,0.0,0.0,0.0,0.0,2.14225,2.1983333,2,-1,0,0.07783404,0
14,24,0,0,0,0.0,0.0,0.0,0.0,0.0,0.0,2.4582777,2.4636111,2,-1,0,0.115964696,0
14,7,0,0,0,0.0,0.0,0.0,0.0,0.0,0.0,2.882861,2.6402779,2,-1,0,0.18291312,0
14,1,0,0,0,0.0,0.0,0.0,0.0,0.0,0.0,2.6472082,2.5425,2,-1,0,0.24155957,0
15,25,1,1,0,-7.8534417,68.58232,425.74655,0.0018862513,0.014571725,-0.004774375,15.39607,15.3347225,2,0,1,0.9235712,1
15,8,1,0,0,11.865731,4.6886907,296.94403,-0.0032043483,0.011112261,0.0054619117,1.9986874,2.0347223,2,-1,0,0.12986112,0
15,18,0,0,0,0.0,0.0,0.0,0.0,0.0,0.0,2.6985834,2.8127778,2,-1,0,0.13231167,0
15,8,1,1,0,11.865731,4.6886907,296.94403,-0.0032043483,0.011112261,0.0054619117,10.687944,10.909166,2,1,1,0.99859136,1
15,13,0,0,0,0.0,0.0,0.0,0.0,0.0,0.0,2.0575972,2.1502779,2,-1,0,0.10062429,0
15,7,1,1,0,16.799042,223.58409,432.73386,-0.007858374,0.0075937286,-0.0127322255,19.338083,19.551945,2,2,1,0.9962406,1
15,38,0,0,0,0.0,0.0,0.0,0.0,0.0,0.0,2.554139,2.661111,2,-1,0,0.1523889,0
15,24,1,1,0,20.720076,573.0444,388.0441,-0.0009458942,0.010337522,-0.016327627,13.011444,10.358611,2,3,1,0.998264,1
15,24,1,0,0,20.720076,573.0444,388.0441,-0.0009458942,0.010337522,-0.016327627,8.858223,8.882778,2,-1,0,0.9792219,1
15,18,1,1,0,23.331423,63.21606,169.49779,0.015215831,-0.019177187,-0.00017306983,20.961805,20.9025,2,4,1,0.99975973,1
15,18,1,0,0,23.331423,63.21606,169.49779,0.015215831,-0.019177187,-0.00017306983,2.0990834,2.0691667,2,-1,0,0.056487694,0
15,36,0,0,0,0.0,0.0,0.0,0.0,0.0,0.0,2.5749164,2.5261111,2,-1,0,0.06587259,0
15,22,1,1,0,33.50298,-364.39777,351.40945,0.008009447,-0.013774757,0.002761388,19.621834,19.52861,2,5,1,0.985946,1
15,14,0,0,0,0.0,0.0,0.0,0.0,0.0,0.0,2.1005974,2.1,2,-1,0,0.13266824,0
15,3,1,0,0,-52.613438,85.97776,15.495261,-0.0064693633,0.026545312,-0.0034021842,2.208368,2.1780555,2,-1,0,0.08689244,0
15,18,1,0,0,23.331423,63.21606,169.49779,0.015215831,-0.019177187,-0.00017306983,2.7014027,2.6902778,2,-1,0,0.08021575,0
15,5,1,1,0,-40.849297,-581.33276,49.792534,-0.019916855,0.020350413,0.027760755,23.999779,23.845556,2,6,1,0.9795364,1
15,34,0,0,0,0.0,0.0,0.0,0.0,0.0,0.0,2.3030972,2.3552778,2,-1,0,0.0589022,0
15,5,1,0,0,-40.849297,-581.33276,49.792534,-0.019916855,0.020350413,0.027760755,14.469958,14.321389,2,-1,0,0.7138537,1
15,5,1,0,0,-40.849297,-581.33276,49.792534,-0.019916855,0.020350413,0.027760755,2.8672152,2.879722,2,-1,0,0.20720801,0
15,22,1,0,0,33.50298,-364.39777,351.40945,0.008009447,-0.013774757,0.002761388,2.3218958,2.2527778,2,-1,0,0.08569799,0
15,3,1,1,0,-52.613438,85.97776,15.495261,-0.0064693633,0.026545312,-0.0034021842,16.813965,16.679445,2,7,1,0.99412954,1
15,38,1,1,0,-52.22966,-297.55063,288.12778,-0.0009089586,0.025949582,0.00033833034,32.85523,28.669167,2,8,1,0.99771523,1
15,15,0,0,0,0.0,0.0,0.0,0.0,0.0,0.0,2.3072503,2.2119443,2,-1,0,0.12953466,0
15,3,1,0,0,-52.613438,85.97776,15.495261,-0.0064693633,0.026545312,-0.0034021842,7.1947775,4.096667,2,-1,0,0.9947738,1
15,3,1,0,0,-52.613438,85.97776,15.495261,-0.0064693633,0.026545312,-0.0034021842,2.6407778,2.686389,2,-1,0,0.29948574,0
15,3,1,0,0,-52.613438,85.97776,15.495261,-0.0064693633,0.026545312,-0.0034021842,2.4938123,2.4466667,2,-1,0,0.082905605,0
15,15,0,0,0,0.0,0.0,0.0,0.0,0.0,0.0,2.1132224,2.1163888,2,-1,0,0.069318905,0
15,3,1,0,0,-52.613438,85.97776,15.495261,-0.0064693633,0.026545312,-0.0034021842,2.1264029,2.1155555,2,-1,0,0.14196151,0
15,14,1,1,0,60.574913,-176.96654,69.92028,0.008167072,0.026618918,-0.008165037,15.747,15.660556,2,9,1,0.9986607,1
15,14,1,0,0,60.574913,-176.96654,69.92028,0.008167072,0.026618918,-0.008165037,2.8467915,2.7361112,2,-1,0,0.109240584,0
15,14,1,0,0,60.574913,-176.96654,69.92028,0.008167072,0.026618918,-0.008165037,10.325431,10.455556,2,-1,0,0.9920764,1
15,5,1,0,0,-40.849297,-581.33276,49.792534,-0.019916855,0.020350413,0.027760755,4.3609724,4.3344445,2,-1,0,0.93326205,1
15,14,1,0,0,60.574913,-176.96654,69.92028,0.008167072,0.026618918,-0.008165037,3.6307359,3.5825,2,-1,0,0.97500265,1
15,13,1,1,0,-74.6903,-106.293655,84.708244,-0.008375403,0.02705804,-0.00081967894,27.91664,18.855833,2,10,1,0.99427843,1
15,35,1,1,0,76.07061,-546.87317,332.88956,0.0017401442,0.020138206,-0.003750068,18.30914,18.233889,2,11,1,0.9281035,1
15,23,1,0,0,-80.99041,251.7088,100.83924,0.00030026337,-0.014238263,-0.028988175,13.119881,12.935278,2,-1,0,0.9926658,1
15,23,1,1,0,-80.99041,251.7088,100.83924,0.00030026337,-0.014238263,-0.028988175,18.11682,17.781944,2,12,1,0.9903172,1
15,19,0,0,0,0.0,0.0,0.0,0.0,0.0,0.0,2.0756667,2.1052778,2,-1,0,0.11231007,0
15,21,1,1,0,79.176125,-12.999473,262.816,0.028614081,0.027850727,-0.0317452,38.31148,38.331944,2,13,1,1.0,1
15,23,1,0,0,-80.99041,251.7088,100.83924,0.00030026337,-0.014238263,-0.028988175,2.7530832,1.1827778,2,-1,0,0.11550537,0
15,13,1,0,0,-74.6903,-106.293655,84.708244,-0.008375403,0.02705804,-0.00081967894,3.5861526,3.566111,2,-1,0,0.8204461,1
15,13,0,0,0,0.0,0.0,0.0,0.0,0.0,0.0,2.088889,2.1505556,2,-1,0,0.06302496,0
15,21,1,0,0,79.176125,-12.999473,262.816,0.028614081,0.027850727,-0.0317452,17.845228,17.821388,2,-1,0,0.99363613,1
15,18,0,0,0,0.0,0.0,0.0,0.0,0.0,0.0,3.6164448,-1.0,2,-1,0,0.92325866,1
15,4,1,1,0,98.31412,93.2751,297.27335,0.017186685,-0.0077817664,0.007821268,19.401867,19.328056,2,14,1,0.9908194,1
15,4,0,0,0,0.0,0.0,0.0,0.0,0.0,0.0,1.9793888,2.0272222,2,-1,0,0.093850896,0
15,4,1,0,0,98.31412,93.2751,297.27335,0.017186685,-0.0077817664,0.007821268,2.1129723,2.013611,2,-1,0,0.15094812,0
15,40,0,0,0,0.0,0.0,0.0,0.0,0.0,0.0,2.4145415,2.3827777,2,-1,0,0.14760326,0
15,28,0,0,0,0.0,0.0,0.0,0.0,0.0,0.0,2.0660973,2.0686111,2,-1,0,0.14278162,0
15,32,1,0,0,102.300255,155.8742,413.60226,0.04296272,0.028347,-0.016733186,2.8108404,2.735,2,-1,0,0.27203837,0
15,32,1,1,0,102.300255,155.8742,413.60226,0.04296272,0.028347,-0.016733186,33.320667,49.08917,2,15,1,0.99265575,1
15,27,0,0,0,0.0,0.0,0.0,0.0,0.0,0.0,2.2501736,2.2127779,2,-1,0,0.052260075,0
15,31,1,0,0,-108.04674,181.10838,78.67355,-0.013913448,0.01204957,0.012279747,5.1654863,5.2125,2,-1,0,0.9604511,1
15,17,1,1,0,106.61645,-226.76851,412.67084,-0.0048015714,-0.0004804438,0.008408171,9.268895,8.998611,2,16,1,0.9886896,1
15,31,1,1,0,-108.04674,181.10838,78.67355,-0.013913448,0.01204957,0.012279747,19.098652,19.193056,2,17,1,0.98030925,1
15,18,0,0,0,0.0,0.0,0.0,0.0,0.0,0.0,2.3194997,2.3047223,2,-1,0,0.11607693,0
15,34,1,1,0,-111.009,-408.47177,257.98358,-0.0035744659,0.002197972,0.005123206,8.116973,2.827222,2,18,1,0.98011816,1
15,33,1,1,0,118.38361,267.24118,199.66368,0.0012832473,0.008348059,0.02184905,25.167244,25.169722,2,19,1,0.93224025,1
15,32,1,0,0,102.300255,155.8742,413.60226,0.04296272,0.028347,-0.016733186,13.127542,13.085834,2,-1,0,0.9722859,1
15,18,0,0,0,0.0,0.0,0.0,0.0,0.0,0.0,2.3758192,2.3047223,2,-1,0,0.110774405,0
15,31,1,0,0,-108.04674,181.10838,78.67355,-0.013913448,0.01204957,0.012279747,3.333889,3.2766666,2,-1,0,0.91775405,1
15,16,1,1,0,-131.38658,-125.29461,340.39236,0.0069347317,0.008223986,-0.0018030964,11.310514,11.2575,2,20,1,0.9583906,1
15,9,1,0,0,-135.50356,47.71325,157.9027,0.009061175,0.010573461,0.015588503,11.446279,11.411667,2,-1,0,0.9857393,1
15,14,0,0,0,0.0,0.0,0.0,0.0,0.0,0.0,2.364,2.3044446,2,-1,0,0.1485542,0
15,9,1,1,0,-135.50356,47.71325,157.9027,0.009061175,0.010573461,0.015588503,11.794757,11.858055,2,21,1,0.99671316,1
15,36,1,1,0,-136.7282,235.93764,240.02037,0.009627198,0.0073006256,0.009944991,14.913583,14.672778,2,22,1,0.94321024,1
15,33,1,0,0,118.38361,267.24118,199.66368,0.0012832473,0.008348059,0.02184905,3.3803961,3.3766668,2,-1,0,0.7615501,1
15,15,0,0,0,0.0,0.0,0.0,0.0,0.0,0.0,2.6799028,2.6183333,2,-1,0,0.19077387,0
15,33,0,0,0,0.0,0.0,0.0,0.0,0.0,0.0,2.19925,2.1411111,2,-1,0,0.078408614,0
15,20,0,0,0,0.0,0.0,0.0,0.0,0.0,0.0,2.0770555,2.0233333,2,-1,0,0.10516215,0
15,31,0,0,0,0.0,0.0,0.0,0.0,0.0,0.0,2.3216667,2.4147222,2,-1,0,0.08983488,0
15,12,0,0,0,0.0,0.0,0.0,0.0,0.0,0.0,2.069764,2.1041667,2,-1,0,0.08736405,0
15,38,0,0,0,0.0,0.0,0.0,0.0,0.0,0.0,2.109896,2.053611,2,-1,0,0.117601946,0
15,39,0,0,0,0.0,0.0,0.0,0.0,0.0,0.0,2.1785,2.238889,2,-1,0,0.20382059,0
15,4,1,0,0,98.31412,93.2751,297.27335,0.017186685,-0.0077817664,0.007821268,2.6314445,2.6194444,2,-1,0,0.16205148,0
15,13,0,0,0,0.0,0.0,0.0,0.0,0.0,0.0,2.4681113,2.5261111,2,-1,0,0.16935155,0
15,7,0,0,0,0.0,0.0,0.0,0.0,0.0,0.0,2.0248332,2.0758333,2,-1,0,0.09267054,0
15,1,0,0,0,0.0,0.0,0.0,0.0,0.0,0.0,2.4712014,2.4388888,2,-1,0,0.10675203,0
15,5,0,0,0,0.0,0.0,0.0,0.0,0.0,0.0,2.0171387,2.0186112,2,-1,0,0.08432746,0
15,7,0,0,0,0.0,0.0,0.0,0.0,0.0,0.0,2.518514,2.4294446,2,-1,0,0.15704174,0
15,20,0,0,0,0.0,0.0,0.0,0.0,0.0,0.0,2.1309028,2.1641667,2,-1,0,0.09550322,0
15,21,0,0,0,0.0,0.0,0.0,0.0,0.0,0.0,2.766104,2.7755556,2,-1,0,0.0952884,0
15,40,1,1,0,-175.99695,-551.9396,312.0336,0.009020737,-0.0233108,0.0055035697,28.381254,28.186388,2,23,1,0.9900669,1
15,15,1,1,0,-174.26706,423.49567,143.6926,-0.0060700653,-0.002692339,0.014416953,17.304667,17.196112,2,24,1,0.86084664,1
15,10,0,0,0,0.0,0.0,0.0,0.0,0.0,0.0,2.3871393,2.323611,2,-1,0,0.10926142,0
15,20,1,1,0,-176.9542,-190.77086,217.74644,-0.010281834,-0.007931141,0.010153975,16.078062,16.060833,2,25,1,0.98696136,1
15,27,0,0,0,0.0,0.0,0.0,0.0,0.0,0.0,2.0731597,2.0119445,2,-1,0,0.08221785,0
15,32,0,0,0,0.0,0.0,0.0,0.0,0.0,0.0,2.2868333,2.201111,2,-1,0,0.082607776,0
15,34,0,0,0,0.0,0.0,0.0,0.0,0.0,0.0,2.175757,2.2505555,2,-1,0,0.09306759,0
15,1,1,0,0,-220.58029,41.081448,413.04584,-0.019829772,0.033143934,0.009883049,4.8529577,4.804167,2,-1,0,0.9969261,1
15,27,0,0,0,0.0,0.0,0.0,0.0,0.0,0.0,2.126514,2.1252778,2,-1,0,0.095168434,0
15,26,0,0,0,0.0,0.0,0.0,0.0,0.0,0.0,2.391354,2.381389,2,-1,0,0.17079988,0
15,18,0,0,0,0.0,0.0,0.0,0.0,0.0,0.0,2.223757,2.1777778,2,-1,0,0.10512117,0
15,5,0,0,0,0.0,0.0,0.0,0.0,0.0,0.0,2.0711389,2.093611,2,-1,0,0.1286799,0
15,1,0,0,0,0.0,0.0,0.0,0.0,0.0,0.0,2.1360278,2.0247223,2,-1,0,0.11196986,0
15,12,0,0,0,0.0,0.0,0.0,0.0,0.0,0.0,2.2669375,2.245,2,-1,0,0.20980474,0
15,14,0,0,0,0.0,0.0,0.0,0.0,0.0,0.0,2.3703125,2.4938889,2,-1,0,0.10835027,0
15,2,1,0,0,-264.90393,-393.0313,0.13100332,0.026338223,-0.00030787123,0.014069917,2.290868,2.2583334,2,-1,0,0.10250041,0
15,1,1,1,0,-220.58029,41.081448,413.04584,-0.019829772,0.033143934,0.009883049,22.63543,19.466944,2,26,1,0.9958553,1
15,30,1,0,0,221.57036,445.33136,352.40317,0.011690507,-0.013868759,-0.024596248,3.9258192,3.8852777,2,-1,0,0.9618931,1
15,19,1,1,0,223.99968,224.27266,106.17782,-0.011876341,0.005475082,-0.009892262,16.352943,16.132778,2,27,1,0.9340128,1
15,7,0,0,0,0.0,0.0,0.0,0.0,0.0,0.0,2.5127015,2.4322221,2,-1,0,0.25125694,0
15,30,1,1,0,221.57036,445.33136,352.40317,0.011690507,-0.013868759,-0.024596248,16.70754,16.608612,2,28,1,0.99200493,1
15,7,0,0,0,0.0,0.0,0.0,0.0,0.0,0.0,2.3052225,2.2527778,2,-1,0,0.10068213,0
15,30,1,0,0,221.57036,445.33136,352.40317,0.011690507,-0.013868759,-0.024596248,12.529959,12.266666,2,-1,0,0.99945444,1
15,9,0,0,0,0.0,0.0,0.0,0.0,0.0,0.0,2.89975,2.8975,2,-1,0,0.30781403,0
15,1,1,0,0,-220.58029,41.081448,413.04584,-0.019829772,0.033143934,0.009883049,13.905833,14.09,2,-1,0,0.99179465,1
15,26,0,0,0,0.0,0.0,0.0,0.0,0.0,0.0,1.9652916,2.0297222,2,-1,0,0.10442451,0
15,12,1,1,0,-238.90388,-173.81125,45.557938,0.01616725,0.007012248,0.022800768,26.19898,25.154444,2,29,1,0.96179986,1
15,1,1,0,0,-220.58029,41.081448,413.04584,-0.019829772,0.033143934,0.009883049,3.3437014,3.4402778,2,-1,0,0.8546685,1
15,30,0,0,0,0.0,0.0,0.0,0.0,0.0,0.0,2.2715833,2.2677777,2,-1,0,0.13568951,0
15,12,1,0,0,-238.90388,-173.81125,45.557938,0.01616725,0.007012248,0.022800768,2.754972,2.8672223,2,-1,0,0.5326171,1
15,36,0,0,0,0.0,0.0,0.0,0.0,0.0,0.0,2.6028614,2.5719445,2,-1,0,0.11225991,0
15,29,1,0,0,-253.97096,306.3411,389.25436,0.024959814,0.011767387,-0.027451763,8.909146,8.8122225,2,-1,0,0.98940116,1
15,29,1,1,0,-253.97096,306.3411,389.25436,0.024959814,0.011767387,-0.027451763,23.318775,23.009167,2,30,1,0.97483283,1
15,16,0,0,0,0.0,0.0,0.0,0.0,0.0,0.0,2.48975,2.4666667,2,-1,0,0.10172483,0
15,12,1,0,0,-238.90388,-173.81125,45.557938,0.01616725,0.007012248,0.022800768,3.495,3.4880555,2,-1,0,0.95109105,1
15,28,0,0,0,0.0,0.0,0.0,0.0,0.0,0.0,2.2139928,2.1994445,2,-1,0,0.09601884,0
15,40,0,0,0,0.0,0.0,0.0,0.0,0.0,0.0,1.9858125,2.0780556,2,-1,0,0.07655756,0
15,33,0,0,0,0.0,0.0,0.0,0.0,0.0,0.0,2.1203125,2.1536112,2,-1,0,0.07527393,0
15,2,1,1,0,-264.90393,-393.0313,0.13100332,0.026338223,-0.00030787123,0.014069917,24.931757,25.084444,2,31,1,0.9987602,1
15,8,0,0,0,0.0,0.0,0.0,0.0,0.0,0.0,2.4668543,2.432778,2,-1,0,0.07575233,0
15,29,1,0,0,-253.97096,306.3411,389.25436,0.024959814,0.011767387,-0.027451763,3.9313054,3.9833333,2,-1,0,0.9614245,1
15,1,0,0,0,0.0,0.0,0.0,0.0,0.0,0.0,2.0995,2.1555555,2,-1,0,0.1282212,0
15,10,0,0,0,0.0,0.0,0.0,0.0,0.0,0.0,2.0673056,2.0638888,2,-1,0,0.09567271,0
15,6,1,1,0,-272.45,337.15363,136.52164,0.014338779,-0.0038076271,-0.004004186,13.210139,12.985,2,32,1,0.97299564,1
15,27,1,0,0,-309.07864,114.921555,318.24826,0.007488276,-0.0024823318,0.0089315735,3.2368817,3.3952777,2,-1,0,0.7399456,1
15,26,0,0,0,0.0,0.0,0.0,0.0,0.0,0.0,2.5064795,2.4769444,2,-1,0,0.14926839,0
15,6,1,0,0,-272.45,337.15363,136.52164,0.014338779,-0.0038076271,-0.004004186,2.287639,2.2680554,2,-1,0,0.2367792,0
15,12,0,0,0,0.0,0.0,0.0,0.0,0.0,0.0,2.3841043,2.4708333,2,-1,0,0.12463486,0
15,26,0,0,0,0.0,0.0,0.0,0.0,0.0,0.0,2.2165556,2.176389,2,-1,0,0.06046418,0
15,39,1,1,0,284.12924,-43.211235,423.00055,-0.00911798,0.0047598435,0.008685704,14.52032,10.723333,2,33,1,0.96011895,1
15,22,0,0,0,0.0,0.0,0.0,0.0,0.0,0.0,2.0721529,2.1183333,2,-1,0,0.094165765,0
15,33,0,0,0,0.0,0.0,0.0,0.0,0.0,0.0,2.4124653,2.4236112,2,-1,0,0.07748776,0
15,19,0,0,0,0.0,0.0,0.0,0.0,0.0,0.0,2.083368,2.1025,2,-1,0,0.09672131,0
15,10,1,1,0,-289.8027,324.34866,456.3588,0.002187651,-0.005996728,0.022803871,15.252826,15.2325,2,34,1,0.9950635,1
15,17,0,0,0,0.0,0.0,0.0,0.0,0.0,0.0,2.1143055,2.0511112,2,-1,0,0.1633233,0
15,5,0,0,0,0.0,0.0,0.0,0.0,0.0,0.0,2.3289444,2.2158334,2,-1,0,0.16998264,0
15,1,0,0,0,0.0,0.0,0.0,0.0,0.0,0.0,2.5032916,2.5594444,2,-1,0,0.25068524,0
15,9,0,0,0,0.0,0.0,0.0,0.0,0.0,0.0,2.0227084,2.0983334,2,-1,0,0.08818479,0
15,17,0,0,0,0.0,0.0,0.0,0.0,0.0,0.0,2.77375,2.7786112,2,-1,0,0.27777818,0
15,6,0,0,0,0.0,0.0,0.0,0.0,0.0,0.0,2.8791525,2.7980556,2,-1,0,0.50698227,1
15,26,0,0,0,0.0,0.0,0.0,0.0,0.0,0.0,3.6357915,-1.0,2,-1,0,0.89602286,1
15,26,0,0,0,0.0,0.0,0.0,0.0,0.0,0.0,4.650625,-1.0,2,-1,0,0.8695605,1
15,27,1,1,0,-309.07864,114.921555,318.24826,0.007488276,-0.0024823318,0.0089315735,11.819278,11.914722,2,35,1,0.98591053,1
15,20,0,0,0,0.0,0.0,0.0,0.0,0.0,0.0,2.5492501,2.5763888,2,-1,0,0.2390992,0
15,22,0,0,0,0.0,0.0,0.0,0.0,0.0,0.0,2.0799792,2.026389,2,-1,0,0.066125825,0
15,2,0,0,0,0.0,0.0,0.0,0.0,0.0,0.0,2.2556667,2.3580556,2,-1,0,0.12409499,0
15,11,1,1,0,324.5124,-455.60562,4.544537,-0.013339494,-0.003459179,-0.014278778,14.485328,14.630834,2,36,1,0.99659085,1
15,28,1,0,0,-324.86023,369.34818,130.70949,-0.007832062,0.014220342,0.024498215,2.009132,2.0811112,2,-1,0,0.105558984,0
15,28,1,1,0,-324.86023,369.34818,130.70949,-0.007832062,0.014220342,0.024498215,22.182638,19.265556,2,37,1,0.99075,1
15,28,1,0,0,-324.86023,369.34818,130.70949,-0.007832062,0.014220342,0.024498215,7.1173816,7.1405554,2,-1,0,0.9467914,1
15,13,0,0,0,0.0,0.0,0.0,0.0,0.0,0.0,2.2577083,2.255,2,-1,0,0.13307314,0
15,20,0,0,0,0.0,0.0,0.0,0.0,0.0,0.0,2.1439028,2.1813889,2,-1,0,0.07908514,0
15,24,0,0,0,0.0,0.0,0.0,0.0,0.0,0.0,3.0341387,3.0397222,2,-1,0,0.47652268,0
15,30,0,0,0,0.0,0.0,0.0,0.0,0.0,0.0,2.2906113,2.2905555,2,-1,0,0.10926982,0
15,11,1,0,0,324.5124,-455.60562,4.544537,-0.013339494,-0.003459179,-0.014278778,2.224729,2.2502778,2,-1,0,0.11717603,0
15,26,1,1,0,-352.54498,-528.39606,259.37442,0.05558198,-0.0075725475,-0.03251975,33.114815,33.870556,2,38,1,0.7876823,1
15,37,1,1,0,-343.2044,-589.96765,160.02797,-0.006992269,0.005549986,-0.008804332,10.295931,10.371111,2,39,1,0.9794082,1
15,7,0,0,0,0.0,0.0,0.0,0.0,0.0,0.0,2.7643332,2.6927779,2,-1,0,0.49689898,0
15,17,0,0,0,0.0,0.0,0.0,0.0,0.0,0.0,2.3632085,2.3569446,2,-1,0,0.13319823,0
15,24,0,0,0,0.0,0.0,0.0,0.0,0.0,0.0,2.2736666,2.2702777,2,-1,0,0.06920387,0
15,14,0,0,0,0.0,0.0,0.0,0.0,0.0,0.0,2.2020833,2.168611,2,-1,0,0.11216526,0
15,21,0,0,0,0.0,0.0,0.0,0.0,0.0,0.0,2.5015903,2.4877777,2,-1,0,0.120087095,0
15,17,0,0,0,0.0,0.0,0.0,0.0,0.0,0.0,2.3855348,2.2947223,2,-1,0,0.15748489,0
15,36,0,0,0,0.0,0.0,0.0,0.0,0.0,0.0,2.4344444,2.466389,2,-1,0,0.14148271,0
15,20,0,0,0,0.0,0.0,0.0,0.0,0.0,0.0,2.021868,2.048889,2,-1,0,0.09868926,0
15,7,0,0,0,0.0,0.0,0.0,0.0,0.0,0.0,1.9796875,2.0144444,2,-1,0,0.10196647,0
15,17,0,0,0,0.0,0.0,0.0,0.0,0.0,0.0,2.0281112,2.0380557,2,-1,0,0.03012181,0
15,12,0,0,0,0.0,0.0,0.0,0.0,0.0,0.0,2.096125,2.028889,2,-1,0,0.09452416,0
15,35,0,0,0,0.0,0.0,0.0,0.0,0.0,0.0,2.595264,2.5872223,2,-1,0,0.11776801,0
15,4,0,0,0,0.0,0.0,0.0,0.0,0.0,0.0,2.0298333,2.11,2,-1,0,0.07690354,0
15,38,0,0,0,0.0,0.0,0.0,0.0,0.0,0.0,2.1987987,2.1491666,2,-1,0,0.09786039,0
15,40,0,0,0,0.0,0.0,0.0,0.0,0.0,0.0,2.1900418,2.1552777,2,-1,0,0.09669405,0
15,21,0,0,0,0.0,0.0,0.0,0.0,0.0,0.0,2.3213193,2.3225,2,-1,0,0.11637712,0
15,20,0,0,0,0.0,0.0,0.0,0.0,0.0,0.0,3.0834305,0.17305556,2,-1,0,0.18163353,0
15,12,0,0,0,0.0,0.0,0.0,0.0,0.0,0.0,2.3464165,2.3794444,2,-1,0,0.16458434,0
15,14,0,0,0,0.0,0.0,0.0,0.0,0.0,0.0,2.0184793,2.0538888,2,-1,0,0.10088639,0
15,3,0,0,0,0.0,0.0,0.0,0.0,0.0,0.0,2.1258054,2.101389,2,-1,0,0.115466386,0
15,20,0,0,0,0.0,0.0,0.0,0.0,0.0,0.0,2.9145555,2.8030555,2,-1,0,0.42740595,0
15,28,0,0,0,0.0,0.0,0.0,0.0,0.0,0.0,2.5029166,2.6225,2,-1,0,0.087254696,0
15,8,0,0,0,0.0,0.0,0.0,0.0,0.0,0.0,2.1850765,2.2241666,2,-1,0,0.06507235,0
15,16,0,0,0,0.0,0.0,0.0,0.0,0.0,0.0,2.1609097,2.1047223,2,-1,0,0.10498603,0
15,35,0,0,0,0.0,0.0,0.0,0.0,0.0,0.0,2.322389,2.2677777,2,-1,0,0.09485425,0
15,24,0,0,0,0.0,0.0,0.0,0.0,0.0,0.0,2.1161735,2.1466668,2,-1,0,0.09146849,0
15,37,0,0,0,0.0,0.0,0.0,0.0,0.0,0.0,2.709361,2.7019444,2,-1,0,0.12881754,0
15,12,0,0,0,0.0,0.0,0.0,0.0,0.0,0.0,2.5947776,2.5625,2,-1,0,0.121270664,0
15,19,0,0,0,0.0,0.0,0.0,0.0,0.0,0.0,2.172118,2.1647222,2,-1,0,0.12258067,0
15,30,0,0,0,0.0,0.0,0.0,0.0,0.0,0.0,1.9782431,2.0325,2,-1,0,0.058345307,0
15,7,1,0,0,-379.3973,483.15842,395.10333,-0.007858374,0.0075937286,-0.0127322255,4.1762223,4.244167,2,-1,0,0.9804621,1
15,40,0,0,0,0.0,0.0,0.0,0.0,0.0,0.0,2.10475,2.0844445,2,-1,0,0.06636359,0
15,8,0,0,0,0.0,0.0,0.0,0.0,0.0,0.0,2.3264444,2.3025,2,-1,0,0.13542844,0
15,10,0,0,0,0.0,0.0,0.0,0.0,0.0,0.0,2.0395277,2.0269444,2,-1,0,0.09762567,0
16,14,0,0,0,0.0,0.0,0.0,0.0,0.0,0.0,2.238625,2.2541666,2,-1,0,0.09075012,0
16,15,0,0,0,0.0,0.0,0.0,0.0,0.0,0.0,2.0990903,2.1236112,2,-1,0,0.08158798,0
16,1,0,0,0,0.0,0.0,0.0,0.0,0.0,0.0,2.4663403,2.4544444,2,-1,0,0.23219009,0
16,4,0,0,0,0.0,0.0,0.0,0.0,0.0,0.0,2.0979724,2.0991666,2,-1,0,0.078095876,0
16,20,1,0,0,16.308979,565.069,65.20276,-0.008008301,-0.02143216,-0.011172724,4.227972,4.3358335,2,-1,0,0.94285434,1
16,15,0,0,0,0.0,0.0,0.0,0.0,0.0,0.0,2.0003889,2.1402779,2,-1,0,0.13785814,0
16,20,1,1,0,16.308979,565.069,65.20276,-0.008008301,-0.02143216,-0.011172724,29.6213,29.596111,2,0,1,0.9911876,1
16,28,0,0,0,0.0,0.0,0.0,0.0,0.0,0.0,3.0151665,3.0130556,2,-1,0,0.24420953,0
16,14,0,0,0,0.0,0.0,0.0,0.0,0.0,0.0,2.1097846,0.7861111,2,-1,0,0.12333659,0
16,35,0,0,0,0.0,0.0,0.0,0.0,0.0,0.0,2.349278,2.406389,2,-1,0,0.065835975,0
16,28,1,0,0,-31.097422,-480.37506,392.8042,0.013013664,0.039873883,-0.014297154,6.5020137,6.424722,2,-1,0,0.99764556,1
16,14,1,1,0,26.49801,254.71014,227.62677,-0.01506466,0.010818416,-0.007449853,24.472279,24.049444,2,1,1,0.9976078,1
16,1,0,0,0,0.0,0.0,0.0,0.0,0.0,0.0,1.9870001,2.06,2,-1,0,0.09673437,0
16,5,0,0,0,0.0,0.0,0.0,0.0,0.0,0.0,2.084375,2.0980556,2,-1,0,0.09487906,0
16,1,0,0,0,0.0,0.0,0.0,0.0,0.0,0.0,2.2926526,2.2794445,2,-1,0,0.037489284,0
16,28,1,1,0,-31.097422,-480.37506,392.8042,0.013013664,0.039873883,-0.014297154,46.063835,46.323612,2,2,1,0.99956113,1
16,4,0,0,0,0.0,0.0,0.0,0.0,0.0,0.0,2.8041666,2.8647223,2,-1,0,0.2591582,0
16,6,1,1,0,-31.441208,116.83656,285.4087,-0.004690616,0.012335911,-0.018363267,26.652987,26.748888,2,3,1,0.97579694,1
16,10,0,0,0,0.0,0.0,0.0,0.0,0.0,0.0,2.1135833,2.0677779,2,-1,0,0.11171479,0
16,10,0,0,0,0.0,0.0,0.0,0.0,0.0,0.0,2.6552777,2.636111,2,-1,0,0.3215587,0
16,27,1,0,0,71.19533,555.6971,92.87974,0.0038779078,0.0072730402,0.016198274,3.0958543,3.0591667,2,-1,0,0.8550047,1
16,21,0,0,0,0.0,0.0,0.0,0.0,0.0,0.0,2.1604307,2.0786111,2,-1,0,0.08577178,0
16,19,0,0,0,0.0,0.0,0.0,0.0,0.0,0.0,2.8814027,2.9319444,2,-1,0,0.4012432,0
16,16,1,1,0,66.4169,514.68585,262.34076,-0.0031141036,-0.005111108,-0.019277552,20.648985,20.705833,2,4,1,0.974144,1
16,35,0,0,0,0.0,0.0,0.0,0.0,0.0,0.0,2.1300278,2.1094444,2,-1,0,0.19986098,0
16,16,1,0,0,66.4169,514.68585,262.34076,-0.0031141036,-0.005111108,-0.019277552,2.0725904,2.1741667,2,-1,0,0.09635711,0
16,16,1,0,0,66.4169,514.68585,262.34076,-0.0031141036,-0.005111108,-0.019277552,3.0801249,3.1058333,2,-1,0,0.31258297,0
16,40,0,0,0,0.0,0.0,0.0,0.0,0.0,0.0,2.038375,2.0138888,2,-1,0,0.20404531,0
16,17,1,1,0,-71.57731,280.53036,0.76503307,-0.0017284374,-0.004062387,0.011184955,8.464499,8.442778,2,5,1,0.97494626,1
16,17,1,0,0,-71.57731,280.53036,0.76503307,-0.0017284374,-0.004062387,0.011184955,5.1893964,5.2225,2,-1,0,0.9771955,1
16,27,1,1,0,71.19533,555.6971,92.87974,0.0038779078,0.0072730402,0.016198274,14.970111,13.806389,2,6,1,0.9842775,1
16,9,1,0,0,92.27391,273.3025,16.969704,-0.0068597337,-0.0038474894,0.0070065623,5.9729795,6.078611,2,-1,0,0.99436283,1
16,23,0,0,0,0.0,0.0,0.0,0.0,0.0,0.0,2.2766943,2.235,2,-1,0,0.08557594,0
16,38,0,0,0,0.0,0.0,0.0,0.0,0.0,0.0,2.287972,2.3544445,2,-1,0,0.09915708,0
16,35,0,0,0,0.0,0.0,0.0,0.0,0.0,0.0,2.1448889,2.1602778,2,-1,0,0.08114975,0
16,16,0,0,0,0.0,0.0,0.0,0.0,0.0,0.0,2.3181665,2.2383332,2,-1,0,0.15558352,0
16,33,1,1,0,89.67296,3.0353057,152.2459,0.012264716,-0.003669392,0.00012903413,7.6459446,7.6186113,2,-1,1,0.9607393,1
16,33,0,0,0,0.0,0.0,0.0,0.0,0.0,0.0,2.9186945,-1.0,2,-1,0,0.8832868,1
16,9,1,1,0,92.27391,273.3025,16.969704,-0.0068597337,-0.0038474894,0.0070065623,10.665049,10.821389,2,7,1,0.9934709,1
16,40,0,0,0,0.0,0.0,0.0,0.0,0.0,0.0,2.460153,2.4441667,2,-1,0,0.12749478,0
16,15,1,1,0,-113.27615,-134.98799,169.13345,0.009055918,-0.014548425,0.012280049,24.361376,24.341667,2,8,1,0.99509925,1
16,36,1,0,0,119.023445,264.63333,373.4315,0.020119904,0.029180977,1.1266027e-05,13.548979,0.5883333,2,-1,0,0.9987827,1
16,13,1,0,0,-127.17526,-401.09644,41.307693,0.013233784,0.029594816,0.031301595,8.0645485,8.096666,2,-1,0,0.9730411,1
16,36,1,1,0,119.023445,264.63333,373.4315,0.020119904,0.029180977,1.1266027e-05,17.235401,17.511667,2,9,1,0.99989617,1
16,37,0,0,0,0.0,0.0,0.0,0.0,0.0,0.0,2.8569305,2.871389,2,-1,0,0.37436554,0
16,32,0,0,0,0.0,0.0,0.0,0.0,0.0,0.0,2.9556668,2.8777778,2,-1,0,0.13930723,0
16,13,1,0,0,-127.17526,-401.09644,41.307693,0.013233784,0.029594816,0.031301595,2.0971944,2.0494444,2,-1,0,0.5899587,1
16,13,1,1,0,-127.17526,-401.09644,41.307693,0.013233784,0.029594816,0.031301595,31.420444,30.535833,2,10,1,0.9866938,1
16,13,1,0,0,-127.17526,-401.09644,41.307693,0.013233784,0.029594816,0.031301595,3.970743,3.8611112,2,-1,0,0.9865428,1
16,36,1,0,0,119.023445,264.63333,373.4315,0.020119904,0.029180977,1.1266027e-05,7.1113887,7.033889,2,-1,0,0.97067386,1
16,7,1,1,0,139.69179,193.17368,143.95222,0.01518666,-0.01217257,0.006911903,19.471903,19.351389,2,11,1,0.994239,1
16,7,1,0,0,139.69179,193.17368,143.95222,0.01518666,-0.01217257,0.006911903,4.610194,4.6730556,2,-1,0,0.95478487,1
16,2,1,1,0,-142.10237,-214.48863,337.84927,-0.0012923806,0.008864436,0.0076866965,13.235577,13.293056,2,12,1,0.9965682,1
16,3,0,0,0,0.0,0.0,0.0,0.0,0.0,0.0,2.0191736,2.0786111,2,-1,0,0.08132032,0
16,24,1,0,0,-156.05035,306.88272,283.3851,-0.010314103,0.0010844382,0.0037642461,2.1306252,2.129722,2,-1,0,0.141849,0
16,18,1,0,0,-168.51515,122.435165,251.90347,0.025559139,-0.017748907,0.008045534,2.1875,2.254722,2,-1,0,0.049315877,0
16,24,1,1,0,-156.05035,306.88272,283.3851,-0.010314103,0.0010844382,0.0037642461,11.94352,11.8758335,2,13,1,0.97394526,1
16,39,1,0,0,157.69905,198.58783,180.03241,0.027518027,0.017958097,-0.0016084391,12.573271,11.480833,2,-1,0,0.97100955,1
16,18,1,0,0,-168.51515,122.435165,251.90347,0.025559139,-0.017748907,0.008045534,3.493375,3.3697221,2,-1,0,0.5999372,1
16,36,1,0,0,119.023445,264.63333,373.4315,0.020119904,0.029180977,1.1266027e-05,5.5721107,5.568333,2,-1,0,0.9945215,1
16,14,0,0,0,0.0,0.0,0.0,0.0,0.0,0.0,2.248083,2.2755556,2,-1,0,0.12860505,0
16,18,1,1,0,-168.51515,122.435165,251.90347,0.025559139,-0.017748907,0.008045534,25.601889,25.4675,2,14,1,0.9972939,1
16,29,1,0,0,-164.49715,237.401,148.01862,-0.014970373,-0.0030589781,0.018100737,5.5311804,5.538889,2,-1,0,0.9273724,1
16,29,1,1,0,-164.49715,237.401,148.01862,-0.014970373,-0.0030589781,0.018100737,8.252,8.197222,2,15,1,0.9917755,1
16,29,1,0,0,-164.49715,237.401,148.01862,-0.014970373,-0.0030589781,0.018100737,4.975729,4.9505553,2,-1,0,0.9951786,1
16,18,1,0,0,-168.51515,122.435165,251.90347,0.025559139,-0.017748907,0.008045534,3.4128335,3.3530555,2,-1,0,0.81706285,1
16,10,1,1,0,-175.04318,234.3769,23.129341,0.012600065,0.009608143,-0.007381115,19.69625,19.758612,2,16,1,0.99830544,1
16,32,0,0,0,0.0,0.0,0.0,0.0,0.0,0.0,4.276375,-1.0,2,-1,0,0.5842561,1
16,18,0,0,0,0.0,0.0,0.0,0.0,0.0,0.0,1.9758681,2.0802777,2,-1,0,0.08676188,0
16,32,0,0,0,0.0,0.0,0.0,0.0,0.0,0.0,9.723466,-1.0,2,-1,0,0.9931457,1
16,39,1,1,0,157.69905,198.58783,180.03241,0.027518027,0.017958097,-0.0016084391,17.359262,17.144444,2,17,1,0.99684215,1
16,3,0,0,0,0.0,0.0,0.0,0.0,0.0,0.0,2.2317014,2.2113888,2,-1,0,0.08914352,0
16,19,0,0,0,0.0,0.0,0.0,0.0,0.0,0.0,2.1032987,2.1572223,2,-1,0,0.093839906,0
16,5,0,0,0,0.0,0.0,0.0,0.0,0.0,0.0,2.0233123,2.0241666,2,-1,0,0.01697474,0
16,12,1,1,0,186.9277,10.992204,370.80255,0.0023900573,0.008621389,0.01590341,15.3328,15.268333,2,18,1,0.99682885,1
16,29,1,0,0,-164.49715,237.401,148.01862,-0.014970373,-0.0030589781,0.018100737,4.381264,4.3880553,2,-1,0,0.98403984,1
16,5,0,0,0,0.0,0.0,0.0,0.0,0.0,0.0,2.2645693,2.3186111,2,-1,0,0.19218352,0
16,12,0,0,0,0.0,0.0,0.0,0.0,0.0,0.0,2.4956875,2.5544446,2,-1,0,0.13175432,0
16,38,0,0,0,0.0,0.0,0.0,0.0,0.0,0.0,2.5530972,2.5219445,2,-1,0,0.21594958,0
16,39,1,0,0,157.69905,198.58783,180.03241,0.027518027,0.017958097,-0.0016084391,5.2090344,5.226389,2,-1,0,0.94331354,1
16,40,0,0,0,0.0,0.0,0.0,0.0,0.0,0.0,2.3738055,2.5030556,2,-1,0,0.18074992,0
16,12,0,0,0,0.0,0.0,0.0,0.0,0.0,0.0,2.0587292,2.0383334,2,-1,0,0.0361154,0
16,24,0,0,0,0.0,0.0,0.0,0.0,0.0,0.0,2.1939654,2.1388888,2,-1,0,0.10239408,0
16,40,1,1,0,222.7708,-218.7007,163.96979,0.001447601,0.016297048,-0.017042294,24.695673,23.888334,2,19,1,0.9981172,1
16,25,1,0,0,222.95964,-184.35367,45.02005,-0.004055822,0.009509997,-0.022995358,9.157847,9.150556,2,-1,0,0.98097885,1
16,25,1,1,0,222.95964,-184.35367,45.02005,-0.004055822,0.009509997,-0.022995358,16.70859,16.796667,2,20,1,0.98472136,1
16,23,1,1,0,-227.4237,-506.74203,103.11523,0.0028731308,-0.02024258,0.012818819,14.579666,14.723333,2,21,1,0.9799556,1
16,26,1,0,0,245.78214,-553.6621,138.22226,-0.011244152,-0.009313384,-0.051657695,2.2622223,2.325,2,-1,0,0.10019197,0
16,34,0,0,0,0.0,0.0,0.0,0.0,0.0,0.0,2.2849236,2.2761111,2,-1,0,0.14144364,0
16,30,1,1,0,237.87561,-3.7924066,365.45172,-0.024878155,-0.02176545,-0.007582852,19.412966,20.469166,2,22,1,0.9999589,1
16,23,1,0,0,-227.4237,-506.74203,103.11523,0.0028731308,-0.02024258,0.012818819,2.2558334,2.255,2,-1,0,0.13107397,0
16,12,0,0,0,0.0,0.0,0.0,0.0,0.0,0.0,2.0599167,2.151389,2,-1,0,0.0931883,0
16,30,1,0,0,237.87561,-3.7924066,365.45172,-0.024878155,-0.02176545,-0.007582852,14.084618,14.052222,2,-1,0,0.433885,0
16,4,0,0,0,0.0,0.0,0.0,0.0,0.0,0.0,22.644943,-1.0,2,-1,0,0.9847895,1
16,11,0,0,0,0.0,0.0,0.0,0.0,0.0,0.0,2.0146875,2.0116668,2,-1,0,0.05167918,0
16,40,1,0,0,222.7708,-218.7007,163.96979,0.001447601,0.016297048,-0.017042294,4.6312566,4.672222,2,-1,0,0.983002,1
16,11,1,1,0,240.38173,-204.03015,345.006,-0.006167179,-0.0066669397,-0.006918358,11.50523,11.459167,2,23,1,0.9512178,1
16,26,1,0,0,245.78214,-553.6621,138.22226,-0.011244152,-0.009313384,-0.051657695,6.7272506,6.7444444,2,-1,0,0.9848859,1
16,26,1,0,0,245.78214,-553.6621,138.22226,-0.011244152,-0.009313384,-0.051657695,5.4578614,5.3541665,2,-1,0,0.89318544,1
16,26,1,0,0,245.78214,-553.6621,138.22226,-0.011244152,-0.009313384,-0.051657695,9.994493,9.993333,2,-1,0,0.9835194,1
16,26,1,1,0,245.78214,-553.6621,138.22226,-0.011244152,-0.009313384,-0.051657695,21.638542,20.608334,2,24,1,0.94602895,1
16,18,0,0,0,0.0,0.0,0.0,0.0,0.0,0.0,2.7896805,2.8425,2,-1,0,0.24457279,0
16,35,0,0,0,0.0,0.0,0.0,0.0,0.0,0.0,2.0454862,2.0030556,2,-1,0,0.07539607,0
16,26,1,0,0,245.78214,-553.6621,138.22226,-0.011244152,-0.009313384,-0.051657695,2.4814165,2.5380557,2,-1,0,0.1145364,0
16,10,0,0,0,0.0,0.0,0.0,0.0,0.0,0.0,2.142611,2.133889,2,-1,0,0.04358414,0
16,30,1,0,0,237.87561,-3.7924066,365.45172,-0.024878155,-0.02176545,-0.007582852,2.74534,2.7458334,2,-1,0,0.027088046,0
16,22,0,0,0,0.0,0.0,0.0,0.0,0.0,0.0,1.9048681,1.4866667,2,-1,0,0.08568415,0
16,10,0,0,0,0.0,0.0,0.0,0.0,0.0,0.0,2.3279307,2.3369443,2,-1,0,0.07248544,0
16,30,0,0,0,0.0,0.0,0.0,0.0,0.0,0.0,2.4212918,2.4269445,2,-1,0,0.11809203,0
16,23,0,0,0,0.0,0.0,0.0,0.0,0.0,0.0,2.4703054,2.4830556,2,-1,0,0.118648,0
16,15,0,0,0,0.0,0.0,0.0,0.0,0.0,0.0,2.27175,2.172778,2,-1,0,0.10623068,0
16,40,0,0,0,0.0,0.0,0.0,0.0,0.0,0.0,2.8373334,2.7852778,2,-1,0,0.24553739,0
16,10,0,0,0,0.0,0.0,0.0,0.0,0.0,0.0,2.8220694,2.8127778,2,-1,0,0.23144068,0
16,11,0,0,0,0.0,0.0,0.0,0.0,0.0,0.0,2.035875,2.116111,2,-1,0,0.06828323,0
16,29,0,0,0,0.0,0.0,0.0,0.0,0.0,0.0,2.6288612,2.625,2,-1,0,0.17268412,0
16,28,0,0,0,0.0,0.0,0.0,0.0,0.0,0.0,2.479139,2.4819446,2,-1,0,0.098471776,0
16,16,0,0,0,0.0,0.0,0.0,0.0,0.0,0.0,2.3010137,2.2944446,2,-1,0,0.10339122,0
16,8,1,1,0,-288.52225,495.2747,304.35242,0.009409852,0.0017774343,0.013349589,16.138126,16.206112,2,25,1,0.9746041,1
16,11,1,0,0,240.38173,-204.03015,345.006,-0.006167179,-0.0066669397,-0.006918358,2.874854,2.9205556,2,-1,0,0.48338807,0
16,38,0,0,0,0.0,0.0,0.0,0.0,0.0,0.0,2.5915973,2.5191667,2,-1,0,0.15455998,0
16,22,1,1,0,288.3997,89.3847,348.44983,0.00462424,0.0056477888,-0.015142368,13.05391,13.178333,2,26,1,0.99327856,1
16,12,0,0,0,0.0,0.0,0.0,0.0,0.0,0.0,2.082875,2.0816667,2,-1,0,0.096631594,0
16,1,1,1,0,-290.34164,-13.103767,4.424924,0.006984487,0.00921503,-0.013292441,12.911681,13.174167,2,27,1,0.9856388,1
16,22,1,0,0,288.3997,89.3847,348.44983,0.00462424,0.0056477888,-0.015142368,3.58359,3.5877779,2,-1,0,0.9071512,1
16,22,1,0,0,288.3997,89.3847,348.44983,0.00462424,0.0056477888,-0.015142368,5.1536875,5.233333,2,-1,0,0.9894294,1
16,29,0,0,0,0.0,0.0,0.0,0.0,0.0,0.0,2.56575,2.5786111,2,-1,0,0.20608947,0
16,21,0,0,0,0.0,0.0,0.0,0.0,0.0,0.0,2.234764,2.2377777,2,-1,0,0.07277237,0
16,6,0,0,0,0.0,0.0,0.0,0.0,0.0,0.0,2.2324793,2.203889,2,-1,0,0.09521353,0
16,10,0,0,0,0.0,0.0,0.0,0.0,0.0,0.0,2.8944445,2.8494444,2,-1,0,0.3698365,0
16,28,0,0,0,0.0,0.0,0.0,0.0,0.0,0.0,2.1016943,2.1416667,2,-1,0,0.081242934,0
16,13,0,0,0,0.0,0.0,0.0,0.0,0.0,0.0,2.885764,2.8977778,2,-1,0,0.31175622,0
16,25,0,0,0,0.0,0.0,0.0,0.0,0.0,0.0,2.1065278,2.1052778,2,-1,0,0.059786443,0
16,30,0,0,0,0.0,0.0,0.0,0.0,0.0,0.0,2.1079166,2.0863888,2,-1,0,0.124650754,0
16,38,0,0,0,0.0,0.0,0.0,0.0,0.0,0.0,2.2311738,2.2541666,2,-1,0,0.18159257,0
16,10,0,0,0,0.0,0.0,0.0,0.0,0.0,0.0,2.4501112,2.3633332,2,-1,0,0.19079062,0
16,37,1,1,0,318.9186,-459.07065,356.29337,0.0008616232,-0.00075247814,-0.012209147,12.171549,11.834167,2,28,1,0.9796219,1
16,22,0,0,0,0.0,0.0,0.0,0.0,0.0,0.0,2.053125,2.0922222,2,-1,0,0.06635022,0
16,3,1,1,0,-327.25345,130.05211,117.75137,0.013924188,-0.0043934328,0.018250663,23.153702,23.029444,2,29,1,0.99235463,1
16,34,1,1,0,-344.3572,573.6508,271.81076,0.034371052,-0.011918903,0.009069517,25.19766,25.646944,2,30,1,0.97176546,1
16,38,0,0,0,0.0,0.0,0.0,0.0,0.0,0.0,2.4114375,2.3969445,2,-1,0,0.10188919,0
16,34,1,0,0,-344.3572,573.6508,271.81076,0.034371052,-0.011918903,0.009069517,8.819875,8.829722,2,-1,0,0.9861239,1
16,15,0,0,0,0.0,0.0,0.0,0.0,0.0,0.0,2.1373265,2.1813889,2,-1,0,0.13409984,0
16,15,0,0,0,0.0,0.0,0.0,0.0,0.0,0.0,2.3788264,2.3802779,2,-1,0,0.14031683,0
16,27,0,0,0,0.0,0.0,0.0,0.0,0.0,0.0,2.7292223,2.7794445,2,-1,0,0.14814317,0
16,38,0,0,0,0.0,0.0,0.0,0.0,0.0,0.0,2.3289165,2.2672222,2,-1,0,0.08134313,0
16,19,1,1,0,348.6322,370.61072,303.95337,0.011593578,-0.006951099,-0.0051956773,14.505091,13.619445,2,31,1,0.9313656,1
16,1,0,0,0,0.0,0.0,0.0,0.0,0.0,0.0,2.2149305,2.213889,2,-1,0,0.08202487,0
16,21,1,1,0,353.48883,-567.7586,461.42468,0.007780635,0.021318408,0.01587918,3.5903888,2.2175,2,32,1,0.9173717,1
16,12,0,0,0,0.0,0.0,0.0,0.0,0.0,0.0,2.3233056,2.38,2,-1,0,0.055760995,0
16,37,0,0,0,0.0,0.0,0.0,0.0,0.0,0.0,2.7776806,2.7147222,2,-1,0,0.23929995,0
16,35,1,1,0,-356.68365,423.78946,5.0603085,-0.02420712,-0.0007443925,0.017398085,10.82209,10.730278,2,33,1,0.99020934,1
16,38,0,0,0,0.0,0.0,0.0,0.0,0.0,0.0,2.072375,2.1366668,2,-1,0,0.11904965,0
16,5,1,1,0,362.30923,578.5725,398.07883,-0.016664311,0.0025412287,-0.006198298,16.27496,16.3175,2,34,1,0.97861975,1
16,15,0,0,0,0.0,0.0,0.0,0.0,0.0,0.0,2.9585,2.9405556,2,-1,0,0.33721644,0
16,35,1,0,0,-356.68365,423.78946,5.0603085,-0.02420712,-0.0007443925,0.017398085,2.198361,2.2555556,2,-1,0,0.107018575,0
16,10,0,0,0,0.0,0.0,0.0,0.0,0.0,0.0,2.3874235,2.4147222,2,-1,0,0.11248635,0
16,20,0,0,0,0.0,0.0,0.0,0.0,0.0,0.0,2.3112295,2.3366666,2,-1,0,0.24189726,0
16,30,0,0,0,0.0,0.0,0.0,0.0,0.0,0.0,2.464639,2.4830556,2,-1,0,0.098789275,0
16,11,0,0,0,0.0,0.0,0.0,0.0,0.0,0.0,2.1087847,2.0877779,2,-1,0,0.08462364,0
16,29,0,0,0,0.0,0.0,0.0,0.0,0.0,0.0,2.314861,2.3933334,2,-1,0,0.0725973,0
16,4,1,0,0,-515.02856,-396.61554,365.2985,-0.013096333,-0.017208064,-0.0044476716,2.2996805,2.2822223,2,-1,0,0.086118564,0
16,22,0,0,0,0.0,0.0,0.0,0.0,0.0,0.0,2.1600764,2.2205555,2,-1,0,0.09021896,0
16,24,0,0,0,0.0,0.0,0.0,0.0,0.0,0.0,2.1697361,2.1152778,2,-1,0,0.15949903,0
16,12,0,0,0,0.0,0.0,0.0,0.0,0.0,0.0,1.9693055,2.046111,2,-1,0,0.1660612,0
16,17,0,0,0,0.0,0.0,0.0,0.0,0.0,0.0,2.1256042,2.0638888,2,-1,0,0.09057794,0
16,19,0,0,0,0.0,0.0,0.0,0.0,0.0,0.0,2.3005762,2.2991667,2,-1,0,0.056178555,0
16,4,1,1,0,-515.02856,-396.61554,365.2985,-0.013096333,-0.017208064,-0.0044476716,4.7829933,4.82,2,35,1,0.9063595,1
16,29,0,0,0,0.0,0.0,0.0,0.0,0.0,0.0,2.449229,2.4891667,2,-1,0,0.08845838,0
16,6,0,0,0,0.0,0.0,0.0,0.0,0.0,0.0,2.2366877,2.2480555,2,-1,0,0.16175622,0
16,38,0,0,0,0.0,0.0,0.0,0.0,0.0,0.0,2.298104,2.3527777,2,-1,0,0.2642716,0
16,29,0,0,0,0.0,0.0,0.0,0.0,0.0,0.0,2.3656874,2.2847223,2,-1,0,0.12545708,0
16,3,0,0,0,0.0,0.0,0.0,0.0,0.0,0.0,2.1832638,2.1425,2,-1,0,0.073220246,0
16,31,0,0,0,0.0,0.0,0.0,0.0,0.0,0.0,2.4840555,2.5125,2,-1,0,0.1182108,0
16,22,0,0,0,0.0,0.0,0.0,0.0,0.0,0.0,2.0669305,2.1033332,2,-1,0,0.114065364,0
16,37,0,0,0,0.0,0.0,0.0,0.0,0.0,0.0,2.1730347,2.2619445,2,-1,0,0.08448571,0
17,26,1,1,0,6.5088406,481.39813,439.9491,-0.03051153,-0.009109895,-0.018278074,3.3030002,3.3419445,2,0,1,0.5905003,1
17,20,1,1,0,6.6229644,552.8817,81.27368,0.015311857,-0.02905609,0.007109487,25.556404,25.516388,2,1,1,0.9962475,1
17,7,1,1,0,7.5608873,322.26492,348.2154,0.0027715268,0.007949854,0.00978049,16.01459,15.954722,2,2,1,0.9885676,1
17,7,1,0,0,7.5608873,322.26492,348.2154,0.0027715268,0.007949854,0.00978049,4.243167,4.269722,2,-1,0,0.96514046,1
17,20,1,0,0,6.6229644,552.8817,81.27368,0.015311857,-0.02905609,0.007109487,14.348652,14.260278,2,-1,0,0.996917,1
17,8,1,1,0,12.403693,-381.61227,46.033657,0.0047773933,-0.0031978432,-0.0030325279,7.559041,7.116667,2,3,1,0.9663286,1
17,26,1,0,0,6.5088406,481.39813,439.9491,-0.03051153,-0.009109895,-0.018278074,3.268889,3.266389,2,-1,0,0.553604,1
17,8,1,0,0,12.403693,-381.61227,46.033657,0.0047773933,-0.0031978432,-0.0030325279,2.0924444,2.033611,2,-1,0,0.08674665,0
17,11,0,0,0,0.0,0.0,0.0,0.0,0.0,0.0,2.5427084,2.5666666,2,-1,0,0.10907881,0
17,15,0,0,0,0.0,0.0,0.0,0.0,0.0,0.0,2.1443331,2.208611,2,-1,0,0.118350185,0
17,18,1,1,0,2.6955988,-186.76694,340.82547,-0.008932797,-0.016476305,-0.00092856394,4.3180695,4.4055557,2,4,1,0.94849014,1
17,27,0,0,0,0.0,0.0,0.0,0.0,0.0,0.0,2.3342085,2.3522222,2,-1,0,0.14516912,0
17,17,1,1,0,27.315184,-121.550545,132.71913,0.00816927,0.005766787,-0.021940418,15.690874,15.376389,2,5,1,0.9989749,1
17,17,1,0,0,27.315184,-121.550545,132.71913,0.00816927,0.005766787,-0.021940418,11.47682,11.463056,2,-1,0,0.98002213,1
17,10,0,0,0,0.0,0.0,0.0,0.0,0.0,0.0,2.368632,2.293611,2,-1,0,0.10447572,0
17,26,0,0,0,0.0,0.0,0.0,0.0,0.0,0.0,2.0226388,2.0177777,2,-1,0,0.11101054,0
17,11,1,0,0,-60.96712,-400.15237,20.484377,0.019056186,0.015030503,0.030271085,3.9673402,3.975,2,-1,0,0.8287705,1
17,10,1,0,0,93.73133,-37.877068,336.01886,-0.005188977,1.2500916e-05,-0.0048686955,2.4202082,2.3541667,2,-1,0,0.07162198,0
17,31,0,0,0,0.0,0.0,0.0,0.0,0.0,0.0,2.1190417,2.0655556,2,-1,0,0.08201593,0
17,4,1,1,0,-42.450687,487.3663,34.055042,0.008932116,-0.004593697,0.0017559294,12.156688,12.066389,2,6,1,0.88638306,1
17,25,0,0,0,0.0,0.0,0.0,0.0,0.0,0.0,2.1908958,2.18,2,-1,0,0.09011234,0
17,17,1,0,0,27.315184,-121.550545,132.71913,0.00816927,0.005766787,-0.021940418,3.263611,3.1919444,2,-1,0,0.40346822,0
17,17,1,0,0,27.315184,-121.550545,132.71913,0.00816927,0.005766787,-0.021940418,2.4249582,2.4188888,2,-1,0,0.095746584,0
17,11,1,1,0,-60.96712,-400.15237,20.484377,0.019056186,0.015030503,0.030271085,38.261837,40.18139,2,7,1,0.9988932,1
17,19,0,0,0,0.0,0.0,0.0,0.0,0.0,0.0,2.23825,2.2358334,2,-1,0,0.18231247,0
17,39,0,0,0,0.0,0.0,0.0,0.0,0.0,0.0,2.3423889,2.2305555,2,-1,0,0.12100242,0
17,27,0,0,0,0.0,0.0,0.0,0.0,0.0,0.0,2.017,2.0472221,2,-1,0,0.07306651,0
17,33,0,0,0,0.0,0.0,0.0,0.0,0.0,0.0,2.8210487,2.725,2,-1,0,0.34862772,0
17,11,1,0,0,-60.96712,-400.15237,20.484377,0.019056186,0.015030503,0.030271085,2.840104,2.7838888,2,-1,0,0.39621598,0
17,39,1,1,0,56.82485,519.5373,403.92218,0.01757717,0.0020802587,-0.009593849,21.672848,21.891388,2,8,1,0.9931886,1
17,30,0,0,0,0.0,0.0,0.0,0.0,0.0,0.0,2.2083542,2.1627777,2,-1,0,0.08696282,0
17,32,1,1,0,-65.59012,-131.27325,244.24771,0.013886922,0.014080054,0.008544659,20.95826,20.973055,2,9,1,0.99999034,1
17,2,0,0,0,0.0,0.0,0.0,0.0,0.0,0.0,2.2334583,2.2313888,2,-1,0,0.008767382,0
17,7,0,0,0,0.0,0.0,0.0,0.0,0.0,0.0,2.0129235,2.0686111,2,-1,0,0.06861266,0
17,32,1,0,0,-65.59012,-131.27325,244.24771,0.013886922,0.014080054,0.008544659,2.8935416,2.9333334,2,-1,0,0.949519,1
17,17,1,0,0,27.315184,-121.550545,132.71913,0.00816927,0.005766787,-0.021940418,2.2045834,2.1588888,2,-1,0,0.15041326,0
17,16,0,0,0,0.0,0.0,0.0,0.0,0.0,0.0,2.2353818,2.231111,2,-1,0,0.047906704,0
17,15,0,0,0,0.0,0.0,0.0,0.0,0.0,0.0,2.203389,2.2033334,2,-1,0,0.09122651,0
17,28,0,0,0,0.0,0.0,0.0,0.0,0.0,0.0,2.262243,2.1908333,2,-1,0,0.060138993,0
17,6,1,1,0,80.099335,-558.4386,205.53294,-0.021055583,-0.023177814,-0.018538596,35.24654,34.931946,2,10,1,0.99647176,1
17,21,0,0,0,0.0,0.0,0.0,0.0,0.0,0.0,2.0956388,2.0608332,2,-1,0,0.040725224,0
17,6,1,0,0,80.099335,-558.4386,205.53294,-0.021055583,-0.023177814,-0.018538596,4.301597,4.5288887,2,-1,0,0.96534383,1
17,30,1,0,0,-84.37335,-511.12842,17.233915,-0.003753196,-0.010754221,-0.0060087084,5.50584,5.6952777,2,-1,0,0.97663236,1
17,30,1,1,0,-84.37335,-511.12842,17.233915,-0.003753196,-0.010754221,-0.0060087084,10.071125,8.892222,2,11,1,0.94384676,1
17,23,0,0,0,0.0,0.0,0.0,0.0,0.0,0.0,1.9932572,2.0522223,2,-1,0,0.019906444,0
17,16,0,0,0,0.0,0.0,0.0,0.0,0.0,0.0,2.2494583,2.2213888,2,-1,0,0.08882307,0
17,37,1,1,0,130.41614,344.91617,63.7864,0.006361344,-0.008761102,-0.00047400326,8.284091,8.281389,2,12,1,0.9893455,1
17,37,0,0,0,0.0,0.0,0.0,0.0,0.0,0.0,2.7905836,2.7838888,2,-1,0,0.19021678,0
17,34,0,0,0,0.0,0.0,0.0,0.0,0.0,0.0,2.5445485,2.3772223,2,-1,0,0.09865381,0
17,14,1,1,0,89.43143,-360.54138,438.5593,0.0069070715,0.014325754,0.01637128,24.299944,23.545,2,13,1,0.99698645,1
17,14,0,0,0,0.0,0.0,0.0,0.0,0.0,0.0,2.47625,2.5322223,2,-1,0,0.23852083,0
17,21,0,0,0,0.0,0.0,0.0,0.0,0.0,0.0,2.6102083,2.6047223,2,-1,0,0.07410533,0
17,15,1,1,0,-91.74844,80.54409,409.57336,-0.01675774,-0.008417809,0.008090149,15.453501,12.566667,2,14,1,0.9998362,1
17,10,1,1,0,93.73133,-37.877068,336.01886,-0.005188977,1.2500916e-05,-0.0048686955,4.965521,4.895278,2,15,1,0.9861995,1
17,10,1,0,0,93.73133,-37.877068,336.01886,-0.005188977,1.2500916e-05,-0.0048686955,2.2631805,2.3091667,2,-1,0,0.083359905,0
17,15,1,0,0,-91.74844,80.54409,409.57336,-0.01675774,-0.008417809,0.008090149,8.690076,8.481944,2,-1,0,0.9902844,1
17,21,0,0,0,0.0,0.0,0.0,0.0,0.0,0.0,2.2683058,2.3352778,2,-1,0,0.1652848,0
17,32,0,0,0,0.0,0.0,0.0,0.0,0.0,0.0,2.7691667,2.68,2,-1,0,0.31008366,0
17,29,1,1,0,106.540665,-208.78314,7.49165,-0.012366468,-0.0044544926,-0.016015481,23.66572,23.729166,2,16,1,0.913368,1
17,26,0,0,0,0.0,0.0,0.0,0.0,0.0,0.0,2.1930556,2.1436112,2,-1,0,0.083083466,0
17,29,1,0,0,106.540665,-208.78314,7.49165,-0.012366468,-0.0044544926,-0.016015481,2.7167916,2.6594443,2,-1,0,0.15395188,0
17,15,1,0,0,-91.74844,80.54409,409.57336,-0.01675774,-0.008417809,0.008090149,2.8162777,2.8138888,2,-1,0,0.1744592,0
17,18,0,0,0,0.0,0.0,0.0,0.0,0.0,0.0,2.4666944,2.456389,2,-1,0,0.237312,0
17,28,0,0,0,0.0,0.0,0.0,0.0,0.0,0.0,2.3274443,2.406111,2,-1,0,0.089643754,0
17,31,0,0,0,0.0,0.0,0.0,0.0,0.0,0.0,2.088646,2.0452778,2,-1,0,0.10933971,0
17,36,0,0,0,0.0,0.0,0.0,0.0,0.0,0.0,2.0806527,2.1347222,2,-1,0,0.109073035,0
17,1,1,1,0,117.92539,277.57422,65.49075,7.671367e-05,0.0017423461,-0.0027900839,3.2775068,3.3025,2,17,1,0.9146981,1
17,15,0,0,0,0.0,0.0,0.0,0.0,0.0,0.0,2.6677291,2.5941668,2,-1,0,0.16368973,0
17,30,0,0,0,0.0,0.0,0.0,0.0,0.0,0.0,2.1941528,2.2438889,2,-1,0,0.123799376,0
17,11,0,0,0,0.0,0.0,0.0,0.0,0.0,0.0,2.5789099,2.5475,2,-1,0,0.097837515,0
17,24,0,0,0,0.0,0.0,0.0,0.0,0.0,0.0,2.2318056,2.2505555,2,-1,0,0.08840197,0
17,37,1,0,0,130.41614,344.91617,63.7864,0.006361344,-0.008761102,-0.00047400326,4.568361,4.5925,2,-1,0,0.96408236,1
17,11,0,0,0,0.0,0.0,0.0,0.0,0.0,0.0,2.5845833,2.525,2,-1,0,0.17549913,0
17,40,0,0,0,0.0,0.0,0.0,0.0,0.0,0.0,2.4460692,2.5341666,2,-1,0,0.13631621,0
17,18,0,0,0,0.0,0.0,0.0,0.0,0.0,0.0,2.2950556,2.2005556,2,-1,0,0.088589884,0
17,29,0,0,0,0.0,0.0,0.0,0.0,0.0,0.0,2.3815277,2.4088888,2,-1,0,0.11603903,0
17,9,0,0,0,0.0,0.0,0.0,0.0,0.0,0.0,2.4478955,2.4997222,2,-1,0,0.13233162,0
17,21,1,1,0,-143.7579,369.6205,69.52158,-0.004829138,0.0027191234,-0.006605505,9.353235,9.384722,2,18,1,0.99112064,1
17,37,1,0,0,130.41614,344.91617,63.7864,0.006361344,-0.008761102,-0.00047400326,4.0496597,3.9066668,2,-1,0,0.9901064,1
17,33,1,1,0,-149.75952,-567.1841,366.26865,-0.0038593884,-0.0077051963,-0.022603856,15.169646,14.151667,2,19,1,0.992542,1
17,33,1,0,0,-149.75952,-567.1841,366.26865,-0.0038593884,-0.0077051963,-0.022603856,9.203667,9.177222,2,-1,0,0.98916817,1
17,21,0,0,0,0.0,0.0,0.0,0.0,0.0,0.0,2.4392915,2.4344444,2,-1,0,0.05659224,0
17,21,0,0,0,0.0,0.0,0.0,0.0,0.0,0.0,2.235743,2.1680555,2,-1,0,0.07604196,0
17,23,1,1,0,-158.28639,-165.06659,215.49069,0.00081504433,0.009315026,-0.021459274,25.523779,25.639444,2,20,1,0.9819124,1
17,38,0,0,0,0.0,0.0,0.0,0.0,0.0,0.0,2.292882,2.2341666,2,-1,0,0.12898135,0
17,40,1,0,0,-160.31375,521.51184,388.5812,-0.01778763,-0.01098093,-0.0035478994,2.963986,2.9066668,2,-1,0,0.8447503,1
17,23,0,0,0,0.0,0.0,0.0,0.0,0.0,0.0,2.005528,2.151389,2,-1,0,0.10133357,0
17,38,0,0,0,0.0,0.0,0.0,0.0,0.0,0.0,2.2729862,2.2041667,2,-1,0,0.110656045,0
17,31,0,0,0,0.0,0.0,0.0,0.0,0.0,0.0,2.3207915,2.3616667,2,-1,0,0.079530455,0
17,40,1,1,0,-160.31375,521.51184,388.5812,-0.01778763,-0.01098093,-0.0035478994,25.740221,23.049444,2,21,1,0.9947524,1
17,22,0,0,0,0.0,0.0,0.0,0.0,0.0,0.0,2.5298054,2.5125,2,-1,0,0.37969646,0
17,21,0,0,0,0.0,0.0,0.0,0.0,0.0,0.0,1.9578196,2.0475,2,-1,0,0.14118576,0
17,40,0,0,0,0.0,0.0,0.0,0.0,0.0,0.0,2.0158055,2.0205555,2,-1,0,0.077485986,0
17,19,1,0,0,-186.2767,546.07434,362.9718,0.0044356952,0.024188267,5.6482037e-05,3.2367153,3.3263888,2,-1,0,0.3874701,0
17,38,0,0,0,0.0,0.0,0.0,0.0,0.0,0.0,2.265639,2.2077777,2,-1,0,0.0991713,0
17,19,1,0,0,-186.2767,546.07434,362.9718,0.0044356952,0.024188267,5.6482037e-05,3.9165833,3.85,2,-1,0,0.96876,1
17,12,1,1,0,-179.68585,-447.4351,429.36078,-0.019285157,-0.027019173,0.002713036,29.071585,19.526945,2,22,1,0.9566794,1
17,26,0,0,0,0.0,0.0,0.0,0.0,0.0,0.0,2.1119027,2.0747223,2,-1,0,0.103855416,0
17,15,0,0,0,0.0,0.0,0.0,0.0,0.0,0.0,2.407868,2.4930556,2,-1,0,0.11975043,0
17,12,1,0,0,-179.68585,-447.4351,429.36078,-0.019285157,-0.027019173,0.002713036,5.2894025,5.4052777,2,-1,0,0.9949091,1
17,19,1,1,0,-186.2767,546.07434,362.9718,0.0044356952,0.024188267,5.6482037e-05,21.156174,21.330833,2,23,1,0.9999223,1
17,25,0,0,0,0.0,0.0,0.0,0.0,0.0,0.0,2.273028,2.303611,2,-1,0,0.12080886,0
17,16,0,0,0,0.0,0.0,0.0,0.0,0.0,0.0,2.4278054,2.4275,2,-1,0,0.097262315,0
17,34,1,0,0,210.24684,177.79546,275.56497,0.0051821894,-0.006622571,-0.02776752,5.1398754,5.060278,2,-1,0,0.9927297,1
17,18,0,0,0,0.0,0.0,0.0,0.0,0.0,0.0,2.3671181,2.3869445,2,-1,0,0.09553482,0
17,34,1,0,0,210.24684,177.79546,275.56497,0.0051821894,-0.006622571,-0.02776752,4.041347,3.9519444,2,-1,0,0.9705396,1
17,22,0,0,0,0.0,0.0,0.0,0.0,0.0,0.0,15.555742,-1.0,2,-1,0,0.9822192,1
17,9,0,0,0,0.0,0.0,0.0,0.0,0.0,0.0,2.3563335,2.363889,2,-1,0,0.10677569,0
17,36,1,1,0,-198.65517,201.30246,75.73683,-0.024241762,-0.0028232692,-0.010916407,21.456493,21.562222,2,24,1,0.9903199,1
17,24,1,0,0,-227.95515,-588.54913,7.869058,-0.010400643,0.016481224,0.006059676,3.2030416,3.1630557,2,-1,0,0.7493769,1
17,8,0,0,0,0.0,0.0,0.0,0.0,0.0,0.0,2.0354652,1.9269445,2,-1,0,0.12931903,0
17,2,1,0,0,-206.74837,-100.27776,43.61885,-0.023640743,0.0005038888,0.014162797,10.282271,10.461111,2,-1,0,0.91394925,1
17,34,1,1,0,210.24684,177.79546,275.56497,0.0051821894,-0.006622571,-0.02776752,21.479507,21.272778,2,25,1,0.9993625,1
17,34,1,0,0,210.24684,177.79546,275.56497,0.0051821894,-0.006622571,-0.02776752,4.2079377,3.3019445,2,-1,0,0.93660665,1
17,4,0,0,0,0.0,0.0,0.0,0.0,0.0,0.0,2.3387153,2.386111,2,-1,0,0.14233978,0
17,10,0,0,0,0.0,0.0,0.0,0.0,0.0,0.0,2.8746946,2.851389,2,-1,0,0.1517359,0
17,3,0,0,0,0.0,0.0,0.0,0.0,0.0,0.0,2.1250694,2.035,2,-1,0,0.08203295,0
17,3,1,1,0,-218.6779,358.85764,301.34915,0.00012232286,0.008128479,0.01065229,13.332826,13.425278,2,-1,1,0.9951348,1
17,22,0,0,0,0.0,0.0,0.0,0.0,0.0,0.0,2.1338332,2.1672223,2,-1,0,0.09266348,0
17,15,0,0,0,0.0,0.0,0.0,0.0,0.0,0.0,2.1573958,2.1011112,2,-1,0,0.08338795,0
17,26,0,0,0,0.0,0.0,0.0,0.0,0.0,0.0,2.5982985,2.5327778,2,-1,0,0.16965666,0
17,2,1,1,0,-206.74837,-100.27776,43.61885,-0.023640743,0.0005038888,0.014162797,14.471187,14.485556,2,26,1,0.9461883,1
17,24,1,1,0,-227.95515,-588.54913,7.869058,-0.010400643,0.016481224,0.006059676,15.965855,10.3925,2,27,1,0.9953517,1
17,35,1,1,0,229.78087,23.694248,45.054237,0.0037594538,-0.00052872824,0.0128421215,14.054464,14.160833,2,28,1,0.9942847,1
17,34,0,0,0,0.0,0.0,0.0,0.0,0.0,0.0,2.082,2.1052778,2,-1,0,0.12616499,0
17,20,0,0,0,0.0,0.0,0.0,0.0,0.0,0.0,2.1073055,2.1575,2,-1,0,0.09800772,0
17,24,1,0,0,-227.95515,-588.54913,7.869058,-0.010400643,0.016481224,0.006059676,2.3308542,2.2930555,2,-1,0,0.15877867,0
17,5,1,1,0,-246.59047,-339.90176,138.64093,-0.0018512042,0.00033582997,0.0037466625,3.969153,3.4222221,2,29,1,0.94685215,1
17,26,0,0,0,0.0,0.0,0.0,0.0,0.0,0.0,2.2377777,2.2219443,2,-1,0,0.12387289,0
17,39,0,0,0,0.0,0.0,0.0,0.0,0.0,0.0,2.179486,2.2208333,2,-1,0,0.06714094,0
17,5,1,0,0,-246.59047,-339.90176,138.64093,-0.0018512042,0.00033582997,0.0037466625,2.010618,2.0,2,-1,0,0.08139516,0
17,9,0,0,0,0.0,0.0,0.0,0.0,0.0,0.0,2.2584305,2.2355556,2,-1,0,0.089525454,0
17,26,0,0,0,0.0,0.0,0.0,0.0,0.0,0.0,2.0571876,2.0630555,2,-1,0,0.048612334,0
17,3,1,0,0,-274.89886,392.3049,303.24698,0.00012232286,0.008128479,0.01065229,2.8148472,2.801389,2,-1,0,0.41660896,0
17,1,0,0,0,0.0,0.0,0.0,0.0,0.0,0.0,2.1756318,2.1105556,2,-1,0,0.11459792,0
17,23,0,0,0,0.0,0.0,0.0,0.0,0.0,0.0,2.4984999,2.46,2,-1,0,0.170101,0
17,28,1,0,0,-287.96378,126.92789,18.735367,-0.0060536065,0.00091125193,0.003814783,3.7902846,3.9205556,2,-1,0,0.9691741,1
17,32,0,0,0,0.0,0.0,0.0,0.0,0.0,0.0,2.255118,2.2394445,2,-1,0,0.086681396,0
17,9,1,1,0,290.12967,-391.93478,191.49991,-0.017877469,-0.0010670102,0.015885657,21.995035,22.018333,2,30,1,0.998781,1
17,28,1,1,0,-287.96378,126.92789,18.735367,-0.0060536065,0.00091125193,0.003814783,7.2229786,2.1125,2,31,1,0.9766718,1
17,39,0,0,0,0.0,0.0,0.0,0.0,0.0,0.0,2.1468055,2.2016666,2,-1,0,0.13174368,0
17,28,0,0,0,0.0,0.0,0.0,0.0,0.0,0.0,2.330889,2.306111,2,-1,0,0.063657746,0
17,9,0,0,0,0.0,0.0,0.0,0.0,0.0,0.0,2.0243542,2.1247222,2,-1,0,0.07047234,0
17,9,1,0,0,290.12967,-391.93478,191.49991,-0.017877469,-0.0010670102,0.015885657,2.474639,2.4738889,2,-1,0,0.13901672,0
17,31,1,1,0,-323.3121,280.35626,265.67923,0.014100038,-0.035683457,0.0075920643,19.983305,19.914444,2,32,1,0.98119503,1
17,3,0,0,0,0.0,0.0,0.0,0.0,0.0,0.0,2.0266666,1.9005556,2,-1,0,0.037889663,0
17,28,0,0,0,0.0,0.0,0.0,0.0,0.0,0.0,2.2393334,2.2113888,2,-1,0,0.06601155,0
17,17,0,0,0,0.0,0.0,0.0,0.0,0.0,0.0,2.5349376,2.5097222,2,-1,0,0.068436585,0
17,22,0,0,0,0.0,0.0,0.0,0.0,0.0,0.0,2.3859584,2.3755555,2,-1,0,0.181944,0
17,25,1,1,0,-328.74957,497.40924,69.150795,0.04626271,0.01720853,0.0043152194,26.667137,49.639446,2,33,1,0.84992385,1
17,31,1,0,0,-323.3121,280.35626,265.67923,0.014100038,-0.035683457,0.0075920643,14.471888,14.227222,2,-1,0,0.97272015,1
17,18,0,0,0,0.0,0.0,0.0,0.0,0.0,0.0,2.2567015,2.2577777,2,-1,0,0.10356959,0
17,5,0,0,0,0.0,0.0,0.0,0.0,0.0,0.0,2.0566666,2.0216668,2,-1,0,0.119016275,0
17,13,1,1,0,326.74646,-17.400389,424.19058,0.0037124513,-0.008479636,-0.013593837,9.092333,9.038055,2,34,1,0.9907121,1
17,13,1,0,0,326.74646,-17.400389,424.19058,0.0037124513,-0.008479636,-0.013593837,4.8325276,4.7730556,2,-1,0,0.97435045,1
17,16,1,0,0,-343.2382,550.1541,336.72183,0.008567819,-0.0057924767,0.008138097,3.0863678,3.1902778,2,-1,0,0.65250903,1
17,12,0,0,0,0.0,0.0,0.0,0.0,0.0,0.0,2.1903124,2.1675,2,-1,0,0.10121463,0
17,16,1,1,0,-343.2382,550.1541,336.72183,0.008567819,-0.0057924767,0.008138097,10.92109,10.901667,2,35,1,0.9407434,1
17,10,0,0,0,0.0,0.0,0.0,0.0,0.0,0.0,2.4315696,2.4513888,2,-1,0,0.13077143,0
17,8,0,0,0,0.0,0.0,0.0,0.0,0.0,0.0,2.6514583,2.5677779,2,-1,0,0.22343643,0
17,26,0,0,0,0.0,0.0,0.0,0.0,0.0,0.0,2.1942499,2.2594445,2,-1,0,0.11318712,0
17,31,0,0,0,0.0,0.0,0.0,0.0,0.0,0.0,2.6940556,2.8175,2,-1,0,0.13111244,0
17,27,1,1,0,-356.207,111.10971,17.137596,0.006189466,0.018203253,-0.00035364102,17.351715,17.323334,2,36,1,0.97954124,1
17,23,0,0,0,0.0,0.0,0.0,0.0,0.0,0.0,2.2008193,2.2775,2,-1,0,0.096086435,0
17,19,0,0,0,0.0,0.0,0.0,0.0,0.0,0.0,2.0836248,2.1316667,2,-1,0,0.10326681,0
17,38,1,1,0,361.073,257.36737,457.92328,-0.0033084075,-0.0019056055,0.02375039,9.100813,9.100278,2,37,1,0.98814476,1
17,9,0,0,0,0.0,0.0,0.0,0.0,0.0,0.0,2.00925,2.04,2,-1,0,0.06318846,0
17,28,0,0,0,0.0,0.0,0.0,0.0,0.0,0.0,2.1390347,2.251111,2,-1,0,0.10268839,0
17,17,0,0,0,0.0,0.0,0.0,0.0,0.0,0.0,2.1451735,2.1080556,2,-1,0,0.1081519,0
17,32,0,0,0,0.0,0.0,0.0,0.0,0.0,0.0,2.0716667,2.0677779,2,-1,0,0.12005935,0
17,35,0,0,0,0.0,0.0,0.0,0.0,0.0,0.0,2.5272014,2.5605555,2,-1,0,0.0854493,0
17,28,0,0,0,0.0,0.0,0.0,0.0,0.0,0.0,2.162757,2.22,2,-1,0,0.15630743,0
17,29,0,0,0,0.0,0.0,0.0,0.0,0.0,0.0,2.2589235,2.2213888,2,-1,0,0.13725676,0
17,10,0,0,0,0.0,0.0,0.0,0.0,0.0,0.0,2.3486388,2.3316667,2,-1,0,0.11074092,0
17,3,0,0,0,0.0,0.0,0.0,0.0,0.0,0.0,2.7790418,2.7791667,2,-1,0,0.34992805,0
17,29,0,0,0,0.0,0.0,0.0,0.0,0.0,0.0,2.1984167,2.3469443,2,-1,0,0.010875422,0
17,32,0,0,0,0.0,0.0,0.0,0.0,0.0,0.0,2.197354,2.185,2,-1,0,0.085658886,0
17,22,1,1,0,-349.14484,252.47057,434.2776,-0.010798835,0.010619733,0.00013709116,2.0871944,2.0908334,2,38,1,0.069654904,0
17,27,0,0,0,0.0,0.0,0.0,0.0,0.0,0.0,2.1310418,2.1344445,2,-1,0,0.09789123,0
17,12,0,0,0,0.0,0.0,0.0,0.0,0.0,0.0,2.1540349,2.2077777,2,-1,0,0.09036241,0
17,15,0,0,0,0.0,0.0,0.0,0.0,0.0,0.0,2.0524652,2.1541667,2,-1,0,0.0353382,0
17,31,0,0,0,0.0,0.0,0.0,0.0,0.0,0.0,2.2318125,2.226389,2,-1,0,0.112577684,0
17,24,0,0,0,0.0,0.0,0.0,0.0,0.0,0.0,2.0807014,2.146389,2,-1,0,0.08827705,0
17,15,0,0,0,0.0,0.0,0.0,0.0,0.0,0.0,2.6458194,2.5738888,2,-1,0,0.195883,0
17,24,0,0,0,0.0,0.0,0.0,0.0,0.0,0.0,2.6421528,2.5841668,2,-1,0,0.06300745,0
17,40,0,0,0,0.0,0.0,0.0,0.0,0.0,0.0,2.188,2.2016666,2,-1,0,0.123888746,0
17,10,0,0,0,0.0,0.0,0.0,0.0,0.0,0.0,2.2897708,2.3527777,2,-1,0,0.07015377,0
17,26,0,0,0,0.0,0.0,0.0,0.0,0.0,0.0,2.177639,2.171111,2,-1,0,0.09395163,0
17,32,0,0,0,0.0,0.0,0.0,0.0,0.0,0.0,2.0765278,2.075,2,-1,0,0.101103395,0
17,10,0,0,0,0.0,0.0,0.0,0.0,0.0,0.0,2.557354,2.5069444,2,-1,0,0.1369306,0
17,35,0,0,0,0.0,0.0,0.0,0.0,0.0,0.0,2.3242986,2.3208334,2,-1,0,0.11502586,0
17,36,0,0,0,0.0,0.0,0.0,0.0,0.0,0.0,2.1449165,2.1713889,2,-1,0,0.10635206,0
18,11,1,1,0,-5.3195057,446.6632,134.52434,-0.010449008,1.15806915e-05,0.0014703736,11.79807,11.829722,2,0,1,0.9798149,1
18,39,0,0,0,0.0,0.0,0.0,0.0,0.0,0.0,1.9964999,2.031111,2,-1,0,0.08566516,0
18,4,1,0,0,-11.939786,-451.33536,249.89165,0.0036834818,-0.004130733,-0.008965807,2.0464168,2.0544446,2,-1,0,0.0984208,0
18,4,1,1,0,-11.939786,-451.33536,249.89165,0.0036834818,-0.004130733,-0.008965807,13.705743,13.632778,2,1,1,0.96495825,1
18,34,0,0,0,0.0,0.0,0.0,0.0,0.0,0.0,2.385764,2.4325,2,-1,0,0.21288738,0
18,2,1,0,0,-18.42441,-530.53357,190.31123,-0.00821382,0.035238855,0.011780746,2.1367915,2.1702778,2,-1,0,0.08468067,0
18,4,1,0,0,-11.939786,-451.33536,249.89165,0.0036834818,-0.004130733,-0.008965807,2.2572777,2.3183334,2,-1,0,0.06395301,0
18,20,1,0,0,29.350544,226.25143,426.61124,-0.027704325,0.0054942905,0.006531389,3.67034,3.7755556,2,-1,0,0.124037005,0
18,23,0,0,0,0.0,0.0,0.0,0.0,0.0,0.0,2.031743,2.0338888,2,-1,0,0.11136988,0
18,2,1,1,0,-18.42441,-530.53357,190.31123,-0.00821382,0.035238855,0.011780746,47.9425,45.927223,2,2,1,0.99960595,1
18,20,1,0,0,29.350544,226.25143,426.61124,-0.027704325,0.0054942905,0.006531389,7.9151673,8.026667,2,-1,0,0.95218426,1
18,2,0,0,0,0.0,0.0,0.0,0.0,0.0,0.0,2.3079584,2.213889,2,-1,0,0.14704928,0
18,25,0,0,0,0.0,0.0,0.0,0.0,0.0,0.0,2.4627502,2.385,2,-1,0,0.09268088,0
18,23,0,0,0,0.0,0.0,0.0,0.0,0.0,0.0,2.1169932,2.1172223,2,-1,0,0.09965086,0
18,9,0,0,0,0.0,0.0,0.0,0.0,0.0,0.0,4.1950765,-1.0,2,-1,0,0.96557426,1
18,20,1,1,0,29.350544,226.25143,426.61124,-0.027704325,0.0054942905,0.006531389,9.778535,9.820278,2,-1,1,0.9762572,1
18,3,1,1,0,-28.27545,457.77805,255.4338,-0.0043280446,0.0044863056,-0.0023226873,7.3737707,7.496111,2,3,1,0.9896477,1
18,9,0,0,0,0.0,0.0,0.0,0.0,0.0,0.0,32.66398,-1.0,2,-1,0,0.96303445,1
18,25,0,0,0,0.0,0.0,0.0,0.0,0.0,0.0,2.3643959,2.2730556,2,-1,0,0.15884854,0
18,17,0,0,0,0.0,0.0,0.0,0.0,0.0,0.0,2.3100553,2.2886112,2,-1,0,0.103089176,0
18,25,0,0,0,0.0,0.0,0.0,0.0,0.0,0.0,2.369736,2.456389,2,-1,0,0.086011045,0
18,19,1,1,0,-39.59439,-506.34714,138.69054,-0.0062370114,0.0016315709,0.015576419,14.250202,12.501945,2,4,1,0.9749716,1
18,19,1,0,0,-39.59439,-506.34714,138.69054,-0.0062370114,0.0016315709,0.015576419,5.264667,5.332222,2,-1,0,0.97565174,1
18,23,0,0,0,0.0,0.0,0.0,0.0,0.0,0.0,2.6843126,2.6880555,2,-1,0,0.21121019,0
18,2,0,0,0,0.0,0.0,0.0,0.0,0.0,0.0,2.1348472,2.1997223,2,-1,0,0.07897977,0
18,5,0,0,0,0.0,0.0,0.0,0.0,0.0,0.0,2.1014028,2.055,2,-1,0,0.058267586,0
18,7,0,0,0,0.0,0.0,0.0,0.0,0.0,0.0,2.3341944,2.33,2,-1,0,0.0948019,0
18,27,0,0,0,0.0,0.0,0.0,0.0,0.0,0.0,2.17,2.2322223,2,-1,0,0.24892332,0
18,5,0,0,0,0.0,0.0,0.0,0.0,0.0,0.0,2.025222,2.0308332,2,-1,0,0.10048183,0
18,8,0,0,0,0.0,0.0,0.0,0.0,0.0,0.0,2.8350344,2.955,2,-1,0,0.23707938,0
18,32,0,0,0,0.0,0.0,0.0,0.0,0.0,0.0,1.9905832,2.041389,2,-1,0,0.10863969,0
18,6,0,0,0,0.0,0.0,0.0,0.0,0.0,0.0,2.5075624,2.5191667,2,-1,0,0.35286123,0
18,33,1,1,0,-64.79395,3.719975,409.46017,0.0009579844,0.0001893571,0.00332891,3.6374445,3.571389,2,5,1,0.87279797,1
18,23,1,1,0,-68.8281,433.7017,442.81818,-0.003120361,0.018170685,0.017325098,26.27189,26.49639,2,6,1,0.96086556,1
18,22,0,0,0,0.0,0.0,0.0,0.0,0.0,0.0,2.1119444,2.1152778,2,-1,0,0.085918576,0
18,23,1,0,0,-68.8281,433.7017,442.81818,-0.003120361,0.018170685,0.017325098,2.5177293,1.795,2,-1,0,0.12096405,0
18,38,0,0,0,0.0,0.0,0.0,0.0,0.0,0.0,2.2546043,2.2561111,2,-1,0,0.14377391,0
18,39,0,0,0,0.0,0.0,0.0,0.0,0.0,0.0,2.3974445,2.3594444,2,-1,0,0.09781039,0
18,29,1,0,0,84.2517,439.96075,6.5015445,-0.008410924,-0.040693067,0.004644749,14.959368,15.043612,2,-1,0,0.99135953,1
18,16,0,0,0,0.0,0.0,0.0,0.0,0.0,0.0,2.4373333,2.4602778,2,-1,0,0.116765834,0
18,29,1,1,0,84.2517,439.96075,6.5015445,-0.008410924,-0.040693067,0.004644749,24.222042,24.325556,2,7,1,0.99989057,1
18,29,1,0,0,84.2517,439.96075,6.5015445,-0.008410924,-0.040693067,0.004644749,4.908889,4.937222,2,-1,0,0.8793671,1
18,39,0,0,0,0.0,0.0,0.0,0.0,0.0,0.0,2.142347,2.1263888,2,-1,0,0.040643897,0
18,38,0,0,0,0.0,0.0,0.0,0.0,0.0,0.0,2.1334167,2.1788888,2,-1,0,0.09707991,0
18,5,0,0,0,0.0,0.0,0.0,0.0,0.0,0.0,1.9593959,2.0252779,2,-1,0,0.07062226,0
18,7,1,1,0,103.59038,529.55707,76.095695,-0.0064135105,-0.002959977,-0.009327536,9.357931,9.325,2,8,1,0.9989931,1
18,26,0,0,0,0.0,0.0,0.0,0.0,0.0,0.0,2.285882,2.3155556,2,-1,0,0.098718755,0
18,23,0,0,0,0.0,0.0,0.0,0.0,0.0,0.0,2.3456388,2.004722,2,-1,0,0.02382851,0
18,15,0,0,0,0.0,0.0,0.0,0.0,0.0,0.0,2.192278,2.1872222,2,-1,0,0.046289798,0
18,38,0,0,0,0.0,0.0,0.0,0.0,0.0,0.0,2.4319167,2.5563889,2,-1,0,0.097916625,0
18,9,0,0,0,0.0,0.0,0.0,0.0,0.0,0.0,1.9701111,2.0080554,2,-1,0,0.08085397,0
18,16,0,0,0,0.0,0.0,0.0,0.0,0.0,0.0,2.4258194,2.3688889,2,-1,0,0.26172987,0
18,22,0,0,0,0.0,0.0,0.0,0.0,0.0,0.0,2.5617013,2.5427778,2,-1,0,0.31590068,0
18,14,1,1,0,124.61802,146.0297,266.69766,0.015503959,0.013292912,0.020770177,17.55543,17.44861,2,9,1,0.9948462,1
18,14,1,0,0,124.61802,146.0297,266.69766,0.015503959,0.013292912,0.020770177,4.7173333,4.3722224,2,-1,0,0.99364907,1
18,37,0,0,0,0.0,0.0,0.0,0.0,0.0,0.0,2.4227636,2.325,2,-1,0,0.16578764,0
18,8,0,0,0,0.0,0.0,0.0,0.0,0.0,0.0,2.2418127,2.2919445,2,-1,0,0.06456519,0
18,14,1,0,0,124.61802,146.0297,266.69766,0.015503959,0.013292912,0.020770177,3.2883334,3.2519445,2,-1,0,0.94449127,1
18,27,1,0,0,161.95866,346.33972,454.94406,-0.016520342,0.0023841234,-0.004264366,2.329028,2.333889,2,-1,0,0.12528948,0
18,14,1,0,0,124.61802,146.0297,266.69766,0.015503959,0.013292912,0.020770177,2.0221596,2.1452777,2,-1,0,0.13290273,0
18,1,1,1,0,149.7687,224.29965,409.2162,0.002923831,0.030044064,0.019253936,26.297138,24.88611,2,10,1,0.99844176,1
18,1,1,0,0,149.7687,224.29965,409.2162,0.002923831,0.030044064,0.019253936,7.533326,7.4852777,2,-1,0,0.9773846,1
18,25,1,1,0,-150.0826,218.17847,212.21722,-0.027692733,0.015319619,-0.0012107006,18.688494,18.916945,2,11,1,0.9979551,1
18,34,0,0,0,0.0,0.0,0.0,0.0,0.0,0.0,2.7897222,2.7880557,2,-1,0,0.02831018,0
18,22,0,0,0,0.0,0.0,0.0,0.0,0.0,0.0,8.417097,-1.0,2,-1,0,0.98917717,1
18,27,1,1,0,161.95866,346.33972,454.94406,-0.016520342,0.0023841234,-0.004264366,19.547556,19.434723,2,12,1,0.9885328,1
18,1,1,0,0,149.7687,224.29965,409.2162,0.002923831,0.030044064,0.019253936,2.8645833,2.941111,2,-1,0,0.73860365,1
18,25,1,0,0,-150.0826,218.17847,212.21722,-0.027692733,0.015319619,-0.0012107006,3.0072362,2.9569445,2,-1,0,0.6898516,1
18,1,0,0,0,0.0,0.0,0.0,0.0,0.0,0.0,2.575243,2.7230556,2,-1,0,0.13331117,0
18,24,0,0,0,0.0,0.0,0.0,0.0,0.0,0.0,2.0581112,2.1194444,2,-1,0,0.11008576,0
18,22,0,0,0,0.0,0.0,0.0,0.0,0.0,0.0,2.4600766,2.456389,2,-1,0,0.103212446,0
18,40,1,1,0,-174.56438,260.93207,431.281,-0.0046829386,-0.008511818,0.0055328007,11.257251,9.961945,2,13,1,0.99484235,1
18,23,0,0,0,0.0,0.0,0.0,0.0,0.0,0.0,2.2959514,2.2438889,2,-1,0,0.18675931,0
18,36,1,1,0,-176.08954,358.2673,94.5316,-0.0115163,0.007403082,0.0060549374,8.828965,8.818611,2,14,1,0.99014217,1
18,35,0,0,0,0.0,0.0,0.0,0.0,0.0,0.0,2.1079862,2.17,2,-1,0,0.10996951,0
18,1,1,0,0,149.7687,224.29965,409.2162,0.002923831,0.030044064,0.019253936,2.9346805,3.0255556,2,-1,0,0.40197384,0
18,23,0,0,0,0.0,0.0,0.0,0.0,0.0,0.0,2.2870278,2.3286111,2,-1,0,0.11588949,0
18,30,1,0,0,217.47784,-60.49285,407.6802,0.004406495,0.0023815245,-0.0057105613,2.5709794,2.671111,2,-1,0,0.2233811,0
18,2,0,0,0,0.0,0.0,0.0,0.0,0.0,0.0,2.5366943,2.577222,2,-1,0,0.15264021,0
18,5,1,1,0,188.52597,-484.40765,152.47829,-0.007758702,0.0124416165,-0.0045091677,16.765118,16.953056,2,15,1,0.9268326,1
18,6,1,0,0,198.06993,-485.61295,215.05652,0.0033676587,-0.026219917,-0.001911066,2.47466,2.5447223,2,-1,0,0.11636064,0
18,5,1,0,0,188.52597,-484.40765,152.47829,-0.007758702,0.0124416165,-0.0045091677,3.6499443,3.646111,2,-1,0,0.915479,1
18,36,1,0,0,-176.08954,358.2673,94.5316,-0.0115163,0.007403082,0.0060549374,4.615632,4.7391667,2,-1,0,0.9833167,1
18,12,0,0,0,0.0,0.0,0.0,0.0,0.0,0.0,2.0785,2.1091666,2,-1,0,0.112284526,0
18,6,1,1,0,198.06993,-485.61295,215.05652,0.0033676587,-0.026219917,-0.001911066,26.74875,26.975277,2,16,1,0.97552377,1
18,35,1,1,0,-203.13072,-4.092653,29.22486,0.017070925,0.019623188,-0.026250735,2.5906668,2.488889,2,17,1,0.19591817,0
18,35,0,0,0,0.0,0.0,0.0,0.0,0.0,0.0,10.250082,-1.0,2,-1,0,0.976404,1
18,32,0,0,0,0.0,0.0,0.0,0.0,0.0,0.0,2.0182223,2.0197222,2,-1,0,0.12380629,0
18,33,0,0,0,0.0,0.0,0.0,0.0,0.0,0.0,2.2385488,2.1975,2,-1,0,0.04023669,0
18,21,1,1,0,-212.71829,119.801414,2.4270563,0.0006963666,0.0003656231,-0.0050866087,5.0692086,4.9283333,2,18,1,0.9807365,1
18,30,1,1,0,217.47784,-60.49285,407.6802,0.004406495,0.0023815245,-0.0057105613,7.9628744,7.9911113,2,19,1,0.9782597,1
18,29,0,0,0,0.0,0.0,0.0,0.0,0.0,0.0,2.0266666,2.0777779,2,-1,0,0.15460074,0
18,10,1,1,0,-227.57205,512.8527,311.49054,0.02192423,0.018992223,0.0149089685,36.356064,36.40889,2,20,1,1.0,1
18,5,0,0,0,0.0,0.0,0.0,0.0,0.0,0.0,2.3608334,2.3927777,2,-1,0,0.25030875,0
18,16,0,0,0,0.0,0.0,0.0,0.0,0.0,0.0,2.7085,2.62,2,-1,0,0.27543095,0
18,25,1,0,0,-150.0826,218.17847,212.21722,-0.027692733,0.015319619,-0.0012107006,4.5852985,4.7808332,2,-1,0,0.9838974,1
18,20,0,0,0,0.0,0.0,0.0,0.0,0.0,0.0,2.5746946,2.5752778,2,-1,0,0.12139072,0
18,37,1,1,0,233.3909,33.149834,312.21475,0.010069634,-0.025293216,0.008130462,16.741167,16.855278,2,21,1,0.9617596,1
18,11,0,0,0,0.0,0.0,0.0,0.0,0.0,0.0,2.2421527,2.1944444,2,-1,0,0.124031745,0
18,17,0,0,0,0.0,0.0,0.0,0.0,0.0,0.0,2.144236,2.0827777,2,-1,0,0.082094446,0
18,37,1,0,0,233.3909,33.149834,312.21475,0.010069634,-0.025293216,0.008130462,11.966437,11.902778,2,-1,0,0.98294544,1
18,32,1,1,0,245.8316,357.2537,443.45978,-0.008136054,0.009827551,0.016555918,20.493055,20.570555,2,22,1,0.963222,1
18,35,0,0,0,0.0,0.0,0.0,0.0,0.0,0.0,2.1347222,2.1736112,2,-1,0,0.06637139,0
18,24,0,0,0,0.0,0.0,0.0,0.0,0.0,0.0,2.1752222,2.211111,2,-1,0,0.12646458,0
18,13,1,0,0,-239.514,488.31555,92.15647,-0.0037754409,0.009146838,0.0022407237,4.182653,4.326389,2,-1,0,0.99189997,1
18,32,1,0,0,245.8316,357.2537,443.45978,-0.008136054,0.009827551,0.016555918,2.4653401,2.441111,2,-1,0,0.12231124,0
18,24,1,1,0,247.63353,389.93436,87.6949,-0.002224709,-0.019716885,0.0037205096,22.116562,20.709444,2,23,1,0.9983589,1
18,12,1,0,0,250.67096,595.0123,241.98116,-0.0060930164,-0.0003475358,-0.008874701,5.0000763,1.6416667,2,-1,0,0.99207896,1
18,28,0,0,0,0.0,0.0,0.0,0.0,0.0,0.0,2.0291805,2.0344443,2,-1,0,0.116058715,0
18,32,1,0,0,245.8316,357.2537,443.45978,-0.008136054,0.009827551,0.016555918,2.296778,2.3205554,2,-1,0,0.10568588,0
18,12,1,1,0,250.67096,595.0123,241.98116,-0.0060930164,-0.0003475358,-0.008874701,7.181361,7.1669445,2,24,1,0.97307736,1
18,5,0,0,0,0.0,0.0,0.0,0.0,0.0,0.0,2.0390348,2.0755556,2,-1,0,0.10307414,0
18,18,0,0,0,0.0,0.0,0.0,0.0,0.0,0.0,2.408229,2.345,2,-1,0,0.058787424,0
18,26,0,0,0,0.0,0.0,0.0,0.0,0.0,0.0,2.1062915,2.0533333,2,-1,0,0.11181304,0
18,27,0,0,0,0.0,0.0,0.0,0.0,0.0,0.0,2.0717223,2.105,2,-1,0,0.12081094,0
18,40,0,0,0,0.0,0.0,0.0,0.0,0.0,0.0,2.4968262,2.5383334,2,-1,0,0.049294353,0
18,29,0,0,0,0.0,0.0,0.0,0.0,0.0,0.0,2.4274652,2.3555555,2,-1,0,0.1276254,0
18,39,1,1,0,-261.57388,-344.13153,64.306465,0.012133529,-0.028100133,0.017752182,35.494053,35.170277,2,25,1,0.9976985,1
18,33,0,0,0,0.0,0.0,0.0,0.0,0.0,0.0,2.160264,2.0797222,2,-1,0,0.10368517,0
18,16,1,1,0,262.63605,211.63632,25.056204,0.009084327,-0.01500836,0.0026013306,15.125521,11.293333,2,26,1,0.947183,1
18,16,1,0,0,262.63605,211.63632,25.056204,0.009084327,-0.01500836,0.0026013306,6.7046385,6.8475,2,-1,0,0.9979457,1
18,1,0,0,0,0.0,0.0,0.0,0.0,0.0,0.0,2.4227848,2.4841666,2,-1,0,0.13124347,0
18,34,1,1,0,270.21857,164.85417,86.60942,0.011971223,0.005415589,-0.0038421873,10.148396,10.113334,2,27,1,0.76674813,1
18,2,0,0,0,0.0,0.0,0.0,0.0,0.0,0.0,2.661729,2.5886111,2,-1,0,0.13910149,0
18,34,0,0,0,0.0,0.0,0.0,0.0,0.0,0.0,2.9091597,2.9858334,2,-1,0,0.08544124,0
18,34,1,0,0,270.21857,164.85417,86.60942,0.011971223,0.005415589,-0.0038421873,3.7841666,3.7852778,2,-1,0,0.9623128,1
18,8,1,1,0,-285.36536,55.74604,148.37976,0.016536387,-0.012954048,-0.03202293,36.38473,36.425278,2,28,1,0.99197066,1
18,29,0,0,0,0.0,0.0,0.0,0.0,0.0,0.0,2.5503612,2.5105555,2,-1,0,0.12786947,0
18,26,1,1,0,-279.61774,-148.58252,249.70825,-0.016193915,0.006744659,-0.010842113,16.620174,16.548334,2,29,1,0.99707055,1
18,5,0,0,0,0.0,0.0,0.0,0.0,0.0,0.0,2.4763613,2.4188888,2,-1,0,0.15166107,0
18,26,1,0,0,-279.61774,-148.58252,249.70825,-0.016193915,0.006744659,-0.010842113,4.553848,4.5630555,2,-1,0,0.976004,1
18,17,0,0,0,0.0,0.0,0.0,0.0,0.0,0.0,24.301168,-1.0,2,-1,0,0.99246866,1
18,31,0,0,0,0.0,0.0,0.0,0.0,0.0,0.0,2.3995557,2.3972223,2,-1,0,0.09390979,0
18,3,0,0,0,0.0,0.0,0.0,0.0,0.0,0.0,2.6745415,2.6177778,2,-1,0,0.22829041,0
18,34,0,0,0,0.0,0.0,0.0,0.0,0.0,0.0,2.600021,2.5305555,2,-1,0,0.09621763,0
18,8,1,0,0,-285.36536,55.74604,148.37976,0.016536387,-0.012954048,-0.03202293,2.1653543,2.0580556,2,-1,0,0.09171651,0
18,18,0,0,0,0.0,0.0,0.0,0.0,0.0,0.0,2.0723195,2.126111,2,-1,0,0.07434529,0
18,20,0,0,0,0.0,0.0,0.0,0.0,0.0,0.0,1.9793612,2.0019445,2,-1,0,0.062093064,0
18,30,0,0,0,0.0,0.0,0.0,0.0,0.0,0.0,2.6174235,2.4908333,2,-1,0,0.20829214,0
18,18,0,0,0,0.0,0.0,0.0,0.0,0.0,0.0,2.7274723,2.6425,2,-1,0,0.10526625,0
18,24,0,0,0,0.0,0.0,0.0,0.0,0.0,0.0,2.4195695,2.3202777,2,-1,0,0.1310942,0
18,33,0,0,0,0.0,0.0,0.0,0.0,0.0,0.0,2.1988335,2.2158334,2,-1,0,0.11656809,0
18,31,1,1,0,315.24524,-342.24377,29.258535,0.014050027,0.01356514,0.029055463,30.673416,30.465279,2,30,1,0.98861724,1
18,16,0,0,0,0.0,0.0,0.0,0.0,0.0,0.0,2.6269302,2.6627777,2,-1,0,0.08887433,0
18,13,1,0,0,-239.514,488.31555,92.15647,-0.0037754409,0.009146838,0.0022407237,2.2894998,2.388611,2,-1,0,0.14322032,0
18,34,0,0,0,0.0,0.0,0.0,0.0,0.0,0.0,2.128646,2.1233332,2,-1,0,0.11773794,0
18,12,0,0,0,0.0,0.0,0.0,0.0,0.0,0.0,2.2027779,2.2030556,2,-1,0,0.08689795,0
18,22,0,0,0,0.0,0.0,0.0,0.0,0.0,0.0,2.5051806,2.4994445,2,-1,0,0.12678385,0
18,10,0,0,0,0.0,0.0,0.0,0.0,0.0,0.0,2.0460901,2.0341666,2,-1,0,0.083174855,0
18,32,0,0,0,0.0,0.0,0.0,0.0,0.0,0.0,2.1833124,2.1283333,2,-1,0,0.112904966,0
18,20,0,0,0,0.0,0.0,0.0,0.0,0.0,0.0,2.192139,2.2308333,2,-1,0,0.096751936,0
18,18,1,1,0,330.029,-381.9438,299.061,0.0189461,0.028809087,-0.008516355,32.31244,32.252224,2,31,1,0.9580296,1
18,19,0,0,0,0.0,0.0,0.0,0.0,0.0,0.0,2.121243,2.1008334,2,-1,0,0.063970655,0
18,33,0,0,0,0.0,0.0,0.0,0.0,0.0,0.0,2.7250419,2.6527777,2,-1,0,0.13109867,0
18,28,1,1,0,-352.96332,-90.412926,378.9708,0.018522212,0.02352505,0.030207872,20.32716,20.302778,2,32,1,0.99217427,1
18,13,1,0,0,-239.514,488.31555,92.15647,-0.0037754409,0.009146838,0.0022407237,2.33425,2.4069445,2,-1,0,0.1038073,0
18,15,1,1,0,-344.65497,-225.43427,129.53902,0.010933584,-0.008943747,0.013412919,16.435133,16.631666,2,33,1,0.99560744,1
18,28,0,0,0,0.0,0.0,0.0,0.0,0.0,0.0,2.6556737,2.7175,2,-1,0,0.1542489,0
18,30,0,0,0,0.0,0.0,0.0,0.0,0.0,0.0,2.2520556,2.2808332,2,-1,0,0.08464152,0
18,5,0,0,0,0.0,0.0,0.0,0.0,0.0,0.0,2.6433473,2.6425,2,-1,0,0.25188136,0
18,28,1,0,0,-352.96332,-90.412926,378.9708,0.018522212,0.02352505,0.030207872,19.467464,19.709444,2,-1,0,0.8916,1
18,26,0,0,0,0.0,0.0,0.0,0.0,0.0,0.0,3.0872917,3.0144444,2,-1,0,0.87945586,1
18,22,0,0,0,0.0,0.0,0.0,0.0,0.0,0.0,2.1992013,2.1477778,2,-1,0,0.111922696,0
18,6,0,0,0,0.0,0.0,0.0,0.0,0.0,0.0,2.3734374,2.3097222,2,-1,0,0.1591353,0
18,25,0,0,0,0.0,0.0,0.0,0.0,0.0,0.0,2.1857293,2.2505555,2,-1,0,0.112202175,0
18,13,1,1,0,-353.1256,270.9972,331.8632,-0.0037754409,0.009146838,0.0022407237,9.804444,6.256111,2,34,1,0.99284536,1
18,13,0,0,0,0.0,0.0,0.0,0.0,0.0,0.0,2.777507,2.9116666,2,-1,0,0.08811369,0
18,23,0,0,0,0.0,0.0,0.0,0.0,0.0,0.0,2.384,2.2669444,2,-1,0,0.08061434,0
18,5,0,0,0,0.0,0.0,0.0,0.0,0.0,0.0,2.1893055,2.1780555,2,-1,0,0.17844138,0
18,12,0,0,0,0.0,0.0,0.0,0.0,0.0,0.0,2.2667918,2.2461112,2,-1,0,0.101143576,0
18,31,0,0,0,0.0,0.0,0.0,0.0,0.0,0.0,2.2988124,2.2805555,2,-1,0,0.18362822,0
18,33,0,0,0,0.0,0.0,0.0,0.0,0.0,0.0,2.1060972,2.1077778,2,-1,0,0.085484564,0
18,29,0,0,0,0.0,0.0,0.0,0.0,0.0,0.0,2.3032568,2.381389,2,-1,0,0.17196818,0
18,36,0,0,0,0.0,0.0,0.0,0.0,0.0,0.0,2.4473333,2.4055555,2,-1,0,0.16935328,0
18,12,0,0,0,0.0,0.0,0.0,0.0,0.0,0.0,2.6391044,2.5591667,2,-1,0,0.21581562,0
18,21,0,0,0,0.0,0.0,0.0,0.0,0.0,0.0,2.3933542,2.4266667,2,-1,0,0.15688178,0
18,39,0,0,0,0.0,0.0,0.0,0.0,0.0,0.0,2.1727085,2.113889,2,-1,0,0.068526596,0
18,23,0,0,0,0.0,0.0,0.0,0.0,0.0,0.0,2.7473958,2.826111,2,-1,0,0.124024875,0
18,3,0,0,0,0.0,0.0,0.0,0.0,0.0,0.0,2.7265484,2.668611,2,-1,0,0.3868338,0
18,29,0,0,0,0.0,0.0,0.0,0.0,0.0,0.0,2.1102152,2.108611,2,-1,0,0.09346857,0
18,20,0,0,0,0.0,0.0,0.0,0.0,0.0,0.0,2.4193332,2.3194444,2,-1,0,0.06043385,0
18,19,0,0,0,0.0,0.0,0.0,0.0,0.0,0.0,2.4615002,2.4372222,2,-1,0,0.08094421,0
18,35,0,0,0,0.0,0.0,0.0,0.0,0.0,0.0,2.2918055,2.3119445,2,-1,0,0.10459306,0
18,14,0,0,0,0.0,0.0,0.0,0.0,0.0,0.0,2.1885,2.0708334,2,-1,0,0.0017545325,0
18,32,0,0,0,0.0,0.0,0.0,0.0,0.0,0.0,2.1935139,2.1605556,2,-1,0,0.08933365,0
18,34,0,0,0,0.0,0.0,0.0,0.0,0.0,0.0,2.5228403,2.4866667,2,-1,0,0.25720656,0
18,27,0,0,0,0.0,0.0,0.0,0.0,0.0,0.0,2.5275764,2.53,2,-1,0,0.41979656,0
18,34,0,0,0,0.0,0.0,0.0,0.0,0.0,0.0,2.458771,2.4813888,2,-1,0,0.15970431,0
18,5,0,0,0,0.0,0.0,0.0,0.0,0.0,0.0,2.1407778,2.1233332,2,-1,0,0.12685475,0
18,20,0,0,0,0.0,0.0,0.0,0.0,0.0,0.0,2.0814583,2.1455555,2,-1,0,0.06031386,0
18,7,0,0,0,0.0,0.0,0.0,0.0,0.0,0.0,2.0229652,2.047778,2,-1,0,0.014451764,0
18,26,0,0,0,0.0,0.0,0.0,0.0,0.0,0.0,2.2597501,2.2427778,2,-1,0,0.10713401,0
19,28,0,0,0,0.0,0.0,0.0,0.0,0.0,0.0,2.4205003,2.389722,2,-1,0,0.20138705,0
19,38,0,0,0,0.0,0.0,0.0,0.0,0.0,0.0,2.1748056,2.1322222,2,-1,0,0.07577494,0
19,25,0,0,0,0.0,0.0,0.0,0.0,0.0,0.0,2.0666666,2.0719445,2,-1,0,0.09492811,0
19,15,1,1,0,14.928909,-573.8187,153.15399,9.5249e-05,-0.0069473553,0.004006277,8.98418,8.475278,2,0,1,0.9876895,1
19,2,0,0,0,0.0,0.0,0.0,0.0,0.0,0.0,2.2693956,2.2230556,2,-1,0,0.23291212,0
19,22,0,0,0,0.0,0.0,0.0,0.0,0.0,0.0,2.1283681,2.061389,2,-1,0,0.16541786,0
19,27,0,0,0,0.0,0.0,0.0,0.0,0.0,0.0,2.145139,2.0175,2,-1,0,0.06277013,0
19,4,0,0,0,40.741844,5.0598536,101.25519,-0.021451192,0.002864598,0.0020558645,2.8760834,2.6733334,2,-1,0,0.10371551,0
19,37,0,0,0,0.0,0.0,0.0,0.0,0.0,0.0,2.2266529,2.2655556,2,-1,0,0.088018686,0
19,26,0,0,0,0.0,0.0,0.0,0.0,0.0,0.0,3.6156669,3.525,2,-1,0,0.8396262,1
19,29,1,1,0,26.631313,243.86496,6.50931,0.0102653885,-0.00047031263,0.022766562,26.641161,24.715834,2,1,1,0.9996551,1
19,27,0,0,0,0.0,0.0,0.0,0.0,0.0,0.0,2.4148889,2.4672222,2,-1,0,0.0958484,0
19,29,0,0,0,0.0,0.0,0.0,0.0,0.0,0.0,2.0009723,2.1069446,2,-1,0,0.10962223,0
19,27,1,1,0,-33.327736,-355.9084,117.44045,0.0014330379,0.006503419,0.010060848,12.842548,12.76,2,2,1,0.9893813,1
19,29,1,0,0,26.631313,243.86496,6.50931,0.0102653885,-0.00047031263,0.022766562,2.4494169,2.496389,2,-1,0,0.15403081,0
19,4,1,0,0,40.741844,5.0598536,101.25519,-0.021451192,0.002864598,0.0020558645,3.0225,3.1491666,2,-1,0,0.8605675,1
19,26,0,0,0,0.0,0.0,0.0,0.0,0.0,0.0,2.6731737,2.7677777,2,-1,0,0.16962776,0
19,18,0,0,0,0.0,0.0,0.0,0.0,0.0,0.0,2.2928607,2.2927778,2,-1,0,0.1293636,0
19,39,1,1,0,45.238503,421.9485,26.94324,0.0019046142,0.013425708,0.00033473677,16.095133,16.469166,2,3,1,0.99916506,1
19,4,1,1,0,40.741844,5.0598536,101.25519,-0.021451192,0.002864598,0.0020558645,5.2035694,5.2188888,2,4,1,0.914158,1
19,31,0,0,0,0.0,0.0,0.0,0.0,0.0,0.0,2.4762082,2.5408332,2,-1,0,0.07808556,0
19,23,1,0,0,-51.985737,-492.1731,460.6501,-0.015833588,-0.009454672,0.011802721,6.4143195,6.3625,2,-1,0,0.99793065,1
19,23,1,1,0,-51.985737,-492.1731,460.6501,-0.015833588,-0.009454672,0.011802721,14.887236,15.073611,2,5,1,0.9850722,1
19,33,1,0,0,-80.5819,-124.54048,424.7625,0.0008420417,0.0068288357,-0.0074732495,2.4454167,2.403889,2,-1,0,0.32225156,0
19,5,0,0,0,0.0,0.0,0.0,0.0,0.0,0.0,2.250354,2.3144445,2,-1,0,0.1695373,0
19,19,0,0,0,0.0,0.0,0.0,0.0,0.0,0.0,2.430236,2.4127777,2,-1,0,0.21928181,0
19,17,0,0,0,0.0,0.0,0.0,0.0,0.0,0.0,2.343229,2.4002779,2,-1,0,0.092610136,0
19,34,0,0,0,0.0,0.0,0.0,0.0,0.0,0.0,2.2627916,2.3488889,2,-1,0,0.0644216,0
19,24,0,0,0,0.0,0.0,0.0,0.0,0.0,0.0,2.3235765,2.3341668,2,-1,0,0.111164145,0
19,27,0,0,0,0.0,0.0,0.0,0.0,0.0,0.0,2.0611181,2.0741668,2,-1,0,0.08474837,0
19,34,0,0,0,0.0,0.0,0.0,0.0,0.0,0.0,2.3140833,2.2725,2,-1,0,0.07552391,0
19,3,1,1,0,77.38683,-464.55087,450.8796,-0.00017001301,0.017675519,-0.01015715,22.905165,22.925278,2,6,1,0.9971865,1
19,36,1,1,0,79.17521,-55.979282,314.1785,-0.0032196888,0.0036359932,-0.0028024518,6.488403,6.5444446,2,7,1,0.98847044,1
19,33,1,1,0,-80.5819,-124.54048,424.7625,0.0008420417,0.0068288357,-0.0074732495,7.0279307,5.3108335,2,8,1,0.91514677,1
19,3,1,0,0,77.38683,-464.55087,450.8796,-0.00017001301,0.017675519,-0.01015715,4.5948887,4.7294445,2,-1,0,0.94328624,1
19,1,0,0,0,0.0,0.0,0.0,0.0,0.0,0.0,2.3912153,2.3433332,2,-1,0,0.06242441,0
19,35,0,0,0,0.0,0.0,0.0,0.0,0.0,0.0,2.4526389,2.573611,2,-1,0,0.18463515,0
19,5,1,1,0,-98.01405,-503.972,460.36823,0.007211277,0.0027392865,0.019476105,7.6846247,7.192222,2,9,1,0.9985555,1
19,21,0,0,0,0.0,0.0,0.0,0.0,0.0,0.0,2.3343403,2.3286111,2,-1,0,0.13196594,0
19,22,1,0,0,-124.79682,539.1243,182.49576,0.030202959,-0.016234158,-0.013259963,6.04509,5.911667,2,-1,0,0.9905319,1
19,26,0,0,0,0.0,0.0,0.0,0.0,0.0,0.0,2.1412082,2.1880555,2,-1,0,0.09231092,0
19,13,0,0,0,0.0,0.0,0.0,0.0,0.0,0.0,2.4340625,2.4744444,2,-1,0,0.12994787,0
19,35,0,0,0,0.0,0.0,0.0,0.0,0.0,0.0,2.4960763,2.3772223,2,-1,0,0.1572995,0
19,38,0,0,0,0.0,0.0,0.0,0.0,0.0,0.0,2.194007,2.1813889,2,-1,0,0.17724667,0
19,30,0,0,0,0.0,0.0,0.0,0.0,0.0,0.0,1.9115348,2.0233333,2,-1,0,0.058634743,0
19,26,0,0,0,0.0,0.0,0.0,0.0,0.0,0.0,2.1085832,2.1047223,2,-1,0,0.06201766,0
19,33,0,0,0,0.0,0.0,0.0,0.0,0.0,0.0,2.3515139,2.3191667,2,-1,0,0.11003385,0
19,2,0,0,0,0.0,0.0,0.0,0.0,0.0,0.0,2.0869098,2.0833333,2,-1,0,0.10103708,0
19,25,0,0,0,0.0,0.0,0.0,0.0,0.0,0.0,2.578264,2.610278,2,-1,0,0.21882413,0
19,22,1,1,0,-124.79682,539.1243,182.49576,0.030202959,-0.016234158,-0.013259963,30.290525,29.859722,2,10,1,0.9727815,1
19,9,1,1,0,122.73715,-462.5704,262.3335,-0.004315184,-0.025711747,0.00065399654,16.245832,16.128334,2,11,1,0.9737621,1
19,10,0,0,0,0.0,0.0,0.0,0.0,0.0,0.0,2.4944167,2.485,2,-1,0,0.30006513,0
19,9,1,0,0,122.73715,-462.5704,262.3335,-0.004315184,-0.025711747,0.00065399654,8.444083,8.574166,2,-1,0,0.99728465,1
19,6,0,0,0,0.0,0.0,0.0,0.0,0.0,0.0,2.3146112,2.3688889,2,-1,0,0.075148754,0
19,22,1,0,0,-124.79682,539.1243,182.49576,0.030202959,-0.016234158,-0.013259963,2.5286806,2.5002778,2,-1,0,0.16102228,0
19,4,0,0,0,0.0,0.0,0.0,0.0,0.0,0.0,2.1411667,2.208889,2,-1,0,0.104885034,0
19,7,1,1,0,-138.20828,-366.43042,268.65952,-0.017721334,-0.009081269,0.0006307537,10.956805,11.122778,2,12,1,0.9427646,1
19,6,0,0,0,0.0,0.0,0.0,0.0,0.0,0.0,2.1869097,2.2269444,2,-1,0,0.09165717,0
19,14,0,0,0,0.0,0.0,0.0,0.0,0.0,0.0,2.1703193,2.1683333,2,-1,0,0.11262131,0
19,21,0,0,0,0.0,0.0,0.0,0.0,0.0,0.0,2.0455,2.046111,2,-1,0,0.122387245,0
19,33,0,0,0,0.0,0.0,0.0,0.0,0.0,0.0,2.625403,2.555,2,-1,0,0.20953831,0
19,8,1,1,0,-154.47604,377.99457,271.90567,-0.007088836,-0.0032085779,0.014390277,12.387702,10.902778,2,13,1,0.98437405,1
19,4,0,0,0,0.0,0.0,0.0,0.0,0.0,0.0,2.132257,2.1222222,2,-1,0,0.072999045,0
19,8,1,0,0,-154.47604,377.99457,271.90567,-0.007088836,-0.0032085779,0.014390277,4.043889,4.0,2,-1,0,0.96586823,1
19,24,1,1,0,163.75769,589.38635,414.9073,-0.011994275,0.017013455,0.00852848,24.65661,23.720278,2,14,1,0.9965084,1
19,20,0,0,0,0.0,0.0,0.0,0.0,0.0,0.0,2.3706803,2.3902779,2,-1,0,0.053073745,0
19,40,0,0,0,0.0,0.0,0.0,0.0,0.0,0.0,2.181882,2.1041667,2,-1,0,0.14800182,0
19,6,1,1,0,-164.12108,544.6795,379.86932,-0.001847273,0.015896743,0.004435491,19.820639,15.942223,2,15,1,0.98884684,1
19,14,0,0,0,0.0,0.0,0.0,0.0,0.0,0.0,2.311583,2.3344445,2,-1,0,0.09736211,0
19,6,0,0,0,0.0,0.0,0.0,0.0,0.0,0.0,2.021222,2.0127778,2,-1,0,0.04291219,0
19,33,0,0,0,0.0,0.0,0.0,0.0,0.0,0.0,2.225,2.1025,2,-1,0,0.1192948,0
19,34,1,1,0,-173.0214,484.88303,304.59854,-0.007938742,0.020751517,0.025378054,21.06127,21.59639,2,16,1,0.9407638,1
19,18,0,0,0,0.0,0.0,0.0,0.0,0.0,0.0,1.9707778,2.0141666,2,-1,0,0.08627981,0
19,8,1,0,0,-154.47604,377.99457,271.90567,-0.007088836,-0.0032085779,0.014390277,2.4438195,2.4458334,2,-1,0,0.0912679,0
19,34,1,0,0,-173.0214,484.88303,304.59854,-0.007938742,0.020751517,0.025378054,2.7566252,1.43,2,-1,0,0.21671012,0
19,34,1,0,0,-173.0214,484.88303,304.59854,-0.007938742,0.020751517,0.025378054,7.4932084,7.535,2,-1,0,0.9461634,1
19,11,1,0,0,186.5436,-91.60715,129.47832,-0.021778274,-0.0046183118,0.010319031,5.1547365,5.2055554,2,-1,0,0.98538417,1
19,29,0,0,0,0.0,0.0,0.0,0.0,0.0,0.0,2.3109999,2.3083334,2,-1,0,0.1139814,0
19,40,1,0,0,-259.22598,336.03506,7.0054336,0.039216798,-0.04196581,0.010672249,3.6767988,3.6305556,2,-1,0,0.9556279,1
19,33,0,0,0,0.0,0.0,0.0,0.0,0.0,0.0,2.079882,2.036111,2,-1,0,0.049021125,0
19,9,0,0,0,0.0,0.0,0.0,0.0,0.0,0.0,2.0692778,2.015,2,-1,0,0.1267676,0
19,11,1,1,0,186.5436,-91.60715,129.47832,-0.021778274,-0.0046183118,0.010319031,11.293181,11.196389,2,17,1,0.9646765,1
19,30,0,0,0,0.0,0.0,0.0,0.0,0.0,0.0,2.0671668,2.1166666,2,-1,0,0.06909741,0
19,11,1,0,0,186.5436,-91.60715,129.47832,-0.021778274,-0.0046183118,0.010319031,10.114368,10.001667,2,-1,0,0.9403996,1
19,34,0,0,0,0.0,0.0,0.0,0.0,0.0,0.0,1.9830139,2.0258334,2,-1,0,0.09119204,0
19,35,0,0,0,0.0,0.0,0.0,0.0,0.0,0.0,2.3209999,2.2758334,2,-1,0,0.08702819,0
19,20,1,0,0,207.32573,328.9563,210.07278,-0.008930117,-0.008972394,0.0074499007,2.8240001,2.8777778,2,-1,0,0.51184773,1
19,25,0,0,0,0.0,0.0,0.0,0.0,0.0,0.0,2.4424794,2.4513888,2,-1,0,0.065847665,0
19,34,1,0,0,-173.0214,484.88303,304.59854,-0.007938742,0.020751517,0.025378054,4.362014,4.269722,2,-1,0,0.9394687,1
19,3,0,0,0,0.0,0.0,0.0,0.0,0.0,0.0,2.578736,2.5752778,2,-1,0,0.1776133,0
19,39,0,0,0,0.0,0.0,0.0,0.0,0.0,0.0,2.5216668,2.5025,2,-1,0,0.40428102,0
19,31,0,0,0,0.0,0.0,0.0,0.0,0.0,0.0,2.223639,2.16,2,-1,0,0.11835665,0
19,12,1,1,0,-195.39325,184.21594,289.14417,-0.0040295487,-0.002833006,-0.0065422878,8.294598,4.7541666,2,18,1,0.97694564,1
19,12,0,0,0,0.0,0.0,0.0,0.0,0.0,0.0,2.111875,2.123889,2,-1,0,0.078873836,0
19,27,0,0,0,0.0,0.0,0.0,0.0,0.0,0.0,2.0739791,2.0330555,2,-1,0,0.09860806,0
19,17,0,0,0,0.0,0.0,0.0,0.0,0.0,0.0,2.0344098,2.0719445,2,-1,0,0.130359,0
19,4,0,0,0,0.0,0.0,0.0,0.0,0.0,0.0,2.2254791,2.1797223,2,-1,0,0.069002815,0
19,7,1,0,0,-138.20828,-366.43042,268.65952,-0.017721334,-0.009081269,0.0006307537,9.652966,9.775,2,-1,0,0.96749276,1
19,31,1,1,0,-199.38863,-300.99045,94.844444,-0.023854442,0.0025416904,-0.03374902,36.98235,36.94472,2,19,1,0.94760513,1
19,9,0,0,0,0.0,0.0,0.0,0.0,0.0,0.0,2.2999792,2.3588889,2,-1,0,0.114173025,0
19,32,0,0,0,0.0,0.0,0.0,0.0,0.0,0.0,2.0056527,2.0841668,2,-1,0,0.11161034,0
19,20,1,1,0,207.32573,328.9563,210.07278,-0.008930117,-0.008972394,0.0074499007,9.136361,9.072222,2,20,1,0.9942054,1
19,15,0,0,0,0.0,0.0,0.0,0.0,0.0,0.0,2.0335834,2.0291667,2,-1,0,0.1037983,0
19,26,1,1,0,-211.4696,482.57507,3.2032375,-0.0007090059,-0.004017303,0.025796052,21.064575,21.074722,2,21,1,0.9871106,1
19,1,0,0,0,0.0,0.0,0.0,0.0,0.0,0.0,2.4298472,2.4919446,2,-1,0,0.12380487,0
19,13,1,1,0,-224.94745,201.41394,194.27266,0.03152422,-0.017123293,0.01811143,24.791098,24.72139,2,22,1,0.99794286,1
19,26,1,0,0,-211.4696,482.57507,3.2032375,-0.0007090059,-0.004017303,0.025796052,4.158139,4.212222,2,-1,0,0.9506175,1
19,35,0,0,0,0.0,0.0,0.0,0.0,0.0,0.0,2.0758195,2.0377777,2,-1,0,0.13792412,0
19,26,0,0,0,0.0,0.0,0.0,0.0,0.0,0.0,2.6350834,2.7075,2,-1,0,0.14382061,0
19,21,1,1,0,224.33882,512.84375,408.87152,-0.024920806,-0.0018490893,-0.0030560172,23.564249,23.671112,2,23,1,0.9983342,1
19,13,1,0,0,-224.94745,201.41394,194.27266,0.03152422,-0.017123293,0.01811143,13.900958,13.271944,2,-1,0,0.945512,1
19,35,1,1,0,-223.27147,-532.2311,167.44046,0.0055370033,-0.003907351,-0.007694027,10.9475975,10.835,2,24,1,0.98096,1
19,21,1,0,0,224.33882,512.84375,408.87152,-0.024920806,-0.0018490893,-0.0030560172,2.882639,2.821389,2,-1,0,0.49475735,0
19,31,1,0,0,-199.38863,-300.99045,94.844444,-0.023854442,0.0025416904,-0.03374902,3.5234723,3.5797222,2,-1,0,0.99446684,1
19,35,1,0,0,-223.27147,-532.2311,167.44046,0.0055370033,-0.003907351,-0.007694027,2.8140626,2.7344444,2,-1,0,0.3626523,0
19,14,1,1,0,-230.5219,479.69113,443.57346,-0.0038886634,-0.019451816,-0.008272279,13.431319,13.4925,2,25,1,0.99785453,1
19,16,1,1,0,-229.26816,563.8956,84.101494,-0.015831092,-0.0037834255,0.005914324,17.355318,17.198334,2,26,1,0.98749113,1
19,14,1,0,0,-230.5219,479.69113,443.57346,-0.0038886634,-0.019451816,-0.008272279,9.574812,5.771389,2,-1,0,0.9836473,1
19,6,0,0,0,0.0,0.0,0.0,0.0,0.0,0.0,2.070639,2.1380556,2,-1,0,0.068819776,0
19,4,0,0,0,0.0,0.0,0.0,0.0,0.0,0.0,2.2145278,2.2822223,2,-1,0,0.07980453,0
19,30,0,0,0,0.0,0.0,0.0,0.0,0.0,0.0,2.093889,2.0997221,2,-1,0,0.070166655,0
19,24,0,0,0,0.0,0.0,0.0,0.0,0.0,0.0,2.3722222,2.3186111,2,-1,0,0.03717306,0
19,33,0,0,0,0.0,0.0,0.0,0.0,0.0,0.0,2.682875,2.6244445,2,-1,0,0.10584695,0
19,40,1,0,0,-259.22598,336.03506,7.0054336,0.039216798,-0.04196581,0.010672249,12.014757,11.759444,2,-1,0,0.9975382,1
19,32,0,0,0,0.0,0.0,0.0,0.0,0.0,0.0,1.9741735,2.0205555,2,-1,0,0.025919348,0
19,30,1,1,0,-244.22859,-519.07697,15.08267,0.004163564,-0.0011711165,0.0029515405,4.788611,4.7255554,2,27,1,0.99215335,1
19,18,1,0,0,-258.84634,19.917454,184.99348,0.027541852,0.016875813,-0.013281748,10.712077,10.572778,2,-1,0,0.9905015,1
19,18,1,0,0,-258.84634,19.917454,184.99348,0.027541852,0.016875813,-0.013281748,2.3321736,2.2752779,2,-1,0,0.05635749,0
19,10,1,1,0,244.55049,-525.2915,419.34406,-0.0029403537,-0.008835095,-0.018383402,9.922326,9.966389,2,28,1,0.97736937,1
19,10,1,0,0,244.55049,-525.2915,419.34406,-0.0029403537,-0.008835095,-0.018383402,6.559604,6.5869446,2,-1,0,0.9895415,1
19,21,0,0,0,0.0,0.0,0.0,0.0,0.0,0.0,2.2669168,2.3019445,2,-1,0,0.112475015,0
19,2,1,1,0,-256.11847,-156.30603,10.911615,0.009536135,-0.025938215,-0.008835912,18.13057,18.203611,2,29,1,0.97580326,1
19,40,1,1,0,-259.22598,336.03506,7.0054336,0.039216798,-0.04196581,0.010672249,31.532278,31.256111,2,30,1,0.9989498,1
19,14,0,0,0,0.0,0.0,0.0,0.0,0.0,0.0,2.2213888,2.2516668,2,-1,0,0.09526049,0
19,18,1,1,0,-258.84634,19.917454,184.99348,0.027541852,0.016875813,-0.013281748,16.14996,16.261944,2,31,1,0.9505936,1
19,15,0,0,0,0.0,0.0,0.0,0.0,0.0,0.0,2.0720694,2.0427778,2,-1,0,0.057237517,0
19,18,1,0,0,-258.84634,19.917454,184.99348,0.027541852,0.016875813,-0.013281748,4.7233057,4.6394444,2,-1,0,0.96935064,1
19,8,0,0,0,0.0,0.0,0.0,0.0,0.0,0.0,2.537021,2.4619443,2,-1,0,0.11589328,0
19,9,0,0,0,0.0,0.0,0.0,0.0,0.0,0.0,2.119229,2.048889,2,-1,0,0.080365896,0
19,15,0,0,0,0.0,0.0,0.0,0.0,0.0,0.0,2.4338472,2.3502777,2,-1,0,0.06616226,0
19,12,0,0,0,0.0,0.0,0.0,0.0,0.0,0.0,2.1612153,2.1291666,2,-1,0,0.103615016,0
19,2,0,0,0,0.0,0.0,0.0,0.0,0.0,0.0,2.184507,2.1730556,2,-1,0,0.08315127,0
19,36,0,0,0,0.0,0.0,0.0,0.0,0.0,0.0,2.4422152,2.5491667,2,-1,0,0.09291427,0
19,38,0,0,0,0.0,0.0,0.0,0.0,0.0,0.0,2.3477778,2.3319445,2,-1,0,0.11486515,0
19,19,1,0,0,299.90054,-249.31516,28.646284,-0.011543094,-0.020320147,-0.0076354174,7.4925,7.605,2,-1,0,0.9808189,1
19,37,1,1,0,280.30786,-332.60556,328.97708,0.00039634336,-0.010131215,-0.0050823893,8.066944,6.8883333,2,32,1,0.98612946,1
19,27,0,0,0,0.0,0.0,0.0,0.0,0.0,0.0,2.5991876,2.5144444,2,-1,0,0.11117291,0
19,23,0,0,0,0.0,0.0,0.0,0.0,0.0,0.0,2.065361,2.166111,2,-1,0,0.096929446,0
19,1,1,0,0,293.0573,-444.65704,425.11588,0.00790812,-0.0015928574,0.012948143,5.723472,5.653333,2,-1,0,0.83237016,1
19,1,1,1,0,293.0573,-444.65704,425.11588,0.00790812,-0.0015928574,0.012948143,7.7504444,7.7802777,2,33,1,0.9923402,1
19,16,0,0,0,0.0,0.0,0.0,0.0,0.0,0.0,2.3164792,2.3736112,2,-1,0,0.16360584,0
19,19,1,1,0,299.90054,-249.31516,28.646284,-0.011543094,-0.020320147,-0.0076354174,16.767668,16.849445,2,34,1,0.99321556,1
19,19,1,0,0,299.90054,-249.31516,28.646284,-0.011543094,-0.020320147,-0.0076354174,3.0662847,3.1555555,2,-1,0,0.23885065,0
19,14,0,0,0,0.0,0.0,0.0,0.0,0.0,0.0,2.3822775,2.3841667,2,-1,0,0.07615311,0
19,28,0,0,0,0.0,0.0,0.0,0.0,0.0,0.0,2.4061668,2.3411112,2,-1,0,0.095289186,0
19,22,0,0,0,0.0,0.0,0.0,0.0,0.0,0.0,2.1011946,2.008889,2,-1,0,0.05327055,0
19,31,0,0,0,0.0,0.0,0.0,0.0,0.0,0.0,2.0096529,2.0052779,2,-1,0,0.10973288,0
19,7,0,0,0,0.0,0.0,0.0,0.0,0.0,0.0,2.614646,2.7036111,2,-1,0,0.1276892,0
19,27,0,0,0,0.0,0.0,0.0,0.0,0.0,0.0,2.7597084,2.6636112,2,-1,0,0.13764036,0
19,30,0,0,0,0.0,0.0,0.0,0.0,0.0,0.0,2.418361,2.496389,2,-1,0,0.1098549,0
19,32,1,1,0,-321.7227,352.96277,302.96848,-0.02233615,-0.025036065,0.010433809,22.787722,20.962778,2,35,1,0.99873334,1
19,2,0,0,0,0.0,0.0,0.0,0.0,0.0,0.0,2.4399583,2.3572223,2,-1,0,0.11424032,0
19,4,0,0,0,0.0,0.0,0.0,0.0,0.0,0.0,3.2608194,3.1769445,2,-1,0,0.14625111,0
19,32,1,0,0,-321.7227,352.96277,302.96848,-0.02233615,-0.025036065,0.010433809,2.8110836,2.8105555,2,-1,0,0.55644214,1
19,32,0,0,0,0.0,0.0,0.0,0.0,0.0,0.0,2.8363888,2.8791666,2,-1,0,0.25055575,0
19,32,1,0,0,-321.7227,352.96277,302.96848,-0.02233615,-0.025036065,0.010433809,2.4581528,2.4655557,2,-1,0,0.12627733,0
19,38,1,1,0,335.786,-167.56746,354.7373,0.0067444597,0.018611519,0.012275392,16.679083,16.919167,2,36,1,0.98413175,1
19,28,1,1,0,337.70312,-72.31341,250.58888,-0.014668855,-0.020180447,-0.0019799147,19.24352,19.234167,2,37,1,0.92784667,1
19,38,1,0,0,335.786,-167.56746,354.7373,0.0067444597,0.018611519,0.012275392,6.834875,2.7013888,2,-1,0,0.98336166,1
19,17,0,0,0,0.0,0.0,0.0,0.0,0.0,0.0,3.469903,-1.0,2,-1,0,0.94703555,1
19,17,0,0,0,0.0,0.0,0.0,0.0,0.0,0.0,10.934597,-1.0,2,-1,0,0.99805,1
19,7,0,0,0,0.0,0.0,0.0,0.0,0.0,0.0,2.223972,2.202222,2,-1,0,0.103389986,0
19,3,0,0,0,0.0,0.0,0.0,0.0,0.0,0.0,2.3341944,2.3058333,2,-1,0,0.09167635,0
19,25,0,0,0,0.0,0.0,0.0,0.0,0.0,0.0,2.1940486,2.1588888,2,-1,0,0.081632026,0
19,16,0,0,0,0.0,0.0,0.0,0.0,0.0,0.0,2.1268404,2.0866666,2,-1,0,0.11733873,0
19,39,0,0,0,0.0,0.0,0.0,0.0,0.0,0.0,2.309764,2.3186111,2,-1,0,0.11068465,0
19,7,1,0,0,-116.03083,-526.25964,513.51324,-0.017721334,-0.009081269,0.0006307537,9.405479,9.441944,2,-1,0,0.9933262,1
19,33,0,0,0,0.0,0.0,0.0,0.0,0.0,0.0,2.5726945,2.538889,2,-1,0,0.13835298,0
19,22,0,0,0,0.0,0.0,0.0,0.0,0.0,0.0,2.5923612,2.7394445,2,-1,0,0.10943443,0
19,32,0,0,0,0.0,0.0,0.0,0.0,0.0,0.0,2.260236,2.143889,2,-1,0,0.12535478,0
19,5,0,0,0,0.0,0.0,0.0,0.0,0.0,0.0,2.7123055,2.6358333,2,-1,0,0.20232803,0
19,22,0,0,0,0.0,0.0,0.0,0.0,0.0,0.0,2.030368,2.0541666,2,-1,0,0.08003429,0
19,20,0,0,0,0.0,0.0,0.0,0.0,0.0,0.0,2.5539722,2.4966667,2,-1,0,0.19247131,0
19,34,0,0,0,0.0,0.0,0.0,0.0,0.0,0.0,2.13559,2.1672223,2,-1,0,0.094635576,0
19,11,0,0,0,0.0,0.0,0.0,0.0,0.0,0.0,2.0877779,2.148611,2,-1,0,0.07590382,0
19,5,0,0,0,0.0,0.0,0.0,0.0,0.0,0.0,2.3281667,2.263611,2,-1,0,0.12280732,0
19,36,0,0,0,0.0,0.0,0.0,0.0,0.0,0.0,2.0990138,2.0383334,2,-1,0,0.007203286,0
19,29,0,0,0,0.0,0.0,0.0,0.0,0.0,0.0,2.1680207,2.1088889,2,-1,0,0.037843432,0
19,1,0,0,0,0.0,0.0,0.0,0.0,0.0,0.0,2.035979,2.156389,2,-1,0,0.07219594,0
19,18,0,0,0,0.0,0.0,0.0,0.0,0.0,0.0,2.19975,2.148611,2,-1,0,0.03709243,0
19,24,0,0,0,0.0,0.0,0.0,0.0,0.0,0.0,2.1301665,2.1066666,2,-1,0,0.07904228,0
19,1,0,0,0,0.0,0.0,0.0,0.0,0.0,0.0,2.3542151,2.2872221,2,-1,0,0.17568004,0
19,19,0,0,0,0.0,0.0,0.0,0.0,0.0,0.0,2.0522637,2.0569444,2,-1,0,0.006264192,0
