file_index,event,is_marley,is_main_track,is_es_interaction,pos_x,pos_y,pos_z,momentum_x,momentum_y,momentum_z,cluster_energy,particle_energy,plane_id,match_id,true_label,prediction_prob,predicted_label
0,38,1,1,1,-5.887769,488.1939,352.19473,-0.0043190317,0.0028838543,-0.0032902372,6.773611,6.612222,2,0,1,0.9793634,1
0,28,1,1,1,18.708385,9.318565,39.331944,-0.01250021,0.009066613,-0.005085229,14.290597,14.478333,2,1,1,0.9996265,1
0,18,1,1,1,-16.291069,-355.53757,393.77115,-0.006841085,0.0065915715,-0.0007679391,11.508764,11.657778,2,2,1,0.95599,1
0,28,1,0,1,18.708385,9.318565,39.331944,-0.01250021,0.009066613,-0.005085229,5.5645,5.644722,2,-1,0,0.9335431,1
0,36,1,1,1,-23.371807,-60.02252,453.8512,-0.016085034,0.011337085,-0.0046725003,15.519625,15.758889,2,3,1,0.9997476,1
0,36,1,0,1,-23.371807,-60.02252,453.8512,-0.016085034,0.011337085,-0.0046725003,7.1370835,7.11,2,-1,0,0.9789868,1
0,10,1,1,1,-25.892584,-341.5954,348.6927,-0.009355868,0.0031598418,-0.0027107694,12.039438,12.152778,2,4,1,0.99312735,1
0,29,1,1,1,-30.737474,-355.83762,320.15714,-0.017581182,0.009892504,-0.0065878616,21.07006,21.193611,2,5,1,0.9896574,1
0,14,1,1,1,-48.75162,529.6959,330.12277,-0.0028694405,0.003173055,-0.0024127222,5.5855975,5.4194446,2,7,1,0.9981985,1
0,6,1,1,1,-57.002087,-349.0166,356.87778,-0.0063442313,0.0027110395,-0.0015971033,7.8025694,7.8058333,2,8,1,0.9980526,1
0,11,1,1,1,75.08177,-61.44444,24.691378,-0.01092081,0.0068788556,-0.0059621288,7.6378756,7.5469446,2,9,1,0.9751041,1
0,11,1,0,1,75.08177,-61.44444,24.691378,-0.01092081,0.0068788556,-0.0059621288,7.030486,7.032778,2,-1,0,0.9613076,1
0,1,1,1,1,-74.09154,-59.51143,440.50247,-0.0053863013,0.0023528258,-0.0036964086,5.7543893,5.7588887,2,10,1,0.9781108,1
0,35,1,1,1,-75.57922,-579.53406,64.15891,-0.013907733,0.0055885147,-0.0041224533,10.884318,10.894722,2,11,1,0.9990391,1
0,20,1,1,1,-105.86852,170.17392,305.96774,-0.018084751,0.01122276,-0.0063495403,24.366701,24.138056,2,12,1,0.9997328,1
0,17,1,1,1,-126.27135,7.7758036,101.04736,-0.005315043,0.0011268815,-0.0013364052,5.8978753,5.966111,2,13,1,0.97473675,1
0,4,1,1,1,-146.56323,518.573,143.73297,-0.0065074577,0.002348898,-0.0029907643,8.400437,8.353611,2,14,1,0.9893674,1
0,30,1,1,1,-176.48962,237.26251,230.23811,-0.010534715,0.0033863105,-0.0030158015,11.259397,11.388333,2,15,1,0.9992438,1
0,34,1,1,1,-183.23723,-238.36798,431.1101,-0.010416652,0.0043395986,-0.0044041662,10.088492,10.206944,2,16,1,0.9805612,1
0,7,1,1,1,-188.69368,63.480026,222.78485,-0.022850662,0.011884853,-0.004161582,24.33643,24.3675,2,17,1,0.99975044,1
0,37,1,1,1,-203.52924,-588.1802,186.406,-0.008018905,0.005126691,0.00027105171,7.381229,7.3616667,2,18,1,0.97532177,1
0,32,1,1,1,215.82158,550.5805,423.77045,-0.015124275,0.009173758,-0.0021834257,17.6982,17.590555,2,19,1,0.9949455,1
0,13,1,1,1,-220.11273,315.50497,56.13667,-0.004111846,0.0005828244,-0.0015569899,4.348611,4.3133335,2,20,1,0.9703076,1
0,27,1,1,1,225.60738,207.4139,447.24353,-0.0066326717,0.006687731,-0.00084760826,9.90184,9.795278,2,21,1,0.97851574,1
0,16,1,1,1,236.56126,373.96478,381.2648,-0.016315952,0.0064327684,-0.0053229593,10.353409,10.266111,2,22,1,0.96240115,1
0,16,1,0,1,236.56126,373.96478,381.2648,-0.016315952,0.0064327684,-0.0053229593,9.246591,9.169167,2,-1,0,0.9923367,1
0,19,1,1,1,238.02531,-144.29382,430.02203,-0.009626028,0.0060375906,-0.0002993361,6.604375,6.641111,2,23,1,0.9473513,1
0,24,1,1,1,243.04498,-397.75613,396.9251,-0.008273044,0.008182299,-0.0023187643,10.618576,10.52,2,24,1,0.99592185,1
0,15,0,0,0,0.0,0.0,0.0,0.0,0.0,0.0,15.453049,-1.0,2,-1,0,0.9999901,1
0,40,1,1,1,274.70532,-144.05058,462.2097,-0.02636478,0.012909112,-0.0071638166,17.321695,17.234444,2,27,1,0.9796876,1
0,2,1,1,1,-269.8394,238.28468,380.69073,-0.02028906,0.011483421,-0.009038155,22.627304,22.780556,2,28,1,0.99927634,1
0,40,1,0,1,274.70532,-144.05058,462.2097,-0.02636478,0.012909112,-0.0071638166,7.6104374,7.5480556,2,-1,0,0.9993357,1
0,23,1,1,1,279.12277,-61.813297,21.58247,-0.013150806,0.009370513,-0.0069675245,17.615702,17.807777,2,29,1,0.9701694,1
0,9,1,1,1,279.28745,-83.18786,88.02236,-0.0026317264,0.0031765765,-0.0009891049,3.766618,3.7622223,2,30,1,0.93012345,1
0,33,1,1,1,304.10547,-371.0707,191.18419,-0.003301656,0.0037821569,-2.3156374e-05,4.5671945,4.5958333,2,31,1,0.9832035,1
0,21,1,1,1,-324.4796,51.498844,248.415,-0.011652086,0.00804348,-0.0056090443,10.504735,10.477222,2,32,1,0.98337346,1
0,31,1,1,1,-337.67313,170.78697,126.02606,-0.002603472,0.0024494815,-0.0019126666,3.42,3.4833333,2,33,1,0.9454039,1
1,3,1,1,1,-14.579308,599.3256,300.33194,-0.0062732827,0.004892683,0.0002583534,2.964139,3.0486112,2,0,1,0.5189273,1
1,17,1,1,1,-27.428907,-335.0945,87.41697,-0.014543722,0.006881721,-0.005086772,19.986423,20.203333,2,1,1,0.99955875,1
1,25,1,1,1,-27.851357,-156.32921,4.275841,-0.020417225,0.013137059,-0.0051299715,25.29625,25.462223,2,2,1,0.98897284,1
1,21,1,1,1,42.949795,338.70068,237.59955,-0.012623422,0.006796046,-0.0058983285,18.78366,18.876944,2,3,1,0.9846731,1
1,10,1,1,1,-46.154057,269.67975,131.23306,-0.008344578,0.0074857348,-0.0026034717,11.763347,11.882778,2,4,1,0.9971335,1
1,14,1,1,1,-51.987553,-593.1324,455.07907,-0.01901176,0.0101240715,-0.0074834526,24.212042,23.799166,2,5,1,0.9998547,1
1,13,1,1,1,-62.167747,331.3601,55.345608,-0.016786294,0.009674892,-0.0031164316,16.841806,16.833334,2,6,1,0.9931977,1
1,13,1,0,1,-62.167747,331.3601,55.345608,-0.016786294,0.009674892,-0.0031164316,3.6020207,3.6430554,2,-1,0,0.92425525,1
1,15,1,1,1,-63.879036,-436.76083,411.685,-0.022937508,0.012950685,-0.0059537203,19.450672,19.400555,2,7,1,0.9938127,1
1,31,1,1,1,-66.4098,-133.65607,341.21454,-0.013512915,0.010522775,-0.0016061513,20.102348,20.045,2,8,1,0.9870281,1
1,15,1,0,1,-63.879036,-436.76083,411.685,-0.022937508,0.012950685,-0.0059537203,7.1009583,7.169722,2,-1,0,0.9742063,1
1,33,1,1,1,-70.089264,-494.26242,93.07779,-0.008972346,0.00483081,-0.0039011156,6.1313124,6.1091666,2,9,1,0.971199,1
1,1,1,1,1,-97.561775,-61.121376,184.46292,-0.008856594,0.0061047194,-0.0003506119,9.962236,10.135278,2,11,1,0.9933537,1
1,33,1,0,1,-70.089264,-494.26242,93.07779,-0.008972346,0.00483081,-0.0039011156,4.787306,4.812222,2,-1,0,0.97862214,1
1,32,1,1,1,-101.78403,207.01532,109.915085,-0.0019248067,0.0023304308,0.0004247555,2.9702914,2.9622223,2,12,1,0.69481844,1
1,6,1,1,1,107.06669,459.31116,456.49274,-0.01368372,0.01051767,-0.0022098888,15.798646,15.838333,2,13,1,0.9895188,1
1,18,1,1,1,113.405846,-470.4673,95.08871,-0.00966231,0.007419621,-0.0016856196,14.127535,14.179167,2,14,1,0.98128146,1
1,2,1,1,1,116.064156,242.29453,394.6119,-0.013264546,0.007356999,-0.0044107297,15.91721,15.845,2,15,1,0.88594055,1
1,28,1,1,1,170.95604,-297.73276,427.81738,-0.0051401705,0.0012785268,-0.0024717834,4.8762155,4.924722,2,16,1,0.88918793,1
1,9,1,1,1,179.05606,232.29958,293.97552,-0.015095666,0.0069776224,-0.0029920067,10.2733555,10.385278,2,17,1,0.9555021,1
1,37,1,1,1,-209.9916,-477.88315,349.45877,-0.013213101,0.011305555,-0.0050939946,14.58616,14.431111,2,18,1,0.9666275,1
1,23,1,1,1,-218.6545,385.0636,139.18341,-0.010829343,0.0053830147,-0.004441143,10.457674,10.6075,2,19,1,0.9850374,1
1,22,1,1,1,-227.4993,-550.1218,86.09535,-0.01562162,0.010232657,-0.006728782,17.621897,17.626112,2,20,1,0.9981369,1
1,12,1,1,1,-234.75618,175.0573,150.13853,-0.010126351,0.0063068727,-0.0010225816,10.595639,10.616667,2,21,1,0.9849267,1
1,19,1,1,1,-238.69397,-76.05352,278.75687,-0.012137988,0.008788666,-0.0021003769,12.17302,12.069167,2,22,1,0.9557504,1
1,5,1,1,1,253.04747,-499.46527,335.42184,-0.0035644807,0.0018944171,0.0008201448,3.9932704,3.9197223,2,23,1,0.98302937,1
1,40,1,1,1,-260.96664,-548.18536,255.04391,-0.016170487,0.0097649535,-0.004338236,17.68286,17.642778,2,24,1,0.99983203,1
1,38,1,1,1,271.57156,275.5198,360.00018,-0.013624011,0.0074232453,-0.00627399,17.387583,17.376944,2,25,1,0.9989371,1
1,27,1,1,1,-272.04303,258.25607,110.407265,-0.0058990787,0.0030549334,0.0005350409,6.5225353,6.611111,2,26,1,0.99013317,1
1,24,1,1,1,-274.50494,302.64432,247.78056,-0.0037753268,0.0006048295,-9.524919e-05,3.208604,3.251111,2,27,1,0.8937895,1
1,26,1,1,1,280.23285,200.07428,229.74182,-0.0026478095,0.0021179267,0.0007365243,3.130528,3.0869443,2,28,1,0.7450945,1
1,35,1,1,1,-299.54425,-553.3588,200.74565,-0.014265975,0.008558826,-0.0020222499,11.2294035,11.213333,2,29,1,0.9713787,1
1,8,1,1,1,320.5015,-237.81674,92.4072,-0.0071787345,0.0067488328,-0.0036394703,6.1778536,6.185,2,30,1,0.9998002,1
1,4,1,0,1,-331.48798,317.62964,338.04572,-0.014039679,0.009870822,-0.0023466388,7.561341,7.5905557,2,-1,0,0.98880744,1
1,4,1,1,1,-331.48798,317.62964,338.04572,-0.014039679,0.009870822,-0.0023466388,7.7324376,7.8072224,2,31,1,0.9853467,1
1,34,1,1,1,-353.67395,53.545086,18.678288,-0.004623741,0.004786873,-0.0021401867,5.8058743,5.7705555,2,32,1,0.9570672,1
2,19,1,1,1,-19.889156,-387.1669,444.60916,-0.0027658648,0.002813528,-0.0025546802,4.20175,4.033889,2,0,1,0.9734787,1
2,32,1,1,1,-21.664808,-350.4009,313.09262,-0.0035723853,0.0016754828,5.479363e-05,3.604618,3.5908334,2,1,1,0.7755391,1
2,8,1,1,1,-22.932474,452.34155,179.67787,-0.015175149,0.0073852045,-0.00589466,21.19619,21.308056,2,2,1,0.9825804,1
2,35,1,1,1,-29.532497,584.195,224.35062,-0.016693203,0.0134231085,-0.007635622,18.188951,17.945833,2,3,1,0.9716043,1
2,30,1,1,1,-43.790462,-30.017063,278.44025,-0.010711698,0.0067984303,-0.0014983192,15.017827,15.241389,2,4,1,0.9568611,1
2,23,1,1,1,55.0204,-598.5312,433.69534,-0.006490562,0.0019795052,-0.00027921505,6.9122705,6.8072224,2,5,1,0.991876,1
2,29,1,1,1,64.235115,134.27438,436.6478,-0.011303758,0.007825989,-0.0054384097,17.55291,17.6525,2,6,1,0.9953205,1
2,39,1,0,1,76.2813,-372.94128,191.34769,-0.018995028,0.011253144,-0.0037233876,7.896639,7.6583333,2,-1,0,0.92480844,1
2,39,1,1,1,76.2813,-372.94128,191.34769,-0.018995028,0.011253144,-0.0037233876,17.31656,17.085,2,7,1,0.966561,1
2,15,1,1,1,83.977615,-238.11528,134.89151,-0.011304147,0.004860379,-0.004590684,15.768077,15.550278,2,8,1,0.991469,1
2,25,1,1,1,100.70072,-111.63153,125.531975,-0.015490234,0.0074176537,-0.0030471443,19.437153,19.340555,2,9,1,0.95332676,1
2,37,1,1,1,108.8381,-305.29694,35.556458,-0.023140699,0.011630363,-0.007892877,31.659016,31.439722,2,10,1,0.99931836,1
2,3,1,1,1,127.02298,-100.18625,401.70337,-0.018149266,0.01124323,-0.007962038,26.122353,26.1975,2,11,1,0.99356633,1
2,2,1,1,1,139.57364,-198.45105,65.9661,-0.004578261,0.003830308,7.171126e-05,6.655646,6.5936112,2,12,1,0.975154,1
2,40,1,1,1,141.48549,-46.833317,439.8607,-0.008546506,0.002970853,-0.003471742,10.637875,10.682222,2,13,1,0.9731673,1
2,18,1,1,1,141.99965,211.58734,319.76282,-0.0070319856,0.0054627857,-0.0023303956,9.686973,9.632222,2,14,1,0.96622187,1
2,4,0,0,0,0.0,0.0,0.0,0.0,0.0,0.0,2.8125072,2.7925,2,-1,0,0.5634416,1
2,40,0,0,0,0.0,0.0,0.0,0.0,0.0,0.0,2.5979373,2.5377777,2,-1,0,0.56386983,1
2,5,1,1,1,182.41136,-546.3773,378.63007,-0.017201878,0.011487502,-0.0023927977,19.438911,19.199444,2,15,1,0.99851364,1
2,34,1,1,1,185.84882,227.82271,303.2183,-0.0046846303,0.0039617317,-0.0037203704,7.6579514,7.6091666,2,16,1,0.97699976,1
2,7,1,1,1,-184.67813,-347.01685,255.79953,-0.018554587,0.0120228175,-0.0043631666,14.572417,14.592222,2,17,1,0.9751648,1
2,7,1,0,1,-184.67813,-347.01685,255.79953,-0.018554587,0.0120228175,-0.0043631666,6.448896,6.4419446,2,-1,0,0.9585918,1
2,31,1,1,1,-193.05234,-465.95804,229.51053,-0.012406039,0.0066475593,-0.0031394365,15.267166,15.258333,2,18,1,0.94910395,1
2,14,1,1,1,-200.41064,-22.677578,373.1306,-0.0040560733,0.0020851274,-0.0027728742,5.240521,5.3055553,2,19,1,0.972934,1
2,10,1,1,1,210.38634,66.456825,297.319,-0.0031295808,0.0036813575,-0.0018333717,5.134264,5.0736113,2,20,1,0.9661116,1
2,11,1,1,1,-228.55537,-229.00009,122.658134,-0.02264266,0.012491875,-0.008212552,27.305838,27.486944,2,-1,1,0.9718658,1
2,33,1,1,1,241.39339,14.765117,424.2098,-0.019808045,0.013051434,-0.0063314755,21.994005,21.98889,2,21,1,0.99963725,1
2,1,1,1,1,-237.64507,-527.1128,454.80457,-0.019674527,0.009625675,-0.0043608123,19.33284,19.393055,2,23,1,0.99816716,1
2,21,1,1,1,-240.47711,578.5695,425.14886,-0.0046172244,0.0038673053,0.0003794999,5.7955832,5.8594446,2,24,1,0.9823251,1
2,27,1,1,1,-244.40396,-464.46753,191.61218,-0.011332928,0.0061418233,-0.004346172,14.226847,14.242778,2,25,1,0.8639884,1
2,36,1,1,1,271.1056,-151.56013,246.35,-0.025105603,0.013505823,-0.007443602,28.940521,28.825277,2,26,1,0.967995,1
2,28,1,1,1,-267.24243,-345.20035,148.64714,-0.02664756,0.015442361,-0.011290861,30.346897,30.324167,2,27,1,0.99621433,1
2,38,1,1,1,289.56415,66.85075,167.80667,-0.014539004,0.008849198,-0.0028503987,18.219463,18.289444,2,28,1,0.99980867,1
2,6,1,1,1,319.42044,260.93304,265.38397,-0.011584579,0.0063358424,-0.005047653,14.46761,14.514722,2,29,1,0.98012537,1
2,37,0,0,0,0.0,0.0,0.0,0.0,0.0,0.0,2.3880138,2.3930554,2,-1,0,0.5767206,1
3,3,1,1,1,7.045585,-493.4534,318.23923,-0.012963741,0.009252161,-0.0041248696,6.3536735,6.158056,2,0,1,0.986121,1
3,4,1,0,1,-6.407485,-442.16312,189.52466,-0.018205648,0.014629257,-0.008140265,10.689486,10.959167,2,-1,0,0.9995629,1
3,34,1,1,1,-8.047911,-362.6713,126.358315,-0.0053927926,0.0031672248,-0.003571673,8.236507,8.368333,2,1,1,0.9174738,1
3,4,1,1,1,-6.407485,-442.16312,189.52466,-0.018205648,0.014629257,-0.008140265,12.855792,12.936111,2,2,1,0.99448955,1
3,4,1,0,1,-6.407485,-442.16312,189.52466,-0.018205648,0.014629257,-0.008140265,3.213639,3.1769445,2,-1,0,0.8700022,1
3,11,1,1,1,-20.716642,-50.538754,421.8003,-0.0142672695,0.008378031,-0.0022064731,9.380702,9.467778,2,3,1,0.97690076,1
3,20,0,0,0,0.0,0.0,0.0,0.0,0.0,0.0,3.7259376,3.8322222,2,-1,0,0.5792137,1
3,9,1,1,1,61.219944,106.75846,151.32172,-0.012729324,0.005521757,-0.0044110604,16.647333,16.778889,2,4,1,0.9787275,1
3,32,1,1,1,67.55976,8.151045,67.21867,-0.01015074,0.0066604284,-0.0047832807,13.056451,12.8975,2,5,1,0.99086773,1
3,10,0,0,0,0.0,0.0,0.0,0.0,0.0,0.0,2.7830832,2.7386112,2,-1,0,0.56274205,1
3,40,1,1,1,82.988785,-160.41173,164.51141,-0.004185022,0.0030478695,0.00070537615,5.8079653,5.6675,2,6,1,0.9930797,1
3,2,1,1,1,-84.5095,523.38385,199.14444,-0.0027294606,0.001158634,0.0005450823,3.2111943,2.9858334,2,7,1,0.60782486,1
3,39,1,1,1,93.29037,-138.07458,367.0047,-0.015629465,0.00672579,-0.002745835,19.511847,19.550556,2,8,1,0.9904903,1
3,27,1,1,1,-90.516426,-230.45036,319.1082,-0.00466378,0.0013089291,-0.0025486723,5.678056,5.8230557,2,10,1,0.9931961,1
3,1,1,1,1,100.178955,-419.69656,461.59183,-0.013951718,0.008230857,-0.006475526,10.097709,10.133611,2,12,1,0.97784096,1
3,1,1,0,1,100.178955,-419.69656,461.59183,-0.013951718,0.008230857,-0.006475526,8.708208,8.569167,2,-1,0,0.9752246,1
3,35,1,1,1,-124.96266,121.765594,150.25023,-0.0038984902,0.002626952,-0.0009988196,5.0192156,5.0844445,2,13,1,0.9658518,1
3,8,1,1,1,134.01276,-178.15999,127.18214,-0.009003543,0.0049034636,-0.00264607,12.154424,12.061389,2,14,1,0.9716308,1
3,23,1,1,1,139.02371,-131.82529,368.72003,-0.004670326,0.0007100855,-0.0011917792,4.1440697,4.1880555,2,15,1,0.96304595,1
3,37,1,1,1,-139.9637,-6.1970916,238.14015,-0.002535846,0.00093142834,-0.0023007556,3.4924862,3.45,2,16,1,0.93772817,1
3,38,1,1,1,-150.02327,363.84464,74.49395,-0.011572391,0.008491617,-0.0066440697,11.830049,11.721666,2,17,1,0.9737257,1
3,38,1,0,1,-150.02327,363.84464,74.49395,-0.011572391,0.008491617,-0.0066440697,3.689778,3.7480555,2,-1,0,0.9689231,1
3,22,1,0,1,239.66235,-299.49963,332.3455,-0.017227728,0.010287459,-0.004270884,3.5376248,3.5930555,2,-1,0,0.90410286,1
3,30,1,1,1,-165.21574,-13.416888,205.21622,-0.0075391424,0.0058994824,-0.0028855782,9.39375,9.245277,2,18,1,0.9945826,1
3,10,1,1,1,194.59816,219.78026,338.04398,-0.024577064,0.014041989,-0.006080543,23.519922,23.657778,2,20,1,0.99996924,1
3,25,1,1,1,-195.74057,31.619728,230.31703,-0.014666779,0.01284489,-0.0042208587,10.0,9.959444,2,21,1,0.9737987,1
3,28,1,1,1,-216.27727,178.47255,316.22983,-0.016860705,0.012237076,-0.006841908,23.488775,23.733334,2,22,1,0.98901385,1
3,36,1,1,1,231.98979,233.05283,180.27792,-0.006501495,0.004118836,0.00048380907,8.134785,8.113334,2,23,1,0.9756576,1
3,22,1,1,1,239.66235,-299.49963,332.3455,-0.017227728,0.010287459,-0.004270884,16.657736,16.619444,2,24,1,0.98160034,1
3,12,1,1,1,-238.16335,-580.77325,275.02808,-0.012224463,0.009390684,-0.0038700863,14.411528,14.366111,2,25,1,0.9972857,1
3,15,1,0,1,-245.29036,340.29626,52.42297,-0.017213749,0.013403929,-0.0063863113,8.096375,8.098889,2,-1,0,0.97734123,1
3,15,1,1,1,-245.29036,340.29626,52.42297,-0.017213749,0.013403929,-0.0063863113,12.815445,12.727222,2,26,1,0.98355585,1
3,14,1,1,1,-265.45584,107.38693,280.48215,-0.02627991,0.016480014,-0.006937756,26.130812,26.264723,2,28,1,0.9950128,1
3,20,1,1,1,-270.47787,40.97811,107.25915,-0.004914124,0.0033824074,0.00031151745,4.972347,4.9525,2,29,1,0.98697376,1
3,18,1,1,1,280.99045,291.38278,23.270332,-0.009535176,0.0038850908,-0.0019903164,10.074139,10.063611,2,30,1,0.9750129,1
3,19,1,1,1,291.37256,-23.716297,437.98615,-0.0038055328,0.0016858832,-0.0027803772,4.7660694,4.691111,2,31,1,0.971867,1
3,6,1,1,1,300.90125,113.02582,275.0585,-0.014740352,0.008098454,-0.006917569,16.050888,16.171112,2,32,1,0.9964665,1
3,24,1,1,1,301.2216,-169.90059,317.38522,-0.010589314,0.004484793,-0.004635185,9.649501,9.657778,2,33,1,0.9999609,1
3,26,1,1,1,304.34976,573.9141,364.99365,-0.019188674,0.009235444,-0.0038152426,17.428354,17.248056,2,34,1,0.99927765,1
3,13,1,1,1,-309.2747,-555.6654,141.06941,-0.004430251,0.0015937943,0.0005910217,3.2842014,3.3263888,2,35,1,0.74275565,1
3,17,1,1,1,-334.1494,444.2471,164.39847,-0.012146256,0.008206457,-0.0055811475,12.800375,12.883333,2,36,1,0.9998274,1
3,5,1,1,1,-359.75522,-150.69553,305.28326,-0.0035719674,0.0005412272,-0.00019496778,2.9070349,2.8941667,2,37,1,0.772143,1
4,28,1,1,1,16.68654,185.9517,328.17062,-0.003230121,0.00046606138,-0.0018746352,3.8923473,3.9397223,2,0,1,0.98796684,1
4,16,1,0,1,-31.531805,-221.31143,305.9427,-0.012997602,0.0079280045,-0.0050739157,3.5739372,3.5113888,2,-1,0,0.9040504,1
4,16,1,1,1,-31.531805,-221.31143,305.9427,-0.012997602,0.0079280045,-0.0050739157,15.227867,15.318611,2,1,1,0.98885334,1
4,34,1,1,1,-38.728622,-154.43533,134.6015,-0.004759167,0.0036448413,0.00010807567,6.7913685,6.683889,2,2,1,0.9950783,1
4,36,1,1,1,-45.213364,391.00388,280.45743,-0.0054743793,0.0037732408,0.00059574173,7.4955974,7.6744447,2,3,1,0.988734,1
4,3,1,0,1,145.40707,-368.76236,314.17123,-0.015420362,0.010163514,-0.004737912,5.760958,5.8461113,2,-1,0,0.9668966,1
4,40,1,1,1,-83.83168,-188.28539,419.1351,-0.0029534327,0.0005818549,0.00043212072,3.2802014,3.2058334,2,5,1,0.8169797,1
4,38,1,1,1,98.43503,66.366394,2.8676322,-0.008655162,0.0052852924,-0.004380914,12.753472,12.617778,2,6,1,0.9861268,1
4,26,1,1,1,-97.266365,399.15744,368.67465,-0.010601021,0.0063146036,-0.0022961732,8.514548,8.505278,2,7,1,0.9961502,1
4,35,1,1,1,131.62898,112.65956,371.0976,-0.0035773236,0.0017009246,-0.0025084328,4.200889,4.196944,2,8,1,0.98136294,1
4,3,1,1,1,145.40707,-368.76236,314.17123,-0.015420362,0.010163514,-0.004737912,12.97391,12.885834,2,9,1,0.9998914,1
4,25,1,1,1,-141.35704,589.6002,231.44315,-0.018826552,0.014389501,-0.0065203784,5.298993,5.457222,2,10,1,0.95121825,1
4,6,1,1,1,-144.416,177.68077,154.18617,-0.020689404,0.013222829,-0.0039466186,27.679375,27.841389,2,11,1,0.98486936,1
4,17,1,1,1,147.10406,96.243996,265.97653,-0.0063353786,0.0052185515,-0.004548009,8.726285,8.738611,2,12,1,0.9876907,1
4,25,1,0,1,-141.35704,589.6002,231.44315,-0.018826552,0.014389501,-0.0065203784,3.644646,3.7,2,-1,0,0.92331576,1
4,23,1,1,1,166.47098,555.2264,287.6967,-0.020012714,0.013178895,-0.005975656,24.504175,24.358334,2,13,1,0.99978375,1
4,37,1,1,1,-185.92673,87.14174,408.06818,-0.015294119,0.0085505545,-0.0016534752,18.970486,18.754444,2,14,1,0.9232153,1
4,32,1,1,1,-186.73161,-127.92902,387.85864,-0.012405649,0.008481103,-0.0007031276,7.556785,7.6466665,2,15,1,0.9857504,1
4,29,0,0,0,0.0,0.0,0.0,0.0,0.0,0.0,3.1440554,3.095,2,-1,0,0.70324254,1
4,9,1,1,1,191.11836,354.68057,304.93854,-0.003925917,0.0017811876,0.00068215985,4.4272294,4.2988887,2,16,1,0.9744178,1
4,32,1,0,1,-186.73161,-127.92902,387.85864,-0.012405649,0.008481103,-0.0007031276,3.6664584,3.5694444,2,-1,0,0.7980201,1
4,30,1,1,1,-200.18823,-552.41925,444.31577,-0.006752921,0.0033178602,-0.0012457467,8.06711,8.121944,2,17,1,0.9807082,1
4,33,1,1,1,-203.41983,206.09816,1.8392859,-0.0039318586,0.0014996158,-0.0028085466,4.0629997,4.0088887,2,18,1,0.98275286,1
4,21,1,1,1,207.5159,-425.20554,259.22125,-0.0061848685,0.0014392093,-0.0018097567,6.6389933,6.6586113,2,19,1,0.9886828,1
4,12,1,1,1,-206.48181,-361.9258,115.901215,-0.00568377,0.0019121302,-0.002582577,6.3663335,6.4391665,2,20,1,0.9833967,1
4,39,1,1,1,-226.73608,183.29704,453.3462,-0.005018668,0.003639726,-0.0032805067,6.923021,6.981111,2,21,1,0.9930554,1
4,8,1,1,1,266.98737,361.2518,11.062779,-0.018706588,0.013139238,-0.004823555,22.191896,22.046389,2,24,1,0.9933981,1
4,4,1,1,1,268.26553,-123.076744,352.56213,-0.0036334193,0.0028129888,-0.002373966,4.744611,4.733611,2,25,1,0.9954121,1
4,37,0,0,0,0.0,0.0,0.0,0.0,0.0,0.0,2.6859097,2.7308333,2,-1,0,0.6366049,1
4,13,1,1,1,-289.97336,512.46185,319.21094,-0.00949725,0.007895543,-0.0048987907,13.125605,13.241944,2,26,1,0.9936294,1
4,19,1,1,1,324.86514,442.60464,195.08652,-0.03111817,0.018965414,-0.009804366,32.545345,35.890556,2,27,1,0.9999813,1
4,10,1,1,1,322.61426,324.66016,17.062561,-0.011476104,0.0075048665,-0.0042325095,12.39866,12.393333,2,28,1,0.9857706,1
4,18,1,1,1,323.352,-429.27856,361.26443,-0.005421426,0.0034018068,0.00058355095,6.1384583,6.1594443,2,29,1,0.99118304,1
4,5,1,1,1,355.6944,311.08115,294.55154,-0.007857009,0.0045616194,-0.0029021325,9.024729,9.1258335,2,30,1,0.9850212,1
4,14,1,1,1,360.95895,-383.2504,142.36533,-0.010035927,0.005010515,-0.0007609108,7.4648895,7.4555554,2,31,1,0.98472244,1
5,21,1,1,1,-2.5898833,351.53635,153.89784,-0.025377458,0.01308363,-0.0078184465,22.16636,22.028334,2,0,1,0.9898532,1
5,28,1,1,1,16.580717,-305.4528,348.5509,-0.015007496,0.0070605455,-0.0051900214,19.16829,18.88611,2,1,1,0.9652694,1
5,34,1,1,1,-13.105725,-478.2899,97.82731,-0.0041180784,0.0027670728,-0.003182011,6.525764,6.595,2,2,1,0.9984137,1
5,10,1,1,1,31.514992,-77.28234,40.21533,-0.012731129,0.0076749125,-0.0040152646,16.693987,16.62111,2,3,1,0.95151883,1
5,32,1,1,1,43.889835,495.78717,143.55038,-0.009410047,0.0062213303,-0.0007295786,11.897813,12.066944,2,4,1,0.9993635,1
5,27,1,1,1,-44.402317,-132.04758,193.87207,-0.004418266,0.0008858172,-0.0005247463,5.1702495,5.213889,2,5,1,0.9784298,1
5,22,1,1,1,76.712776,-164.68227,385.5372,-0.0041058618,0.002440267,0.00078234146,5.0166945,4.998611,2,6,1,0.9093348,1
5,2,1,1,1,-82.86276,33.73014,17.57173,-0.010663757,0.0052782167,-0.0023540407,9.216536,9.178889,2,7,1,0.9786289,1
5,39,1,1,1,98.957985,492.79105,173.78223,-0.0033436855,0.0033150283,-0.0029453828,5.9240003,5.988611,2,8,1,0.9989242,1
5,1,1,1,1,-104.89034,-141.26335,175.3813,-0.015392568,0.011449149,-0.0066796383,12.321479,12.273334,2,9,1,0.9923312,1
5,4,1,1,1,107.00259,-393.30176,347.197,-0.0025957457,0.0017723263,0.000779508,3.087125,3.083611,2,10,1,0.87736994,1
5,1,1,0,1,-104.89034,-141.26335,175.3813,-0.015392568,0.011449149,-0.0066796383,8.882298,8.904166,2,-1,0,0.9841686,1
5,15,1,0,1,-123.86485,-60.990814,12.025754,-0.02752047,0.014953477,-0.008658058,12.852445,12.866944,2,-1,0,0.99745876,1
5,9,1,1,1,133.45004,-151.52763,199.65291,-0.0062983716,0.0014445417,-0.0014782978,7.0003333,6.966111,2,11,1,0.9971553,1
5,16,1,1,1,-140.79134,366.53625,440.58087,-0.0049636685,0.0032862995,0.00028608815,6.2194166,6.2630553,2,12,1,0.9747639,1
5,15,1,1,1,-123.86485,-60.990814,12.025754,-0.02752047,0.014953477,-0.008658058,14.211298,14.231667,2,13,1,0.99474,1
5,18,1,1,1,186.8435,-408.93433,35.638332,-0.007889561,0.0070304917,-0.0017174976,11.245473,11.418333,2,14,1,0.9982622,1
5,24,1,1,1,-194.59131,-368.04794,450.12234,-0.008300667,0.006174483,-0.0037363712,11.032549,11.085,2,15,1,0.9739294,1
5,6,1,1,1,-197.26134,335.35962,64.08264,-0.010935767,0.0078358995,-0.0008590789,8.917256,8.875556,2,16,1,0.98525697,1
5,14,1,1,1,-200.55562,485.62637,144.76295,-0.010057477,0.0076068905,-0.0035384211,11.364181,11.444167,2,17,1,0.97656065,1
5,23,1,1,1,-207.55495,57.06735,237.88618,-0.0022889106,0.0021979518,-0.0025069378,3.817792,3.6797223,2,18,1,0.9544711,1
5,33,1,1,1,-208.33722,-478.7758,128.55136,-0.003526492,0.0006579938,-0.0013528456,3.3618197,3.3711112,2,19,1,0.90991193,1
5,31,1,1,1,-212.1791,-530.1421,403.11703,-0.0022627623,0.002027173,-0.0021519084,3.4468055,3.5794444,2,20,1,0.9155771,1
5,19,1,1,1,214.97606,491.28186,152.79604,-0.008285728,0.00711519,-0.0037097454,12.093278,12.394444,2,21,1,0.9900592,1
5,17,1,1,1,-227.46794,451.67392,305.8837,-0.005007531,0.004902355,-0.0028837293,7.613118,7.6772223,2,22,1,0.99214655,1
5,7,1,1,1,-226.61449,261.9903,219.02866,-0.008356155,0.0066897557,-0.0042141103,12.430799,12.537222,2,23,1,0.9885411,1
5,8,1,1,1,244.6954,-91.956345,262.7414,-0.020164944,0.012259713,-0.0036113674,22.55861,22.460556,2,24,1,0.99650604,1
5,20,1,1,1,-245.86584,269.78067,71.984795,-0.0071180384,0.0021856287,-0.00089670933,7.3296247,7.258333,2,25,1,0.9775999,1
5,26,1,1,1,251.42238,-551.31946,365.70908,-0.020603707,0.014244044,-0.0064334143,26.167952,25.94861,2,26,1,0.89275426,1
5,38,1,1,1,253.23068,253.45706,388.56158,-0.004874558,0.0042397343,0.00018222482,5.370437,5.366389,2,27,1,0.98342025,1
5,35,1,1,1,260.43796,236.34761,455.8829,-0.01361665,0.00678499,-0.006872763,13.9210825,14.016945,2,28,1,0.9795523,1
5,3,1,1,1,264.16006,-352.00836,322.24066,-0.01004298,0.005244557,-0.00385804,10.587313,10.767777,2,29,1,0.896999,1
5,36,1,1,1,274.7787,43.606594,270.42932,-0.016943658,0.009156189,-0.0033872603,13.661437,13.479167,2,30,1,0.89039826,1
5,13,1,1,1,-305.8258,-265.0202,105.94497,-0.013932413,0.0073215063,-0.005849529,16.138355,16.165833,2,31,1,0.9887905,1
5,40,1,1,1,312.2162,-241.92397,77.07623,-0.0023392732,0.0031654348,-0.0001688494,3.4349792,3.4902778,2,32,1,0.9568939,1
5,30,1,1,1,-326.5203,31.67664,205.08441,-0.016289897,0.00775694,-0.006155556,14.101651,14.131945,2,33,1,0.98574054,1
5,12,1,1,1,-332.39746,-170.42375,23.139624,-0.008512893,0.005588523,-0.0051487293,6.5859375,6.633611,2,34,1,0.9833098,1
5,37,1,1,1,-333.62646,537.43353,69.50914,-0.0084769195,0.0071742428,-0.0047904756,11.45125,11.556389,2,35,1,0.98369867,1
5,12,1,0,1,-332.39746,-170.42375,23.139624,-0.008512893,0.005588523,-0.0051487293,3.4904025,3.4544444,2,-1,0,0.9244564,1
5,25,1,1,1,352.91208,-69.89684,96.34424,-0.011903895,0.01029095,-0.0034955202,16.017647,15.9991665,2,36,1,0.9848387,1
6,9,1,1,1,-2.686285,-471.82114,267.64008,-0.015003928,0.012930832,-0.0041511157,15.347237,15.436389,2,0,1,0.9868427,1
6,17,1,0,1,39.014206,-42.603973,40.61459,-0.028159387,0.017674496,-0.006846581,13.266589,12.873055,2,-1,0,0.9949083,1
6,32,1,1,1,-13.37675,-464.38956,450.3342,-0.005691282,0.003223756,-0.0009861506,8.479708,8.1925,2,1,1,0.98742044,1
6,17,1,1,1,39.014206,-42.603973,40.61459,-0.028159387,0.017674496,-0.006846581,23.756285,23.906944,2,2,1,0.99707735,1
6,20,1,1,1,37.665577,-222.29224,7.176412,-0.004890345,0.0013584053,-0.00045434394,5.6961317,5.5525,2,3,1,0.9943132,1
6,11,1,1,1,58.01093,139.23233,170.88263,-0.009141549,0.003814158,-0.0019328714,8.9713955,9.114445,2,4,1,0.99179524,1
6,21,1,1,1,57.401836,-99.75063,93.6524,-0.006975459,0.0019523881,-0.002152138,8.555778,8.520833,2,5,1,0.99219704,1
6,34,1,1,1,-65.91538,-21.344255,415.18277,-0.005811754,0.0042859465,6.3786865e-06,7.875633,8.037222,2,6,1,0.9968413,1
6,22,1,1,1,74.48247,-498.33618,279.41965,-0.0062945,0.004936497,0.0003492919,5.4515276,5.483611,2,7,1,0.97305626,1
6,14,1,1,1,-76.009964,-259.98923,340.7606,-0.0076352456,0.0028707592,-0.003955974,10.8208885,10.665556,2,8,1,0.9813906,1
6,23,1,1,1,-92.63872,501.7492,136.04942,-0.005372344,0.004779885,-0.0026078154,8.010312,7.98,2,9,1,0.99032605,1
6,28,1,1,1,96.00277,308.28464,428.3912,-0.00325758,0.0029545708,0.00061961275,4.5399237,4.6144443,2,10,1,0.95318973,1
6,37,1,1,1,-106.53053,-206.88081,72.14386,-0.0136979325,0.0079572275,-0.0030498386,17.695833,17.626389,2,11,1,0.88714284,1
6,4,1,1,1,130.57158,316.92996,223.04048,-0.003046006,0.004203858,-0.0008227869,5.36259,5.287778,2,12,1,0.9667359,1
6,13,1,1,1,-130.98671,-31.980928,423.93854,-0.014192316,0.008271059,-0.005283967,18.0075,18.030556,2,13,1,0.948199,1
6,2,0,0,0,0.0,0.0,0.0,0.0,0.0,0.0,8.416424,-1.0,2,-1,0,0.96879387,1
6,16,1,1,1,-149.96844,367.3401,105.536316,-0.021082517,0.012699367,-0.0067960406,23.734056,24.176666,2,14,1,0.99931026,1
6,10,1,1,1,163.42078,59.220592,124.272484,-0.0046815425,0.0039683906,-0.0034560268,6.303806,6.2822223,2,15,1,0.9934643,1
6,14,0,0,0,0.0,0.0,0.0,0.0,0.0,0.0,3.8610835,3.7180555,2,-1,0,0.93048126,1
6,36,1,1,1,-179.82986,248.24564,77.62556,-0.0026628098,0.000877859,-0.002200989,3.1685834,3.2347221,2,16,1,0.9799851,1
6,1,1,1,1,191.78302,37.796555,284.65024,-0.002073819,0.003075231,-0.0011190603,3.8705983,3.7244444,2,-1,1,0.9537873,1
6,35,1,1,1,-191.46338,33.628506,105.90163,-0.0065460196,0.006349427,-0.002873183,8.908402,9.132778,2,17,1,0.96576434,1
6,33,1,1,1,-208.51216,-168.8596,448.2188,-0.016335724,0.0098578725,-0.0021979345,12.196216,12.348611,2,18,1,0.9969523,1
6,5,1,1,1,218.77773,-86.108444,233.91843,-0.007906455,0.006655427,-0.00097105943,10.640513,10.882778,2,19,1,0.95852214,1
6,6,1,1,1,-224.14618,-163.42949,278.44528,-0.02137762,0.011177782,-0.0076387776,25.70636,25.784166,2,20,1,0.9997291,1
6,15,1,1,1,-226.34079,599.1332,86.563805,-0.00485184,0.0020261873,-0.00035456166,4.1765904,4.130833,2,21,1,0.97576284,1
6,33,1,0,1,-208.51216,-168.8596,448.2188,-0.016335724,0.0098578725,-0.0021979345,6.548111,6.6775,2,-1,0,0.99795973,1
6,8,1,1,1,-262.70657,-561.60156,265.86746,-0.0020096356,0.0026783573,-0.0014422806,3.3912082,3.3341668,2,22,1,0.9784097,1
6,26,1,1,1,263.45233,450.39908,56.999943,-0.005622267,0.0062342435,-0.0022134352,8.337764,8.511666,2,23,1,0.9922887,1
6,24,1,1,1,287.6046,287.0751,296.0669,-0.015110999,0.008306439,-0.0076407446,9.026431,8.951667,2,24,1,0.9905047,1
6,24,1,0,1,287.6046,287.0751,296.0669,-0.015110999,0.008306439,-0.0076407446,7.886084,7.9497223,2,-1,0,0.9788409,1
6,30,1,1,1,-307.5353,429.90298,3.1062026,-0.007173744,0.0046799476,-0.0042720735,9.051105,9.336111,2,25,1,0.98116976,1
6,40,1,1,1,317.01083,286.3966,155.19023,-0.011360715,0.005754591,-0.000999858,12.552709,12.581667,2,26,1,0.99001616,1
6,7,1,1,1,-325.26587,554.63654,321.30194,-0.015486226,0.00713178,-0.003036671,16.391,16.384167,2,27,1,0.9817174,1
6,31,1,1,1,334.87323,-355.4342,28.426525,-0.025825419,0.018444486,-0.006402163,31.717926,31.65,2,28,1,0.990615,1
6,3,1,1,1,-331.98172,589.0141,185.90416,-0.015580724,0.009640513,-0.007105355,12.770119,12.653889,2,29,1,0.99101067,1
6,29,1,1,1,-344.07523,175.11931,441.1212,-0.02076681,0.01298402,-0.004574635,21.337444,21.323055,2,30,1,0.99724966,1
6,18,1,1,1,352.22742,-587.89734,237.00224,-0.010992576,0.008362822,-0.005710366,11.634611,11.648611,2,31,1,0.9851016,1
6,19,1,1,1,-355.30563,335.44992,115.043365,-0.004083759,0.0035324183,-0.0011610053,4.7571387,4.766389,2,32,1,0.9610625,1
7,6,1,1,1,15.784482,-452.56644,398.10513,-0.0023990555,0.0010069242,-0.0022937679,3.1052084,3.1033332,2,0,1,0.83775145,1
7,21,1,1,1,30.500872,81.9176,416.881,-0.0110391965,0.009388165,-0.004501722,10.163826,9.9997225,2,1,1,0.9630863,1
7,29,1,1,1,25.685854,-307.6444,75.39479,-0.014350277,0.0061832634,-0.0024481642,17.876812,18.04889,2,2,1,0.99761117,1
7,8,1,1,1,21.948004,155.42265,153.56227,-0.0030583618,0.0017182529,-0.0028266497,4.32182,4.1552777,2,3,1,0.9454028,1
7,23,1,1,1,27.214447,-59.852722,201.21228,-0.012315572,0.009412779,-0.006680145,21.452599,21.094166,2,4,1,0.9907274,1
7,21,1,0,1,30.500872,81.9176,416.881,-0.0110391965,0.009388165,-0.004501722,3.6462152,3.5277777,2,-1,0,0.795758,1
7,33,1,1,1,28.201881,537.8644,73.36926,-0.0028138682,0.0031522454,0.00043130945,3.6523194,3.6594443,2,5,1,0.9465185,1
7,2,1,0,1,-43.86318,69.943634,407.21838,-0.022591885,0.011361467,-0.0068532093,7.8254995,7.857222,2,-1,0,0.99972695,1
7,15,1,1,1,45.73935,20.133001,46.477676,-0.0042205807,0.0025004828,0.00065713585,3.9023888,3.9727778,2,6,1,0.80577457,1
7,2,1,1,1,-43.86318,69.943634,407.21838,-0.022591885,0.011361467,-0.0068532093,15.961152,16.126667,2,7,1,0.98729205,1
7,20,1,1,1,64.66712,-393.78134,438.7362,-0.0018012545,0.0018211729,-0.0020646355,3.442979,3.3075,2,8,1,0.8071568,1
7,5,1,1,1,72.57486,-66.49456,379.66278,-0.009893285,0.0052613635,-0.000116674906,12.89443,13.117778,2,9,1,0.96394247,1
7,39,1,1,1,77.966705,-503.29535,279.03763,-0.0075894766,0.0062512043,-0.00028446512,10.737618,10.829722,2,10,1,0.9780571,1
7,24,1,0,1,80.878136,462.59576,295.47726,-0.011887915,0.007716219,-0.0052417642,8.707916,8.697778,2,-1,0,0.95036405,1
7,38,1,1,1,82.37447,352.27,288.16766,-0.010408745,0.00876711,-0.003445503,16.524757,16.614721,2,11,1,0.967606,1
7,24,1,1,1,80.878136,462.59576,295.47726,-0.011887915,0.007716219,-0.0052417642,9.597201,9.568334,2,12,1,0.9146255,1
7,16,1,1,1,83.818016,-25.00857,397.5602,-0.007978773,0.006182347,3.8838498e-05,11.133056,11.160277,2,13,1,0.98445326,1
7,37,1,1,1,-88.53878,443.48886,281.9856,-0.004409853,0.004187592,-0.0021014682,6.013514,5.950278,2,14,1,0.98116493,1
7,2,1,0,1,-43.86318,69.943634,407.21838,-0.022591885,0.011361467,-0.0068532093,5.0329995,5.0783334,2,-1,0,0.93504757,1
7,40,1,1,1,-98.5821,-238.77574,89.75558,-0.0027777795,0.0022431973,-0.0019182602,4.194146,4.2330556,2,15,1,0.98004234,1
7,14,1,1,1,138.16473,368.48688,94.66727,-0.0046265824,0.0007155292,-0.0009109008,5.0073404,4.965,2,16,1,0.985851,1
7,32,1,1,1,-141.01889,-335.8767,10.308095,-0.017243855,0.010042907,-0.0040581515,20.611355,20.525555,2,17,1,0.9995442,1
7,3,1,1,1,-141.25433,-542.70105,164.57814,-0.005781996,0.0023703182,-0.002554439,7.2830977,7.102778,2,18,1,0.9724319,1
7,1,1,1,1,-154.3558,-50.780926,415.9747,-0.019480288,0.009974159,-0.0070369164,25.202625,25.186388,2,19,1,0.979266,1
7,13,1,1,1,-177.37537,280.85913,26.423801,-0.0037710457,0.0017802792,0.000792667,4.0074234,4.0316668,2,21,1,0.9673971,1
7,10,1,1,1,-209.74161,398.8115,442.06387,-0.009759616,0.006473,-0.0010155533,12.250534,12.1038885,2,22,1,0.91008306,1
7,11,1,1,1,-217.16338,-507.7227,301.04028,-0.0070790723,0.0033839156,-0.0038316238,9.426834,9.378889,2,23,1,0.93159264,1
7,36,1,1,1,-247.23227,-402.89267,215.44841,-0.022906033,0.010862482,-0.006811452,20.340626,20.27111,2,24,1,0.99607867,1
7,36,1,0,1,-247.23227,-402.89267,215.44841,-0.022906033,0.010862482,-0.006811452,4.4931803,4.636667,2,-1,0,0.993608,1
7,31,1,1,1,-268.5681,37.68154,176.89922,-0.010946069,0.008069336,-0.0020962546,13.824959,13.932777,2,25,1,0.990315,1
7,26,1,1,1,-281.81274,364.61884,345.34283,-0.010830499,0.007850194,-0.0021798685,11.918556,11.846666,2,26,1,0.9828861,1
7,35,1,1,1,-283.0014,380.62607,416.30225,-0.009889369,0.0053092036,-0.0043041846,10.027202,10.073334,2,27,1,0.97888887,1
7,12,1,1,1,289.45953,-548.9623,129.65533,-0.0025222532,0.0035666167,-0.00062250573,3.6656113,3.6972222,2,28,1,0.93900007,1
7,19,1,1,1,297.65793,-421.1477,288.79425,-0.003960069,0.004715384,-0.001174843,5.596931,5.536111,2,29,1,0.9905359,1
7,22,1,1,1,316.78705,-36.84223,338.07993,-0.015731849,0.009247074,-0.0018262841,18.340569,18.377222,2,30,1,0.99499357,1
7,23,0,0,0,0.0,0.0,0.0,0.0,0.0,0.0,2.719979,2.725,2,-1,0,0.5263676,1
7,34,1,1,1,-320.23468,-493.9264,144.40009,-0.018381001,0.010329365,-0.008396477,19.611471,19.706112,2,31,1,0.9922685,1
7,4,1,1,1,-322.80295,-16.039503,404.34464,-0.002177709,0.0026193124,-0.0018622677,3.041104,3.043611,2,32,1,0.9025313,1
7,17,1,1,1,-325.22702,-56.642967,16.570704,-0.005142621,0.0018067186,-0.0027742903,5.660139,5.603889,2,33,1,0.97519976,1
7,33,0,0,0,0.0,0.0,0.0,0.0,0.0,0.0,2.7043195,2.8577778,2,-1,0,0.8089246,1
7,33,0,0,0,0.0,0.0,0.0,0.0,0.0,0.0,2.9938748,2.9183333,2,-1,0,0.8777767,1
8,20,0,0,1,33.755516,562.0896,315.54797,-0.03091209,0.021088354,-0.007993737,6.1234303,5.9522223,2,-1,0,0.9890435,1
8,20,1,1,1,33.755516,562.0896,315.54797,-0.03091209,0.021088354,-0.007993737,19.982695,19.842222,2,0,1,0.9999603,1
8,3,1,1,1,-16.009443,459.31595,48.97645,-0.020136114,0.0132378265,-0.009042501,28.345325,27.91361,2,1,1,0.9934043,1
8,36,1,1,1,-24.796629,489.25424,132.69327,-0.0042132903,0.004497753,-0.0021652468,7.404501,7.4497223,2,2,1,0.9902282,1
8,20,1,0,1,33.755516,562.0896,315.54797,-0.03091209,0.021088354,-0.007993737,15.45339,15.154166,2,-1,0,0.9800341,1
8,21,1,1,1,34.835327,1.0394993,23.690262,-0.007601453,0.0060275896,-0.00029562856,7.0231943,6.8438888,2,3,1,0.99899346,1
8,20,1,0,1,33.755516,562.0896,315.54797,-0.03091209,0.021088354,-0.007993737,5.1064377,5.0938888,2,-1,0,0.9514287,1
8,15,1,0,1,82.649704,-28.96364,419.61884,-0.019067144,0.013845067,-0.0038076811,7.2043886,7.2969446,2,-1,0,0.9631144,1
8,9,1,1,1,-61.482426,-39.583385,271.12564,-0.015721418,0.010654741,-0.0034953216,18.018902,18.241667,2,4,1,0.99375194,1
8,30,1,1,1,67.71938,-280.69324,445.33917,-0.016052727,0.012960872,-0.0035045135,22.070173,22.215,2,5,1,0.97520286,1
8,15,1,1,1,82.649704,-28.96364,419.61884,-0.019067144,0.013845067,-0.0038076811,17.491522,17.595,2,6,1,0.9756182,1
8,16,1,1,1,83.0832,-109.832565,159.85976,-0.003367906,0.003242916,-0.0028563675,6.268611,6.1380553,2,7,1,0.99376065,1
8,26,1,1,1,-92.540886,128.45723,298.79898,-0.0059414185,0.0017870902,-0.0025349264,6.702437,6.723611,2,8,1,0.99461585,1
8,24,1,1,1,-139.456,-445.4767,393.2705,-0.018029172,0.013189231,-0.0038082786,17.371902,17.24639,2,9,1,0.99901557,1
8,5,1,1,1,-139.99663,425.38998,418.6057,-0.013195487,0.010359234,-0.0064386902,17.149208,17.127777,2,10,1,0.9976618,1
8,24,1,0,1,-139.456,-445.4767,393.2705,-0.018029172,0.013189231,-0.0038082786,5.718007,5.5855556,2,-1,0,0.751572,1
8,19,1,1,1,164.73552,335.3442,315.81775,-0.0085492935,0.0044986447,-0.0046314513,11.062374,11.116667,2,11,1,0.95537335,1
8,6,1,1,1,221.80086,-391.76096,67.983955,-0.010435343,0.0070891236,-0.001545931,5.947743,5.9508333,2,12,1,0.9922629,1
8,22,1,1,1,-174.86012,-80.52294,401.37943,-0.033444818,0.016621439,-0.0068889065,31.43434,37.554165,2,13,1,0.9905494,1
8,8,1,1,1,-174.87415,107.77488,84.316574,-0.013376369,0.008061918,-0.0062034354,16.64339,16.470556,2,14,1,0.9871037,1
8,18,1,1,1,-192.96236,300.13672,385.60364,-0.0047971425,0.0022247494,0.0005438094,5.293431,5.3430557,2,15,1,0.9824804,1
8,38,1,1,1,198.86638,-185.68668,428.73785,-0.013032398,0.00799155,-0.005587833,15.451618,15.519722,2,16,1,0.99706656,1
8,23,1,1,1,207.99837,-219.93661,445.49414,-0.009617932,0.007861252,-0.0040925303,11.730167,11.707222,2,17,1,0.98749393,1
8,6,1,0,1,221.80086,-391.76096,67.983955,-0.010435343,0.0070891236,-0.001545931,4.90634,4.893611,2,-1,0,0.95481443,1
8,35,1,1,1,227.09561,-33.829147,202.23624,-0.02309598,0.014071244,-0.007786138,27.651657,27.82639,2,18,1,0.9946231,1
8,29,1,1,1,230.28867,163.94089,106.4192,-0.013744688,0.00868353,-0.0047250856,15.62727,15.722777,2,19,1,0.99114615,1
8,3,0,0,0,0.0,0.0,0.0,0.0,0.0,0.0,2.8504238,2.7966666,2,-1,0,0.5199566,1
8,34,1,1,1,-251.63219,511.98737,10.7972,-0.0029852618,0.0028746475,-0.002173346,4.218604,4.222778,2,20,1,0.9405315,1
8,7,1,1,1,271.99472,-504.9031,280.9675,-0.024259808,0.014790249,-0.0052740825,20.985708,20.965555,2,21,1,0.9996838,1
8,13,1,1,1,281.07336,-520.7461,441.2921,-0.0028146626,0.003373083,-0.0024360374,4.5834374,4.6080556,2,22,1,0.96279895,1
8,39,1,1,1,284.65802,516.39417,331.81485,-0.0135754105,0.011355811,-0.004284037,17.016806,17.073055,2,23,1,0.994255,1
8,37,1,1,1,292.22104,-280.70352,370.0,-0.0034432495,0.004405918,-0.00096382503,5.261632,5.223611,2,24,1,0.9402674,1
8,28,1,1,1,-304.50842,-238.80432,253.99222,-0.014822401,0.0065131066,-0.005429203,14.849008,14.855556,2,25,1,0.991657,1
8,25,1,1,1,-333.678,-408.55164,358.8369,-0.011650905,0.009021016,-0.0021071655,12.025624,11.759167,2,26,1,0.99918,1
8,33,1,1,1,338.7487,-537.4281,370.93478,-0.004278168,0.00047260974,-0.0013869575,3.9758542,3.9941666,2,27,1,0.9833565,1
8,14,1,1,1,-340.33273,263.81885,298.4509,-0.0054144766,0.002910073,0.0005333381,5.8017154,5.8577776,2,28,1,0.99163014,1
8,40,1,1,1,-348.71674,-134.61362,347.54468,-0.01524173,0.008865706,-0.0032611745,13.677722,13.764167,2,29,1,0.96782726,1
8,2,1,1,1,-351.42532,-102.95936,89.85913,-0.009127249,0.006824574,-0.0006584643,10.413242,10.381389,2,30,1,0.9913058,1
9,22,1,0,1,78.21032,-203.567,444.79044,-0.036287107,0.019292612,-0.0104058385,7.672542,7.6422224,2,-1,0,0.9783421,1
9,19,0,0,0,0.0,0.0,0.0,0.0,0.0,0.0,3.11525,3.0930555,2,-1,0,0.76271504,1
9,33,1,1,1,-43.59484,-288.97998,234.12497,-0.008601552,0.0040229317,-0.00092736806,11.588889,11.582778,2,0,1,0.97017425,1
9,38,0,0,0,0.0,0.0,0.0,0.0,0.0,0.0,2.7688959,2.4947221,2,-1,0,0.6655589,1
9,10,1,1,1,54.070145,8.1225605,201.60532,-0.011054907,0.004590162,-0.00094809284,14.830522,14.842222,2,1,1,0.97605,1
9,22,1,1,1,78.21032,-203.567,444.79044,-0.036287107,0.019292612,-0.0104058385,17.199669,17.025278,2,2,1,0.98230404,1
9,22,1,0,1,78.21032,-203.567,444.79044,-0.036287107,0.019292612,-0.0104058385,14.125125,14.198611,2,-1,0,0.98379993,1
9,4,1,1,1,-78.01949,-152.90352,141.37831,-0.0077524404,0.004740648,-0.005113399,12.149798,12.2525,2,3,1,0.9961437,1
9,26,1,1,1,98.870865,247.3937,429.1619,-0.008852308,0.0038229122,-0.0030909826,11.502812,11.286667,2,4,1,0.990815,1
9,35,1,1,1,134.22018,67.03354,354.8355,-0.01534057,0.008368774,-0.0057425303,13.63791,13.679722,2,5,1,0.94022465,1
9,30,1,0,1,141.55222,-56.73196,103.90368,-0.01729512,0.013472008,-0.00475436,11.533777,11.587778,2,-1,0,0.9835209,1
9,30,1,1,1,141.55222,-56.73196,103.90368,-0.01729512,0.013472008,-0.00475436,11.679584,11.683611,2,6,1,0.9871742,1
9,6,1,1,1,140.66917,222.0636,137.20432,-0.00349516,0.0027891735,0.00021280805,4.686174,4.6230555,2,7,1,0.96478987,1
9,3,1,1,1,206.28958,228.6268,333.36404,-0.01679613,0.0090435445,-0.0024734396,12.890187,12.814167,2,8,1,0.99177974,1
9,15,1,1,1,-148.08766,-412.2562,237.9573,-0.019632,0.010494058,-0.003923591,18.583298,18.715279,2,9,1,0.9996203,1
9,17,1,1,1,150.50641,-376.81833,277.1105,-0.005971328,0.004309305,-0.003617598,8.112833,8.118889,2,10,1,0.99107987,1
9,25,1,0,1,-153.59814,273.84778,296.37,-0.014167891,0.00971642,-0.0039462433,3.95675,4.0066667,2,-1,0,0.9659358,1
9,20,1,1,1,-164.45882,-444.04587,442.59598,-0.007082857,0.0065974877,-0.0010727224,10.075139,10.136945,2,11,1,0.9704194,1
9,1,1,1,1,-170.31482,-252.9123,46.323982,-0.0072386647,0.0018675788,-0.0029681805,8.969688,8.871667,2,12,1,0.97549874,1
9,13,1,1,1,-171.87663,208.26012,104.166794,-0.0078032566,0.0071418514,-0.0015312368,7.605806,7.5091667,2,13,1,0.9937252,1
9,19,1,1,1,-187.43054,339.5642,73.22906,-0.0021204965,0.0018550801,0.00058761745,2.647118,2.666111,2,14,1,0.564294,1
9,34,0,0,0,0.0,0.0,0.0,0.0,0.0,0.0,2.9542637,2.9644444,2,-1,0,0.5027864,1
9,28,1,1,1,-204.00104,373.9793,287.91095,-0.0057984325,0.0040125656,2.358689e-05,6.820014,6.961111,2,15,1,0.97857726,1
9,3,1,0,1,206.28958,228.6268,333.36404,-0.01679613,0.0090435445,-0.0024734396,6.2085,6.2047224,2,-1,0,0.99248767,1
9,7,1,1,1,-220.78085,77.86738,149.28957,-0.018172778,0.011977729,-0.005292478,21.299158,21.252222,2,16,1,0.80337465,1
9,9,1,1,1,-226.86244,72.70533,377.48557,-0.014408471,0.009369822,-0.0032907932,16.784464,16.757778,2,17,1,0.96172404,1
9,25,1,1,1,-153.59814,273.84778,296.37,-0.014167891,0.00971642,-0.0039462433,11.84875,11.881389,2,18,1,0.9239291,1
9,32,1,1,1,-237.91101,-279.56006,199.72803,-0.0042050937,0.0043872115,-0.0015052607,6.0804167,6.161667,2,19,1,0.9934651,1
9,11,1,1,1,257.4274,541.0073,14.332473,-0.0060657477,0.0025142115,-0.003000926,3.7268054,3.725,2,20,1,0.972407,1
9,5,1,0,1,281.1105,-370.59,6.7507005,-0.010801934,0.008983093,-0.005112998,4.5147986,4.6380553,2,-1,0,0.96069336,1
9,5,1,1,1,281.1105,-370.59,6.7507005,-0.010801934,0.008983093,-0.005112998,7.8795485,7.895278,2,22,1,0.98042554,1
9,2,1,1,1,283.66507,461.0681,337.33728,-0.003994042,0.004668977,-0.0010014955,5.294236,5.3366666,2,23,1,0.89129317,1
9,14,1,1,1,-303.45538,-198.05789,117.040245,-0.015263285,0.009380046,-0.0066354447,17.810923,17.80889,2,25,1,0.99962854,1
9,39,1,1,1,345.57162,-550.82465,232.706,-0.016438402,0.009804906,-0.0022121659,10.667556,10.7975,2,26,1,0.9596485,1
9,6,0,0,0,0.0,0.0,0.0,0.0,0.0,0.0,2.8902779,2.8911111,2,-1,0,0.5275518,1
9,18,1,1,1,321.91437,322.91013,350.01743,-0.023163816,0.016491987,-0.009255033,21.768318,21.666111,2,27,1,0.9973149,1
9,29,1,1,1,-334.83777,16.049133,245.04344,-0.0047394666,0.0051038917,-0.0028756526,6.8750906,6.881111,2,28,1,0.98632926,1
9,38,1,1,1,-344.69077,-118.97255,119.73891,-0.011662763,0.0045128455,-0.0018810832,10.274459,10.385555,2,29,1,0.9803325,1
10,26,1,1,0,-17.930885,-108.61255,119.50139,-0.011546626,0.0031350688,-0.008176808,10.550375,10.595834,2,0,1,0.9880016,1
10,2,1,1,0,-28.86691,416.39838,16.463337,0.018315071,0.023988295,-0.01055172,34.79535,35.445557,2,1,1,0.99836916,1
10,26,1,0,0,-17.930885,-108.61255,119.50139,-0.011546626,0.0031350688,-0.008176808,5.30084,5.4155555,2,-1,0,0.9922276,1
10,18,1,0,0,25.669657,587.2289,270.37823,0.0232184,-0.024283007,0.003478482,12.147986,10.426666,2,-1,0,0.9939602,1
10,13,1,0,0,-30.351706,-403.3955,147.20352,-0.017784992,-0.009084204,-0.004744612,8.214396,8.193055,2,-1,0,0.97076064,1
10,24,1,1,0,30.55661,254.89578,121.17577,0.0049122656,-0.006990714,-0.0055550877,12.151812,12.085556,2,2,1,0.9996758,1
10,13,1,1,0,-30.351706,-403.3955,147.20352,-0.017784992,-0.009084204,-0.004744612,9.986313,10.083889,2,3,1,0.98436874,1
10,18,1,1,0,25.669657,587.2289,270.37823,0.0232184,-0.024283007,0.003478482,26.179022,26.1975,2,4,1,0.97620684,1
10,14,1,0,0,44.838932,-322.35443,88.53601,-0.022522388,-0.003399796,-0.0011832188,7.806924,7.829167,2,-1,0,0.9907992,1
10,14,1,1,0,44.838932,-322.35443,88.53601,-0.022522388,-0.003399796,-0.0011832188,16.19221,11.511945,2,5,1,0.98369485,1
10,17,1,1,0,-43.341724,-248.75903,416.60706,-0.005094961,0.005123985,-0.019011162,12.156452,12.354167,2,6,1,0.99729043,1
10,17,1,0,0,-43.341724,-248.75903,416.60706,-0.005094961,0.005123985,-0.019011162,10.619369,10.57,2,-1,0,0.9615653,1
10,13,1,0,0,-30.351706,-403.3955,147.20352,-0.017784992,-0.009084204,-0.004744612,5.1935005,5.2308335,2,-1,0,0.969935,1
10,1,1,1,0,-54.259403,495.68054,413.43967,0.0022598007,0.006607224,0.028985852,27.239647,27.167778,2,7,1,0.9647232,1
10,1,1,0,0,-54.259403,495.68054,413.43967,0.0022598007,0.006607224,0.028985852,5.9716177,5.8780556,2,-1,0,0.97537893,1
10,1,1,0,0,-54.259403,495.68054,413.43967,0.0022598007,0.006607224,0.028985852,5.1814165,5.252222,2,-1,0,0.9769653,1
10,34,1,1,0,-59.823444,577.5708,121.99888,-0.0014327249,-0.0034340755,0.0018548175,5.095819,4.6658335,2,8,1,0.689163,1
10,31,1,1,0,63.486034,290.09567,396.55118,-0.00020931497,0.0014897352,0.0059035495,8.179535,8.577778,2,9,1,0.9918479,1
10,11,1,0,0,-97.38427,113.21051,451.34863,0.011093849,0.024663007,-0.0035445455,4.2557225,4.2516665,2,-1,0,0.89661115,1
10,20,0,1,0,-49.715652,237.40645,463.39145,-0.005814921,0.00320801,0.0015488832,9.79989,9.504723,2,10,1,0.9973043,1
10,35,1,1,0,-73.738464,-489.7533,81.29213,-0.009150506,-0.008991701,-0.01798055,15.608841,15.666667,2,11,1,0.9786194,1
10,5,1,1,0,-74.99449,-446.7844,99.03069,-0.009935456,0.037981264,0.012352771,43.81936,35.876667,2,12,1,0.9998356,1
10,28,1,1,0,-84.73372,262.61777,43.98251,0.00045676084,-0.0059242398,0.0017803876,6.3093405,6.2447224,2,13,1,0.9651833,1
10,7,1,1,0,82.950806,9.629092,284.8978,0.018508347,0.018012566,0.0072303414,10.153785,8.556945,2,14,1,0.92538834,1
10,28,1,0,0,-84.73372,262.61777,43.98251,0.00045676084,-0.0059242398,0.0017803876,6.029945,5.9897223,2,-1,0,0.93449706,1
10,27,1,1,0,-85.33396,551.6046,310.2371,-0.016340349,0.006769835,0.02203795,23.537477,23.785,2,15,1,0.9946899,1
10,27,1,0,0,-85.33396,551.6046,310.2371,-0.016340349,0.006769835,0.02203795,8.930354,8.831388,2,-1,0,0.99371016,1
10,35,1,0,0,-73.738464,-489.7533,81.29213,-0.009150506,-0.008991701,-0.01798055,7.816056,7.9511113,2,-1,0,0.9966711,1
10,5,1,0,0,-74.99449,-446.7844,99.03069,-0.009935456,0.037981264,0.012352771,3.2745693,3.2725,2,-1,0,0.65039164,1
10,11,1,1,0,-97.38427,113.21051,451.34863,0.011093849,0.024663007,-0.0035445455,19.451918,19.846111,2,16,1,0.9969108,1
10,20,0,0,0,0.0,0.0,0.0,0.0,0.0,0.0,4.8482847,-1.0,2,-1,0,0.7935252,1
10,7,1,0,0,82.950806,9.629092,284.8978,0.018508347,0.018012566,0.0072303414,5.943076,6.006111,2,-1,0,0.98993826,1
10,7,1,0,0,82.950806,9.629092,284.8978,0.018508347,0.018012566,0.0072303414,7.797063,7.6319447,2,-1,0,0.99275005,1
10,36,1,0,0,-122.17717,-563.7255,98.231895,0.014142223,-0.01265453,-0.008036461,6.0628753,6.1102777,2,-1,0,0.9827791,1
10,25,1,1,0,-104.87507,-181.5787,271.6921,-0.0008450553,0.015617877,0.010524752,21.260132,19.866667,2,17,1,0.9657999,1
10,38,1,0,0,112.20178,-275.2554,40.100918,0.0017920162,-0.001074429,0.013664875,6.784375,6.6386113,2,-1,0,0.9810681,1
10,38,1,1,0,112.20178,-275.2554,40.100918,0.0017920162,-0.001074429,0.013664875,8.116549,8.043612,2,18,1,0.97958547,1
10,36,1,1,0,-122.17717,-563.7255,98.231895,0.014142223,-0.01265453,-0.008036461,17.655127,17.839167,2,19,1,0.991638,1
10,7,1,0,0,82.950806,9.629092,284.8978,0.018508347,0.018012566,0.0072303414,3.956035,3.8541667,2,-1,0,0.8358705,1
10,9,1,1,0,129.58965,-275.82376,97.23637,-0.0036862884,-0.012421748,0.005605524,16.753471,16.748333,2,20,1,0.97284275,1
10,22,1,1,0,-134.79602,542.04016,29.851416,-0.00047229967,-0.003191671,-0.016208647,14.683478,13.881389,2,21,1,0.9812088,1
10,22,1,0,0,-134.79602,542.04016,29.851416,-0.00047229967,-0.003191671,-0.016208647,4.205528,4.2516665,2,-1,0,0.928119,1
10,38,1,0,0,112.20178,-275.2554,40.100918,0.0017920162,-0.001074429,0.013664875,5.0314097,5.0575,2,-1,0,0.96538717,1
10,4,1,1,0,-141.87694,448.41238,275.20566,-0.028958881,-0.01999443,0.009081988,33.468895,34.01139,2,22,1,0.99832875,1
10,40,1,1,0,148.10896,-231.96904,159.40837,-0.01843255,-0.018892474,0.009996905,33.1303,33.209167,2,23,1,0.99012184,1
10,37,1,0,0,168.41798,-93.517685,71.154594,0.0024729841,0.009142076,-0.0036505805,4.5447497,4.6197224,2,-1,0,0.9548391,1
10,32,1,0,0,160.95256,-118.18845,447.83347,0.00561243,-0.031790305,0.018181289,10.031458,8.2475,2,-1,0,0.99423647,1
10,32,1,0,0,160.95256,-118.18845,447.83347,0.00561243,-0.031790305,0.018181289,7.7365346,7.8108335,2,-1,0,0.9836201,1
10,30,1,1,0,167.13966,-515.6279,256.17123,-0.0031424835,-0.014261797,-0.02412633,19.194132,19.125278,2,24,1,0.99666023,1
10,30,1,0,0,167.13966,-515.6279,256.17123,-0.0031424835,-0.014261797,-0.02412633,3.0351737,2.9594445,2,-1,0,0.87114996,1
10,32,1,1,0,160.95256,-118.18845,447.83347,0.00561243,-0.031790305,0.018181289,13.331805,13.309444,2,25,1,0.99190336,1
10,37,1,1,0,168.41798,-93.517685,71.154594,0.0024729841,0.009142076,-0.0036505805,9.687479,7.9677777,2,26,1,0.97065055,1
10,4,1,0,0,-141.87694,448.41238,275.20566,-0.028958881,-0.01999443,0.009081988,3.8057916,3.8022223,2,-1,0,0.972758,1
10,39,1,1,0,171.50624,-209.66974,387.91385,-0.0013309038,-0.0059055914,-0.010664734,13.46416,13.335556,2,27,1,0.9790582,1
10,24,0,0,0,0.0,0.0,0.0,0.0,0.0,0.0,3.8610835,3.7180555,2,-1,0,0.93048126,1
10,23,1,1,0,-181.95981,-597.49524,181.6777,-0.021236746,0.012014101,-0.04341911,24.917187,24.993055,2,28,1,0.9978648,1
10,23,1,0,0,-181.95981,-597.49524,181.6777,-0.021236746,0.012014101,-0.04341911,5.768695,5.709722,2,-1,0,0.99255717,1
10,23,1,0,0,-181.95981,-597.49524,181.6777,-0.021236746,0.012014101,-0.04341911,11.218319,11.320556,2,-1,0,0.9944463,1
10,16,1,1,0,-209.12413,170.58154,103.513176,0.015215866,0.006679724,0.0035910911,16.756756,16.573334,2,29,1,0.9672395,1
10,3,1,1,0,-240.81245,215.47116,134.39499,0.04032715,-0.025254173,-0.019426115,38.01458,43.11722,2,30,1,0.9968508,1
10,3,1,0,0,-240.81245,215.47116,134.39499,0.04032715,-0.025254173,-0.019426115,4.6691036,4.7355556,2,-1,0,0.96392393,1
10,10,1,1,0,234.99011,28.536236,24.338688,0.003652327,-0.011442868,-0.040988278,17.037243,17.081112,2,31,1,0.98743826,1
10,10,1,0,0,234.99011,28.536236,24.338688,0.003652327,-0.011442868,-0.040988278,16.517563,16.61139,2,-1,0,0.9925914,1
10,19,1,1,0,-262.29004,401.8939,326.08408,0.0016003179,0.022406792,0.020154668,14.572118,14.863889,2,32,1,0.99073565,1
10,8,1,1,0,260.6679,-75.500175,350.17197,0.01857196,0.017140497,0.002353921,27.758516,23.920555,2,33,1,0.92252475,1
10,19,1,0,0,-262.29004,401.8939,326.08408,0.0016003179,0.022406792,0.020154668,11.480722,11.475,2,-1,0,0.9888369,1
10,12,1,1,0,-289.18243,584.99677,423.76053,-0.008341499,0.005906708,0.0031365042,11.278611,4.7683334,2,34,1,0.9838649,1
10,6,1,1,0,-307.02567,-416.21155,67.284,-0.032620665,0.017075695,-0.009692845,19.697443,17.138334,2,35,1,0.99652916,1
10,21,1,0,0,325.0685,533.9527,140.3305,5.2081436e-05,0.0339403,0.0051842174,6.0915904,6.1019444,2,-1,0,0.9814327,1
10,15,1,0,0,-351.32523,-223.25075,319.41595,0.045137666,-0.028864816,-0.04798872,25.955688,26.148611,2,-1,0,0.9999881,1
10,33,1,1,0,-318.03925,-220.09062,78.29556,0.00032169622,-0.017584523,-0.0041073975,16.528708,16.536945,2,36,1,0.997195,1
10,29,1,1,0,-321.56458,165.56322,402.11136,0.014187377,0.0019353676,-0.022971915,21.499306,21.696112,2,37,1,0.98872674,1
10,15,1,0,0,-351.32523,-223.25075,319.41595,0.045137666,-0.028864816,-0.04798872,3.836875,3.881389,2,-1,0,0.97744566,1
10,21,1,1,0,325.0685,533.9527,140.3305,5.2081436e-05,0.0339403,0.0051842174,27.488672,27.450277,2,38,1,0.9952873,1
10,6,1,0,0,-307.02567,-416.21155,67.284,-0.032620665,0.017075695,-0.009692845,5.8323407,5.8233333,2,-1,0,0.9626343,1
10,15,1,0,0,-351.32523,-223.25075,319.41595,0.045137666,-0.028864816,-0.04798872,4.8908815,4.9408336,2,-1,0,0.99849045,1
10,15,1,1,0,-351.32523,-223.25075,319.41595,0.045137666,-0.028864816,-0.04798872,31.193775,36.843887,2,39,1,0.95671844,1
10,6,1,0,0,-307.02567,-416.21155,67.284,-0.032620665,0.017075695,-0.009692845,9.439341,9.391389,2,-1,0,0.9980075,1
11,10,1,0,0,-45.258324,426.90234,372.14554,0.020256765,0.015962012,0.010476199,6.136132,6.0755553,2,-1,0,0.9945091,1
11,3,1,0,0,-49.32178,-599.0866,112.15242,0.021159647,-0.006762897,-0.0032589445,4.5443196,4.549722,2,-1,0,0.9926036,1
11,13,1,0,0,57.491463,362.14954,46.29073,-0.010455228,0.046246246,-0.0058018765,3.6263888,3.6188889,2,-1,0,0.94016385,1
11,7,1,1,0,24.650473,234.50163,226.26027,-0.009865021,0.013061898,0.0024147106,19.032717,14.452778,2,0,1,0.9902892,1
11,7,1,0,0,24.650473,234.50163,226.26027,-0.009865021,0.013061898,0.0024147106,3.1455762,3.1105556,2,-1,0,0.58704364,1
11,35,1,0,0,-40.047,443.16034,319.36194,0.008360606,-0.02302942,-0.0024748908,3.1726599,3.0708334,2,-1,0,0.5040718,1
11,20,1,1,0,-30.735134,484.47665,276.69208,-0.0056213364,0.0056492854,0.006369201,10.773271,10.853611,2,1,1,0.97996,1
11,35,1,1,0,-40.047,443.16034,319.36194,0.008360606,-0.02302942,-0.0024748908,22.744854,22.695278,2,2,1,0.99992466,1
11,10,1,1,0,-45.258324,426.90234,372.14554,0.020256765,0.015962012,0.010476199,26.31941,26.31889,2,3,1,0.88319486,1
11,13,1,0,0,57.491463,362.14954,46.29073,-0.010455228,0.046246246,-0.0058018765,18.72388,18.638334,2,-1,0,0.99936527,1
11,3,1,1,0,-49.32178,-599.0866,112.15242,0.021159647,-0.006762897,-0.0032589445,14.959466,14.018333,2,4,1,0.9876002,1
11,13,1,1,0,57.491463,362.14954,46.29073,-0.010455228,0.046246246,-0.0058018765,28.017374,28.087778,2,5,1,1.0,1
11,25,1,1,0,58.285557,464.34662,447.98294,-0.009885891,0.008378809,0.016237479,27.169508,22.945,2,6,1,0.9316441,1
11,4,1,1,0,-58.79562,-490.5638,428.5398,0.00044617086,-0.012409102,0.0012808884,13.705097,13.895833,2,7,1,0.999744,1
11,40,1,1,0,-61.513382,258.0226,154.7663,-0.0034220668,0.013454092,0.01588952,14.37632,14.373611,2,8,1,0.9869302,1
11,40,1,0,0,-61.513382,258.0226,154.7663,-0.0034220668,0.013454092,0.01588952,3.841236,3.8552778,2,-1,0,0.9716403,1
11,15,1,1,0,-103.92814,339.8115,420.1016,0.01486848,-0.012933066,0.004089127,19.59211,18.729723,2,9,1,0.9986809,1
11,15,1,0,0,-103.92814,339.8115,420.1016,0.01486848,-0.012933066,0.004089127,4.4628816,4.461389,2,-1,0,0.98543483,1
11,16,1,1,0,120.37368,-223.66267,17.352774,-0.027975565,0.022323295,-0.010799691,29.733702,29.787777,2,10,1,0.9999198,1
11,16,1,0,0,120.37368,-223.66267,17.352774,-0.027975565,0.022323295,-0.010799691,9.989826,10.108611,2,-1,0,0.98386395,1
11,12,0,0,0,0.0,0.0,0.0,0.0,0.0,0.0,26.514868,-1.0,2,-1,0,0.9906303,1
11,9,1,1,0,165.22772,95.89892,353.5977,-0.012923907,-0.013638829,-0.013443139,23.778797,23.662222,2,11,1,0.99981105,1
11,14,1,1,0,-165.76395,-585.0324,262.99484,-0.0017400045,0.0065187425,-0.01839182,18.621805,19.105556,2,12,1,0.9924344,1
11,12,0,0,0,0.0,0.0,0.0,0.0,0.0,0.0,5.466764,-1.0,2,-1,0,0.98134583,1
11,8,1,0,0,182.99802,46.71633,94.435486,-0.00812509,-0.012325833,-0.017937128,6.6566043,6.5775,2,-1,0,0.9608723,1
11,37,1,1,0,174.5643,391.48108,265.22165,0.0049114344,-0.011545483,0.017183792,17.149584,16.965834,2,13,1,0.9992469,1
11,8,1,1,0,182.99802,46.71633,94.435486,-0.00812509,-0.012325833,-0.017937128,19.184166,19.18361,2,14,1,0.99589324,1
11,37,1,0,0,174.5643,391.48108,265.22165,0.0049114344,-0.011545483,0.017183792,6.1583886,6.266667,2,-1,0,0.98682445,1
11,38,1,1,0,-210.093,441.81064,287.62924,0.028598025,0.0027446384,0.016044095,27.653055,27.789722,2,15,1,0.9993906,1
11,36,1,0,0,211.36838,290.24878,203.07362,0.007422468,0.007783052,0.0031803255,3.1927154,3.2322223,2,-1,0,0.9493284,1
11,6,0,0,0,0.0,0.0,0.0,0.0,0.0,0.0,26.583216,-1.0,2,-1,0,0.99400723,1
11,29,1,1,0,-220.17575,122.9533,280.00845,0.0060088327,-0.0060037724,-0.025781129,16.201508,16.091667,2,16,1,0.9903355,1
11,29,1,0,0,-220.17575,122.9533,280.00845,0.0060088327,-0.0060037724,-0.025781129,11.781202,11.746388,2,-1,0,0.990229,1
11,27,1,0,0,242.20915,382.66095,220.3449,-0.015478693,-0.012122649,-0.00062041014,3.6571734,3.6330554,2,-1,0,0.97411513,1
11,27,1,1,0,242.20915,382.66095,220.3449,-0.015478693,-0.012122649,-0.00062041014,16.704706,16.578056,2,17,1,0.9999156,1
11,32,1,1,0,-239.46819,512.6157,248.35945,-0.019762522,0.009031125,0.021412123,30.912651,30.977777,2,18,1,0.99999654,1
11,21,1,1,0,-244.91435,-43.877953,350.8579,0.009363692,-0.013879418,-0.0015601255,17.149576,17.108055,2,19,1,0.99754745,1
11,11,1,1,0,-245.59288,-153.21365,44.942207,-0.0030552829,-0.023676058,0.00953984,22.752766,22.853056,2,20,1,0.999881,1
11,17,1,1,0,-250.49501,196.96481,371.43317,-0.004779081,-0.0029352861,-0.0034136781,6.3104024,6.3722224,2,21,1,0.98796356,1
11,22,1,1,0,-264.98987,-57.818485,451.94092,-0.01494443,0.013617631,-0.019335344,27.291243,27.122778,2,22,1,0.99124044,1
11,39,1,1,0,264.08405,-586.5225,71.44321,0.009566607,0.014139405,0.0050580506,18.361313,8.557777,2,23,1,0.9688227,1
11,19,1,1,0,-267.79288,-513.384,333.98822,0.015037556,-0.0074972413,-0.01238,14.857342,14.538889,2,24,1,0.9880199,1
11,19,1,0,0,-267.79288,-513.384,333.98822,0.015037556,-0.0074972413,-0.01238,4.3354726,4.191111,2,-1,0,0.97786623,1
11,30,1,1,0,324.87302,-337.8783,197.80554,-0.037416186,0.01121694,0.034917455,5.602972,5.462222,2,25,1,0.8826324,1
11,36,1,1,0,281.0692,358.43082,163.85541,0.007422468,0.007783052,0.0031803255,10.874049,10.904166,2,26,1,0.9647544,1
11,36,1,0,0,281.0692,358.43082,163.85541,0.007422468,0.007783052,0.0031803255,4.0316944,3.9302778,2,-1,0,0.92929155,1
11,1,1,1,0,-288.99103,245.07364,116.113655,0.0004226426,-0.0049594105,-0.0020488363,5.412153,5.306389,2,27,1,0.9731401,1
11,34,1,1,0,294.7903,-299.34155,294.84354,-0.00640402,-0.006995336,0.015421783,22.61282,17.213055,2,28,1,0.9688872,1
11,33,1,1,0,-294.13382,-579.57635,266.60413,-0.0055724033,0.028437527,0.02143989,21.05398,19.069445,2,29,1,0.9960341,1
11,18,0,0,0,0.0,0.0,0.0,0.0,0.0,0.0,25.50994,-1.0,2,-1,0,0.9784056,1
11,33,0,0,0,0.0,0.0,0.0,0.0,0.0,0.0,2.719979,2.725,2,-1,0,0.5263676,1
11,33,1,0,0,-294.13382,-579.57635,266.60413,-0.0055724033,0.028437527,0.02143989,12.084959,12.110833,2,-1,0,0.97643536,1
11,30,0,0,0,0.0,0.0,0.0,0.0,0.0,0.0,38.069267,-1.0,2,-1,0,0.9985489,1
11,31,1,1,0,-320.63287,235.85277,75.81801,-0.028988175,-0.0046588792,0.020181265,16.299305,11.110278,2,30,1,0.9716712,1
11,18,0,0,0,0.0,0.0,0.0,0.0,0.0,0.0,3.042903,-1.0,2,-1,0,0.7781469,1
11,2,1,1,0,321.30045,496.6003,275.8058,0.014589777,-0.015917262,-0.0021378188,14.919777,8.0525,2,31,1,0.9853917,1
11,31,1,0,0,-320.63287,235.85277,75.81801,-0.028988175,-0.0046588792,0.020181265,10.626993,10.630278,2,-1,0,0.774466,1
11,2,1,0,0,321.30045,496.6003,275.8058,0.014589777,-0.015917262,-0.0021378188,6.018653,6.046389,2,-1,0,0.93380696,1
11,26,1,1,0,-334.99063,476.04263,92.20902,0.001032438,0.004603224,-0.008914774,9.583201,9.645278,2,32,1,0.9870875,1
11,23,1,1,0,335.6165,295.54196,355.8885,0.000367755,0.0077989455,-0.0060006618,8.084778,8.206944,2,33,1,0.99608505,1
11,24,1,0,0,-347.51062,-320.69113,337.0275,-0.015098029,-0.005856771,-0.032831915,3.9051526,3.9619443,2,-1,0,0.8992598,1
11,24,1,1,0,-347.51062,-320.69113,337.0275,-0.015098029,-0.005856771,-0.032831915,15.368417,15.376945,2,34,1,0.9930118,1
11,31,1,0,0,-320.63287,235.85277,75.81801,-0.028988175,-0.0046588792,0.020181265,6.5358334,6.603611,2,-1,0,0.9720657,1
11,24,1,0,0,-347.51062,-320.69113,337.0275,-0.015098029,-0.005856771,-0.032831915,8.338451,8.356112,2,-1,0,0.9988361,1
11,28,1,1,0,352.5784,-446.09775,108.25372,0.01214667,-0.017883273,0.007646553,15.920166,16.000555,2,35,1,0.99047476,1
11,5,1,1,0,-358.9531,-314.4101,27.727129,0.012364017,0.0037664068,0.00027496132,16.543291,16.304722,2,36,1,0.9810585,1
11,28,1,0,0,352.5784,-446.09775,108.25372,0.01214667,-0.017883273,0.007646553,3.731382,3.7172222,2,-1,0,0.97507906,1
12,2,1,1,0,-9.659928,210.39462,131.47255,-0.0052418304,0.02101487,-0.00654555,18.406223,18.0875,2,0,1,0.99621683,1
12,2,1,0,0,-9.659928,210.39462,131.47255,-0.0052418304,0.02101487,-0.00654555,8.866313,5.5133333,2,-1,0,0.9840185,1
12,4,0,0,0,0.0,0.0,0.0,0.0,0.0,0.0,7.0740495,-1.0,2,-1,0,0.9795197,1
12,27,1,0,0,-44.379272,-462.46545,312.7612,0.013073428,-0.015586976,-0.0048372205,8.825333,8.930278,2,-1,0,0.98369515,1
12,33,1,1,0,-39.109062,-59.841385,105.49133,0.0054967855,0.010197603,0.010629098,18.603264,18.52,2,1,1,0.99012613,1
12,27,1,1,0,-44.379272,-462.46545,312.7612,0.013073428,-0.015586976,-0.0048372205,15.510486,15.356112,2,2,1,0.96253866,1
12,10,1,1,0,44.825195,527.0684,210.46304,-0.009883666,0.017941365,0.0069253705,23.158827,23.026667,2,3,1,0.98978037,1
12,31,0,0,0,0.0,0.0,0.0,0.0,0.0,0.0,37.154358,-1.0,2,-1,0,0.9991192,1
12,18,1,1,0,-69.31854,-170.46625,316.46146,0.02992493,0.0041403766,0.004649629,29.195316,29.24639,2,4,1,0.9996649,1
12,17,1,1,0,-65.502914,308.89865,37.19996,-0.007041251,-0.008167088,-0.01004587,9.281985,9.3336115,2,5,1,0.98370105,1
12,17,1,0,0,-65.502914,308.89865,37.19996,-0.007041251,-0.008167088,-0.01004587,5.8378615,5.7672224,2,-1,0,0.98637074,1
12,32,1,1,0,-102.096115,291.26102,125.58492,0.010146564,-0.023422012,-0.0046191704,31.262342,30.921112,2,6,1,0.999972,1
12,39,1,1,0,-103.79106,-129.38936,388.31918,-0.019177327,0.0072766324,-0.004254538,8.325854,1.4425,2,7,1,0.96727854,1
12,22,1,1,0,106.96002,34.546276,247.2662,0.018226687,-0.014691847,-0.013794514,17.308924,14.929722,2,8,1,0.96500576,1
12,22,1,0,0,106.96002,34.546276,247.2662,0.018226687,-0.014691847,-0.013794514,11.549403,11.300555,2,-1,0,0.94843596,1
12,14,1,0,0,127.52997,-596.5421,188.7277,-0.019666404,0.0003546315,-0.0016994642,9.057507,8.976111,2,-1,0,0.9211436,1
12,14,1,1,0,127.52997,-596.5421,188.7277,-0.019666404,0.0003546315,-0.0016994642,10.449417,10.433888,2,-1,1,0.99394375,1
12,39,1,0,0,-103.79106,-129.38936,388.31918,-0.019177327,0.0072766324,-0.004254538,3.001111,3.0008333,2,-1,0,0.6171721,1
12,26,1,1,0,154.80592,31.033312,449.67264,-0.010351415,0.016581573,-0.019336138,24.901459,25.170834,2,10,1,0.99865085,1
12,35,1,0,0,-154.68536,-36.131367,354.6783,-0.021695169,-0.010133366,-0.004980759,5.6004443,5.3575,2,-1,0,0.93464094,1
12,26,1,0,0,154.80592,31.033312,449.67264,-0.010351415,0.016581573,-0.019336138,4.8889995,4.892778,2,-1,0,0.99615055,1
12,34,1,1,0,-162.8378,229.7611,303.54468,0.01903068,-0.0024352912,0.003919279,20.346083,20.30889,2,11,1,0.99983406,1
12,40,1,1,0,157.65091,304.01404,271.54916,0.011886875,0.0048921863,0.025491519,34.776405,34.693333,2,12,1,0.99319506,1
12,9,0,0,0,0.0,0.0,0.0,0.0,0.0,0.0,13.71482,-1.0,2,-1,0,0.99639565,1
12,19,1,0,0,-183.39725,-68.751526,156.82588,0.021590525,-0.0078106956,-0.011282512,6.223653,6.2552776,2,-1,0,0.96380526,1
12,13,1,1,0,170.39433,-189.96017,19.390717,0.0041896543,0.016125016,0.013280792,12.878665,13.036389,2,13,1,0.99391454,1
12,13,1,0,0,170.39433,-189.96017,19.390717,0.0041896543,0.016125016,0.013280792,8.938444,8.982778,2,-1,0,0.98178905,1
12,19,1,1,0,-183.39725,-68.751526,156.82588,0.021590525,-0.0078106956,-0.011282512,17.551146,17.810278,2,14,1,0.9818642,1
12,20,1,1,0,219.3257,-198.86977,158.69543,0.0027043903,-0.01599027,-0.0054306015,9.7479925,9.738611,2,15,1,0.9966312,1
12,20,1,0,0,219.3257,-198.86977,158.69543,0.0027043903,-0.01599027,-0.0054306015,6.7720203,6.900833,2,-1,0,0.97854847,1
12,1,1,1,0,222.75099,248.24152,418.7076,-1.4313173e-06,-0.031000394,0.01440441,26.151358,24.323055,2,16,1,0.99984634,1
12,1,1,0,0,222.75099,248.24152,418.7076,-1.4313173e-06,-0.031000394,0.01440441,8.1484585,8.443889,2,-1,0,0.99844885,1
12,16,1,1,0,-235.8768,267.84814,121.42111,0.0050910627,0.011826875,0.0016766516,8.605958,8.568611,2,17,1,0.999196,1
12,13,0,0,0,0.0,0.0,0.0,0.0,0.0,0.0,2.8504238,2.7966666,2,-1,0,0.5199566,1
12,21,1,1,0,-271.70578,596.5169,366.7666,-0.010624162,-0.010319777,-0.010885435,12.467931,12.287778,2,18,1,0.9736683,1
12,12,1,1,0,-275.3981,-111.67403,346.22437,-0.0011322572,-0.0044986503,0.019683583,13.436459,13.698055,2,19,1,0.9925114,1
12,12,1,0,0,-275.3981,-111.67403,346.22437,-0.0011322572,-0.0044986503,0.019683583,5.2296457,4.361111,2,-1,0,0.9954466,1
12,35,1,1,0,-154.68536,-36.131367,354.6783,-0.021695169,-0.010133366,-0.004980759,14.654653,14.548889,2,20,1,0.99714404,1
12,5,0,0,0,0.0,0.0,0.0,0.0,0.0,0.0,22.598078,-1.0,2,-1,0,0.99267405,1
12,7,1,1,0,284.3084,-598.8036,206.3146,-0.0024119574,0.011003488,0.016570028,18.509027,18.571667,2,21,1,0.989962,1
12,6,1,0,0,294.2775,-595.93866,281.21686,-0.017668856,0.02667691,0.0009960812,3.8917081,3.7705555,2,-1,0,0.9407212,1
12,7,1,0,0,284.3084,-598.8036,206.3146,-0.0024119574,0.011003488,0.016570028,3.0208473,3.0205555,2,-1,0,0.83497924,1
12,25,1,1,0,289.12552,-549.94794,124.094894,0.017760832,-0.0069396673,0.0027705966,18.741543,14.610278,2,22,1,0.99013186,1
12,3,1,1,0,-293.08218,-1.967685,123.28901,0.0002594494,0.021233736,-0.024282428,17.29541,17.319723,2,23,1,0.98383296,1
12,6,1,1,0,294.2775,-595.93866,281.21686,-0.017668856,0.02667691,0.0009960812,26.569174,26.631111,2,24,1,0.9648791,1
12,11,1,1,0,294.26547,51.740654,415.2255,0.009374418,0.014548263,-0.00476417,16.459139,16.651945,2,25,1,0.9894121,1
12,11,1,0,0,294.26547,51.740654,415.2255,0.009374418,0.014548263,-0.00476417,3.4402983,3.3966668,2,-1,0,0.841537,1
12,8,1,1,0,-299.90396,-458.53857,326.3422,-0.0016542635,-0.00049195555,0.008809123,8.568985,7.9711113,2,26,1,0.9859194,1
12,28,1,1,0,300.90652,538.9155,22.49079,0.016142018,-0.002822637,0.010711899,13.439792,13.441389,2,27,1,0.98909295,1
12,23,1,0,0,-326.53195,356.04642,228.21172,-0.006428612,-0.019565742,-0.0044768783,3.0207849,3.1075,2,-1,0,0.7090436,1
12,30,1,1,0,-311.13126,155.52594,12.631036,0.010247771,-0.0034369922,0.0017384959,10.755555,10.698055,2,28,1,0.95162135,1
12,37,0,0,0,0.0,0.0,0.0,0.0,0.0,0.0,3.2508333,-1.0,2,-1,0,0.93974894,1
12,23,1,1,0,-326.53195,356.04642,228.21172,-0.006428612,-0.019565742,-0.0044768783,19.163313,11.793056,2,29,1,0.98903275,1
12,37,0,0,0,0.0,0.0,0.0,0.0,0.0,0.0,9.80941,-1.0,2,-1,0,0.99775094,1
12,3,0,0,0,0.0,0.0,0.0,0.0,0.0,0.0,2.7043195,2.8577778,2,-1,0,0.8089246,1
12,36,1,1,0,-348.46326,157.36852,236.7794,0.007834059,0.008371636,0.0076753804,12.876846,12.908334,2,30,1,0.9759999,1
12,29,1,1,0,347.2193,46.151066,28.21883,0.01592427,0.005155417,-0.013878012,16.353535,16.378056,2,31,1,0.9858827,1
12,15,1,0,0,-349.26224,514.3691,428.9165,-0.00074602116,0.024040675,-0.049755678,11.756472,11.5575,2,-1,0,0.98220295,1
12,15,1,1,0,-349.26224,514.3691,428.9165,-0.00074602116,0.024040675,-0.049755678,18.302654,18.240555,2,32,1,0.99551433,1
12,15,1,0,0,-349.26224,514.3691,428.9165,-0.00074602116,0.024040675,-0.049755678,6.609375,6.633611,2,-1,0,0.98568475,1
12,15,1,0,0,-349.26224,514.3691,428.9165,-0.00074602116,0.024040675,-0.049755678,4.9978404,4.867778,2,-1,0,0.7956997,1
12,15,1,0,0,-349.26224,514.3691,428.9165,-0.00074602116,0.024040675,-0.049755678,4.466639,4.4394445,2,-1,0,0.952233,1
12,29,0,0,0,0.0,0.0,0.0,0.0,0.0,0.0,3.1472223,0.7411111,2,-1,0,0.6263307,1
12,38,1,1,0,358.5662,-449.61676,426.43503,0.012537058,0.0019475135,-0.018396823,15.852534,14.361944,2,33,1,0.9084933,1
12,24,1,1,0,361.51495,-461.41718,143.91722,-0.00035859994,-0.00945357,-0.00093258824,7.2840767,3.6355555,2,34,1,0.9611102,1
12,24,1,0,0,361.51495,-461.41718,143.91722,-0.00035859994,-0.00945357,-0.00093258824,5.0152225,4.8933334,2,-1,0,0.92175806,1
12,3,0,0,0,0.0,0.0,0.0,0.0,0.0,0.0,2.9938748,2.9183333,2,-1,0,0.8777767,1
13,4,1,1,0,-11.0872345,-165.96059,417.01163,0.024750425,-0.0053506894,-0.0067485664,17.79866,17.733889,2,0,1,0.99445266,1
13,6,1,0,0,42.57377,291.83868,313.8913,0.022658702,-0.029876338,-0.002750368,7.118673,6.911111,2,-1,0,0.96624523,1
13,29,0,0,0,0.0,0.0,0.0,0.0,0.0,0.0,3.11525,3.0930555,2,-1,0,0.76271504,1
13,25,1,1,0,40.336594,105.47054,440.43954,-0.0038594946,-0.004933836,-0.014115458,10.170673,10.336389,2,1,1,0.99696845,1
13,25,1,0,0,40.336594,105.47054,440.43954,-0.0038594946,-0.004933836,-0.014115458,6.015736,5.8930554,2,-1,0,0.960842,1
13,6,1,1,0,42.57377,291.83868,313.8913,0.022658702,-0.029876338,-0.002750368,17.930416,18.360556,2,2,1,0.9974675,1
13,6,1,0,0,42.57377,291.83868,313.8913,0.022658702,-0.029876338,-0.002750368,13.564006,13.649167,2,-1,0,0.98405993,1
13,3,1,0,0,63.51112,595.9025,373.5278,-0.011867144,-0.00774761,0.008906569,8.259889,8.168333,2,-1,0,0.98689896,1
13,16,1,1,0,51.899326,-312.8061,29.086021,0.0015408314,0.010440681,-0.00053176325,12.452792,12.3475,2,3,1,0.9891389,1
13,27,1,1,0,-53.818314,-16.19279,62.82867,0.00045222702,-0.002066693,-0.00085311825,7.009861,6.9005556,2,4,1,0.9942536,1
13,8,0,0,0,0.0,0.0,0.0,0.0,0.0,0.0,24.75654,-1.0,2,-1,0,0.9998386,1
13,13,1,0,0,-81.25541,28.968739,446.4575,0.014137562,0.011989359,0.007297756,4.1294026,4.120278,2,-1,0,0.93788743,1
13,3,1,1,0,63.51112,595.9025,373.5278,-0.011867144,-0.00774761,0.008906569,9.976319,9.850833,2,5,1,0.99771154,1
13,29,1,1,0,66.03682,55.04216,249.38818,-0.000728655,-0.021502981,0.008416898,21.989542,21.781666,2,6,1,0.956142,1
13,8,0,0,0,0.0,0.0,0.0,0.0,0.0,0.0,7.555736,-1.0,2,-1,0,0.986951,1
13,23,1,1,0,65.99683,325.6456,458.9216,0.028421056,-0.006824981,-0.01653344,15.31207,15.356667,2,7,1,0.98387897,1
13,23,1,0,0,65.99683,325.6456,458.9216,0.028421056,-0.006824981,-0.01653344,8.60384,8.484445,2,-1,0,0.9691384,1
13,13,1,0,0,-81.25541,28.968739,446.4575,0.014137562,0.011989359,0.007297756,4.8577085,4.822222,2,-1,0,0.9748794,1
13,39,1,1,0,78.062996,101.942795,131.26866,0.008374294,0.014982007,0.010107248,23.908308,23.825,2,8,1,0.99964774,1
13,13,1,1,0,-81.25541,28.968739,446.4575,0.014137562,0.011989359,0.007297756,10.271188,10.317223,2,9,1,0.99898523,1
13,23,1,0,0,65.99683,325.6456,458.9216,0.028421056,-0.006824981,-0.01653344,9.439138,9.521944,2,-1,0,0.99155056,1
13,1,0,0,0,0.0,0.0,0.0,0.0,0.0,0.0,19.03943,-1.0,2,-1,0,0.9857518,1
13,14,1,1,0,97.94603,514.161,392.78558,-0.0034239397,0.008079878,-0.0046928166,10.418056,10.336389,2,10,1,0.9938572,1
13,32,1,1,0,99.885666,-213.99435,130.84753,0.0028350079,0.01691324,-0.005256119,19.546957,19.519444,2,11,1,0.9862149,1
13,12,1,0,0,-112.60135,197.36226,74.03914,0.009484481,-0.0019117171,-0.018820472,3.4682152,3.5094445,2,-1,0,0.9535346,1
13,12,1,0,0,-110.34464,194.35922,75.46269,0.009484481,-0.0019117171,-0.018820472,7.0215144,5.577778,2,-1,0,0.9527108,1
13,12,1,1,0,-112.60135,197.36226,74.03914,0.009484481,-0.0019117171,-0.018820472,7.103223,7.0375,2,12,1,0.9914457,1
13,11,1,1,0,-116.17217,-322.57614,438.26822,0.026475053,0.0003548942,0.021697452,39.56314,39.50778,2,13,1,0.9931961,1
13,36,1,0,0,-147.96756,-417.42648,285.3676,0.02446226,-0.016127437,-0.0054157935,4.879375,4.8697224,2,-1,0,0.983969,1
13,22,1,0,0,-128.56595,135.49463,143.01524,-0.0043759895,-0.00031227325,0.012639757,7.446847,7.508333,2,-1,0,0.93682045,1
13,22,1,1,0,-128.56595,135.49463,143.01524,-0.0043759895,-0.00031227325,0.012639757,12.498611,11.159722,2,14,1,0.9454811,1
13,20,1,1,0,132.42505,515.77997,399.28137,0.0087197125,0.007985453,0.00958932,12.307667,8.709444,2,15,1,0.96638596,1
13,20,1,0,0,132.42505,515.77997,399.28137,0.0087197125,0.007985453,0.00958932,3.0274794,2.9194446,2,-1,0,0.7968229,1
13,36,1,1,0,-147.96756,-417.42648,285.3676,0.02446226,-0.016127437,-0.0054157935,28.243027,28.8475,2,16,1,0.99999285,1
13,34,1,1,0,149.35474,-62.04893,416.92596,0.013927262,-0.004676035,-0.016524466,23.005243,22.49639,2,17,1,0.99999213,1
13,24,1,1,0,161.86327,15.866361,366.2405,0.01289508,-0.0072058374,-0.0114151975,13.759111,13.8875,2,18,1,0.98948276,1
13,40,1,1,0,-163.60786,-273.67065,151.03874,-0.01731967,0.015056597,0.028490432,26.360077,26.5025,2,19,1,0.9984963,1
13,40,1,0,0,-163.60786,-273.67065,151.03874,-0.01731967,0.015056597,0.028490432,7.1165624,7.1525,2,-1,0,0.9991713,1
13,24,1,0,0,161.86327,15.866361,366.2405,0.01289508,-0.0072058374,-0.0114151975,4.902757,4.8308334,2,-1,0,0.9845919,1
13,19,0,0,0,0.0,0.0,0.0,0.0,0.0,0.0,5.0507336,0.27583334,2,-1,0,0.9472657,1
13,19,0,0,0,0.0,0.0,0.0,0.0,0.0,0.0,4.563452,-1.0,2,-1,0,0.98461616,1
13,9,1,1,0,-190.14705,477.4725,138.17076,0.020058546,0.0035959482,0.006855347,21.86007,21.773611,2,20,1,0.9914511,1
13,21,1,0,0,-255.63875,228.72984,117.19577,0.0026041474,0.0070259743,-0.0021736794,2.9545834,2.9655557,2,-1,0,0.8084193,1
13,7,1,0,0,185.66444,567.513,411.12292,0.004823815,-0.020891799,0.046795875,15.5819435,15.286389,2,-1,0,0.98663896,1
13,7,1,0,0,185.66444,567.513,411.12292,0.004823815,-0.020891799,0.046795875,10.604631,10.736944,2,-1,0,0.984718,1
13,7,1,1,0,185.66444,567.513,411.12292,0.004823815,-0.020891799,0.046795875,22.231827,22.32639,2,21,1,0.985056,1
13,31,1,0,0,-232.62964,-437.77545,145.22937,2.637771e-05,-0.0060141794,-0.0010773296,5.9838266,6.1138887,2,-1,0,0.97104764,1
13,17,1,1,0,-227.37617,150.20195,221.12714,-0.008951481,-0.008997199,-0.00127614,11.301882,11.278611,2,22,1,0.99091226,1
13,31,1,1,0,-232.62964,-437.77545,145.22937,2.637771e-05,-0.0060141794,-0.0010773296,6.028417,6.117778,2,23,1,0.9907347,1
13,5,1,0,0,-245.34718,204.77983,279.39346,-0.004932008,-0.063318744,-0.024831565,6.895424,6.875,2,-1,0,0.9927496,1
13,10,1,0,0,241.8255,-58.25178,223.02066,-0.005551059,0.017878,-0.052659765,5.4279995,5.4686112,2,-1,0,0.990855,1
13,10,1,1,0,241.8255,-58.25178,223.02066,-0.005551059,0.017878,-0.052659765,19.250444,19.225277,2,24,1,0.99697304,1
13,10,1,0,0,241.8255,-58.25178,223.02066,-0.005551059,0.017878,-0.052659765,5.358264,5.377222,2,-1,0,0.9726466,1
13,10,1,0,0,241.8255,-58.25178,223.02066,-0.005551059,0.017878,-0.052659765,11.760049,11.828055,2,-1,0,0.98809785,1
13,35,1,0,0,-242.56837,-355.85336,463.3197,0.0011687151,-0.0018747778,-0.026506362,7.67716,7.4480557,2,-1,0,0.98693115,1
13,35,1,1,0,-242.56837,-355.85336,463.3197,0.0011687151,-0.0018747778,-0.026506362,16.952492,17.026388,2,25,1,0.98750275,1
13,5,1,1,0,-245.34718,204.77983,279.39346,-0.004932008,-0.063318744,-0.024831565,30.885117,29.210278,2,26,1,0.8484376,1
13,5,1,0,0,-245.34718,204.77983,279.39346,-0.004932008,-0.063318744,-0.024831565,24.045353,22.776667,2,-1,0,0.99297935,1
13,10,1,0,0,241.8255,-58.25178,223.02066,-0.005551059,0.017878,-0.052659765,7.6192985,7.7330556,2,-1,0,0.9663942,1
13,21,1,1,0,-255.63875,228.72984,117.19577,0.0026041474,0.0070259743,-0.0021736794,7.729834,7.7941666,2,27,1,0.9826513,1
13,5,1,0,0,-245.34718,204.77983,279.39346,-0.004932008,-0.063318744,-0.024831565,5.986757,6.1077776,2,-1,0,0.9712317,1
13,28,1,1,0,265.6751,-34.486923,68.41323,-0.007069017,-0.024417847,-0.023699827,27.992992,25.837778,2,28,1,0.9929189,1
13,30,1,1,0,-284.38608,-472.85046,361.85522,0.0014541191,-0.02695525,-0.016003843,29.033173,28.6325,2,29,1,0.9916521,1
13,26,1,0,0,-295.21075,568.8259,8.552742,0.0049647395,0.025964513,-0.0032718536,4.08,4.194722,2,-1,0,0.930018,1
13,26,1,0,0,-295.21075,568.8259,8.552742,0.0049647395,0.025964513,-0.0032718536,3.4104514,3.456389,2,-1,0,0.95646167,1
13,26,1,1,0,-295.21075,568.8259,8.552742,0.0049647395,0.025964513,-0.0032718536,17.25673,17.3,2,30,1,0.9872954,1
13,18,1,0,0,-294.9183,178.79135,455.10684,-0.025050126,0.0069926535,-0.017941106,9.386326,9.470278,2,-1,0,0.97968626,1
13,18,1,1,0,-294.9183,178.79135,455.10684,-0.025050126,0.0069926535,-0.017941106,10.4881315,10.488889,2,31,1,0.986353,1
13,38,0,0,0,0.0,0.0,0.0,0.0,0.0,0.0,16.918722,-1.0,2,-1,0,0.98864925,1
13,38,0,0,0,0.0,0.0,0.0,0.0,0.0,0.0,11.421535,-1.0,2,-1,0,0.9709745,1
13,15,1,1,0,-301.82056,365.39035,263.0077,0.014301112,0.0065205097,0.008344561,18.31702,18.47,2,32,1,0.9585677,1
13,18,1,0,0,-294.9183,178.79135,455.10684,-0.025050126,0.0069926535,-0.017941106,3.6736946,3.5794444,2,-1,0,0.95395494,1
13,16,0,0,0,0.0,0.0,0.0,0.0,0.0,0.0,2.8902779,2.8911111,2,-1,0,0.5275518,1
13,18,1,0,0,-294.9183,178.79135,455.10684,-0.025050126,0.0069926535,-0.017941106,3.3350139,3.33,2,-1,0,0.96852666,1
13,2,1,1,0,337.30124,404.5094,142.41463,0.0025741858,-0.004638459,0.024299202,21.577423,21.791666,2,33,1,0.9914466,1
13,37,1,1,0,-344.41953,278.69458,192.70856,0.0013445294,0.0027014907,0.011123001,11.011285,11.068334,2,34,1,0.99082774,1
13,33,1,1,0,343.65164,-12.865312,259.9732,0.010085668,0.0021345261,0.01953641,20.292645,20.282778,2,35,1,0.9727494,1
13,37,1,0,0,-344.41953,278.69458,192.70856,0.0013445294,0.0027014907,0.011123001,3.340111,3.2680554,2,-1,0,0.9455346,1
13,30,1,0,0,-467.28082,-574.74207,448.6722,0.0014541191,-0.02695525,-0.016003843,6.3828197,6.3191667,2,-1,0,0.97353643,1
14,9,1,1,0,7.983676,249.18494,253.90326,-0.0026821762,-0.011870132,0.0022620729,15.672569,15.263333,2,0,1,0.9999629,1
14,24,1,1,0,25.001364,467.4855,163.60144,0.017938938,-0.0025925064,-0.007930071,14.448777,14.469167,2,1,1,0.9991929,1
14,24,1,0,0,25.001364,467.4855,163.60144,0.017938938,-0.0025925064,-0.007930071,7.0404167,6.8602777,2,-1,0,0.99047947,1
14,40,1,0,0,-43.316372,-507.5507,14.0973,0.018922687,0.03447653,-0.026307348,2.7179723,2.7125,2,-1,0,0.7237557,1
14,40,1,0,0,-43.316372,-507.5507,14.0973,0.018922687,0.03447653,-0.026307348,4.134264,4.045,2,-1,0,0.9905756,1
14,40,1,1,0,-43.316372,-507.5507,14.0973,0.018922687,0.03447653,-0.026307348,40.70599,40.746113,2,2,1,0.9989452,1
14,19,1,1,0,42.59089,293.61212,258.6299,0.027975334,-0.00793207,0.016558299,27.964201,27.766111,2,3,1,0.9478891,1
14,8,0,0,0,0.0,0.0,0.0,0.0,0.0,0.0,2.7688959,2.4947221,2,-1,0,0.6655589,1
14,19,1,0,0,42.59089,293.61212,258.6299,0.027975334,-0.00793207,0.016558299,7.1486316,7.275,2,-1,0,0.9903377,1
14,29,1,1,0,61.199364,-407.88068,410.66678,0.003234175,-0.004316125,0.0102759395,13.207903,13.285833,2,4,1,0.9914457,1
14,29,1,0,0,61.199364,-407.88068,410.66678,0.003234175,-0.004316125,0.0102759395,3.7763336,3.7147222,2,-1,0,0.61804676,1
14,16,1,1,0,71.41884,-284.7731,285.0972,0.004160481,0.008690167,0.0046181413,7.8198476,6.9252777,2,5,1,0.9936329,1
14,37,1,1,0,-72.52668,428.79025,224.4507,0.0038936168,-0.005851848,0.006742014,13.116584,12.354722,2,6,1,0.9816296,1
14,30,1,0,0,-76.2454,506.66522,45.029022,0.018887863,0.0005529059,0.026708657,8.847208,8.961389,2,-1,0,0.9839342,1
14,30,1,0,0,-76.2454,506.66522,45.029022,0.018887863,0.0005529059,0.026708657,4.392889,4.356389,2,-1,0,0.9506881,1
14,30,1,1,0,-76.2454,506.66522,45.029022,0.018887863,0.0005529059,0.026708657,23.890125,24.1125,2,7,1,0.99610245,1
14,39,1,0,0,-80.97551,-300.79852,396.35526,-0.0153383855,-0.0044524055,-0.001173879,6.547819,6.3213887,2,-1,0,0.9778701,1
14,12,1,0,0,123.965866,20.918495,205.93736,-0.025225008,0.019922568,0.008147763,9.600417,9.653611,2,-1,0,0.9930842,1
14,39,1,1,0,-80.97551,-300.79852,396.35526,-0.0153383855,-0.0044524055,-0.001173879,11.622048,11.508056,2,8,1,0.953318,1
14,25,1,1,0,-85.14118,-565.50726,145.35378,-0.0024813788,0.0008164529,-0.004329142,5.7153883,3.2991667,2,9,1,0.9898462,1
14,19,1,0,0,42.59089,293.61212,258.6299,0.027975334,-0.00793207,0.016558299,3.005611,2.9569445,2,-1,0,0.7149132,1
14,28,1,1,0,-98.72805,229.24289,318.89734,-0.0063679665,0.0031024634,0.022200646,12.207007,12.368611,2,10,1,0.9962004,1
14,36,1,1,0,99.675224,-85.52428,81.40454,0.0037105826,-0.0051727225,-0.02401123,17.970139,18.18,2,11,1,0.98954695,1
14,36,1,0,0,99.675224,-85.52428,81.40454,0.0037105826,-0.0051727225,-0.02401123,3.0392914,3.0563889,2,-1,0,0.6072918,1
14,28,1,0,0,-98.72805,229.24289,318.89734,-0.0063679665,0.0031024634,0.022200646,9.782591,9.716111,2,-1,0,0.98729473,1
14,6,1,1,0,-105.63397,-397.02258,355.70535,-0.0099063665,0.030642493,-0.0001547174,33.38651,26.6075,2,12,1,0.9996725,1
14,12,1,1,0,123.965866,20.918495,205.93736,-0.025225008,0.019922568,0.008147763,21.06366,21.106945,2,13,1,0.9987519,1
14,17,1,1,0,-129.26028,515.83795,119.50641,-0.017522855,-0.018717522,-0.0067525865,22.331367,22.304167,2,14,1,0.9982963,1
14,20,1,0,0,146.86162,155.58943,111.973465,-0.015419248,0.009294612,0.015429854,8.535993,8.747222,2,-1,0,0.9976513,1
14,20,1,1,0,146.86162,155.58943,111.973465,-0.015419248,0.009294612,0.015429854,16.913305,16.903889,2,15,1,0.994117,1
14,20,1,0,0,146.86162,155.58943,111.973465,-0.015419248,0.009294612,0.015429854,3.2705693,3.2577777,2,-1,0,0.69363683,1
14,5,1,1,0,-174.5939,559.52966,0.924112,-0.020994373,0.0017080982,0.0021255831,18.61243,18.305555,2,-1,1,0.9990876,1
14,22,1,1,0,-179.4663,400.4196,62.134193,-0.020956151,-0.024365002,0.012755843,26.765404,26.606112,2,16,1,0.9988896,1
14,22,1,0,0,-179.4663,400.4196,62.134193,-0.020956151,-0.024365002,0.012755843,9.775924,9.7711115,2,-1,0,0.9952441,1
14,14,0,0,0,0.0,0.0,0.0,0.0,0.0,0.0,8.012917,-1.0,2,-1,0,0.91611284,1
14,14,0,0,0,0.0,0.0,0.0,0.0,0.0,0.0,21.944992,-1.0,2,-1,0,0.9950276,1
14,4,0,0,0,0.0,0.0,0.0,0.0,0.0,0.0,2.9542637,2.9644444,2,-1,0,0.5027864,1
14,3,1,1,0,-212.77313,-319.06042,180.39671,0.007869166,0.000871227,0.034246642,33.67841,34.13889,2,17,1,0.683535,1
14,8,1,1,0,-213.80064,597.7117,373.57233,-0.002596082,0.008835102,-0.017354587,7.684771,7.7483335,2,18,1,0.9942912,1
14,33,1,1,0,213.68803,582.2202,38.617626,0.023086801,0.0030744874,0.0003550302,23.420195,23.459444,2,19,1,0.99981105,1
14,11,1,1,0,214.6172,112.365456,134.98013,0.0029993986,0.004985169,-0.018422615,11.423104,6.8072224,2,20,1,0.9905536,1
14,11,1,0,0,214.6172,112.365456,134.98013,0.0029993986,0.004985169,-0.018422615,8.786862,7.878611,2,-1,0,0.9898363,1
14,27,1,1,0,229.2478,251.98456,183.69261,-0.01930469,-7.0439935e-05,-0.0045232014,15.197368,15.358055,2,21,1,0.9977729,1
14,32,1,1,0,243.76855,-411.08664,377.85617,-0.022390498,-0.008500025,0.009354712,27.283485,25.96889,2,22,1,0.99306375,1
14,13,1,1,0,-258.4458,397.79556,425.14227,0.02392312,0.008964348,0.030149661,14.507465,12.836389,2,23,1,0.98840255,1
14,1,1,1,0,-257.3281,-565.63257,338.46545,-0.02480744,-0.019011058,0.0006116626,25.520517,24.007223,2,24,1,0.99994624,1
14,38,1,1,0,267.6953,-437.2324,310.79578,-0.0010381448,0.020344017,0.025927657,19.82037,19.785555,2,25,1,0.9848646,1
14,38,1,0,0,267.6953,-437.2324,310.79578,-0.0010381448,0.020344017,0.025927657,10.966201,11.389444,2,-1,0,0.9919978,1
14,18,1,1,0,285.14734,-439.05652,259.84882,0.0020318867,-0.008259405,0.029029151,17.509014,17.6375,2,26,1,0.99080807,1
14,18,1,0,0,285.14734,-439.05652,259.84882,0.0020318867,-0.008259405,0.029029151,4.767208,4.8205557,2,-1,0,0.9527081,1
14,2,1,1,0,-287.5817,-267.23398,443.7574,-0.012244443,-0.008787266,0.01645715,18.43793,18.502777,2,27,1,0.995263,1
14,4,1,1,0,-294.90652,181.22073,397.67252,-0.00070110365,-0.0033876626,0.023374323,9.968721,9.916111,2,28,1,0.9886044,1
14,31,0,0,0,0.0,0.0,0.0,0.0,0.0,0.0,26.120687,-1.0,2,-1,0,0.9985807,1
14,35,1,1,0,-302.6515,-32.758636,421.2807,-0.0009774779,-0.009024826,0.010698507,14.322806,14.145833,2,29,1,0.99520063,1
14,34,1,1,0,-320.66217,-112.90134,380.15286,-0.0013783005,0.01578773,0.008309855,9.695597,9.803333,2,30,1,0.99072826,1
14,34,1,0,0,-320.66217,-112.90134,380.15286,-0.0013783005,0.01578773,0.008309855,5.851556,5.7430553,2,-1,0,0.99240786,1
14,23,1,1,0,-341.98962,212.74097,90.83127,0.007597101,0.01805513,-0.0020905382,10.4673815,10.578889,2,31,1,0.99557894,1
14,23,1,0,0,-341.98962,212.74097,90.83127,0.007597101,0.01805513,-0.0020905382,6.4270344,6.6255555,2,-1,0,0.9880007,1
14,21,1,1,0,346.62622,24.590279,428.71933,0.016638754,-0.0034338401,0.0058203656,18.055758,14.495833,2,32,1,0.91653454,1
14,10,1,1,0,-352.4518,-193.43526,96.6655,0.011761868,0.015088478,-0.009341482,16.524027,16.561111,2,33,1,0.9426637,1
14,10,1,0,0,-352.4518,-193.43526,96.6655,0.011761868,0.015088478,-0.009341482,3.0863333,3.0527778,2,-1,0,0.75624543,1
14,26,1,1,0,-356.57477,89.08857,98.12978,-0.0067703906,-0.0014489103,0.012563472,13.925403,10.071111,2,34,1,0.9982377,1
14,35,0,0,0,0.0,0.0,0.0,0.0,0.0,0.0,2.6299098,0.57805556,2,-1,0,0.72157913,1
15,10,1,1,0,-7.9859667,-527.74084,361.0632,0.012180136,0.002133886,0.028734183,10.85648,10.767777,2,0,1,0.9977077,1
15,32,1,0,0,27.328587,457.69263,75.05852,-0.012355381,0.014220605,-0.022655899,3.7861943,3.7805555,2,-1,0,0.7746904,1
15,32,1,0,0,27.328587,457.69263,75.05852,-0.012355381,0.014220605,-0.022655899,8.606875,8.529166,2,-1,0,0.9935201,1
15,40,1,1,0,-17.442799,86.98949,345.77588,-0.0004969083,-0.006127242,-0.015625697,18.812841,16.515556,2,1,1,0.999356,1
15,7,1,1,0,-25.786629,362.78845,170.12115,0.014022379,0.015491518,-0.007109447,15.563798,15.639444,2,2,1,0.97663534,1
15,7,1,0,0,-25.786629,362.78845,170.12115,0.014022379,0.015491518,-0.007109447,14.353458,10.428611,2,-1,0,0.98014265,1
15,32,1,1,0,27.328587,457.69263,75.05852,-0.012355381,0.014220605,-0.022655899,22.463125,22.192223,2,3,1,0.889923,1
15,25,1,1,0,57.44637,-127.30041,334.27554,-0.008355428,-0.016720425,0.0027548322,17.938383,18.545834,2,4,1,0.99923646,1
15,25,1,0,0,57.44637,-127.30041,334.27554,-0.008355428,-0.016720425,0.0027548322,4.0679374,4.1719446,2,-1,0,0.9625871,1
15,22,1,1,0,-67.27803,-247.7549,363.01117,0.005523207,0.010753861,-0.0063477694,8.889451,9.082222,2,5,1,0.9972595,1
15,25,1,0,0,57.44637,-127.30041,334.27554,-0.008355428,-0.016720425,0.0027548322,3.602125,3.5958333,2,-1,0,0.89879566,1
15,38,1,1,0,68.70664,458.2896,66.78169,-0.00063703896,-0.013899461,-0.005311636,19.977617,12.882778,2,6,1,0.998334,1
15,4,1,1,0,75.88618,488.4169,80.940704,0.03279526,0.03126238,-0.0019249382,27.000729,26.821667,2,7,1,0.99997413,1
15,1,1,0,0,92.67083,267.84375,279.62213,-0.02858981,0.008678802,-0.014134723,4.8076735,4.8791666,2,-1,0,0.99143785,1
15,4,1,0,0,75.88618,488.4169,80.940704,0.03279526,0.03126238,-0.0019249382,15.883917,16.0,2,-1,0,0.99986684,1
15,4,1,0,0,75.88618,488.4169,80.940704,0.03279526,0.03126238,-0.0019249382,10.802118,10.793889,2,-1,0,0.9276468,1
15,34,1,0,0,84.75914,598.3998,201.17734,0.014879382,-0.017388023,0.005338551,12.016028,9.885,2,-1,0,0.96839964,1
15,34,0,0,0,0.0,0.0,0.0,0.0,0.0,0.0,2.6211457,2.5852778,2,-1,0,0.70541584,1
15,1,1,1,0,92.67083,267.84375,279.62213,-0.02858981,0.008678802,-0.014134723,21.088047,21.108055,2,8,1,0.9907291,1
15,17,1,0,0,-111.30969,26.006062,299.5175,-0.0066684927,0.015952397,-0.009805491,2.782264,2.7777777,2,-1,0,0.8629315,1
15,36,0,0,0,0.0,0.0,0.0,0.0,0.0,0.0,6.7813334,-1.0,2,-1,0,0.994481,1
15,14,1,1,0,109.94056,-46.972584,374.63037,0.0013328195,0.0182066,0.0053429785,20.022444,19.858055,2,9,1,0.9905461,1
15,17,1,1,0,-111.30969,26.006062,299.5175,-0.0066684927,0.015952397,-0.009805491,10.832778,10.815,2,10,1,0.9803791,1
15,34,1,1,0,84.75914,598.3998,201.17734,0.014879382,-0.017388023,0.005338551,15.3931875,15.444167,2,11,1,0.9617182,1
15,26,1,1,0,133.94017,-50.100246,388.20282,0.007972992,-0.045278654,0.024015285,34.796215,33.511944,2,12,1,0.9965875,1
15,26,1,0,0,133.94017,-50.100246,388.20282,0.007972992,-0.045278654,0.024015285,4.927292,4.9680557,2,-1,0,0.97515965,1
15,15,1,1,0,-140.15324,388.55923,389.33878,0.01493365,0.01861424,0.013193382,15.582131,15.349167,2,13,1,0.98836875,1
15,26,1,0,0,133.94017,-50.100246,388.20282,0.007972992,-0.045278654,0.024015285,12.766234,12.598611,2,-1,0,0.998468,1
15,26,1,0,0,133.94017,-50.100246,388.20282,0.007972992,-0.045278654,0.024015285,4.969111,4.920833,2,-1,0,0.9861631,1
15,30,1,0,0,183.32895,191.6481,328.6457,-0.016374711,0.0050615906,0.0027551295,5.638403,5.6905556,2,-1,0,0.94614774,1
15,20,1,1,0,-156.42961,23.014877,380.64673,0.014626976,-0.0072963084,0.015941186,23.347147,23.674166,2,14,1,0.97711974,1
15,36,0,0,0,0.0,0.0,0.0,0.0,0.0,0.0,4.976097,0.14722222,2,-1,0,0.64967906,1
15,15,1,0,0,-140.15324,388.55923,389.33878,0.01493365,0.01861424,0.013193382,10.94616,10.958889,2,-1,0,0.98262066,1
15,17,1,0,0,-111.30969,26.006062,299.5175,-0.0066684927,0.015952397,-0.009805491,10.239575,10.380834,2,-1,0,0.93432605,1
15,11,1,1,0,165.86359,311.32278,216.6367,-0.008167112,-0.00454192,0.0058823233,11.606298,11.944722,2,15,1,0.9886475,1
15,30,1,1,0,183.32895,191.6481,328.6457,-0.016374711,0.0050615906,0.0027551295,9.625993,9.734722,2,16,1,0.99022186,1
15,2,1,1,0,190.30243,-332.3344,394.35617,0.0036638612,-0.013496164,0.0058255177,12.002549,9.852222,2,17,1,0.97739136,1
15,3,1,0,0,206.40933,37.695118,238.50955,-0.008232783,0.02526248,-0.0065593203,5.2630973,5.225,2,-1,0,0.9640808,1
15,31,1,1,0,203.39037,-303.33374,35.685574,0.023804203,0.028425127,0.0087797595,30.31234,30.40361,2,18,1,0.99922764,1
15,27,1,1,0,204.51314,-369.40997,400.77832,0.015796166,0.004905871,-0.008628499,16.962744,16.715555,2,19,1,0.9981193,1
15,3,1,1,0,206.40933,37.695118,238.50955,-0.008232783,0.02526248,-0.0065593203,17.65213,17.665,2,20,1,0.99965847,1
15,31,1,0,0,203.39037,-303.33374,35.685574,0.023804203,0.028425127,0.0087797595,10.109445,10.009167,2,-1,0,0.99162513,1
15,6,1,1,0,-226.20503,47.427864,222.79817,0.015391211,0.01582277,-0.011881824,24.096653,24.080555,2,21,1,0.9959774,1
15,9,1,1,0,-225.59721,-544.21936,293.9738,0.012538824,-0.014872335,-0.021319136,31.036758,31.105556,2,22,1,0.9964239,1
15,29,1,0,0,-231.91402,31.021124,412.84317,0.011299286,-0.015859345,0.009002447,10.436758,10.346111,2,-1,0,0.97055095,1
15,29,1,1,0,-231.91402,31.021124,412.84317,0.011299286,-0.015859345,0.009002447,13.837374,13.4725,2,23,1,0.98886675,1
15,9,1,0,0,-225.59721,-544.21936,293.9738,0.012538824,-0.014872335,-0.021319136,3.927618,3.8311112,2,-1,0,0.94249856,1
15,37,1,0,0,256.58765,507.63937,358.89847,-0.0035401245,-0.009354491,0.0139615275,2.954354,2.9011111,2,-1,0,0.7750215,1
15,23,1,1,0,247.25728,-77.601006,27.064806,0.0031965557,0.002079886,0.007044709,8.896597,1.0544444,2,24,1,0.9454258,1
15,28,1,1,0,254.27682,-430.89743,256.75104,-0.010194519,0.009287431,0.00012546446,10.803909,10.644722,2,25,1,0.9907867,1
15,37,1,1,0,256.58765,507.63937,358.89847,-0.0035401245,-0.009354491,0.0139615275,15.658526,15.955556,2,26,1,0.9966484,1
15,35,1,1,0,-257.2937,-164.08734,208.15533,-0.012041535,0.0003800477,-0.004652023,13.408689,13.450833,2,27,1,0.9999937,1
15,19,1,1,0,-257.32187,-168.08217,245.36327,-0.010088848,-0.0031494354,-0.001126252,9.866048,9.904445,2,28,1,0.9740621,1
15,33,1,1,0,-257.83087,468.497,34.29702,-0.015037628,0.011088286,0.023282768,28.265139,27.99639,2,29,1,0.99290186,1
15,16,1,1,0,273.87207,471.1806,423.8083,-0.0047114673,-0.012418034,0.012861383,16.90534,16.840279,2,30,1,0.98094386,1
15,24,1,1,0,-276.96356,-565.1515,345.2501,0.010773274,-0.005341854,-0.012187175,12.828096,12.923333,2,31,1,0.94622946,1
15,13,1,1,0,-298.73352,-272.32297,300.93048,0.009787243,0.00055948633,-0.004499604,11.239362,11.316389,2,32,1,0.98735654,1
15,5,1,1,0,-298.52356,449.33493,309.22845,-0.0020276923,0.028328676,0.000447069,25.866484,25.500555,2,33,1,0.97460145,1
15,21,1,1,0,304.92435,53.532776,97.18332,-0.0059456476,-0.008569946,-0.02248923,11.018285,11.020278,2,34,1,0.9980275,1
15,21,1,0,0,304.92435,53.532776,97.18332,-0.0059456476,-0.008569946,-0.02248923,6.342708,6.333611,2,-1,0,0.9889847,1
15,21,1,0,0,304.92435,53.532776,97.18332,-0.0059456476,-0.008569946,-0.02248923,4.0540137,4.0133333,2,-1,0,0.98800033,1
15,12,1,1,0,-333.05472,304.3234,171.56215,0.008483228,-0.009901307,-0.0058462634,13.593632,13.589167,2,35,1,0.9718792,1
15,18,1,1,0,346.7693,420.80725,251.4329,0.0046867053,0.0017202275,0.019537354,18.115707,18.106388,2,36,1,0.99289775,1
15,39,1,1,0,-354.2336,283.12778,96.46394,-0.020321768,-0.0053169075,0.03288993,25.171688,25.075556,2,37,1,0.99226314,1
15,8,1,1,0,356.6452,262.14383,436.2501,-0.0051663225,-0.00086338195,0.004432993,10.95043,9.803056,2,38,1,0.9460357,1
15,39,1,0,0,-354.2336,283.12778,96.46394,-0.020321768,-0.0053169075,0.03288993,3.5374653,3.4505556,2,-1,0,0.933162,1
16,25,1,0,0,-13.976567,333.00415,121.1115,-0.012040321,0.0034002622,-0.018254027,8.120209,8.134444,2,-1,0,0.9880228,1
16,25,1,0,0,-13.976567,333.00415,121.1115,-0.012040321,0.0034002622,-0.018254027,3.9264307,3.8919444,2,-1,0,0.9548879,1
16,33,1,0,0,73.26574,-153.84058,437.6337,-0.026175803,0.012100288,-0.018250108,12.209735,12.235556,2,-1,0,0.9978988,1
16,36,1,0,0,68.09795,-112.09087,21.774895,-0.031995676,0.026960699,-0.012670834,4.983486,5.0233335,2,-1,0,0.9867191,1
16,34,1,1,0,54.531464,542.2127,149.50737,0.007759844,-0.0059405044,-0.005720874,13.686625,13.459167,2,0,1,0.98819494,1
16,36,1,1,0,68.09795,-112.09087,21.774895,-0.031995676,0.026960699,-0.012670834,39.40694,37.268055,2,1,1,0.97215885,1
16,17,1,1,0,64.878784,-91.15638,323.98615,-0.0071442095,0.009840091,0.004140931,13.701173,13.930278,2,2,1,0.98444694,1
16,33,1,1,0,73.26574,-153.84058,437.6337,-0.026175803,0.012100288,-0.018250108,20.426666,21.020277,2,3,1,0.9984402,1
16,8,1,1,0,78.69526,427.46634,82.025215,0.01025185,-0.0100545585,0.009486229,19.238457,18.855833,2,4,1,0.9961636,1
16,14,1,1,0,83.46958,534.07245,49.576553,0.011563046,-0.02805037,-0.005417895,31.196363,17.750555,2,5,1,0.98309016,1
16,14,1,0,0,83.46958,534.07245,49.576553,0.011563046,-0.02805037,-0.005417895,3.0358057,3.1230555,2,-1,0,0.5583405,1
16,35,1,1,0,102.14087,525.9164,145.31361,0.005012514,-0.013953731,-0.0018350352,13.695681,7.8791666,2,6,1,0.9574729,1
16,4,0,0,0,0.0,0.0,0.0,0.0,0.0,0.0,10.40318,-1.0,2,-1,0,0.8801992,1
16,23,1,0,0,-142.58177,58.49908,123.26754,-0.034188326,0.0104276985,0.0021053557,4.3950276,4.3641667,2,-1,0,0.7676342,1
16,6,1,0,0,139.8591,303.10782,394.78806,-0.053083967,0.016614912,0.030308127,25.079666,25.130278,2,-1,0,0.99697566,1
16,6,1,0,0,139.8591,303.10782,394.78806,-0.053083967,0.016614912,0.030308127,12.509277,12.490278,2,-1,0,0.9769653,1
16,24,0,0,0,0.0,0.0,0.0,0.0,0.0,0.0,2.8311388,2.8275,2,-1,0,0.78286576,1
16,6,1,1,0,139.8591,303.10782,394.78806,-0.053083967,0.016614912,0.030308127,25.063402,25.133055,2,7,1,0.9938057,1
16,18,1,0,0,-143.42278,-257.30194,30.864689,0.013648009,-0.008323514,-0.03258838,9.747403,9.733334,2,-1,0,0.9926265,1
16,18,1,1,0,-143.42278,-257.30194,30.864689,0.013648009,-0.008323514,-0.03258838,24.526854,24.370832,2,8,1,0.9978126,1
16,23,1,0,0,-142.58177,58.49908,123.26754,-0.034188326,0.0104276985,0.0021053557,14.801411,14.894722,2,-1,0,0.99974114,1
16,25,1,1,0,-13.976567,333.00415,121.1115,-0.012040321,0.0034002622,-0.018254027,8.940382,8.776944,2,9,1,0.99416965,1
16,37,1,1,0,-150.50966,-134.26721,65.58139,-0.009334661,-1.096094e-05,0.010741487,15.957576,15.797778,2,10,1,0.9773266,1
16,19,1,1,0,153.43092,-462.3005,157.59769,0.025401715,0.0019177026,-0.0055602845,13.722945,13.727222,2,11,1,0.9917312,1
16,13,1,1,0,157.06674,509.82227,352.52457,0.007057661,-0.011494465,-0.0021713432,13.815737,13.543889,2,12,1,0.98251826,1
16,6,1,0,0,139.8591,303.10782,394.78806,-0.053083967,0.016614912,0.030308127,3.321056,3.2938888,2,-1,0,0.8440891,1
16,26,1,1,0,171.0384,-524.56335,129.95132,-0.013599134,-0.0013427904,-0.014643472,20.874958,20.948889,2,13,1,0.9855841,1
16,19,1,0,0,153.43092,-462.3005,157.59769,0.025401715,0.0019177026,-0.0055602845,12.260723,12.3325,2,-1,0,0.9684245,1
16,30,1,1,0,-175.8134,10.9397545,434.2879,-0.0038013596,-0.0011443901,0.019684117,11.915709,11.825,2,14,1,0.9752378,1
16,30,1,0,0,-175.8134,10.9397545,434.2879,-0.0038013596,-0.0011443901,0.019684117,9.356375,7.403611,2,-1,0,0.9931138,1
16,28,1,0,0,177.30806,200.82686,90.27676,-0.0028374451,0.004176816,0.017248891,5.013736,5.064722,2,-1,0,0.992137,1
16,28,1,1,0,177.30806,200.82686,90.27676,-0.0028374451,0.004176816,0.017248891,13.098431,13.113334,2,15,1,0.9993727,1
16,12,1,1,0,-204.22507,173.8101,398.78305,0.0026178767,0.024052445,0.003656952,16.793722,16.9825,2,16,1,1.0,1
16,12,1,0,0,-204.22507,173.8101,398.78305,0.0026178767,0.024052445,0.003656952,6.84291,6.963333,2,-1,0,0.9733062,1
16,7,1,0,0,-204.94592,-86.87781,355.14667,-0.0070943967,0.0067718606,0.0072053354,4.8652983,4.790278,2,-1,0,0.9867121,1
16,7,1,1,0,-204.94592,-86.87781,355.14667,-0.0070943967,0.0067718606,0.0072053354,13.436222,13.409166,2,17,1,0.9944423,1
16,23,1,1,0,-142.58177,58.49908,123.26754,-0.034188326,0.0104276985,0.0021053557,16.34718,16.389444,2,18,1,0.9905387,1
16,16,1,0,0,242.87593,-391.94562,439.0924,0.007390932,-0.006735455,0.012205589,7.718257,7.616667,2,-1,0,0.98810285,1
16,16,1,1,0,242.87593,-391.94562,439.0924,0.007390932,-0.006735455,0.012205589,8.012375,8.152223,2,19,1,0.9869394,1
16,39,1,1,0,256.5417,-336.19836,96.94155,0.013394971,0.0017148148,0.0025161668,14.656922,8.746667,2,20,1,0.991573,1
16,15,1,1,0,262.74634,542.26355,73.17747,0.02716424,0.0038836142,0.025589982,26.883675,26.979723,2,21,1,0.99993527,1
16,2,1,0,0,276.01007,-141.09753,288.32394,-0.012728578,0.019146,-0.0027686018,6.158403,6.261667,2,-1,0,0.96024436,1
16,2,1,1,0,276.01007,-141.09753,288.32394,-0.012728578,0.019146,-0.0027686018,17.081465,16.804722,2,22,1,0.9955506,1
16,15,1,0,0,262.74634,542.26355,73.17747,0.02716424,0.0038836142,0.025589982,4.299396,4.331111,2,-1,0,0.9595997,1
16,3,1,1,0,-282.342,336.26666,272.27,-0.007423722,0.033720493,0.012783814,16.21353,15.916111,2,23,1,0.9807614,1
16,32,1,1,0,-291.40576,571.8131,99.0124,0.011382895,0.006255672,-0.012421331,8.90066,8.991667,2,24,1,0.9931359,1
16,32,1,0,0,-291.40576,571.8131,99.0124,0.011382895,0.006255672,-0.012421331,8.671444,8.531667,2,-1,0,0.9825775,1
16,21,1,1,0,-292.17117,484.44812,174.13506,-0.003710104,-0.003939641,0.013600484,8.888104,8.915,2,25,1,0.9852446,1
16,21,1,0,0,-292.17117,484.44812,174.13506,-0.003710104,-0.003939641,0.013600484,4.1511807,4.083889,2,-1,0,0.9296907,1
16,11,1,1,0,304.46582,-586.80927,208.91608,-0.013180511,-0.0044929367,0.025552237,18.52809,18.457222,2,26,1,0.99287605,1
16,31,1,1,0,-306.3013,319.99533,38.04884,0.001358575,0.0033489638,0.005186737,6.052674,5.9383335,2,27,1,0.99273866,1
16,3,1,0,0,-282.342,336.26666,272.27,-0.007423722,0.033720493,0.012783814,3.1607502,3.1761112,2,-1,0,0.82530046,1
16,20,1,1,0,309.5345,-358.58212,406.28256,0.015881289,0.0032724754,-0.0015918142,14.373583,11.447222,2,28,1,0.9454561,1
16,38,1,0,0,-335.8695,-62.387707,366.99832,0.021719972,0.0031138351,-0.0027590615,3.9268055,4.0505557,2,-1,0,0.9484647,1
16,3,1,0,0,-282.342,336.26666,272.27,-0.007423722,0.033720493,0.012783814,5.2834444,5.3016667,2,-1,0,0.9591957,1
16,38,1,1,0,-335.8695,-62.387707,366.99832,0.021719972,0.0031138351,-0.0027590615,14.635618,14.600833,2,29,1,0.9871797,1
16,24,1,1,0,-336.60837,421.50977,32.596313,0.005568991,0.018343933,0.00080321694,12.718694,12.807222,2,30,1,0.9119947,1
16,38,1,0,0,-335.8695,-62.387707,366.99832,0.021719972,0.0031138351,-0.0027590615,3.0861528,3.041389,2,-1,0,0.99117285,1
16,24,1,0,0,-336.60837,421.50977,32.596313,0.005568991,0.018343933,0.00080321694,5.2058744,5.166111,2,-1,0,0.97816694,1
16,24,1,0,0,-336.60837,421.50977,32.596313,0.005568991,0.018343933,0.00080321694,6.021646,6.0019445,2,-1,0,0.99606115,1
16,22,1,1,0,-338.33377,413.78754,26.31834,-0.012468971,-0.03031775,-0.012752027,33.622864,33.566113,2,31,1,0.9932334,1
16,10,1,0,0,-356.02527,-285.05145,276.25708,0.018417714,0.017008057,0.012177931,5.2475834,5.2436113,2,-1,0,0.9976739,1
16,5,1,1,0,-347.4474,-516.2814,337.83014,-0.004653939,0.0035887717,0.0016602562,5.8591948,5.3055553,2,32,1,0.99951005,1
16,29,1,1,0,-353.54675,584.77783,43.960846,0.0058327694,-0.0031842985,-0.012035877,12.858423,12.658055,2,33,1,0.9485253,1
16,10,1,1,0,-356.02527,-285.05145,276.25708,0.018417714,0.017008057,0.012177931,21.565313,21.659166,2,34,1,0.99023277,1
16,1,1,1,0,359.25427,389.9926,369.0646,-0.008825201,-0.015098556,0.001813574,16.674765,16.475555,2,35,1,0.98127306,1
17,25,1,1,0,-6.562405,-217.21043,311.16513,0.012619368,0.00023280185,-0.0046275393,4.9523263,4.470556,2,0,1,0.9652556,1
17,9,0,0,0,-10.317532,-255.84998,338.22278,-0.03189914,0.0049786405,-0.0015845053,10.74768,10.703611,2,-1,0,0.999859,1
17,39,1,1,0,18.353336,-442.5478,247.37341,-0.01820954,-0.002758212,0.020627713,30.936821,30.803612,2,1,1,0.9999951,1
17,2,1,1,0,15.557433,452.09015,253.30305,0.009827575,0.013952765,-0.0009794178,17.982695,11.773056,2,2,1,0.98522884,1
17,9,1,1,0,-10.317532,-255.84998,338.22278,-0.03189914,0.0049786405,-0.0015845053,14.723917,14.832222,2,3,1,0.99968094,1
17,16,1,1,0,-16.715273,141.09494,268.2583,0.004194647,-0.0073502613,0.0027470514,11.357687,10.397778,2,4,1,0.9415612,1
17,37,1,1,0,22.854952,-304.06934,329.50705,0.009670104,-0.0010903741,-0.0028781982,11.257424,11.288055,2,5,1,0.9948588,1
17,39,1,0,0,18.353336,-442.5478,247.37341,-0.01820954,-0.002758212,0.020627713,3.3598335,3.3616667,2,-1,0,0.57406247,1
17,9,1,0,0,-10.317532,-255.84998,338.22278,-0.03189914,0.0049786405,-0.0015845053,6.6710277,6.5825,2,-1,0,0.9938,1
17,30,1,1,0,-34.484188,-354.88397,425.825,0.0014856978,0.0053210314,-0.0007175474,6.816528,6.865,2,6,1,0.9997885,1
17,36,1,1,0,-43.689472,437.15707,181.6677,-0.027661363,0.0048227124,0.016027596,37.80227,31.686111,2,7,1,0.99999714,1
17,24,0,0,0,0.0,0.0,0.0,0.0,0.0,0.0,16.158049,-1.0,2,-1,0,0.991964,1
17,15,1,1,0,-56.8067,552.66113,228.24797,-0.015562909,-0.007892087,-0.0032259799,19.645931,19.564722,2,8,1,0.999815,1
17,26,1,0,0,-89.067894,-117.40379,292.7455,0.00035054144,0.023919147,0.017152693,7.3732357,7.455,2,-1,0,0.97494185,1
17,26,1,0,0,-89.067894,-117.40379,292.7455,0.00035054144,0.023919147,0.017152693,5.963847,5.7844443,2,-1,0,0.9960291,1
17,20,1,0,0,-82.96594,459.17142,367.3415,-0.011037658,-0.033364538,0.014183442,11.257931,11.205556,2,-1,0,0.99687827,1
17,26,1,0,0,-89.067894,-117.40379,292.7455,0.00035054144,0.023919147,0.017152693,4.5937223,4.642778,2,-1,0,0.9644937,1
17,26,1,1,0,-89.067894,-117.40379,292.7455,0.00035054144,0.023919147,0.017152693,13.049299,11.909722,2,9,1,0.9972727,1
17,20,1,1,0,-82.96594,459.17142,367.3415,-0.011037658,-0.033364538,0.014183442,23.904486,23.588888,2,10,1,0.96898717,1
17,38,1,1,0,111.208435,150.35399,183.74084,-0.010683447,0.0012409567,-0.00025917217,13.010015,13.258611,2,11,1,0.99038416,1
17,40,1,1,0,130.97342,558.3322,9.203968,0.0005483342,0.02458773,0.0030453757,17.19766,16.650833,2,12,1,0.99570787,1
17,40,1,0,0,130.97342,558.3322,9.203968,0.0005483342,0.02458773,0.0030453757,7.119848,3.5452778,2,-1,0,0.98361653,1
17,40,1,0,0,130.97342,558.3322,9.203968,0.0005483342,0.02458773,0.0030453757,4.3100066,4.328611,2,-1,0,0.98895735,1
17,23,1,0,0,-136.22192,-435.86298,356.599,-0.02126882,-4.1703002e-05,0.01475416,5.1766524,3.3877778,2,-1,0,0.9748464,1
17,23,1,1,0,-136.22192,-435.86298,356.599,-0.02126882,-4.1703002e-05,0.01475416,25.701433,25.575556,2,13,1,0.99944335,1
17,21,1,0,0,173.31805,148.85738,240.31596,-0.024478434,-0.0066411607,-0.0007505617,8.467097,8.479722,2,-1,0,0.9823627,1
17,28,1,1,0,-166.27379,335.82117,342.1208,0.004130602,-0.0064322976,-0.0009870856,9.060166,9.190833,2,14,1,0.9872005,1
17,27,1,0,0,-229.70934,-171.26505,140.74846,0.03128499,-0.012591006,-0.010286997,3.693361,3.6802778,2,-1,0,0.95877707,1
17,21,1,1,0,173.31805,148.85738,240.31596,-0.024478434,-0.0066411607,-0.0007505617,10.719285,10.7625,2,15,1,0.99878186,1
17,4,1,0,0,-191.31885,-573.4808,348.56433,0.019923527,0.0122838,0.009938905,5.7779164,5.824167,2,-1,0,0.96392894,1
17,1,1,0,0,180.85359,334.0528,398.52158,0.013041932,0.013710861,-0.01935365,3.3332846,3.3152778,2,-1,0,0.9657804,1
17,4,1,1,0,-191.31885,-573.4808,348.56433,0.019923527,0.0122838,0.009938905,21.974953,21.802221,2,16,1,0.99614006,1
17,1,1,1,0,180.85359,334.0528,398.52158,0.013041932,0.013710861,-0.01935365,25.18352,25.592777,2,17,1,0.9984059,1
17,35,1,1,0,190.28938,-456.4614,284.89163,-0.0020029915,0.005850817,0.011319316,13.979792,13.7725,2,18,1,0.99460024,1
17,33,0,0,0,0.0,0.0,0.0,0.0,0.0,0.0,15.047735,-1.0,2,-1,0,0.9954061,1
17,13,1,0,0,212.93942,456.21317,199.25964,-0.017880274,0.002711717,-0.0077818464,6.4616528,6.517778,2,-1,0,0.97948074,1
17,13,1,1,0,212.93942,456.21317,199.25964,-0.017880274,0.002711717,-0.0077818464,11.092813,11.179722,2,19,1,0.9895678,1
17,11,1,1,0,214.21848,-44.293518,104.13227,-0.0017387735,-0.019430714,-0.0009957728,13.939167,14.045278,2,20,1,0.9682862,1
17,10,1,1,0,211.80748,-577.53485,99.18825,0.027738357,-0.015620522,0.017698076,22.361544,22.526112,2,21,1,0.9961616,1
17,11,1,0,0,214.21848,-44.293518,104.13227,-0.0017387735,-0.019430714,-0.0009957728,7.3032985,6.9683332,2,-1,0,0.9965193,1
17,33,0,0,0,0.0,0.0,0.0,0.0,0.0,0.0,4.1789446,-1.0,2,-1,0,0.9883096,1
17,10,1,0,0,211.80748,-577.53485,99.18825,0.027738357,-0.015620522,0.017698076,6.8801804,6.903611,2,-1,0,0.9928583,1
17,27,1,1,0,-229.70934,-171.26505,140.74846,0.03128499,-0.012591006,-0.010286997,17.27486,17.274723,2,22,1,0.99594456,1
17,27,1,0,0,-229.70934,-171.26505,140.74846,0.03128499,-0.012591006,-0.010286997,7.303035,7.315,2,-1,0,0.97207737,1
17,5,1,1,0,232.06433,-361.29306,188.17444,0.0049785473,0.007331078,0.008194511,11.564479,8.447778,2,23,1,0.99403316,1
17,22,1,1,0,-235.97632,461.62274,18.46949,-0.015845336,-0.035144098,-0.015021781,23.856285,20.985277,2,24,1,0.99904066,1
17,22,1,0,0,-235.97632,461.62274,18.46949,-0.015845336,-0.035144098,-0.015021781,5.7250977,5.7008333,2,-1,0,0.9777529,1
17,19,1,1,0,-253.66156,481.4353,169.63898,0.016796466,-0.016179562,-0.014817517,17.656721,17.7275,2,25,1,0.9759462,1
17,19,1,0,0,-253.66156,481.4353,169.63898,0.016796466,-0.016179562,-0.014817517,8.276334,8.424444,2,-1,0,0.9827581,1
17,19,1,0,0,-253.66156,481.4353,169.63898,0.016796466,-0.016179562,-0.014817517,2.9110208,2.9058332,2,-1,0,0.55655515,1
17,29,0,0,0,0.0,0.0,0.0,0.0,0.0,0.0,21.75032,-1.0,2,-1,0,0.9962826,1
17,38,0,0,0,0.0,0.0,0.0,0.0,0.0,0.0,2.9970763,2.978611,2,-1,0,0.78108865,1
17,3,1,0,0,278.43134,32.364918,128.55473,0.009175923,0.008241009,-0.021227388,3.6718402,3.5902777,2,-1,0,0.98420596,1
17,3,1,1,0,278.43134,32.364918,128.55473,0.009175923,0.008241009,-0.021227388,12.883056,12.961945,2,26,1,0.9856246,1
17,3,1,0,0,278.43134,32.364918,128.55473,0.009175923,0.008241009,-0.021227388,12.381965,12.290833,2,-1,0,0.99860364,1
17,14,1,1,0,-289.58722,-232.09921,219.42477,-0.015546545,0.016579023,-0.009901904,20.961876,19.011389,2,27,1,0.9825377,1
17,8,1,0,0,-304.07587,235.88618,152.04034,0.0090492945,-0.004693014,-0.017313667,6.7848477,6.6119447,2,-1,0,0.96729183,1
17,8,1,1,0,-304.07587,235.88618,152.04034,0.0090492945,-0.004693014,-0.017313667,10.348181,10.471111,2,28,1,0.98884434,1
17,31,1,0,0,-304.99118,286.5032,399.85553,-0.012712824,0.017663598,-0.021302715,8.565333,7.2591667,2,-1,0,0.9765044,1
17,31,1,0,0,-304.99118,286.5032,399.85553,-0.012712824,0.017663598,-0.021302715,7.7690907,7.7872224,2,-1,0,0.9962587,1
17,12,1,1,0,317.67535,-594.5485,235.2877,-0.009510116,-7.820468e-05,0.0063463,12.231652,12.396944,2,29,1,0.98690224,1
17,31,1,1,0,-304.99118,286.5032,399.85553,-0.012712824,0.017663598,-0.021302715,13.585875,13.369722,2,30,1,0.99328125,1
17,17,1,1,0,-339.9387,-404.77185,405.48398,-0.016965143,-0.044543114,0.017297173,24.721834,20.01361,2,31,1,0.95372474,1
17,32,1,1,0,343.61102,574.3786,259.4778,0.007413499,0.023102526,-0.0033615758,22.473667,12.06,2,32,1,0.8798825,1
17,17,1,0,0,-339.9387,-404.77185,405.48398,-0.016965143,-0.044543114,0.017297173,5.628597,5.5772223,2,-1,0,0.9748539,1
17,18,1,1,0,345.74875,-256.57852,380.29288,-0.010375445,0.0031844152,-0.013648195,14.053924,14.111111,2,33,1,0.9704832,1
17,17,1,0,0,-339.9387,-404.77185,405.48398,-0.016965143,-0.044543114,0.017297173,6.5763264,6.5533333,2,-1,0,0.98658025,1
17,17,1,0,0,-339.9387,-404.77185,405.48398,-0.016965143,-0.044543114,0.017297173,2.9128196,2.9127777,2,-1,0,0.94530094,1
17,17,1,0,0,-339.9387,-404.77185,405.48398,-0.016965143,-0.044543114,0.017297173,3.7852361,3.8108332,2,-1,0,0.9548287,1
17,6,1,1,0,360.46323,102.833374,197.56262,0.0038445604,-0.009442742,0.003351813,10.215902,10.259722,2,34,1,0.995305,1
17,34,1,1,0,-361.54953,45.834698,224.34169,-0.009263454,-0.0032758575,-0.010741526,7.259819,7.3294444,2,35,1,0.97047347,1
18,4,1,1,0,-6.227774,471.4476,374.219,0.016155383,0.01456719,-0.020575127,7.398076,6.2847223,2,0,1,0.98609376,1
18,4,1,0,0,-6.227774,471.4476,374.219,0.016155383,0.01456719,-0.020575127,3.9408822,3.8688889,2,-1,0,0.9531309,1
18,6,0,0,0,0.0,0.0,0.0,0.0,0.0,0.0,3.0651457,3.0877779,2,-1,0,0.6880017,1
18,2,1,1,0,-17.827541,-247.41644,94.40086,0.000901566,0.0065519316,-0.013401363,16.197203,16.116388,2,1,1,0.9852125,1
18,11,1,1,0,28.032206,-182.58282,305.5939,0.0028288928,0.02869792,0.010599746,38.32081,37.336945,2,2,1,0.99999857,1
18,7,1,1,0,-29.867619,-506.5678,442.194,-0.051893022,0.0008262802,0.0060994755,16.84937,17.008888,2,3,1,0.89817196,1
18,7,1,0,0,-29.867619,-506.5678,442.194,-0.051893022,0.0008262802,0.0060994755,14.703104,14.675278,2,-1,0,0.95367175,1
18,22,1,1,0,-3.3484585,-371.004,341.46918,0.007901801,-0.02724749,-0.013518491,5.7467504,5.8416667,2,4,1,0.994974,1
18,23,1,1,0,38.168884,569.31335,283.37952,-0.006339475,0.008381473,0.018747188,17.728937,17.658611,2,5,1,0.9992788,1
18,3,1,0,0,-101.41694,78.30434,13.807734,0.015554817,-0.009002662,-0.014107472,4.2731943,4.163889,2,-1,0,0.9888419,1
18,7,1,0,0,-29.867619,-506.5678,442.194,-0.051893022,0.0008262802,0.0060994755,15.319874,15.32,2,-1,0,0.9927401,1
18,28,1,1,0,-58.666073,-227.97345,117.80523,-0.01351548,0.008614065,-0.0018992694,15.936563,15.7525,2,6,1,0.9881196,1
18,25,1,1,0,63.910244,-37.925667,317.61032,-0.016177565,0.011427962,0.0008332661,23.362787,23.246944,2,7,1,0.9706178,1
18,7,1,0,0,-29.867619,-506.5678,442.194,-0.051893022,0.0008262802,0.0060994755,5.606354,5.4825,2,-1,0,0.99287224,1
18,15,1,0,0,69.23813,371.21173,62.955486,0.00043401183,-0.026212277,-0.009741036,4.0864167,4.2055554,2,-1,0,0.9639186,1
18,39,1,0,0,-79.10579,-493.27075,43.956425,0.0084027415,0.01305538,0.022769012,4.381396,4.3316665,2,-1,0,0.91985714,1
18,21,1,1,0,-73.60491,-533.7917,135.67891,-0.006347615,-0.022358462,-0.008673103,28.678535,28.633888,2,8,1,0.99905485,1
18,15,1,1,0,69.23813,371.21173,62.955486,0.00043401183,-0.026212277,-0.009741036,26.252735,26.182222,2,9,1,0.98541343,1
18,39,1,1,0,-79.10579,-493.27075,43.956425,0.0084027415,0.01305538,0.022769012,17.120451,16.984167,2,10,1,0.98932123,1
18,26,0,0,0,0.0,0.0,0.0,0.0,0.0,0.0,2.9671874,2.8047223,2,-1,0,0.5102763,1
18,3,1,1,0,-101.41694,78.30434,13.807734,0.015554817,-0.009002662,-0.014107472,20.186937,20.183056,2,11,1,0.99765354,1
18,24,1,1,0,97.91531,115.46025,399.94128,0.014399339,0.006159206,0.010783099,21.51604,19.009167,2,12,1,0.99690086,1
18,30,1,1,0,-111.29341,-24.61118,234.32562,0.0014180822,0.01426133,-0.01587335,8.584681,8.495,2,13,1,0.99941134,1
18,30,0,0,0,0.0,0.0,0.0,0.0,0.0,0.0,9.398389,-1.0,2,-1,0,0.9632413,1
18,1,1,1,0,-128.00941,186.83012,114.71818,-0.010442896,-0.028462654,0.0077630193,27.968456,26.451666,2,14,1,0.9895132,1
18,33,1,1,0,-134.65407,-118.29527,446.24423,0.004664754,-0.0019318576,0.0026838789,5.739056,5.8555555,2,15,1,0.9958657,1
18,19,1,0,0,-148.83911,337.50754,370.14276,0.012216158,0.009174391,-0.04330103,7.1630273,6.9808335,2,-1,0,0.97924894,1
18,19,1,0,0,-148.83911,337.50754,370.14276,0.012216158,0.009174391,-0.04330103,3.6919792,3.7925,2,-1,0,0.94910085,1
18,9,0,0,0,0.0,0.0,0.0,0.0,0.0,0.0,2.7851112,2.7916667,2,-1,0,0.7622229,1
18,19,1,0,0,-148.83911,337.50754,370.14276,0.012216158,0.009174391,-0.04330103,14.275353,14.1125,2,-1,0,0.9955655,1
18,16,0,0,0,0.0,0.0,0.0,0.0,0.0,0.0,13.676555,-1.0,2,-1,0,0.9945149,1
18,19,1,1,0,-148.83911,337.50754,370.14276,0.012216158,0.009174391,-0.04330103,19.589193,19.882223,2,16,1,0.99584454,1
18,19,1,0,0,-148.83911,337.50754,370.14276,0.012216158,0.009174391,-0.04330103,3.863604,3.8127778,2,-1,0,0.9664296,1
18,16,0,0,0,0.0,0.0,0.0,0.0,0.0,0.0,5.040424,-1.0,2,-1,0,0.9603816,1
18,19,1,0,0,-148.83911,337.50754,370.14276,0.012216158,0.009174391,-0.04330103,5.31775,5.3141665,2,-1,0,0.970167,1
18,16,0,0,0,0.0,0.0,0.0,0.0,0.0,0.0,7.633521,-1.0,2,-1,0,0.98850995,1
18,27,1,1,0,-176.14297,-115.67683,175.72025,0.016540969,0.010738617,-0.00082564336,13.77577,14.014722,2,17,1,0.9932712,1
18,37,1,1,0,161.40674,398.78046,446.3881,-0.005683307,-0.011027394,-0.001941689,12.337688,12.1663885,2,18,1,0.9868051,1
18,40,1,0,0,-162.20607,127.32423,147.81609,-0.021377431,-0.016660027,-0.016775625,5.354361,5.258333,2,-1,0,0.97372615,1
18,26,1,1,0,161.94543,5.752089,373.4462,-0.006351944,0.016955363,-0.006721541,20.224438,13.036667,2,19,1,0.99684495,1
18,8,1,0,0,160.97864,-39.769672,397.46735,0.053511914,-0.032388628,0.00670453,15.714709,15.724167,2,-1,0,0.9995727,1
18,40,1,1,0,-162.20607,127.32423,147.81609,-0.021377431,-0.016660027,-0.016775625,27.629257,27.666666,2,20,1,0.9965401,1
18,8,1,1,0,160.97864,-39.769672,397.46735,0.053511914,-0.032388628,0.00670453,24.462196,30.467777,2,21,1,0.8755181,1
18,35,1,0,0,-225.24237,127.76883,252.62854,0.043166798,-0.017406672,-0.014767002,2.629639,2.6227777,2,-1,0,0.5727588,1
18,1,1,0,0,-128.00941,186.83012,114.71818,-0.010442896,-0.028462654,0.0077630193,7.9375486,7.88,2,-1,0,0.9972518,1
18,27,1,0,0,-176.14297,-115.67683,175.72025,0.016540969,0.010738617,-0.00082564336,8.598056,8.081944,2,-1,0,0.9783136,1
18,40,1,0,0,-162.20607,127.32423,147.81609,-0.021377431,-0.016660027,-0.016775625,2.9986458,2.9844444,2,-1,0,0.51627934,1
18,8,1,0,0,160.97864,-39.769672,397.46735,0.053511914,-0.032388628,0.00670453,3.0974376,3.1836112,2,-1,0,0.7880888,1
18,20,1,0,0,-194.62196,-496.54678,234.41856,-0.004440975,-0.0030561504,0.0025997069,4.1034374,4.141667,2,-1,0,0.9762111,1
18,20,1,1,0,-194.62196,-496.54678,234.41856,-0.004440975,-0.0030561504,0.0025997069,6.3765626,2.536111,2,22,1,0.98355484,1
18,8,1,0,0,160.97864,-39.769672,397.46735,0.053511914,-0.032388628,0.00670453,3.9482083,4.0383334,2,-1,0,0.9546884,1
18,32,1,1,0,195.9411,-152.00223,428.93997,0.008768241,-0.006411366,-0.019781442,14.297494,14.516389,2,23,1,0.98165685,1
18,32,1,0,0,195.9411,-152.00223,428.93997,0.008768241,-0.006411366,-0.019781442,2.6482985,2.7319446,2,-1,0,0.6219063,1
18,10,1,1,0,-199.27562,-547.55585,306.85922,-0.008801838,0.004439711,-1.922232e-05,6.0955486,5.9919443,2,24,1,0.9812803,1
18,8,1,0,0,160.97864,-39.769672,397.46735,0.053511914,-0.032388628,0.00670453,5.6213684,5.5358334,2,-1,0,0.99574214,1
18,10,1,0,0,-199.27562,-547.55585,306.85922,-0.008801838,0.004439711,-1.922232e-05,2.754396,2.7683334,2,-1,0,0.5972063,1
18,38,1,0,0,-206.96664,242.28404,353.81992,0.00842167,-0.004636447,-0.027215503,7.1189723,7.0825,2,-1,0,0.9935516,1
18,35,1,0,0,-225.24237,127.76883,252.62854,0.043166798,-0.017406672,-0.014767002,5.7089725,5.8105555,2,-1,0,0.96918386,1
18,38,1,1,0,-206.96664,242.28404,353.81992,0.00842167,-0.004636447,-0.027215503,19.856424,18.929445,2,25,1,0.98779106,1
18,9,1,1,0,-207.1029,-574.3239,33.986828,-0.01648765,0.0027475494,-0.013689037,16.877777,16.973888,2,26,1,0.6699735,1
18,9,1,0,0,-207.1029,-574.3239,33.986828,-0.01648765,0.0027475494,-0.013689037,6.800472,6.787778,2,-1,0,0.9633327,1
18,18,1,1,0,-208.26608,149.832,235.78088,-0.0064009908,-0.00917527,0.009983979,9.17948,8.198889,2,27,1,0.99555045,1
18,35,1,0,0,-225.24237,127.76883,252.62854,0.043166798,-0.017406672,-0.014767002,18.34214,18.510555,2,-1,0,0.99992764,1
18,18,1,0,0,-208.26608,149.832,235.78088,-0.0064009908,-0.00917527,0.009983979,5.5709515,5.6825,2,-1,0,0.9764233,1
18,35,1,1,0,-225.24237,127.76883,252.62854,0.043166798,-0.017406672,-0.014767002,25.580791,25.403055,2,28,1,0.99667996,1
18,32,1,0,0,195.9411,-152.00223,428.93997,0.008768241,-0.006411366,-0.019781442,4.4424443,4.507222,2,-1,0,0.9664945,1
18,13,1,1,0,236.04305,327.08585,295.39612,-0.010035053,0.0002766768,0.012878315,16.883451,16.723612,2,29,1,0.99150956,1
18,34,1,1,0,-244.81602,-247.76825,96.98013,-0.011083429,-0.007438501,-0.02173115,26.770695,24.571945,2,30,1,0.99805576,1
18,17,1,1,0,-246.58786,380.955,169.53172,-0.0003609823,-0.010250488,0.024035191,23.446701,17.3175,2,31,1,0.98609096,1
18,29,1,1,0,-261.14847,-292.10962,118.15975,0.003143554,-0.010252382,0.0018367842,13.10775,9.574722,2,32,1,0.99308276,1
18,12,1,0,0,-280.296,492.90945,188.0973,0.0028229847,0.012429771,0.010905021,3.366243,3.413889,2,-1,0,0.83524734,1
18,12,1,1,0,-280.296,492.90945,188.0973,0.0028229847,0.012429771,0.010905021,14.527472,14.3725,2,33,1,0.9879005,1
18,36,1,1,0,289.7184,518.0206,245.22255,-0.007723447,-0.013281641,0.008348564,17.81318,17.715279,2,34,1,0.9897126,1
18,5,1,1,0,319.07642,-380.64124,117.18398,-0.020072902,0.009949874,-0.014681518,20.607119,20.69139,2,35,1,0.9879385,1
18,6,1,1,0,-318.25882,-296.8451,91.162704,-0.03251486,0.0070246006,-0.016430812,31.569962,37.8275,2,36,1,0.9970458,1
18,31,1,1,0,341.7425,-243.05412,77.41114,-0.0028107823,-0.004236658,-0.007527534,6.2112083,6.221667,2,37,1,0.98770297,1
18,14,1,1,0,-347.40027,-404.15897,337.7921,0.008402403,0.0072122756,-0.0027091291,10.693589,10.789444,2,38,1,0.98046196,1
18,31,1,0,0,341.7425,-243.05412,77.41114,-0.0028107823,-0.004236658,-0.007527534,3.8618684,3.7680554,2,-1,0,0.9480834,1
19,34,1,1,0,-5.4717374,322.22876,428.61325,-0.002202974,-0.031452242,-0.0064139673,30.242,25.393055,2,0,1,0.9962644,1
19,34,1,0,0,-5.4717374,322.22876,428.61325,-0.002202974,-0.031452242,-0.0064139673,5.4651875,5.5805554,2,-1,0,0.9942612,1
19,30,1,1,0,-13.683951,-334.02893,171.48929,0.008634656,0.004991981,-0.0087493565,15.949625,15.718056,2,1,1,0.99730515,1
19,16,1,1,0,16.60354,465.1851,122.892166,-0.0073070102,-0.0006195476,-0.00042450885,8.51716,8.450556,2,2,1,0.96829623,1
19,32,1,0,0,-50.592793,590.2206,97.01738,0.016796747,-0.0028438356,0.0053181583,9.360833,9.242778,2,-1,0,0.9985368,1
19,11,1,1,0,-47.441643,-118.991394,18.870167,-0.008299366,-0.016159456,0.010268257,24.157778,24.1025,2,3,1,0.9958554,1
19,32,1,1,0,-50.592793,590.2206,97.01738,0.016796747,-0.0028438356,0.0053181583,11.007839,10.918333,2,4,1,0.99848425,1
19,37,1,1,0,72.72606,529.0364,408.74298,-0.014501014,-0.010723685,0.003914318,21.51993,21.443333,2,5,1,0.98031986,1
19,15,1,1,0,-77.53737,147.97044,325.79602,0.010767719,0.012203666,-0.0017181903,15.107979,15.155833,2,6,1,0.99955183,1
19,24,1,1,0,-81.73001,-195.28802,62.480694,0.017970992,0.02451289,-0.010981107,26.616917,25.560556,2,7,1,0.9928646,1
19,15,0,0,0,0.0,0.0,0.0,0.0,0.0,0.0,3.912264,0.115833335,2,-1,0,0.95192933,1
19,24,1,0,0,-81.73001,-195.28802,62.480694,0.017970992,0.02451289,-0.010981107,16.360514,15.613334,2,-1,0,0.98673844,1
19,35,1,0,0,100.64969,-565.0888,291.23355,-0.011095654,0.018584922,0.0057289978,7.9801316,7.943611,2,-1,0,0.9623773,1
19,23,1,0,0,128.5703,-163.54424,138.94849,-0.012218155,0.010815206,-0.018676015,9.784056,10.025,2,-1,0,0.95126253,1
19,33,1,1,0,-91.86736,-592.44806,46.60507,-0.019294167,0.006516727,0.01888682,15.727876,15.811944,2,8,1,0.9958937,1
19,33,1,0,0,-91.86736,-592.44806,46.60507,-0.019294167,0.006516727,0.01888682,7.4233475,7.428889,2,-1,0,0.9383594,1
19,35,1,0,0,84.061066,-561.21716,294.30084,-0.011095654,0.018584922,0.0057289978,3.3564584,3.323611,2,-1,0,0.56907654,1
19,35,1,1,0,100.64969,-565.0888,291.23355,-0.011095654,0.018584922,0.0057289978,17.113104,16.765556,2,9,1,0.9999758,1
19,22,1,1,0,-100.1398,475.59302,316.5735,0.003157886,0.007399867,-0.005778877,11.698709,11.619166,2,10,1,0.9962302,1
19,35,1,0,0,100.64969,-565.0888,291.23355,-0.011095654,0.018584922,0.0057289978,2.8706455,2.9144444,2,-1,0,0.6795746,1
19,25,1,1,0,106.9238,241.18364,373.82397,0.018759012,0.030840887,-0.02762292,29.934477,29.874166,2,11,1,0.99851745,1
19,21,1,1,0,-115.39869,387.78445,79.05396,0.020586194,-0.0016625486,-0.009714313,17.418028,17.499445,2,12,1,0.999321,1
19,21,1,0,0,-115.39869,387.78445,79.05396,0.020586194,-0.0016625486,-0.009714313,3.7750278,3.682778,2,-1,0,0.99381125,1
19,19,1,1,0,117.51509,-96.10479,27.316208,0.0024975268,0.0039565004,-0.026408726,13.012521,12.860556,2,13,1,0.97277415,1
19,19,1,0,0,117.51509,-96.10479,27.316208,0.0024975268,0.0039565004,-0.026408726,3.66625,3.5663888,2,-1,0,0.91291094,1
19,25,1,0,0,106.9238,241.18364,373.82397,0.018759012,0.030840887,-0.02762292,10.4987,10.638056,2,-1,0,0.9939792,1
19,25,1,0,0,106.9238,241.18364,373.82397,0.018759012,0.030840887,-0.02762292,9.651903,9.813889,2,-1,0,0.9916692,1
19,23,1,1,0,128.5703,-163.54424,138.94849,-0.012218155,0.010815206,-0.018676015,17.797064,17.79889,2,14,1,0.9875488,1
19,19,1,0,0,117.51509,-96.10479,27.316208,0.0024975268,0.0039565004,-0.026408726,4.0315137,3.8916667,2,-1,0,0.9621835,1
19,36,1,1,0,-149.75676,0.09101715,377.01825,-0.0048238966,0.023871642,-0.02943544,15.065707,15.049167,2,15,1,0.9934423,1
19,36,1,0,0,-149.75676,0.09101715,377.01825,-0.0048238966,0.023871642,-0.02943544,13.544077,13.561389,2,-1,0,0.9931973,1
19,36,1,0,0,-149.75676,0.09101715,377.01825,-0.0048238966,0.023871642,-0.02943544,8.727611,8.716111,2,-1,0,0.99557257,1
19,1,1,0,0,178.78719,-437.2124,283.46555,-0.035792287,0.020410825,-0.008185504,3.9785347,3.946389,2,-1,0,0.98188734,1
19,18,1,1,0,-154.14928,-525.118,41.653374,0.0001081088,0.020842593,-0.029784303,33.538162,33.840557,2,16,1,0.97520375,1
19,4,1,1,0,-159.23463,-133.4447,242.40494,0.01458986,0.019762252,0.0156191895,33.095093,32.955555,2,17,1,0.9968784,1
19,1,1,1,0,178.78719,-437.2124,283.46555,-0.035792287,0.020410825,-0.008185504,31.03184,34.874443,2,18,1,0.9920373,1
19,1,1,0,0,178.78719,-437.2124,283.46555,-0.035792287,0.020410825,-0.008185504,4.2159586,4.3433332,2,-1,0,0.86915123,1
19,6,1,1,0,-172.12,518.67334,93.23723,-0.003252325,0.031024335,-0.0075475294,32.270325,31.894722,2,19,1,0.95597345,1
19,27,1,1,0,176.36345,-389.3708,126.09327,-0.014309649,0.000852244,-0.008671245,15.789882,15.57,2,20,1,0.9896177,1
19,29,1,1,0,-174.12888,-325.70135,135.72942,-0.009153002,0.0076803165,0.013780003,16.09584,15.827222,2,21,1,0.9967644,1
19,13,1,1,0,195.95132,-538.0995,31.429623,-0.026575858,0.0059121745,0.018009212,33.567204,34.366943,2,22,1,0.61433566,1
19,26,1,1,0,189.49649,-226.37164,197.80602,0.015361378,-0.0045844777,0.026760967,29.821777,22.404167,2,23,1,0.9908404,1
19,31,1,1,0,190.51292,344.00372,30.716686,0.008500219,0.014295863,0.0026796393,17.3958,17.219444,2,24,1,0.995899,1
19,39,1,1,0,194.6824,-389.27792,4.9193788,-0.025564888,0.022982577,-0.011514339,24.640446,22.998056,2,25,1,0.9614909,1
19,26,1,0,0,189.49649,-226.37164,197.80602,0.015361378,-0.0045844777,0.026760967,6.917,6.838611,2,-1,0,0.9941793,1
19,5,1,1,0,198.53168,39.17351,366.9852,-0.0022212164,0.005242347,0.0011128809,5.9355145,5.9347224,2,26,1,0.98297197,1
19,28,1,1,0,-205.56812,50.215816,383.8251,-0.014241149,0.012228795,-0.025950521,25.520048,25.32361,2,27,1,0.98974645,1
19,28,1,0,0,-205.56812,50.215816,383.8251,-0.014241149,0.012228795,-0.025950521,7.550229,7.5783334,2,-1,0,0.98767704,1
19,12,1,1,0,216.36964,-586.0582,206.99913,0.009538678,-0.0029096364,-0.022475341,13.367723,11.794723,2,28,1,0.98376936,1
19,12,1,0,0,216.36964,-586.0582,206.99913,0.009538678,-0.0029096364,-0.022475341,7.7984376,7.8819447,2,-1,0,0.9919695,1
19,35,0,0,0,0.0,0.0,0.0,0.0,0.0,0.0,2.5961804,2.7033334,2,-1,0,0.62816864,1
19,14,1,0,0,242.76804,90.33143,211.8717,-0.0139798755,-0.011327275,-0.009011892,3.5007987,3.438611,2,-1,0,0.96272933,1
19,14,1,1,0,242.76804,90.33143,211.8717,-0.0139798755,-0.011327275,-0.009011892,20.868042,20.632778,2,29,1,0.9971113,1
19,38,1,1,0,279.5259,84.941345,133.73581,-0.00048004862,-0.013694211,-0.0009155056,13.228278,13.031389,2,30,1,0.9957099,1
19,17,1,1,0,-289.38263,355.40076,168.23538,-0.011382498,-0.01199439,0.0069081723,17.490181,11.828611,2,31,1,0.9404465,1
19,20,0,0,0,0.0,0.0,0.0,0.0,0.0,0.0,3.7790625,-1.0,2,-1,0,0.96405077,1
19,2,1,0,0,304.8819,440.76804,36.18525,-0.008775479,0.02134665,0.0064820726,9.169779,9.0575,2,-1,0,0.9935689,1
19,20,1,1,0,303.0004,-356.38412,248.93398,-0.008398719,-0.0039575305,-0.016086087,9.232403,9.128612,2,32,1,0.9898084,1
19,2,1,1,0,304.8819,440.76804,36.18525,-0.008775479,0.02134665,0.0064820726,13.648326,13.445556,2,33,1,0.96112055,1
19,40,1,1,0,-311.15973,201.33354,451.86038,0.009046801,-0.0056149974,0.0064532566,11.895472,11.771944,2,34,1,0.9757295,1
19,20,1,0,0,303.0004,-356.38412,248.93398,-0.008398719,-0.0039575305,-0.016086087,3.5159721,3.4533334,2,-1,0,0.98032343,1
19,10,1,1,0,-325.01205,-190.22072,113.31342,0.015788008,-0.0074909567,-0.01194626,20.628832,20.639723,2,35,1,0.98463434,1
19,3,1,1,0,-324.0467,-428.0602,243.5825,-0.040680945,0.028893972,-0.06420244,32.741356,32.604168,2,36,1,0.92482054,1
19,8,1,1,0,324.47223,-521.3574,449.36832,0.015973408,-0.0036717728,0.0043156845,14.92607,12.821111,2,37,1,0.9994762,1
19,2,1,0,0,304.8819,440.76804,36.18525,-0.008775479,0.02134665,0.0064820726,3.1403337,3.041111,2,-1,0,0.95342386,1
19,3,0,0,0,0.0,0.0,0.0,0.0,0.0,0.0,25.081993,-1.0,2,-1,0,0.9765033,1
19,3,0,0,0,0.0,0.0,0.0,0.0,0.0,0.0,16.144085,-1.0,2,-1,0,0.9980705,1
19,9,1,1,0,352.0916,242.252,124.61388,0.027338486,-0.0065935925,-0.028532831,33.583813,32.18833,2,38,1,0.9815424,1
19,7,1,1,0,361.32956,296.934,418.43497,0.011193243,-0.019291626,-0.0039290558,12.839334,3.9619443,2,39,1,0.97036755,1
19,7,1,0,0,361.32956,296.934,418.43497,0.011193243,-0.019291626,-0.0039290558,7.088305,7.2780557,2,-1,0,0.9814393,1
19,35,0,0,0,0.0,0.0,0.0,0.0,0.0,0.0,2.633361,2.6552777,2,-1,0,0.7537589,1
20,20,1,1,0,8.286502,-55.634808,419.82355,-0.011966332,0.004862786,0.0013232105,15.054625,14.8725,2,0,1,0.99200845,1
20,17,1,0,0,-53.787624,125.28604,334.80127,0.010430107,0.028880833,-0.006253189,13.721875,13.5836115,2,-1,0,0.9979528,1
20,40,1,1,0,43.999554,452.68613,436.28577,-0.007967063,0.0084975,-0.010615523,17.051271,16.921389,2,1,1,0.99596596,1
20,26,1,0,0,43.92656,292.81924,360.52408,0.023876138,0.013912221,0.0043713744,8.760708,8.628056,2,-1,0,0.99310875,1
20,17,1,1,0,-53.787624,125.28604,334.80127,0.010430107,0.028880833,-0.006253189,18.893354,18.886944,2,2,1,0.9957067,1
20,13,1,1,0,-54.688126,556.287,277.4293,-0.007508712,0.01196793,-0.0005982403,9.839798,9.575,2,3,1,0.9818548,1
20,13,1,0,0,-54.688126,556.287,277.4293,-0.007508712,0.01196793,-0.0005982403,5.756486,5.772222,2,-1,0,0.96260667,1
20,2,1,1,0,-65.05338,548.62146,411.67426,-0.0015226832,0.033573605,-0.016069343,40.165043,32.54,2,4,1,0.99825805,1
20,35,1,0,0,-68.864975,-231.4583,97.1574,-0.0058106096,0.009585993,0.004274206,3.8511734,3.8488889,2,-1,0,0.9140286,1
20,38,1,1,0,-64.58011,325.72543,284.64563,0.00546633,-0.004257449,0.0038380807,8.8717985,7.332778,2,5,1,0.9945451,1
20,31,1,1,0,65.43272,180.95972,249.5525,-0.0012775483,-0.008667449,0.011163962,13.849411,13.929722,2,6,1,0.9761836,1
20,35,1,1,0,-68.864975,-231.4583,97.1574,-0.0058106096,0.009585993,0.004274206,12.811159,12.683056,2,7,1,0.9930195,1
20,29,1,0,0,71.620926,-184.3102,60.2583,0.0027969773,-0.01691346,-0.009572612,8.138875,3.4958334,2,-1,0,0.99116933,1
20,29,1,1,0,71.620926,-184.3102,60.2583,0.0027969773,-0.01691346,-0.009572612,16.192354,16.139723,2,8,1,0.9982438,1
20,37,1,0,0,-116.498535,-257.13217,410.77496,-0.013620119,-0.01217025,0.021842577,3.4367013,3.5216668,2,-1,0,0.6530754,1
20,37,1,0,0,-116.498535,-257.13217,410.77496,-0.013620119,-0.01217025,0.021842577,3.765562,3.8183334,2,-1,0,0.9390569,1
20,12,1,1,0,-95.91585,34.40469,246.04506,-0.0013764017,-0.008124663,-0.004824031,10.881222,10.783334,2,9,1,0.9864539,1
20,18,1,1,0,-99.63562,-389.44577,161.14862,-0.012695527,0.012727753,-0.014436324,18.850403,19.219723,2,10,1,0.99833304,1
20,26,1,1,0,43.92656,292.81924,360.52408,0.023876138,0.013912221,0.0043713744,22.81022,22.693333,2,11,1,0.9995298,1
20,24,1,1,0,108.2301,207.19553,219.09045,-0.006752791,0.00079078745,-0.007452566,8.788534,9.034722,2,12,1,0.9912853,1
20,9,0,0,0,0.0,0.0,0.0,0.0,0.0,0.0,2.705,2.7930555,2,-1,0,0.51821613,1
20,37,1,1,0,-116.498535,-257.13217,410.77496,-0.013620119,-0.01217025,0.021842577,31.466133,31.421112,2,13,1,1.0,1
20,19,1,0,0,162.75468,277.407,49.170418,-0.0060530123,-0.017312832,0.0015234966,4.2063537,4.0969443,2,-1,0,0.95199883,1
20,14,1,1,0,127.69153,-254.29759,440.62753,0.015279804,-0.013762688,-0.015548752,17.179235,16.935556,2,14,1,0.97206384,1
20,33,1,1,0,135.03197,515.98016,306.2974,-0.00072248385,0.013883235,-0.013213961,18.078714,18.05139,2,15,1,0.98590946,1
20,27,1,1,0,139.96579,-77.23698,151.97272,-0.009507724,0.010475285,-0.015806045,23.891056,23.742222,2,16,1,0.99788135,1
20,14,1,0,0,127.69153,-254.29759,440.62753,0.015279804,-0.013762688,-0.015548752,4.2589164,4.2022223,2,-1,0,0.98697805,1
20,19,1,1,0,162.75468,277.407,49.170418,-0.0060530123,-0.017312832,0.0015234966,19.665855,19.944723,2,17,1,0.99069303,1
20,11,1,1,0,183.0405,414.8681,360.1287,0.0032625475,0.010079261,-0.011905529,16.130783,14.504167,2,18,1,0.998877,1
20,32,1,1,0,202.77014,351.57172,1.092243,0.008909138,0.017621223,-0.011825701,3.269847,3.296111,2,19,1,0.80738944,1
20,1,1,1,0,-205.29742,-269.82028,11.927,-0.0045266803,-0.015266943,0.003298871,10.564472,10.777223,2,20,1,0.9936004,1
20,8,1,1,0,-208.11386,-185.66034,333.40298,-0.023217287,-0.0052619413,0.008198117,18.487118,14.060833,2,21,1,0.98577404,1
20,8,1,0,0,-208.11386,-185.66034,333.40298,-0.023217287,-0.0052619413,0.008198117,9.345778,9.196944,2,-1,0,0.98985755,1
20,7,0,0,0,0.0,0.0,0.0,0.0,0.0,0.0,7.2794514,-1.0,2,-1,0,0.987329,1
20,3,1,1,0,-223.62332,-288.70163,24.225191,-0.010732746,-0.0028692563,0.0048283576,12.379798,12.343889,2,22,1,0.98847467,1
20,39,1,0,0,225.37581,39.868538,178.08734,0.013404152,-0.014023966,0.015218605,12.040861,12.028334,2,-1,0,0.9676414,1
20,15,1,1,0,-226.28415,360.01978,138.48097,-0.005061673,0.011259525,0.021176815,15.023632,14.780556,2,23,1,0.979909,1
20,39,1,1,0,225.37581,39.868538,178.08734,0.013404152,-0.014023966,0.015218605,14.053286,14.239722,2,24,1,0.99421316,1
20,7,0,0,0,0.0,0.0,0.0,0.0,0.0,0.0,19.783833,-1.0,2,-1,0,0.94530624,1
20,6,1,0,0,-276.33926,284.3622,201.49481,0.0029664773,-0.0059363567,0.0011688158,5.2108893,4.976111,2,-1,0,0.9962911,1
20,34,1,1,0,-255.37646,-180.97188,450.1932,0.0077937534,0.008281222,0.002846124,12.8349085,11.671667,2,25,1,0.974469,1
20,23,1,1,0,267.59134,-32.272747,64.200005,0.02225071,0.015859524,0.016218035,22.62895,22.5,2,26,1,0.9941051,1
20,5,1,1,0,-281.02063,-550.34467,138.45316,0.03199817,-0.0017814911,0.0021609333,32.69406,32.808056,2,27,1,0.99991274,1
20,6,1,1,0,-276.33926,284.3622,201.49481,0.0029664773,-0.0059363567,0.0011688158,6.6725693,6.7105556,2,28,1,0.98785603,1
20,23,1,0,0,267.59134,-32.272747,64.200005,0.02225071,0.015859524,0.016218035,5.053854,4.929167,2,-1,0,0.9791422,1
20,21,1,1,0,-284.20096,390.52322,298.36154,-0.0036349674,0.015616133,0.010554372,7.5428123,7.3025,2,29,1,0.9961855,1
20,21,1,0,0,-284.20096,390.52322,298.36154,-0.0036349674,0.015616133,0.010554372,4.18025,4.2563887,2,-1,0,0.9595486,1
20,10,1,1,0,297.76642,353.88184,121.0848,0.01561051,-0.019028906,0.01836642,12.543313,12.432222,2,30,1,0.9908257,1
20,10,1,0,0,297.76642,353.88184,121.0848,0.01561051,-0.019028906,0.01836642,9.883868,9.8875,2,-1,0,0.98274904,1
20,16,1,1,0,299.65213,274.63144,436.95236,0.0251208,0.0054918374,0.016978247,24.85148,24.929167,2,31,1,0.9613349,1
20,22,1,0,0,-319.93643,169.39288,323.4663,0.008043547,0.0088737905,-0.0084930835,3.4764514,3.5475,2,-1,0,0.96952456,1
20,22,1,1,0,-319.93643,169.39288,323.4663,0.008043547,0.0088737905,-0.0084930835,8.193535,8.080833,2,32,1,0.9593579,1
20,28,1,1,0,-320.51987,-466.23798,248.28963,0.0006959567,-0.011282721,0.034390446,24.561993,24.956944,2,33,1,0.99436283,1
20,25,1,1,0,-320.2757,-531.2809,21.499199,0.0032192902,0.008062237,0.0038920688,9.540007,9.474167,2,34,1,0.9685857,1
20,9,1,1,0,-328.413,231.98442,389.93942,0.00821721,0.014195691,0.006428059,17.640509,17.645555,2,35,1,0.94825727,1
20,36,1,0,0,335.4872,-584.2269,437.32904,-0.0042813756,0.04533216,0.004374827,3.060139,3.0394444,2,-1,0,0.80596316,1
20,36,1,0,0,335.4872,-584.2269,437.32904,-0.0042813756,0.04533216,0.004374827,5.8201814,5.8483334,2,-1,0,0.99354786,1
20,36,1,0,0,335.4872,-584.2269,437.32904,-0.0042813756,0.04533216,0.004374827,4.7886662,4.5855556,2,-1,0,0.9771278,1
20,36,1,0,0,335.4872,-584.2269,437.32904,-0.0042813756,0.04533216,0.004374827,3.0162709,3.057778,2,-1,0,0.81543493,1
20,10,1,0,0,297.76642,353.88184,121.0848,0.01561051,-0.019028906,0.01836642,5.5403748,5.4830556,2,-1,0,0.99825686,1
20,36,1,0,0,335.4872,-584.2269,437.32904,-0.0042813756,0.04533216,0.004374827,5.082958,4.9911113,2,-1,0,0.9801998,1
20,36,1,1,0,335.4872,-584.2269,437.32904,-0.0042813756,0.04533216,0.004374827,9.842194,5.6525,2,36,1,0.9882591,1
20,4,1,1,0,-345.84024,485.09653,307.26102,-0.0013058771,0.00800909,0.0029762003,6.626292,6.2897224,2,37,1,0.99201256,1
20,30,1,1,0,-352.00543,514.08356,415.0116,0.0012639516,0.0021134333,0.007871043,7.3187013,7.3244443,2,38,1,0.9647154,1
21,2,1,0,0,8.644106,85.138245,136.23285,0.019125802,-0.019905055,0.026407124,10.2006035,10.1125,2,-1,0,0.974078,1
21,2,1,1,0,8.644106,85.138245,136.23285,0.019125802,-0.019905055,0.026407124,22.386354,22.347778,2,0,1,0.9932415,1
21,6,1,0,0,-14.485796,-346.7286,97.6879,-0.010894515,0.018015176,-0.016518902,8.832556,8.136666,2,-1,0,0.9914416,1
21,2,1,0,0,8.644106,85.138245,136.23285,0.019125802,-0.019905055,0.026407124,6.0074306,5.9322224,2,-1,0,0.97994655,1
21,6,1,1,0,-14.485796,-346.7286,97.6879,-0.010894515,0.018015176,-0.016518902,18.595673,18.210278,2,1,1,0.97882575,1
21,37,1,1,0,22.231543,-102.15809,440.26062,0.000699429,0.0022754928,0.008614337,6.211958,6.1119447,2,2,1,0.97598076,1
21,37,1,0,0,22.231543,-102.15809,440.26062,0.000699429,0.0022754928,0.008614337,3.36425,1.5430555,2,-1,0,0.81771445,1
21,19,1,1,0,-25.697594,-223.21179,428.01108,0.003755714,-0.036361575,-0.0036785328,23.021307,11.390555,2,3,1,0.99806124,1
21,39,1,1,0,24.201847,-534.7945,369.84863,0.012285739,-0.012933801,-0.013520667,20.736675,19.438612,2,4,1,0.9885407,1
21,39,1,0,0,24.201847,-534.7945,369.84863,0.012285739,-0.012933801,-0.013520667,4.2525554,4.246389,2,-1,0,0.982088,1
21,19,1,0,0,-25.697594,-223.21179,428.01108,0.003755714,-0.036361575,-0.0036785328,8.955875,8.717778,2,-1,0,0.99828196,1
21,24,1,0,0,-47.305515,-129.16414,139.79956,0.017627906,-0.010283771,0.00018494563,7.903229,7.6705556,2,-1,0,0.9970292,1
21,19,1,0,0,-25.697594,-223.21179,428.01108,0.003755714,-0.036361575,-0.0036785328,2.6557639,2.7052777,2,-1,0,0.5065407,1
21,15,1,1,0,-41.276455,546.7911,153.33913,-0.009437863,-0.0052005094,0.013632115,21.28089,21.3275,2,5,1,0.9957283,1
21,24,1,1,0,-47.305515,-129.16414,139.79956,0.017627906,-0.010283771,0.00018494563,18.90237,13.769444,2,6,1,0.9786573,1
21,29,1,1,0,45.80617,496.79163,141.81726,-0.0041120965,0.008009785,0.009444353,15.492653,14.246944,2,7,1,0.96601146,1
21,3,1,1,0,54.623047,175.87125,80.076675,0.024564868,0.0020435469,-0.005669316,30.733833,28.960278,2,8,1,0.9997736,1
21,17,1,1,0,61.148487,3.266506,14.505088,-0.0025000924,0.0009796313,0.0076246173,8.208125,8.146389,2,9,1,0.98987657,1
21,19,1,0,0,-25.697594,-223.21179,428.01108,0.003755714,-0.036361575,-0.0036785328,13.616757,13.394167,2,-1,0,0.9732391,1
21,17,1,0,0,61.148487,3.266506,14.505088,-0.0025000924,0.0009796313,0.0076246173,5.396209,5.480278,2,-1,0,0.9991886,1
21,10,1,0,0,-69.144035,41.44818,235.70139,0.021134306,0.04825582,-0.009041277,8.103069,8.177222,2,-1,0,0.9755617,1
21,10,1,1,0,-69.144035,41.44818,235.70139,0.021134306,0.04825582,-0.009041277,36.780563,37.12417,2,-1,1,0.99725634,1
21,3,1,0,0,54.623047,175.87125,80.076675,0.024564868,0.0020435469,-0.005669316,4.726479,4.9038887,2,-1,0,0.95509666,1
21,26,1,1,0,89.2341,-366.11255,34.57844,0.021111777,-0.00070978235,0.011123741,26.955784,20.840834,2,10,1,0.9970407,1
21,38,1,0,0,-114.29468,-319.84982,90.02584,0.02138966,-0.028909782,0.02781893,17.752848,17.847778,2,-1,0,0.9942953,1
21,38,1,0,0,-114.29468,-319.84982,90.02584,0.02138966,-0.028909782,0.02781893,3.3466113,3.3516667,2,-1,0,0.9432001,1
21,38,1,1,0,-114.29468,-319.84982,90.02584,0.02138966,-0.028909782,0.02781893,27.875391,27.878056,2,11,1,0.99758613,1
21,18,1,0,0,-116.303505,106.320854,306.64426,0.0016550326,-0.04928541,0.01401484,9.852688,9.964723,2,-1,0,0.9806073,1
21,18,1,1,0,-116.303505,106.320854,306.64426,0.0016550326,-0.04928541,0.01401484,48.9094,40.18028,2,12,1,1.0,1
21,18,1,0,0,-116.303505,106.320854,306.64426,0.0016550326,-0.04928541,0.01401484,8.060548,8.038055,2,-1,0,0.98282224,1
21,14,1,1,0,-152.56354,59.357887,144.807,-0.010869905,0.02802057,0.008173189,31.062963,28.020834,2,13,1,0.99372476,1
21,28,1,1,0,-185.31651,-301.4061,454.7547,0.016846048,-0.01360293,-0.012799091,27.560911,27.412222,2,14,1,0.9992976,1
21,8,1,0,0,-179.83052,71.669876,68.2985,0.008787603,0.004867716,-0.02234363,3.1719444,3.1783333,2,-1,0,0.7667516,1
21,8,1,1,0,-179.83052,71.669876,68.2985,0.008787603,0.004867716,-0.02234363,21.550985,21.382778,2,15,1,0.98434955,1
21,11,1,1,0,-182.76395,-384.23593,406.8362,-0.0035022437,0.0055840285,0.010303342,12.754438,10.44,2,16,1,0.9849871,1
21,34,1,1,0,190.44058,93.1014,326.01846,-0.008546454,0.0126826465,0.015868675,21.643675,21.799166,2,17,1,0.9996351,1
21,32,1,1,0,-202.053,-405.8952,461.70767,0.0028872045,-0.009174525,-0.015380993,18.07064,18.153055,2,18,1,0.9837732,1
21,36,1,0,0,211.79204,-284.58563,102.179115,0.019202748,0.006142592,-0.006456635,6.0541244,6.016389,2,-1,0,0.9772724,1
21,36,1,1,0,211.79204,-284.58563,102.179115,0.019202748,0.006142592,-0.006456635,10.698903,10.598333,2,19,1,0.9865224,1
21,23,1,1,0,-223.10529,-108.974625,150.0736,-0.025629018,-0.0070521478,-0.008355716,23.34506,23.286945,2,20,1,0.9629166,1
21,35,1,1,0,234.49132,-228.7917,12.378237,0.011731843,0.0066129947,0.0046058414,10.373305,10.411944,2,21,1,0.8871245,1
21,31,1,1,0,-237.13799,-196.99478,393.7178,-0.0015769554,0.015898863,0.010607456,13.540944,13.650278,2,22,1,0.98835564,1
21,27,1,0,0,-241.03346,241.48613,36.725502,0.0039102645,0.00581355,-0.028201645,12.107937,12.245277,2,-1,0,0.97968423,1
21,31,1,0,0,-237.13799,-196.99478,393.7178,-0.0015769554,0.015898863,0.010607456,2.990097,2.9230556,2,-1,0,0.7257992,1
21,27,1,1,0,-241.03346,241.48613,36.725502,0.0039102645,0.00581355,-0.028201645,13.515792,13.669723,2,23,1,0.98640054,1
21,7,1,1,0,247.32101,582.1349,33.188354,0.0032350859,-0.0033715798,0.011885832,8.349132,7.6680555,2,24,1,0.99007183,1
21,36,1,0,0,211.79204,-284.58563,102.179115,0.019202748,0.006142592,-0.006456635,10.353598,10.231112,2,-1,0,0.98670965,1
21,5,1,1,0,254.38136,335.5865,54.34733,0.0028232022,-0.015004142,0.002889993,14.328709,14.305278,2,25,1,0.98526853,1
21,7,1,0,0,247.32101,582.1349,33.188354,0.0032350859,-0.0033715798,0.011885832,4.0025277,3.915,2,-1,0,0.98493123,1
21,22,1,1,0,-267.85626,340.79535,142.59846,-0.0141891055,-0.0013031135,0.021794476,9.255007,9.378889,2,26,1,0.93392885,1
21,22,1,0,0,-267.85626,340.79535,142.59846,-0.0141891055,-0.0013031135,0.021794476,7.9563746,8.008889,2,-1,0,0.9849956,1
21,9,1,1,0,275.5823,101.45597,32.77116,-0.01029283,0.017132254,0.022919288,23.223415,23.434723,2,27,1,0.97637254,1
21,40,1,1,0,-274.64337,-463.47894,137.80118,0.000412614,-0.0038187734,0.015480879,7.9869585,6.6994443,2,28,1,0.978917,1
21,40,1,0,0,-274.64337,-463.47894,137.80118,0.000412614,-0.0038187734,0.015480879,5.7872505,5.7813888,2,-1,0,0.991829,1
21,16,1,1,0,280.66327,159.2301,38.785767,-0.00863652,-0.0053966567,-0.019030884,22.149366,22.1575,2,29,1,0.9849097,1
21,9,1,0,0,275.5823,101.45597,32.77116,-0.01029283,0.017132254,0.022919288,5.439021,5.3188887,2,-1,0,0.9752991,1
21,22,1,0,0,-267.85626,340.79535,142.59846,-0.0141891055,-0.0013031135,0.021794476,6.7541666,6.6633334,2,-1,0,0.99514973,1
21,33,1,1,0,-287.6568,180.86687,293.87738,-0.015021494,-0.0072418586,0.0012327633,16.410986,16.680277,2,30,1,0.9914021,1
21,12,1,0,0,313.79926,-530.30884,81.52681,-0.012335651,0.011842427,0.01052015,4.564146,4.475278,2,-1,0,0.964891,1
21,1,1,1,0,-295.8362,492.65067,438.22217,-0.00735476,0.011512628,0.018192312,21.088936,21.049723,2,31,1,0.9955943,1
21,30,0,0,0,0.0,0.0,0.0,0.0,0.0,0.0,18.073673,-1.0,2,-1,0,0.98704857,1
21,30,0,0,0,0.0,0.0,0.0,0.0,0.0,0.0,12.10018,-1.0,2,-1,0,0.99975735,1
21,30,0,0,0,0.0,0.0,0.0,0.0,0.0,0.0,4.4093885,-1.0,2,-1,0,0.9920202,1
21,13,1,1,0,309.12628,-258.70828,432.88983,-0.0015024941,0.0047001475,0.009018665,8.9585495,8.928333,2,32,1,0.97843504,1
21,12,1,1,0,313.79926,-530.30884,81.52681,-0.012335651,0.011842427,0.01052015,20.344284,18.317778,2,33,1,0.98242354,1
21,21,1,1,0,322.26315,237.57312,121.36712,0.0007808694,0.0022553029,-0.01778225,16.496868,15.968056,2,34,1,0.9371388,1
21,4,1,1,0,328.73978,-362.002,323.19028,0.017644957,0.0062745735,0.011841357,22.70227,17.146389,2,35,1,0.9908524,1
21,25,1,1,0,335.07867,318.05222,172.99318,0.014246536,0.008890852,0.025313038,22.610743,22.336111,2,36,1,0.96419984,1
21,20,1,0,0,-348.37225,580.1257,18.363874,0.024995873,0.005393901,0.017201249,2.9727225,2.9052777,2,-1,0,0.7613402,1
21,20,1,1,0,-348.37225,580.1257,18.363874,0.024995873,0.005393901,0.017201249,26.189192,21.180277,2,37,1,0.9650604,1
21,7,1,0,0,353.28275,558.75824,278.19495,0.0032350859,-0.0033715798,0.011885832,6.3852634,6.4480557,2,-1,0,0.9751683,1
22,32,1,1,0,21.749517,-466.29343,345.44843,0.0033897378,0.033350963,0.00813162,28.972118,28.370832,2,0,1,0.9819522,1
22,32,1,0,0,21.749517,-466.29343,345.44843,0.0033897378,0.033350963,0.00813162,12.264249,12.401667,2,-1,0,0.9992968,1
22,40,1,0,0,82.072014,266.8166,281.74268,-0.018359715,0.018998206,-0.014014212,8.935827,9.146944,2,-1,0,0.9860356,1
22,7,1,1,0,66.83854,87.01061,63.63637,-0.005058035,0.0057494338,-0.0061801807,9.410749,8.441112,2,2,1,0.9843865,1
22,30,1,1,0,65.50402,18.808605,383.76187,0.013969348,0.012178698,-0.005084856,19.73575,19.496944,2,3,1,0.996298,1
22,8,1,1,0,66.76764,416.76648,161.567,0.008543358,-0.0026375477,-0.021906696,18.423737,18.340834,2,4,1,0.99892896,1
22,8,1,0,0,66.76764,416.76648,161.567,0.008543358,-0.0026375477,-0.021906696,3.1313472,3.1127777,2,-1,0,0.7217616,1
22,29,1,1,0,72.386314,-402.53632,439.37558,-0.012289768,-0.005173046,-0.008584355,14.769013,14.528334,2,5,1,0.99987495,1
22,9,1,0,0,78.47819,471.9299,374.20294,0.01721239,0.0049956054,-0.0012631782,4.3756943,4.324167,2,-1,0,0.9902081,1
22,2,1,1,0,-86.6157,-404.0646,116.95948,0.008576963,-0.028055802,0.049475282,28.18846,28.157778,2,6,1,0.8956676,1
22,14,1,1,0,-78.418594,-316.99716,18.124949,0.00068057264,-0.0028765223,0.03375704,34.475548,34.65361,2,7,1,0.99901414,1
22,9,1,1,0,78.47819,471.9299,374.20294,0.01721239,0.0049956054,-0.0012631782,19.711306,15.778055,2,8,1,0.9897447,1
22,14,1,0,0,-78.418594,-316.99716,18.124949,0.00068057264,-0.0028765223,0.03375704,3.7050834,2.5286112,2,-1,0,0.9327708,1
22,40,1,1,0,82.072014,266.8166,281.74268,-0.018359715,0.018998206,-0.014014212,20.736528,20.60111,2,9,1,0.997355,1
22,5,1,0,0,-212.82628,512.7083,84.653206,-0.02250142,0.009856645,0.012637967,3.0422711,3.0419445,2,-1,0,0.8343083,1
22,2,1,0,0,-86.6157,-404.0646,116.95948,0.008576963,-0.028055802,0.049475282,25.575216,25.703333,2,-1,0,0.99484134,1
22,6,1,0,0,0.0,0.0,0.0,0.0,0.0,0.0,15.927945,0.6652778,2,-1,0,0.99583095,1
22,6,1,1,0,-98.966835,292.95593,11.813571,-0.003501489,0.020048046,0.0016448774,5.246278,5.266111,2,10,1,0.9535579,1
22,3,1,1,0,-103.47854,215.83904,137.77678,0.004708474,-0.0105595905,-0.006700875,13.480821,13.495277,2,11,1,0.9902061,1
22,16,1,1,0,-106.97156,377.39923,243.66246,-0.013287552,0.016502032,0.027555548,24.25627,22.109722,2,12,1,0.95656157,1
22,16,1,0,0,-106.97156,377.39923,243.66246,-0.013287552,0.016502032,0.027555548,6.970153,6.9263887,2,-1,0,0.99745387,1
22,23,1,1,0,120.897545,-126.38201,319.0345,-0.02311096,0.005606406,-0.004178607,15.928709,15.941389,2,13,1,0.9953643,1
22,23,1,0,0,120.897545,-126.38201,319.0345,-0.02311096,0.005606406,-0.004178607,7.7766256,7.8458333,2,-1,0,0.9792925,1
22,13,1,1,0,162.92926,-458.41614,230.1434,-0.017223885,0.008472545,-0.022791082,6.363625,6.3108335,2,14,1,0.97711825,1
22,26,0,0,0,0.0,0.0,0.0,0.0,0.0,0.0,2.8296666,2.8408334,2,-1,0,0.5275491,1
22,36,1,1,0,123.27309,594.3417,192.74393,0.009805935,-0.014473062,0.017427899,16.88489,16.446945,2,15,1,0.99622947,1
22,36,1,0,0,123.27309,594.3417,192.74393,0.009805935,-0.014473062,0.017427899,7.746729,7.808889,2,-1,0,0.9895739,1
22,16,1,0,0,-106.97156,377.39923,243.66246,-0.013287552,0.016502032,0.027555548,4.1452847,3.935,2,-1,0,0.9435626,1
22,39,1,1,0,133.59386,-417.50415,183.68445,0.030416949,0.0053403466,-0.021423483,32.35514,32.55528,2,16,1,0.93873256,1
22,39,1,0,0,133.59386,-417.50415,183.68445,0.030416949,0.0053403466,-0.021423483,5.2949305,5.250278,2,-1,0,0.97612506,1
22,22,1,1,0,148.85861,482.02417,29.784834,-0.00085183594,-0.00023851462,0.010801461,8.470639,8.578611,2,17,1,0.97752464,1
22,13,0,0,0,0.0,0.0,0.0,0.0,0.0,0.0,3.003139,-1.0,2,-1,0,0.83948445,1
22,13,0,0,0,0.0,0.0,0.0,0.0,0.0,0.0,8.273931,-1.0,2,-1,0,0.9939416,1
22,13,0,0,0,0.0,0.0,0.0,0.0,0.0,0.0,18.413946,-1.0,2,-1,0,0.9911109,1
22,12,1,1,0,-175.48044,318.6169,441.84497,0.015982924,0.003133858,0.01521944,23.831099,23.915833,2,18,1,0.9940421,1
22,31,1,0,0,178.87122,119.33724,214.19228,0.0048399693,0.017098203,0.022472475,6.7195563,6.1194444,2,-1,0,0.9851917,1
22,31,1,1,0,178.87122,119.33724,214.19228,0.0048399693,0.017098203,0.022472475,23.226063,23.124166,2,19,1,0.9528403,1
22,21,1,1,0,187.33607,-503.14136,96.65493,0.0017472757,0.0026698804,-0.020914197,18.869564,14.6275,2,20,1,0.99800974,1
22,21,1,0,0,187.33607,-503.14136,96.65493,0.0017472757,0.0026698804,-0.020914197,4.371632,3.3758333,2,-1,0,0.94328946,1
22,37,1,1,0,191.06602,224.2714,148.2684,0.0016707033,-0.020497544,-0.0022420392,20.255272,20.38139,2,21,1,0.88611686,1
22,11,1,1,0,-205.26332,220.2194,134.58153,0.021615071,0.026622083,0.0070491116,32.756832,32.63861,2,22,1,0.9820661,1
22,5,1,1,0,-212.82628,512.7083,84.653206,-0.02250142,0.009856645,0.012637967,24.851881,24.995832,2,23,1,0.99865425,1
22,19,1,1,0,221.11804,583.57404,260.51196,0.00066202186,-0.002175683,-0.006529008,9.012049,5.7675,2,24,1,0.9710121,1
22,33,1,1,0,221.43631,289.96255,145.0993,0.005114065,-0.007024606,-0.007664008,9.651104,7.4405556,2,25,1,0.98852843,1
22,18,0,0,0,0.0,0.0,0.0,0.0,0.0,0.0,13.711048,-1.0,2,-1,0,0.9874483,1
22,33,1,0,0,221.43631,289.96255,145.0993,0.005114065,-0.007024606,-0.007664008,3.3287153,3.298889,2,-1,0,0.93917376,1
22,28,0,0,0,0.0,0.0,0.0,0.0,0.0,0.0,18.032368,-1.0,2,-1,0,0.9992925,1
22,35,1,0,0,-260.5421,-82.6435,182.04156,-0.0021062396,-0.02108652,-0.031447854,6.3919716,6.5561113,2,-1,0,0.9318549,1
22,35,1,0,0,-260.5421,-82.6435,182.04156,-0.0021062396,-0.02108652,-0.031447854,8.536278,6.966111,2,-1,0,0.99828124,1
22,35,1,1,0,-260.5421,-82.6435,182.04156,-0.0021062396,-0.02108652,-0.031447854,15.405021,15.313056,2,26,1,0.9883599,1
22,35,1,0,0,-260.5421,-82.6435,182.04156,-0.0021062396,-0.02108652,-0.031447854,6.649104,6.663611,2,-1,0,0.9988543,1
22,20,1,1,0,271.386,464.43073,223.22328,-0.011382752,0.0025116461,-0.0032774252,11.59243,11.4788885,2,27,1,0.9801587,1
22,10,1,1,0,-280.39832,253.2601,266.46634,0.00588126,0.009884117,0.01325815,17.770922,17.536667,2,28,1,0.9611289,1
22,17,1,1,0,-292.10648,170.03984,353.19,-0.00012642052,-0.0046930583,-0.018616322,13.554521,13.538611,2,29,1,0.9958489,1
22,17,1,0,0,-292.10648,170.03984,353.19,-0.00012642052,-0.0046930583,-0.018616322,2.814243,2.7722223,2,-1,0,0.68096095,1
22,24,1,1,0,298.14786,-336.31427,452.74878,-0.021849688,0.015255976,0.021641994,20.784874,20.806667,2,30,1,0.9388578,1
22,4,1,1,0,-303.03815,2.5478358,422.86545,-0.027176645,-0.012090096,-0.0067838854,4.660236,1.6094445,2,31,1,0.91900766,1
22,38,1,0,0,327.44482,-587.8994,261.92627,-0.024610404,-0.0012853444,0.008855022,9.213292,9.286944,2,-1,0,0.94505095,1
22,25,1,1,0,308.6058,456.93265,201.71075,0.005873858,-0.010229323,0.001843334,12.167506,7.928889,2,-1,1,0.9407208,1
22,38,1,0,0,327.44482,-587.8994,261.92627,-0.024610404,-0.0012853444,0.008855022,5.9337153,5.832778,2,-1,0,0.9789828,1
22,25,1,0,0,308.6058,456.93265,201.71075,0.005873858,-0.010229323,0.001843334,3.0964441,3.1188889,2,-1,0,0.814007,1
22,4,1,0,0,-303.03815,2.5478358,422.86545,-0.027176645,-0.012090096,-0.0067838854,4.476889,4.4791665,2,-1,0,0.9798386,1
22,4,1,0,0,-303.03815,2.5478358,422.86545,-0.027176645,-0.012090096,-0.0067838854,3.9955695,4.108611,2,-1,0,0.8102473,1
22,32,0,0,0,0.0,0.0,0.0,0.0,0.0,0.0,2.8033748,2.8247223,2,-1,0,0.56959766,1
22,26,1,1,0,-316.1244,-366.24646,241.74397,-0.018961277,0.0074193715,0.0024567505,16.073915,16.25639,2,32,1,0.9149943,1
22,4,1,0,0,-303.03815,2.5478358,422.86545,-0.027176645,-0.012090096,-0.0067838854,3.2424443,3.1908333,2,-1,0,0.8506112,1
22,27,1,0,0,-323.7001,189.92865,138.3115,-0.010050928,-0.005928143,-0.010697305,7.0405,7.0616665,2,-1,0,0.9585286,1
22,38,1,1,0,327.44482,-587.8994,261.92627,-0.024610404,-0.0012853444,0.008855022,9.914451,9.945833,2,33,1,0.99112284,1
22,27,1,1,0,-323.7001,189.92865,138.3115,-0.010050928,-0.005928143,-0.010697305,7.3178124,7.4936113,2,34,1,0.98093283,1
22,1,1,0,0,-337.31918,-487.97897,376.44583,-0.010805101,-0.013131017,-0.0092167705,8.295368,8.2508335,2,-1,0,0.99619305,1
22,1,1,1,0,-337.31918,-487.97897,376.44583,-0.010805101,-0.013131017,-0.0092167705,11.473264,9.8741665,2,35,1,0.9998183,1
22,19,0,0,0,0.0,0.0,0.0,0.0,0.0,0.0,2.6532016,2.5502777,2,-1,0,0.735686,1
23,27,0,0,0,0.0,0.0,0.0,0.0,0.0,0.0,22.350174,-1.0,2,-1,0,0.9800979,1
23,26,1,1,0,-14.49256,-133.32181,77.62833,0.016710743,-0.012420064,0.019648159,29.386011,28.67361,2,0,1,0.9957045,1
23,21,1,1,0,17.874361,-223.93333,459.11945,0.0032001794,-0.014051044,0.012022245,13.94968,13.200833,2,1,1,0.978122,1
23,20,1,0,0,-11.420437,603.9767,193.82841,-0.021262556,-0.011659221,-0.00235822,3.394458,3.28,2,-1,0,0.83402246,1
23,25,1,1,0,27.454609,497.6048,344.1745,0.007805058,-0.007600907,-0.007963824,16.297813,16.225834,2,2,1,0.99555033,1
23,20,1,1,0,-11.420437,603.9767,193.82841,-0.021262556,-0.011659221,-0.00235822,9.532688,9.316944,2,3,1,0.9945873,1
23,20,1,0,0,-11.420437,603.9767,193.82841,-0.021262556,-0.011659221,-0.00235822,3.6823056,3.493611,2,-1,0,0.85499656,1
23,28,1,0,0,-65.005,-475.55298,62.925114,0.03053991,0.0060105603,0.010513701,11.554735,11.551389,2,-1,0,0.98328435,1
23,38,1,1,0,63.827652,-126.178825,445.4253,-0.02505455,0.011489386,-0.0038645882,18.196041,18.122223,2,4,1,0.9933377,1
23,10,1,1,0,-56.981342,-499.1412,208.87572,-0.01271596,-0.006970582,-0.0049731345,17.471117,17.57361,2,5,1,0.9736753,1
23,31,1,0,0,58.250717,151.08824,86.25413,-0.004672381,-0.03114832,-0.017713852,16.632631,14.338333,2,-1,0,0.9987017,1
23,28,1,0,0,-65.005,-475.55298,62.925114,0.03053991,0.0060105603,0.010513701,8.379833,8.281389,2,-1,0,0.9975594,1
23,31,1,1,0,58.250717,151.08824,86.25413,-0.004672381,-0.03114832,-0.017713852,21.3622,21.234722,2,6,1,0.9999715,1
23,28,1,1,0,-65.005,-475.55298,62.925114,0.03053991,0.0060105603,0.010513701,20.113432,20.184166,2,7,1,0.997701,1
23,38,1,0,0,63.827652,-126.178825,445.4253,-0.02505455,0.011489386,-0.0038645882,11.646966,11.490556,2,-1,0,0.86282563,1
23,2,1,1,0,-74.07384,-158.93924,139.02632,0.014284944,0.0026193573,0.009038749,14.011923,14.091111,2,8,1,0.98778963,1
23,31,1,0,0,58.250717,151.08824,86.25413,-0.004672381,-0.03114832,-0.017713852,5.4417567,5.4408336,2,-1,0,0.99739456,1
23,19,1,1,0,84.56837,296.86987,260.50027,0.0018372134,0.021316508,0.014090338,25.096054,25.185278,2,9,1,0.9964879,1
23,7,1,1,0,85.588425,-285.27286,19.440445,0.020765223,0.013368622,0.015501644,23.62366,20.116667,2,10,1,0.9997576,1
23,13,1,1,0,-93.29635,228.52466,79.75095,-0.014037269,0.01066057,-0.010794992,22.427895,22.635,2,11,1,0.9993726,1
23,23,1,0,0,94.99318,-334.73615,381.2282,-0.0058978284,-0.0007721191,0.0049657957,5.028333,4.9477777,2,-1,0,0.984373,1
23,23,1,1,0,94.99318,-334.73615,381.2282,-0.0058978284,-0.0007721191,0.0049657957,5.690382,5.657778,2,12,1,0.9890239,1
23,7,1,0,0,85.588425,-285.27286,19.440445,0.020765223,0.013368622,0.015501644,8.580923,8.754444,2,-1,0,0.93547004,1
23,29,1,1,0,110.26872,344.64984,456.49347,-0.014153996,-0.016022539,0.023184786,17.520653,17.348612,2,13,1,0.9781978,1
23,20,0,0,0,0.0,0.0,0.0,0.0,0.0,0.0,2.9168403,2.8519444,2,-1,0,0.6002095,1
23,5,0,0,0,0.0,0.0,0.0,0.0,0.0,0.0,19.277632,-1.0,2,-1,0,0.9930589,1
23,15,1,1,0,-148.06052,-352.06415,10.053171,-0.004255995,-0.009282083,-0.012265342,17.876846,17.929722,2,14,1,0.9694061,1
23,14,1,1,0,156.394,-458.7873,370.1128,-0.0043512797,-0.0008901406,-0.01522059,15.808888,15.951389,2,15,1,0.9910348,1
23,11,0,0,0,0.0,0.0,0.0,0.0,0.0,0.0,16.34462,-1.0,2,-1,0,0.99384576,1
23,23,0,0,0,0.0,0.0,0.0,0.0,0.0,0.0,2.915868,2.9236112,2,-1,0,0.6093295,1
23,24,0,0,0,0.0,0.0,0.0,0.0,0.0,0.0,2.7390833,2.8183334,2,-1,0,0.63359743,1
23,9,1,1,0,169.85681,-98.43446,152.2762,0.03564132,-0.023135986,-0.008564247,26.191668,26.006111,2,16,1,0.9999795,1
23,14,1,0,0,156.394,-458.7873,370.1128,-0.0043512797,-0.0008901406,-0.01522059,5.3702364,5.3355556,2,-1,0,0.9687081,1
23,12,1,1,0,188.05193,429.11856,113.18335,-0.019363692,0.0038895325,-0.0070555736,18.025694,17.981667,2,18,1,0.9934495,1
23,12,1,0,0,188.05193,429.11856,113.18335,-0.019363692,0.0038895325,-0.0070555736,4.855035,4.7458334,2,-1,0,0.93851966,1
23,24,1,1,0,-192.1494,-159.6226,383.27313,0.022071991,0.005533685,0.0069265165,25.727097,25.660833,2,19,1,0.9973903,1
23,17,1,1,0,-189.99591,-545.1092,68.16637,-0.025930664,0.0117697725,-0.012102095,24.270384,23.428055,2,20,1,0.99999654,1
23,9,1,0,0,169.85681,-98.43446,152.2762,0.03564132,-0.023135986,-0.008564247,11.060931,11.156944,2,-1,0,0.9955426,1
23,22,1,0,0,220.96185,-81.57915,249.8885,-0.038942955,-0.01056762,0.015953002,4.8015003,4.803056,2,-1,0,0.98485905,1
23,9,1,0,0,169.85681,-98.43446,152.2762,0.03564132,-0.023135986,-0.008564247,3.327736,3.2694445,2,-1,0,0.8945966,1
23,40,1,1,0,-212.83214,-136.98723,106.90003,-0.008530983,-0.003764593,-0.0145046115,18.849014,18.703056,2,22,1,0.99986815,1
23,22,1,1,0,220.96185,-81.57915,249.8885,-0.038942955,-0.01056762,0.015953002,36.4951,36.065556,2,23,1,0.96727216,1
23,40,1,0,0,-212.83214,-136.98723,106.90003,-0.008530983,-0.003764593,-0.0145046115,4.3662014,4.3675,2,-1,0,0.9704818,1
23,27,0,0,0,0.0,0.0,0.0,0.0,0.0,0.0,7.125007,7.278333,2,-1,0,0.9539423,1
23,34,1,1,0,-263.25885,569.41644,239.94817,0.005840589,-0.012814754,0.021422204,27.440756,27.44861,2,24,1,0.92142195,1
23,4,1,1,0,-267.8763,-332.7682,21.405117,-0.006666055,-0.0032384344,-0.01601972,12.555833,12.245277,2,25,1,0.9863571,1
23,37,1,0,0,277.1106,-185.97092,393.5477,-0.003802238,-0.01808124,-0.0072318623,6.9735627,7.027222,2,-1,0,0.9803925,1
23,37,1,0,0,277.1106,-185.97092,393.5477,-0.003802238,-0.01808124,-0.0072318623,3.6025555,3.5319445,2,-1,0,0.9833195,1
23,6,1,0,0,-276.87814,-343.27512,244.43004,-0.005006194,0.020325068,0.012805736,10.142806,10.161389,2,-1,0,0.97539026,1
23,37,1,1,0,277.1106,-185.97092,393.5477,-0.003802238,-0.01808124,-0.0072318623,12.6918545,12.448611,2,26,1,0.9521558,1
23,6,1,1,0,-276.87814,-343.27512,244.43004,-0.005006194,0.020325068,0.012805736,13.830792,11.891945,2,27,1,0.9994036,1
23,8,1,1,0,-278.43323,-188.95917,394.8908,-0.009228178,0.025866255,0.0011250493,29.257925,29.118889,2,28,1,0.99833506,1
23,3,1,1,0,290.37866,-406.33286,218.10805,0.0055239303,-0.017096976,0.012958177,24.06829,21.415833,2,29,1,0.9965803,1
23,1,1,0,0,-310.05466,-334.07864,161.68764,0.011807819,0.030929418,-0.015875792,4.263417,4.326389,2,-1,0,0.9956659,1
23,35,1,0,0,-322.52045,177.64365,232.01921,0.029628722,0.028291807,-0.021229992,8.039625,8.116667,2,-1,0,0.9816681,1
23,1,1,1,0,-310.05466,-334.07864,161.68764,0.011807819,0.030929418,-0.015875792,27.65375,27.670555,2,30,1,0.9748787,1
23,16,1,0,0,-329.60602,228.17238,200.12695,0.026859008,-0.011009024,0.010896765,8.73009,8.751667,2,-1,0,0.9889719,1
23,35,1,0,0,-322.52045,177.64365,232.01921,0.029628722,0.028291807,-0.021229992,3.0768473,3.0622222,2,-1,0,0.9718725,1
23,35,1,1,0,-322.52045,177.64365,232.01921,0.029628722,0.028291807,-0.021229992,17.867695,17.889166,2,31,1,0.9973061,1
23,33,1,1,0,-318.83496,473.82877,24.504702,0.0032268674,0.0057377946,-0.027813684,15.419465,15.255278,2,32,1,0.98332435,1
23,33,1,0,0,-318.83496,473.82877,24.504702,0.0032268674,0.0057377946,-0.027813684,8.321917,8.374444,2,-1,0,0.9920974,1
23,30,1,1,0,-322.9775,219.69653,421.0933,0.00042199384,-0.010405519,0.01706533,19.476063,18.296944,2,33,1,0.9920225,1
23,33,1,0,0,-318.83496,473.82877,24.504702,0.0032268674,0.0057377946,-0.027813684,3.5305486,3.456389,2,-1,0,0.9712009,1
23,16,1,1,0,-329.60602,228.17238,200.12695,0.026859008,-0.011009024,0.010896765,14.990778,15.011666,2,34,1,0.9930288,1
23,36,1,1,0,353.75717,-530.5415,188.61311,0.02778505,0.012116191,-0.008999618,17.301264,17.3475,2,35,1,0.95719105,1
24,32,1,1,0,34.799942,243.09152,270.52795,0.013167408,0.006216285,-0.01646653,22.50963,22.198055,2,0,1,0.99996805,1
24,32,1,0,0,34.799942,243.09152,270.52795,0.013167408,0.006216285,-0.01646653,4.7567773,4.891389,2,-1,0,0.9637681,1
24,5,1,0,0,-127.003555,56.858078,282.6083,0.032965768,-0.018723218,-0.009573299,3.6104722,3.5597222,2,-1,0,0.8996615,1
24,24,0,0,0,0.0,0.0,0.0,0.0,0.0,0.0,6.125131,-1.0,2,-1,0,0.98579615,1
24,24,0,0,0,0.0,0.0,0.0,0.0,0.0,0.0,15.646653,-1.0,2,-1,0,0.99021196,1
24,40,1,1,0,51.405308,366.7315,79.99987,0.0075554415,0.02668511,-0.018265437,32.09282,31.8225,2,1,1,0.99475265,1
24,38,1,1,0,52.723957,-449.17197,125.357475,0.025163632,0.0106479,0.010897929,30.894222,30.233612,2,2,1,0.9994879,1
24,40,1,0,0,51.405308,366.7315,79.99987,0.0075554415,0.02668511,-0.018265437,6.8338747,6.8305554,2,-1,0,0.98645866,1
24,18,0,0,0,0.0,0.0,0.0,0.0,0.0,0.0,2.9683123,2.9288888,2,-1,0,0.8782941,1
24,4,1,1,0,-68.067795,-262.33292,367.13654,0.0033404387,-0.016891241,-0.020259043,27.300951,27.079721,2,3,1,0.97869086,1
24,4,1,0,0,-68.067795,-262.33292,367.13654,0.0033404387,-0.016891241,-0.020259043,3.7832363,3.6813889,2,-1,0,0.9780537,1
24,27,0,0,0,0.0,0.0,0.0,0.0,0.0,0.0,2.844139,2.7772222,2,-1,0,0.5395076,1
24,8,1,1,0,-77.59982,112.30375,189.6272,-0.006905166,0.0009945276,0.018647492,30.049675,21.052221,2,4,1,0.9865285,1
24,35,1,0,0,-161.71216,440.11865,227.47803,0.04262256,0.01509064,0.0330808,13.53184,13.561944,2,-1,0,0.9907071,1
24,28,1,1,0,92.56605,-159.67447,255.84152,0.0026475196,-0.021214142,-0.010961737,24.770681,24.049166,2,5,1,0.99455345,1
24,17,1,1,0,-97.50366,202.97693,281.40765,0.014685523,0.01743866,0.003050794,26.069777,26.091667,2,6,1,0.97064644,1
24,9,1,0,0,103.32032,-276.8638,351.35852,0.0022556153,-0.0052561997,-0.012041801,4.190111,4.288611,2,-1,0,0.9666921,1
24,9,1,1,0,103.32032,-276.8638,351.35852,0.0022556153,-0.0052561997,-0.012041801,9.730353,9.525278,2,7,1,0.9638863,1
24,5,1,1,0,-127.003555,56.858078,282.6083,0.032965768,-0.018723218,-0.009573299,22.182604,22.018888,2,8,1,0.9904615,1
24,5,1,0,0,-127.003555,56.858078,282.6083,0.032965768,-0.018723218,-0.009573299,18.161396,18.131945,2,-1,0,0.9917601,1
24,14,0,0,0,0.0,0.0,0.0,0.0,0.0,0.0,2.8730278,2.8877778,2,-1,0,0.8757532,1
24,20,1,1,0,-131.06343,302.27664,434.99936,0.0011525855,0.011909728,0.010027132,16.086626,14.6025,2,9,1,0.999663,1
24,16,1,1,0,149.67982,-184.73451,64.78373,-0.017939392,-0.012786021,-0.013428698,27.837452,27.781944,2,10,1,0.9998263,1
24,3,0,0,0,0.0,0.0,0.0,0.0,0.0,0.0,23.533937,-1.0,2,-1,0,0.9993319,1
24,35,1,1,0,-161.71216,440.11865,227.47803,0.04262256,0.01509064,0.0330808,14.2341385,13.88,2,-1,1,0.961576,1
24,27,1,0,0,-171.20853,-156.74763,141.79251,0.005956006,-0.008786314,0.023618933,3.2155,3.2166667,2,-1,0,0.7597665,1
24,14,1,1,0,156.04056,207.66057,125.5153,0.016663557,-0.013255383,0.0018095971,18.811666,15.885278,2,11,1,0.9783638,1
24,35,1,0,0,-161.71216,440.11865,227.47803,0.04262256,0.01509064,0.0330808,11.362958,11.393888,2,-1,0,0.98468,1
24,30,1,1,0,-168.0324,-88.11577,305.59372,0.008784031,0.010451817,0.0061417823,16.13566,16.008888,2,12,1,0.9984271,1
24,27,1,1,0,-171.20853,-156.74763,141.79251,0.005956006,-0.008786314,0.023618933,20.21611,20.2225,2,13,1,0.99518836,1
24,27,1,0,0,-171.20853,-156.74763,141.79251,0.005956006,-0.008786314,0.023618933,4.903597,4.9438887,2,-1,0,0.9921227,1
24,23,1,1,0,-176.31032,-408.2017,108.65572,0.004982581,0.008439245,0.0014638185,10.85273,10.779445,2,14,1,0.98386395,1
24,22,0,0,0,0.0,0.0,0.0,0.0,0.0,0.0,2.9732502,3.0522223,2,-1,0,0.73413587,1
24,14,1,0,0,156.04056,207.66057,125.5153,0.016663557,-0.013255383,0.0018095971,3.0592778,3.078889,2,-1,0,0.7933284,1
24,31,1,1,0,187.94318,-586.34247,271.99847,-0.0041173226,-0.0019604403,0.009660259,10.819792,10.837222,2,15,1,0.99237627,1
24,13,1,0,0,196.35953,-225.94681,253.08319,-0.007175422,-0.021326018,0.00936354,3.6216319,3.7219443,2,-1,0,0.93686074,1
24,33,1,1,0,-188.40619,262.11337,462.8875,-0.023924684,-0.015782375,0.0017053229,14.982146,15.048611,2,16,1,0.99952394,1
24,13,1,1,0,196.35953,-225.94681,253.08319,-0.007175422,-0.021326018,0.00936354,17.061737,17.166111,2,17,1,0.9782234,1
24,6,1,0,0,-200.07625,101.73582,346.0175,-0.017386895,-0.0051455675,-0.0197192,3.498889,3.5652778,2,-1,0,0.9569514,1
24,15,1,1,0,211.41411,326.9556,283.22424,0.007269111,0.004043946,0.0010775975,8.230208,4.6752777,2,18,1,0.9869524,1
24,11,1,1,0,220.74104,337.46066,357.41415,-0.0029603872,0.0002749198,0.0010705139,3.7319586,2.5877779,2,19,1,0.87848157,1
24,37,1,1,0,236.7649,-484.52417,263.43103,-0.019920694,-0.019623164,0.008870127,19.745249,19.895834,2,20,1,0.99380046,1
24,37,1,0,0,236.7649,-484.52417,263.43103,-0.019920694,-0.019623164,0.008870127,4.55357,4.4794445,2,-1,0,0.9808107,1
24,2,0,0,0,0.0,0.0,0.0,0.0,0.0,0.0,22.230465,-1.0,2,-1,0,0.95530266,1
24,37,1,0,0,236.7649,-484.52417,263.43103,-0.019920694,-0.019623164,0.008870127,6.297167,6.2544446,2,-1,0,0.99865025,1
24,39,1,1,0,-243.76794,140.40178,1.2973558,0.0010781367,-0.006827657,0.018853836,20.7316,20.879723,2,21,1,0.9602441,1
24,10,1,0,0,272.42038,-32.817085,421.3655,-0.017054582,-0.0009088305,-0.041126188,12.923488,12.927222,2,-1,0,0.9903605,1
24,1,1,1,0,260.4749,398.01443,212.41017,0.009789309,0.02658076,0.0044064275,27.025297,15.191112,2,22,1,0.99722916,1
24,21,1,1,0,-269.03027,544.5935,121.00019,0.013027485,-0.022177452,0.008232613,18.707577,17.529444,2,23,1,0.9955069,1
24,10,1,1,0,272.42038,-32.817085,421.3655,-0.017054582,-0.0009088305,-0.041126188,26.634027,26.683332,2,24,1,0.9920048,1
24,1,1,0,0,273.29712,374.10236,251.87177,0.009789309,0.02658076,0.0044064275,3.347208,3.3880556,2,-1,0,0.9254707,1
24,7,1,1,0,285.96194,-175.78542,384.24854,-0.016929695,0.010563165,-0.0058538,21.794249,21.703611,2,25,1,0.9474627,1
24,18,1,1,0,-285.32404,103.95196,456.20227,0.0019509025,0.0048339562,-0.027026787,13.481304,11.134167,2,26,1,0.9424002,1
24,18,1,0,0,-285.32404,103.95196,456.20227,0.0019509025,0.0048339562,-0.027026787,3.8729236,3.7730556,2,-1,0,0.97213167,1
24,18,1,0,0,-285.32404,103.95196,456.20227,0.0019509025,0.0048339562,-0.027026787,3.314847,3.3297222,2,-1,0,0.9556153,1
24,6,1,0,0,-297.28717,-56.039516,358.8737,-0.017386895,-0.0051455675,-0.0197192,5.7226458,5.711111,2,-1,0,0.9738885,1
24,6,1,1,0,-297.28717,-56.039516,358.8737,-0.017386895,-0.0051455675,-0.0197192,22.856007,22.623333,2,27,1,0.97874624,1
24,22,1,1,0,300.44702,140.47511,80.700165,-0.011986384,0.008075146,0.02512216,28.796944,29.09639,2,28,1,0.99769455,1
24,36,1,1,0,298.52563,-122.49196,126.015495,-0.0045441235,-0.004389211,-0.0023370748,6.3649163,6.312778,2,29,1,0.9941889,1
24,6,1,0,0,-297.28717,-56.039516,358.8737,-0.017386895,-0.0051455675,-0.0197192,4.4173193,4.4869447,2,-1,0,0.9430287,1
24,12,1,1,0,328.77594,-155.82303,49.224976,0.010837203,0.027931102,0.008954217,22.082493,12.643888,2,30,1,0.99526,1
24,12,1,0,0,328.77594,-155.82303,49.224976,0.010837203,0.027931102,0.008954217,6.0140624,6.100278,2,-1,0,0.9773138,1
24,39,0,0,0,0.0,0.0,0.0,0.0,0.0,0.0,2.8128471,2.811389,2,-1,0,0.6557091,1
24,25,1,1,0,-349.0528,554.38165,186.68523,0.0045388136,0.00091726426,0.0025542704,4.079785,4.171389,2,31,1,0.97318333,1
24,29,1,1,0,358.2134,416.01254,18.10119,-0.02232864,0.02795132,-0.008045287,30.298376,30.28389,2,32,1,0.9999726,1
24,26,1,1,0,-358.5805,-372.10004,87.12342,-0.0155385425,0.009528851,0.016206454,17.845999,16.312222,2,33,1,0.9482369,1
24,34,1,1,0,-358.91083,245.36174,22.460693,-0.015618364,-6.15554e-05,0.0075782733,8.481014,8.547222,2,-1,1,0.97551185,1
25,22,1,1,0,-22.026348,-531.41156,143.19514,0.004031555,0.0024349105,0.005074654,8.31057,8.190556,2,0,1,0.94092655,1
25,29,1,1,0,-26.338034,-288.09384,44.376793,0.0034884328,-0.013069214,-0.0019656506,17.11486,17.350834,2,1,1,0.91681564,1
25,19,1,1,0,-26.266603,-308.96735,425.47372,-0.016392143,-0.0004197083,-0.0052394606,18.000237,17.960833,2,2,1,0.9992901,1
25,7,1,1,0,39.26599,-593.1657,131.17416,-0.02606891,-0.014493103,0.007147753,39.60212,39.508057,2,3,1,0.99686307,1
25,28,1,1,0,-42.65672,236.8612,169.91457,-0.019157905,-0.005827015,-0.00664045,23.951159,23.772223,2,4,1,0.9965863,1
25,16,1,0,0,66.13044,592.51776,380.96857,-0.0029943762,-0.00798515,0.011938904,3.6404026,3.5822222,2,-1,0,0.932474,1
25,12,1,0,0,-102.963524,468.41373,342.97375,0.0040219408,-0.016598502,-0.019449323,12.438569,12.380834,2,-1,0,0.9983461,1
25,16,1,1,0,66.13044,592.51776,380.96857,-0.0029943762,-0.00798515,0.011938904,9.483881,9.475555,2,5,1,0.998519,1
25,15,1,0,0,-89.54747,373.2069,202.3027,-0.004666442,-0.020843513,-0.014697529,10.354611,9.915833,2,-1,0,0.98145413,1
25,15,1,1,0,-89.54747,373.2069,202.3027,-0.004666442,-0.020843513,-0.014697529,13.207624,13.042778,2,6,1,0.98543197,1
25,12,1,1,0,-102.963524,468.41373,342.97375,0.0040219408,-0.016598502,-0.019449323,13.287453,13.296945,2,7,1,0.9947137,1
25,9,1,1,0,106.68884,-84.62261,306.2604,0.010794259,0.006148371,0.0002152078,13.621424,13.725278,2,8,1,0.9781912,1
25,18,1,1,0,130.79164,-265.33987,405.8033,-0.02011924,0.01035225,-0.01288131,29.963146,30.279444,2,9,1,0.9672007,1
25,14,1,1,0,-131.00415,579.6402,370.60184,-0.0151513275,0.013374771,0.014531428,28.536507,28.351389,2,10,1,0.99992657,1
25,2,1,1,0,132.92949,-343.86768,391.22897,-0.003080003,0.017585715,-0.0059639746,18.772083,18.970278,2,11,1,0.96257657,1
25,4,1,1,0,-148.46416,568.25,280.99545,-0.0050509716,-0.0130126225,-0.012018337,7.130549,7.188889,2,12,1,0.9642792,1
25,4,1,0,0,-148.46416,568.25,280.99545,-0.0050509716,-0.0130126225,-0.012018337,3.9257708,3.981111,2,-1,0,0.97961766,1
25,4,1,0,0,-148.46416,568.25,280.99545,-0.0050509716,-0.0130126225,-0.012018337,3.053361,2.9905555,2,-1,0,0.9527782,1
25,4,1,0,0,-148.46416,568.25,280.99545,-0.0050509716,-0.0130126225,-0.012018337,3.9658403,4.021111,2,-1,0,0.97307885,1
25,32,1,1,0,157.75444,-95.30599,301.34045,0.017859401,-0.0018463333,-0.004354832,14.539487,10.526389,2,13,1,0.9947661,1
25,10,1,1,0,173.28813,13.492357,102.16881,0.009889179,0.006121889,0.0008525663,8.645868,8.726666,2,14,1,0.9927575,1
25,21,1,1,0,-184.5929,-596.72375,331.10843,0.005622589,0.008163567,-0.006694599,10.876291,11.164444,2,15,1,0.9991723,1
25,25,1,1,0,193.41138,169.37212,449.09515,-0.0016856667,0.0051771714,-0.0068577877,9.05043,8.949722,2,16,1,0.9800172,1
25,24,1,1,0,201.9004,-164.41286,369.56644,-0.0010815087,0.019862318,-0.01811203,28.310148,28.27861,2,17,1,0.9958472,1
25,25,0,0,0,0.0,0.0,0.0,0.0,0.0,0.0,4.171583,4.178056,2,-1,0,0.93300354,1
25,26,1,1,0,229.32103,-119.030396,212.59428,0.0034690192,0.0106071085,0.0049726893,13.173049,3.473611,2,18,1,0.994118,1
25,11,1,1,0,255.057,-242.58165,320.14658,0.011822566,-0.010460393,-0.008785751,15.912513,15.862778,2,19,1,0.9783717,1
25,17,1,1,0,257.19528,194.53204,285.9534,-0.0017325882,0.004069692,0.0042760656,5.375729,5.3602777,2,20,1,0.9966294,1
25,20,1,0,0,-276.30145,169.67929,141.3417,-0.01775614,-0.01999087,0.0022665493,11.578792,2.922778,2,-1,0,0.9999571,1
25,36,1,1,0,-277.1796,110.477104,150.23291,-0.0012157359,0.021970315,0.023195883,25.861063,25.939722,2,21,1,0.98626304,1
25,36,1,0,0,-277.1796,110.477104,150.23291,-0.0012157359,0.021970315,0.023195883,3.0745833,3.0994444,2,-1,0,0.9246237,1
25,13,1,1,0,-279.1555,-598.30707,411.3433,-0.010008595,0.013431999,-0.012511892,17.808674,17.976944,2,22,1,0.9254405,1
25,34,1,1,0,-297.7031,159.10597,145.67496,0.025379736,0.0019575916,0.022311663,25.081861,26.227222,2,23,1,0.89969534,1
25,34,1,0,0,-297.7031,159.10597,145.67496,0.025379736,0.0019575916,0.022311663,3.187736,3.1444445,2,-1,0,0.82576495,1
25,1,1,0,0,296.32593,-453.38437,307.75717,0.0045188046,0.010892721,0.008564379,3.977493,3.9330556,2,-1,0,0.9528455,1
25,34,1,0,0,-297.7031,159.10597,145.67496,0.025379736,0.0019575916,0.022311663,4.58384,4.653333,2,-1,0,0.9788679,1
25,38,1,0,0,296.61832,-402.8682,437.215,0.0045164046,0.030149924,-0.0038962814,8.607181,8.651944,2,-1,0,0.9905281,1
25,1,1,1,0,296.32593,-453.38437,307.75717,0.0045188046,0.010892721,0.008564379,14.768292,15.0925,2,24,1,0.9770513,1
25,38,1,1,0,296.61832,-402.8682,437.215,0.0045164046,0.030149924,-0.0038962814,20.864605,12.749444,2,25,1,0.97718257,1
25,6,1,1,0,305.0672,412.6144,454.67776,-0.010822387,0.005987295,-0.008855777,14.021022,13.941944,2,26,1,0.8850492,1
25,3,1,1,0,303.98557,-201.76689,233.50977,0.013968283,0.010610317,-0.018299865,3.6657362,2.2391667,2,-1,1,0.945738,1
25,3,0,0,0,0.0,0.0,0.0,0.0,0.0,0.0,8.67159,-1.0,2,-1,0,0.95235926,1
25,3,0,0,0,0.0,0.0,0.0,0.0,0.0,0.0,7.9159164,-1.0,2,-1,0,0.9913021,1
25,33,1,1,0,-306.73355,263.57657,444.8786,-0.013324549,-0.009629346,-0.019570665,17.058603,16.229445,2,-1,1,0.99892014,1
25,20,1,1,0,-276.30145,169.67929,141.3417,-0.01775614,-0.01999087,0.0022665493,12.410576,12.303056,2,27,1,0.9850846,1
25,33,1,0,0,-306.73355,263.57657,444.8786,-0.013324549,-0.009629346,-0.019570665,3.333125,3.3138888,2,-1,0,0.9049024,1
25,39,1,1,0,-328.6508,-272.99094,440.42822,0.009897409,-0.014716468,0.0109702945,21.22263,20.994722,2,28,1,0.99816906,1
25,8,1,1,0,-325.5052,288.7406,296.49445,-0.009715949,0.017779406,0.012507538,19.961155,19.702778,2,29,1,0.9967206,1
25,23,1,1,0,-329.44852,127.25201,173.97939,-0.0018754782,-0.01586585,0.0007814638,16.464125,16.516945,2,30,1,0.99624485,1
25,5,1,0,0,-357.44778,-510.43054,111.429665,0.012257491,-0.019126546,0.0051577785,5.152222,5.153333,2,-1,0,0.9912443,1
25,40,1,1,0,333.531,152.15627,435.69525,-0.0041257213,-0.006549669,0.019129226,8.168604,8.216945,2,31,1,0.9938414,1
25,40,1,0,0,333.531,152.15627,435.69525,-0.0041257213,-0.006549669,0.019129226,8.065187,7.990278,2,-1,0,0.9981388,1
25,8,1,0,0,-325.5052,288.7406,296.49445,-0.009715949,0.017779406,0.012507538,3.4368517,3.4294446,2,-1,0,0.9526329,1
25,27,1,0,0,-346.23032,-481.17798,105.179306,-0.008841013,0.00948754,-1.7131224e-05,4.5809374,2.1472223,2,-1,0,0.6409285,1
25,37,1,1,0,-357.92575,-380.70633,214.77487,7.162391e-05,-0.016861359,0.010231889,19.394127,19.396667,2,32,1,0.9931397,1
25,35,1,1,0,353.6866,400.20944,209.87173,0.027155455,-0.005160432,0.008872064,17.229584,17.196112,2,33,1,0.98527384,1
25,5,1,1,0,-357.44778,-510.43054,111.429665,0.012257491,-0.019126546,0.0051577785,14.243396,14.416667,2,34,1,0.9910349,1
25,35,1,0,0,353.6866,400.20944,209.87173,0.027155455,-0.005160432,0.008872064,8.723736,8.745833,2,-1,0,0.9459289,1
25,27,1,1,0,-346.23032,-481.17798,105.179306,-0.008841013,0.00948754,-1.7131224e-05,4.9885,5.0322223,2,35,1,0.9861233,1
25,31,1,1,0,361.42896,-173.43556,315.88052,0.007985491,-0.016292583,0.016608119,9.080889,5.0669446,2,36,1,0.97190166,1
26,20,1,0,0,4.476989,339.8174,366.58777,0.009481074,-0.0060726344,-0.024558734,8.0477915,7.9844446,2,-1,0,0.98644084,1
26,20,1,1,0,4.476989,339.8174,366.58777,0.009481074,-0.0060726344,-0.024558734,10.869118,10.641945,2,0,1,0.98831034,1
26,20,1,0,0,4.476989,339.8174,366.58777,0.009481074,-0.0060726344,-0.024558734,4.183271,4.249722,2,-1,0,0.9760408,1
26,19,0,0,0,0.0,0.0,0.0,0.0,0.0,0.0,2.8366804,2.7991667,2,-1,0,0.6074385,1
26,32,1,1,0,67.61311,8.865924,162.75905,0.00038732158,-0.002448479,-0.008126758,10.415298,8.825556,2,1,1,0.99094677,1
26,35,1,1,0,-75.512794,481.46085,376.4911,0.014787078,0.004588885,0.007121676,19.14132,19.0325,2,2,1,1.0,1
26,12,1,1,0,70.9972,399.60452,26.797888,-0.010259331,-0.01232595,-0.027533747,24.80032,25.10111,2,3,1,0.9991836,1
26,12,1,0,0,70.9972,399.60452,26.797888,-0.010259331,-0.01232595,-0.027533747,9.702715,9.565556,2,-1,0,0.9804032,1
26,13,1,1,0,73.07903,-541.79865,31.1561,0.012854054,0.011857385,0.010897709,24.516083,19.815834,2,4,1,0.99793243,1
26,13,1,0,0,73.07903,-541.79865,31.1561,0.012854054,0.011857385,0.010897709,3.9722085,4.0808334,2,-1,0,0.9295317,1
26,26,1,0,0,84.008575,100.237816,261.9239,0.021648163,0.01100184,-0.046386395,17.911097,17.738611,2,-1,0,0.99988174,1
26,26,1,1,0,84.008575,100.237816,261.9239,0.021648163,0.01100184,-0.046386395,26.168867,23.756666,2,5,1,0.9930172,1
26,40,1,1,0,-88.58749,-355.9666,219.70247,0.0071845683,-0.0074018165,-0.015360954,20.069016,19.119722,2,6,1,0.97834545,1
26,3,1,1,0,-96.09307,-93.06231,75.701355,0.011086746,0.008493267,-0.01057477,20.371923,20.196112,2,7,1,0.9987527,1
26,26,1,0,0,84.008575,100.237816,261.9239,0.021648163,0.01100184,-0.046386395,6.7219934,6.735,2,-1,0,0.9788394,1
26,4,1,1,0,110.82914,245.38873,368.74115,-0.0071094753,-0.014790477,-0.0028561512,18.992292,18.984167,2,8,1,0.9968761,1
26,34,0,0,0,0.0,0.0,0.0,0.0,0.0,0.0,37.63753,-1.0,2,-1,0,0.99999976,1
26,4,1,0,0,110.82914,245.38873,368.74115,-0.0071094753,-0.014790477,-0.0028561512,3.1251876,3.3022223,2,-1,0,0.6428337,1
26,37,1,1,0,142.24268,-95.14907,277.012,0.012381762,0.011432891,0.0059251804,12.697431,12.6775,2,10,1,0.99838066,1
26,8,1,1,0,144.48741,57.61224,346.72455,-0.009325799,0.00860237,0.02768833,26.303549,25.53139,2,11,1,0.98674345,1
26,18,1,1,0,-157.28487,-415.8343,13.025311,-0.009661878,0.010620907,0.0012883694,8.107291,8.095278,2,12,1,0.9862584,1
26,23,1,0,0,-188.24591,-278.51413,339.09695,-0.019463133,0.020259349,-0.009825619,3.0996876,3.2633333,2,-1,0,0.5726672,1
26,38,1,1,0,-174.356,100.25279,199.4807,0.01629614,0.032354478,-4.8132308e-05,34.310528,33.822224,2,13,1,0.9978781,1
26,11,1,1,0,-172.67459,450.08334,355.27847,0.00888913,0.005554994,0.0021749563,7.252923,7.0805554,2,14,1,0.9921176,1
26,36,1,1,0,173.59438,43.862225,140.7548,0.01093308,-0.003820195,0.012480519,17.955853,16.911945,2,15,1,0.99102265,1
26,37,1,0,0,142.24268,-95.14907,277.012,0.012381762,0.011432891,0.0059251804,6.185723,6.191111,2,-1,0,0.9870079,1
26,29,1,1,0,179.8191,120.70308,21.002045,-0.0064575626,0.004040031,-0.008048365,11.999458,12.198055,2,16,1,0.96552604,1
26,33,1,1,0,184.01366,-362.24292,381.8571,0.0035104612,0.007863983,-0.018211188,8.426548,8.399722,2,17,1,0.99331254,1
26,33,1,0,0,184.01366,-362.24292,381.8571,0.0035104612,0.007863983,-0.018211188,4.989611,2.9716666,2,-1,0,0.9797952,1
26,29,1,0,0,179.8191,120.70308,21.002045,-0.0064575626,0.004040031,-0.008048365,2.9957776,3.0541666,2,-1,0,0.8236989,1
26,23,1,1,0,-188.24591,-278.51413,339.09695,-0.019463133,0.020259349,-0.009825619,19.201723,16.363333,2,18,1,0.89411,1
26,23,1,0,0,-188.24591,-278.51413,339.09695,-0.019463133,0.020259349,-0.009825619,5.941528,5.8036113,2,-1,0,0.9822235,1
26,28,1,1,0,202.73026,-130.39491,292.8217,-0.011484324,-0.009113433,-0.019575547,10.952965,10.989445,2,19,1,0.9820977,1
26,28,1,0,0,202.73026,-130.39491,292.8217,-0.011484324,-0.009113433,-0.019575547,5.246236,5.361111,2,-1,0,0.9693227,1
26,14,1,1,0,-196.91006,488.705,426.7955,-0.012326756,-0.0044809245,0.0037261723,7.4113054,7.404722,2,20,1,0.97436595,1
26,28,1,0,0,202.73026,-130.39491,292.8217,-0.011484324,-0.009113433,-0.019575547,4.864125,4.858333,2,-1,0,0.95215917,1
26,24,1,0,0,-216.714,-451.8143,343.39352,0.0008575931,-0.007913819,-0.0033104573,5.218646,5.303889,2,-1,0,0.98379576,1
26,31,1,1,0,213.816,-130.4001,237.95792,-0.009563552,-0.0079769995,-0.009250867,16.38793,16.230278,2,21,1,0.90929586,1
26,10,1,1,0,212.23308,-382.44687,424.69443,0.0069341324,0.00029011362,-0.004542235,8.482416,8.438611,2,22,1,0.9747567,1
26,24,1,1,0,-216.714,-451.8143,343.39352,0.0008575931,-0.007913819,-0.0033104573,8.630389,8.648056,2,23,1,0.9988901,1
26,25,1,0,0,249.02524,383.42395,238.94572,-0.023292571,-0.026566291,0.0029914025,5.05759,5.091111,2,-1,0,0.9618158,1
26,23,1,0,0,-188.24591,-278.51413,339.09695,-0.019463133,0.020259349,-0.009825619,6.9806666,6.882222,2,-1,0,0.9086701,1
26,25,1,1,0,249.02524,383.42395,238.94572,-0.023292571,-0.026566291,0.0029914025,31.97079,36.055832,2,24,1,0.9940315,1
26,39,1,1,0,-246.30023,-340.45474,401.0656,0.0020261602,0.0046701184,-0.0017057564,4.8678403,4.9166665,2,25,1,0.9769637,1
26,21,1,1,0,-262.6645,-357.36728,73.93083,-0.0018733058,0.006723786,0.006493354,7.479472,6.7969446,2,26,1,0.9756587,1
26,5,1,1,0,271.0716,-213.4852,226.31546,-0.009166644,0.011378697,0.013426524,3.8369515,3.8044446,2,27,1,0.98447675,1
26,2,1,1,0,-266.87405,416.22327,270.67963,-0.011408813,-0.028151643,-0.0021550811,26.948168,26.996944,2,28,1,0.97035897,1
26,7,1,1,0,-267.14365,232.01372,302.56406,-0.022553379,-0.022015681,0.025668584,27.655708,27.665,2,29,1,0.99748397,1
26,5,0,0,0,0.0,0.0,0.0,0.0,0.0,0.0,13.60798,-1.0,2,-1,0,0.98420227,1
26,16,1,1,0,-271.04562,346.2082,16.886436,0.0052227043,0.010041782,0.034009997,25.736614,24.2175,2,30,1,0.97564393,1
26,16,1,0,0,-271.04562,346.2082,16.886436,0.0052227043,0.010041782,0.034009997,5.441271,5.466111,2,-1,0,0.87555975,1
26,2,1,0,0,-266.87405,416.22327,270.67963,-0.011408813,-0.028151643,-0.0021550811,3.3184793,3.2675,2,-1,0,0.8723749,1
26,14,1,0,0,-196.91006,488.705,426.7955,-0.012326756,-0.0044809245,0.0037261723,3.4636946,3.4566667,2,-1,0,0.93319416,1
26,17,1,1,0,278.01523,306.88675,405.12512,-0.0026949502,-0.0019814193,-0.018798305,19.149069,19.30139,2,31,1,0.988305,1
26,9,1,1,0,-281.33347,134.19122,38.546707,-0.013940184,-0.005852716,0.021977331,11.366785,11.451667,2,32,1,0.9754299,1
26,9,1,0,0,-281.33347,134.19122,38.546707,-0.013940184,-0.005852716,0.021977331,8.262237,8.490833,2,-1,0,0.9874346,1
26,9,1,0,0,-281.33347,134.19122,38.546707,-0.013940184,-0.005852716,0.021977331,4.0264235,4.0105557,2,-1,0,0.9604537,1
26,15,1,1,0,285.24533,-110.83276,73.371735,0.022074206,-0.003860923,-0.013654168,17.64328,17.668888,2,33,1,0.9657047,1
26,15,1,0,0,285.24533,-110.83276,73.371735,0.022074206,-0.003860923,-0.013654168,6.462896,6.4583335,2,-1,0,0.9841421,1
26,30,1,1,0,309.23203,-62.779575,135.43658,-0.025981408,0.011812407,-0.008666697,25.084753,29.253334,2,35,1,0.9997578,1
26,7,1,0,0,-267.14365,232.01372,302.56406,-0.022553379,-0.022015681,0.025668584,3.2363613,3.275,2,-1,0,0.8911936,1
26,27,1,1,0,-316.5192,494.38712,139.3462,-0.008196106,0.009943338,0.00061975064,13.285611,13.200277,2,36,1,0.97313106,1
26,19,1,1,0,327.6087,594.83844,49.51272,-0.009123577,-0.0030240694,0.009769028,15.205993,14.985833,2,37,1,0.95642984,1
26,6,1,1,0,-327.74707,-156.67532,438.3303,-0.006284277,-0.017355341,0.034734122,18.075272,18.106667,2,38,1,0.9740389,1
26,6,1,0,0,-327.74707,-156.67532,438.3303,-0.006284277,-0.017355341,0.034734122,7.2847633,7.3258333,2,-1,0,0.9706463,1
26,1,0,0,0,0.0,0.0,0.0,0.0,0.0,0.0,20.544903,-1.0,2,-1,0,0.9980831,1
26,24,0,0,0,0.0,0.0,0.0,0.0,0.0,0.0,4.4351807,-1.0,2,-1,0,0.9016807,1
27,18,1,1,0,-7.62996,-162.12633,192.84166,-0.025124708,0.013945474,-0.017048258,36.659687,34.730278,2,0,1,0.99987996,1
27,7,1,1,0,11.457777,-261.56924,224.27425,0.005041911,0.0059070126,-0.0055395802,9.105083,9.159445,2,1,1,0.97847736,1
27,10,0,0,0,0.0,0.0,0.0,0.0,0.0,0.0,10.472882,-1.0,2,-1,0,0.99205047,1
27,10,0,0,0,0.0,0.0,0.0,0.0,0.0,0.0,9.406922,-1.0,2,-1,0,0.9920786,1
27,30,1,1,0,-31.955973,-41.356705,136.31807,-0.0364014,0.022055596,-0.011241215,29.830135,30.02111,2,2,1,0.99999964,1
27,30,1,0,0,-31.955973,-41.356705,136.31807,-0.0364014,0.022055596,-0.011241215,14.363438,14.515833,2,-1,0,0.9819302,1
27,13,1,1,0,47.577374,-149.45244,151.59949,-0.02339157,-0.0063963,-0.013830797,27.910465,27.879444,2,3,1,0.99950945,1
27,33,1,1,0,-62.102737,263.0258,336.87198,0.0033298596,0.0029999479,-0.005248728,7.4759445,7.4094443,2,4,1,0.958141,1
27,14,1,1,0,-70.63304,-522.02374,339.74478,0.0008388256,-0.0013905463,-0.013999027,16.207333,16.135834,2,5,1,0.9902994,1
27,29,1,0,0,148.43645,-204.32423,292.1024,-0.023450226,-0.024462443,-0.013783796,3.525479,3.5366666,2,-1,0,0.7929667,1
27,24,1,1,0,-90.31099,-28.449156,343.0207,-0.0060611954,0.007931109,-0.002885815,10.779195,2.1241667,2,6,1,0.97891504,1
27,38,1,1,0,101.610695,278.16495,168.3053,-0.0038203418,-0.0015215436,-0.0009030607,4.4722223,4.3944445,2,7,1,0.97463,1
27,23,1,1,0,117.99183,-180.44225,11.250168,0.009100443,-0.015985778,0.0127115995,15.422284,13.554444,2,8,1,0.99344456,1
27,28,1,1,0,-125.601,516.7957,99.27289,0.019502299,0.0063789156,0.0012615424,18.338291,18.412777,2,9,1,0.9963051,1
27,40,1,0,0,-124.33855,-389.05978,245.69066,-0.024964683,0.010683874,0.0028158813,4.093167,4.2180557,2,-1,0,0.885287,1
27,29,1,0,0,148.43645,-204.32423,292.1024,-0.023450226,-0.024462443,-0.013783796,4.851042,4.818333,2,-1,0,0.93073297,1
27,40,1,1,0,-124.33855,-389.05978,245.69066,-0.024964683,0.010683874,0.0028158813,19.645937,11.118333,2,10,1,0.93499327,1
27,39,1,1,0,126.46954,-63.83256,109.322716,0.0022362377,0.002909998,0.007586498,8.98791,6.4775,2,11,1,0.9844454,1
27,40,1,0,0,-124.33855,-389.05978,245.69066,-0.024964683,0.010683874,0.0028158813,6.421222,6.495278,2,-1,0,0.99511176,1
27,23,1,0,0,117.99183,-180.44225,11.250168,0.009100443,-0.015985778,0.0127115995,4.0995,3.921111,2,-1,0,0.9663795,1
27,23,1,0,0,117.99183,-180.44225,11.250168,0.009100443,-0.015985778,0.0127115995,5.878305,5.830278,2,-1,0,0.9260662,1
27,29,1,1,0,148.43645,-204.32423,292.1024,-0.023450226,-0.024462443,-0.013783796,34.84271,35.0,2,12,1,0.99996746,1
27,2,1,1,0,151.56808,494.47647,113.414505,-0.011702348,-0.040105544,-0.0011434393,39.978024,39.509724,2,13,1,0.9798384,1
27,12,1,1,0,-145.93275,311.85538,318.85052,-0.017630931,0.022553809,-0.019509273,31.895277,31.444166,2,14,1,0.98947483,1
27,31,1,1,0,148.73297,190.559,228.13777,-0.009304868,-0.007373713,0.02686214,7.9631534,8.0825,2,15,1,0.99853027,1
27,2,1,0,0,151.56808,494.47647,113.414505,-0.011702348,-0.040105544,-0.0011434393,6.9310136,6.918889,2,-1,0,0.99249345,1
27,5,1,1,0,-158.99147,-44.27065,412.69287,-0.013858412,0.005430987,0.017869612,8.230833,8.135555,2,16,1,0.9675356,1
27,5,1,0,0,-158.99147,-44.27065,412.69287,-0.013858412,0.005430987,0.017869612,6.2939305,6.1633334,2,-1,0,0.998456,1
27,5,1,0,0,-158.99147,-44.27065,412.69287,-0.013858412,0.005430987,0.017869612,6.7845416,6.6619444,2,-1,0,0.9635031,1
27,34,1,0,0,185.10855,-339.7519,202.41853,-0.011611228,0.0143390875,-0.027941188,3.656132,3.661111,2,-1,0,0.9086854,1
27,4,1,1,0,171.4985,-275.44406,456.97183,0.040894333,0.0031181513,0.010870586,29.214754,39.229168,2,17,1,0.998133,1
27,21,1,1,0,-182.80754,-90.84605,246.97539,0.010862366,0.022125335,-0.011081205,15.934917,15.995556,2,18,1,0.99860114,1
27,21,1,0,0,-182.80754,-90.84605,246.97539,0.010862366,0.022125335,-0.011081205,13.8642645,13.780278,2,-1,0,0.9849836,1
27,34,1,1,0,185.10855,-339.7519,202.41853,-0.011611228,0.0143390875,-0.027941188,29.987223,29.231667,2,19,1,0.982142,1
27,32,1,1,0,-196.18904,452.8111,424.46494,0.034077276,0.0029710685,0.0012683169,25.369144,25.416666,2,20,1,0.9799106,1
27,4,1,0,0,171.4985,-275.44406,456.97183,0.040894333,0.0031181513,0.010870586,3.1678402,3.1308334,2,-1,0,0.922742,1
27,20,1,1,0,203.7203,94.91831,53.139935,0.0030843439,-0.002141042,-0.009479798,10.15959,10.348611,2,21,1,0.98617023,1
27,27,1,1,0,208.24747,583.8583,435.19775,0.0013528247,0.021075742,-0.006101377,16.061958,16.177778,2,22,1,0.9846015,1
27,19,1,1,0,-215.8131,-15.668589,412.2451,0.017212996,-0.026600204,0.010805575,30.986124,30.761389,2,23,1,0.9887143,1
27,1,1,1,0,-214.21155,476.8968,183.63129,0.0059989174,-0.0030734248,-0.0038680905,8.077639,8.0925,2,24,1,0.99168676,1
27,1,1,0,0,-214.21155,476.8968,183.63129,0.0059989174,-0.0030734248,-0.0038680905,4.501771,4.705278,2,-1,0,0.9931331,1
27,17,0,0,0,0.0,0.0,0.0,0.0,0.0,0.0,13.629507,-1.0,2,-1,0,0.99556535,1
27,20,1,0,0,203.7203,94.91831,53.139935,0.0030843439,-0.002141042,-0.009479798,4.985194,5.09,2,-1,0,0.99455875,1
27,26,1,1,0,250.62083,-407.50464,5.787053,0.012365653,0.007323714,-0.010105228,10.618063,10.7711115,2,25,1,0.9863571,1
27,6,1,1,0,251.96057,-289.24448,272.14276,0.007064113,0.005991604,-0.0017516541,8.844514,8.909166,2,-1,1,0.99517983,1
27,15,1,1,0,-260.64685,7.085449,80.77032,-0.0096609555,0.020592704,-0.013288452,19.572702,16.336111,2,26,1,0.8867802,1
27,16,1,1,0,-261.66965,370.65585,272.96506,-0.008037143,-0.0065685897,0.0009669483,8.863791,8.898611,2,27,1,0.97408324,1
27,15,1,0,0,-260.64685,7.085449,80.77032,-0.0096609555,0.020592704,-0.013288452,7.5864024,7.679167,2,-1,0,0.9977379,1
27,17,0,0,0,0.0,0.0,0.0,0.0,0.0,0.0,7.074479,-1.0,2,-1,0,0.9812775,1
27,36,1,0,0,279.77765,-253.19794,13.060138,0.00898433,0.009648656,-0.025184896,6.1650414,6.098889,2,-1,0,0.8587237,1
27,36,1,1,0,279.77765,-253.19794,13.060138,0.00898433,0.009648656,-0.025184896,20.207277,20.130833,2,28,1,0.9988954,1
27,3,1,1,0,285.45892,-235.667,170.93466,-0.012288307,-0.006998427,-0.0114144245,17.361544,17.354445,2,29,1,0.9460142,1
27,37,1,1,0,-294.7332,-238.61281,432.09958,-0.010748441,-0.0098747965,0.015308383,17.371479,17.395,2,30,1,0.98566514,1
27,37,1,0,0,-294.7332,-238.61281,432.09958,-0.010748441,-0.0098747965,0.015308383,3.1992846,2.4377778,2,-1,0,0.9020859,1
27,22,1,1,0,-315.84973,166.65668,275.8377,0.019728363,-0.017893529,-0.010924894,23.263716,22.9675,2,31,1,0.9917611,1
27,35,1,1,0,338.9878,293.57394,99.79278,-0.008019038,0.00407316,-0.0007215239,8.568361,8.620833,2,32,1,0.96749395,1
27,25,1,1,0,-346.89767,423.70184,64.30751,-0.007162682,0.023760118,0.007004495,25.175138,20.104723,2,33,1,0.9704935,1
27,9,1,1,0,353.61514,-251.88489,297.98776,-0.0085988995,0.010600147,-0.004656744,13.882312,12.493611,2,34,1,0.98850316,1
27,11,1,1,0,-359.09454,-524.6252,49.615128,0.0013830279,0.0068617496,-0.0063982112,8.069305,3.5983334,2,35,1,0.9960984,1
27,8,1,1,0,359.4036,429.8213,419.1458,0.015281376,-0.0054111457,0.015868427,17.754646,17.733889,2,36,1,0.9913858,1
28,33,1,1,0,-3.0919745,531.8711,165.35689,-0.018746838,0.009993491,-0.005292285,10.808084,10.4597225,2,0,1,0.9834606,1
28,23,1,0,0,-9.986156,-441.22998,108.067474,-0.01376572,-0.0040138843,0.022531942,5.082958,5.1419444,2,-1,0,0.9842557,1
28,22,1,1,0,15.622482,-522.12067,271.98245,0.00985792,-0.0036013976,-0.013092659,20.017544,20.485834,2,1,1,0.9997038,1
28,18,1,1,0,-18.231438,-395.3889,400.80573,-0.0030349689,-0.02990203,-0.018586576,29.110277,29.506111,2,2,1,0.99673635,1
28,18,1,0,0,-18.231438,-395.3889,400.80573,-0.0030349689,-0.02990203,-0.018586576,7.6343403,5.7283335,2,-1,0,0.9999378,1
28,19,1,0,0,30.639627,383.70743,99.012375,-0.0311608,-0.010177831,0.014301962,6.599375,6.6525,2,-1,0,0.9946925,1
28,19,1,1,0,30.639627,383.70743,99.012375,-0.0311608,-0.010177831,0.014301962,29.640985,29.7125,2,3,1,0.9850787,1
28,23,1,1,0,-9.986156,-441.22998,108.067474,-0.01376572,-0.0040138843,0.022531942,13.309167,13.193334,2,4,1,0.9876847,1
28,10,1,1,0,24.535576,-342.52878,95.71631,0.003725442,-0.004380183,0.008026509,6.59775,5.148611,2,5,1,0.9992956,1
28,10,1,0,0,24.535576,-342.52878,95.71631,0.003725442,-0.004380183,0.008026509,4.884896,4.8033333,2,-1,0,0.9875254,1
28,23,1,0,0,-9.986156,-441.22998,108.067474,-0.01376572,-0.0040138843,0.022531942,12.454903,12.173056,2,-1,0,0.99995506,1
28,2,1,1,0,41.184727,446.51242,392.07455,0.010728666,-0.026706692,0.009201887,24.046076,11.306666,2,6,1,0.66412896,1
28,20,1,1,0,45.760853,-583.2363,293.80164,0.0039394074,0.022875737,-0.0038509127,24.327002,19.414722,2,7,1,0.9968141,1
28,31,1,1,0,-46.584816,528.6915,329.80627,0.0042672954,0.007255787,0.006816494,12.668035,12.589444,2,8,1,0.99531543,1
28,2,1,0,0,41.184727,446.51242,392.07455,0.010728666,-0.026706692,0.009201887,11.139528,10.961945,2,-1,0,0.99704874,1
28,28,1,1,0,-56.068382,-190.05585,145.21141,0.017696556,0.014932747,0.015020236,24.126312,24.240555,2,9,1,0.9972782,1
28,32,1,1,0,66.226364,-467.36487,323.4776,-0.000852546,0.007388463,-0.0020639924,10.282667,10.346666,2,10,1,0.99885917,1
28,33,1,0,0,-3.0919745,531.8711,165.35689,-0.018746838,0.009993491,-0.005292285,6.9852223,6.808611,2,-1,0,0.995404,1
28,24,1,0,0,-110.80176,256.93127,365.1422,0.009921276,-0.014879126,-0.031208694,6.5346527,6.5369444,2,-1,0,0.967568,1
28,14,1,1,0,-74.20327,17.065989,220.24902,-0.007966433,-0.026757622,-0.007559692,29.07536,18.670279,2,11,1,0.9615905,1
28,14,1,0,0,-74.20327,17.065989,220.24902,-0.007966433,-0.026757622,-0.007559692,6.1421876,6.2883334,2,-1,0,0.9617955,1
28,4,0,0,0,0.0,0.0,0.0,0.0,0.0,0.0,2.7440279,2.8419445,2,-1,0,0.6190281,1
28,36,1,0,0,-110.03615,-169.81085,352.89627,-0.016341576,-0.0048825243,0.0051306696,6.0866666,6.066111,2,-1,0,0.9654447,1
28,24,1,1,0,-110.80176,256.93127,365.1422,0.009921276,-0.014879126,-0.031208694,30.657305,30.367777,2,12,1,0.9994677,1
28,36,1,1,0,-110.03615,-169.81085,352.89627,-0.016341576,-0.0048825243,0.0051306696,18.520376,18.149723,2,13,1,0.99283606,1
28,38,1,1,0,-123.230835,367.8356,455.01877,0.016417043,-0.0040825517,-0.024009889,30.33275,29.226667,2,14,1,0.97359145,1
28,1,1,1,0,124.71834,298.30243,446.2947,-0.011141602,-0.002343182,-0.0046341857,13.615216,13.740278,2,15,1,0.95660084,1
28,34,1,1,0,122.61135,-588.70404,78.3511,0.010869103,-0.009619728,-0.019991972,18.550793,18.269722,2,16,1,0.998828,1
28,34,1,0,0,122.61135,-588.70404,78.3511,0.010869103,-0.009619728,-0.019991972,8.963459,9.139167,2,-1,0,0.9947635,1
28,7,1,0,0,-151.3453,-261.0445,136.41048,-0.0009094135,0.0210912,-0.011812345,11.282201,11.276667,2,-1,0,0.99113846,1
28,1,1,0,0,124.71834,298.30243,446.2947,-0.011141602,-0.002343182,-0.0046341857,3.3592641,3.4377778,2,-1,0,0.8406749,1
28,7,1,1,0,-151.3453,-261.0445,136.41048,-0.0009094135,0.0210912,-0.011812345,12.143167,12.283611,2,17,1,0.9942823,1
28,35,1,1,0,-152.07121,46.070557,285.34116,-0.0065249866,-0.010369596,0.009855577,13.615104,13.558333,2,18,1,0.99553937,1
28,25,1,1,0,-172.43007,378.05014,143.05672,0.023569478,0.016880846,-0.019299245,35.381714,35.35361,2,19,1,0.94823456,1
28,17,1,1,0,-177.31876,90.14658,66.26254,0.0029515335,0.034954846,-0.009591758,33.662704,31.81889,2,20,1,0.9563124,1
28,26,1,1,0,190.58499,-101.4147,430.25244,0.004673044,-0.0075357975,0.003140453,9.507764,8.093333,2,21,1,0.9846293,1
28,12,1,1,0,194.18283,452.5018,362.95444,0.0076628053,-0.022082606,0.0001655676,20.466547,7.653611,2,22,1,0.99605095,1
28,12,1,0,0,194.18283,452.5018,362.95444,0.0076628053,-0.022082606,0.0001655676,4.1164374,4.0125,2,-1,0,0.9412713,1
28,3,1,0,0,-199.48376,-91.56574,29.527407,0.005544129,-0.016468164,-0.013283654,10.714612,10.6875,2,-1,0,0.9746739,1
28,3,1,1,0,-199.48376,-91.56574,29.527407,0.005544129,-0.016468164,-0.013283654,13.395042,13.22,2,23,1,0.9863169,1
28,8,1,0,0,216.81516,431.6267,385.76245,-0.019605216,-0.006306458,0.02784595,14.741777,14.688056,2,-1,0,0.9875951,1
28,16,1,1,0,-208.05882,444.422,98.81753,-0.005769883,0.015309733,-0.0077294786,17.57091,17.468056,2,24,1,0.95512784,1
28,8,1,1,0,216.81516,431.6267,385.76245,-0.019605216,-0.006306458,0.02784595,21.869522,17.918333,2,25,1,0.98579293,1
28,16,1,0,0,-208.05882,444.422,98.81753,-0.005769883,0.015309733,-0.0077294786,3.431132,3.4683332,2,-1,0,0.9377866,1
28,6,1,1,0,235.5972,-90.39482,357.5481,0.008705475,0.007848429,0.0029312402,12.998639,9.507778,2,26,1,0.9660066,1
28,37,1,1,0,243.61392,-485.2183,444.17084,-0.017760158,-0.0024969182,-0.0041205576,14.482437,14.549444,2,27,1,0.9953975,1
28,21,1,1,0,-244.79388,191.98001,105.738655,0.019908207,-0.011587528,0.017166194,28.036638,28.139444,2,28,1,0.98066884,1
28,8,0,0,0,0.0,0.0,0.0,0.0,0.0,0.0,3.116028,2.993611,2,-1,0,0.9279891,1
28,4,1,1,0,-248.90094,-238.5227,133.44872,-0.0079801185,-0.005393805,0.006968836,13.650105,8.805555,2,29,1,0.87343067,1
28,40,1,1,0,-249.19841,-80.75608,430.7668,0.0033534206,0.005111916,0.0031975412,5.955271,5.9130554,2,30,1,0.9932915,1
28,29,1,1,0,282.64648,-206.64754,346.00702,0.011955885,-0.010190737,0.027978638,12.277834,8.560833,2,31,1,0.98178124,1
28,30,1,0,0,294.63205,119.388145,438.78326,-0.0060935533,-0.019514699,0.0050262567,4.4844513,4.5416665,2,-1,0,0.98469204,1
28,5,1,1,0,291.39996,-584.57635,384.25912,-0.0025547324,0.015829947,-0.017425597,11.806035,11.917778,2,32,1,0.9895807,1
28,5,1,0,0,291.39996,-584.57635,384.25912,-0.0025547324,0.015829947,-0.017425597,9.908708,9.941389,2,-1,0,0.9934056,1
28,30,1,1,0,294.63205,119.388145,438.78326,-0.0060935533,-0.019514699,0.0050262567,10.699847,10.705556,2,33,1,0.9492833,1
28,39,1,1,0,-306.03873,-357.04892,144.51155,-0.024991062,0.006310862,-0.012836655,22.388954,21.903889,2,34,1,0.99438524,1
28,29,1,0,0,282.64648,-206.64754,346.00702,0.011955885,-0.010190737,0.027978638,6.8405004,6.882222,2,-1,0,0.9530025,1
28,13,1,1,0,313.15417,-184.144,158.80208,-0.0023448458,-0.012976511,0.0009832991,11.018778,6.386667,2,35,1,0.91887677,1
28,15,1,1,0,313.9703,-306.4056,367.79532,-0.01110701,0.0044997176,0.00052157167,13.505229,13.4377775,2,36,1,0.9954609,1
28,39,1,0,0,-306.03873,-357.04892,144.51155,-0.024991062,0.006310862,-0.012836655,5.510722,5.4583335,2,-1,0,0.9773253,1
28,11,0,0,0,0.0,0.0,0.0,0.0,0.0,0.0,4.117014,-1.0,2,-1,0,0.9492613,1
28,29,1,0,0,282.64648,-206.64754,346.00702,0.011955885,-0.010190737,0.027978638,7.286514,7.28,2,-1,0,0.98694193,1
28,9,1,0,0,289.5557,336.41364,363.74924,-0.0074355584,-0.008041149,-0.0039037105,3.4439378,3.4855556,2,-1,0,0.9431084,1
28,9,1,1,0,361.06665,449.8095,319.94684,-0.0074355584,-0.008041149,-0.0039037105,10.885931,10.881111,2,37,1,0.99254966,1
28,27,1,1,0,-361.5962,520.2903,182.00917,0.0023860496,-0.024055144,-0.009248611,20.740047,21.144167,2,38,1,0.9905151,1
28,30,0,0,0,0.0,0.0,0.0,0.0,0.0,0.0,3.077972,-1.0,2,-1,0,0.77689093,1
29,31,1,0,0,10.272162,38.741055,124.38281,0.010410648,-0.0039812066,-0.0041347337,4.382444,4.3494444,2,-1,0,0.93955415,1
29,31,1,1,0,10.272162,38.741055,124.38281,0.010410648,-0.0039812066,-0.0041347337,14.478298,14.4175,2,0,1,0.9468483,1
29,34,1,0,0,15.533259,-145.04504,359.09683,-0.0036153009,0.0040382915,0.018852454,8.242313,8.418889,2,-1,0,0.9971731,1
29,23,1,0,0,35.157104,-30.599789,397.39563,-0.028894385,-0.0058298516,0.0170887,7.460625,7.413889,2,-1,0,0.9894063,1
29,23,1,1,0,35.157104,-30.599789,397.39563,-0.028894385,-0.0058298516,0.0170887,28.77559,29.015833,2,1,1,0.99227756,1
29,3,1,1,0,35.76438,325.62628,323.03485,-0.023092546,0.0045837075,0.04477019,53.28419,53.280556,2,2,1,0.82651323,1
29,34,1,1,0,-32.045895,-139.15323,443.8728,-0.0036153009,0.0040382915,0.018852454,18.271048,17.76,2,3,1,0.99999833,1
29,34,1,0,0,-32.045895,-139.15323,443.8728,-0.0036153009,0.0040382915,0.018852454,5.3187222,5.3255553,2,-1,0,0.9848888,1
29,18,1,1,0,-35.67884,96.39715,398.65573,-0.013518466,0.018428838,-0.008507071,19.240223,19.36,2,4,1,0.9855547,1
29,18,1,0,0,-35.67884,96.39715,398.65573,-0.013518466,0.018428838,-0.008507071,4.9448123,4.9408336,2,-1,0,0.9548968,1
29,21,1,0,0,-45.84575,473.72076,31.811842,-0.010272659,0.0015002625,0.03378445,7.255514,7.1494446,2,-1,0,0.9991124,1
29,21,1,1,0,-45.84575,473.72076,31.811842,-0.010272659,0.0015002625,0.03378445,30.793707,30.629168,2,5,1,0.97872627,1
29,21,1,0,0,-45.84575,473.72076,31.811842,-0.010272659,0.0015002625,0.03378445,2.8864307,1.1655556,2,-1,0,0.8657614,1
29,13,0,0,0,0.0,0.0,0.0,0.0,0.0,0.0,3.0415971,2.9572222,2,-1,0,0.9342124,1
29,22,1,1,0,-69.49943,-178.24838,293.36453,-0.002923127,0.0076569067,0.00081224437,9.7791395,9.781944,2,6,1,0.99948776,1
29,1,1,1,0,82.17736,281.3881,360.84787,0.017602293,0.007869784,-0.020041527,28.062244,26.354723,2,7,1,0.9868731,1
29,35,1,0,0,-83.552505,292.4254,200.889,-0.005399359,-0.020773869,0.012233487,12.367339,12.363611,2,-1,0,0.99181163,1
29,35,1,1,0,-83.552505,292.4254,200.889,-0.005399359,-0.020773869,0.012233487,13.050778,13.096945,2,8,1,0.99819285,1
29,5,1,0,0,83.27381,183.24458,269.80884,0.016561365,-0.018096177,0.003274175,12.339527,12.680555,2,-1,0,0.99250764,1
29,37,1,1,0,-97.104935,-135.04044,356.45804,0.019475687,-0.00013296658,0.0012287658,23.189457,23.177778,2,9,1,0.99944025,1
29,15,1,1,0,-93.525856,-528.7529,15.786607,0.0077036032,0.02735949,-0.04476931,17.930626,17.877222,2,10,1,0.9903805,1
29,15,1,0,0,-93.525856,-528.7529,15.786607,0.0077036032,0.02735949,-0.04476931,11.758437,11.776111,2,-1,0,0.99828345,1
29,15,1,0,0,-93.525856,-528.7529,15.786607,0.0077036032,0.02735949,-0.04476931,7.991326,7.92,2,-1,0,0.99337244,1
29,35,1,0,0,-83.552505,292.4254,200.889,-0.005399359,-0.020773869,0.012233487,5.384722,5.38,2,-1,0,0.9572023,1
29,5,1,1,0,83.27381,183.24458,269.80884,0.016561365,-0.018096177,0.003274175,15.965638,15.634444,2,11,1,0.99899083,1
29,9,1,1,0,-117.20551,92.24739,177.86557,-0.018187841,0.008677296,0.024049824,20.077444,19.855278,2,13,1,0.9991135,1
29,6,1,1,0,-132.68913,-265.70453,135.04575,0.002488103,0.0007250368,0.0011030841,3.3369374,3.3558333,2,14,1,0.7003275,1
29,9,1,0,0,-117.20551,92.24739,177.86557,-0.018187841,0.008677296,0.024049824,12.526708,12.273611,2,-1,0,0.9981596,1
29,7,1,0,0,-132.29852,-140.95743,353.00546,-0.0073807174,-0.0040020025,-0.015798416,6.8873544,5.550833,2,-1,0,0.9924689,1
29,6,0,0,0,0.0,0.0,0.0,0.0,0.0,0.0,3.9974792,-1.0,2,-1,0,0.9430768,1
29,7,1,1,0,-132.29852,-140.95743,353.00546,-0.0073807174,-0.0040020025,-0.015798416,8.72677,8.692778,2,15,1,0.98817885,1
29,12,0,0,0,0.0,0.0,0.0,0.0,0.0,0.0,2.5940487,2.6733334,2,-1,0,0.52650154,1
29,13,1,1,0,-141.68607,386.44202,367.06357,-0.003825359,-0.0067088283,-0.0028972689,6.5254445,6.5561113,2,16,1,0.9754185,1
29,11,1,1,0,-157.27757,199.34698,216.14706,0.031217486,0.0010312977,0.0010978709,34.02434,34.385,2,17,1,0.9990986,1
29,20,0,0,0,0.0,0.0,0.0,0.0,0.0,0.0,5.1797986,-1.0,2,-1,0,0.98343974,1
29,16,1,0,0,-165.5197,21.326504,442.62613,0.012299449,0.021792337,0.0022799554,8.25043,8.236389,2,-1,0,0.93596655,1
29,28,1,1,0,155.07701,-505.90982,416.72244,0.001392544,0.0059870975,-0.011788241,11.360833,11.303611,2,18,1,0.99036205,1
29,33,1,1,0,-157.2739,156.37541,206.85654,-0.011341151,-0.006276184,0.01257732,10.575777,5.070833,2,19,1,0.9782234,1
29,33,1,0,0,-157.2739,156.37541,206.85654,-0.011341151,-0.006276184,0.01257732,4.3142223,4.3280554,2,-1,0,0.9808451,1
29,24,1,1,0,162.4902,-408.47614,107.36822,0.047928628,-0.018930333,-0.00841407,27.119848,26.973612,2,20,1,0.9804034,1
29,16,1,1,0,-165.5197,21.326504,442.62613,0.012299449,0.021792337,0.0022799554,15.069416,15.064445,2,21,1,0.9924131,1
29,33,1,0,0,-157.2739,156.37541,206.85654,-0.011341151,-0.006276184,0.01257732,3.875111,3.8369443,2,-1,0,0.95502055,1
29,16,1,0,0,-165.5197,21.326504,442.62613,0.012299449,0.021792337,0.0022799554,3.6272151,3.6452777,2,-1,0,0.9721898,1
29,24,1,0,0,162.4902,-408.47614,107.36822,0.047928628,-0.018930333,-0.00841407,13.795258,13.884722,2,-1,0,0.99303025,1
29,26,1,1,0,-183.01283,-374.02908,353.3108,-0.0008071029,0.0047754254,0.0006540384,4.757132,4.805,2,22,1,0.9250361,1
29,32,1,1,0,-197.63264,-267.19962,182.76067,0.028315863,0.009503343,0.00954558,33.521084,33.46,2,23,1,0.99446136,1
29,24,1,0,0,162.4902,-408.47614,107.36822,0.047928628,-0.018930333,-0.00841407,6.469438,6.576389,2,-1,0,0.9859357,1
29,14,1,1,0,-196.09215,-502.46942,462.36832,0.007815168,-0.0025467623,-0.012128864,11.231437,8.324445,2,24,1,0.99959576,1
29,14,1,0,0,-196.09215,-502.46942,462.36832,0.007815168,-0.0025467623,-0.012128864,4.4198613,4.461111,2,-1,0,0.97837156,1
29,14,1,0,0,-196.09215,-502.46942,462.36832,0.007815168,-0.0025467623,-0.012128864,3.1258893,3.1272223,2,-1,0,0.6791375,1
29,30,1,1,0,213.51067,-69.202255,320.9126,-0.024134574,-0.0032967185,7.847671e-05,14.521368,14.605833,2,25,1,0.981964,1
29,30,1,0,0,213.51067,-69.202255,320.9126,-0.024134574,-0.0032967185,7.847671e-05,8.615,8.593333,2,-1,0,0.98348415,1
29,27,1,0,0,-231.56213,-92.28321,236.8466,0.016998168,0.014562237,-0.003349036,3.898347,3.866111,2,-1,0,0.895856,1
29,27,1,1,0,-231.56213,-92.28321,236.8466,0.016998168,0.014562237,-0.003349036,13.626118,13.438611,2,26,1,0.99862385,1
29,40,1,1,0,-237.01013,114.51984,209.55476,0.01386176,-0.00089109736,-0.0066953064,11.009661,10.898334,2,27,1,0.9634557,1
29,2,1,0,0,238.2719,387.39102,174.67047,0.014427732,-0.013508751,0.00056824886,8.085569,7.9780555,2,-1,0,0.9386809,1
29,10,1,1,0,-247.31192,339.06558,344.97827,0.009542346,-0.01108746,0.014092838,16.159813,15.989722,2,28,1,0.9781732,1
29,2,1,1,0,238.2719,387.39102,174.67047,0.014427732,-0.013508751,0.00056824886,10.774346,10.805833,2,29,1,0.96449816,1
29,8,1,1,0,-256.73145,-151.29265,157.30774,0.0034320594,0.008446937,0.00016147525,8.078313,6.9522223,2,30,1,0.9973471,1
29,25,1,1,0,255.20724,470.4772,394.59808,0.01810893,0.012820413,-0.0068913787,13.595486,13.4794445,2,31,1,0.9735974,1
29,4,1,1,0,263.4936,486.9912,32.686546,0.013307324,0.007104911,-0.0077790217,16.585201,15.078055,2,32,1,0.9977162,1
29,17,1,0,0,294.95667,-384.93542,47.680756,-0.020067321,-0.038687915,0.004449451,13.334257,13.483611,2,-1,0,0.994949,1
29,36,1,0,0,307.61923,-352.41437,35.251526,0.02708145,0.0012376575,0.013593171,4.436028,4.4922223,2,-1,0,0.9892407,1
29,17,1,1,0,294.95667,-384.93542,47.680756,-0.020067321,-0.038687915,0.004449451,23.831501,23.869167,2,33,1,0.9137214,1
29,36,1,1,0,307.61923,-352.41437,35.251526,0.02708145,0.0012376575,0.013593171,16.127138,16.18361,2,34,1,0.99421006,1
29,36,1,0,0,307.61923,-352.41437,35.251526,0.02708145,0.0012376575,0.013593171,9.216306,9.157222,2,-1,0,0.9797738,1
29,25,1,0,0,255.20724,470.4772,394.59808,0.01810893,0.012820413,-0.0068913787,4.7844095,4.786111,2,-1,0,0.9663708,1
29,36,1,0,0,307.61923,-352.41437,35.251526,0.02708145,0.0012376575,0.013593171,2.8445833,2.81,2,-1,0,0.6249653,1
29,19,1,1,0,331.10565,519.07056,444.93423,0.032859184,-0.01330705,-0.005989957,27.60603,31.415277,2,35,1,0.9062376,1
29,12,1,0,0,358.5791,372.22275,23.961046,-0.019041408,0.0051755602,0.0004195313,5.03575,5.143611,2,-1,0,0.9619508,1
29,39,1,1,0,355.2529,118.70275,30.595558,0.00452693,-0.014556701,-0.008218982,16.116547,15.612778,2,36,1,0.99858356,1
29,12,1,1,0,358.5791,372.22275,23.961046,-0.019041408,0.0051755602,0.0004195313,10.247264,10.265278,2,37,1,0.9825216,1
30,37,1,1,0,-19.048641,-225.52568,295.972,0.0049941773,-0.0035462314,0.006402945,10.989361,11.0413885,2,0,1,0.95862776,1
30,29,1,1,0,38.122852,-289.73538,236.36595,0.006311468,-0.011062078,0.0070566796,16.30927,15.005,2,-1,1,0.99261755,1
30,29,1,0,0,38.122852,-289.73538,236.36595,0.006311468,-0.011062078,0.0070566796,3.2100835,3.2066667,2,-1,0,0.9686293,1
30,9,1,1,0,-45.883186,-249.3596,313.8233,-0.017863942,-0.012873198,-0.006470413,16.519737,16.4475,2,1,1,0.97478175,1
30,19,1,1,0,-52.11424,78.13698,319.9893,0.0012355604,-0.0168615,0.0046457336,10.295507,10.376111,2,2,1,0.99874145,1
30,9,1,0,0,-45.883186,-249.3596,313.8233,-0.017863942,-0.012873198,-0.006470413,7.285521,7.378889,2,-1,0,0.9845591,1
30,19,1,0,0,-52.11424,78.13698,319.9893,0.0012355604,-0.0168615,0.0046457336,3.002771,2.9897223,2,-1,0,0.8793909,1
30,19,1,0,0,-52.11424,78.13698,319.9893,0.0012355604,-0.0168615,0.0046457336,8.692312,8.576389,2,-1,0,0.98439157,1
30,4,1,0,0,-57.068806,-544.8389,209.32085,-0.0036910959,0.01357896,-0.003414391,3.7136252,3.603611,2,-1,0,0.63792443,1
30,4,1,1,0,-57.068806,-544.8389,209.32085,-0.0036910959,0.01357896,-0.003414391,13.225417,12.900556,2,3,1,0.9949524,1
30,40,1,1,0,-68.964485,551.13574,317.6338,-0.009151542,-0.023279004,-0.025433606,35.492603,35.370834,2,4,1,0.98578215,1
30,5,1,1,0,-64.66041,-17.73039,342.05197,0.0087844,-0.003049181,0.0005582888,13.526076,8.3225,2,5,1,0.9818423,1
30,23,0,0,0,0.0,0.0,0.0,0.0,0.0,0.0,13.007049,-1.0,2,-1,0,0.984608,1
30,40,1,0,0,-68.964485,551.13574,317.6338,-0.009151542,-0.023279004,-0.025433606,3.42725,2.0769444,2,-1,0,0.95193183,1
30,6,1,0,0,70.82866,-481.96152,139.42546,0.0036119944,0.004238293,0.012918638,6.6649723,5.3794446,2,-1,0,0.9877309,1
30,6,1,1,0,70.82866,-481.96152,139.42546,0.0036119944,0.004238293,0.012918638,9.22243,9.214444,2,6,1,0.99381024,1
30,16,1,1,0,-80.69508,-527.4892,288.24597,0.009483463,0.001507954,0.016125249,19.09096,9.9525,2,7,1,0.99791604,1
30,30,1,1,0,81.2634,-549.8745,156.98306,-0.026238814,-0.027958006,-0.019624239,50.51893,50.406666,2,8,1,0.9225852,1
30,8,1,1,0,85.48837,-517.9675,368.1444,0.01133894,0.012286597,-0.014207539,17.873861,16.762777,2,9,1,0.9931786,1
30,8,1,0,0,85.48837,-517.9675,368.1444,0.01133894,0.012286597,-0.014207539,3.6819098,3.7133334,2,-1,0,0.8967691,1
30,25,1,1,0,99.366,451.52438,445.30048,0.036411036,-0.046533275,0.039628062,46.580505,46.260834,2,10,1,0.9999833,1
30,6,1,0,0,70.82866,-481.96152,139.42546,0.0036119944,0.004238293,0.012918638,3.7856526,3.9011111,2,-1,0,0.9023067,1
30,39,1,1,0,126.203026,182.53589,47.92448,-0.020318924,0.012174625,0.00596196,24.11382,23.940834,2,11,1,0.99959683,1
30,15,1,1,0,-122.56279,571.4413,161.32175,-0.022266718,0.0038398507,0.014491644,29.901167,29.785278,2,12,1,0.9955364,1
30,11,1,1,0,135.6486,-254.41524,101.13173,0.010155285,-0.0010091525,0.019829491,24.994318,24.601944,2,13,1,0.96118814,1
30,32,1,0,0,164.4135,-75.700424,106.97924,-0.018155865,-0.013177459,-0.012617213,6.291042,6.2505555,2,-1,0,0.96025455,1
30,32,1,1,0,164.4135,-75.700424,106.97924,-0.018155865,-0.013177459,-0.012617213,19.039812,19.049444,2,14,1,0.9922002,1
30,32,1,0,0,164.4135,-75.700424,106.97924,-0.018155865,-0.013177459,-0.012617213,3.290139,3.241111,2,-1,0,0.6601942,1
30,21,1,1,0,-163.11061,-253.67444,128.09972,-0.005296253,0.015911385,-0.0122369,13.052348,11.451389,2,15,1,0.95836234,1
30,21,1,0,0,-163.11061,-253.67444,128.09972,-0.005296253,0.015911385,-0.0122369,8.864222,6.3838887,2,-1,0,0.9979322,1
30,10,1,0,0,212.05197,109.59209,86.00451,0.009865071,0.00021903354,-0.009624773,4.043597,4.067222,2,-1,0,0.9638793,1
30,1,1,1,0,175.93318,-596.59015,345.33383,0.014400235,0.0117907645,-0.0011946355,16.817528,13.556666,2,16,1,0.970281,1
30,20,1,1,0,-186.85414,-230.82597,90.617065,0.0030334298,-0.01055811,-0.008190733,15.99741,15.785277,2,17,1,0.9964948,1
30,1,1,0,0,175.93318,-596.59015,345.33383,0.014400235,0.0117907645,-0.0011946355,4.261194,4.0744443,2,-1,0,0.99133486,1
30,31,1,1,0,196.36397,-565.39795,337.5371,0.017443653,0.010057258,-0.008511372,18.091091,18.081112,2,18,1,0.9937038,1
30,31,1,0,0,196.36397,-565.39795,337.5371,0.017443653,0.010057258,-0.008511372,4.275014,4.275833,2,-1,0,0.99281704,1
30,14,1,1,0,-202.6185,-283.62244,295.22314,-0.0046719937,-0.028052902,-0.0046684155,34.36643,11.486389,2,19,1,0.91030675,1
30,24,1,1,0,205.63528,252.30663,64.7523,0.0019131994,0.0073281773,0.0037265278,8.191542,8.136389,2,20,1,0.94897574,1
30,22,1,0,0,207.74924,110.16888,207.02637,0.00017320664,-0.00962634,0.015242878,6.637195,6.7891665,2,-1,0,0.998502,1
30,36,1,1,0,-209.03209,-10.788718,286.27,0.0024803746,0.0097007165,0.011468579,15.878757,15.539444,2,21,1,0.9833722,1
30,22,1,1,0,207.74924,110.16888,207.02637,0.00017320664,-0.00962634,0.015242878,19.850779,19.857222,2,22,1,0.9940363,1
30,35,1,1,0,211.6888,-554.34174,376.8045,0.015164618,0.003855166,0.019214228,22.357264,20.811388,2,23,1,0.9374795,1
30,10,1,1,0,212.05197,109.59209,86.00451,0.009865071,0.00021903354,-0.009624773,8.886097,8.8525,2,24,1,0.9951253,1
30,10,1,0,0,212.05197,109.59209,86.00451,0.009865071,0.00021903354,-0.009624773,3.8247707,3.8122222,2,-1,0,0.9556722,1
30,13,1,0,0,-215.72885,60.43456,335.7759,-0.021281697,0.018255487,-0.0037952925,6.136861,6.055278,2,-1,0,0.9823069,1
30,24,1,0,0,205.63528,252.30663,64.7523,0.0019131994,0.0073281773,0.0037265278,3.575382,3.5038888,2,-1,0,0.9818705,1
30,35,1,0,0,211.6888,-554.34174,376.8045,0.015164618,0.003855166,0.019214228,3.5440555,3.5441666,2,-1,0,0.9867216,1
30,28,1,1,0,220.54692,-448.47302,70.962296,0.038237516,-0.015105943,-0.03771565,55.724445,51.98111,2,25,1,0.9999069,1
30,13,1,0,0,-215.72885,60.43456,335.7759,-0.021281697,0.018255487,-0.0037952925,6.601195,1.7952778,2,-1,0,0.9892446,1
30,26,1,1,0,-225.2159,530.43085,452.88702,-0.027023466,-0.008959283,0.024161162,27.229063,25.881945,2,26,1,0.99337476,1
30,18,1,1,0,-227.73001,-280.47662,396.70782,0.009442666,0.004407012,0.010181813,14.722604,14.681111,2,27,1,0.9792327,1
30,18,1,0,0,-227.73001,-280.47662,396.70782,0.009442666,0.004407012,0.010181813,3.1301112,3.093611,2,-1,0,0.95037925,1
30,26,1,0,0,-225.2159,530.43085,452.88702,-0.027023466,-0.008959283,0.024161162,4.0501666,4.0344443,2,-1,0,0.97586536,1
30,13,1,1,0,-215.72885,60.43456,335.7759,-0.021281697,0.018255487,-0.0037952925,15.85286,15.900556,2,28,1,0.9936181,1
30,12,1,0,0,-255.57542,63.756626,220.18881,0.00038783214,0.036857918,-0.0039979783,11.801181,11.733334,2,-1,0,0.9918277,1
30,12,1,0,0,-255.57542,63.756626,220.18881,0.00038783214,0.036857918,-0.0039979783,3.299368,3.255,2,-1,0,0.8115869,1
30,12,1,1,0,-255.57542,63.756626,220.18881,0.00038783214,0.036857918,-0.0039979783,22.076181,22.009722,2,29,1,0.9997464,1
30,17,1,1,0,-252.75664,410.00815,144.94359,-0.00563389,-0.012080669,-0.0068286913,10.845596,10.865,2,30,1,0.9818325,1
30,7,1,1,0,264.8845,-429.96045,454.53073,-0.00024908065,0.0052722683,-0.009744617,9.456132,8.41,2,31,1,0.982041,1
30,34,1,0,0,305.06485,-404.9957,345.84988,0.0015992835,-0.015452413,0.01740423,4.4057846,4.404444,2,-1,0,0.96417654,1
30,34,1,1,0,305.06485,-404.9957,345.84988,0.0015992835,-0.015452413,0.01740423,18.501102,18.6875,2,33,1,0.99995375,1
30,38,1,1,0,-313.8707,254.00114,359.20038,0.017550975,0.0013169843,-0.0048449226,18.083368,18.188612,2,34,1,0.9930576,1
30,2,1,1,0,-326.98145,-296.65207,218.35437,0.00025347312,-0.020401828,-0.01935513,3.773278,3.805,2,35,1,0.97582054,1
30,2,0,0,0,0.0,0.0,0.0,0.0,0.0,0.0,11.3913965,-1.0,2,-1,0,0.9687844,1
30,2,0,0,0,0.0,0.0,0.0,0.0,0.0,0.0,16.382965,-1.0,2,-1,0,0.98804456,1
30,33,1,1,0,-336.47525,276.9628,24.758154,-0.01682887,0.0009212142,-0.02104648,27.28262,23.360556,2,36,1,0.95126146,1
30,38,0,0,0,0.0,0.0,0.0,0.0,0.0,0.0,4.4194374,4.3744445,2,-1,0,0.9022636,1
30,27,1,1,0,343.1037,-200.38264,311.46,0.013068253,0.02455526,-0.007855265,27.010164,27.094444,2,37,1,0.8647808,1
30,34,1,0,0,305.06485,-404.9957,345.84988,0.0015992835,-0.015452413,0.01740423,3.6154447,3.6291666,2,-1,0,0.9898405,1
31,4,0,0,0,0.0,0.0,0.0,0.0,0.0,0.0,8.354909,-1.0,2,-1,0,0.97469693,1
31,4,0,0,0,0.0,0.0,0.0,0.0,0.0,0.0,8.479562,-1.0,2,-1,0,0.9929436,1
31,4,0,0,0,0.0,0.0,0.0,0.0,0.0,0.0,6.9405484,-1.0,2,-1,0,0.98585963,1
31,39,1,0,0,-25.552313,-445.33633,177.22679,0.01688379,0.006135886,-0.018611696,10.420715,10.734445,2,-1,0,0.9911873,1
31,39,1,1,0,-25.552313,-445.33633,177.22679,0.01688379,0.006135886,-0.018611696,20.482292,19.891388,2,0,1,0.99268687,1
31,36,1,0,0,-43.633175,-478.3054,284.48532,0.005643333,-0.0015052098,-0.013505689,3.7953124,3.8283334,2,-1,0,0.9748404,1
31,36,1,1,0,-43.633175,-478.3054,284.48532,0.005643333,-0.0015052098,-0.013505689,15.436597,15.280556,2,1,1,0.98729277,1
31,5,1,1,0,56.442303,169.07173,256.8588,0.0051334603,-0.0044129672,-0.0029073327,8.665757,8.701111,2,2,1,0.9945466,1
31,17,1,0,0,109.69319,556.5358,18.545633,-0.000165022,-0.012980062,0.012019244,4.293007,4.2925,2,-1,0,0.9897636,1
31,16,1,1,0,82.83658,219.1417,240.34552,0.011768614,-0.013365772,-0.0034392157,23.809658,21.862778,2,3,1,0.9981279,1
31,15,1,0,0,-103.930534,-412.7262,97.37068,0.015966952,0.02644848,0.014428905,2.684854,2.6613889,2,-1,0,0.7092644,1
31,15,1,1,0,-103.930534,-412.7262,97.37068,0.015966952,0.02644848,0.014428905,32.796318,32.810276,2,4,1,0.99103576,1
31,26,1,1,0,104.15933,378.10028,330.32013,0.0027673384,-0.005258273,0.0021364577,6.521209,6.2163887,2,5,1,0.9712462,1
31,17,1,1,0,109.69319,556.5358,18.545633,-0.000165022,-0.012980062,0.012019244,11.536048,11.418612,2,6,1,0.99968404,1
31,17,1,0,0,109.69319,556.5358,18.545633,-0.000165022,-0.012980062,0.012019244,5.544743,5.4888887,2,-1,0,0.9552258,1
31,17,1,0,0,109.69319,556.5358,18.545633,-0.000165022,-0.012980062,0.012019244,3.1438332,3.1494443,2,-1,0,0.71441305,1
31,38,1,0,0,-117.63632,-197.4258,76.29827,-0.0055491906,-0.006199574,-0.010237846,6.391834,6.5544443,2,-1,0,0.9971324,1
31,37,0,0,0,0.0,0.0,0.0,0.0,0.0,0.0,3.5270972,-1.0,2,-1,0,0.97049654,1
31,6,1,1,0,117.061935,-354.40817,216.43607,-0.0051715593,0.00051275373,0.012551154,14.383374,14.190833,2,7,1,0.98615867,1
31,38,1,1,0,-117.63632,-197.4258,76.29827,-0.0055491906,-0.006199574,-0.010237846,8.873438,8.802778,2,8,1,0.99628794,1
31,33,1,0,0,-144.86993,69.14973,418.68036,0.003933036,0.017087292,0.0018495931,4.8488126,4.9766665,2,-1,0,0.929164,1
31,37,0,0,0,0.0,0.0,0.0,0.0,0.0,0.0,10.975659,-1.0,2,-1,0,0.9995598,1
31,37,0,0,0,0.0,0.0,0.0,0.0,0.0,0.0,5.8961945,-1.0,2,-1,0,0.97899103,1
31,37,0,0,0,0.0,0.0,0.0,0.0,0.0,0.0,4.9562917,-1.0,2,-1,0,0.98655254,1
31,37,0,0,0,0.0,0.0,0.0,0.0,0.0,0.0,8.401555,-1.0,2,-1,0,0.9998323,1
31,28,1,1,0,-124.10088,-489.03052,256.10495,-0.0071895737,-0.0013916632,-0.00034830158,7.7354026,7.841111,2,9,1,0.9994912,1
31,31,1,0,0,-150.75868,516.2509,291.9413,0.01736827,-0.0031615768,-0.010889705,3.9447362,4.056667,2,-1,0,0.9112567,1
31,34,1,0,0,187.82478,595.6005,385.7704,0.016875684,-0.008122698,-0.0037630154,3.650861,3.721111,2,-1,0,0.95241,1
31,31,1,0,0,-150.75868,516.2509,291.9413,0.01736827,-0.0031615768,-0.010889705,9.0344515,8.2919445,2,-1,0,0.98516,1
31,33,1,1,0,-144.86993,69.14973,418.68036,0.003933036,0.017087292,0.0018495931,13.7589855,13.6525,2,10,1,0.9926697,1
31,31,1,1,0,-150.75868,516.2509,291.9413,0.01736827,-0.0031615768,-0.010889705,12.439242,10.481389,2,11,1,0.9707638,1
31,29,1,1,0,156.26913,-176.61517,343.20975,0.02301824,-0.021321243,0.0082824575,24.985252,14.719167,2,12,1,0.9982023,1
31,29,1,0,0,156.26913,-176.61517,343.20975,0.02301824,-0.021321243,0.0082824575,9.794173,9.890555,2,-1,0,0.98465943,1
31,24,1,1,0,-165.19197,-546.8656,53.8472,-0.020509467,0.021252029,0.013573192,35.745815,35.551666,2,13,1,0.99979246,1
31,19,0,0,0,0.0,0.0,0.0,0.0,0.0,0.0,2.7283475,2.6752777,2,-1,0,0.5096803,1
31,3,1,1,0,177.52606,225.40517,160.73367,-0.010802232,-0.0015129941,0.010701405,15.296411,15.244445,2,14,1,0.9925327,1
31,18,1,1,0,231.50204,-432.17438,337.59808,-0.015219264,0.0050480985,-0.011798484,13.832688,13.615833,2,15,1,0.9919531,1
31,34,1,1,0,187.82478,595.6005,385.7704,0.016875684,-0.008122698,-0.0037630154,21.268473,20.32361,2,16,1,0.99842346,1
31,8,1,0,0,-216.43622,560.3869,97.21664,0.022698743,-0.030439502,-0.02329834,17.450403,17.700277,2,-1,0,0.9982895,1
31,8,1,1,0,-216.43622,560.3869,97.21664,0.022698743,-0.030439502,-0.02329834,25.280264,25.229445,2,17,1,0.9984383,1
31,22,1,1,0,-216.51347,257.39224,185.48007,0.016029067,0.0093032215,0.02197988,23.682507,23.430834,2,18,1,0.96390635,1
31,32,1,1,0,-219.78622,47.29219,51.39444,0.004812332,0.0042797886,0.010580901,9.840201,9.959444,2,19,1,0.9912977,1
31,19,1,1,0,-235.61032,370.80505,90.556145,0.010116165,-0.0018357537,-0.014268505,13.313603,13.2097225,2,20,1,0.99568284,1
31,20,1,1,0,-235.28343,66.43039,98.57532,0.018195508,0.0034359284,-0.004907297,16.334507,16.392221,2,21,1,0.9803909,1
31,23,1,1,0,230.13808,39.057724,268.3542,0.011768017,-0.013743172,0.0029469628,8.729736,6.0547223,2,22,1,0.9805423,1
31,18,1,0,0,231.50204,-432.17438,337.59808,-0.015219264,0.0050480985,-0.011798484,8.491833,1.3761111,2,-1,0,0.9942709,1
31,19,1,0,0,-235.61032,370.80505,90.556145,0.010116165,-0.0018357537,-0.014268505,4.868354,4.8319445,2,-1,0,0.97529036,1
31,11,0,0,0,0.0,0.0,0.0,0.0,0.0,0.0,39.384583,-1.0,2,-1,0,0.99768114,1
31,7,1,1,0,246.90488,-121.10459,114.00165,0.0014431219,0.009370162,0.008747639,9.799104,9.660556,2,-1,1,0.98821974,1
31,1,1,1,0,-245.67761,-137.57727,253.02313,-0.014654653,-0.0016496762,0.0006552307,15.221569,15.150833,2,23,1,0.97575015,1
31,40,1,0,0,261.8775,462.32248,51.297905,0.003784462,0.031015946,-0.0020686188,5.8366942,5.8355556,2,-1,0,0.97927,1
31,13,0,0,0,0.0,0.0,0.0,0.0,0.0,0.0,12.350535,-1.0,2,-1,0,0.99095064,1
31,23,1,0,0,230.13808,39.057724,268.3542,0.011768017,-0.013743172,0.0029469628,4.1682363,4.324167,2,-1,0,0.967156,1
31,10,1,0,0,274.91083,-455.60287,261.37396,-0.04585944,-0.005945205,-0.012605616,15.573381,15.625,2,-1,0,0.98411965,1
31,40,1,1,0,261.8775,462.32248,51.297905,0.003784462,0.031015946,-0.0020686188,24.736465,23.864445,2,24,1,0.99320775,1
31,13,0,0,0,0.0,0.0,0.0,0.0,0.0,0.0,55.007366,-1.0,2,-1,0,0.99999976,1
31,30,1,1,0,265.3055,-504.11047,127.556015,0.012966682,0.0053413385,0.01008022,17.070133,12.653611,2,25,1,0.99229175,1
31,10,1,1,0,274.91083,-455.60287,261.37396,-0.04585944,-0.005945205,-0.012605616,24.751522,24.484167,2,26,1,0.9855945,1
31,10,1,0,0,274.91083,-455.60287,261.37396,-0.04585944,-0.005945205,-0.012605616,6.5291667,3.3419445,2,-1,0,0.97913235,1
31,9,1,1,0,-278.0772,-66.64191,71.62707,0.0062613995,0.0040030004,0.0061860564,8.601042,8.181945,2,27,1,0.9844095,1
31,23,1,0,0,230.13808,39.057724,268.3542,0.011768017,-0.013743172,0.0029469628,5.320903,5.1727777,2,-1,0,0.9948189,1
31,35,1,0,0,-300.86157,-148.21594,414.14944,0.0179491,0.026108501,6.0309674e-05,4.80182,4.8258333,2,-1,0,0.9481832,1
31,35,1,1,0,-300.86157,-148.21594,414.14944,0.0179491,0.026108501,6.0309674e-05,24.054173,23.968056,2,28,1,0.99280226,1
31,2,1,0,0,-355.59888,317.16022,301.21048,0.036839712,-0.0005687498,0.0021282,12.130819,12.082222,2,-1,0,0.99858415,1
31,25,1,0,0,335.60254,333.32077,139.39627,0.031857703,-0.0029331413,-0.00089273456,2.6367779,2.568889,2,-1,0,0.8563329,1
31,12,1,1,0,-335.01706,457.78238,415.57404,0.0052283714,-0.0058326446,0.0065238364,10.096465,10.036944,2,29,1,0.98788315,1
31,27,1,1,0,-335.49036,576.06586,433.17282,-0.0031381312,0.013040465,-0.021372441,15.825999,15.856112,2,30,1,0.9963641,1
31,25,1,1,0,335.60254,333.32077,139.39627,0.031857703,-0.0029331413,-0.00089273456,25.74688,26.98611,2,31,1,0.9157537,1
31,25,1,0,0,335.60254,333.32077,139.39627,0.031857703,-0.0029331413,-0.00089273456,4.2842636,4.213333,2,-1,0,0.9736529,1
31,2,1,1,0,-355.59888,317.16022,301.21048,0.036839712,-0.0005687498,0.0021282,21.337965,21.285833,2,32,1,0.99997914,1
31,34,1,0,0,353.37744,44.728188,362.37228,0.016875684,-0.008122698,-0.0037630154,5.8473477,5.8925,2,-1,0,0.98812205,1
31,21,1,1,0,-358.7242,-123.34793,438.56274,-0.0072307717,0.0119091,-0.01268105,12.85543,12.755834,2,33,1,0.9977895,1
31,14,1,1,0,359.06226,495.28967,371.22302,0.013604109,-0.027067384,-0.018003142,22.235682,20.86111,2,34,1,0.9767255,1
31,14,1,0,0,359.06226,495.28967,371.22302,0.013604109,-0.027067384,-0.018003142,4.141333,4.141667,2,-1,0,0.9613915,1
32,37,1,1,0,-6.2230887,-328.81088,8.50094,-0.010343316,0.013502152,0.009943878,20.434923,20.419445,2,0,1,0.94618696,1
32,3,1,1,0,30.521881,-226.94528,253.39859,0.009772212,-0.010009849,-0.002039443,15.432951,13.955,2,1,1,0.9962955,1
32,1,1,1,0,69.0882,269.20578,393.2081,-0.04221989,-0.008988486,-0.022196718,25.956793,26.005278,2,2,1,0.9954287,1
32,4,0,0,0,0.0,0.0,0.0,0.0,0.0,0.0,18.972683,-1.0,2,-1,0,0.9956328,1
32,33,1,1,0,-55.912018,-82.23047,66.57155,-0.008843536,0.010211642,0.0117054125,14.483125,14.41,2,3,1,0.987784,1
32,33,1,0,0,-55.912018,-82.23047,66.57155,-0.008843536,0.010211642,0.0117054125,6.35916,6.2155557,2,-1,0,0.9994763,1
32,1,1,0,0,69.0882,269.20578,393.2081,-0.04221989,-0.008988486,-0.022196718,7.23057,7.2211113,2,-1,0,0.95116216,1
32,1,1,0,0,69.0882,269.20578,393.2081,-0.04221989,-0.008988486,-0.022196718,18.55262,18.583055,2,-1,0,0.967477,1
32,40,1,1,0,-75.803795,-51.76587,280.8437,0.0058577987,-0.016044507,-0.007604075,18.622908,17.928055,2,4,1,0.98838645,1
32,29,1,1,0,84.39734,-104.88159,441.8823,0.013070456,0.01209102,0.026747093,10.77957,10.235556,2,5,1,0.99459517,1
32,29,1,0,0,84.39734,-104.88159,441.8823,0.013070456,0.01209102,0.026747093,9.61493,9.517777,2,-1,0,0.99458224,1
32,16,1,1,0,-98.06155,-309.17883,373.91983,0.0011435742,0.022219803,0.018985271,24.422018,24.504168,2,6,1,0.9898065,1
32,24,1,0,0,106.16591,-38.16483,304.4417,-0.026231065,0.0014102245,-0.013259534,5.183083,5.264167,2,-1,0,0.9662134,1
32,24,1,1,0,106.16591,-38.16483,304.4417,-0.026231065,0.0014102245,-0.013259534,20.70353,20.7875,2,7,1,0.9845643,1
32,16,1,0,0,-98.06155,-309.17883,373.91983,0.0011435742,0.022219803,0.018985271,3.2589655,3.351389,2,-1,0,0.786075,1
32,19,1,0,0,-132.20354,64.37086,216.3929,0.035105627,0.037261147,0.028588286,10.959278,11.0325,2,-1,0,0.9883801,1
32,24,1,0,0,106.16591,-38.16483,304.4417,-0.026231065,0.0014102245,-0.013259534,7.497014,7.564722,2,-1,0,0.97587115,1
32,16,1,0,0,-98.06155,-309.17883,373.91983,0.0011435742,0.022219803,0.018985271,8.116694,7.9452777,2,-1,0,0.99965715,1
32,16,1,0,0,-98.06155,-309.17883,373.91983,0.0011435742,0.022219803,0.018985271,7.194945,7.1975,2,-1,0,0.983542,1
32,30,1,1,0,113.00942,563.4156,435.80072,0.0018238737,0.019161077,-0.023509122,27.526806,27.659721,2,8,1,0.99982345,1
32,19,1,0,0,-132.20354,64.37086,216.3929,0.035105627,0.037261147,0.028588286,13.522771,13.476666,2,-1,0,0.99366045,1
32,19,1,1,0,-132.20354,64.37086,216.3929,0.035105627,0.037261147,0.028588286,18.931225,19.001944,2,9,1,0.93332124,1
32,19,1,0,0,-132.20354,64.37086,216.3929,0.035105627,0.037261147,0.028588286,4.4402084,4.451667,2,-1,0,0.97733194,1
32,6,1,0,0,-167.05649,349.83325,85.06479,0.010281284,-0.006670581,0.019268434,3.789903,3.7230556,2,-1,0,0.75016224,1
32,17,1,0,0,-170.13628,263.22778,76.30814,0.016690308,0.024841532,0.00851048,7.966361,7.928889,2,-1,0,0.9850707,1
32,6,1,1,0,-167.05649,349.83325,85.06479,0.010281284,-0.006670581,0.019268434,20.398874,20.633888,2,10,1,0.9921875,1
32,17,1,0,0,-170.13628,263.22778,76.30814,0.016690308,0.024841532,0.00851048,10.367757,10.330556,2,-1,0,0.95530635,1
32,17,1,1,0,-170.13628,263.22778,76.30814,0.016690308,0.024841532,0.00851048,15.424959,15.281389,2,11,1,0.9877088,1
32,8,1,1,0,-175.95195,-187.88591,409.50595,0.00581464,0.004322023,0.008333566,10.541729,10.572222,2,12,1,0.996149,1
32,18,1,1,0,-182.84985,273.6279,155.63857,-0.024230417,-0.015001544,0.031372868,19.824614,19.784445,2,13,1,0.9804851,1
32,18,1,0,0,-182.84985,273.6279,155.63857,-0.024230417,-0.015001544,0.031372868,9.084014,9.148611,2,-1,0,0.98758996,1
32,18,1,0,0,-182.84985,273.6279,155.63857,-0.024230417,-0.015001544,0.031372868,8.767416,8.759722,2,-1,0,0.97973734,1
32,25,1,1,0,-190.5842,-18.643496,341.99997,0.0021490776,0.002935038,0.019435108,21.023022,21.232779,2,14,1,0.995031,1
32,20,1,1,0,206.91048,128.95699,69.48793,0.0029017362,0.016400991,0.02601164,29.373667,28.459723,2,15,1,0.98546785,1
32,39,1,0,0,-203.12617,-532.8162,6.9056377,-0.0008323193,0.007993745,-0.006714512,4.718875,4.598611,2,-1,0,0.9383226,1
32,39,1,1,0,-203.12617,-532.8162,6.9056377,-0.0008323193,0.007993745,-0.006714512,6.796556,6.7391667,2,16,1,0.99379206,1
32,2,1,1,0,-211.11324,366.62643,101.623665,-0.018356342,-0.042356215,0.0066511645,37.364574,28.846111,2,17,1,0.9827702,1
32,32,1,1,0,217.21594,383.1756,168.83087,0.0020856403,-0.00011898527,-0.002338612,3.810889,2.7197223,2,18,1,0.9537381,1
32,28,1,1,0,218.0866,-261.66956,61.511837,0.0010048351,0.04589707,0.0015555831,45.32839,30.411388,2,19,1,0.9999988,1
32,28,1,0,0,218.0866,-261.66956,61.511837,0.0010048351,0.04589707,0.0015555831,6.7769303,6.77,2,-1,0,0.9778972,1
32,22,1,0,0,-234.21048,-432.94315,382.68365,0.014568105,0.0004215678,-0.014711052,6.5734653,6.499722,2,-1,0,0.998681,1
32,22,1,1,0,-234.21048,-432.94315,382.68365,0.014568105,0.0004215678,-0.014711052,12.59475,12.496388,2,20,1,0.969372,1
32,36,1,0,0,-254.92368,-477.25168,260.86,0.016454592,-0.017125504,0.004148885,3.442611,3.4441667,2,-1,0,0.8316157,1
32,35,1,1,0,-240.7955,470.36798,160.95424,-0.0048169824,0.0051947543,0.010648303,13.072237,9.803889,2,21,1,0.99774486,1
32,35,1,0,0,-240.7955,470.36798,160.95424,-0.0048169824,0.0051947543,0.010648303,4.811104,4.752222,2,-1,0,0.9676895,1
32,36,1,1,0,-254.92368,-477.25168,260.86,0.016454592,-0.017125504,0.004148885,25.521133,25.483889,2,22,1,0.99489444,1
32,27,1,1,0,254.86667,115.47186,424.6188,0.003132311,-0.0050658854,0.006321094,9.434521,6.885,2,23,1,0.9846452,1
32,11,1,0,0,258.92517,-78.222855,408.22586,-0.006688641,-0.02305669,-0.037010122,17.365292,17.24361,2,-1,0,0.9842126,1
32,11,1,1,0,258.92517,-78.222855,408.22586,-0.006688641,-0.02305669,-0.037010122,24.726215,24.728611,2,24,1,0.99884987,1
32,13,1,1,0,-265.2079,408.37524,373.93457,-0.019472254,-0.014301117,0.01517128,26.441313,26.633333,2,25,1,0.9897892,1
32,23,1,1,0,277.76645,391.11597,248.95506,-0.010215978,0.01918119,0.012893987,25.751722,25.629168,2,26,1,0.8760264,1
32,7,1,1,0,279.04984,-246.533,407.97083,-0.0005737234,-0.0010953277,0.0069887894,6.8549166,6.8516665,2,27,1,0.9841024,1
32,29,0,0,0,0.0,0.0,0.0,0.0,0.0,0.0,2.2934582,2.3016667,2,-1,0,0.5666752,1
32,7,1,0,0,279.04984,-246.533,407.97083,-0.0005737234,-0.0010953277,0.0069887894,3.7381668,3.7591667,2,-1,0,0.93108815,1
32,12,1,0,0,0.0,0.0,0.0,0.0,0.0,0.0,4.431964,0.21055555,2,-1,0,0.93099713,1
32,38,1,1,0,294.98312,-245.91614,15.130517,0.008919391,-0.0041026413,-0.014093029,17.118374,17.318611,2,28,1,0.9739793,1
32,26,1,1,0,295.24292,23.570225,333.3082,0.016734708,-0.010172933,0.015141445,25.280556,25.3225,2,29,1,0.99650097,1
32,15,1,1,0,299.2574,-180.44966,217.94147,0.0026980578,0.0032362558,0.014971793,14.906847,13.685,2,30,1,0.9760181,1
32,34,1,1,0,305.0906,53.77318,334.70435,-0.0012139253,-0.038276553,0.014721204,29.462881,28.627222,2,31,1,0.9930605,1
32,21,1,1,0,311.63834,-369.50745,304.38626,-0.01621289,-0.007229593,0.0029465132,16.75511,16.544445,2,32,1,0.97976696,1
32,9,1,1,0,313.0383,594.7422,205.21765,-0.011540903,0.0056877965,0.00720461,17.937958,17.788889,2,33,1,0.97776216,1
32,21,1,0,0,311.63834,-369.50745,304.38626,-0.01621289,-0.007229593,0.0029465132,5.9496393,5.938611,2,-1,0,0.96418643,1
32,31,1,1,0,319.95416,131.55759,152.38185,0.002013277,-0.0041398145,-0.011040616,10.683444,10.695278,2,34,1,0.9943879,1
32,14,1,1,0,-323.49048,-434.80215,370.06967,0.0022175405,0.012927735,0.0066399216,14.434473,14.438611,2,35,1,0.99070567,1
32,14,1,0,0,-323.49048,-434.80215,370.06967,0.0022175405,0.012927735,0.0066399216,3.8556807,3.8647223,2,-1,0,0.93517023,1
32,10,1,1,0,-344.00006,446.41693,262.36194,0.009728496,0.002437599,-0.016948381,19.549978,18.158611,2,36,1,0.9845781,1
32,5,1,1,0,355.9568,-426.91113,156.26631,-0.01996929,0.0029256546,0.0073970356,20.93375,21.023056,2,37,1,0.9141525,1
32,14,1,0,0,-323.49048,-434.80215,370.06967,0.0022175405,0.012927735,0.0066399216,3.3082292,3.2716668,2,-1,0,0.94112194,1
32,16,1,0,0,-101.28199,-603.0703,415.53607,0.0011435742,0.022219803,0.018985271,3.1107776,3.0277777,2,-1,0,0.781659,1
33,17,1,1,0,7.361982,351.9234,12.382784,-0.0036278905,0.008869634,0.013069187,12.298896,12.4125,2,0,1,0.9978573,1
33,39,1,0,0,-42.056557,-280.70782,73.99943,0.013561022,0.029376935,-0.018862855,5.90682,5.8594446,2,-1,0,0.9636882,1
33,4,1,1,0,-13.426837,-267.57297,295.93268,0.0033939304,-0.010280256,-0.013174475,10.257653,10.333333,2,1,1,0.9913244,1
33,5,1,0,0,-16.599669,-158.43813,375.45624,-0.0059834393,-0.008875742,0.0029239813,3.665375,3.5775,2,-1,0,0.84856397,1
33,4,1,0,0,-13.426837,-267.57297,295.93268,0.0033939304,-0.010280256,-0.013174475,8.388306,8.3752775,2,-1,0,0.9982534,1
33,28,1,1,0,14.939037,-120.93875,202.37616,-0.0039478326,0.03430626,-0.018596672,26.028446,26.616112,2,2,1,0.9996358,1
33,28,1,0,0,14.939037,-120.93875,202.37616,-0.0039478326,0.03430626,-0.018596672,6.1259027,6.023611,2,-1,0,0.97838014,1
33,5,1,1,0,-16.599669,-158.43813,375.45624,-0.0059834393,-0.008875742,0.0029239813,12.141069,11.243889,2,3,1,0.9856441,1
33,28,1,0,0,14.939037,-120.93875,202.37616,-0.0039478326,0.03430626,-0.018596672,10.104751,10.024722,2,-1,0,0.99768317,1
33,2,0,0,0,0.0,0.0,0.0,0.0,0.0,0.0,16.30625,-1.0,2,-1,0,0.9981244,1
33,33,1,1,0,-34.97789,-499.26657,416.53418,-0.024296775,-0.009917938,0.001573278,28.261883,27.911112,2,4,1,0.9951018,1
33,2,0,0,0,0.0,0.0,0.0,0.0,0.0,0.0,4.420687,-1.0,2,-1,0,0.9606225,1
33,2,0,0,0,0.0,0.0,0.0,0.0,0.0,0.0,34.497215,-1.0,2,-1,0,0.9851954,1
33,39,1,1,0,-42.056557,-280.70782,73.99943,0.013561022,0.029376935,-0.018862855,28.474813,28.243889,2,5,1,0.98646635,1
33,39,1,0,0,-42.056557,-280.70782,73.99943,0.013561022,0.029376935,-0.018862855,11.825091,11.755278,2,-1,0,0.99124616,1
33,26,1,1,0,-46.561085,302.13196,353.79837,8.4308806e-05,0.019492885,0.014360954,16.058619,16.2675,2,6,1,0.99299943,1
33,26,1,0,0,-46.561085,302.13196,353.79837,8.4308806e-05,0.019492885,0.014360954,11.939061,12.085556,2,-1,0,0.9979406,1
33,1,1,1,0,57.862328,-25.862967,388.86737,0.0014677126,-0.03428725,0.0017779187,31.24548,16.540277,2,7,1,0.99753404,1
33,32,1,1,0,-69.879555,-545.07086,156.16562,-0.013566194,0.0025750392,-0.029572075,39.107273,39.180557,2,8,1,0.98406696,1
33,12,1,1,0,-74.764435,491.6381,294.15323,-0.0186897,-0.007537708,-0.014645436,28.225286,28.358889,2,9,1,0.99276626,1
33,6,1,1,0,84.27757,249.80809,112.95141,0.009009081,-0.011730225,-0.02283017,22.695215,22.536945,2,10,1,0.99932975,1
33,8,1,1,0,-88.62774,423.1604,393.0113,-0.005894752,-0.004523485,-0.0028743453,10.233882,7.117778,2,11,1,0.95772666,1
33,6,1,0,0,84.27757,249.80809,112.95141,0.009009081,-0.011730225,-0.02283017,5.919986,5.915278,2,-1,0,0.9882654,1
33,7,1,1,0,-97.289696,57.260757,370.3867,-0.005786052,0.029461859,0.012629759,23.898495,24.00361,2,12,1,0.9974523,1
33,7,1,0,0,-97.289696,57.260757,370.3867,-0.005786052,0.029461859,0.012629759,5.940792,4.2455554,2,-1,0,0.99488527,1
33,7,1,0,0,-97.289696,57.260757,370.3867,-0.005786052,0.029461859,0.012629759,5.96,5.967222,2,-1,0,0.9263798,1
33,38,1,1,0,150.07748,-375.9362,285.3926,-0.018681716,-0.0031801902,-0.0009020188,15.226958,15.377222,2,13,1,1.0,1
33,38,1,0,0,150.07748,-375.9362,285.3926,-0.018681716,-0.0031801902,-0.0009020188,6.0725207,6.079167,2,-1,0,0.9985268,1
33,15,1,1,0,-160.99722,-463.57962,251.23164,-0.014800068,-0.00060899754,-0.0012682247,15.599069,15.5525,2,14,1,0.9981108,1
33,11,1,0,0,167.36717,-573.95056,250.39561,0.0014904134,-0.0030884803,-0.022499762,11.263728,11.189167,2,-1,0,0.94258976,1
33,11,1,1,0,167.36717,-573.95056,250.39561,0.0014904134,-0.0030884803,-0.022499762,13.306222,13.5002775,2,15,1,0.98706573,1
33,30,1,0,0,352.76938,-246.05453,273.409,-0.03319952,0.005061186,0.019270184,12.214653,12.224167,2,-1,0,0.9662754,1
33,21,1,1,0,-188.44603,200.44193,94.42397,0.0029616614,0.0081100715,-0.012414253,6.6656666,3.125,2,16,1,0.975049,1
33,21,1,0,0,-188.44603,200.44193,94.42397,0.0029616614,0.0081100715,-0.012414253,4.8125277,4.805,2,-1,0,0.9631176,1
33,18,1,1,0,196.15955,-406.52142,49.20371,-0.022321101,0.017853644,-0.004199361,30.163082,28.364445,2,17,1,0.99991536,1
33,19,1,1,0,195.07303,401.39703,0.64115405,-0.007853391,0.0052796802,0.0005133375,4.0826664,4.346667,2,18,1,0.8580171,1
33,23,1,1,0,-210.21088,541.8655,16.887234,0.0152077535,-0.010831963,-0.0022177624,21.138222,20.878334,2,19,1,0.9967199,1
33,10,1,1,0,-215.81006,-386.52417,54.610107,-0.007947645,-0.010214593,0.007539343,15.337361,15.305555,2,20,1,0.9946104,1
33,22,1,1,0,216.31427,281.65723,304.72238,0.006882856,-0.0038600743,-0.0119340485,13.009432,13.079166,2,21,1,0.99861836,1
33,31,1,1,0,-217.14453,117.80626,459.10153,-0.0100342445,-0.0011188023,0.0028975673,10.408125,10.398889,2,22,1,0.9883536,1
33,13,1,1,0,-229.696,-529.7385,240.28589,-0.0076137446,0.013739887,0.02225507,28.187359,26.701944,2,23,1,0.9977018,1
33,14,1,0,0,-236.5743,92.89078,293.22665,0.0034508891,0.016246755,0.0007392874,3.7869167,3.8241668,2,-1,0,0.85095483,1
33,14,1,1,0,-236.5743,92.89078,293.22665,0.0034508891,0.016246755,0.0007392874,10.963917,8.569722,2,24,1,0.9696999,1
33,35,1,1,0,257.4216,320.66592,458.77658,-0.01775129,-0.009526472,-0.0042788642,11.152223,11.008333,2,25,1,0.99915385,1
33,35,1,0,0,257.4216,320.66592,458.77658,-0.01775129,-0.009526472,-0.0042788642,6.6949587,6.5536113,2,-1,0,0.9924759,1
33,37,0,0,0,0.0,0.0,0.0,0.0,0.0,0.0,16.312729,-1.0,2,-1,0,0.99161786,1
33,16,1,0,0,-260.4261,-4.9790273,410.79242,-0.013977991,0.018373968,-0.01057978,10.237556,5.7991667,2,-1,0,0.9914607,1
33,37,0,0,0,0.0,0.0,0.0,0.0,0.0,0.0,6.665028,-1.0,2,-1,0,0.99816835,1
33,16,1,1,0,-260.4261,-4.9790273,410.79242,-0.013977991,0.018373968,-0.01057978,10.772737,10.610833,2,26,1,0.97969145,1
33,20,1,1,0,-277.6787,-421.62836,399.33838,0.00111398,-0.016726872,-0.009370743,19.023645,17.595278,2,27,1,0.96818393,1
33,36,1,1,0,280.64786,-198.19765,431.2792,0.018391382,-0.006216557,0.0020364784,15.725944,12.107223,2,28,1,0.99473447,1
33,36,1,0,0,280.64786,-198.19765,431.2792,0.018391382,-0.006216557,0.0020364784,4.2846527,4.3233333,2,-1,0,0.9983504,1
33,29,1,1,0,-283.30185,60.63804,376.14847,-0.003843298,0.005164361,0.0040915906,6.667993,4.8641667,2,29,1,0.9808599,1
33,3,1,1,0,286.45282,-67.984024,7.6883464,-0.010138006,0.0047399164,-0.010430236,13.968383,14.010555,2,30,1,0.9818995,1
33,25,1,1,0,-330.46765,-415.43097,41.32052,0.005516285,0.011483546,0.00028887574,8.3715,8.627222,2,31,1,0.9961507,1
33,40,1,1,0,-310.62286,133.42639,95.059685,-0.017215079,-0.00034654932,0.0027760707,16.769583,10.531944,2,-1,1,0.99702907,1
33,27,1,1,0,311.57553,-201.83955,170.07538,0.02345031,-0.00066663476,-0.024993781,31.637362,29.300556,2,32,1,0.98253953,1
33,24,1,1,0,344.8107,-355.11902,113.192,-0.03564348,-0.012140357,-0.008887306,19.247139,19.12139,2,33,1,0.9861393,1
33,34,1,1,0,-326.60425,586.9119,20.2782,0.008256856,-0.020606114,0.013327665,23.038757,23.038889,2,34,1,0.99072593,1
33,25,1,0,0,-330.46765,-415.43097,41.32052,0.005516285,0.011483546,0.00028887574,3.1450138,3.2077777,2,-1,0,0.91311574,1
33,24,1,0,0,344.8107,-355.11902,113.192,-0.03564348,-0.012140357,-0.008887306,17.609459,16.141945,2,-1,0,0.99605274,1
33,9,1,1,0,347.8533,413.11682,241.77827,-0.013592752,0.0051902165,0.011896255,16.843971,16.762777,2,35,1,0.9482443,1
33,30,1,1,0,352.76938,-246.05453,273.409,-0.03319952,0.005061186,0.019270184,24.571768,24.926111,2,36,1,0.7462731,1
34,20,1,1,0,-10.424251,57.388454,361.35934,0.0131395925,0.012942264,-0.0019926054,12.518444,12.371388,2,0,1,0.9775168,1
34,33,1,1,0,8.262264,-542.5364,124.0996,-0.0016947285,-0.0026683614,0.01923747,19.841833,19.2775,2,1,1,0.9901654,1
34,36,1,1,0,-10.006978,-42.694218,307.40192,-0.0066855466,-0.0033628999,-0.00054410077,8.365194,8.251945,2,2,1,0.9940852,1
34,26,0,0,0,-80.24376,220.69017,419.92194,0.01650265,0.022394622,-0.053331,3.501333,3.6341667,2,-1,0,0.68457884,1
34,13,1,0,0,79.29619,57.8144,296.0198,-0.018062018,0.0053646383,-0.013184271,4.79875,4.887778,2,-1,0,0.97691727,1
34,14,1,1,0,-36.625675,-342.35107,11.836315,-0.017350622,0.011908037,-0.020966597,20.450888,20.78139,2,3,1,0.99646306,1
34,23,1,1,0,47.001633,-498.75742,36.485073,-0.0025441954,0.009140321,-0.00457398,12.70375,11.689167,2,4,1,0.9913493,1
34,16,1,0,0,52.976395,465.17252,29.13457,-0.000870844,-0.011007535,-0.008301828,7.8400693,7.685,2,-1,0,0.9704358,1
34,16,1,1,0,52.976395,465.17252,29.13457,-0.000870844,-0.011007535,-0.008301828,8.585736,8.698334,2,5,1,0.99819094,1
34,35,1,1,0,-62.968555,85.46612,457.5956,-0.0035568888,0.01129295,0.008162173,15.700811,14.674723,2,6,1,0.9929743,1
34,26,1,0,0,-80.24376,220.69017,419.92194,0.01650265,0.022394622,-0.053331,19.965757,19.401945,2,-1,0,0.9971118,1
34,13,1,0,0,79.29619,57.8144,296.0198,-0.018062018,0.0053646383,-0.013184271,3.58125,3.6816666,2,-1,0,0.9099985,1
34,29,1,1,0,68.64949,19.861658,175.2249,0.00055841735,-0.020133266,0.027304633,22.359333,22.2375,2,7,1,0.99921787,1
34,29,1,0,0,68.64949,19.861658,175.2249,0.00055841735,-0.020133266,0.027304633,19.514242,15.190556,2,-1,0,0.9925575,1
34,12,1,1,0,70.05966,-130.91832,377.81085,0.00977241,0.00090750697,-0.028367741,24.262548,24.196945,2,8,1,0.9578056,1
34,13,1,1,0,79.29619,57.8144,296.0198,-0.018062018,0.0053646383,-0.013184271,13.313806,13.240833,2,9,1,0.96015793,1
34,12,1,0,0,70.05966,-130.91832,377.81085,0.00977241,0.00090750697,-0.028367741,3.9098818,4.103611,2,-1,0,0.9503687,1
34,26,1,1,0,-80.24376,220.69017,419.92194,0.01650265,0.022394622,-0.053331,34.02352,34.191113,2,10,1,0.99871063,1
34,13,1,0,0,79.29619,57.8144,296.0198,-0.018062018,0.0053646383,-0.013184271,5.1967916,5.321944,2,-1,0,0.9364014,1
34,26,1,0,0,-80.24376,220.69017,419.92194,0.01650265,0.022394622,-0.053331,3.726903,3.81,2,-1,0,0.9054182,1
34,25,1,1,0,-103.98317,204.01357,221.38565,-0.0019209693,-0.0025540346,0.0029265378,4.4509997,4.6294446,2,11,1,0.96036166,1
34,28,1,1,0,111.839935,282.57208,76.49369,-0.017267153,-0.016460558,-0.0011277221,26.32905,26.47611,2,12,1,0.97906417,1
34,9,1,1,0,-106.60052,-156.16527,252.96608,-0.007717457,0.019485464,-0.021048395,22.280117,22.4975,2,13,1,0.99779344,1
34,25,1,0,0,-103.98317,204.01357,221.38565,-0.0019209693,-0.0025540346,0.0029265378,3.8254375,3.8258333,2,-1,0,0.8628791,1
34,8,1,1,0,84.05361,-602.8764,68.272095,0.018113572,-0.001501165,-0.0006703434,7.023264,6.9444447,2,14,1,0.976046,1
34,9,1,0,0,-106.60052,-156.16527,252.96608,-0.007717457,0.019485464,-0.021048395,5.561639,5.508611,2,-1,0,0.9762664,1
34,7,1,1,0,-122.142136,224.07823,290.38257,-0.02271048,0.008932869,-0.015763437,19.540348,18.67639,2,15,1,0.98511153,1
34,11,1,1,0,-127.20125,323.5367,461.08688,-0.00023714559,0.01506026,-0.0003590165,15.941075,15.877778,2,16,1,0.9995348,1
34,27,1,1,0,132.64586,436.76407,260.71072,0.0055377763,-0.0053827744,0.011583986,11.435035,9.831667,2,17,1,0.95268506,1
34,27,1,0,0,132.64586,436.76407,260.71072,0.0055377763,-0.0053827744,0.011583986,3.649139,3.5744445,2,-1,0,0.9390032,1
34,25,1,0,0,-103.98317,204.01357,221.38565,-0.0019209693,-0.0025540346,0.0029265378,2.9065068,2.9941666,2,-1,0,0.58786625,1
34,30,1,1,0,155.52304,-600.4052,394.48846,-0.0045064823,0.0072708153,-0.012899312,13.84882,13.826389,2,18,1,0.99300486,1
34,31,1,1,0,163.817,-85.26654,103.80596,-0.0128422,0.016511053,0.0096642645,25.168415,25.292223,2,19,1,0.99305457,1
34,7,1,0,0,-122.142136,224.07823,290.38257,-0.02271048,0.008932869,-0.015763437,3.0987918,3.0386112,2,-1,0,0.51201767,1
34,31,1,0,0,163.817,-85.26654,103.80596,-0.0128422,0.016511053,0.0096642645,4.9853473,5.0063887,2,-1,0,0.9890196,1
34,7,1,0,0,-122.142136,224.07823,290.38257,-0.02271048,0.008932869,-0.015763437,8.172334,8.303333,2,-1,0,0.9956423,1
34,17,1,1,0,-182.14928,-429.25787,196.09648,0.004817177,-0.002220571,-0.009594814,8.770521,8.720555,2,20,1,0.99325246,1
34,4,1,1,0,-189.02194,545.83606,25.323902,-0.024094706,-0.008432229,-0.0035484224,28.469175,26.599722,2,21,1,0.99802953,1
34,22,1,1,0,209.15863,-336.46777,397.0674,0.0046962304,0.00065415,-0.0044876453,6.69582,4.605,2,22,1,0.9757545,1
34,10,1,0,0,-243.31143,522.5941,313.9978,-0.012891595,0.0025165293,-0.009092049,4.3342505,4.3461113,2,-1,0,0.92009777,1
34,5,1,0,0,216.08641,526.99414,435.0312,0.013583321,-0.016222684,0.03607937,3.7836459,3.6755555,2,-1,0,0.83295983,1
34,15,1,1,0,-214.56464,288.27203,444.83325,-0.006788213,-0.048872642,-0.006542075,37.596375,37.230278,2,23,1,0.9958287,1
34,5,1,1,0,216.08641,526.99414,435.0312,0.013583321,-0.016222684,0.03607937,35.95164,35.02639,2,24,1,0.9965429,1
34,15,1,0,0,-214.56464,288.27203,444.83325,-0.006788213,-0.048872642,-0.006542075,6.890729,6.833611,2,-1,0,0.974812,1
34,15,1,0,0,-214.56464,288.27203,444.83325,-0.006788213,-0.048872642,-0.006542075,5.3345413,5.3380556,2,-1,0,0.9940204,1
34,21,1,1,0,-241.87737,319.4718,283.92633,-0.009877166,0.0019173444,0.0006224529,10.524146,10.560555,2,25,1,0.97163457,1
34,10,1,0,0,-243.31143,522.5941,313.9978,-0.012891595,0.0025165293,-0.009092049,4.3448615,2.9488888,2,-1,0,0.9362367,1
34,38,1,1,0,-260.5608,265.55304,75.2611,-0.021180961,-0.015679603,-0.019907495,14.940987,14.980833,2,26,1,0.9900003,1
34,38,1,0,0,-260.5608,265.55304,75.2611,-0.021180961,-0.015679603,-0.019907495,5.2781873,5.2022223,2,-1,0,0.97571135,1
34,2,1,1,0,-270.6418,-109.857605,92.68417,0.014932233,-0.0002973004,0.0007995468,15.877033,16.107779,2,27,1,0.98818064,1
34,38,1,0,0,-260.5608,265.55304,75.2611,-0.021180961,-0.015679603,-0.019907495,14.018646,13.936389,2,-1,0,0.97174644,1
34,39,1,1,0,269.39175,551.5826,300.78284,-0.010045175,0.002381143,0.005631136,8.425305,8.515555,2,28,1,0.98774904,1
34,19,1,1,0,-277.87338,-511.02362,303.39084,0.009890004,-0.029168924,0.0025793721,28.433437,27.038334,2,29,1,0.9984541,1
34,32,1,1,0,-281.48773,-18.75229,375.2864,0.013633827,0.0067126835,-0.0011484376,14.594251,14.772778,2,30,1,0.94584775,1
34,37,1,1,0,-287.45746,-525.8926,253.4712,0.03374597,0.034220546,0.04121682,59.495613,60.035557,2,31,1,0.9850086,1
34,19,1,0,0,-277.87338,-511.02362,303.39084,0.009890004,-0.029168924,0.0025793721,3.513722,3.6422222,2,-1,0,0.9571666,1
34,10,1,1,0,-243.31143,522.5941,313.9978,-0.012891595,0.0025165293,-0.009092049,7.6060834,7.7858334,2,32,1,0.9689567,1
34,6,1,1,0,301.05014,299.98187,203.16559,-0.010519031,0.01712002,0.004011612,17.595015,17.543333,2,33,1,0.99815315,1
34,24,1,1,0,-298.99158,221.78284,295.6689,-0.007149216,-0.008012322,-0.014150214,15.47732,14.455833,2,34,1,0.95895046,1
34,40,1,1,0,-316.20197,326.21503,89.37946,-0.009776597,0.029638179,0.003944377,22.5712,14.796667,2,35,1,0.9930737,1
34,40,1,0,0,-316.20197,326.21503,89.37946,-0.009776597,0.029638179,0.003944377,7.105292,6.9744444,2,-1,0,0.98426604,1
34,3,1,1,0,320.1503,457.1966,205.27612,0.0026163086,-0.011290162,-0.004301215,12.041278,10.240556,2,36,1,0.9817375,1
34,18,1,1,0,-320.9426,-196.9991,160.18892,-0.014976372,0.0037600256,0.008767562,15.395145,15.456944,2,-1,1,0.94460446,1
34,1,1,1,0,337.33258,172.50626,270.5626,0.0173094,-0.012000359,0.012869619,17.13459,17.109167,2,37,1,0.9763956,1
34,34,1,0,0,-357.00235,557.3845,140.71742,0.0051323827,-0.022415947,0.018188907,4.3720694,4.3069444,2,-1,0,0.9891844,1
34,1,1,0,0,337.33258,172.50626,270.5626,0.0173094,-0.012000359,0.012869619,3.008417,3.0027778,2,-1,0,0.9065602,1
34,34,1,1,0,-357.00235,557.3845,140.71742,0.0051323827,-0.022415947,0.018188907,22.441145,22.501944,2,38,1,0.9971794,1
34,19,0,0,0,0.0,0.0,0.0,0.0,0.0,0.0,3.271,3.2475,2,-1,0,0.8042441,1
35,39,1,1,0,-6.065678,27.750158,311.7349,0.008935549,0.0011252753,0.0077292183,4.390326,4.1716666,2,0,1,0.85392314,1
35,13,1,1,0,-10.302346,-514.339,20.892467,0.013579871,0.006684458,-0.014482464,21.529736,21.433056,2,1,1,0.9943851,1
35,5,1,0,0,-17.150146,-577.6581,44.950695,0.0019969332,-0.014934474,0.006487147,6.323028,6.5055556,2,-1,0,0.9879483,1
35,23,1,1,0,-15.45663,-23.958694,72.44495,-0.0074427584,0.020236561,0.020597978,34.25723,32.822224,2,2,1,0.9999666,1
35,5,1,1,0,-17.150146,-577.6581,44.950695,0.0019969332,-0.014934474,0.006487147,9.631583,9.7913885,2,3,1,0.99449766,1
35,15,0,0,0,0.0,0.0,0.0,0.0,0.0,0.0,4.9101176,-1.0,2,-1,0,0.9891467,1
35,15,0,0,0,0.0,0.0,0.0,0.0,0.0,0.0,36.348682,-1.0,2,-1,0,0.94870347,1
35,30,1,1,0,45.407906,568.6494,214.29324,0.01549515,-0.027419617,-0.0032022395,15.442902,11.024167,2,4,1,0.9815472,1
35,30,1,0,0,45.407906,568.6494,214.29324,0.01549515,-0.027419617,-0.0032022395,5.723784,5.925,2,-1,0,0.82445204,1
35,28,1,0,0,52.024338,-246.60646,395.9775,-0.013086481,-0.012130342,-0.013919386,6.148722,6.158889,2,-1,0,0.8971122,1
35,28,1,0,0,52.024338,-246.60646,395.9775,-0.013086481,-0.012130342,-0.013919386,4.0661182,3.968889,2,-1,0,0.8763252,1
35,28,1,1,0,52.024338,-246.60646,395.9775,-0.013086481,-0.012130342,-0.013919386,15.518898,15.251389,2,5,1,0.9935677,1
35,7,1,1,0,-68.363144,317.4266,128.10312,0.025123516,-0.0015944944,0.02009055,23.425423,23.526112,2,6,1,0.9705585,1
35,7,1,0,0,-68.363144,317.4266,128.10312,0.025123516,-0.0015944944,0.02009055,11.528084,11.335,2,-1,0,0.98330754,1
35,9,1,1,0,-72.76441,291.48453,269.6201,-0.021415157,-0.013484611,0.0071843625,28.300318,28.417223,2,7,1,0.9978211,1
35,38,1,1,0,-73.057045,263.36017,289.66745,-0.025845872,-0.01772066,-0.013107332,30.217749,27.553333,2,8,1,0.9877087,1
35,30,1,0,0,45.407906,568.6494,214.29324,0.01549515,-0.027419617,-0.0032022395,8.522,8.493611,2,-1,0,0.97207963,1
35,33,1,1,0,-81.32766,247.67494,10.064704,0.01327044,-0.015514703,0.010275531,14.351799,14.448055,2,9,1,0.9295914,1
35,27,1,0,0,-87.02232,552.6372,90.20071,-0.015681865,0.019639194,0.0028090975,3.523,3.5238888,2,-1,0,0.7173811,1
35,33,1,0,0,-81.32766,247.67494,10.064704,0.01327044,-0.015514703,0.010275531,12.663321,11.349444,2,-1,0,0.976896,1
35,27,1,1,0,-87.02232,552.6372,90.20071,-0.015681865,0.019639194,0.0028090975,28.594284,28.007223,2,10,1,0.9982704,1
35,16,1,1,0,-94.14291,-174.50557,243.1839,0.0044932873,-0.01682639,0.021542937,26.029375,26.098333,2,11,1,0.9962029,1
35,33,0,0,0,0.0,0.0,0.0,0.0,0.0,0.0,2.889514,2.7697222,2,-1,0,0.6654678,1
35,6,1,1,0,-104.15529,163.7853,236.47304,-0.008163333,-0.001885452,0.0057800584,9.372695,9.393888,2,12,1,0.9971668,1
35,6,1,0,0,-104.15529,163.7853,236.47304,-0.008163333,-0.001885452,0.0057800584,3.9425278,3.98,2,-1,0,0.9755623,1
35,31,1,1,0,106.74559,87.60403,80.87494,0.021158816,-0.00048209238,-0.02190646,31.878984,32.28361,2,13,1,0.9997564,1
35,12,1,1,0,-115.987946,-435.54312,425.80017,0.015436949,0.030964063,-0.009486732,36.13418,36.16722,2,14,1,0.9975472,1
35,35,1,1,0,-131.09415,-140.34787,98.50195,-0.03401784,-0.021452952,-0.010401707,39.30274,35.68667,2,15,1,0.9982704,1
35,26,1,0,0,-194.97687,-444.04642,418.25253,0.02918765,0.0020111809,-0.0015672315,6.6053615,6.5780554,2,-1,0,0.9623286,1
35,35,1,0,0,-131.09415,-140.34787,98.50195,-0.03401784,-0.021452952,-0.010401707,5.1871667,5.293889,2,-1,0,0.8953256,1
35,11,1,1,0,147.83923,221.67151,338.33398,0.035930388,0.014814469,-0.041279487,44.674194,51.4475,2,16,1,0.9999709,1
35,24,1,1,0,153.6451,-366.47964,413.82367,0.014566596,-0.00015985146,0.011169783,17.650215,15.949166,2,17,1,0.95991594,1
35,4,1,1,0,166.3759,-89.4515,98.15838,-0.0050174687,-0.015655972,0.020665918,29.890383,29.878334,2,18,1,0.9870013,1
35,21,1,1,0,160.39505,380.8681,286.29883,-0.0048866845,0.006471459,0.0055816807,6.745236,6.6994443,2,19,1,0.9916678,1
35,32,1,0,0,168.45154,5.476174,183.07935,-0.0010204908,-0.018259771,0.008139865,5.315576,5.262778,2,-1,0,0.9649025,1
35,32,1,1,0,168.45154,5.476174,183.07935,-0.0010204908,-0.018259771,0.008139865,12.625771,12.718056,2,20,1,0.9999964,1
35,1,1,1,0,174.61635,348.1877,318.56622,-0.00018431143,0.005461926,0.0004730046,11.8649025,7.7094445,2,21,1,0.96870506,1
35,29,1,1,0,184.38252,456.5085,345.64493,-0.018697733,-0.0048524966,-0.020829009,30.948133,30.9325,2,22,1,0.99526626,1
35,26,1,1,0,-194.97687,-444.04642,418.25253,0.02918765,0.0020111809,-0.0015672315,16.816568,17.002222,2,23,1,0.99651873,1
35,37,1,0,0,-219.6393,426.93237,303.8875,-0.0063553895,-0.017092383,-0.0076370398,3.1138124,2.9447222,2,-1,0,0.6007122,1
35,37,1,0,0,-219.6393,426.93237,303.8875,-0.0063553895,-0.017092383,-0.0076370398,10.587118,10.362223,2,-1,0,0.97615266,1
35,37,1,1,0,-219.6393,426.93237,303.8875,-0.0063553895,-0.017092383,-0.0076370398,11.224854,7.420833,2,24,1,0.99818677,1
35,10,1,1,0,229.60709,17.15378,239.17169,-0.011970702,-0.011874901,0.025370413,30.055445,27.524166,2,25,1,0.9993725,1
35,14,1,1,0,-229.0172,-551.0762,409.87546,0.016998399,0.00078667107,-0.0029885606,17.746355,17.811666,2,26,1,0.9931397,1
35,3,1,0,0,-235.40419,-369.29504,253.3337,0.019736072,0.014288248,0.007903309,2.9256806,2.9905555,2,-1,0,0.84883046,1
35,3,1,0,0,-235.40419,-369.29504,253.3337,0.019736072,0.014288248,0.007903309,3.185965,3.2691667,2,-1,0,0.57434773,1
35,3,1,1,0,-235.40419,-369.29504,253.3337,0.019736072,0.014288248,0.007903309,18.314909,18.264723,2,27,1,0.9578307,1
35,18,1,1,0,249.43594,-346.81772,361.99045,-0.0046566166,0.016740756,0.007823085,19.585743,17.838888,2,28,1,0.99983823,1
35,20,1,1,0,250.27501,443.65045,5.218495,-0.008793306,-0.007920564,-0.0044255904,12.660862,7.272222,2,29,1,0.9684067,1
35,8,1,0,0,-272.8026,-594.8991,70.53412,0.0067055793,0.0039365008,-0.025920048,2.9228609,3.0219445,2,-1,0,0.8322231,1
35,34,1,1,0,-263.31058,347.74277,397.84717,-0.010997954,-0.0034124367,-0.006732702,6.1559167,4.8969445,2,30,1,0.9715958,1
35,8,1,1,0,-272.8026,-594.8991,70.53412,0.0067055793,0.0039365008,-0.025920048,24.885265,24.929722,2,31,1,0.98706424,1
35,17,1,1,0,-290.21204,20.768015,258.0858,0.01115696,0.015205343,0.020224221,10.409875,10.484445,2,32,1,0.98320943,1
35,17,1,0,0,-290.21204,20.768015,258.0858,0.01115696,0.015205343,0.020224221,3.6947708,3.6627777,2,-1,0,0.95692825,1
35,17,1,0,0,-290.21204,20.768015,258.0858,0.01115696,0.015205343,0.020224221,10.14584,10.083889,2,-1,0,0.9686553,1
35,17,1,0,0,-290.21204,20.768015,258.0858,0.01115696,0.015205343,0.020224221,3.5894654,3.6155555,2,-1,0,0.93058026,1
35,40,1,1,0,-312.22772,-86.78503,48.940643,-0.009904136,-0.051146872,-0.024784049,50.019398,44.887222,2,33,1,0.9987219,1
35,40,1,0,0,-312.22772,-86.78503,48.940643,-0.009904136,-0.051146872,-0.024784049,5.9870486,6.0383334,2,-1,0,0.97936225,1
35,36,1,1,0,340.05276,331.42316,151.48645,-0.008217303,-0.0058747777,-0.007398361,9.040042,8.984167,2,34,1,0.9809238,1
35,22,1,0,0,-352.2482,-540.1617,160.6113,-0.0050918064,-0.010480286,-0.016966524,6.7334237,6.6783333,2,-1,0,0.96149755,1
35,22,1,1,0,-352.2482,-540.1617,160.6113,-0.0050918064,-0.010480286,-0.016966524,11.413383,10.741111,2,35,1,0.98317766,1
35,25,1,1,0,359.9762,-318.03076,294.33118,0.0066542565,-0.0139165325,-0.0013273879,15.008764,12.9975,2,36,1,0.997336,1
36,22,1,1,0,10.915117,451.1159,344.58685,-0.0026823808,-0.018702956,-0.020914705,30.636162,30.193333,2,0,1,0.9999448,1
36,32,1,0,0,-22.635084,-415.82034,182.80687,0.009309158,0.0040052757,-0.01426778,3.1186805,3.0644445,2,-1,0,0.544194,1
36,32,1,1,0,-22.635084,-415.82034,182.80687,0.009309158,0.0040052757,-0.01426778,16.556194,16.9275,2,1,1,0.962686,1
36,37,1,1,0,-60.85415,471.9319,75.84009,-0.0053774673,0.013537858,-0.011530312,19.571556,18.129444,2,2,1,0.99256897,1
36,13,1,0,0,79.78507,-86.43475,260.03284,-0.008330352,0.018986326,-0.0027417478,7.5700345,7.525,2,-1,0,0.98210734,1
36,24,1,0,0,-107.90007,-68.19655,289.89343,0.013669961,0.00567615,-0.0015306878,7.7202225,7.5480556,2,-1,0,0.9877055,1
36,36,1,1,0,-82.907104,-532.9692,140.52972,0.013353396,0.020649947,-0.0068965186,26.913431,26.938612,2,3,1,0.99999976,1
36,13,1,1,0,79.78507,-86.43475,260.03284,-0.008330352,0.018986326,-0.0027417478,13.072014,13.195278,2,4,1,0.99980235,1
36,2,1,0,0,-90.26597,-280.76227,133.41063,0.020080594,0.009648381,-0.0062917992,6.75384,7.105278,2,-1,0,0.9979376,1
36,2,1,0,0,-90.26597,-280.76227,133.41063,0.020080594,0.009648381,-0.0062917992,5.4266043,4.6794443,2,-1,0,0.97343814,1
36,2,1,1,0,-90.26597,-280.76227,133.41063,0.020080594,0.009648381,-0.0062917992,15.668326,16.002222,2,5,1,0.9872766,1
36,27,1,1,0,91.8705,298.7685,234.42078,-0.0016126183,0.013132677,-0.003549282,13.813604,12.870556,2,6,1,0.97378767,1
36,14,1,1,0,93.94729,119.11823,12.036599,0.003912647,0.0040924563,0.0014098395,6.1415973,6.21,2,7,1,0.9562234,1
36,38,1,1,0,101.69692,-298.54697,38.000244,0.013600191,0.005646723,-0.01895265,25.413168,22.501667,2,8,1,0.9939306,1
36,28,1,0,0,132.11182,278.8553,316.32953,-0.008338011,0.0048142495,0.008456093,3.5890973,3.4625,2,-1,0,0.5853067,1
36,24,1,1,0,-107.90007,-68.19655,289.89343,0.013669961,0.00567615,-0.0015306878,8.337847,8.315556,2,9,1,0.98199505,1
36,4,1,1,0,-108.67015,-348.92688,385.80228,-0.0072610704,0.011705693,-0.012450389,16.29643,9.581111,2,10,1,0.9729316,1
36,18,1,1,0,-113.29348,-4.1109805,313.18954,-0.018840818,0.0035690365,-0.00076547306,20.25607,17.882778,2,11,1,0.9879516,1
36,30,1,0,0,-130.8068,332.3248,347.47855,0.0066690994,0.0069975047,0.018351147,7.2590494,7.056667,2,-1,0,0.98935497,1
36,28,1,1,0,132.11182,278.8553,316.32953,-0.008338011,0.0048142495,0.008456093,8.800965,8.941667,2,12,1,0.9897316,1
36,30,1,1,0,-130.8068,332.3248,347.47855,0.0066690994,0.0069975047,0.018351147,15.395764,15.269167,2,13,1,0.9944676,1
36,30,1,0,0,-130.8068,332.3248,347.47855,0.0066690994,0.0069975047,0.018351147,7.6393757,7.581389,2,-1,0,0.986441,1
36,15,1,1,0,-141.38481,-77.67057,243.95195,-0.015071668,0.00079910876,-0.0017917752,13.289944,13.093889,2,14,1,0.98035794,1
36,12,1,1,0,156.32222,-152.36201,400.48813,0.021577433,-0.0027515104,-0.005723634,23.660576,10.434722,2,15,1,0.9999771,1
36,1,1,1,0,169.82957,-447.72427,126.91971,0.01388033,0.004178677,0.0268827,25.101519,19.36,2,16,1,0.89827466,1
36,16,1,0,0,178.24898,-483.19797,99.36614,0.0005220186,-0.021547033,-0.03888058,3.9482012,4.028333,2,-1,0,0.93721706,1
36,16,1,1,0,178.24898,-483.19797,99.36614,0.0005220186,-0.021547033,-0.03888058,37.320404,36.1,2,17,1,0.96455306,1
36,16,1,0,0,178.24898,-483.19797,99.36614,0.0005220186,-0.021547033,-0.03888058,4.311278,4.2705555,2,-1,0,0.9824766,1
36,7,1,1,0,-224.31592,358.47415,97.9842,0.022092395,-0.0018424717,0.017228542,29.143599,29.039722,2,18,1,0.9991818,1
36,25,1,1,0,-235.51755,140.16843,168.17592,-0.0063570426,0.032194685,-0.0130461315,24.767248,18.599167,2,19,1,0.9494818,1
36,25,1,0,0,-235.51755,140.16843,168.17592,-0.0063570426,0.032194685,-0.0130461315,5.7613196,5.7355556,2,-1,0,0.99230033,1
36,23,1,1,0,-239.69695,-577.19305,212.63516,-0.021236332,0.012591433,0.0006167256,25.983,14.923333,2,20,1,0.9999229,1
36,25,1,0,0,-235.51755,140.16843,168.17592,-0.0063570426,0.032194685,-0.0130461315,3.7603402,3.883889,2,-1,0,0.9620221,1
36,39,1,1,0,259.52252,448.3873,194.53185,-0.01486297,0.006008704,-0.0030723468,16.478882,16.432222,2,21,1,0.9926883,1
36,27,0,0,0,0.0,0.0,0.0,0.0,0.0,0.0,3.3284028,3.2372222,2,-1,0,0.90115166,1
36,20,1,1,0,-280.84702,405.557,90.287415,-0.019956946,0.019330077,0.011221573,26.964748,26.45861,2,23,1,0.99595565,1
36,5,1,1,0,283.84772,176.49234,24.932611,0.003704029,0.01521062,-0.0060506025,6.727924,6.6980557,2,24,1,0.99668765,1
36,5,1,0,0,283.84772,176.49234,24.932611,0.003704029,0.01521062,-0.0060506025,5.0047364,5.2308335,2,-1,0,0.9930594,1
36,19,1,1,0,299.19022,437.67545,251.09995,-0.016537039,0.0049805,-0.021028223,27.728329,27.71861,2,25,1,0.9932742,1
36,31,1,1,0,-294.91077,107.89841,265.94238,-0.014297493,0.008320342,0.00663996,11.312944,11.314445,2,26,1,0.99685067,1
36,10,1,1,0,299.695,-232.30315,4.568471,-0.0008093839,0.013776222,0.0077027567,15.399625,15.586389,2,27,1,0.8608899,1
36,9,1,1,0,-303.82584,293.79443,371.54562,0.010117896,-0.0058620027,0.0043426715,10.141973,10.226666,2,28,1,0.9849358,1
36,9,1,0,0,-303.82584,293.79443,371.54562,0.010117896,-0.0058620027,0.0043426715,2.7196457,2.59,2,-1,0,0.76573026,1
36,33,1,1,0,314.18582,-446.57266,391.15286,-0.02502921,-0.008908588,0.012210917,27.410799,27.611666,2,29,1,0.99579084,1
36,17,1,1,0,311.51837,-478.4321,423.2056,0.010824596,-0.0049177045,0.005903824,11.150437,11.091389,2,30,1,0.98361176,1
36,5,1,0,0,283.84772,176.49234,24.932611,0.003704029,0.01521062,-0.0060506025,3.151104,3.2291667,2,-1,0,0.8676509,1
36,21,1,1,0,-320.8409,-325.69373,238.82224,-0.015904145,-0.024845582,-0.009905288,27.184896,20.273333,2,31,1,0.9999949,1
36,26,1,0,0,-330.31766,-115.49262,24.335821,0.016837653,0.019832928,0.015230746,3.2544444,3.2230556,2,-1,0,0.90838575,1
36,26,1,1,0,-330.31766,-115.49262,24.335821,0.016837653,0.019832928,0.015230746,25.277592,24.990555,2,32,1,0.99341726,1
36,11,1,1,0,-329.94852,-403.33557,24.521938,0.0018287443,-0.013464661,0.007587559,13.193459,13.168612,2,33,1,0.987554,1
36,29,1,0,0,-332.54633,565.91425,94.27296,0.001202737,0.030621527,0.015036399,8.880174,8.931389,2,-1,0,0.99637526,1
36,29,1,1,0,-332.54633,565.91425,94.27296,0.001202737,0.030621527,0.015036399,17.577131,17.63611,2,34,1,0.9731443,1
36,6,1,1,0,-334.49725,-233.11372,282.36,-0.024704615,0.0122544095,0.021749556,18.972292,18.209723,2,35,1,0.9290621,1
36,40,1,1,0,-349.15536,-175.488,382.5786,0.010425434,-0.0020016911,0.02076147,22.196783,22.246944,2,36,1,0.9815662,1
36,3,1,1,0,344.25842,266.7299,119.80972,0.0076753614,-0.02240296,0.008696314,24.72702,24.856112,2,37,1,0.99944335,1
36,35,1,1,0,347.35025,-561.0493,413.0322,0.01225464,-0.003721523,0.007508136,12.975854,11.428056,2,38,1,0.9976841,1
36,34,1,1,0,-349.69763,6.7603745,427.97705,-0.015450179,-0.008904335,-0.0005798283,9.402722,9.496667,2,39,1,0.9890955,1
36,31,1,0,0,-294.91077,107.89841,265.94238,-0.014297493,0.008320342,0.00663996,2.7875137,2.7875,2,-1,0,0.6350473,1
37,8,0,1,0,3.7354674,-238.91406,308.01215,0.017912125,-0.0062980275,-0.00097130775,17.887472,17.578333,2,0,1,1.0,1
37,31,1,1,0,-26.592066,-206.14467,318.0747,-0.026280198,-0.0005882959,0.012342875,29.755869,29.52861,2,1,1,0.99993694,1
37,7,1,1,0,42.777515,222.45163,408.73203,0.021651866,-0.027884688,-0.009107393,34.385563,34.425556,2,2,1,1.0,1
37,5,1,1,0,53.86681,601.20654,168.22519,0.0015797544,-0.016977236,0.004753623,14.802375,14.470555,2,3,1,0.9899572,1
37,36,1,1,0,61.082096,246.23466,226.38066,-0.025519496,-0.015270532,-0.01140726,28.057869,28.207222,2,4,1,0.9992656,1
37,27,1,1,0,55.80793,335.40265,306.886,0.0048929574,0.019915948,-0.00014138465,23.706278,15.405278,2,5,1,0.9959357,1
37,2,1,1,0,59.584045,364.62558,63.756477,0.02690113,-0.0053677736,0.033903964,17.828478,18.4025,2,6,1,0.99862915,1
37,29,1,1,0,61.02348,127.3598,439.0845,0.015275864,0.007117108,-0.028328285,27.212786,27.203056,2,7,1,0.9994911,1
37,2,1,0,0,59.584045,364.62558,63.756477,0.02690113,-0.0053677736,0.033903964,14.578091,14.799723,2,-1,0,0.97564244,1
37,29,1,0,0,61.02348,127.3598,439.0845,0.015275864,0.007117108,-0.028328285,9.023298,9.092778,2,-1,0,0.9996381,1
37,21,1,1,0,90.186104,90.97387,23.427423,-0.020826798,-0.014760074,0.0045473496,26.28454,25.778334,2,8,1,0.96290225,1
37,24,1,1,0,97.778145,-573.8474,173.91573,0.004718011,-0.018523214,-0.013867789,25.029354,3.2691667,2,9,1,0.99854606,1
37,2,1,0,0,59.584045,364.62558,63.756477,0.02690113,-0.0053677736,0.033903964,8.333041,8.41,2,-1,0,0.98785454,1
37,18,1,1,0,110.25533,-480.75742,374.10632,-0.0023323812,-0.005794706,0.002405483,7.3747287,7.35,2,10,1,0.994655,1
37,37,1,1,0,129.69069,-196.97603,406.41714,-0.010586447,-0.016457764,0.0061370954,21.492208,21.345,2,11,1,0.99088556,1
37,14,1,1,0,-130.08257,301.7628,157.2029,-0.00088706816,-0.0018833433,-0.023013199,17.752598,17.805834,2,12,1,0.9942946,1
37,14,1,0,0,-130.08257,301.7628,157.2029,-0.00088706816,-0.0018833433,-0.023013199,7.5538054,7.5644445,2,-1,0,0.97391754,1
37,35,1,1,0,-143.5639,-355.95093,96.21624,-0.0008633857,-0.0026525634,0.03597013,18.963743,18.880278,2,13,1,0.9991332,1
37,35,1,0,0,-143.5639,-355.95093,96.21624,-0.0008633857,-0.0026525634,0.03597013,14.772667,14.799444,2,-1,0,0.99930406,1
37,38,1,1,0,-144.50264,-576.94,92.340324,-6.982119e-06,-0.0044437093,0.0041836277,6.4306736,6.470556,2,14,1,0.97575915,1
37,17,1,1,0,-147.08752,355.39285,267.7015,0.0063388697,-0.001107683,0.0024066556,7.3970833,7.3894444,2,15,1,0.9867693,1
37,11,1,1,0,-145.84465,-308.93564,174.16484,-0.023277044,-0.0416233,-0.010179157,30.3655,17.0125,2,16,1,0.93566823,1
37,11,1,0,0,-145.84465,-308.93564,174.16484,-0.023277044,-0.0416233,-0.010179157,6.006681,6.0597224,2,-1,0,0.9943085,1
37,3,1,0,0,-159.16798,551.7205,174.82553,-0.0048658247,0.010846794,0.01763985,10.586889,10.4075,2,-1,0,0.9641096,1
37,33,1,1,0,-161.16832,-84.93097,47.5962,0.0033920486,0.016910892,0.00084601814,15.783035,16.263334,2,17,1,0.996853,1
37,26,1,0,0,-178.7286,-138.78513,106.61195,-0.011523844,0.0073599005,-0.023946235,3.8924093,3.9558334,2,-1,0,0.92080617,1
37,1,1,1,0,169.42972,16.559713,52.181004,-0.005797962,0.0015797088,-0.017973173,18.931007,18.278055,2,18,1,0.9841142,1
37,3,1,1,0,-159.16798,551.7205,174.82553,-0.0048658247,0.010846794,0.01763985,11.918041,11.883611,2,19,1,0.97171164,1
37,26,1,1,0,-178.7286,-138.78513,106.61195,-0.011523844,0.0073599005,-0.023946235,14.691042,13.130834,2,20,1,0.9987172,1
37,10,1,1,0,-184.17369,-463.27527,43.290707,-0.01695805,0.02805212,-0.01758258,38.60984,36.80111,2,21,1,1.0,1
37,26,1,0,0,-178.7286,-138.78513,106.61195,-0.011523844,0.0073599005,-0.023946235,5.776389,5.595278,2,-1,0,0.951093,1
37,26,1,0,0,-178.7286,-138.78513,106.61195,-0.011523844,0.0073599005,-0.023946235,4.702049,4.7744446,2,-1,0,0.9881026,1
37,22,1,1,0,-187.80728,492.76077,272.65387,-0.011114377,0.025696604,-0.0034872338,19.244875,18.903334,2,22,1,0.97446173,1
37,22,1,0,0,-187.80728,492.76077,272.65387,-0.011114377,0.025696604,-0.0034872338,13.783945,13.564167,2,-1,0,0.9937066,1
37,23,1,1,0,-197.08922,556.4196,443.50214,0.013183782,-0.018597202,0.0032488261,16.85834,16.851389,2,23,1,0.9839109,1
37,15,1,0,0,-216.85707,223.22916,103.401825,0.016245328,-0.0108248675,0.011275667,4.355944,4.3722224,2,-1,0,0.98698014,1
37,35,1,0,0,-143.5639,-355.95093,96.21624,-0.0008633857,-0.0026525634,0.03597013,3.5104098,3.3925,2,-1,0,0.92419547,1
37,15,1,1,0,-216.85707,223.22916,103.401825,0.016245328,-0.0108248675,0.011275667,17.148111,17.270834,2,24,1,0.99347585,1
37,15,1,0,0,-216.85707,223.22916,103.401825,0.016245328,-0.0108248675,0.011275667,7.077542,7.0727777,2,-1,0,0.97869176,1
37,9,1,0,0,-223.40877,141.0307,448.36304,-0.004172102,0.0036427989,0.0113097355,4.8035693,4.8522224,2,-1,0,0.9879071,1
37,9,1,1,0,-223.40877,141.0307,448.36304,-0.004172102,0.0036427989,0.0113097355,12.69059,11.634444,2,25,1,0.99556124,1
37,13,1,1,0,-232.3708,67.5079,318.2202,0.0034671854,0.001967251,-0.016172025,15.164277,15.191667,2,26,1,0.9904503,1
37,13,1,0,0,-232.3708,67.5079,318.2202,0.0034671854,0.001967251,-0.016172025,5.2005625,3.6283333,2,-1,0,0.97653776,1
37,25,1,1,0,-236.34535,-6.5004263,392.86996,-0.02565165,0.010696466,0.07450074,43.468243,41.468887,2,27,1,0.99937105,1
37,25,1,0,0,-236.34535,-6.5004263,392.86996,-0.02565165,0.010696466,0.07450074,7.5949163,7.6502776,2,-1,0,0.97793806,1
37,34,1,0,0,279.4511,540.4541,159.24765,-0.019616745,-0.029841647,-0.0023005232,4.0861735,4.178056,2,-1,0,0.92212844,1
37,25,1,0,0,-236.34535,-6.5004263,392.86996,-0.02565165,0.010696466,0.07450074,6.385958,6.5255556,2,-1,0,0.9914705,1
37,25,1,0,0,-236.34535,-6.5004263,392.86996,-0.02565165,0.010696466,0.07450074,11.127465,11.196111,2,-1,0,0.92943466,1
37,25,1,0,0,-236.34535,-6.5004263,392.86996,-0.02565165,0.010696466,0.07450074,5.488611,5.3805556,2,-1,0,0.9995585,1
37,19,1,1,0,-258.4319,-110.133,246.65697,-0.00736159,-0.026545715,-0.0135383,24.27775,20.686388,2,28,1,0.99653065,1
37,34,1,1,0,279.4511,540.4541,159.24765,-0.019616745,-0.029841647,-0.0023005232,19.740034,19.809166,2,29,1,0.9990478,1
37,34,1,0,0,279.4511,540.4541,159.24765,-0.019616745,-0.029841647,-0.0023005232,12.755188,12.755,2,-1,0,0.9999913,1
37,28,1,1,0,291.76407,516.7973,311.64078,-0.02436325,-0.007449554,0.03280683,24.280151,26.545834,2,30,1,0.9089547,1
37,19,1,0,0,-258.4319,-110.133,246.65697,-0.00736159,-0.026545715,-0.0135383,6.726632,6.8516665,2,-1,0,0.98598665,1
37,28,1,0,0,291.76407,516.7973,311.64078,-0.02436325,-0.007449554,0.03280683,9.206292,9.198334,2,-1,0,0.9820333,1
37,12,1,1,0,292.37927,-101.42971,341.06525,0.05103293,-0.0022513133,-0.0011309871,23.300972,32.586113,2,31,1,0.9987295,1
37,40,0,0,0,0.0,0.0,0.0,0.0,0.0,0.0,2.8731945,-1.0,2,-1,0,0.5219813,1
37,12,1,0,0,292.37927,-101.42971,341.06525,0.05103293,-0.0022513133,-0.0011309871,5.4528403,5.351111,2,-1,0,0.99572563,1
37,40,0,0,0,0.0,0.0,0.0,0.0,0.0,0.0,12.08634,-1.0,2,-1,0,0.9997223,1
37,6,1,0,0,309.19885,-233.70987,398.1257,0.010840438,0.020388769,-0.012258279,8.999243,5.8430557,2,-1,0,0.9796896,1
37,40,1,1,0,-313.89825,8.48468,21.600872,0.023223737,-0.04531326,-0.027056856,20.449709,20.271389,2,32,1,0.98604214,1
37,6,1,1,0,309.19885,-233.70987,398.1257,0.010840438,0.020388769,-0.012258279,11.7895,11.605278,2,33,1,0.97804785,1
37,32,1,1,0,-324.7601,-134.18736,88.58554,0.0126534905,-0.008795485,0.009140499,16.65611,16.895277,2,34,1,0.9291433,1
37,16,1,1,0,331.52066,-8.510039,337.00293,0.030469714,0.01523782,0.012696817,20.109325,20.129723,2,35,1,0.99620676,1
37,20,1,1,0,-335.87436,-167.06448,423.05234,-0.019338021,0.011227503,-0.020152198,27.746346,26.788334,2,36,1,0.9919031,1
37,16,1,0,0,331.52066,-8.510039,337.00293,0.030469714,0.01523782,0.012696817,4.1296253,4.0780554,2,-1,0,0.99677116,1
37,4,1,0,0,-346.45462,-214.11983,301.1645,-0.009096931,0.0011635748,0.015607011,4.654076,3.8872223,2,-1,0,0.865201,1
37,4,1,1,0,-346.45462,-214.11983,301.1645,-0.009096931,0.0011635748,0.015607011,11.922008,11.858889,2,37,1,0.9648373,1
37,30,0,0,0,0.0,0.0,0.0,0.0,0.0,0.0,15.155645,-1.0,2,-1,0,0.9497614,1
37,30,0,0,0,0.0,0.0,0.0,0.0,0.0,0.0,2.918354,-1.0,2,-1,0,0.50130904,1
37,39,1,1,0,-360.89932,232.29732,92.742935,-0.006343477,-0.0064126006,0.010745406,9.929243,5.461389,2,38,1,0.98305863,1
37,27,0,0,0,0.0,0.0,0.0,0.0,0.0,0.0,2.7230139,2.6144445,2,-1,0,0.7950861,1
38,25,0,0,0,0.0,0.0,0.0,0.0,0.0,0.0,2.629778,2.5716667,2,-1,0,0.7567872,1
38,25,1,0,0,-58.108555,524.99054,430.42355,0.019673217,0.019516304,0.035680443,6.8708057,7.0102777,2,-1,0,0.9981463,1
38,25,1,1,0,-58.108555,524.99054,430.42355,0.019673217,0.019516304,0.035680443,39.72067,39.605835,2,0,1,0.99997747,1
38,6,1,0,0,-55.391117,12.857766,352.51666,-0.029468223,-0.0077857766,0.0028072514,13.2909155,12.916111,2,-1,0,0.97780174,1
38,17,1,1,0,-61.122982,-277.84598,93.29379,0.008670065,0.005193572,-0.024794897,22.19591,22.095556,2,1,1,0.99602497,1
38,6,1,1,0,-55.391117,12.857766,352.51666,-0.029468223,-0.0077857766,0.0028072514,15.110265,15.191944,2,2,1,0.9732529,1
38,17,1,0,0,-61.122982,-277.84598,93.29379,0.008670065,0.005193572,-0.024794897,6.8463054,6.9286113,2,-1,0,0.99075204,1
38,20,0,0,0,0.0,0.0,0.0,0.0,0.0,0.0,3.001646,2.9372222,2,-1,0,0.87509274,1
38,28,1,1,0,71.34329,68.74529,195.28542,-0.013918612,0.009481737,0.0046875738,19.556915,19.324167,2,3,1,0.98954564,1
38,26,1,1,0,-69.42116,370.16666,421.22668,0.005508896,-0.009259182,0.006597944,13.769138,13.863334,2,4,1,0.9892157,1
38,8,1,1,0,-78.8477,-528.83496,40.840694,0.0047990484,0.0061352244,-0.016334444,22.04323,21.934444,2,5,1,0.98975253,1
38,21,0,0,0,0.0,0.0,0.0,0.0,0.0,0.0,2.8633056,2.911111,2,-1,0,0.51928365,1
38,3,1,1,0,100.042496,284.48618,140.21123,0.003959001,-0.011001745,0.0010996952,11.240737,11.100833,2,6,1,0.98324955,1
38,21,1,1,0,-122.76142,203.17082,87.21398,0.0049148216,-0.0038797518,-0.015929593,18.282436,16.474722,2,7,1,0.97970814,1
38,16,1,1,0,124.48067,-577.028,113.430824,-0.0026269192,-0.0054637715,-0.0032099783,6.9073057,6.9558334,2,8,1,0.99554986,1
38,31,1,1,0,142.66885,-261.34256,192.5414,0.005822354,-0.0032638027,0.018264119,21.902765,21.970278,2,9,1,0.99279803,1
38,33,1,1,0,142.76543,499.62772,21.625874,0.013001639,-0.007485547,0.01713906,17.433104,16.209167,2,10,1,0.94908226,1
38,15,1,1,0,-146.29575,-496.0492,86.285866,0.009132851,0.0024165092,-0.03201571,25.874437,25.740555,2,11,1,0.99914587,1
38,33,1,0,0,142.76543,499.62772,21.625874,0.013001639,-0.007485547,0.01713906,4.691653,4.778611,2,-1,0,0.91072154,1
38,20,1,1,0,-151.09663,-359.99002,345.13458,0.011448484,0.0071462276,-0.01676141,20.48279,20.516945,2,12,1,0.9925115,1
38,15,1,0,0,-146.29575,-496.0492,86.285866,0.009132851,0.0024165092,-0.03201571,4.388556,4.411667,2,-1,0,0.96973675,1
38,15,1,0,0,-146.29575,-496.0492,86.285866,0.009132851,0.0024165092,-0.03201571,4.3473606,4.2141666,2,-1,0,0.97378683,1
38,24,1,1,0,161.14618,35.42857,353.22977,-0.0031419592,0.011684751,0.0077913897,8.076403,8.059444,2,13,1,0.99667454,1
38,24,1,0,0,161.14618,35.42857,353.22977,-0.0031419592,0.011684751,0.0077913897,4.7036734,4.8094444,2,-1,0,0.8892693,1
38,14,1,0,0,-177.0656,230.43054,28.839197,-0.016318459,0.020026784,-0.0050038206,8.574187,7.1763887,2,-1,0,0.9900143,1
38,1,1,0,0,179.6941,163.4829,358.0897,-0.006443243,-0.029273188,0.04974451,6.4114456,6.5969443,2,-1,0,0.9945157,1
38,1,1,0,0,179.6941,163.4829,358.0897,-0.006443243,-0.029273188,0.04974451,7.694798,7.688889,2,-1,0,0.99976,1
38,1,1,0,0,179.6941,163.4829,358.0897,-0.006443243,-0.029273188,0.04974451,9.829861,9.891111,2,-1,0,0.9988256,1
38,1,1,1,0,179.6941,163.4829,358.0897,-0.006443243,-0.029273188,0.04974451,11.94334,11.895833,2,14,1,0.99302787,1
38,1,1,0,0,179.6941,163.4829,358.0897,-0.006443243,-0.029273188,0.04974451,4.6084375,3.2902777,2,-1,0,0.9621875,1
38,1,1,0,0,179.6941,163.4829,358.0897,-0.006443243,-0.029273188,0.04974451,11.040535,10.878056,2,-1,0,0.9997532,1
38,14,1,1,0,-177.0656,230.43054,28.839197,-0.016318459,0.020026784,-0.0050038206,14.400702,14.413055,2,15,1,0.9782714,1
38,1,1,0,0,179.6941,163.4829,358.0897,-0.006443243,-0.029273188,0.04974451,4.6381044,4.6597223,2,-1,0,0.9414361,1
38,1,1,0,0,179.6941,163.4829,358.0897,-0.006443243,-0.029273188,0.04974451,3.0796666,3.1097221,2,-1,0,0.85391057,1
38,35,1,1,0,-218.98444,-319.24445,236.3659,0.006912763,0.020680614,0.023747137,12.225617,11.882778,2,16,1,0.9998766,1
38,18,1,1,0,-210.88449,-265.15094,258.92468,0.019899381,-0.0056130644,-0.012544199,12.921187,12.8,2,17,1,0.98889714,1
38,18,1,0,0,-210.88449,-265.15094,258.92468,0.019899381,-0.0056130644,-0.012544199,4.071208,1.54,2,-1,0,0.87703514,1
38,18,1,0,0,-210.88449,-265.15094,258.92468,0.019899381,-0.0056130644,-0.012544199,8.335,8.527223,2,-1,0,0.9720033,1
38,40,1,1,0,211.40492,462.45264,48.3958,0.0054865223,0.0110429935,0.008024948,16.55391,16.305834,2,18,1,0.99927276,1
38,35,1,0,0,-218.98444,-319.24445,236.3659,0.006912763,0.020680614,0.023747137,7.634069,7.4083333,2,-1,0,0.9775754,1
38,35,1,0,0,-218.98444,-319.24445,236.3659,0.006912763,0.020680614,0.023747137,11.583979,11.630278,2,-1,0,0.99212074,1
38,5,1,1,0,-224.4293,131.69226,111.565735,0.0010291166,-0.003393991,0.02416108,12.080376,12.171389,2,19,1,0.9775219,1
38,5,1,0,0,-224.4293,131.69226,111.565735,0.0010291166,-0.003393991,0.02416108,6.2031455,6.253611,2,-1,0,0.9814989,1
38,5,1,0,0,-224.4293,131.69226,111.565735,0.0010291166,-0.003393991,0.02416108,3.7491252,3.7230556,2,-1,0,0.9480352,1
38,12,1,1,0,-224.52101,-45.040306,111.923996,-0.017283836,-0.023051236,0.013829486,20.207596,19.901388,2,20,1,0.98019946,1
38,12,1,0,0,-224.52101,-45.040306,111.923996,-0.017283836,-0.023051236,0.013829486,3.8939445,3.8666666,2,-1,0,0.9335307,1
38,36,1,1,0,-246.50662,-592.3272,393.33844,0.00052518497,0.015047187,0.013574386,15.248513,15.0025,2,21,1,0.99626046,1
38,39,1,1,0,-257.2755,54.726475,271.76193,0.031799693,-0.037701216,-0.029138394,56.4356,57.166943,2,22,1,0.99998784,1
38,27,0,0,0,0.0,0.0,0.0,0.0,0.0,0.0,3.422507,-1.0,2,-1,0,0.91948533,1
38,32,0,0,0,0.0,0.0,0.0,0.0,0.0,0.0,10.786563,-1.0,2,-1,0,0.9844642,1
38,27,0,0,0,0.0,0.0,0.0,0.0,0.0,0.0,28.290611,-1.0,2,-1,0,0.99497175,1
38,37,1,1,0,278.3159,102.21649,177.98378,-0.0060688476,-0.012361321,-0.01004701,18.575695,18.610834,2,23,1,0.986506,1
38,2,1,1,0,277.21777,-178.32228,264.48215,0.019220976,-0.00038538777,-0.015206432,25.68948,25.628334,2,24,1,0.9825123,1
38,4,1,1,0,283.33084,39.2482,163.6964,0.0009999096,0.02408396,-0.011333758,24.165012,24.18389,2,25,1,0.99781007,1
38,23,1,1,0,-293.7476,235.82225,460.17526,0.0155461375,0.015963132,-0.009117778,13.537153,13.453889,2,26,1,0.9954032,1
38,11,1,1,0,-292.85184,39.90978,165.41086,0.005861751,0.014014379,-0.0030418006,10.287598,10.166111,2,27,1,0.975229,1
38,7,1,0,0,296.52908,-73.39635,85.55806,-0.003478478,-0.027442137,-0.008695341,7.47277,7.4680557,2,-1,0,0.96498847,1
38,7,1,1,0,296.52908,-73.39635,85.55806,-0.003478478,-0.027442137,-0.008695341,16.867361,12.296389,2,28,1,0.9426312,1
38,7,1,0,0,296.52908,-73.39635,85.55806,-0.003478478,-0.027442137,-0.008695341,3.0023057,3.0027778,2,-1,0,0.6899948,1
38,19,1,0,0,-328.0797,502.02115,314.75143,0.020774942,-0.002174867,0.010116527,2.892118,2.8527777,2,-1,0,0.7376337,1
38,29,1,1,0,323.1411,-260.1957,78.524574,0.0017305521,0.001606053,0.01900911,15.260402,15.329166,2,29,1,0.9668882,1
38,19,1,1,0,-328.0797,502.02115,314.75143,0.020774942,-0.002174867,0.010116527,20.60802,20.632223,2,30,1,0.8931344,1
38,22,1,1,0,-325.91315,-426.62372,268.21072,-0.0010465411,-0.009219062,-0.013186527,12.096654,12.216666,2,31,1,0.98797894,1
38,38,1,1,0,-327.46002,381.19608,126.98503,0.0003600654,0.006858268,0.028202176,15.702313,15.681111,2,32,1,0.992863,1
38,22,1,0,0,-325.91315,-426.62372,268.21072,-0.0010465411,-0.009219062,-0.013186527,3.7272222,3.7108333,2,-1,0,0.9228008,1
38,38,1,0,0,-327.46002,381.19608,126.98503,0.0003600654,0.006858268,0.028202176,6.272896,6.340833,2,-1,0,0.97535646,1
38,38,1,0,0,-327.46002,381.19608,126.98503,0.0003600654,0.006858268,0.028202176,2.8699305,2.8677778,2,-1,0,0.8211385,1
38,30,1,0,0,-348.28778,-562.4289,176.71565,-0.019781921,0.02058128,0.010986073,3.5762918,3.5344443,2,-1,0,0.932126,1
38,30,1,1,0,-348.28778,-562.4289,176.71565,-0.019781921,0.02058128,0.010986073,21.574848,21.443056,2,33,1,0.99673396,1
38,9,1,1,0,-355.03952,531.41516,105.34329,0.0063472623,-0.0009653527,0.027279248,16.348,16.45861,2,34,1,0.98691314,1
38,9,1,0,0,-355.03952,531.41516,105.34329,0.0063472623,-0.0009653527,0.027279248,7.9175835,8.024167,2,-1,0,0.9795968,1
38,34,1,0,0,356.02533,-421.46448,253.18658,-8.7255896e-05,-0.009166057,0.012641018,3.8913333,3.8627777,2,-1,0,0.9812,1
38,34,1,1,0,356.02533,-421.46448,253.18658,-8.7255896e-05,-0.009166057,0.012641018,11.408958,11.599167,2,35,1,0.98756963,1
38,13,1,1,0,356.85632,136.04219,407.8465,0.010787191,-0.010349504,-0.027408483,14.08377,13.970555,2,36,1,0.98161435,1
38,13,1,0,0,356.85632,136.04219,407.8465,0.010787191,-0.010349504,-0.027408483,11.605153,11.201667,2,-1,0,0.99781847,1
38,30,1,0,0,-348.28778,-562.4289,176.71565,-0.019781921,0.02058128,0.010986073,2.8573334,2.8108332,2,-1,0,0.64906585,1
38,21,1,0,0,-379.02478,-227.90388,332.87064,0.0049148216,-0.0038797518,-0.015929593,7.777486,7.7775,2,-1,0,0.98273695,1
39,5,1,1,0,-25.72727,430.1948,406.78406,0.0072499025,-0.020569596,0.005063608,16.900541,16.89,2,1,1,0.99441576,1
39,29,1,1,0,49.57865,-47.9547,251.70229,0.013934801,0.0068841265,0.0022082545,14.373021,7.5169444,2,2,1,0.9985857,1
39,29,1,0,0,49.57865,-47.9547,251.70229,0.013934801,0.0068841265,0.0022082545,5.179167,5.19,2,-1,0,0.95141166,1
39,18,1,1,0,57.176773,133.28288,169.77666,0.016103532,-0.02714383,-0.006702492,33.78025,25.194166,2,3,1,0.9982816,1
39,13,1,1,0,-58.070435,-305.93927,427.5778,0.0009297897,0.019645914,-0.011147937,24.168156,22.401667,2,4,1,0.99109066,1
39,26,1,1,0,65.745384,230.04675,26.838125,0.0029920344,-0.0071716406,0.02413686,11.643987,10.720555,2,5,1,0.9931886,1
39,35,1,1,0,-81.545784,-114.7971,1.7657099,-0.011076129,0.00815129,-0.004149799,12.002431,11.851389,2,6,1,0.9865029,1
39,3,1,1,0,-83.40194,457.87076,114.17678,-1.778671e-05,-0.018895913,0.0028999813,23.661451,23.324444,2,7,1,0.9997012,1
39,11,1,1,0,-83.42181,582.9979,260.58063,0.0015380263,-0.008612775,0.009672459,9.350445,9.608611,2,8,1,0.9935003,1
39,11,1,0,0,-83.42181,582.9979,260.58063,0.0015380263,-0.008612775,0.009672459,5.1788197,5.2391667,2,-1,0,0.9861545,1
39,35,1,0,0,-81.545784,-114.7971,1.7657099,-0.011076129,0.00815129,-0.004149799,3.2956944,3.2486112,2,-1,0,0.9147483,1
39,20,1,1,0,-93.7209,-518.5831,388.5222,0.0031697801,0.025178108,-0.013893526,20.171396,20.348888,2,9,1,0.9956645,1
39,30,1,1,0,-94.90228,-316.7706,280.97403,0.006231664,-0.01685982,0.005625159,20.777895,20.684444,2,10,1,0.99215335,1
39,20,1,0,0,-93.7209,-518.5831,388.5222,0.0031697801,0.025178108,-0.013893526,9.18241,8.718889,2,-1,0,0.9952276,1
39,40,1,0,0,-117.38875,367.00638,97.53175,0.013014018,-0.0022768644,0.013126717,3.506639,3.5286112,2,-1,0,0.952048,1
39,26,1,0,0,65.745384,230.04675,26.838125,0.0029920344,-0.0071716406,0.02413686,5.035132,5.0772223,2,-1,0,0.9372696,1
39,26,1,0,0,65.745384,230.04675,26.838125,0.0029920344,-0.0071716406,0.02413686,6.9841948,7.0694447,2,-1,0,0.99878246,1
39,11,1,0,0,-83.42181,582.9979,260.58063,0.0015380263,-0.008612775,0.009672459,5.487417,5.590833,2,-1,0,0.9864857,1
39,38,1,0,0,149.05019,139.42316,213.80696,-0.017847195,0.016671453,-0.015981762,5.609667,5.621111,2,-1,0,0.9908604,1
39,40,1,1,0,-117.38875,367.00638,97.53175,0.013014018,-0.0022768644,0.013126717,13.721118,13.694167,2,11,1,0.96138424,1
39,33,1,1,0,-113.31431,-563.31915,334.44522,-0.0052997493,-0.0035126903,0.003386535,8.582458,4.5105557,2,12,1,0.9831623,1
39,23,1,1,0,-122.35562,-45.19235,386.15262,-0.017453382,0.023162529,-0.004758747,23.344526,23.193056,2,13,1,0.99995184,1
39,26,1,0,0,65.745384,230.04675,26.838125,0.0029920344,-0.0071716406,0.02413686,3.3526878,3.3716667,2,-1,0,0.9033453,1
39,23,1,0,0,-122.35562,-45.19235,386.15262,-0.017453382,0.023162529,-0.004758747,3.590486,3.5525,2,-1,0,0.88079476,1
39,33,1,0,0,-113.31431,-563.31915,334.44522,-0.0052997493,-0.0035126903,0.003386535,4.768153,4.741389,2,-1,0,0.9488036,1
39,38,1,1,0,149.05019,139.42316,213.80696,-0.017847195,0.016671453,-0.015981762,24.826714,24.779444,2,14,1,0.99824417,1
39,17,1,1,0,146.13806,-83.2809,27.978006,-0.002648417,-0.020478198,0.013678211,13.328472,13.287222,2,15,1,0.9837682,1
39,17,1,0,0,146.13806,-83.2809,27.978006,-0.002648417,-0.020478198,0.013678211,5.1249304,5.137778,2,-1,0,0.98299897,1
39,37,1,1,0,-152.58083,-223.10973,311.41986,0.0087099215,0.022289915,0.0065818336,22.100182,22.2675,2,16,1,0.7930278,1
39,17,1,0,0,146.13806,-83.2809,27.978006,-0.002648417,-0.020478198,0.013678211,7.4981666,7.398889,2,-1,0,0.98723626,1
39,2,1,1,0,-147.60107,149.09392,116.745476,0.0052823294,-0.00026449803,0.005713111,8.743639,3.891389,2,17,1,0.9957099,1
39,37,1,0,0,-152.58083,-223.10973,311.41986,0.0087099215,0.022289915,0.0065818336,5.9385695,5.8005557,2,-1,0,0.99208003,1
39,17,1,0,0,146.13806,-83.2809,27.978006,-0.002648417,-0.020478198,0.013678211,4.0157776,3.953889,2,-1,0,0.9949896,1
39,31,1,1,0,157.95956,456.52905,86.93597,0.011135842,-0.003909261,-0.0400167,22.94473,21.491945,2,18,1,0.9945121,1
39,31,1,0,0,157.95956,456.52905,86.93597,0.011135842,-0.003909261,-0.0400167,10.317806,10.161389,2,-1,0,0.9997037,1
39,31,1,0,0,157.95956,456.52905,86.93597,0.011135842,-0.003909261,-0.0400167,6.6580143,6.761667,2,-1,0,0.98906016,1
39,12,1,1,0,172.3434,-70.498695,387.74615,-0.006351373,0.0058609596,0.022620227,22.759014,22.863611,2,19,1,0.9994103,1
39,32,1,1,0,173.07443,380.04468,143.1905,-0.014665048,0.0015121294,-0.007994922,15.581591,15.376111,2,20,1,0.96148694,1
39,12,1,0,0,172.3434,-70.498695,387.74615,-0.006351373,0.0058609596,0.022620227,3.4612362,3.503611,2,-1,0,0.89734083,1
39,14,1,1,0,175.3858,221.2702,154.13792,0.0002481294,-0.01677432,0.005114368,17.430027,16.529167,2,21,1,0.9947071,1
39,27,1,1,0,-189.587,113.0114,407.8955,-0.0009356917,0.02440241,-0.008165191,21.865704,21.859444,2,22,1,0.998318,1
39,14,1,0,0,175.3858,221.2702,154.13792,0.0002481294,-0.01677432,0.005114368,3.4794238,3.4705555,2,-1,0,0.8760406,1
39,8,1,1,0,208.0351,536.39325,432.53717,-0.033096593,-0.0008246691,-0.0014010958,29.486979,31.451944,2,23,1,0.996554,1
39,16,1,1,0,217.33163,-325.64667,150.90364,-0.004259047,-0.0069771186,0.0067721563,9.75227,9.761111,2,24,1,0.99783176,1
39,10,1,0,0,224.79208,77.033775,351.95554,-0.014118181,0.004406432,0.012597598,8.735173,8.739722,2,-1,0,0.992687,1
39,10,1,1,0,224.79208,77.033775,351.95554,-0.014118181,0.004406432,0.012597598,9.056152,8.861944,2,25,1,0.95789105,1
39,26,0,0,0,0.0,0.0,0.0,0.0,0.0,0.0,3.317236,0.28138888,2,-1,0,0.6469375,1
39,21,1,0,0,-253.81276,362.8452,446.35135,-0.009079723,0.020954268,-0.012892844,4.684326,4.715,2,-1,0,0.9466869,1
39,21,1,1,0,-253.81276,362.8452,446.35135,-0.009079723,0.020954268,-0.012892844,11.90002,12.070556,2,26,1,0.9974094,1
39,21,1,0,0,-253.81276,362.8452,446.35135,-0.009079723,0.020954268,-0.012892844,11.603305,9.067223,2,-1,0,0.98558736,1
39,22,1,1,0,271.36493,-455.03354,46.94075,-0.004113638,0.007725667,-0.013698279,11.332396,11.226666,2,27,1,0.99904937,1
39,39,1,1,0,-281.34293,155.6521,320.5041,-0.001331978,0.0038605346,0.0060729994,7.883361,5.806667,2,-1,1,0.9779077,1
39,6,1,1,0,-298.65125,372.58084,459.50543,0.009565063,0.009313345,-0.003593756,10.615326,10.612223,2,28,1,0.96677566,1
39,19,1,1,0,309.31616,447.81467,433.1681,-0.027280414,0.0044089663,0.022005295,25.843863,28.623611,2,29,1,0.98820263,1
39,24,1,0,0,312.13477,50.541573,423.3111,0.0040405514,-0.021871649,0.0028890818,4.1059723,4.0997224,2,-1,0,0.93905246,1
39,9,1,1,0,317.86484,372.3637,108.35166,-0.02833902,0.01768176,0.0021335555,27.83266,27.934444,2,30,1,0.9345337,1
39,24,1,1,0,312.13477,50.541573,423.3111,0.0040405514,-0.021871649,0.0028890818,21.071424,21.25389,2,31,1,0.99318093,1
39,9,1,0,0,317.86484,372.3637,108.35166,-0.02833902,0.01768176,0.0021335555,6.0535274,5.965833,2,-1,0,0.9993955,1
39,1,1,0,0,319.344,292.69635,442.88812,0.012118809,-0.0076497346,0.0048352224,5.026632,5.0716667,2,-1,0,0.97438043,1
39,1,1,1,0,319.344,292.69635,442.88812,0.012118809,-0.0076497346,0.0048352224,12.873215,12.798889,2,32,1,0.9673651,1
39,4,1,1,0,-330.40637,417.27368,124.878944,0.013684576,-0.0023099037,-0.0033426299,12.22625,12.325556,2,33,1,0.9886618,1
39,36,1,1,0,345.69128,-96.9675,290.88672,-0.020822171,0.0027280375,-0.041982096,34.915462,44.468887,2,34,1,0.99586487,1
39,34,1,1,0,-337.31082,541.696,248.84312,-0.020731766,0.014730926,0.0038133077,12.466889,5.7525,2,35,1,0.8518517,1
39,15,1,1,0,-347.35608,-524.74066,388.9802,-0.004162689,-0.007689982,0.01991772,11.750986,8.623611,2,36,1,0.9775672,1
39,15,1,0,0,-347.35608,-524.74066,388.9802,-0.004162689,-0.007689982,0.01991772,9.046542,9.1375,2,-1,0,0.9914451,1
39,7,1,1,0,351.99908,448.69217,340.22095,0.013279025,-0.015786704,0.0038134968,16.93455,16.915,2,37,1,0.99388754,1
39,34,1,0,0,-337.31082,541.696,248.84312,-0.020731766,0.014730926,0.0038133077,5.5560627,5.5147223,2,-1,0,0.97538656,1
39,10,0,0,0,0.0,0.0,0.0,0.0,0.0,0.0,4.6835136,-1.0,2,-1,0,0.99585384,1
40,8,1,0,0,-8.724167,401.44077,215.6277,0.014633222,0.006042672,0.0002962898,5.016701,5.055278,2,-1,0,0.9533599,1
40,8,1,1,0,-8.724167,401.44077,215.6277,0.014633222,0.006042672,0.0002962898,7.844452,2.8030555,2,0,1,0.9975198,1
40,27,1,1,0,-18.656809,452.70404,239.86015,-0.0041296184,-0.0039036633,0.0016097028,6.8805556,6.8858333,2,1,1,0.9937145,1
40,18,1,1,0,54.12,-460.18713,432.98077,-0.01284014,0.01986803,-0.0015151068,12.364236,12.274167,2,2,1,0.98956746,1
40,34,1,1,0,-50.41939,396.74908,58.655,0.007741175,0.015375405,0.031249214,38.948368,38.926388,2,3,1,1.0,1
40,32,1,0,0,49.93092,-194.12698,423.5521,0.011637431,-0.013810421,0.020529501,4.4434447,4.417222,2,-1,0,0.9599772,1
40,16,1,1,0,45.724926,159.62524,252.62589,0.00055947166,-0.0072783125,-0.02177608,15.727216,15.945,2,4,1,0.9943468,1
40,16,1,0,0,45.724926,159.62524,252.62589,0.00055947166,-0.0072783125,-0.02177608,8.267959,8.310833,2,-1,0,0.9760944,1
40,32,1,1,0,49.93092,-194.12698,423.5521,0.011637431,-0.013810421,0.020529501,27.5877,27.07361,2,5,1,0.9767373,1
40,18,1,0,0,54.12,-460.18713,432.98077,-0.01284014,0.01986803,-0.0015151068,11.337209,11.1663885,2,-1,0,0.9858396,1
40,36,1,0,0,120.057526,-454.7425,320.0495,-0.0066937,-0.012129931,0.016747287,5.727035,5.478889,2,-1,0,0.95905155,1
40,4,1,1,0,97.388275,-82.9415,442.4675,0.003768091,0.027281208,-0.016602974,20.28109,20.539444,2,6,1,0.9888254,1
40,7,1,1,0,-99.83399,258.3536,222.17953,-0.0034421948,0.01286178,0.031038016,33.78954,32.707222,2,7,1,0.9993038,1
40,37,1,1,0,108.51854,84.786606,83.48499,-0.022281786,0.00138986,0.00086828414,19.295382,19.46139,2,8,1,0.9528898,1
40,6,0,0,0,0.0,0.0,0.0,0.0,0.0,0.0,16.139534,-1.0,2,-1,0,0.9957985,1
40,6,0,0,0,0.0,0.0,0.0,0.0,0.0,0.0,4.86625,-1.0,2,-1,0,0.9890799,1
40,4,1,0,0,97.388275,-82.9415,442.4675,0.003768091,0.027281208,-0.016602974,5.438486,5.568611,2,-1,0,0.9714499,1
40,40,1,1,0,-107.30235,-229.84721,302.1121,-0.01689121,0.026865749,0.05170496,55.764164,62.57389,2,9,1,0.99994004,1
40,36,1,1,0,120.057526,-454.7425,320.0495,-0.0066937,-0.012129931,0.016747287,16.557583,16.306944,2,10,1,0.9921645,1
40,38,0,0,0,0.0,0.0,0.0,0.0,0.0,0.0,26.546833,-1.0,2,-1,0,0.98238665,1
40,40,1,0,0,-107.30235,-229.84721,302.1121,-0.01689121,0.026865749,0.05170496,3.41625,3.4583333,2,-1,0,0.96861804,1
40,35,1,1,0,-144.28777,-579.4581,159.84088,-0.0076933703,-0.025690833,-0.009196851,23.73248,19.4975,2,11,1,0.9891817,1
40,35,1,0,0,-144.28777,-579.4581,159.84088,-0.0076933703,-0.025690833,-0.009196851,4.7027225,4.7708335,2,-1,0,0.92719567,1
40,14,1,1,0,-180.12254,303.31927,442.1813,0.025842745,-0.010279707,0.026631005,39.401024,39.27889,2,12,1,0.97737175,1
40,13,1,1,0,182.56502,-255.15594,149.84587,-0.011309763,-0.0035208391,0.012716572,12.794764,11.540556,2,13,1,0.96332854,1
40,13,1,0,0,182.56502,-255.15594,149.84587,-0.011309763,-0.0035208391,0.012716572,6.5868616,6.654722,2,-1,0,0.9787708,1
40,28,1,1,0,-194.28558,202.63704,294.12207,0.0022922182,0.018779345,0.017031295,16.002806,15.9,2,14,1,0.99050134,1
40,25,1,0,0,-199.97719,-403.08862,149.77588,-0.0027262752,0.007833333,-0.012443843,5.964778,6.0425,2,-1,0,0.9984394,1
40,28,1,0,0,-194.28558,202.63704,294.12207,0.0022922182,0.018779345,0.017031295,10.348292,10.190278,2,-1,0,0.9028647,1
40,33,1,1,0,199.6917,-511.01343,72.979515,-0.0033035905,0.009086624,-0.014273862,13.259152,13.175278,2,15,1,0.9855825,1
40,33,1,0,0,199.6917,-511.01343,72.979515,-0.0033035905,0.009086624,-0.014273862,4.920833,4.856389,2,-1,0,0.9886712,1
40,25,1,1,0,-199.97719,-403.08862,149.77588,-0.0027262752,0.007833333,-0.012443843,7.465611,7.496111,2,16,1,0.98588884,1
40,21,1,1,0,203.29564,238.30591,245.22908,0.0030912298,-0.0028586087,-0.011092346,12.979347,12.903334,2,17,1,0.930946,1
40,12,1,1,0,-262.47815,-10.086513,67.53671,0.0028233444,0.0013419101,0.022697488,4.317729,4.354722,2,18,1,0.9083953,1
40,11,1,1,0,215.68614,472.11096,339.7177,-0.007868887,-0.014870772,0.012056073,16.858118,16.948334,2,19,1,0.9805006,1
40,11,1,0,0,215.68614,472.11096,339.7177,-0.007868887,-0.014870772,0.012056073,6.0658474,6.0252776,2,-1,0,0.9829881,1
40,14,0,0,0,0.0,0.0,0.0,0.0,0.0,0.0,2.9842222,2.801389,2,-1,0,0.5297802,1
40,24,1,1,0,217.17154,-530.2511,285.93283,0.0074442592,-0.0070594014,-0.004270221,9.502993,7.0633335,2,20,1,0.9713939,1
40,1,1,0,0,225.5855,332.4693,156.87138,0.023071202,-0.004943567,0.001381191,3.9952083,3.9322221,2,-1,0,0.9771742,1
40,28,1,0,0,-194.28558,202.63704,294.12207,0.0022922182,0.018779345,0.017031295,2.7806668,2.8802779,2,-1,0,0.8200915,1
40,3,1,1,0,-227.19504,539.2381,361.60828,0.003688122,-0.003952863,-0.0050125676,7.460035,7.485833,2,21,1,0.97815025,1
40,1,1,1,0,225.5855,332.4693,156.87138,0.023071202,-0.004943567,0.001381191,25.467043,25.294445,2,22,1,0.99997914,1
40,22,1,0,0,247.84978,246.80186,65.1248,-0.020734794,-0.009116388,-0.017502492,2.7681596,2.7252777,2,-1,0,0.54872596,1
40,22,1,1,0,247.84978,246.80186,65.1248,-0.020734794,-0.009116388,-0.017502492,25.786854,25.522778,2,23,1,0.9897049,1
40,30,1,1,0,245.88008,528.62634,308.76587,0.0077494835,0.0007409539,-0.022289759,11.257396,10.421389,2,24,1,0.99431205,1
40,30,1,0,0,245.88008,528.62634,308.76587,0.0077494835,0.0007409539,-0.022289759,10.472124,10.693889,2,-1,0,0.99987805,1
40,39,1,1,0,-259.18716,-114.37911,286.18143,0.027921375,-0.038514286,0.01283074,31.13873,30.774723,2,25,1,0.99996734,1
40,39,1,0,0,-259.18716,-114.37911,286.18143,0.027921375,-0.038514286,0.01283074,5.49384,5.6069446,2,-1,0,0.93635845,1
40,26,1,1,0,257.4369,-288.2045,92.33588,-0.015247221,0.017711036,-0.02340135,26.263674,26.403889,2,26,1,0.99305326,1
40,26,1,0,0,257.4369,-288.2045,92.33588,-0.015247221,0.017711036,-0.02340135,6.8699718,7.0555553,2,-1,0,0.99292856,1
40,9,1,1,0,255.85771,223.07056,375.09042,0.009635537,-0.016863387,-0.006651045,22.217709,7.651111,2,27,1,0.9993246,1
40,39,1,0,0,-259.18716,-114.37911,286.18143,0.027921375,-0.038514286,0.01283074,9.057882,8.953889,2,-1,0,0.97364163,1
40,12,0,0,0,0.0,0.0,0.0,0.0,0.0,0.0,20.120253,-1.0,2,-1,0,0.99723357,1
40,15,1,0,0,-260.74945,177.37727,81.84569,0.0031943445,0.023464285,0.0055636754,11.592333,11.535277,2,-1,0,0.9966763,1
40,15,1,1,0,-260.74945,177.37727,81.84569,0.0031943445,0.023464285,0.0055636754,12.669243,12.621388,2,28,1,0.99587536,1
40,5,1,0,0,279.9921,-157.15662,165.33084,-0.008352514,-0.024118355,-0.0148825385,3.4096599,3.3591666,2,-1,0,0.89458,1
40,17,1,1,0,-273.32303,492.92273,25.052862,-0.0360904,0.0010356179,-0.0063827024,19.203009,22.674166,2,29,1,0.9975286,1
40,5,1,1,0,279.9921,-157.15662,165.33084,-0.008352514,-0.024118355,-0.0148825385,23.333555,23.1325,2,30,1,0.9701314,1
40,17,1,0,0,-273.32303,492.92273,25.052862,-0.0360904,0.0010356179,-0.0063827024,14.066375,14.176111,2,-1,0,0.99997056,1
40,19,1,1,0,-299.63367,375.7586,364.37833,0.0023852754,0.026253263,1.9997517e-05,24.927008,24.875555,2,31,1,0.9872981,1
40,29,1,0,0,-325.416,565.7565,208.08382,0.017265892,-0.026218422,0.019429412,10.663103,10.603056,2,-1,0,0.99433357,1
40,31,1,1,0,-302.47473,-144.18661,330.3265,-0.006381759,-0.027444791,-0.010881956,22.10345,17.75639,2,32,1,0.9810962,1
40,31,1,0,0,-302.47473,-144.18661,330.3265,-0.006381759,-0.027444791,-0.010881956,4.046632,3.9933333,2,-1,0,0.94666237,1
40,23,1,1,0,320.48447,-153.45564,395.7574,0.010604467,0.005172211,0.012818499,15.603618,14.985556,2,33,1,0.99988306,1
40,29,1,1,0,-325.416,565.7565,208.08382,0.017265892,-0.026218422,0.019429412,24.262701,24.306667,2,34,1,0.96992135,1
40,10,1,1,0,328.85806,588.53107,455.2884,0.012814594,-0.00744711,-0.004143888,11.519006,9.824166,2,35,1,0.9607739,1
40,17,0,0,0,0.0,0.0,0.0,0.0,0.0,0.0,2.9038541,2.905,2,-1,0,0.56130064,1
40,20,1,0,0,354.2229,248.55519,278.4508,-0.010126135,0.0069232276,-0.006484146,4.400403,4.3983335,2,-1,0,0.9833915,1
40,20,1,1,0,354.2229,248.55519,278.4508,-0.010126135,0.0069232276,-0.006484146,4.7265973,4.78,2,36,1,0.96455425,1
40,5,0,0,0,0.0,0.0,0.0,0.0,0.0,0.0,2.8784447,2.9644444,2,-1,0,0.9260526,1
41,3,1,1,0,3.8695815,-174.06409,138.22507,0.011576097,-0.0052875215,-0.006732331,13.224501,13.181666,2,0,1,0.99896336,1
41,9,1,1,0,19.097185,226.82275,291.84027,0.00015130792,-0.0021989855,0.0138851255,6.2435837,6.0855556,2,1,1,0.9933825,1
41,9,1,0,0,19.097185,226.82275,291.84027,0.00015130792,-0.0021989855,0.0138851255,5.6277156,5.7177777,2,-1,0,0.985892,1
41,9,1,0,0,19.097185,226.82275,291.84027,0.00015130792,-0.0021989855,0.0138851255,3.272993,3.135,2,-1,0,0.9694642,1
41,36,0,0,0,0.0,0.0,0.0,0.0,0.0,0.0,3.6156669,3.525,2,-1,0,0.83962613,1
41,27,1,1,0,-29.801392,46.169777,275.12714,0.0063069277,0.013101861,-0.009429239,10.657437,10.653334,2,2,1,0.99099886,1
41,27,1,0,0,-29.801392,46.169777,275.12714,0.0063069277,0.013101861,-0.009429239,9.277452,9.112778,2,-1,0,0.99058694,1
41,38,1,0,0,-66.08696,596.6206,301.42484,0.026856128,-0.051089834,0.049964007,18.374374,18.320833,2,-1,0,0.9833198,1
41,38,1,0,0,-66.08696,596.6206,301.42484,0.026856128,-0.051089834,0.049964007,4.6993814,4.7669444,2,-1,0,0.94959074,1
41,33,1,0,0,56.445866,-194.7382,304.64548,-0.0045408257,-0.0011556003,-0.027600987,3.9305346,3.9294446,2,-1,0,0.87888026,1
41,33,1,0,0,56.445866,-194.7382,304.64548,-0.0045408257,-0.0011556003,-0.027600987,6.6608477,6.7083335,2,-1,0,0.98557866,1
41,33,1,1,0,56.445866,-194.7382,304.64548,-0.0045408257,-0.0011556003,-0.027600987,14.731076,14.733334,2,3,1,0.98446214,1
41,38,1,0,0,-66.08696,596.6206,301.42484,0.026856128,-0.051089834,0.049964007,26.067883,25.870832,2,-1,0,0.9833595,1
41,33,1,0,0,56.445866,-194.7382,304.64548,-0.0045408257,-0.0011556003,-0.027600987,6.7696037,6.579167,2,-1,0,0.98658675,1
41,38,1,1,0,-66.08696,596.6206,301.42484,0.026856128,-0.051089834,0.049964007,33.887287,33.99139,2,4,1,0.99995244,1
41,37,1,1,0,-68.467896,-514.3664,346.24048,-0.003406435,0.020836905,0.014591689,26.01136,26.173334,2,5,1,0.9871853,1
41,8,1,1,0,-66.50302,548.35504,126.85688,-0.03215978,-0.018186986,0.04401709,38.91568,35.566944,2,6,1,0.99644345,1
41,8,1,0,0,-66.50302,548.35504,126.85688,-0.03215978,-0.018186986,0.04401709,12.1977625,12.085,2,-1,0,0.97911924,1
41,19,1,1,0,78.76941,-559.88916,450.04364,6.339236e-05,0.02954347,-0.034907535,28.879662,29.06611,2,7,1,0.9708021,1
41,19,1,0,0,78.76941,-559.88916,450.04364,6.339236e-05,0.02954347,-0.034907535,12.435458,12.68,2,-1,0,0.98392385,1
41,19,1,0,0,78.76941,-559.88916,450.04364,6.339236e-05,0.02954347,-0.034907535,14.448596,4.711389,2,-1,0,0.9960973,1
41,14,1,1,0,88.752495,379.27652,355.69827,-0.012704944,0.0149868345,0.008253258,17.893036,17.811111,2,8,1,0.9168276,1
41,17,1,0,0,-92.99746,186.68613,429.18222,0.032506436,-0.014563163,-0.034402024,6.184625,6.3236113,2,-1,0,0.98718446,1
41,17,1,0,0,-92.99746,186.68613,429.18222,0.032506436,-0.014563163,-0.034402024,9.539207,9.540556,2,-1,0,0.98965365,1
41,8,1,0,0,-66.50302,548.35504,126.85688,-0.03215978,-0.018186986,0.04401709,14.96464,15.194167,2,-1,0,0.9902511,1
41,17,1,1,0,-92.99746,186.68613,429.18222,0.032506436,-0.014563163,-0.034402024,37.249454,37.008057,2,9,1,0.99622875,1
41,14,1,0,0,88.752495,379.27652,355.69827,-0.012704944,0.0149868345,0.008253258,5.8274446,5.92,2,-1,0,0.98163754,1
41,26,1,1,0,91.472664,-545.5527,6.8930993,-0.003396577,0.0030630585,0.0035963901,6.8927712,7.080278,2,10,1,0.99545264,1
41,35,1,1,0,-98.643394,-484.4862,411.76282,0.020034727,-0.0013649956,0.0010657706,20.042013,20.046667,2,11,1,0.99368083,1
41,22,1,1,0,127.554924,539.098,354.19974,8.0583646e-05,-0.012676425,-0.013603383,12.617041,12.639722,2,12,1,0.99257,1
41,23,1,0,0,-116.09352,579.24713,157.26907,0.023480406,-0.013793057,0.02138918,6.275799,6.3508334,2,-1,0,0.97551185,1
41,23,1,1,0,-116.09352,579.24713,157.26907,0.023480406,-0.013793057,0.02138918,30.781708,31.124445,2,13,1,0.9433092,1
41,11,1,1,0,-122.61879,14.339911,456.73453,0.017847689,0.012031247,-0.004632516,24.658833,24.594723,2,14,1,0.9999784,1
41,6,1,1,0,-121.99964,543.99115,388.36942,-0.014409708,0.0038280617,-0.0020065305,13.524042,1.0058334,2,15,1,0.99914634,1
41,22,1,0,0,127.554924,539.098,354.19974,8.0583646e-05,-0.012676425,-0.013603383,7.373826,6.561389,2,-1,0,0.9884752,1
41,2,1,1,0,140.76726,-78.6219,445.60458,0.0007263655,-0.0039213146,0.026911173,23.268759,23.417223,2,16,1,0.99641836,1
41,2,1,0,0,140.76726,-78.6219,445.60458,0.0007263655,-0.0039213146,0.026911173,5.2144027,5.157778,2,-1,0,0.96271276,1
41,10,1,1,0,157.83405,406.01172,297.6379,-0.0041805734,-0.015084301,0.012363146,20.812084,20.418333,2,17,1,0.99926525,1
41,31,1,0,0,-195.38899,-573.4623,87.17223,0.031238569,-0.023732424,0.013576138,3.2160692,3.2391667,2,-1,0,0.93690145,1
41,31,1,1,0,-195.38899,-573.4623,87.17223,0.031238569,-0.023732424,0.013576138,24.336863,24.405277,2,18,1,0.99975044,1
41,13,1,1,0,-189.23114,-171.8001,66.56324,-0.01613833,0.01550719,0.019494751,28.330868,26.609722,2,19,1,0.8288239,1
41,31,1,0,0,-195.38899,-573.4623,87.17223,0.031238569,-0.023732424,0.013576138,15.497151,15.166111,2,-1,0,0.9850477,1
41,3,0,0,0,0.0,0.0,0.0,0.0,0.0,0.0,2.7509513,2.7205555,2,-1,0,0.6218058,1
41,25,0,0,0,0.0,0.0,0.0,0.0,0.0,0.0,11.667292,-1.0,2,-1,0,0.9761795,1
41,28,1,1,0,-208.89552,190.84457,404.1217,-0.009471177,0.03612725,0.010719371,41.21291,25.553612,2,20,1,0.99644697,1
41,16,0,0,0,0.0,0.0,0.0,0.0,0.0,0.0,12.838021,-1.0,2,-1,0,0.9916761,1
41,15,1,1,0,249.41536,260.21677,391.05276,0.009352147,-0.022867301,-0.010899708,26.738567,22.745,2,21,1,0.99113536,1
41,1,1,1,0,-253.38486,161.33566,115.40854,-0.0018746001,0.03211611,0.00573047,31.748425,31.881666,2,22,1,0.9860438,1
41,1,1,0,0,-253.38486,161.33566,115.40854,-0.0018746001,0.03211611,0.00573047,3.0608056,3.1266668,2,-1,0,0.91028345,1
41,30,1,1,0,274.50717,236.26164,133.47641,0.008158401,-0.029355777,0.0080787735,20.52045,16.418612,2,23,1,0.9962769,1
41,7,1,1,0,-278.32104,-317.2615,119.8393,-0.0030706686,0.01030438,0.016169244,17.317444,14.544167,2,24,1,0.99834967,1
41,4,1,1,0,-279.49588,-586.66956,198.49721,-0.00035067857,-0.009435472,0.011949467,17.585522,15.7275,2,25,1,0.9821005,1
41,30,1,0,0,274.50717,236.26164,133.47641,0.008158401,-0.029355777,0.0080787735,11.18125,11.445833,2,-1,0,0.9997013,1
41,32,1,0,0,-301.90164,-250.39244,391.10168,-0.00047194902,-0.0119120395,-0.007829923,3.995111,3.976389,2,-1,0,0.9846848,1
41,21,1,1,0,286.9033,500.9811,275.40067,-0.000747653,-0.0014686742,-0.01366331,12.007957,11.265,2,26,1,0.99912804,1
41,29,1,0,0,305.36935,112.15073,346.8938,0.0018668292,-0.033747416,0.0061249225,2.985861,3.0391667,2,-1,0,0.6389654,1
41,20,1,1,0,298.06436,-277.3024,385.43582,0.025888218,0.0132442545,-0.018835979,18.232857,18.228056,2,27,1,0.9997569,1
41,29,1,1,0,305.36935,112.15073,346.8938,0.0018668292,-0.033747416,0.0061249225,24.65034,24.942223,2,28,1,1.0,1
41,20,1,0,0,298.06436,-277.3024,385.43582,0.025888218,0.0132442545,-0.018835979,7.891778,8.045555,2,-1,0,0.97389686,1
41,32,1,1,0,-301.90164,-250.39244,391.10168,-0.00047194902,-0.0119120395,-0.007829923,14.452153,14.681389,2,29,1,0.9943375,1
41,29,1,0,0,305.36935,112.15073,346.8938,0.0018668292,-0.033747416,0.0061249225,3.8782086,3.858611,2,-1,0,0.98879737,1
41,29,1,0,0,305.36935,112.15073,346.8938,0.0018668292,-0.033747416,0.0061249225,3.849944,3.7769444,2,-1,0,0.9459672,1
41,36,1,1,0,304.7867,113.02319,177.42476,0.0024848322,-0.01391621,0.0043267203,14.765792,14.892777,2,30,1,0.9879518,1
41,40,1,1,0,313.2999,576.9778,431.65265,0.007894018,-0.00067415496,0.0044670943,8.745313,8.722222,2,31,1,0.9227479,1
41,34,1,1,0,-317.5319,245.41519,444.2353,-0.018481504,0.021955876,0.008098349,26.344145,25.184166,2,32,1,0.98965216,1
41,20,1,0,0,298.06436,-277.3024,385.43582,0.025888218,0.0132442545,-0.018835979,4.146076,4.1644444,2,-1,0,0.9893389,1
41,12,1,0,0,-338.90225,-66.215614,355.40012,-0.014465635,0.0069576777,0.011047227,3.9797988,3.9541667,2,-1,0,0.9872142,1
41,12,1,1,0,-338.90225,-66.215614,355.40012,-0.014465635,0.0069576777,0.011047227,10.3955555,10.344167,2,33,1,0.9751145,1
41,36,1,0,0,304.7867,113.02319,177.42476,0.0024848322,-0.01391621,0.0043267203,5.112972,5.0669446,2,-1,0,0.9877001,1
41,12,1,0,0,-338.90225,-66.215614,355.40012,-0.014465635,0.0069576777,0.011047227,4.466451,4.4394445,2,-1,0,0.9961867,1
41,24,1,0,0,351.5534,-106.660866,428.2534,-0.008892339,0.007423027,0.014161372,3.0879304,3.0547223,2,-1,0,0.9351024,1
41,24,1,1,0,351.5534,-106.660866,428.2534,-0.008892339,0.007423027,0.014161372,17.814396,16.44111,2,34,1,0.97937024,1
41,5,1,1,0,-355.24698,-37.089085,425.35712,0.011247818,0.013520585,-0.0011051276,17.02404,16.925833,2,35,1,0.960084,1
41,39,1,1,0,-358.3671,292.44482,6.1220517,0.003757217,-0.0009749886,0.010630507,15.214473,15.1455555,2,36,1,0.9520751,1
41,33,1,0,0,-350.19162,196.25516,297.17108,-0.0045408257,-0.0011556003,-0.027600987,2.8992848,2.9413888,2,-1,0,0.7988865,1
42,24,1,1,0,-5.0289063,192.97493,283.7092,-0.0033674028,-0.005821273,0.013013094,9.552847,9.3961115,2,0,1,0.998387,1
42,24,1,0,0,-5.0289063,192.97493,283.7092,-0.0033674028,-0.005821273,0.013013094,5.359847,5.3044443,2,-1,0,0.9733525,1
42,40,1,1,0,23.022196,140.81813,159.84106,-0.013711722,0.02138159,0.00018435485,14.095543,13.794444,2,1,1,0.99280435,1
42,16,1,1,0,10.017111,66.431244,40.58056,0.00023632572,-0.0044729426,-0.0006485514,4.8053474,1.6930555,2,2,1,0.99281925,1
42,40,1,0,0,23.022196,140.81813,159.84106,-0.013711722,0.02138159,0.00018435485,8.928166,8.9175,2,-1,0,0.9864059,1
42,3,1,0,0,-77.136795,137.57379,290.19025,0.030202625,-0.015286876,0.028533023,3.2561598,3.1602778,2,-1,0,0.87870985,1
42,39,1,1,0,-25.640745,201.88742,155.43126,-0.01648577,0.016192636,0.019191183,31.103592,26.419167,2,3,1,0.9983717,1
42,15,1,0,0,-28.244455,-237.45349,131.54947,-0.02987666,-0.021357918,-0.015583941,3.2849858,3.365,2,-1,0,0.6238149,1
42,15,1,1,0,-28.244455,-237.45349,131.54947,-0.02987666,-0.021357918,-0.015583941,47.375443,47.5725,2,4,1,0.9970108,1
42,39,1,0,0,-25.640745,201.88742,155.43126,-0.01648577,0.016192636,0.019191183,5.3834167,5.391389,2,-1,0,0.97311085,1
42,19,1,1,0,39.50553,222.58165,286.8994,-0.005328841,-0.01784555,0.0016703608,17.848055,17.991945,2,5,1,0.9894391,1
42,5,1,1,0,-43.334675,281.89252,451.0912,-0.009069575,-0.020337332,0.0137495715,18.21329,18.733055,2,6,1,0.9885019,1
42,5,1,0,0,-43.334675,281.89252,451.0912,-0.009069575,-0.020337332,0.0137495715,10.884791,10.6625,2,-1,0,0.9926934,1
42,3,1,0,0,-77.136795,137.57379,290.19025,0.030202625,-0.015286876,0.028533023,7.1004653,7.0480556,2,-1,0,0.9500893,1
42,33,1,1,0,-53.08311,215.94911,86.518295,0.0065784804,0.002216015,0.013709145,18.454903,16.651112,2,7,1,0.9991184,1
42,3,1,0,0,-77.136795,137.57379,290.19025,0.030202625,-0.015286876,0.028533023,5.687285,5.553056,2,-1,0,0.98275054,1
42,3,1,0,0,-77.136795,137.57379,290.19025,0.030202625,-0.015286876,0.028533023,12.11341,12.049444,2,-1,0,0.9958971,1
42,36,1,1,0,-65.390015,550.77185,78.11116,-0.00970007,-0.0039772703,0.034128528,15.116917,15.087778,2,8,1,0.9957308,1
42,36,1,0,0,-65.390015,550.77185,78.11116,-0.00970007,-0.0039772703,0.034128528,5.5977917,4.741667,2,-1,0,0.9933204,1
42,25,1,1,0,-73.86638,234.73676,400.94714,0.019676002,-0.010868148,-0.011177679,27.80489,28.059166,2,9,1,0.9977652,1
42,20,1,1,0,72.662415,-544.5577,388.50327,-0.009703581,0.014016596,0.010772755,25.017513,24.814167,2,10,1,0.9891796,1
42,3,1,1,0,-77.136795,137.57379,290.19025,0.030202625,-0.015286876,0.028533023,26.132479,26.406666,2,11,1,0.8771078,1
42,36,1,0,0,-65.390015,550.77185,78.11116,-0.00970007,-0.0039772703,0.034128528,4.672458,4.8022223,2,-1,0,0.9714906,1
42,36,1,0,0,-65.390015,550.77185,78.11116,-0.00970007,-0.0039772703,0.034128528,13.299764,13.273056,2,-1,0,0.9923386,1
42,14,0,0,0,0.0,0.0,0.0,0.0,0.0,0.0,2.8104374,2.889722,2,-1,0,0.50395656,1
42,30,1,0,0,91.876785,262.5693,410.53342,0.030277956,-0.0023454537,-0.0145673705,17.235987,12.2125,2,-1,0,0.91836286,1
42,30,1,1,0,91.876785,262.5693,410.53342,0.030277956,-0.0023454537,-0.0145673705,17.076195,17.324167,2,12,1,0.99312145,1
42,32,1,0,0,-105.74367,239.70178,277.57587,-0.002764647,-0.00012678416,0.0034661563,5.007167,4.862222,2,-1,0,0.9982816,1
42,32,1,1,0,-105.74367,239.70178,277.57587,-0.002764647,-0.00012678416,0.0034661563,5.8421464,5.7875,2,13,1,0.98624676,1
42,34,1,0,0,-184.81029,-125.649796,276.085,0.024099687,0.004531191,0.016150726,3.5009513,3.5744445,2,-1,0,0.96558917,1
42,27,0,0,0,0.0,0.0,0.0,0.0,0.0,0.0,3.0513337,2.933889,2,-1,0,0.54037434,1
42,10,1,1,0,174.41277,545.2102,263.23804,0.005788231,-0.0022482506,-0.020695867,19.118547,17.815277,2,14,1,0.9970841,1
42,31,1,1,0,176.52931,14.309775,65.864395,-0.0005959687,0.015413094,-0.0037506355,12.998355,12.9025,2,15,1,0.9857992,1
42,4,1,1,0,-175.87656,563.7999,363.6544,-0.023225516,0.008793153,0.0056434427,27.611584,27.538889,2,16,1,0.9992761,1
42,31,1,0,0,176.52931,14.309775,65.864395,-0.0005959687,0.015413094,-0.0037506355,5.302459,5.2355556,2,-1,0,0.98481685,1
42,34,1,1,0,-184.81029,-125.649796,276.085,0.024099687,0.004531191,0.016150726,12.953619,12.945278,2,17,1,0.9852124,1
42,34,1,0,0,-184.81029,-125.649796,276.085,0.024099687,0.004531191,0.016150726,11.913715,11.809444,2,-1,0,0.96054804,1
42,26,1,1,0,186.18059,227.19078,195.39221,0.011146331,0.0024335892,-0.021275252,28.120707,20.084444,2,18,1,0.9974987,1
42,11,1,1,0,201.15836,553.6678,142.74585,0.00061083696,-0.0034208498,0.0046415864,5.5778193,4.493889,2,19,1,0.97455364,1
42,35,1,1,0,-210.78654,385.7978,311.31552,0.00021943294,-0.010637236,-0.0042271265,12.26261,12.168333,2,20,1,0.9918766,1
42,22,1,1,0,-213.5024,-152.85065,428.19064,-0.0117146885,-0.0037645302,-0.017940495,19.033937,10.883056,2,21,1,0.9622121,1
42,22,1,0,0,-213.5024,-152.85065,428.19064,-0.0117146885,-0.0037645302,-0.017940495,4.6172853,3.4922223,2,-1,0,0.9719571,1
42,7,1,1,0,-225.16231,-291.28314,71.69867,0.018959304,0.0047345427,0.00016896754,26.147131,21.272223,2,22,1,0.99999774,1
42,23,1,1,0,-227.23624,181.02689,47.366516,0.014133052,-0.011664977,0.014292146,21.005243,20.998056,2,23,1,0.99393916,1
42,14,1,1,0,-234.24994,328.80585,190.37206,-0.0073049217,0.014184203,-0.016707335,14.178784,14.259167,2,24,1,0.9556657,1
42,6,1,0,0,-245.8922,298.84048,161.27547,-0.0038343356,0.03113033,-0.0036890951,14.199416,14.173333,2,-1,0,0.9459468,1
42,6,1,1,0,-245.8922,298.84048,161.27547,-0.0038343356,0.03113033,-0.0036890951,17.300528,17.120556,2,25,1,0.998723,1
42,13,1,1,0,249.85982,423.5096,400.07306,-0.009429443,0.022055218,-0.003103948,23.113182,23.087778,2,26,1,0.99040717,1
42,9,1,1,0,-261.38324,309.49634,127.70695,0.008096298,-0.0017715264,-0.027990451,15.818494,15.804722,2,27,1,0.98761475,1
42,9,1,0,0,-261.38324,309.49634,127.70695,0.008096298,-0.0017715264,-0.027990451,13.504993,13.439167,2,-1,0,0.991478,1
42,12,1,1,0,-275.10394,-449.94894,349.5798,0.019011108,0.008493187,0.01910789,15.508083,15.291111,2,28,1,0.9434508,1
42,14,0,0,0,0.0,0.0,0.0,0.0,0.0,0.0,2.7265973,2.7258334,2,-1,0,0.6369733,1
42,12,1,0,0,-275.10394,-449.94894,349.5798,0.019011108,0.008493187,0.01910789,11.485909,11.575,2,-1,0,0.9872793,1
42,14,1,0,0,-234.24994,328.80585,190.37206,-0.0073049217,0.014184203,-0.016707335,6.218493,6.1305556,2,-1,0,0.9789695,1
42,1,1,0,0,-285.92654,-24.712162,258.99414,-0.0021678235,0.02687139,0.010133022,5.2158127,5.075,2,-1,0,0.98882174,1
42,1,1,1,0,-285.92654,-24.712162,258.99414,-0.0021678235,0.02687139,0.010133022,18.754179,14.465555,2,29,1,0.9987891,1
42,37,1,1,0,-288.0545,260.92462,340.41742,0.0026706937,-0.0012095395,-0.0045906478,4.8942504,4.8236113,2,30,1,0.9811069,1
42,8,1,1,0,288.73,517.95105,348.38928,-0.0005750133,-0.008785295,0.0066391313,9.038493,9.2575,2,31,1,0.9891768,1
42,2,1,1,0,301.72412,-105.42876,422.2587,0.033610616,0.013250862,-0.011282488,23.853638,21.305277,2,32,1,0.83334315,1
42,28,1,1,0,-311.28482,-229.70103,456.82083,-0.02405792,0.012394583,-0.0007202685,19.652613,19.260279,2,33,1,1.0,1
42,18,1,0,0,335.86227,472.77847,86.57167,-0.033338837,0.031939443,0.005880014,18.687805,18.871666,2,-1,0,0.97975963,1
42,18,1,1,0,335.86227,472.77847,86.57167,-0.033338837,0.031939443,0.005880014,20.108624,19.805,2,34,1,0.97600967,1
42,17,1,1,0,-339.82397,197.80412,220.96632,0.030523023,-0.012080739,0.009832486,21.211779,21.176111,2,35,1,0.96587175,1
42,17,1,0,0,-339.82397,197.80412,220.96632,0.030523023,-0.012080739,0.009832486,12.416084,11.762777,2,-1,0,0.99106395,1
42,21,1,1,0,338.26718,595.5201,269.2293,0.016175782,-0.009287417,0.011382493,10.964347,11.191944,2,36,1,0.9746028,1
42,21,1,0,0,338.26718,595.5201,269.2293,0.016175782,-0.009287417,0.011382493,8.78784,8.733055,2,-1,0,0.98667586,1
42,27,1,1,0,344.0072,447.88757,85.3167,-0.002611065,-0.000122042846,0.006199592,3.8957503,3.9152777,2,37,1,0.9592358,1
42,2,1,0,0,301.72412,-105.42876,422.2587,0.033610616,0.013250862,-0.011282488,9.8874655,9.794723,2,-1,0,0.97761816,1
42,29,1,1,0,353.36765,-484.21994,174.19032,0.0065172915,-0.011304668,0.016939355,17.430931,13.283889,2,38,1,0.9759995,1
43,36,1,0,0,-36.561943,-532.7274,222.73433,0.02637881,0.032043558,0.0021543216,5.3643546,5.4416666,2,-1,0,0.9991093,1
43,36,1,1,0,-36.561943,-532.7274,222.73433,0.02637881,0.032043558,0.0021543216,43.311493,42.678055,2,0,1,0.9999229,1
43,24,1,0,0,-58.022564,-204.06535,90.17539,0.016204124,-0.007904282,0.0056411894,3.8752778,3.922778,2,-1,0,0.92150545,1
43,12,1,1,0,-4.769304,566.4275,187.52466,0.013158255,0.0068880194,-0.019579135,4.265778,4.266667,2,1,1,0.95279133,1
43,24,1,0,0,-58.022564,-204.06535,90.17539,0.016204124,-0.007904282,0.0056411894,5.36,5.3594446,2,-1,0,0.984641,1
43,35,0,0,0,0.0,0.0,0.0,0.0,0.0,0.0,3.528153,3.5013888,2,-1,0,0.5818232,1
43,40,1,1,0,46.646523,424.87796,7.749,0.001663664,-0.0013281002,0.012630474,12.505897,12.776667,2,2,1,0.9958197,1
43,24,1,1,0,-58.022564,-204.06535,90.17539,0.016204124,-0.007904282,0.0056411894,10.743681,10.998055,2,3,1,0.9674275,1
43,9,1,1,0,-65.332275,-472.65912,267.4393,0.015957737,-0.015074595,0.013355651,30.724249,30.76,2,4,1,0.9979309,1
43,26,1,0,0,109.11559,572.9885,259.53006,0.016710112,0.0073588844,0.022141242,4.86259,4.8522224,2,-1,0,0.97315884,1
43,14,1,1,0,-82.129105,31.705967,39.252815,-0.0051107532,9.392534e-05,0.0011680367,6.3592086,0.8947222,2,5,1,0.99604505,1
43,38,1,1,0,83.521194,45.290184,333.79938,0.009039335,-0.008171765,-0.0030370848,14.28493,14.405556,2,6,1,0.9964759,1
43,22,1,0,0,91.67403,149.53168,55.66694,-0.0041059894,0.0015838315,0.010837972,5.3530974,5.2744446,2,-1,0,0.9698276,1
43,32,1,0,0,153.01343,160.38605,50.63361,-0.015875502,0.026789317,0.017067077,4.435479,4.5561113,2,-1,0,0.9911561,1
43,22,1,1,0,91.67403,149.53168,55.66694,-0.0041059894,0.0015838315,0.010837972,11.37959,11.406667,2,7,1,0.99606365,1
43,38,1,0,0,83.521194,45.290184,333.79938,0.009039335,-0.008171765,-0.0030370848,3.3536458,3.3941667,2,-1,0,0.9258928,1
43,30,1,1,0,-103.56223,587.40985,219.958,-0.0027549644,0.019421427,-0.004191948,20.54532,17.748333,2,8,1,0.9991737,1
43,5,1,1,0,108.32857,435.65686,283.71176,0.02223483,-0.013952489,-0.0009917449,21.012035,20.934444,2,9,1,0.92780155,1
43,26,1,0,0,109.11559,572.9885,259.53006,0.016710112,0.0073588844,0.022141242,13.933895,12.114166,2,-1,0,0.99573696,1
43,20,1,1,0,112.965546,-348.323,436.27808,0.03656128,0.0038465431,-0.0038828647,31.270924,29.759445,2,10,1,1.0,1
43,26,1,1,0,109.11559,572.9885,259.53006,0.016710112,0.0073588844,0.022141242,16.899986,16.8975,2,11,1,0.9938822,1
43,20,0,0,0,0.0,0.0,0.0,0.0,0.0,0.0,4.338354,0.123055555,2,-1,0,0.9597964,1
43,33,1,1,0,-118.88239,24.558004,124.18805,-0.025333349,-0.0068567954,-0.021312533,29.19075,29.180277,2,12,1,0.98352,1
43,27,1,0,0,129.01207,144.5593,230.15726,0.030014656,0.0039664856,0.0071409983,4.2396803,4.3447223,2,-1,0,0.9761645,1
43,5,1,0,0,108.32857,435.65686,283.71176,0.02223483,-0.013952489,-0.0009917449,8.434097,8.396667,2,-1,0,0.9743851,1
43,8,1,1,0,-140.48656,-484.42532,66.53286,-0.009773527,0.0073333993,-0.01842478,21.587702,21.545834,2,13,1,0.9958313,1
43,27,1,1,0,129.01207,144.5593,230.15726,0.030014656,0.0039664856,0.0071409983,12.443347,12.3125,2,14,1,0.9945115,1
43,8,1,0,0,-140.48656,-484.42532,66.53286,-0.009773527,0.0073333993,-0.01842478,4.716375,4.681389,2,-1,0,0.9907393,1
43,32,1,1,0,153.01343,160.38605,50.63361,-0.015875502,0.026789317,0.017067077,25.554132,23.127777,2,15,1,0.9999213,1
43,33,1,0,0,-118.88239,24.558004,124.18805,-0.025333349,-0.0068567954,-0.021312533,4.9564166,4.8694444,2,-1,0,0.9641811,1
43,25,1,1,0,190.3278,-341.4124,257.5862,-0.009041445,0.0072228443,0.036841463,26.517721,26.537777,2,16,1,0.99367213,1
43,17,1,0,0,172.73161,281.8689,69.70242,-0.0003239602,-0.012702708,-0.0121600665,5.7963543,4.500278,2,-1,0,0.9986307,1
43,17,1,0,0,172.73161,281.8689,69.70242,-0.0003239602,-0.012702708,-0.0121600665,4.8263474,4.693333,2,-1,0,0.9754837,1
43,17,1,1,0,172.73161,281.8689,69.70242,-0.0003239602,-0.012702708,-0.0121600665,6.3724165,6.3558335,2,17,1,0.9949985,1
43,13,1,1,0,179.56595,-152.64026,121.39837,0.006940294,0.0048874025,-0.0045428863,10.404833,10.486389,2,18,1,0.98868036,1
43,1,1,0,0,-212.31717,486.75726,311.4811,0.010192095,-0.0068172547,0.024735132,9.163736,8.918056,2,-1,0,0.9626443,1
43,25,1,0,0,190.3278,-341.4124,257.5862,-0.009041445,0.0072228443,0.036841463,9.448479,9.418056,2,-1,0,0.99125683,1
43,23,0,0,0,0.0,0.0,0.0,0.0,0.0,0.0,10.655369,-1.0,2,-1,0,0.9873973,1
43,23,0,0,0,0.0,0.0,0.0,0.0,0.0,0.0,2.6734445,-1.0,2,-1,0,0.533684,1
43,23,0,0,0,0.0,0.0,0.0,0.0,0.0,0.0,3.7275624,-1.0,2,-1,0,0.92283124,1
43,2,1,1,0,206.05405,132.85666,17.834314,0.0077829473,0.020596268,0.025435327,29.028896,29.040833,2,19,1,0.9974698,1
43,1,1,1,0,-212.31717,486.75726,311.4811,0.010192095,-0.0068172547,0.024735132,18.142319,18.026112,2,20,1,0.98518187,1
43,29,1,1,0,223.28429,267.19525,414.3419,-0.020735458,0.0055256207,0.0007268536,23.074068,23.135279,2,21,1,0.99175376,1
43,15,1,1,0,236.88857,418.7417,213.76732,0.012836306,0.020138884,-0.00592256,15.08916,14.968889,2,22,1,0.98078835,1
43,37,1,0,0,286.25684,-190.2423,187.16539,-0.0070098857,0.020534925,-0.017587021,3.0181456,3.0825,2,-1,0,0.61865574,1
43,21,1,1,0,-241.79854,534.53436,361.03513,0.00087288773,0.0016779295,0.010927477,13.157285,12.665,2,23,1,0.9737645,1
43,31,1,0,0,-254.05997,-416.95456,106.737335,0.020808056,-0.013697379,-0.005851433,2.850375,2.8344445,2,-1,0,0.7884211,1
43,15,1,0,0,236.88857,418.7417,213.76732,0.012836306,0.020138884,-0.00592256,10.507153,10.6472225,2,-1,0,0.9810848,1
43,31,1,1,0,-254.05997,-416.95456,106.737335,0.020808056,-0.013697379,-0.005851433,22.246641,22.433056,2,24,1,0.99414396,1
43,6,1,1,0,-257.47144,-266.08917,236.93549,-0.011565741,-0.018032404,-0.021343425,15.511682,15.580556,2,25,1,0.9965473,1
43,18,1,1,0,-263.51312,-529.0646,95.476,-0.022090819,0.021949977,-0.005290424,28.559708,25.5475,2,26,1,0.9998424,1
43,6,0,0,0,0.0,0.0,0.0,0.0,0.0,0.0,3.4889235,-1.0,2,-1,0,0.50818574,1
43,39,1,1,0,270.54337,-113.33495,299.2357,0.013425924,0.0050306604,-0.007219319,13.978958,14.112778,2,27,1,0.94246536,1
43,6,0,0,0,0.0,0.0,0.0,0.0,0.0,0.0,4.3379583,-1.0,2,-1,0,0.9989957,1
43,11,1,1,0,-278.24554,289.26703,31.993038,-0.009468122,0.011624405,0.0063190153,13.908125,9.243055,2,28,1,0.9962423,1
43,37,1,1,0,286.25684,-190.2423,187.16539,-0.0070098857,0.020534925,-0.017587021,21.988728,22.025278,2,29,1,0.99683714,1
43,3,1,1,0,285.61426,156.47401,255.7291,0.0071069635,-0.047145896,0.008417073,49.091164,28.180277,2,30,1,0.99964046,1
43,37,1,0,0,286.25684,-190.2423,187.16539,-0.0070098857,0.020534925,-0.017587021,4.5528474,4.6444445,2,-1,0,0.96288025,1
43,16,1,1,0,297.81406,372.28024,441.52478,-0.009071069,0.002391279,-0.03186399,33.183353,33.18,2,31,1,0.9947359,1
43,7,1,1,0,-298.19876,-575.3607,267.78333,0.0031729075,-0.009188829,-0.0029930228,10.502125,10.441944,2,32,1,0.9758942,1
43,28,1,1,0,311.4491,-566.2549,267.35883,-0.0058311466,0.030953018,-0.0043724314,19.328917,19.229166,2,33,1,0.9240058,1
43,28,1,0,0,311.4491,-566.2549,267.35883,-0.0058311466,0.030953018,-0.0043724314,12.605632,12.644444,2,-1,0,0.9744441,1
43,10,1,1,0,-310.4898,559.6615,156.47139,-0.01042795,-0.015520629,-0.007849579,10.007757,5.7388887,2,34,1,0.9905483,1
43,35,1,1,0,-317.08206,497.44504,88.99015,0.007396516,0.00518108,0.010856834,14.79648,13.026944,2,35,1,0.95436525,1
43,4,1,1,0,-316.2492,-43.125008,129.8696,-0.016979868,-0.01056631,0.0032734803,18.31666,18.455278,2,36,1,0.9169507,1
43,10,1,0,0,-310.4898,559.6615,156.47139,-0.01042795,-0.015520629,-0.007849579,9.368416,9.481667,2,-1,0,0.98833895,1
43,34,1,1,0,344.6437,-381.40247,25.789265,0.016886013,-0.018287852,0.0069080535,25.262175,15.5225,2,37,1,0.99858624,1
43,19,1,1,0,-358.75064,-363.90442,384.89532,-0.015108347,0.019509584,0.03127294,15.24745,13.2275,2,38,1,0.9798774,1
43,19,1,0,0,-358.75064,-363.90442,384.89532,-0.015108347,0.019509584,0.03127294,13.020382,13.094167,2,-1,0,0.9779652,1
44,4,1,1,0,-53.31273,64.96714,459.31366,0.019830571,-0.0074802786,0.014476494,13.538944,13.606389,2,0,1,0.9514603,1
44,12,1,1,0,-55.584293,-355.2071,237.46457,-0.0018084643,-0.00074422034,0.013633595,16.482016,15.221666,2,1,1,0.9991312,1
44,36,1,1,0,60.89754,-343.67044,247.7724,0.011513933,0.0041271895,-0.009483241,17.78002,17.587778,2,2,1,0.9893937,1
44,2,1,1,0,-66.58802,308.7027,399.66937,-0.026385158,-0.007767492,-0.0034962909,22.147661,22.0975,2,3,1,0.9996525,1
44,5,0,0,0,0.0,0.0,0.0,0.0,0.0,0.0,2.9307501,2.9019444,2,-1,0,0.5046221,1
44,36,1,0,0,60.89754,-343.67044,247.7724,0.011513933,0.0041271895,-0.009483241,3.2012846,3.13,2,-1,0,0.9398011,1
44,40,1,1,0,-77.84753,463.37097,79.99596,-0.040997636,-0.011367416,-0.014483198,34.616898,34.7175,2,4,1,0.9882266,1
44,40,1,0,0,-77.84753,463.37097,79.99596,-0.040997636,-0.011367416,-0.014483198,13.270854,13.412778,2,-1,0,0.9746279,1
44,15,1,1,0,-87.157585,462.74377,2.5243728,0.008506634,-0.010005897,0.011261106,15.604117,15.157222,2,5,1,0.99677736,1
44,29,1,1,0,99.99754,598.9959,445.94632,0.011868965,-0.004799872,0.00046609525,10.959229,10.840555,2,6,1,0.90125495,1
44,29,1,0,0,99.99754,598.9959,445.94632,0.011868965,-0.004799872,0.00046609525,3.449111,3.4191666,2,-1,0,0.9411205,1
44,21,1,1,0,-106.617004,5.0318694,106.41617,-0.0042432966,0.0017120019,-0.008723866,11.179084,8.933056,2,7,1,0.9770209,1
44,40,1,0,0,67.96406,5.7574205,321.95593,-0.040997636,-0.011367416,-0.014483198,4.8446465,4.884444,2,-1,0,0.9918475,1
44,2,1,0,0,-66.58802,308.7027,399.66937,-0.026385158,-0.007767492,-0.0034962909,3.5459027,3.4702778,2,-1,0,0.9368372,1
44,2,1,0,0,-66.58802,308.7027,399.66937,-0.026385158,-0.007767492,-0.0034962909,4.687028,4.7980556,2,-1,0,0.944943,1
44,26,1,1,0,143.37527,148.45622,28.139368,-0.0011910505,0.0006955052,0.007657586,7.9092503,7.9075,2,8,1,0.98957276,1
44,32,0,0,0,0.0,0.0,0.0,0.0,0.0,0.0,7.236368,-1.0,2,-1,0,0.9754175,1
44,23,1,1,0,166.14206,593.97473,5.7769213,-0.003827724,0.018257812,0.0002743985,20.716818,20.754444,2,9,1,0.9978245,1
44,38,1,0,0,-172.72392,-91.85446,107.89775,-2.5849202e-05,-0.0037829806,0.006358245,2.8518193,2.8219445,2,-1,0,0.5939713,1
44,38,1,1,0,-172.72392,-91.85446,107.89775,-2.5849202e-05,-0.0037829806,0.006358245,4.1004033,3.931111,2,10,1,0.9733857,1
44,7,1,1,0,184.31741,406.29013,56.14864,-0.01094262,0.012467954,0.00817754,13.451375,13.448611,2,11,1,0.97474945,1
44,14,1,1,0,-184.70372,-38.725025,348.95312,-7.763255e-05,-0.015445657,0.0068944055,18.07523,18.18,2,12,1,0.99870217,1
44,10,0,0,0,0.0,0.0,0.0,0.0,0.0,0.0,4.215521,-1.0,2,-1,0,0.9795172,1
44,10,0,0,0,0.0,0.0,0.0,0.0,0.0,0.0,13.032973,-1.0,2,-1,0,0.8742019,1
44,20,1,1,0,193.71199,324.96652,303.49033,-0.0058199055,0.006336062,-0.017611634,20.347818,20.373333,2,13,1,0.9822267,1
44,19,1,1,0,-192.91049,-348.19543,372.4556,-0.001762016,0.008749411,0.010817857,15.139438,15.320556,2,14,1,0.9953234,1
44,30,1,0,0,-193.46396,157.23737,355.29544,-0.02858948,-0.020869693,0.004860418,12.733216,11.244722,2,-1,0,0.9980184,1
44,10,0,0,0,0.0,0.0,0.0,0.0,0.0,0.0,8.449695,-1.0,2,-1,0,0.9955324,1
44,30,1,1,0,-193.46396,157.23737,355.29544,-0.02858948,-0.020869693,0.004860418,30.337591,30.331944,2,15,1,0.99803036,1
44,22,1,0,0,-197.44534,92.25381,383.72266,-0.016939046,0.023211561,0.010796562,5.434965,5.5616665,2,-1,0,0.9764188,1
44,22,1,1,0,-197.44534,92.25381,383.72266,-0.016939046,0.023211561,0.010796562,31.556236,31.734722,2,16,1,0.9945084,1
44,28,1,1,0,202.19023,589.22363,155.34286,-0.0046660826,0.0036367238,0.0034013363,3.5867984,3.5866666,2,17,1,0.9666714,1
44,27,1,1,0,209.63516,-272.88864,262.66937,-0.0070787785,0.0060754805,0.033936948,29.452103,29.615278,2,18,1,0.98125,1
44,37,1,1,0,217.23396,225.16537,284.18997,-0.0059578936,-0.005480647,0.0021440089,10.733292,10.888333,2,19,1,0.9948618,1
44,19,1,0,0,-192.91049,-348.19543,372.4556,-0.001762016,0.008749411,0.010817857,2.7129583,2.7819445,2,-1,0,0.53292316,1
44,31,1,1,0,-218.79518,159.26666,54.05806,-0.008780211,-0.00024666567,-0.009287033,11.304757,9.494445,2,20,1,0.9992192,1
44,6,1,1,0,-227.91762,-244.07,52.269066,0.018610265,-0.018515518,0.011824113,31.119267,31.335833,2,21,1,0.95379007,1
44,24,1,1,0,-236.20805,-434.5305,249.56743,-0.0073798653,0.02122048,0.0055675427,22.317335,18.276667,2,22,1,0.99175745,1
44,3,1,1,0,-236.75754,47.890926,398.45782,-0.019795746,-0.012706322,0.025528625,32.675037,25.97139,2,23,1,0.9324141,1
44,8,1,1,0,-240.71866,-214.81107,389.8178,-0.0118734995,9.6580974e-05,-0.021720894,21.101007,20.06639,2,24,1,0.99430835,1
44,8,1,0,0,-240.71866,-214.81107,389.8178,-0.0118734995,9.6580974e-05,-0.021720894,4.623236,3.5863888,2,-1,0,0.99430096,1
44,25,0,0,0,0.0,0.0,0.0,0.0,0.0,0.0,29.129124,-1.0,2,-1,0,0.9996656,1
44,16,1,0,0,-264.69272,425.07315,394.63092,0.025377741,-0.021584818,0.032516815,5.6445,5.6772223,2,-1,0,0.98190033,1
44,3,1,0,0,-236.75754,47.890926,398.45782,-0.019795746,-0.012706322,0.025528625,3.3940136,3.37,2,-1,0,0.9231439,1
44,5,0,0,0,0.0,0.0,0.0,0.0,0.0,0.0,22.020805,-1.0,2,-1,0,0.978218,1
44,34,1,0,0,259.77353,179.77544,271.9988,-0.0043420987,-0.008148462,0.0041147815,3.6244304,3.7372222,2,-1,0,0.95829713,1
44,16,1,0,0,-264.69272,425.07315,394.63092,0.025377741,-0.021584818,0.032516815,5.251354,5.312778,2,-1,0,0.9592674,1
44,34,1,0,0,259.77353,179.77544,271.9988,-0.0043420987,-0.008148462,0.0041147815,4.3676596,4.4994445,2,-1,0,0.99478203,1
44,34,1,1,0,259.77353,179.77544,271.9988,-0.0043420987,-0.008148462,0.0041147815,5.526903,5.535,2,25,1,0.99801457,1
44,18,1,1,0,260.99786,66.89394,30.043211,0.0072950255,-0.017817274,-0.009005361,19.370016,19.743055,2,26,1,0.9902359,1
44,16,1,1,0,-264.69272,425.07315,394.63092,0.025377741,-0.021584818,0.032516815,28.385862,27.957222,2,27,1,0.89928967,1
44,25,0,0,0,0.0,0.0,0.0,0.0,0.0,0.0,14.23766,-1.0,2,-1,0,0.989601,1
44,1,1,1,0,265.75824,-480.38068,129.83789,0.014812446,0.0041074697,-0.00018683841,16.082485,15.721111,2,28,1,0.99247044,1
44,11,1,1,0,-297.7238,-497.75186,235.5402,-0.012849401,-0.0037805082,-0.0009834284,10.229347,10.1975,2,29,1,0.9903848,1
44,13,1,0,0,321.986,-92.20387,289.29352,0.0008343959,-0.02206538,0.008656335,5.140139,5.0594444,2,-1,0,0.9732232,1
44,13,1,1,0,321.986,-92.20387,289.29352,0.0008343959,-0.02206538,0.008656335,17.54652,17.190834,2,30,1,0.99456733,1
44,10,0,0,0,0.0,0.0,0.0,0.0,0.0,0.0,3.1606944,3.1575,2,-1,0,0.7425251,1
44,35,1,1,0,-330.3897,-317.073,9.966779,-0.022668008,0.013265047,-0.019769812,21.612104,20.200834,2,31,1,0.9957098,1
44,17,1,1,0,-340.4743,554.04694,3.3150656,0.009651953,0.0015123977,-0.0010475388,9.691923,9.481944,2,32,1,0.9999807,1
44,33,1,1,0,-340.19897,-137.90807,314.1794,-0.013209066,-0.007677106,0.00043681357,11.887125,11.818611,2,33,1,0.88898367,1
44,39,1,1,0,341.33545,-265.62573,325.72287,0.00918547,-0.011671562,-0.01119706,12.292749,12.394167,2,34,1,0.9700485,1
45,4,1,1,0,-11.064476,235.19072,312.8129,-0.022098992,0.022424862,0.011265476,21.554583,21.5025,2,0,1,0.99430484,1
45,5,0,0,0,-22.97786,-262.04245,347.09573,-0.0056067756,-0.02728239,3.0861498e-05,8.864362,8.445,2,-1,0,0.99353206,1
45,1,1,1,0,14.486588,-156.20805,415.24435,0.0030375698,0.014411368,-0.007701464,21.375042,21.358334,2,1,1,0.9883521,1
45,23,1,1,0,-20.05903,-157.86328,344.75696,-0.023417665,-0.009841899,-0.012431961,21.072603,16.544722,2,2,1,0.9981927,1
45,23,1,0,0,-20.05903,-157.86328,344.75696,-0.023417665,-0.009841899,-0.012431961,5.770611,5.893611,2,-1,0,0.98008484,1
45,5,1,1,0,-22.97786,-262.04245,347.09573,-0.0056067756,-0.02728239,3.0861498e-05,18.275404,18.760279,2,3,1,0.9968445,1
45,5,1,0,0,-22.97786,-262.04245,347.09573,-0.0056067756,-0.02728239,3.0861498e-05,4.5140486,4.6675,2,-1,0,0.6894282,1
45,4,1,0,0,-11.064476,235.19072,312.8129,-0.022098992,0.022424862,0.011265476,3.9895973,4.1186113,2,-1,0,0.9747823,1
45,17,1,1,0,-36.91439,18.713373,42.20029,-0.028261553,-0.011699996,-0.0084927045,29.08977,28.802221,2,4,1,0.953752,1
45,17,1,0,0,-36.91439,18.713373,42.20029,-0.028261553,-0.011699996,-0.0084927045,4.0194864,4.074167,2,-1,0,0.98909235,1
45,19,1,1,0,43.585052,-115.637505,425.63608,0.01558816,-0.013938936,0.020358326,25.07477,23.722778,2,5,1,0.9917824,1
45,23,1,0,0,-20.05903,-157.86328,344.75696,-0.023417665,-0.009841899,-0.012431961,4.3716664,4.48,2,-1,0,0.970711,1
45,19,1,0,0,43.585052,-115.637505,425.63608,0.01558816,-0.013938936,0.020358326,4.4978333,4.5008335,2,-1,0,0.9835427,1
45,34,1,1,0,-60.01552,122.60742,106.56399,-0.020917915,0.006224728,-0.00087844575,17.857187,17.885279,2,6,1,0.9971904,1
45,34,1,0,0,-60.01552,122.60742,106.56399,-0.020917915,0.006224728,-0.00087844575,4.2646666,4.331111,2,-1,0,0.8462022,1
45,13,1,0,0,106.88656,497.54825,245.509,-0.019203238,-0.008045478,0.06295336,14.397458,14.375556,2,-1,0,0.9705047,1
45,7,1,1,0,91.889984,480.0869,412.0837,-0.02132051,-0.020478107,-0.009360002,35.631527,35.608612,2,7,1,0.9999995,1
45,13,1,0,0,106.88656,497.54825,245.509,-0.019203238,-0.008045478,0.06295336,8.669326,8.605833,2,-1,0,0.97952557,1
45,13,1,0,0,106.88656,497.54825,245.509,-0.019203238,-0.008045478,0.06295336,3.2874305,3.216389,2,-1,0,0.7416515,1
45,16,1,1,0,100.09082,-82.86278,447.50073,-0.0073242816,0.00020641564,-0.00982493,11.274195,11.32,2,8,1,0.9911107,1
45,13,1,1,0,106.88656,497.54825,245.509,-0.019203238,-0.008045478,0.06295336,40.64051,41.133057,2,9,1,0.9862839,1
45,38,1,0,0,119.42194,525.66156,121.61904,-0.011278848,-0.022866419,0.01685139,5.3738685,5.41,2,-1,0,0.9378284,1
45,37,1,1,0,113.257706,12.482443,158.318,-0.0003899736,0.0035753674,0.0048734397,7.374708,7.4347224,2,10,1,0.9964722,1
45,32,1,1,0,-116.81518,-510.2617,270.63513,0.001914453,-0.013488931,-0.007102865,18.507744,18.4525,2,11,1,0.9926481,1
45,38,1,0,0,119.42194,525.66156,121.61904,-0.011278848,-0.022866419,0.01685139,12.229542,12.323889,2,-1,0,0.989957,1
45,38,1,1,0,119.42194,525.66156,121.61904,-0.011278848,-0.022866419,0.01685139,15.400707,15.383056,2,12,1,0.9982626,1
45,3,1,1,0,-124.45488,-522.7718,30.913368,-0.001471269,0.00089653116,-0.01512349,13.084514,13.102222,2,13,1,0.97381794,1
45,24,1,1,0,-126.143,-520.86755,149.77687,0.00087414304,-0.0006754456,-0.014959114,11.129375,11.255555,2,14,1,0.98764634,1
45,26,1,1,0,-131.0989,226.90965,176.89189,0.0057908865,0.01438428,-0.010858264,18.959562,16.549166,2,15,1,0.9657904,1
45,18,1,1,0,-157.32828,392.21613,143.4283,0.0035585833,-0.0036546078,-0.026874477,20.311487,20.18361,2,16,1,0.87576437,1
45,18,1,0,0,-157.32828,392.21613,143.4283,0.0035585833,-0.0036546078,-0.026874477,8.419687,8.535277,2,-1,0,0.99926573,1
45,27,1,0,0,183.55737,-31.628159,94.26901,-0.016736742,-0.015446497,0.009726028,5.1489167,5.035,2,-1,0,0.9713186,1
45,27,1,1,0,183.55737,-31.628159,94.26901,-0.016736742,-0.015446497,0.009726028,20.159513,20.018333,2,17,1,0.9647008,1
45,15,0,0,0,0.0,0.0,0.0,0.0,0.0,0.0,3.3998332,-1.0,2,-1,0,0.6427826,1
45,2,1,1,0,-198.00404,-62.626568,399.8382,-0.020295002,0.003533385,-0.010655021,23.378368,23.409166,2,18,1,0.9987552,1
45,21,1,1,0,204.46655,408.49393,379.57217,0.0047026365,-0.004272031,0.0048557515,6.4712434,6.6394444,2,19,1,0.9960465,1
45,20,1,1,0,206.11899,464.74512,3.389291,0.016863702,-0.00024152052,0.014184066,18.528923,17.251944,2,20,1,0.9649142,1
45,36,1,1,0,-211.88185,340.13788,339.14532,9.444237e-05,0.015638132,0.00758298,8.953133,8.281111,2,21,1,0.98867255,1
45,25,1,0,0,-214.41792,602.497,423.02997,0.011100461,-0.008616348,0.008894298,5.201,5.3605556,2,-1,0,0.9890932,1
45,36,1,0,0,-211.88185,340.13788,339.14532,9.444237e-05,0.015638132,0.00758298,7.024722,6.9594445,2,-1,0,0.97835743,1
45,25,1,1,0,-214.41792,602.497,423.02997,0.011100461,-0.008616348,0.008894298,5.7832913,5.8519444,2,22,1,0.9537565,1
45,14,1,0,0,223.63841,-211.04585,15.078377,0.028973956,-0.0046226187,0.001321662,10.158154,10.165833,2,-1,0,0.99725693,1
45,29,1,1,0,-224.9045,562.76965,275.0099,-0.015887761,-0.0017199289,0.0056421743,15.775187,12.256945,2,23,1,0.9904485,1
45,8,1,1,0,-232.6496,261.76843,417.07126,0.0037651025,0.010244411,-0.0045171105,12.449659,12.485,2,24,1,0.9802429,1
45,14,1,1,0,223.63841,-211.04585,15.078377,0.028973956,-0.0046226187,0.001321662,14.126945,14.103056,2,25,1,0.9995049,1
45,35,1,1,0,240.79019,460.01,228.42778,-0.0067405174,-0.01775777,-0.00271316,18.126404,18.054722,2,26,1,0.99895763,1
45,14,1,0,0,223.63841,-211.04585,15.078377,0.028973956,-0.0046226187,0.001321662,5.713722,5.6869445,2,-1,0,0.981597,1
45,15,0,0,0,0.0,0.0,0.0,0.0,0.0,0.0,3.2874029,3.203889,2,-1,0,0.6044778,1
45,28,1,1,0,245.39322,471.37732,85.46982,-0.00087925745,0.0051154993,-0.028674938,10.321534,10.266111,2,27,1,0.95894575,1
45,28,1,0,0,245.39322,471.37732,85.46982,-0.00087925745,0.0051154993,-0.028674938,8.054743,6.1558332,2,-1,0,0.9792138,1
45,40,1,0,0,265.48053,317.9687,242.58482,-0.018604912,0.0025345662,0.0048615574,4.523049,4.566111,2,-1,0,0.99333006,1
45,28,1,0,0,245.39322,471.37732,85.46982,-0.00087925745,0.0051154993,-0.028674938,4.3381457,4.48,2,-1,0,0.99241465,1
45,40,1,1,0,265.48053,317.9687,242.58482,-0.018604912,0.0025345662,0.0048615574,12.74,12.625556,2,28,1,0.9858444,1
45,9,1,0,0,304.42282,365.83746,275.30615,-0.006268271,0.004104222,0.013583158,3.6327639,3.6894445,2,-1,0,0.98408717,1
45,33,1,0,0,-272.8172,465.71332,33.264496,-0.008524623,-0.01013951,0.008045427,4.2987013,4.3716664,2,-1,0,0.973546,1
45,30,1,0,0,-312.0522,-47.09643,284.31656,0.022400288,0.00047117285,-0.016947338,8.932535,8.917222,2,-1,0,0.9850085,1
45,33,1,1,0,-272.8172,465.71332,33.264496,-0.008524623,-0.01013951,0.008045427,15.469334,15.053333,2,29,1,0.99873334,1
45,15,0,0,0,0.0,0.0,0.0,0.0,0.0,0.0,2.769389,-1.0,2,-1,0,0.84052044,1
45,31,1,0,0,-296.139,12.538487,88.49875,0.0188817,0.019314792,0.039624475,3.8263543,3.8611112,2,-1,0,0.9303882,1
45,31,1,1,0,-296.139,12.538487,88.49875,0.0188817,0.019314792,0.039624475,30.77131,30.8425,2,30,1,0.94498634,1
45,39,1,1,0,290.05432,-459.57278,84.7483,0.0040479936,-0.009530997,-0.0062018503,9.335735,4.755,2,31,1,0.98156667,1
45,15,1,0,0,300.4894,-121.9098,254.27129,-0.0103232125,0.0071928077,-0.03867294,5.639806,5.607222,2,-1,0,0.9798671,1
45,31,1,0,0,-296.139,12.538487,88.49875,0.0188817,0.019314792,0.039624475,8.805049,8.858055,2,-1,0,0.98405045,1
45,15,1,1,0,300.4894,-121.9098,254.27129,-0.0103232125,0.0071928077,-0.03867294,16.036633,16.043333,2,32,1,0.97383094,1
45,11,1,1,0,297.4802,398.7029,272.8157,0.0028324227,0.0085947495,-0.007129539,11.494258,11.470278,2,33,1,0.9968169,1
45,15,1,0,0,300.4894,-121.9098,254.27129,-0.0103232125,0.0071928077,-0.03867294,5.969007,5.992778,2,-1,0,0.96595305,1
45,9,1,1,0,304.42282,365.83746,275.30615,-0.006268271,0.004104222,0.013583158,8.742986,8.804722,2,34,1,0.99408907,1
45,30,1,1,0,-312.0522,-47.09643,284.31656,0.022400288,0.00047117285,-0.016947338,15.942417,15.948334,2,35,1,0.9738347,1
45,12,1,1,0,-308.45322,344.61237,0.91591495,-0.009596178,0.008929494,0.00058394455,8.028035,8.0725,2,36,1,0.99169594,1
45,10,1,1,0,-319.897,58.195942,377.92844,-0.015501026,-0.0053174677,-0.0069671073,15.79702,15.84,2,37,1,0.98418117,1
45,22,1,1,0,349.49475,-497.1352,338.72803,-0.029406102,0.022256449,-0.005199813,36.060566,35.871113,2,38,1,0.9993376,1
45,29,0,0,0,0.0,0.0,0.0,0.0,0.0,0.0,2.9761112,2.925,2,-1,0,0.5252399,1
45,6,1,1,0,355.66266,-27.000233,434.40985,0.008992938,0.012771041,0.00045130152,15.295688,13.985,2,39,1,0.9245439,1
46,17,1,1,0,-9.837907,86.22418,165.52542,0.012832929,-0.006144712,0.006087302,19.688494,18.19861,2,0,1,0.99745494,1
46,25,1,1,0,3.750794,512.22876,274.07053,-0.012390538,0.005318148,0.035440117,3.1185832,2.998889,2,1,1,0.54535204,1
46,8,1,1,0,-14.867431,499.90527,277.56354,-0.016373452,0.009777031,0.012289092,26.819992,26.88611,2,2,1,0.98972243,1
46,5,1,0,0,63.546955,-410.67856,347.6109,-0.010156833,-0.005541009,-0.010453286,4.0505834,3.9658334,2,-1,0,0.97794807,1
46,20,1,0,0,35.9865,280.79944,331.28128,-0.023128299,-0.034704246,0.008287167,4.626362,4.628889,2,-1,0,0.9737724,1
46,20,1,1,0,35.9865,280.79944,331.28128,-0.023128299,-0.034704246,0.008287167,42.370937,42.69361,2,3,1,0.9994561,1
46,23,1,1,0,-39.08994,272.6292,90.6453,0.014581476,0.01118441,0.0056509664,17.221453,17.214445,2,4,1,0.92674845,1
46,8,1,0,0,-14.867431,499.90527,277.56354,-0.016373452,0.009777031,0.012289092,4.158556,4.106111,2,-1,0,0.96199083,1
46,30,1,0,0,68.78681,548.61597,14.6368475,-0.04098142,0.016744658,0.010814097,6.689334,6.7044444,2,-1,0,0.97904587,1
46,30,1,0,0,68.78681,548.61597,14.6368475,-0.04098142,0.016744658,0.010814097,10.954834,10.944167,2,-1,0,0.99362916,1
46,30,1,1,0,68.78681,548.61597,14.6368475,-0.04098142,0.016744658,0.010814097,33.38947,35.455276,2,5,1,0.9999974,1
46,5,1,1,0,63.546955,-410.67856,347.6109,-0.010156833,-0.005541009,-0.010453286,12.649167,12.460278,2,6,1,0.99447376,1
46,6,1,1,0,-70.1684,7.3266153,154.87512,-0.0078854095,-0.00011859069,0.034339048,25.528563,23.69389,2,7,1,0.996536,1
46,6,1,0,0,-70.1684,7.3266153,154.87512,-0.0078854095,-0.00011859069,0.034339048,9.362487,9.337778,2,-1,0,0.9906066,1
46,27,1,1,0,115.952034,-481.0752,6.15442,-0.010386533,0.0016424229,0.014638119,14.426617,14.295,2,8,1,0.987666,1
46,26,0,0,0,0.0,0.0,0.0,0.0,0.0,0.0,3.0204306,2.9658334,2,-1,0,0.63785845,1
46,33,1,0,0,134.74136,503.54514,70.906876,-0.017579202,0.011087395,-0.002257164,9.011374,8.8925,2,-1,0,0.9836131,1
46,33,1,1,0,134.74136,503.54514,70.906876,-0.017579202,0.011087395,-0.002257164,15.168896,15.113611,2,9,1,0.99780494,1
46,4,1,1,0,-131.12492,-264.82852,171.84288,-0.0034420039,0.015224962,0.006744713,15.683458,15.189722,2,10,1,0.9957301,1
46,2,1,1,0,136.96237,-598.3073,364.69424,0.0041721985,-0.00771429,-0.013667827,10.464083,10.4125,2,11,1,0.996044,1
46,2,1,0,0,136.96237,-598.3073,364.69424,0.0041721985,-0.00771429,-0.013667827,7.5396113,7.645,2,-1,0,0.9684119,1
46,28,1,1,0,137.27411,-520.52844,242.10521,0.008039918,-0.004290328,-0.005136957,10.987633,10.985556,2,12,1,0.9618029,1
46,24,0,0,0,0.0,0.0,0.0,0.0,0.0,0.0,2.8935835,-1.0,2,-1,0,0.5047331,1
46,24,0,0,0,0.0,0.0,0.0,0.0,0.0,0.0,19.130917,-1.0,2,-1,0,0.84380996,1
46,22,1,1,0,153.50243,213.82127,62.698765,0.021948617,-0.009834599,-0.012321261,27.408478,27.2525,2,13,1,0.99998,1
46,22,1,0,0,153.50243,213.82127,62.698765,0.021948617,-0.009834599,-0.012321261,5.3676944,5.2691665,2,-1,0,0.99622226,1
46,19,0,0,0,0.0,0.0,0.0,0.0,0.0,0.0,13.107889,-1.0,2,-1,0,0.999969,1
46,19,0,0,0,0.0,0.0,0.0,0.0,0.0,0.0,7.017153,-1.0,2,-1,0,0.9735995,1
46,13,1,0,0,-185.10799,-381.364,235.4943,0.005833323,0.022320924,0.025309695,9.94318,9.823334,2,-1,0,0.9912772,1
46,19,0,0,0,0.0,0.0,0.0,0.0,0.0,0.0,8.122243,-1.0,2,-1,0,0.9989379,1
46,19,0,0,0,0.0,0.0,0.0,0.0,0.0,0.0,3.2101874,-1.0,2,-1,0,0.9688948,1
46,13,1,1,0,-185.10799,-381.364,235.4943,0.005833323,0.022320924,0.025309695,28.104744,28.029167,2,14,1,0.99795085,1
46,32,1,1,0,-188.69254,111.3351,90.6891,-0.0070530027,0.0072959876,0.006863716,13.263068,13.240833,2,15,1,0.9930395,1
46,40,1,0,0,209.77151,-483.41925,319.80475,0.0125721,-0.0083157215,0.0022671458,4.386743,4.509444,2,-1,0,0.9593612,1
46,14,0,0,0,0.0,0.0,0.0,0.0,0.0,0.0,3.775167,-1.0,2,-1,0,0.99471074,1
46,38,1,0,0,275.5229,-361.53873,191.6736,-0.022549668,0.023591494,-0.017166484,3.7033887,3.618611,2,-1,0,0.9630691,1
46,14,0,0,0,0.0,0.0,0.0,0.0,0.0,0.0,3.757833,-1.0,2,-1,0,0.9492333,1
46,40,1,1,0,209.77151,-483.41925,319.80475,0.0125721,-0.0083157215,0.0022671458,15.611231,15.344444,2,16,1,0.97199166,1
46,37,1,1,0,-212.99826,557.83026,328.13214,0.0075894254,0.0044089947,0.019640388,22.778667,22.710833,2,17,1,0.9977197,1
46,9,1,1,0,-217.36333,-501.05203,426.95343,0.017657371,0.00993376,-0.004560269,22.569153,22.445278,2,18,1,0.95307636,1
46,21,1,1,0,224.92844,-250.46434,181.62958,-0.013172913,-0.0013453076,-0.010153942,16.490654,16.668888,2,19,1,0.9951084,1
46,39,1,1,0,221.64592,-341.9312,349.17102,0.006537915,0.008861903,-0.00882518,15.340154,15.004444,2,20,1,0.9770627,1
46,9,1,0,0,-217.36333,-501.05203,426.95343,0.017657371,0.00993376,-0.004560269,3.4310763,3.501111,2,-1,0,0.9099911,1
46,38,1,1,0,275.5229,-361.53873,191.6736,-0.022549668,0.023591494,-0.017166484,28.823828,29.05,2,21,1,0.9981546,1
46,35,1,1,0,272.6701,-233.99892,315.71585,0.007815112,-0.013846674,-0.004790202,12.278215,12.304167,2,22,1,0.920198,1
46,7,0,0,0,0.0,0.0,0.0,0.0,0.0,0.0,7.534854,-1.0,2,-1,0,0.96857285,1
46,10,1,1,0,-281.13904,526.96814,148.9753,-0.0013830417,-0.0022024403,-0.027045973,14.147986,14.025278,2,23,1,0.9865676,1
46,10,1,0,0,-281.13904,526.96814,148.9753,-0.0013830417,-0.0022024403,-0.027045973,6.863215,6.91,2,-1,0,0.962639,1
46,7,1,1,0,-275.35498,-142.04643,228.79707,-0.06052936,-0.0046914695,0.029882869,23.22207,23.089167,2,24,1,0.80714506,1
46,7,1,0,0,-275.35498,-142.04643,228.79707,-0.06052936,-0.0046914695,0.029882869,6.264472,6.180278,2,-1,0,0.9667573,1
46,34,1,0,0,318.27524,43.577286,241.58723,-0.03543886,0.004882603,0.004716515,3.7710834,3.8041666,2,-1,0,0.9710343,1
46,31,1,1,0,-299.19937,185.68681,117.21807,0.00012377246,0.0018122883,-0.017726284,16.930805,16.4525,2,25,1,0.99591094,1
46,7,1,0,0,-275.35498,-142.04643,228.79707,-0.06052936,-0.0046914695,0.029882869,3.255014,3.2130556,2,-1,0,0.8057414,1
46,26,1,1,0,305.64954,156.11012,28.10596,0.017026054,-0.020361716,0.003283911,19.52329,19.705278,2,26,1,0.93423134,1
46,40,1,0,0,277.56473,-318.72375,305.84857,0.0125721,-0.0083157215,0.0022671458,3.431257,3.4183333,2,-1,0,0.98188686,1
46,34,1,1,0,318.27524,43.577286,241.58723,-0.03543886,0.004882603,0.004716515,26.620138,26.841667,2,27,1,0.999807,1
46,26,1,0,0,305.64954,156.11012,28.10596,0.017026054,-0.020361716,0.003283911,4.899958,4.9675,2,-1,0,0.964725,1
46,36,1,1,0,-321.26788,-284.643,150.13512,0.008117763,0.0050527416,0.008106258,12.163258,0.6188889,2,28,1,0.98895615,1
46,15,1,1,0,324.60736,56.61355,425.82104,0.01867596,-0.012640324,0.0034760397,22.680737,22.57,2,29,1,0.99972194,1
46,7,1,0,0,-275.35498,-142.04643,228.79707,-0.06052936,-0.0046914695,0.029882869,4.0929165,4.121111,2,-1,0,0.97838587,1
46,18,1,1,0,328.24265,346.37207,418.06714,0.0013757636,-0.024849186,-0.02528827,13.926132,13.797778,2,30,1,0.99785477,1
46,18,1,0,0,328.24265,346.37207,418.06714,0.0013757636,-0.024849186,-0.02528827,13.485401,10.926945,2,-1,0,0.9999552,1
46,29,1,1,0,-334.52298,117.05201,195.39,-0.034534488,0.013378483,0.01271447,24.100382,24.175278,2,31,1,0.98633605,1
46,12,1,1,0,-340.1897,530.1666,205.77051,0.007910325,-0.0006603126,-0.008531027,10.22261,10.240556,2,32,1,0.96594906,1
46,29,1,0,0,-334.52298,117.05201,195.39,-0.034534488,0.013378483,0.01271447,4.3813753,4.465,2,-1,0,0.99125123,1
46,11,1,1,0,344.62152,492.5201,291.51926,0.0012297898,-0.0014446444,-0.011411254,11.178244,11.197222,2,33,1,0.99570006,1
46,1,1,1,0,-349.20914,414.72,57.5588,0.0059532933,-0.0030662995,-0.005403369,8.070917,8.001389,2,34,1,0.97529036,1
46,3,1,1,0,357.20566,-124.25124,457.69055,-0.02398281,-0.003920084,-0.017180003,28.064007,28.226389,2,35,1,0.9847631,1
47,36,1,1,0,6.2469664,-108.662415,261.0188,-0.009693365,0.0018037767,-0.029273491,36.571754,36.67139,2,0,1,0.92796946,1
47,22,1,1,0,8.644366,-457.60196,434.07108,-0.010806183,0.0037315576,0.0053702006,15.372207,15.5525,2,1,1,0.87944657,1
47,3,1,1,0,-11.288913,-108.61316,285.92538,0.014685074,-0.0022099165,-0.005147055,7.9409246,7.8766665,2,2,1,0.97629625,1
47,3,0,0,0,-11.288913,-108.61316,285.92538,0.014685074,-0.0022099165,-0.005147055,3.487,3.288889,2,-1,0,0.74748254,1
47,28,1,1,0,12.573475,158.72826,192.60284,0.014776522,-0.0106520355,0.019181991,19.181313,19.147223,2,3,1,0.9762856,1
47,28,1,0,0,12.573475,158.72826,192.60284,0.014776522,-0.0106520355,0.019181991,4.9178963,4.723889,2,-1,0,0.81694007,1
47,20,1,1,0,25.98946,-541.32294,53.550907,-0.01632373,0.01741586,-0.0056948364,30.29629,30.078888,2,4,1,0.98400766,1
47,24,1,1,0,26.91777,-228.49562,96.450455,-0.016379656,-0.022857768,-0.00739301,34.4403,34.845,2,5,1,0.99314183,1
47,6,1,1,0,-24.48437,498.72168,145.20654,0.0011514211,0.01664273,0.0036082056,15.363312,15.316944,2,6,1,0.9985948,1
47,6,1,0,0,-24.48437,498.72168,145.20654,0.0011514211,0.01664273,0.0036082056,3.4914308,3.6180556,2,-1,0,0.870132,1
47,37,1,1,0,42.75073,-327.29028,69.985115,-0.010424095,-0.0024899035,0.009739641,17.170618,17.215279,2,7,1,0.961267,1
47,13,1,0,0,47.51378,-30.283352,270.5356,-0.0029789554,-0.022610394,0.025033068,5.435292,5.3355556,2,-1,0,0.99426043,1
47,13,1,1,0,47.51378,-30.283352,270.5356,-0.0029789554,-0.022610394,0.025033068,29.707521,29.678612,2,8,1,0.9752762,1
47,38,1,1,0,55.3448,335.8674,442.45877,0.000491669,0.016600829,0.00692472,17.366388,17.533611,2,9,1,0.99515516,1
47,10,1,1,0,-71.21932,423.97168,91.34229,-0.005834056,-0.0105196,0.011276485,17.575798,17.929445,2,10,1,0.99132186,1
47,35,1,1,0,-74.4538,-215.34425,421.80075,-0.032993082,0.0024929275,-0.011463621,23.646494,23.501389,2,11,1,0.9999298,1
47,35,1,0,0,-74.4538,-215.34425,421.80075,-0.032993082,0.0024929275,-0.011463621,14.089959,14.157778,2,-1,0,0.5205706,1
47,27,1,0,0,-131.40482,40.00493,113.809654,-0.019719739,0.0047012186,-0.0015950914,2.981861,3.0333333,2,-1,0,0.5773752,1
47,27,1,1,0,-131.40482,40.00493,113.809654,-0.019719739,0.0047012186,-0.0015950914,19.06155,19.038055,2,12,1,0.999658,1
47,34,1,1,0,-135.71834,55.925087,256.05707,0.010607777,0.0081129875,-0.00058827526,14.674027,14.706111,2,13,1,0.9905804,1
47,5,1,1,0,145.3387,-169.68915,21.511843,-0.0050416375,-0.011921722,-0.0062356917,15.7728615,15.840834,2,14,1,0.9965388,1
47,17,0,0,0,0.0,0.0,0.0,0.0,0.0,0.0,12.930451,-1.0,2,-1,0,0.99296737,1
47,33,1,1,0,155.50533,-475.67343,288.71667,-0.0026535632,0.006800198,-0.02936381,21.515541,14.338611,2,15,1,0.94979626,1
47,33,1,0,0,155.50533,-475.67343,288.71667,-0.0026535632,0.006800198,-0.02936381,5.5255346,5.516389,2,-1,0,0.98960286,1
47,8,1,0,0,169.22107,-13.630726,456.3489,-0.021071458,-0.035545364,-0.018025517,4.6204515,4.716944,2,-1,0,0.95389175,1
47,33,1,0,0,155.50533,-475.67343,288.71667,-0.0026535632,0.006800198,-0.02936381,4.305639,4.192222,2,-1,0,0.9617933,1
47,8,1,1,0,169.22107,-13.630726,456.3489,-0.021071458,-0.035545364,-0.018025517,15.748466,15.73,2,16,1,0.9836269,1
47,8,1,0,0,169.22107,-13.630726,456.3489,-0.021071458,-0.035545364,-0.018025517,7.727611,7.7008333,2,-1,0,0.9903437,1
47,8,1,0,0,169.22107,-13.630726,456.3489,-0.021071458,-0.035545364,-0.018025517,3.1650553,3.1630557,2,-1,0,0.647468,1
47,17,0,0,0,0.0,0.0,0.0,0.0,0.0,0.0,12.00441,-1.0,2,-1,0,0.9876346,1
47,30,1,1,0,-180.33209,116.92853,193.05415,-0.00028609662,-0.0070903106,0.018259553,11.17866,11.531111,2,17,1,0.98329043,1
47,30,1,0,0,-180.33209,116.92853,193.05415,-0.00028609662,-0.0070903106,0.018259553,9.165049,9.163889,2,-1,0,0.98988813,1
47,17,0,0,0,0.0,0.0,0.0,0.0,0.0,0.0,3.1165903,-1.0,2,-1,0,0.8252964,1
47,17,0,0,0,0.0,0.0,0.0,0.0,0.0,0.0,24.496313,-1.0,2,-1,0,0.9957865,1
47,1,1,0,0,240.32306,148.94937,4.2095847,-0.024022665,0.00429551,0.015332174,3.6032777,3.553611,2,-1,0,0.9837775,1
47,1,1,1,0,240.32306,148.94937,4.2095847,-0.024022665,0.00429551,0.015332174,21.937737,22.045834,2,18,1,0.993089,1
47,21,1,0,0,244.44855,-556.18207,320.75504,0.035243727,0.011280807,0.0087864315,2.8633332,2.9744444,2,-1,0,0.7298503,1
47,21,1,1,0,244.44855,-556.18207,320.75504,0.035243727,0.011280807,0.0087864315,24.798567,26.247223,2,19,1,0.988974,1
47,11,1,1,0,-247.1231,341.4527,152.51718,-0.020014329,-0.0066171545,-0.017517908,15.939876,15.719722,2,20,1,0.9585988,1
47,29,1,1,0,271.04974,182.73369,136.9428,0.0006117842,-0.0056894054,0.02127758,15.259854,12.685278,2,21,1,0.9977689,1
47,25,1,1,0,-272.8162,-103.6212,109.83676,-0.0029033497,0.03103715,0.0017036701,25.592443,21.311111,2,22,1,0.9769812,1
47,29,1,0,0,271.04974,182.73369,136.9428,0.0006117842,-0.0056894054,0.02127758,3.334479,3.3127778,2,-1,0,0.89123225,1
47,4,1,0,0,-284.32175,133.46414,295.11807,-0.009847194,-0.026503481,-0.0023090534,3.1874864,3.2586112,2,-1,0,0.64368933,1
47,21,1,0,0,244.44855,-556.18207,320.75504,0.035243727,0.011280807,0.0087864315,6.3463197,6.3227777,2,-1,0,0.9933049,1
47,25,1,0,0,-272.8162,-103.6212,109.83676,-0.0029033497,0.03103715,0.0017036701,4.164125,4.1130557,2,-1,0,0.9722597,1
47,4,1,1,0,-284.32175,133.46414,295.11807,-0.009847194,-0.026503481,-0.0023090534,24.294931,24.220556,2,23,1,0.9987445,1
47,15,1,1,0,-294.5252,243.78848,114.11136,-0.007406697,-0.015292068,-0.010540647,19.441944,18.015,2,24,1,0.99883014,1
47,2,1,1,0,311.35184,232.65825,195.36742,-0.014037992,-0.00083709985,-0.006834995,15.711478,15.648889,2,25,1,0.99814653,1
47,16,1,1,0,-311.4852,-186.71228,123.47837,0.010005849,-0.013749506,-0.012084583,23.710382,23.748056,2,26,1,0.9980253,1
47,32,1,1,0,-309.16824,25.392277,175.78299,-0.00935698,-0.0024223276,-0.009312522,13.412216,11.400833,2,27,1,0.9813603,1
47,15,1,0,0,-294.5252,243.78848,114.11136,-0.007406697,-0.015292068,-0.010540647,3.0308542,2.9516666,2,-1,0,0.6593954,1
47,12,1,1,0,-314.7011,151.21272,404.77634,-0.007609115,-0.008507212,-0.021860262,22.68045,22.493055,2,28,1,0.9813282,1
47,26,1,1,0,-319.6278,-77.100174,214.27924,0.011614551,-0.013266445,0.0059319832,11.325173,11.360556,2,29,1,0.9430065,1
47,14,1,1,0,315.26514,-48.9668,356.02618,0.0050529935,-0.0060414867,-0.002579157,11.077999,11.204445,2,30,1,0.9812672,1
47,40,1,0,0,-308.15204,-111.04099,379.6043,-0.006331283,0.018991852,-0.003815652,4.701208,4.7802777,2,-1,0,0.98984224,1
47,26,1,0,0,-319.6278,-77.100174,214.27924,0.011614551,-0.013266445,0.0059319832,8.018119,6.1755557,2,-1,0,0.99385977,1
47,39,1,0,0,-321.37112,560.6119,37.10987,-0.006737986,-0.004210398,0.015540497,3.9472222,3.3794444,2,-1,0,0.9615017,1
47,39,1,0,0,-321.37112,560.6119,37.10987,-0.006737986,-0.004210398,0.015540497,7.0361943,7.0772223,2,-1,0,0.9656554,1
47,39,1,1,0,-321.37112,560.6119,37.10987,-0.006737986,-0.004210398,0.015540497,8.8741665,5.2308335,2,31,1,0.99745363,1
47,9,1,0,0,-350.21655,-218.78113,128.50851,0.025818132,0.031181244,0.013234709,3.542403,3.4769444,2,-1,0,0.9646726,1
47,19,1,1,0,323.7725,366.89233,95.04159,0.05160453,-0.015722899,-0.014662459,23.066933,27.123333,2,32,1,0.9785075,1
47,11,1,0,0,-247.1231,341.4527,152.51718,-0.020014329,-0.0066171545,-0.017517908,3.8060277,3.7958333,2,-1,0,0.9676,1
47,31,1,1,0,335.10788,491.3052,417.68027,-0.0035755404,0.009932669,0.003971509,12.866569,12.691667,2,33,1,0.9844593,1
47,19,1,0,0,323.7725,366.89233,95.04159,0.05160453,-0.015722899,-0.014662459,3.210875,3.216389,2,-1,0,0.90807337,1
47,7,1,1,0,346.94656,-78.94271,429.30396,-0.01806627,0.004089576,0.005760288,18.288263,18.123611,2,34,1,0.9847829,1
47,9,1,1,0,-350.21655,-218.78113,128.50851,0.025818132,0.031181244,0.013234709,29.880224,29.974445,2,35,1,0.995939,1
47,19,1,0,0,323.7725,366.89233,95.04159,0.05160453,-0.015722899,-0.014662459,5.3070273,5.357222,2,-1,0,0.9909915,1
47,19,1,0,0,323.7725,366.89233,95.04159,0.05160453,-0.015722899,-0.014662459,7.718778,7.798333,2,-1,0,0.99093777,1
47,18,1,1,0,-355.77087,-452.16367,328.24634,-0.013164313,-0.0014726523,-0.010350347,10.379868,6.2675,2,36,1,0.9829979,1
47,40,1,1,0,-356.54016,-248.30716,235.79683,-0.006331283,0.018991852,-0.003815652,19.779404,8.600278,2,37,1,0.9973459,1
47,18,1,0,0,-355.77087,-452.16367,328.24634,-0.013164313,-0.0014726523,-0.010350347,7.2813196,7.2380557,2,-1,0,0.96942014,1
47,23,1,1,0,363.06024,358.80536,454.306,0.009855049,0.015310723,-0.008994755,8.244299,8.288333,2,38,1,0.9686157,1
48,31,1,0,0,-45.287994,437.55545,107.183395,0.04787097,-0.018432645,0.010945291,4.241833,4.293611,2,-1,0,0.7362684,1
48,9,1,0,0,-26.191452,-594.81067,192.22397,-0.0024156494,-0.007819012,-0.005472604,5.2073474,4.9908333,2,-1,0,0.9796213,1
48,15,1,1,0,-140.77931,-23.689207,96.406075,0.019050041,0.018134035,-0.025604768,6.7365694,6.5716667,2,0,1,0.9899279,1
48,36,1,1,0,-19.103064,547.81476,137.19824,-0.0020036385,0.010850526,-0.022004616,21.237188,20.749445,2,1,1,0.98715997,1
48,36,1,0,0,-19.103064,547.81476,137.19824,-0.0020036385,0.010850526,-0.022004616,8.265124,8.075,2,-1,0,0.9935283,1
48,36,1,0,0,-19.103064,547.81476,137.19824,-0.0020036385,0.010850526,-0.022004616,5.711014,5.7836113,2,-1,0,0.9913129,1
48,9,1,1,0,-26.191452,-594.81067,192.22397,-0.0024156494,-0.007819012,-0.005472604,6.8044653,6.8472223,2,2,1,0.9954352,1
48,31,1,0,0,-45.287994,437.55545,107.183395,0.04787097,-0.018432645,0.010945291,21.677282,21.373888,2,-1,0,0.95563465,1
48,14,1,1,0,35.75549,372.6575,315.00958,4.0167703e-05,-0.020703575,0.00064166024,26.439833,26.54861,2,3,1,1.0,1
48,31,1,1,0,-45.287994,437.55545,107.183395,0.04787097,-0.018432645,0.010945291,32.00839,36.90111,2,4,1,0.9134062,1
48,4,1,1,0,39.021496,-173.87787,403.76962,0.03758483,0.013945988,-0.010224804,35.823498,36.107224,2,5,1,0.9960699,1
48,4,1,0,0,39.021496,-173.87787,403.76962,0.03758483,0.013945988,-0.010224804,10.190833,9.946111,2,-1,0,0.9894734,1
48,33,1,1,0,-50.19606,-425.55917,136.34308,-0.019746399,-0.022731604,-0.005117618,26.813097,12.576389,2,6,1,0.9876483,1
48,18,1,0,0,-55.67948,-217.54247,41.29876,0.007449369,0.023597654,-0.010824322,9.403993,8.363055,2,-1,0,0.9652618,1
48,18,1,1,0,-55.67948,-217.54247,41.29876,0.007449369,0.023597654,-0.010824322,22.292778,22.435833,2,7,1,0.99456537,1
48,29,1,1,0,58.677235,-492.63843,439.84677,-0.006850308,-0.012832677,0.0173427,17.462652,17.571112,2,8,1,0.9961436,1
48,28,1,0,0,69.70739,238.73518,37.465904,0.016196048,-0.035554383,0.008440068,5.167375,5.1883335,2,-1,0,0.8798426,1
48,33,1,0,0,-50.19606,-425.55917,136.34308,-0.019746399,-0.022731604,-0.005117618,4.883875,4.856389,2,-1,0,0.9953558,1
48,32,1,1,0,63.82913,462.43842,98.78755,-0.013105302,0.00401115,-0.018010784,22.75946,22.599167,2,9,1,0.96841365,1
48,6,1,0,0,-61.373135,261.4492,77.38138,-0.022596626,0.0034479192,0.005524878,11.703764,10.524722,2,-1,0,0.9956861,1
48,6,1,1,0,-61.373135,261.4492,77.38138,-0.022596626,0.0034479192,0.005524878,16.968855,17.063334,2,10,1,0.99916655,1
48,20,1,1,0,-64.93494,4.9539833,101.48561,-0.015177061,-0.020042738,0.023796983,35.8043,35.875,2,11,1,0.9989317,1
48,35,1,1,0,-74.50994,-579.2311,86.054504,0.004964687,-0.0010937295,-0.0026165005,6.5641665,6.5961113,2,13,1,0.996675,1
48,38,1,1,0,88.43828,-262.3053,329.25912,-0.01061228,0.013225366,0.0073343487,17.329895,16.972221,2,14,1,0.99921227,1
48,5,1,1,0,91.48812,334.6753,422.942,-0.004190621,-0.007890389,0.001552261,9.447528,9.591111,2,15,1,0.967415,1
48,20,0,0,0,0.0,0.0,0.0,0.0,0.0,0.0,2.6692362,2.6722221,2,-1,0,0.5758827,1
48,25,1,1,0,155.70715,341.42743,3.277185,-0.02693203,-0.0011544045,0.002429679,18.658236,18.519444,2,16,1,0.999841,1
48,16,1,0,0,115.36693,-89.74986,438.6303,-0.0019514007,0.0175484,0.010363799,7.986146,8.115,2,-1,0,0.9906354,1
48,30,1,1,0,116.023964,-426.79404,116.60215,-0.0122425975,0.017212491,0.0068458705,19.45095,19.5325,2,17,1,0.97585106,1
48,7,1,1,0,113.08141,518.23193,450.06512,0.015282892,-0.011049023,0.0010694287,15.314848,15.39,2,18,1,0.76122236,1
48,16,1,1,0,115.36693,-89.74986,438.6303,-0.0019514007,0.0175484,0.010363799,14.424707,14.485278,2,19,1,0.99366295,1
48,20,0,0,0,0.0,0.0,0.0,0.0,0.0,0.0,4.4421945,-1.0,2,-1,0,0.9966307,1
48,15,0,0,0,0.0,0.0,0.0,0.0,0.0,0.0,8.611284,-1.0,2,-1,0,0.99883074,1
48,15,0,0,0,0.0,0.0,0.0,0.0,0.0,0.0,24.033485,-1.0,2,-1,0,0.9865344,1
48,25,1,0,0,155.70715,341.42743,3.277185,-0.02693203,-0.0011544045,0.002429679,10.586499,10.632222,2,-1,0,0.9993308,1
48,39,1,0,0,179.83603,-492.82843,124.8089,-0.016226748,-0.036421653,0.016873278,3.0919793,3.0363889,2,-1,0,0.84100825,1
48,27,1,1,0,163.55757,406.9316,284.6306,-0.002388547,-0.00095895026,0.008304074,9.545897,9.551945,2,21,1,0.99773777,1
48,1,1,1,0,-162.37714,398.36447,52.682728,-0.0063400334,-0.027307395,-0.0021640768,26.907661,7.6469445,2,22,1,0.99690217,1
48,39,1,1,0,179.83603,-492.82843,124.8089,-0.016226748,-0.036421653,0.016873278,21.558153,21.523333,2,23,1,0.9969644,1
48,34,1,1,0,-166.16568,174.93037,274.3421,-0.029892875,-0.016670937,-0.0012783109,36.86732,37.370834,2,24,1,0.9975333,1
48,39,1,0,0,179.83603,-492.82843,124.8089,-0.016226748,-0.036421653,0.016873278,17.176937,17.007223,2,-1,0,0.9777609,1
48,10,1,1,0,-187.57457,-13.801669,318.55768,-0.04909439,0.010902278,0.005026711,25.790234,42.56861,2,25,1,0.99862903,1
48,19,1,1,0,-189.95203,429.90775,198.79974,-0.0125450045,-0.0010484539,-0.006907793,8.466556,5.876111,2,26,1,0.9605512,1
48,10,1,0,0,-187.57457,-13.801669,318.55768,-0.04909439,0.010902278,0.005026711,5.417396,5.3613887,2,-1,0,0.9891072,1
48,19,1,0,0,-189.95203,429.90775,198.79974,-0.0125450045,-0.0010484539,-0.006907793,5.615736,5.5169444,2,-1,0,0.982392,1
48,7,1,0,0,113.08141,518.23193,450.06512,0.015282892,-0.011049023,0.0010694287,4.1392913,4.1630554,2,-1,0,0.95254916,1
48,3,0,0,0,0.0,0.0,0.0,0.0,0.0,0.0,37.484562,-1.0,2,-1,0,0.99292964,1
48,22,1,1,0,213.62473,99.26739,66.580826,-0.006999682,-0.013060346,0.0058992915,16.615555,16.537777,2,27,1,0.9689934,1
48,10,1,0,0,-187.57457,-13.801669,318.55768,-0.04909439,0.010902278,0.005026711,8.408569,8.2925,2,-1,0,0.9649975,1
48,12,1,1,0,-226.24605,237.19495,324.34952,0.015813356,0.0057790657,-0.002283546,16.867035,16.9775,2,28,1,0.9896554,1
48,24,1,1,0,-229.21281,-319.42554,435.67038,0.0154220695,0.015675116,0.016683785,23.703396,23.637222,2,29,1,0.9740528,1
48,21,1,1,0,238.43997,433.81165,337.13547,-0.0018368429,0.0065640556,-0.0034730805,7.200763,7.187222,2,30,1,0.9756636,1
48,23,1,0,0,-247.47942,-120.34171,305.37628,-0.011572936,-0.0035210634,-0.023785759,6.536785,6.6480556,2,-1,0,0.9860691,1
48,23,1,1,0,-247.47942,-120.34171,305.37628,-0.011572936,-0.0035210634,-0.023785759,7.8716526,7.8247223,2,31,1,0.9989192,1
48,23,1,0,0,-247.47942,-120.34171,305.37628,-0.011572936,-0.0035210634,-0.023785759,4.055243,4.0616665,2,-1,0,0.9802203,1
48,11,1,0,0,336.17746,179.5366,452.56686,-0.034129977,0.028649159,0.0022204209,6.4427223,6.5747223,2,-1,0,0.96701,1
48,23,1,0,0,-247.47942,-120.34171,305.37628,-0.011572936,-0.0035210634,-0.023785759,7.015472,6.855,2,-1,0,0.99693716,1
48,26,1,0,0,-303.24973,-339.25507,175.46051,0.023560729,-0.017644562,-0.003140124,8.410917,8.536667,2,-1,0,0.97738737,1
48,8,1,1,0,290.22253,323.65692,460.18262,0.0025361984,-0.0035297826,-0.025877902,22.604416,22.635279,2,32,1,0.9996532,1
48,37,1,1,0,-297.87784,81.884254,370.98813,0.025621869,-0.0030455547,-0.006621787,23.07743,23.060556,2,33,1,0.98831755,1
48,26,1,1,0,-303.24973,-339.25507,175.46051,0.023560729,-0.017644562,-0.003140124,12.508285,12.458889,2,34,1,0.9880741,1
48,40,1,1,0,308.99854,300.70724,391.3206,0.0036945532,-0.0008708699,-0.009406,9.48659,8.415833,2,35,1,0.97421867,1
48,11,1,1,0,336.17746,179.5366,452.56686,-0.034129977,0.028649159,0.0022204209,34.789246,34.88,2,36,1,0.9852286,1
48,8,0,0,0,0.0,0.0,0.0,0.0,0.0,0.0,2.7064307,2.653889,2,-1,0,0.54056126,1
48,2,1,1,0,-357.26126,116.33852,75.44744,-0.018292457,-0.014963918,-0.0068618464,20.440798,20.578611,2,37,1,0.98065233,1
49,12,1,0,0,-50.07071,-428.40228,123.92551,0.0076468554,0.0013630082,-0.012737429,5.2170835,5.1119447,2,-1,0,0.9771853,1
49,27,1,0,0,86.81113,376.7168,434.09717,-0.012896815,-0.011668204,-0.016554317,8.260194,8.006667,2,-1,0,0.98056865,1
49,40,1,1,0,40.43239,437.18594,446.10782,-0.013129932,0.0009756273,0.0031679198,16.07314,16.230833,2,1,1,0.9999838,1
49,12,1,1,0,-50.07071,-428.40228,123.92551,0.0076468554,0.0013630082,-0.012737429,14.982743,14.811389,2,2,1,0.98794204,1
49,32,0,0,0,0.0,0.0,0.0,0.0,0.0,0.0,3.6301665,3.6597223,2,-1,0,0.977765,1
49,25,1,1,0,-73.677895,390.76648,143.3652,-0.0022519855,0.0042244378,0.019959936,24.611202,17.404167,2,3,1,0.9786592,1
49,11,1,1,0,-84.01533,-171.38449,326.02814,0.020712098,-0.0002440095,0.0033711018,17.512291,17.521389,2,4,1,0.9618966,1
49,11,1,0,0,-84.01533,-171.38449,326.02814,0.020712098,-0.0002440095,0.0033711018,5.6371946,5.713611,2,-1,0,0.97794145,1
49,27,1,0,0,86.81113,376.7168,434.09717,-0.012896815,-0.011668204,-0.016554317,5.7421246,5.8305554,2,-1,0,0.97624695,1
49,27,1,1,0,86.81113,376.7168,434.09717,-0.012896815,-0.011668204,-0.016554317,14.358791,3.5258334,2,5,1,0.9969645,1
49,1,1,1,0,-94.59078,-543.554,186.31728,0.0044768504,0.024926221,0.021301458,24.547106,24.240833,2,6,1,0.99461865,1
49,1,1,0,0,-94.59078,-543.554,186.31728,0.0044768504,0.024926221,0.021301458,7.4599795,7.3558335,2,-1,0,0.998771,1
49,3,1,0,0,-125.319695,-431.9988,259.3332,0.014881825,0.006665815,0.024410928,3.0260835,3.0291667,2,-1,0,0.6772146,1
49,11,1,0,0,-84.01533,-171.38449,326.02814,0.020712098,-0.0002440095,0.0033711018,5.3724446,5.3619447,2,-1,0,0.95878583,1
49,17,1,1,0,-108.93066,178.29616,69.89399,-0.017697083,-0.006837488,0.011488561,20.838507,20.489721,2,7,1,0.99747735,1
49,9,0,0,0,0.0,0.0,0.0,0.0,0.0,0.0,16.598715,-1.0,2,-1,0,0.9895364,1
49,3,1,0,0,-125.319695,-431.9988,259.3332,0.014881825,0.006665815,0.024410928,3.7947986,3.683889,2,-1,0,0.9824662,1
49,3,1,1,0,-125.319695,-431.9988,259.3332,0.014881825,0.006665815,0.024410928,24.664125,24.738056,2,8,1,0.9905421,1
49,13,1,1,0,-158.77249,-438.05978,164.63516,-0.0005155343,0.005643396,0.005266033,7.7849097,7.9755554,2,9,1,0.95884883,1
49,14,1,0,0,167.53722,-375.64368,59.934254,0.0053876797,-0.0019230978,-0.0077467742,3.3581598,3.4172223,2,-1,0,0.635247,1
49,14,1,1,0,167.53722,-375.64368,59.934254,0.0053876797,-0.0019230978,-0.0077467742,8.213444,8.370556,2,10,1,0.98671883,1
49,24,1,1,0,-174.9127,-326.7634,80.08686,0.007985334,-0.012577761,-0.0215764,29.852709,29.871944,2,11,1,0.99833065,1
49,5,1,1,0,172.80988,-563.402,94.97666,-0.005085732,0.012688426,0.020960733,12.121319,12.080833,2,12,1,0.99248695,1
49,22,1,1,0,-172.11806,-585.00507,256.61584,-0.009179403,0.010095514,0.007153637,15.674255,15.480556,2,13,1,0.99629927,1
49,5,1,0,0,172.80988,-563.402,94.97666,-0.005085732,0.012688426,0.020960733,6.7363544,1.8947222,2,-1,0,0.9807984,1
49,23,1,1,0,-172.48138,417.53802,367.6014,-0.0198422,-0.0075976485,0.009007193,19.813002,19.825834,2,14,1,0.9962038,1
49,5,1,0,0,172.80988,-563.402,94.97666,-0.005085732,0.012688426,0.020960733,6.734778,6.785278,2,-1,0,0.986168,1
49,23,1,0,0,-172.48138,417.53802,367.6014,-0.0198422,-0.0075976485,0.009007193,3.7270555,3.6861112,2,-1,0,0.9553458,1
49,31,1,1,0,187.02568,-27.969328,458.49164,0.007947788,0.0056968094,0.03070307,16.508368,11.796667,2,15,1,0.99887735,1
49,36,1,0,0,-202.21599,-428.4099,406.71518,0.013439136,0.00378354,0.016175075,2.7282915,2.7980556,2,-1,0,0.5581096,1
49,16,1,1,0,191.64655,228.0899,458.4132,0.009179276,-0.0050713574,-0.024558872,20.798828,20.772223,2,16,1,0.983686,1
49,16,1,0,0,191.64655,228.0899,458.4132,0.009179276,-0.0050713574,-0.024558872,2.9185488,2.9738889,2,-1,0,0.7273694,1
49,26,1,1,0,199.03015,586.7988,375.8266,0.007115701,-0.022445275,-0.0041041845,25.969627,14.496111,2,17,1,0.99906164,1
49,36,1,1,0,-202.21599,-428.4099,406.71518,0.013439136,0.00378354,0.016175075,18.598724,18.525,2,18,1,0.97338253,1
49,18,1,1,0,212.3295,406.05988,97.2655,-0.0009576609,0.021717656,-0.020970056,24.338146,24.619167,2,19,1,0.9855653,1
49,10,1,1,0,210.63954,-85.5938,403.9532,0.011755116,-0.009477868,-0.0014470301,15.770319,9.704445,2,20,1,0.9904756,1
49,29,0,0,0,0.0,0.0,0.0,0.0,0.0,0.0,13.719569,-1.0,2,-1,0,0.98824394,1
49,26,1,0,0,199.03015,586.7988,375.8266,0.007115701,-0.022445275,-0.0041041845,3.7968125,3.7438889,2,-1,0,0.96679986,1
49,18,1,0,0,212.3295,406.05988,97.2655,-0.0009576609,0.021717656,-0.020970056,7.3314996,7.3330555,2,-1,0,0.98451406,1
49,8,1,1,0,235.13255,580.4633,78.06018,0.029035306,0.025601758,0.00971449,34.09452,33.8075,2,21,1,0.996403,1
49,28,1,1,0,-235.70992,132.12015,107.2724,-0.00046918012,0.01386388,-0.006229987,13.101931,9.290833,2,22,1,0.9985006,1
49,29,1,1,0,240.07732,-533.8812,236.33337,-0.01826181,-0.026111636,-0.007578389,16.804903,17.205,2,23,1,0.9945366,1
49,8,1,0,0,235.13255,580.4633,78.06018,0.029035306,0.025601758,0.00971449,3.4509027,3.4380555,2,-1,0,0.8155656,1
49,21,1,0,0,266.23724,-417.1115,354.81973,-0.029323377,-0.004691009,0.01418822,7.188458,7.147222,2,-1,0,0.9770055,1
49,6,1,0,0,261.80933,-303.7645,108.49729,0.004905977,0.009129246,0.008083981,2.6204376,2.5755556,2,-1,0,0.6177696,1
49,34,1,1,0,-258.26138,352.93448,73.14903,0.008775571,-0.01631466,0.0042121974,15.551201,15.414444,2,24,1,0.97615993,1
49,21,1,1,0,266.23724,-417.1115,354.81973,-0.029323377,-0.004691009,0.01418822,25.897985,26.1675,2,25,1,0.99798787,1
49,6,1,1,0,261.80933,-303.7645,108.49729,0.004905977,0.009129246,0.008083981,12.914875,12.942223,2,26,1,0.9892803,1
49,19,1,1,0,270.53033,-97.38607,282.04977,-0.025080586,0.001733997,0.011364247,14.885846,14.913889,2,27,1,0.9778641,1
49,21,1,0,0,266.23724,-417.1115,354.81973,-0.029323377,-0.004691009,0.01418822,3.315611,3.3402777,2,-1,0,0.88803333,1
49,19,1,0,0,270.53033,-97.38607,282.04977,-0.025080586,0.001733997,0.011364247,10.675347,10.674444,2,-1,0,0.9614798,1
49,38,1,1,0,-274.05893,-247.27069,384.99234,0.015526696,0.0039438563,0.023221517,25.68809,25.608612,2,28,1,0.9639594,1
49,15,1,1,0,-283.13922,-257.85052,155.96759,-0.005043089,0.0027335195,0.0062053343,9.124855,6.2944446,2,29,1,0.97282636,1
49,33,1,1,0,-284.3271,-383.15527,283.83017,-0.015960228,0.00036140296,0.00967952,15.708715,11.2497225,2,30,1,0.9857906,1
49,33,1,0,0,-284.3271,-383.15527,283.83017,-0.015960228,0.00036140296,0.00967952,3.4245834,3.455,2,-1,0,0.9485716,1
49,19,1,0,0,270.53033,-97.38607,282.04977,-0.025080586,0.001733997,0.011364247,3.1399794,3.191111,2,-1,0,0.81374836,1
49,20,1,1,0,-295.22452,-564.0078,451.2309,0.01050404,-0.0036855338,0.02541989,22.719053,22.817778,2,31,1,0.98784316,1
49,34,0,0,0,0.0,0.0,0.0,0.0,0.0,0.0,2.951486,2.8255556,2,-1,0,0.79844254,1
49,7,1,1,0,-308.71692,181.40765,302.0888,-0.0031106938,0.022155924,0.0044169654,23.18373,23.393333,2,32,1,0.9687275,1
49,2,1,0,0,-311.25516,243.8164,412.21002,0.004209911,-0.029930253,-0.0014200485,10.308201,10.406944,2,-1,0,0.9902249,1
49,2,1,0,0,-311.25516,243.8164,412.21002,0.004209911,-0.029930253,-0.0014200485,2.8108613,2.8097222,2,-1,0,0.6188861,1
49,2,1,1,0,-311.25516,243.8164,412.21002,0.004209911,-0.029930253,-0.0014200485,14.081458,14.286667,2,33,1,0.99743456,1
49,35,1,1,0,340.01508,32.73917,357.69742,-0.013490361,-0.0012627548,0.0073613687,13.956944,12.208889,2,-1,1,0.9789628,1
49,4,1,1,0,-338.6912,-576.9474,274.36517,0.007848682,0.01650529,-0.008111322,18.623814,10.021667,2,34,1,0.99016917,1
49,30,1,0,0,-339.5869,534.8878,197.30045,-0.0011612779,-0.033752903,0.020401247,3.7978818,3.7416666,2,-1,0,0.9442309,1
49,30,1,1,0,-339.5869,534.8878,197.30045,-0.0011612779,-0.033752903,0.020401247,31.50411,31.8375,2,35,1,0.9975466,1
49,17,0,0,0,0.0,0.0,0.0,0.0,0.0,0.0,2.865,2.7997222,2,-1,0,0.504035,1
50,26,1,1,0,-14.635677,205.95883,341.6417,-0.0029911732,0.020631516,0.0031203933,13.622563,13.588889,2,0,1,0.99927396,1
50,26,1,0,0,-14.635677,205.95883,341.6417,-0.0029911732,0.020631516,0.0031203933,13.160744,13.414722,2,-1,0,0.9684217,1
50,12,1,1,0,14.842602,91.02118,16.56877,0.0045161345,0.012010172,-0.001579273,15.512257,15.675278,2,1,1,0.9860562,1
50,31,1,1,0,30.03271,220.40576,238.1346,-0.007593415,-0.016521873,0.0081169875,15.628021,15.763056,2,2,1,0.98002493,1
50,31,1,0,0,30.03271,220.40576,238.1346,-0.007593415,-0.016521873,0.0081169875,7.121111,7.0408335,2,-1,0,0.97555476,1
50,23,1,1,0,-47.142563,106.9118,447.0204,0.0030817376,-0.026344497,-0.0011164225,20.970562,20.808332,2,3,1,0.9512961,1
50,23,1,0,0,-47.142563,106.9118,447.0204,0.0030817376,-0.026344497,-0.0011164225,3.2577083,3.2722223,2,-1,0,0.8760055,1
50,31,1,0,0,87.98559,448.9885,410.00656,-0.007593415,-0.016521873,0.0081169875,3.6234374,3.5872223,2,-1,0,0.8090093,1
50,30,1,0,0,-97.666084,156.51309,82.251785,0.017795453,-0.011338104,-0.0052100806,8.674764,8.693334,2,-1,0,0.95825845,1
50,30,1,1,0,-97.666084,156.51309,82.251785,0.017795453,-0.011338104,-0.0052100806,15.093772,14.970555,2,4,1,0.9579247,1
50,10,1,0,0,98.15016,150.1935,188.79872,0.008932482,-0.00859125,0.0005970769,3.2119443,3.1913888,2,-1,0,0.8609412,1
50,37,1,1,0,-102.570366,499.77075,300.86234,-0.006660688,0.0056145196,-0.012464604,16.917278,12.315,2,5,1,0.972454,1
50,6,1,1,0,-101.12954,-164.49948,2.7209208,-0.006985261,0.004882875,-0.0011197935,5.751889,5.7744446,2,6,1,0.955721,1
50,10,1,1,0,98.15016,150.1935,188.79872,0.008932482,-0.00859125,0.0005970769,6.500549,6.472778,2,7,1,0.9855348,1
50,18,1,0,0,150.08202,-289.66055,432.7045,-0.032151196,0.041545507,0.0384475,20.509283,20.420834,2,-1,0,0.98678565,1
50,39,1,1,0,122.07035,-228.54288,233.3614,-0.0060183695,0.017314516,-0.009715766,20.968542,21.333055,2,8,1,0.9548299,1
50,8,0,0,0,0.0,0.0,0.0,0.0,0.0,0.0,11.294042,-1.0,2,-1,0,0.9922335,1
50,13,1,1,0,-144.58629,-271.37524,461.43057,-0.028860683,0.00050710567,0.008751392,20.590965,20.606667,2,9,1,0.9918072,1
50,18,1,1,0,150.08202,-289.66055,432.7045,-0.032151196,0.041545507,0.0384475,34.245834,30.825834,2,10,1,0.9722405,1
50,15,1,1,0,149.35298,178.95148,144.03564,0.001985588,0.0036312086,-0.018801121,10.887112,10.690833,2,11,1,0.9818877,1
50,15,1,0,0,149.35298,178.95148,144.03564,0.001985588,0.0036312086,-0.018801121,8.841424,8.909722,2,-1,0,0.98640877,1
50,5,1,1,0,-155.78123,-131.71938,70.079384,0.023967693,0.013864153,-0.012797284,23.52925,23.510834,2,12,1,0.99316204,1
50,5,1,0,0,-155.78123,-131.71938,70.079384,0.023967693,0.013864153,-0.012797284,10.511917,10.493889,2,-1,0,0.93862414,1
50,13,1,0,0,-144.58629,-271.37524,461.43057,-0.028860683,0.00050710567,0.008751392,4.1558957,4.1575,2,-1,0,0.9824147,1
50,5,1,0,0,-155.78123,-131.71938,70.079384,0.023967693,0.013864153,-0.012797284,4.12,4.2080555,2,-1,0,0.9262854,1
50,8,0,0,0,0.0,0.0,0.0,0.0,0.0,0.0,34.00846,-1.0,2,-1,0,1.0,1
50,11,1,1,0,189.20998,315.94693,390.0418,0.03956832,0.016349724,-0.0067364965,42.849,42.510834,2,13,1,0.9885826,1
50,34,1,1,0,-191.45859,-104.77361,108.895584,-0.015062051,-0.00487709,0.0063819643,16.851465,14.890833,2,14,1,0.9823267,1
50,34,1,0,0,-191.45859,-104.77361,108.895584,-0.015062051,-0.00487709,0.0063819643,3.7220972,3.611389,2,-1,0,0.8975307,1
50,11,1,0,0,189.20998,315.94693,390.0418,0.03956832,0.016349724,-0.0067364965,2.7255137,2.801389,2,-1,0,0.6499856,1
50,14,1,1,0,-220.47404,-526.236,40.549088,-0.007589183,0.017777348,5.172458e-05,20.865812,20.723612,2,15,1,0.9805089,1
50,27,1,1,0,221.06787,-177.28061,144.62115,0.011024133,-0.0043152715,-0.026084375,16.725174,16.816668,2,16,1,0.99930537,1
50,27,1,0,0,221.06787,-177.28061,144.62115,0.011024133,-0.0043152715,-0.026084375,5.4602084,5.4616666,2,-1,0,0.9808857,1
50,36,1,1,0,-238.85307,321.47192,431.213,-0.0056266976,-0.016750263,0.007478739,10.303763,10.211111,2,17,1,0.9964455,1
50,35,1,1,0,-240.8223,500.68033,389.4103,0.015581686,-0.013789808,-0.025600336,32.74962,32.779724,2,18,1,0.97699887,1
50,20,1,1,0,239.62184,-261.52557,120.08434,-0.004134337,0.0132516315,0.0090355715,15.307749,15.201944,2,19,1,0.98853844,1
50,36,1,0,0,-238.85307,321.47192,431.213,-0.0056266976,-0.016750263,0.007478739,8.749903,6.904444,2,-1,0,0.9675918,1
50,17,1,1,0,-243.13745,72.71049,332.31473,0.006973549,0.006817833,-0.009773543,14.245557,14.4383335,2,20,1,0.98502827,1
50,1,1,1,0,243.6258,-118.10849,279.8492,0.006853792,-0.016806368,0.01013278,11.082007,10.951944,2,21,1,0.99194336,1
50,1,1,0,0,243.6258,-118.10849,279.8492,0.006853792,-0.016806368,0.01013278,8.404083,5.1208334,2,-1,0,0.9914216,1
50,3,1,1,0,243.56296,-297.7109,418.5858,0.01416812,-0.0055820025,-0.0046768733,8.105021,5.653611,2,22,1,0.9821675,1
50,36,1,0,0,-238.85307,321.47192,431.213,-0.0056266976,-0.016750263,0.007478739,3.8082292,3.848611,2,-1,0,0.9372829,1
50,3,1,0,0,243.56296,-297.7109,418.5858,0.01416812,-0.0055820025,-0.0046768733,6.3088746,6.158889,2,-1,0,0.97169137,1
50,9,1,1,0,-272.8286,-56.864254,445.37003,0.013476796,-0.026244525,0.021583831,28.09941,28.078888,2,23,1,0.99655247,1
50,2,1,1,0,-270.4048,-66.61075,178.53502,0.0056121633,-0.013278957,0.014055301,10.643167,10.588889,2,24,1,0.98997074,1
50,19,1,1,0,270.9867,-457.77936,404.71796,-0.0020782216,-0.0074218162,-0.011583251,11.174146,11.174444,2,25,1,0.9891691,1
50,9,1,0,0,-272.8286,-56.864254,445.37003,0.013476796,-0.026244525,0.021583831,8.467688,8.482223,2,-1,0,0.9993168,1
50,2,1,0,0,-270.4048,-66.61075,178.53502,0.0056121633,-0.013278957,0.014055301,7.7717986,7.723611,2,-1,0,0.9941599,1
50,22,1,1,0,-278.63507,192.14056,175.97394,-0.0035523325,0.0023377005,-0.008317544,9.641765,9.635278,2,26,1,0.9869097,1
50,40,1,1,0,295.47528,-19.751183,380.9464,-0.003179373,0.00020827088,-0.005213225,5.714819,5.733333,2,27,1,0.97288424,1
50,21,1,1,0,-314.17007,-400.3673,307.29178,0.0053418456,-0.011069703,0.012769718,15.0883465,14.972777,2,28,1,0.9808028,1
50,38,1,0,0,320.4671,-420.41232,391.99533,0.009484156,0.0066665886,0.030147044,3.3030415,3.3208334,2,-1,0,0.8499015,1
50,38,1,1,0,320.4671,-420.41232,391.99533,0.009484156,0.0066665886,0.030147044,27.395685,27.394444,2,29,1,0.98241633,1
50,25,1,1,0,-346.48032,-212.08363,325.70993,0.03524269,-0.0016127961,0.021174114,25.535858,33.003056,2,30,1,0.9995492,1
50,24,1,1,0,335.7246,-103.2307,166.31421,-0.0011459063,-0.020720497,-0.003699733,18.278847,7.570833,2,31,1,0.9911881,1
50,25,1,0,0,-346.48032,-212.08363,325.70993,0.03524269,-0.0016127961,0.021174114,5.756021,5.740278,2,-1,0,0.9844906,1
50,29,1,1,0,-346.6637,-22.79134,363.34985,-0.03056144,0.009098864,0.002512316,26.386381,26.950277,2,32,1,0.9996319,1
50,16,1,0,0,355.8294,249.95421,121.44723,-0.006767202,0.013042584,0.00029252298,4.814986,4.8325,2,-1,0,0.98170155,1
50,16,1,1,0,355.8294,249.95421,121.44723,-0.006767202,0.013042584,0.00029252298,8.580409,8.611111,2,33,1,0.9900356,1
50,33,1,1,0,-357.37952,137.92493,157.00626,0.0038082232,0.006566059,0.003828857,6.871875,6.519722,2,34,1,0.9906844,1
50,32,1,1,0,358.4409,414.68643,171.77914,0.009685761,-0.0061260057,-0.014999435,21.594505,17.477222,2,35,1,0.9593766,1
50,4,1,1,0,358.82538,-138.28165,328.9847,0.01629133,0.0027149788,0.002136188,16.428383,16.450277,2,36,1,0.98751855,1
50,27,0,0,0,0.0,0.0,0.0,0.0,0.0,0.0,2.7480974,2.7280555,2,-1,0,0.60371274,1
51,35,1,1,0,-5.1827664,-581.1647,321.6005,-0.0073704394,-0.016178438,-0.01732038,25.181028,25.635555,2,0,1,0.99971443,1
51,2,1,1,0,-17.688793,210.90956,133.17508,0.006608051,0.009291785,-0.011800965,19.232403,19.190556,2,1,1,0.9985953,1
51,26,1,1,0,-19.281752,20.860672,412.4467,0.013476486,0.0010161735,-0.0013629091,10.490549,10.464444,2,2,1,0.93515646,1
51,12,1,1,0,17.844526,-343.41885,10.573334,0.015182577,0.0150940055,-0.006526561,14.42216,14.637777,2,3,1,0.99079347,1
51,12,1,0,0,17.844526,-343.41885,10.573334,0.015182577,0.0150940055,-0.006526561,12.122333,12.109722,2,-1,0,0.9466755,1
51,11,1,1,0,-20.727169,389.63797,235.68127,-0.01036561,0.027879933,-0.009141471,17.139723,12.910556,2,4,1,0.9908123,1
51,11,1,0,0,-20.727169,389.63797,235.68127,-0.01036561,0.027879933,-0.009141471,6.5696735,6.5816665,2,-1,0,0.9717779,1
51,7,1,1,0,26.900354,38.2428,316.7178,-0.0039943755,0.0063907974,0.0061676423,11.4829235,11.611667,2,5,1,0.992419,1
51,22,1,1,0,32.37486,-561.6916,126.05027,0.0009677815,0.008852289,-0.024220966,27.908112,28.031666,2,6,1,0.9999608,1
51,7,1,0,0,26.900354,38.2428,316.7178,-0.0039943755,0.0063907974,0.0061676423,3.9998333,4.028611,2,-1,0,0.9832802,1
51,13,1,1,0,46.948917,37.51764,31.969336,0.0020639785,0.009308021,-0.037733376,12.993548,8.681111,2,7,1,0.9997131,1
51,13,1,0,0,46.948917,37.51764,31.969336,0.0020639785,0.009308021,-0.037733376,9.729751,9.745833,2,-1,0,0.9847089,1
51,13,1,0,0,46.948917,37.51764,31.969336,0.0020639785,0.009308021,-0.037733376,13.133674,13.084444,2,-1,0,0.9929529,1
51,13,1,0,0,46.948917,37.51764,31.969336,0.0020639785,0.009308021,-0.037733376,10.91507,10.746667,2,-1,0,0.98434204,1
51,22,1,0,0,32.37486,-561.6916,126.05027,0.0009677815,0.008852289,-0.024220966,4.3266873,4.327778,2,-1,0,0.9621643,1
51,37,1,1,0,-69.206184,337.19177,362.9905,-0.0077183233,-0.0065577505,0.0045189736,13.352105,13.378333,2,8,1,0.96149457,1
51,40,1,1,0,-72.61243,-430.7001,118.39214,-0.031196373,0.006980358,-0.00973844,20.794973,20.520555,2,9,1,0.9963968,1
51,14,1,1,0,77.28148,-101.21552,80.69835,0.011435031,0.017845172,0.011257381,25.063944,24.105833,2,10,1,0.99894613,1
51,24,1,1,0,76.8765,-561.8631,187.2486,-0.0017343056,0.0129823275,-0.013852229,11.723014,11.730556,2,11,1,0.9923926,1
51,24,1,0,0,76.8765,-561.8631,187.2486,-0.0017343056,0.0129823275,-0.013852229,6.7741594,6.9191666,2,-1,0,0.981726,1
51,19,0,0,0,0.0,0.0,0.0,0.0,0.0,0.0,5.0502706,-1.0,2,-1,0,0.9770513,1
51,20,1,0,0,103.969376,-185.35512,446.0326,-0.010198753,-0.0031809004,-0.01693971,3.6070623,3.4802778,2,-1,0,0.7234756,1
51,29,1,1,0,-94.05473,497.41602,178.07494,-0.012148887,-0.011137096,-0.010667959,19.123241,19.178055,2,12,1,0.98966426,1
51,20,1,1,0,103.969376,-185.35512,446.0326,-0.010198753,-0.0031809004,-0.01693971,21.589306,21.239445,2,13,1,0.97589034,1
51,40,1,0,0,-72.61243,-430.7001,118.39214,-0.031196373,0.006980358,-0.00973844,8.854556,8.659166,2,-1,0,0.9966526,1
51,40,1,0,0,-72.61243,-430.7001,118.39214,-0.031196373,0.006980358,-0.00973844,8.84625,8.741389,2,-1,0,0.98932964,1
51,23,1,1,0,117.70702,59.51089,263.04355,0.020302018,0.012463264,0.014462721,14.072764,11.3525,2,14,1,0.9428383,1
51,30,1,1,0,-125.48771,-246.89342,425.25992,-0.027123304,-0.027518457,0.002319644,33.73649,40.228054,2,15,1,0.9999598,1
51,32,1,1,0,136.88213,-398.5809,370.0507,0.024610167,0.004547484,-0.007550471,29.024645,28.881945,2,16,1,0.98472553,1
51,9,1,1,0,-146.67175,11.06357,1.9815754,0.0045421235,-0.007517803,0.019830398,24.19297,24.326944,2,17,1,0.99052566,1
51,18,1,1,0,-143.3351,-8.966646,385.95398,-0.037219204,0.025655342,-0.007674045,32.238033,32.120556,2,18,1,0.9998239,1
51,18,1,0,0,-143.3351,-8.966646,385.95398,-0.037219204,0.025655342,-0.007674045,3.8959444,3.831389,2,-1,0,0.9736317,1
51,5,1,0,0,-235.04477,390.71506,89.2549,0.036945228,0.037976835,-0.025428137,21.252596,21.286112,2,-1,0,0.9986786,1
51,5,1,0,0,-235.04477,390.71506,89.2549,0.036945228,0.037976835,-0.025428137,8.875875,8.617778,2,-1,0,0.98522353,1
51,4,1,1,0,-208.99084,322.0057,105.86069,-0.00025315792,0.004928645,-0.0030298294,6.219923,6.0625,2,19,1,0.9725028,1
51,23,1,0,0,117.70702,59.51089,263.04355,0.020302018,0.012463264,0.014462721,10.734792,10.835278,2,-1,0,0.9922202,1
51,16,1,0,0,214.1161,-495.28952,289.08456,-0.0027335954,0.009605392,-0.0032391846,3.506889,3.5355556,2,-1,0,0.97630537,1
51,16,1,1,0,214.1161,-495.28952,289.08456,-0.0027335954,0.009605392,-0.0032391846,10.50309,10.714444,2,20,1,0.9950335,1
51,34,1,1,0,213.8213,-341.39383,399.02127,0.008422078,-0.015451349,0.019919233,22.972897,23.123056,2,21,1,0.9627756,1
51,6,1,1,0,-220.64958,-164.7468,131.76054,0.0033939397,-0.009073613,0.031168802,25.763826,20.850555,2,22,1,0.9966859,1
51,8,1,1,0,231.29105,235.41199,368.643,-0.015015876,-0.025794478,-0.018454328,22.800304,22.928333,2,23,1,0.9977539,1
51,25,1,1,0,-228.20705,429.98334,388.73215,0.008105904,-0.009840963,-0.014647133,18.258951,18.230556,2,24,1,0.9428152,1
51,8,1,0,0,231.29105,235.41199,368.643,-0.015015876,-0.025794478,-0.018454328,13.232118,12.601111,2,-1,0,0.99034053,1
51,6,1,0,0,-220.64958,-164.7468,131.76054,0.0033939397,-0.009073613,0.031168802,5.811834,5.7555556,2,-1,0,0.9920352,1
51,25,1,0,0,-228.20705,429.98334,388.73215,0.008105904,-0.009840963,-0.014647133,5.7079096,5.528333,2,-1,0,0.945156,1
51,5,1,1,0,-235.04477,390.71506,89.2549,0.036945228,0.037976835,-0.025428137,23.736235,23.563612,2,25,1,0.9968154,1
51,15,1,1,0,233.7108,-541.573,1.0426224,-0.0004047819,0.0044937306,0.010908412,12.994924,10.2625,2,26,1,0.98361665,1
51,21,0,0,0,0.0,0.0,0.0,0.0,0.0,0.0,18.21221,-1.0,2,-1,0,0.9939455,1
51,23,1,0,0,117.70702,59.51089,263.04355,0.020302018,0.012463264,0.014462721,5.85807,5.8005557,2,-1,0,0.97642946,1
51,1,1,0,0,239.1171,45.872475,180.41942,-0.012249548,0.018316021,0.006262573,9.2161255,9.146944,2,-1,0,0.9993276,1
51,1,1,1,0,239.1171,45.872475,180.41942,-0.012249548,0.018316021,0.006262573,11.028611,11.030278,2,27,1,0.9417918,1
51,5,1,0,0,-235.04477,390.71506,89.2549,0.036945228,0.037976835,-0.025428137,3.0307987,3.0852778,2,-1,0,0.8430476,1
51,10,1,1,0,265.02057,-239.93457,28.67269,0.0044117244,0.00033328644,-0.013859203,9.040528,8.318889,2,28,1,0.98417586,1
51,33,1,1,0,273.28384,-499.26898,288.68265,0.0084896,0.016622486,0.0011198606,17.48125,8.638611,2,29,1,0.7561736,1
51,31,1,1,0,278.5011,-194.07812,128.58311,0.0069046067,-0.009137577,-0.006736886,11.114222,11.091666,2,30,1,0.9835692,1
51,3,1,1,0,-286.64072,-584.36444,148.21986,0.001284912,0.0120522175,-0.0087180585,16.802633,9.891111,2,31,1,0.9997352,1
51,38,1,1,0,288.2464,66.058464,282.35196,0.008443099,-0.0077533224,-0.0010988482,5.9500275,3.2147222,2,32,1,0.97478503,1
51,38,1,0,0,288.2464,66.058464,282.35196,0.008443099,-0.0077533224,-0.0010988482,4.554597,4.5052776,2,-1,0,0.9954951,1
51,27,1,1,0,292.322,267.21457,459.26465,0.016350497,0.0056498125,-0.017998418,13.977819,14.040556,2,33,1,0.99553686,1
51,27,1,0,0,292.322,267.21457,459.26465,0.016350497,0.0056498125,-0.017998418,7.614111,7.6327777,2,-1,0,0.9902088,1
51,17,1,1,0,307.26523,-302.11536,278.42947,-0.0043529123,-0.0027777285,-0.02047284,12.045347,11.982223,2,34,1,0.96585274,1
51,17,1,0,0,307.26523,-302.11536,278.42947,-0.0043529123,-0.0027777285,-0.02047284,7.1374164,7.0925,2,-1,0,0.97086006,1
51,39,1,1,0,311.7515,558.24786,401.95407,-0.0066476315,0.028767744,0.017261133,21.068693,21.015833,2,35,1,0.99969894,1
51,39,1,0,0,311.7515,558.24786,401.95407,-0.0066476315,0.028767744,0.017261133,6.268014,6.2491665,2,-1,0,0.95651054,1
51,39,1,0,0,311.7515,558.24786,401.95407,-0.0066476315,0.028767744,0.017261133,7.9247637,7.995,2,-1,0,0.97652155,1
51,28,1,0,0,344.20483,-83.61753,42.845795,0.009885409,-0.01040825,-0.0029427523,4.4794025,4.558611,2,-1,0,0.9636708,1
51,36,1,0,0,-354.65488,-566.6427,353.20407,0.0003725612,0.009628831,0.010104015,5.330118,5.352778,2,-1,0,0.9774515,1
51,28,1,1,0,344.20483,-83.61753,42.845795,0.009885409,-0.01040825,-0.0029427523,13.792598,13.9725,2,36,1,0.9710928,1
51,36,1,1,0,-354.65488,-566.6427,353.20407,0.0003725612,0.009628831,0.010104015,8.130145,8.079722,2,37,1,0.9994837,1
51,36,1,0,0,-354.65488,-566.6427,353.20407,0.0003725612,0.009628831,0.010104015,4.8384027,4.946944,2,-1,0,0.9464695,1
52,19,1,1,0,31.418774,-394.99457,443.712,0.0053579505,-0.012852935,0.0070902756,12.622882,12.526944,2,0,1,0.9969401,1
52,19,1,0,0,31.418774,-394.99457,443.712,0.0053579505,-0.012852935,0.0070902756,5.2338467,5.1180553,2,-1,0,0.97621334,1
52,5,1,0,0,89.91732,14.650347,202.81581,-0.006986485,0.018743206,-0.009668158,5.890306,5.6744447,2,-1,0,0.9895662,1
52,1,1,1,0,-57.326405,-316.16428,255.55574,-0.024323374,-0.014725806,-0.0057391743,27.34964,27.864721,2,1,1,0.99895453,1
52,40,1,1,0,66.1714,235.24698,203.29848,0.008990305,0.009604511,0.005686867,17.721695,9.863611,2,2,1,0.9998524,1
52,20,1,1,0,68.86427,391.10104,250.83366,0.0006348825,-0.0066802343,-0.0031322984,7.811826,7.463333,2,3,1,0.985784,1
52,15,0,0,0,0.0,0.0,0.0,0.0,0.0,0.0,31.774162,-1.0,2,-1,0,0.989504,1
52,5,1,1,0,89.91732,14.650347,202.81581,-0.006986485,0.018743206,-0.009668158,18.821861,16.588333,2,4,1,0.996983,1
52,23,1,0,0,-102.01568,-249.34137,139.8065,0.00631785,-0.011991175,0.002420896,5.228708,4.957778,2,-1,0,0.92432237,1
52,23,1,1,0,-102.01568,-249.34137,139.8065,0.00631785,-0.011991175,0.002420896,6.744736,6.4983335,2,5,1,0.95758736,1
52,40,1,0,0,66.1714,235.24698,203.29848,0.008990305,0.009604511,0.005686867,3.315611,3.31,2,-1,0,0.62648857,1
52,28,1,1,0,-124.598434,-196.38467,380.04922,0.003238811,0.007013339,-0.003500188,6.8549304,6.6302776,2,6,1,0.99940753,1
52,32,1,1,0,134.00095,483.01715,233.56563,-0.008343225,-0.033168465,0.0047874404,34.124416,34.49278,2,7,1,0.99443567,1
52,28,1,0,0,-124.598434,-196.38467,380.04922,0.003238811,0.007013339,-0.003500188,5.4563055,5.3758335,2,-1,0,0.98127973,1
52,32,1,0,0,134.00095,483.01715,233.56563,-0.008343225,-0.033168465,0.0047874404,3.1563752,3.1619444,2,-1,0,0.733446,1
52,16,1,1,0,-144.38914,-399.83954,228.05902,-0.0023307714,-0.00016387086,0.0065869614,8.056875,5.3780556,2,8,1,0.98485076,1
52,18,1,1,0,155.75833,-92.65676,336.68356,-0.0025133886,-0.0052085114,-0.010192147,11.530006,11.413889,2,9,1,0.9973532,1
52,16,1,0,0,-144.38914,-399.83954,228.05902,-0.0023307714,-0.00016387086,0.0065869614,5.225472,5.188889,2,-1,0,0.97588867,1
52,9,1,0,0,-169.35307,369.98422,64.50088,0.008266061,-0.03140353,0.0054079876,3.3284929,3.3625,2,-1,0,0.88203466,1
52,18,1,0,0,155.75833,-92.65676,336.68356,-0.0025133886,-0.0052085114,-0.010192147,3.6596599,3.6783333,2,-1,0,0.9744313,1
52,9,1,1,0,-169.35307,369.98422,64.50088,0.008266061,-0.03140353,0.0054079876,22.715174,22.266111,2,10,1,0.94297385,1
52,37,1,1,0,-171.97748,-564.616,47.144802,-0.026830569,-0.004505258,-0.0050598513,20.239489,11.651667,2,11,1,0.9992858,1
52,36,1,1,0,187.19896,230.86285,333.31375,-0.0135909375,-0.03556474,0.012808955,40.804314,40.301945,2,12,1,0.99907136,1
52,37,1,0,0,-171.97748,-564.616,47.144802,-0.026830569,-0.004505258,-0.0050598513,6.641278,6.833889,2,-1,0,0.9592154,1
52,8,1,1,0,-193.04926,-378.48773,143.54639,-0.008824767,-0.0023974392,0.012823988,15.11886,15.386389,2,13,1,0.9948737,1
52,2,1,1,0,194.45782,-96.319626,364.17233,0.018711982,0.0015807266,-0.0038397587,20.704458,20.8525,2,14,1,0.9960303,1
52,22,1,1,0,199.44899,-512.5769,281.04886,-0.007904795,0.002622878,0.013305783,14.921347,15.1247225,2,15,1,0.99443907,1
52,8,1,0,0,-193.04926,-378.48773,143.54639,-0.008824767,-0.0023974392,0.012823988,5.596708,5.598889,2,-1,0,0.99923384,1
52,11,1,1,0,-199.22925,111.79632,286.9233,-0.009884087,-0.03732777,0.0025737642,41.145252,5.1575,2,16,1,0.99987364,1
52,10,1,1,0,207.98885,-78.52625,142.35803,0.006811102,-0.001993146,-0.011328284,11.37107,11.223611,2,17,1,0.9916495,1
52,12,1,1,0,212.48634,-570.03796,307.2601,-0.009188875,-0.00495961,0.0060649705,12.670431,12.807222,2,18,1,0.9809003,1
52,13,1,1,0,222.95099,11.96092,147.10323,0.02943012,0.0073308283,-0.009101225,27.382202,27.449722,2,19,1,0.9999933,1
52,4,1,1,0,-231.17455,340.5666,307.9036,0.0143808415,0.009970171,0.0041188886,18.18912,18.449167,2,20,1,0.9640052,1
52,31,1,1,0,-236.58862,-317.6555,422.42142,-0.009917978,0.009752321,0.006020757,10.237909,10.236111,2,21,1,0.96741384,1
52,31,1,0,0,-236.58862,-317.6555,422.42142,-0.009917978,0.009752321,0.006020757,4.271528,4.2669444,2,-1,0,0.9752024,1
52,14,1,1,0,259.00027,-591.7285,431.58157,-0.0019565213,-0.026808413,-0.016828334,18.619375,18.680555,2,22,1,0.98825735,1
52,29,1,1,0,-255.1521,-22.915136,171.89304,-0.0027561036,0.002274663,-0.0092878565,7.0961323,7.187222,2,23,1,0.95750254,1
52,29,1,0,0,-255.1521,-22.915136,171.89304,-0.0027561036,0.002274663,-0.0092878565,2.7366319,1.7555555,2,-1,0,0.7325003,1
52,21,1,1,0,255.29865,410.86444,276.76004,0.024385167,0.0012793662,0.01040791,9.012876,5.0597224,2,24,1,0.9319221,1
52,14,1,0,0,259.00027,-591.7285,431.58157,-0.0019565213,-0.026808413,-0.016828334,12.936549,13.087778,2,-1,0,0.9974778,1
52,21,1,0,0,255.29865,410.86444,276.76004,0.024385167,0.0012793662,0.01040791,8.952563,8.998333,2,-1,0,0.9989097,1
52,7,1,1,0,265.0898,-233.13347,367.82693,-0.0015055783,0.0065717604,-0.020485243,20.045689,20.101667,2,25,1,0.9883195,1
52,30,1,1,0,-265.11166,463.98538,419.09204,0.004046753,-0.0004163354,-0.0044110804,5.9262705,5.953889,2,26,1,0.88725066,1
52,39,1,1,0,-275.14658,-283.91104,314.98068,0.01932074,-0.0047526676,-0.008506606,19.656576,19.778334,2,27,1,0.99858475,1
52,26,1,1,0,-268.5197,-342.60123,402.50394,-0.01596521,-0.018191917,0.0056216666,19.959349,20.02861,2,28,1,0.9940338,1
52,38,1,0,0,276.25397,-525.02045,265.58774,-0.014605052,0.0053168666,0.0019447301,7.935611,7.8880553,2,-1,0,0.97577584,1
52,38,1,1,0,276.25397,-525.02045,265.58774,-0.014605052,0.0053168666,0.0019447301,8.263708,8.261111,2,29,1,0.968116,1
52,34,1,1,0,304.66348,-351.02463,119.37723,0.0039813323,0.0010345908,0.0059911786,6.2123475,5.5852776,2,30,1,0.9225759,1
52,27,1,0,0,313.68097,134.49217,2.1909738,-0.011870485,0.012204756,0.0123115545,7.0581393,7.090833,2,-1,0,0.97549677,1
52,27,1,1,0,313.68097,134.49217,2.1909738,-0.011870485,0.012204756,0.0123115545,11.649014,11.678333,2,31,1,0.9967493,1
52,6,1,1,0,324.9498,-187.87572,345.21973,-0.022152824,0.0141103435,-0.004407579,18.598125,18.643333,2,32,1,0.9964194,1
52,33,1,1,0,-321.63724,-291.0902,89.10245,0.009698376,0.00644442,-0.00060149,8.375195,8.457778,2,33,1,0.9995934,1
52,6,1,0,0,324.9498,-187.87572,345.21973,-0.022152824,0.0141103435,-0.004407579,8.545598,8.6125,2,-1,0,0.9228067,1
52,25,0,0,0,0.0,0.0,0.0,0.0,0.0,0.0,14.03373,-1.0,2,-1,0,0.99039406,1
52,17,1,1,0,-334.62024,-84.04012,173.19333,-0.008093581,0.025756607,-0.0069142072,25.725199,22.030556,2,34,1,0.9342686,1
52,3,1,1,0,343.84067,-301.2755,176.71088,0.012955974,-0.017808815,-0.013568616,24.140919,24.203333,2,35,1,0.9531761,1
52,25,0,0,0,0.0,0.0,0.0,0.0,0.0,0.0,3.256618,-1.0,2,-1,0,0.91033787,1
52,3,1,0,0,343.84067,-301.2755,176.71088,0.012955974,-0.017808815,-0.013568616,4.372882,4.4505553,2,-1,0,0.98381513,1
52,24,1,1,0,-351.0565,-594.95544,22.511007,0.0067910664,0.0097964695,-0.0055667893,11.357708,11.491111,2,36,1,0.9718587,1
52,35,1,1,0,-353.41016,-213.35794,385.50662,-0.011552011,-0.024447646,-0.005561817,14.8486595,4.4730554,2,37,1,0.9966679,1
52,28,0,0,0,0.0,0.0,0.0,0.0,0.0,0.0,9.149125,-1.0,2,-1,0,0.9854645,1
53,11,1,1,0,9.903468,267.36902,100.881386,-0.018208517,-0.021282587,-0.013597156,23.1998,23.063612,2,0,1,0.9916726,1
53,37,1,1,0,-7.351306,-45.87314,365.45807,0.016160116,0.030781964,-0.013658203,15.169778,14.463611,2,1,1,0.9978155,1
53,17,1,1,0,-7.3267083,521.7021,380.66293,-0.021656837,0.008966526,-0.0063833543,27.323967,27.246666,2,2,1,0.9995491,1
53,37,1,0,0,-7.351306,-45.87314,365.45807,0.016160116,0.030781964,-0.013658203,9.113242,8.757222,2,-1,0,0.99958175,1
53,33,1,1,0,-16.814346,111.2803,152.59709,0.0021673106,0.012139249,0.001491829,13.733931,13.929722,2,4,1,0.99892944,1
53,30,1,1,0,31.441393,321.43396,90.35905,-0.0072849165,0.010590296,0.0004400305,16.087402,15.841389,2,5,1,0.99172664,1
53,24,1,1,0,34.779953,-201.746,395.4231,-0.0037093803,-0.0029528432,-0.0058206446,7.3395276,7.4311113,2,6,1,0.9956334,1
53,15,0,0,0,0.0,0.0,0.0,0.0,0.0,0.0,22.327599,-1.0,2,-1,0,0.9999976,1
53,29,1,1,0,64.10775,-385.30725,353.87836,-0.0165377,0.007933961,-0.00834322,20.990902,21.395,2,7,1,0.9952683,1
53,3,0,0,0,0.0,0.0,0.0,0.0,0.0,0.0,5.3881946,-1.0,2,-1,0,0.95984817,1
53,15,0,0,0,0.0,0.0,0.0,0.0,0.0,0.0,9.885215,-1.0,2,-1,0,0.99988496,1
53,11,1,0,0,9.903468,267.36902,100.881386,-0.018208517,-0.021282587,-0.013597156,5.559278,5.571944,2,-1,0,0.97693366,1
53,13,1,1,0,-69.27193,-492.74023,88.629074,-0.015711516,0.03387429,-0.0025739635,25.488522,16.860834,2,8,1,0.9955751,1
53,19,1,0,0,146.71254,6.1255894,303.57434,0.008809774,0.0030163464,0.010353983,2.955257,3.0408332,2,-1,0,0.8662057,1
53,13,1,0,0,-69.27193,-492.74023,88.629074,-0.015711516,0.03387429,-0.0025739635,10.716904,10.543889,2,-1,0,0.99557173,1
53,12,1,1,0,89.18042,426.55078,280.61203,0.007891618,0.009991755,0.02027814,23.01886,23.177778,2,9,1,0.9994142,1
53,21,1,1,0,-94.66679,272.72607,46.94314,0.009638167,-0.018304627,0.002251017,26.101805,26.320833,2,10,1,0.998884,1
53,18,1,1,0,107.42442,-429.80487,454.4449,0.012874397,0.017660068,0.012495356,27.936361,28.100834,2,11,1,0.9945473,1
53,28,1,1,0,-113.65796,273.9776,412.57654,-0.013934927,0.00048588062,-0.023774248,19.776007,19.917778,2,12,1,0.9877331,1
53,25,1,0,0,-78.601074,-643.7822,443.13263,-0.0014992587,-0.0030652909,0.0019317882,3.2832778,3.3619444,2,-1,0,0.6440417,1
53,22,1,1,0,118.36209,230.03864,275.0919,-0.010907474,-0.00079577323,0.0074724485,10.294076,10.139167,2,13,1,0.9881357,1
53,28,1,0,0,-113.65796,273.9776,412.57654,-0.013934927,0.00048588062,-0.023774248,4.6517296,4.7633333,2,-1,0,0.9803662,1
53,22,1,0,0,118.36209,230.03864,275.0919,-0.010907474,-0.00079577323,0.0074724485,5.255597,5.116389,2,-1,0,0.9898667,1
53,31,0,0,0,0.0,0.0,0.0,0.0,0.0,0.0,16.974716,-1.0,2,-1,0,0.98159295,1
53,22,1,0,0,118.36209,230.03864,275.0919,-0.010907474,-0.00079577323,0.0074724485,5.859222,6.088333,2,-1,0,0.9940831,1
53,8,1,0,0,-133.05928,372.88586,36.763332,0.0038388236,-0.028692741,0.019055128,11.560632,11.275833,2,-1,0,0.98185885,1
53,8,1,1,0,-133.05928,372.88586,36.763332,0.0038388236,-0.028692741,0.019055128,25.335474,25.514723,2,14,1,0.9843284,1
53,16,1,1,0,-143.83798,183.25351,24.787788,-0.022151442,0.011375543,-0.006301058,14.319464,14.524167,2,-1,1,0.9925833,1
53,19,1,1,0,146.71254,6.1255894,303.57434,0.008809774,0.0030163464,0.010353983,11.579979,8.755,2,15,1,0.9806442,1
53,26,1,0,0,-168.771,-234.15771,183.46933,0.031500563,-0.0012396438,0.0041931896,17.1668,17.010834,2,-1,0,0.99822253,1
53,26,1,1,0,-168.771,-234.15771,183.46933,0.031500563,-0.0012396438,0.0041931896,17.330124,17.396667,2,16,1,0.9955779,1
53,16,1,0,0,-143.83798,183.25351,24.787788,-0.022151442,0.011375543,-0.006301058,5.3896947,5.3894444,2,-1,0,0.9876908,1
53,16,1,0,0,-143.83798,183.25351,24.787788,-0.022151442,0.011375543,-0.006301058,3.7058125,3.7669444,2,-1,0,0.9514154,1
53,7,1,1,0,196.12373,-105.14295,401.34598,-0.004573328,-0.0019707615,0.0054454785,7.2739997,7.214722,2,17,1,0.99198157,1
53,1,1,1,0,-196.17485,-340.62024,134.13731,-0.003007899,-0.0013494821,0.018377481,15.124215,12.815,2,18,1,0.99021477,1
53,1,1,0,0,-196.17485,-340.62024,134.13731,-0.003007899,-0.0013494821,0.018377481,3.3745832,3.4561112,2,-1,0,0.8017386,1
53,10,1,1,0,202.28302,-161.98666,419.9112,-0.005934288,0.008628084,0.0027176307,10.135125,9.456388,2,19,1,0.9855541,1
53,35,1,1,0,-209.3562,-456.60983,342.77567,-0.011024533,0.025206858,0.0016998992,30.53479,30.454166,2,20,1,0.9944512,1
53,36,1,1,0,-217.64413,-12.12445,262.87418,-0.019783603,-0.015172432,-0.022022469,24.743725,23.206112,2,21,1,0.98170084,1
53,36,1,0,0,-217.64413,-12.12445,262.87418,-0.019783603,-0.015172432,-0.022022469,7.0196385,7.025833,2,-1,0,0.97682434,1
53,5,1,1,0,229.03879,-229.42831,112.39555,-0.019734586,0.017834896,6.55312e-07,23.775291,23.555555,2,22,1,0.9886818,1
53,25,1,1,0,240.51283,-592.1195,431.78983,-0.0014992587,-0.0030652909,0.0019317882,3.8548682,3.7425,2,23,1,0.8706173,1
53,39,1,1,0,-251.39804,-326.98108,111.94162,0.0015292012,0.0027848966,0.005244401,6.09884,6.086389,2,24,1,0.970793,1
53,22,1,0,0,-242.8456,-37.941563,461.42804,-0.010907474,-0.00079577323,0.0074724485,4.6740136,4.6441665,2,-1,0,0.9707089,1
53,20,1,1,0,273.98935,291.22687,337.40955,-0.014650775,0.019013835,0.0050217765,19.608759,19.401388,2,25,1,0.9429178,1
53,2,1,1,0,-282.14072,-429.5547,37.419876,0.0069312295,0.0008845334,-0.0028354535,4.0027914,3.9652777,2,26,1,0.97080964,1
53,14,1,1,0,-287.46207,434.6243,434.80545,0.013983903,0.0054237614,0.009325326,16.881424,16.825,2,27,1,0.95491207,1
53,2,1,0,0,-282.14072,-429.5547,37.419876,0.0069312295,0.0008845334,-0.0028354535,2.7066667,2.6333334,2,-1,0,0.60684794,1
53,9,1,1,0,294.34244,-342.95145,95.783485,-0.0017575538,0.003372661,-0.0054486366,6.400729,6.58,2,28,1,0.9844297,1
53,23,1,0,0,-301.78687,-183.86534,227.96689,0.007283392,0.007967041,0.023867464,3.032167,3.0447223,2,-1,0,0.9736893,1
53,23,1,1,0,-301.78687,-183.86534,227.96689,0.007283392,0.007967041,0.023867464,8.766986,8.8725,2,29,1,0.98996687,1
53,23,0,0,0,0.0,0.0,0.0,0.0,0.0,0.0,5.030215,-1.0,2,-1,0,0.9514451,1
53,27,1,1,0,309.76694,-422.46515,355.6323,0.00998219,-0.002767675,0.0079816645,13.742799,10.333333,2,30,1,0.9839721,1
53,4,1,1,0,-315.2725,-200.42398,46.3141,-0.008733429,-0.022789102,0.007662727,19.909248,11.186111,2,31,1,0.9909509,1
53,34,1,1,0,330.29327,-462.3406,324.8711,-0.0050404966,-0.0059754346,-0.0070119305,9.868022,9.763056,2,32,1,0.9467472,1
53,40,1,1,0,-340.63498,103.83695,105.923325,0.01369405,0.017183464,-0.015014366,24.08477,23.98,2,33,1,0.9784503,1
53,6,1,1,0,-337.18167,-281.17966,292.35822,-0.010445533,0.004619642,0.010617035,11.881562,9.715555,2,34,1,0.9418926,1
53,32,1,1,0,-339.78497,506.55676,154.98782,0.009423234,0.006185299,-0.0021106636,11.136389,11.132778,2,35,1,0.9902775,1
53,24,0,0,0,0.0,0.0,0.0,0.0,0.0,0.0,2.6102986,2.5980556,2,-1,0,0.53151876,1
54,13,1,1,0,-48.379337,1.9709915,342.56122,-0.0003992815,0.0033848183,-0.025317691,21.864834,21.826666,2,0,1,0.91306925,1
54,6,1,1,0,52.26782,-182.43187,57.21348,-0.01683022,-0.025667895,-0.005725206,29.316828,28.653334,2,1,1,0.9309093,1
54,13,1,0,0,-48.379337,1.9709915,342.56122,-0.0003992815,0.0033848183,-0.025317691,5.622486,5.621111,2,-1,0,0.9781813,1
54,24,1,1,0,69.59458,-379.19754,246.72983,-0.014762494,0.014466977,-0.006893663,17.885487,17.921667,2,2,1,0.98067766,1
54,32,1,1,0,-68.48192,489.6983,23.271694,-0.0096825,-0.004396734,-0.017646471,12.92791,13.168056,2,3,1,0.994331,1
54,32,1,0,0,-68.48192,489.6983,23.271694,-0.0096825,-0.004396734,-0.017646471,9.491361,9.299723,2,-1,0,0.9977805,1
54,4,1,1,0,-100.095055,-528.4873,248.32831,0.012835349,0.0011937056,0.009198405,14.743515,14.5002775,2,4,1,0.9825408,1
54,33,1,1,0,-101.00103,-299.39462,384.12897,0.00748874,-8.585686e-05,0.004097137,9.747147,9.639722,2,5,1,0.9712967,1
54,22,1,1,0,-113.9346,-362.44394,264.00574,0.008323052,0.012934374,-0.013192719,22.037043,21.912777,2,6,1,0.97832614,1
54,35,1,1,0,112.8652,141.13477,344.76395,0.0038416127,-0.022121549,0.009595635,19.395521,19.465,2,7,1,0.99103224,1
54,35,1,0,0,112.8652,141.13477,344.76395,0.0038416127,-0.022121549,0.009595635,7.5173745,7.6180553,2,-1,0,0.9951292,1
54,7,1,1,0,-119.32883,120.1426,355.46637,0.01792523,-0.0060383626,-0.0045725945,17.982048,18.119722,2,8,1,0.99352664,1
54,16,1,1,0,119.65983,567.8197,157.87822,-0.0016663877,-0.007054519,-0.006012506,8.980972,9.057777,2,9,1,0.9801981,1
54,15,1,0,0,-127.4469,-392.83646,273.16922,-0.01737923,-1.2717126e-05,-0.01802958,9.72107,9.638056,2,-1,0,0.995324,1
54,14,1,1,0,125.47574,511.848,316.8004,0.009462394,0.0030911185,-0.0024401112,10.348056,10.296389,2,10,1,0.94966763,1
54,15,1,1,0,-127.4469,-392.83646,273.16922,-0.01737923,-1.2717126e-05,-0.01802958,15.897736,16.13861,2,11,1,0.9949208,1
54,17,1,0,0,145.574,-192.1428,344.0236,0.006711582,0.016118163,0.0022990739,3.6039097,3.6069446,2,-1,0,0.68038285,1
54,26,1,1,0,-131.19412,-444.38443,47.46117,-0.00033241452,0.01379855,-0.006100762,13.388279,13.5575,2,12,1,0.98631626,1
54,12,1,1,0,138.50438,-222.96477,307.15042,-0.0006384136,0.007313236,-0.004796714,9.450833,7.9194446,2,13,1,0.9958126,1
54,35,1,0,0,112.8652,141.13477,344.76395,0.0038416127,-0.022121549,0.009595635,3.4846323,3.6180556,2,-1,0,0.9747503,1
54,3,1,1,0,142.58508,-107.24555,334.5151,0.013612996,-0.0106031345,0.016522404,25.984867,26.283056,2,14,1,0.9999844,1
54,17,1,1,0,145.574,-192.1428,344.0236,0.006711582,0.016118163,0.0022990739,19.853971,19.781666,2,15,1,0.94045883,1
54,33,1,0,0,-101.00103,-299.39462,384.12897,0.00748874,-8.585686e-05,0.004097137,4.84966,4.8861113,2,-1,0,0.9525591,1
54,39,1,0,0,-161.9021,130.17052,53.023434,0.007007292,-0.0076302886,-0.013154747,3.4314306,3.498889,2,-1,0,0.9352377,1
54,39,1,1,0,-161.9021,130.17052,53.023434,0.007007292,-0.0076302886,-0.013154747,18.696035,18.855556,2,16,1,0.9859357,1
54,27,1,1,0,-169.5632,-328.38208,180.3407,0.007678687,-0.00096003915,-0.009246431,10.196632,10.2825,2,17,1,0.9871972,1
54,11,1,1,0,-173.59029,268.23776,420.79224,0.017568883,-0.017118838,-0.0020572534,23.549763,23.361666,2,18,1,0.9998416,1
54,1,1,1,0,-176.8076,-125.204834,369.05148,-0.023960048,-0.00035740898,0.0067251856,26.697987,26.651667,2,19,1,0.99644935,1
54,18,1,1,0,179.39502,-314.75674,278.4559,0.00038320763,-0.011777728,0.007950753,14.80693,14.871667,2,20,1,0.9764588,1
54,31,1,1,0,179.08644,-561.08875,33.8034,0.0031410889,-0.003078894,0.007204419,8.487312,8.565556,2,21,1,0.9889502,1
54,19,0,0,0,0.0,0.0,0.0,0.0,0.0,0.0,2.8263958,2.8105555,2,-1,0,0.5571477,1
54,20,1,1,0,-183.84903,87.98439,109.49676,-0.009096828,-0.012074427,0.0057553067,15.767304,8.965278,2,22,1,0.96670246,1
54,11,1,0,0,-173.59029,268.23776,420.79224,0.017568883,-0.017118838,-0.0020572534,3.5266666,3.5272222,2,-1,0,0.80149275,1
54,30,1,1,0,191.88327,541.09686,288.34802,0.0033157568,0.011008548,-0.017659217,21.24491,21.221111,2,23,1,0.9951108,1
54,28,1,0,0,-217.02814,467.55475,355.49707,0.017001458,0.0259697,0.013195017,12.364757,12.482778,2,-1,0,0.9852743,1
54,28,1,1,0,-217.02814,467.55475,355.49707,0.017001458,0.0259697,0.013195017,13.237792,13.3525,2,24,1,0.95299286,1
54,28,1,0,0,-217.02814,467.55475,355.49707,0.017001458,0.0259697,0.013195017,7.9273057,7.8683333,2,-1,0,0.9898572,1
54,37,1,1,0,-220.85027,-189.24776,265.7571,-0.024115732,-0.008275982,0.011638001,13.671888,8.773611,2,-1,1,0.9319552,1
54,21,1,1,0,-227.87117,278.3607,56.004814,0.008213667,0.008702062,0.017482204,14.524312,14.619166,2,25,1,0.96110964,1
54,37,1,0,0,-220.85027,-189.24776,265.7571,-0.024115732,-0.008275982,0.011638001,12.541582,12.6375,2,-1,0,0.9701185,1
54,8,1,1,0,-232.6741,-267.6614,269.22958,0.0195045,0.0075762756,0.005605609,21.311167,21.212778,2,26,1,0.99281013,1
54,2,1,1,0,-245.58365,-332.7931,423.61325,0.0048054024,0.011549635,0.004162171,11.593721,11.389722,2,27,1,0.9594076,1
54,36,1,1,0,264.37067,-235.88487,99.08223,0.016570887,0.0013364415,-0.015262351,26.360474,19.995277,2,28,1,0.98801106,1
54,9,1,0,0,282.90997,340.19543,302.638,0.01809502,0.0072790994,-0.013070662,3.4705,3.5341666,2,-1,0,0.88286656,1
54,34,1,1,0,-282.3136,462.5699,292.69037,0.011166608,-0.00040777682,-0.009898321,12.98552,12.798611,2,29,1,0.9879286,1
54,29,1,1,0,-283.78986,534.9197,140.06891,-0.016128177,9.958694e-06,-0.011573538,17.670918,7.5644445,2,30,1,0.96128917,1
54,9,1,1,0,282.90997,340.19543,302.638,0.01809502,0.0072790994,-0.013070662,14.557945,8.643333,2,31,1,0.9736249,1
54,14,0,0,0,0.0,0.0,0.0,0.0,0.0,0.0,2.8340971,2.807778,2,-1,0,0.68278825,1
54,23,1,1,0,-299.80685,115.894516,215.85483,-0.0015570841,-0.0034517557,0.019051464,11.76341,11.383889,2,32,1,0.9824872,1
54,29,1,0,0,-283.78986,534.9197,140.06891,-0.016128177,9.958694e-06,-0.011573538,3.486375,3.501111,2,-1,0,0.9509801,1
54,23,1,0,0,-299.80685,115.894516,215.85483,-0.0015570841,-0.0034517557,0.019051464,5.6267633,5.6277776,2,-1,0,0.93059677,1
54,9,1,0,0,282.90997,340.19543,302.638,0.01809502,0.0072790994,-0.013070662,6.034861,6.0983334,2,-1,0,0.9897585,1
54,19,1,1,0,-301.72815,-220.8509,181.1116,-0.008685193,0.00053704745,0.007961996,12.762049,10.214167,2,33,1,0.9469943,1
54,5,1,1,0,318.17175,388.4861,302.93954,0.02554666,-0.0017807977,0.000605093,23.01856,23.08361,2,34,1,0.9959393,1
54,4,0,0,0,0.0,0.0,0.0,0.0,0.0,0.0,3.024139,2.9536111,2,-1,0,0.55787,1
54,29,1,0,0,-283.78986,534.9197,140.06891,-0.016128177,9.958694e-06,-0.011573538,4.10525,4.0616665,2,-1,0,0.9771448,1
54,10,1,1,0,342.65753,14.405135,98.854256,-0.0037282207,-0.012277407,0.012107669,18.440565,17.655277,2,35,1,0.9974075,1
54,38,1,1,0,354.9663,-123.546776,254.56886,-0.021322614,0.008120164,0.020296125,27.124277,26.87889,2,36,1,0.99963045,1
54,40,1,1,0,-363.1026,-458.15964,133.6957,-0.013873903,0.0075254976,-0.011957942,4.1205277,4.0983334,2,37,1,0.9814393,1
54,32,0,0,0,0.0,0.0,0.0,0.0,0.0,0.0,2.4608958,2.4244444,2,-1,0,0.5716226,1
55,17,1,1,0,-22.555424,-280.25446,359.31113,-0.00871171,-0.003367772,0.00026877344,12.091361,11.555278,2,0,1,0.99999344,1
55,1,1,1,0,23.615181,-332.74063,307.39243,0.0046649515,-0.03857521,-0.0014287703,21.775244,0.82916665,2,1,1,0.9999788,1
55,1,1,0,0,23.615181,-332.74063,307.39243,0.0046649515,-0.03857521,-0.0014287703,19.785894,19.995556,2,-1,0,0.9999534,1
55,1,1,0,0,23.615181,-332.74063,307.39243,0.0046649515,-0.03857521,-0.0014287703,6.537632,6.798611,2,-1,0,0.99877006,1
55,24,1,1,0,31.153452,91.48022,74.568855,0.009919437,-0.0089492155,-0.0071333623,20.026619,15.393056,2,2,1,0.9832365,1
55,1,1,0,0,23.615181,-332.74063,307.39243,0.0046649515,-0.03857521,-0.0014287703,4.4140763,4.3744445,2,-1,0,0.97291064,1
55,16,1,0,0,-111.08932,-253.88501,90.16368,0.04026629,0.005332224,-0.029469507,12.312166,12.379167,2,-1,0,0.9797019,1
55,40,1,1,0,52.70663,358.54007,36.28146,0.013254871,0.003068559,-0.017332178,22.357521,22.723612,2,3,1,0.98179,1
55,21,0,0,0,0.0,0.0,0.0,0.0,0.0,0.0,2.608604,2.585,2,-1,0,0.50864375,1
55,26,1,0,0,83.84087,449.79938,152.54846,-0.03407946,-0.005970182,-0.005659065,13.973556,14.188611,2,-1,0,0.9958828,1
55,8,1,1,0,74.773125,-441.40158,162.37791,-0.0018594206,0.0140682,-0.023903297,22.26373,22.275278,2,4,1,0.9967859,1
55,8,1,0,0,74.773125,-441.40158,162.37791,-0.0018594206,0.0140682,-0.023903297,4.6698194,1.5580555,2,-1,0,0.9765069,1
55,8,1,0,0,74.773125,-441.40158,162.37791,-0.0018594206,0.0140682,-0.023903297,4.468042,4.3619447,2,-1,0,0.979323,1
55,26,1,1,0,83.84087,449.79938,152.54846,-0.03407946,-0.005970182,-0.005659065,23.001041,23.145277,2,-1,1,0.9994677,1
55,30,1,1,0,83.405594,562.4999,94.26202,-0.0064390567,-0.011813404,-0.028914232,17.55161,17.249722,2,5,1,0.9979639,1
55,30,1,0,0,83.405594,562.4999,94.26202,-0.0064390567,-0.011813404,-0.028914232,12.5448265,12.899167,2,-1,0,0.98464483,1
55,30,1,0,0,83.405594,562.4999,94.26202,-0.0064390567,-0.011813404,-0.028914232,3.5693402,3.3858333,2,-1,0,0.884796,1
55,26,1,0,0,83.84087,449.79938,152.54846,-0.03407946,-0.005970182,-0.005659065,4.712889,4.5816665,2,-1,0,0.987895,1
55,12,1,1,0,89.71922,497.50208,340.36453,-0.005132657,0.012817007,-0.012002078,21.143064,21.219166,2,6,1,0.9971123,1
55,7,1,1,0,94.30582,192.13503,339.00803,0.0033605925,0.0030513767,0.008525421,7.1829233,7.367778,2,7,1,0.9865139,1
55,16,1,1,0,-111.08932,-253.88501,90.16368,0.04026629,0.005332224,-0.029469507,39.969227,43.16083,2,8,1,0.99926394,1
55,29,1,1,0,117.8794,-407.59903,15.250619,-0.025560584,-0.009978053,-0.04514717,43.35817,43.304165,2,9,1,0.9989109,1
55,38,1,1,0,-120.494576,-587.9214,22.682503,-0.0022620845,-0.004851591,-0.021961424,11.940312,11.032778,2,10,1,0.9833262,1
55,38,1,0,0,-120.494576,-587.9214,22.682503,-0.0022620845,-0.004851591,-0.021961424,9.902194,9.841389,2,-1,0,0.9835736,1
55,31,1,1,0,-134.44696,505.56903,404.47928,-0.016528716,-0.008453629,-0.0063985335,20.999174,21.033333,2,11,1,0.99618924,1
55,5,1,1,0,-140.60771,208.2248,4.53252,-0.020759212,-0.029577343,0.0036876737,15.370611,4.8694444,2,12,1,0.99229974,1
55,33,1,1,0,144.85269,-564.5806,65.494705,0.011101971,-0.016316095,-0.014891706,22.131474,22.073334,2,13,1,0.9969285,1
55,13,1,1,0,144.3766,-397.9416,281.96417,0.0026117999,0.0010627962,-0.004106409,5.327139,5.2283335,2,14,1,0.9827649,1
55,33,1,0,0,144.85269,-564.5806,65.494705,0.011101971,-0.016316095,-0.014891706,5.728618,5.8908334,2,-1,0,0.94297546,1
55,39,1,1,0,-148.9609,87.202194,139.5499,-0.008844673,0.010757862,0.005745641,8.183389,8.016111,2,15,1,0.9922983,1
55,5,1,0,0,-140.60771,208.2248,4.53252,-0.020759212,-0.029577343,0.0036876737,10.32141,10.421389,2,-1,0,0.93788075,1
55,5,1,0,0,-140.60771,208.2248,4.53252,-0.020759212,-0.029577343,0.0036876737,10.567416,10.6461115,2,-1,0,0.9866387,1
55,10,1,1,0,-151.29933,506.70947,41.860027,0.0004992008,-0.007529815,0.00043196345,6.9149933,6.959722,2,16,1,0.9931498,1
55,14,1,1,0,156.21088,-521.4801,100.91583,-0.017473958,-0.01369448,-0.06407523,28.90809,28.89611,2,17,1,0.98840094,1
55,14,1,0,0,156.21088,-521.4801,100.91583,-0.017473958,-0.01369448,-0.06407523,22.824266,22.914722,2,-1,0,0.99770504,1
55,14,1,0,0,156.21088,-521.4801,100.91583,-0.017473958,-0.01369448,-0.06407523,9.070389,9.038055,2,-1,0,0.98939395,1
55,14,1,0,0,156.21088,-521.4801,100.91583,-0.017473958,-0.01369448,-0.06407523,5.8347287,5.747778,2,-1,0,0.9813417,1
55,37,1,1,0,156.51117,534.4911,207.51065,0.01782708,-0.009919266,-0.015299181,12.899409,12.8116665,2,18,1,0.983915,1
55,37,1,0,0,156.51117,534.4911,207.51065,0.01782708,-0.009919266,-0.015299181,6.8288755,6.7180557,2,-1,0,0.9611061,1
55,37,1,0,0,156.51117,534.4911,207.51065,0.01782708,-0.009919266,-0.015299181,3.3216457,3.1944444,2,-1,0,0.83848584,1
55,6,1,1,0,162.5508,187.7967,133.1229,-0.015286007,0.00033391442,0.008681807,16.030098,16.076666,2,19,1,0.9910717,1
55,6,1,0,0,162.5508,187.7967,133.1229,-0.015286007,0.00033391442,0.008681807,3.872021,3.783611,2,-1,0,0.9668323,1
55,39,1,0,0,-148.9609,87.202194,139.5499,-0.008844673,0.010757862,0.005745641,5.501403,5.356389,2,-1,0,0.95047927,1
55,23,1,1,0,184.25673,-566.66846,136.50105,-0.0088368505,0.01206923,0.008026249,17.847486,17.672777,2,20,1,0.99133086,1
55,28,1,1,0,-192.8054,446.45364,442.3449,-0.040899474,-0.0027063107,0.02056592,27.960009,34.093613,2,21,1,0.9995891,1
55,2,1,1,0,196.40619,6.274683,335.25098,-0.007810763,0.0002996718,-0.0014921335,8.583376,8.473889,2,22,1,0.98177665,1
55,32,1,1,0,210.64314,-354.8179,348.9877,-0.01483505,-0.013006703,-0.019049937,21.368195,21.315834,2,23,1,0.9797885,1
55,25,1,1,0,204.21205,-548.7839,322.965,0.0054135635,0.009502127,-0.018404195,17.74934,17.770277,2,24,1,0.9916752,1
55,32,1,0,0,210.64314,-354.8179,348.9877,-0.01483505,-0.013006703,-0.019049937,8.760417,7.7694445,2,-1,0,0.9936516,1
55,25,1,0,0,204.21205,-548.7839,322.965,0.0054135635,0.009502127,-0.018404195,5.243097,1.9338889,2,-1,0,0.9750743,1
55,28,1,0,0,-192.8054,446.45364,442.3449,-0.040899474,-0.0027063107,0.02056592,5.4842424,5.457778,2,-1,0,0.88879263,1
55,21,1,0,0,216.21065,529.2097,195.76169,0.0028990814,0.011394448,-0.030788854,6.8029447,6.7422223,2,-1,0,0.9941333,1
55,28,1,0,0,-192.8054,446.45364,442.3449,-0.040899474,-0.0027063107,0.02056592,3.631389,3.6166666,2,-1,0,0.9559883,1
55,21,1,0,0,216.21065,529.2097,195.76169,0.0028990814,0.011394448,-0.030788854,7.6156597,7.6383333,2,-1,0,0.98224217,1
55,21,1,0,0,216.21065,529.2097,195.76169,0.0028990814,0.011394448,-0.030788854,9.866346,8.575833,2,-1,0,0.99779475,1
55,34,1,1,0,-230.59036,-529.9102,298.23453,0.014584235,-0.02219024,-0.019302847,32.19528,32.06972,2,25,1,0.99979115,1
55,21,1,1,0,216.21065,529.2097,195.76169,0.0028990814,0.011394448,-0.030788854,16.964201,17.131945,2,26,1,0.99415827,1
55,22,1,1,0,237.13443,217.69025,11.091318,0.011231788,-0.019454848,0.007023024,12.806348,12.733611,2,27,1,0.99311054,1
55,22,1,0,0,237.13443,217.69025,11.091318,0.011231788,-0.019454848,0.007023024,8.937153,8.935278,2,-1,0,0.9874624,1
55,36,0,0,0,0.0,0.0,0.0,0.0,0.0,0.0,15.821424,-1.0,2,-1,0,0.9971756,1
55,4,1,1,0,249.76555,17.811193,379.08218,-0.021164032,-0.0051114266,-0.0120709855,21.766132,21.711666,2,28,1,0.89196205,1
55,18,1,1,0,263.04425,4.86862,96.26158,-0.029553508,-0.007068726,0.0002694391,30.099619,35.37639,2,29,1,0.99999976,1
55,35,1,0,0,-265.92667,128.84009,166.86084,-0.0056640636,0.011763582,-0.017645827,4.9489026,4.7188888,2,-1,0,0.9124839,1
55,35,1,1,0,-265.92667,128.84009,166.86084,-0.0056640636,0.011763582,-0.017645827,14.567097,12.356389,2,30,1,0.99533796,1
55,35,1,0,0,-265.92667,128.84009,166.86084,-0.0056640636,0.011763582,-0.017645827,7.2856874,7.3225,2,-1,0,0.9864719,1
55,3,1,1,0,-278.43466,-499.84958,406.7883,-0.023994163,0.000957478,-0.015018619,28.202888,28.079445,2,31,1,0.99934596,1
55,19,1,1,0,281.67346,153.29819,68.315216,0.017845508,-0.027140982,-0.0058452543,21.174173,21.238056,2,32,1,0.96298426,1
55,15,1,1,0,-292.94452,368.46378,149.52696,0.0053943167,-0.012456889,-0.012386289,19.059637,19.102222,2,33,1,0.9859584,1
55,27,1,1,0,-294.25964,-472.84717,37.4255,-0.005858834,0.015669586,-0.020268407,11.64432,11.756389,2,34,1,0.9941297,1
55,27,1,0,0,-294.25964,-472.84717,37.4255,-0.005858834,0.015669586,-0.020268407,6.3652496,6.3619447,2,-1,0,0.9907257,1
55,9,1,0,0,309.81744,-339.1599,87.33193,-0.03257701,-0.008783971,-0.021241263,10.779778,10.681666,2,-1,0,0.9940556,1
55,11,1,1,0,-314.43286,534.3316,349.49738,0.014649311,0.01416075,0.06736787,26.019756,26.337223,2,35,1,0.99857485,1
55,9,1,1,0,309.81744,-339.1599,87.33193,-0.03257701,-0.008783971,-0.021241263,25.029318,25.081944,2,36,1,0.9858115,1
55,11,1,0,0,-314.43286,534.3316,349.49738,0.014649311,0.01416075,0.06736787,5.3872294,5.3780556,2,-1,0,0.9768356,1
55,19,1,0,0,281.67346,153.29819,68.315216,0.017845508,-0.027140982,-0.0058452543,7.211917,7.3319445,2,-1,0,0.99312615,1
55,11,1,0,0,-314.43286,534.3316,349.49738,0.014649311,0.01416075,0.06736787,20.415966,20.310556,2,-1,0,0.99027073,1
55,20,1,1,0,-313.44855,-558.45654,445.7566,-0.01207008,-0.008925357,0.006381393,15.362992,14.633333,2,37,1,0.9062253,1
55,10,0,0,0,0.0,0.0,0.0,0.0,0.0,0.0,2.3311458,2.3780556,2,-1,0,0.5350379,1
56,29,1,0,0,22.574945,18.624743,413.84457,-0.021461835,-0.024127968,0.015002103,3.870326,4.027222,2,-1,0,0.9528846,1
56,3,0,0,0,0.0,0.0,0.0,0.0,0.0,0.0,2.9829025,2.8763888,2,-1,0,0.7489422,1
56,29,1,1,0,22.574945,18.624743,413.84457,-0.021461835,-0.024127968,0.015002103,14.817515,14.990556,2,0,1,0.99853194,1
56,12,1,1,0,25.66277,-472.53162,247.3822,-0.009499885,0.0015717656,0.0075641843,15.18734,14.4383335,2,1,1,0.9996433,1
56,31,1,1,0,-21.520258,-105.717316,76.120735,-0.0023525297,-0.011944982,-0.025554413,27.463806,27.169445,2,2,1,0.99872285,1
56,36,1,1,0,-33.813183,300.78046,276.4753,0.02420348,0.005614202,-0.009441796,10.845513,10.726389,2,4,1,0.983184,1
56,7,1,1,0,-29.826197,-378.60388,149.25418,-0.015786568,0.010488842,-0.009377776,20.208368,15.6425,2,5,1,0.9808819,1
56,28,1,1,0,-30.018843,-407.05273,316.10605,-0.03717258,-0.0020669145,0.017977979,34.26602,46.186943,2,6,1,0.98504233,1
56,36,1,0,0,-33.813183,300.78046,276.4753,0.02420348,0.005614202,-0.009441796,8.355862,8.470555,2,-1,0,0.9965482,1
56,7,1,0,0,-29.826197,-378.60388,149.25418,-0.015786568,0.010488842,-0.009377776,6.6234026,6.504722,2,-1,0,0.99710965,1
56,28,1,0,0,-30.018843,-407.05273,316.10605,-0.03717258,-0.0020669145,0.017977979,4.2466664,4.2330556,2,-1,0,0.93646395,1
56,35,0,0,0,0.0,0.0,0.0,0.0,0.0,0.0,22.397223,-1.0,2,-1,0,0.995077,1
56,8,1,0,0,48.438824,-471.74493,116.76081,0.027019437,-0.01631838,0.033445403,15.600743,10.769722,2,-1,0,0.9845542,1
56,36,1,0,0,-33.813183,300.78046,276.4753,0.02420348,0.005614202,-0.009441796,2.266389,2.126111,2,-1,0,0.6361268,1
56,21,1,1,0,50.69624,36.57186,12.883232,0.008877674,-0.013331066,-0.0059119193,18.628736,18.7075,2,7,1,0.9982211,1
56,8,1,0,0,48.438824,-471.74493,116.76081,0.027019437,-0.01631838,0.033445403,2.8712847,2.8402777,2,-1,0,0.71252793,1
56,23,1,1,0,-71.81428,-498.9528,269.85754,0.0046880953,0.0020507155,0.0074504106,8.628903,8.466389,2,8,1,0.9680396,1
56,8,1,1,0,48.438824,-471.74493,116.76081,0.027019437,-0.01631838,0.033445403,30.626759,30.335556,2,9,1,0.97330713,1
56,25,1,1,0,-87.242485,-83.27229,351.12894,0.0058668284,0.023232583,0.014097238,24.99225,24.743889,2,10,1,0.9958988,1
56,25,1,0,0,-87.242485,-83.27229,351.12894,0.0058668284,0.023232583,0.014097238,4.5827494,4.5525,2,-1,0,0.97462887,1
56,20,1,1,0,-105.205666,483.42407,253.0156,0.009196484,-0.01896302,0.0033107128,24.02232,24.117222,2,11,1,0.97561854,1
56,9,1,1,0,107.76669,153.29976,43.586002,-0.010131188,-0.013552413,-0.020308275,26.970472,26.574722,2,12,1,0.9974355,1
56,25,1,0,0,-87.242485,-83.27229,351.12894,0.0058668284,0.023232583,0.014097238,3.3544304,3.2641666,2,-1,0,0.7436742,1
56,33,1,0,0,-128.91653,285.852,458.70862,0.009702142,-0.016532717,-0.028168151,3.9070141,3.971111,2,-1,0,0.97824675,1
56,29,0,0,0,0.0,0.0,0.0,0.0,0.0,0.0,2.705,2.7930555,2,-1,0,0.51821613,1
56,30,1,1,0,-124.27097,-229.97559,13.900142,0.00865671,0.019531704,-0.002194297,12.4210415,10.57,2,13,1,0.99415565,1
56,25,1,0,0,-87.242485,-83.27229,351.12894,0.0058668284,0.023232583,0.014097238,3.7137568,3.6222222,2,-1,0,0.92322165,1
56,27,1,1,0,119.02247,219.96547,272.67838,-0.014768678,0.0014284098,-0.0051610935,15.452624,15.400278,2,14,1,0.9955786,1
56,30,1,0,0,-124.27097,-229.97559,13.900142,0.00865671,0.019531704,-0.002194297,11.247111,11.271667,2,-1,0,0.9472845,1
56,19,1,1,0,121.98848,199.11018,293.7333,0.0076444647,0.006677609,-0.015409216,20.293083,17.246666,2,15,1,0.9991757,1
56,33,1,1,0,-128.91653,285.852,458.70862,0.009702142,-0.016532717,-0.028168151,16.534931,14.253056,2,16,1,0.9969644,1
56,33,1,0,0,-128.91653,285.852,458.70862,0.009702142,-0.016532717,-0.028168151,12.668701,12.537222,2,-1,0,0.97581625,1
56,33,1,0,0,-128.91653,285.852,458.70862,0.009702142,-0.016532717,-0.028168151,4.0973754,4.146389,2,-1,0,0.9718357,1
56,15,1,1,0,-135.43582,-446.5764,94.651886,0.0066198837,-0.034569267,-0.0058872807,36.66861,36.809166,2,17,1,0.97993326,1
56,4,1,1,0,146.43517,-532.7973,231.18785,0.024491144,0.027427463,0.016243858,35.831062,35.76,2,18,1,0.99705267,1
56,3,1,0,0,157.51057,-461.2667,54.719814,-0.0033220912,0.02007926,-0.014952651,2.7803125,2.678611,2,-1,0,0.6047516,1
56,3,1,1,0,157.51057,-461.2667,54.719814,-0.0033220912,0.02007926,-0.014952651,16.221992,14.209444,2,19,1,0.99743986,1
56,3,1,0,0,157.51057,-461.2667,54.719814,-0.0033220912,0.02007926,-0.014952651,4.109,3.0927777,2,-1,0,0.9850251,1
56,16,1,0,0,-177.4118,299.3878,69.64321,0.013768233,-0.0007144399,-0.0039187763,3.8145003,3.8941667,2,-1,0,0.8324494,1
56,14,1,0,0,170.84384,-453.34686,138.71884,-0.0050646835,0.029168066,-0.026032561,7.908632,7.990556,2,-1,0,0.9927862,1
56,14,1,1,0,170.84384,-453.34686,138.71884,-0.0050646835,0.029168066,-0.026032561,21.056866,21.1125,2,20,1,0.99411136,1
56,14,1,0,0,170.84384,-453.34686,138.71884,-0.0050646835,0.029168066,-0.026032561,7.151451,7.223889,2,-1,0,0.9892903,1
56,13,1,0,0,168.91353,-103.87363,361.53342,0.0028710782,0.01607818,-0.0068398826,6.4255557,4.3827777,2,-1,0,0.98208773,1
56,14,1,0,0,170.84384,-453.34686,138.71884,-0.0050646835,0.029168066,-0.026032561,5.064,5.1180553,2,-1,0,0.9968092,1
56,13,1,1,0,168.91353,-103.87363,361.53342,0.0028710782,0.01607818,-0.0068398826,8.850521,8.7175,2,21,1,0.9901866,1
56,16,1,1,0,-177.4118,299.3878,69.64321,0.013768233,-0.0007144399,-0.0039187763,10.754555,10.468333,2,22,1,0.97173864,1
56,1,1,1,0,-178.11975,507.756,10.097674,-0.005045567,-0.00701574,-0.014092425,18.035952,18.012222,2,23,1,0.99038905,1
56,40,1,1,0,-184.55414,61.162262,108.76813,-0.015396626,0.009779207,-0.000468648,18.59404,7.4002776,2,24,1,0.98273283,1
56,18,1,1,0,190.84767,601.9008,425.48236,0.0059211277,-0.012778465,0.022576213,9.948548,10.003056,2,25,1,0.9225714,1
56,18,1,0,0,190.84767,601.9008,425.48236,0.0059211277,-0.012778465,0.022576213,4.963722,4.880833,2,-1,0,0.9849776,1
56,7,0,0,0,0.0,0.0,0.0,0.0,0.0,0.0,2.7123334,2.6788888,2,-1,0,0.7043226,1
56,2,1,1,0,225.43614,-599.3155,387.91602,-0.008396236,0.0041972557,-0.0029890628,9.296056,9.350555,2,26,1,0.98150456,1
56,39,0,0,0,0.0,0.0,0.0,0.0,0.0,0.0,11.527904,-1.0,2,-1,0,0.9896215,1
56,39,1,1,0,244.57188,-91.170395,235.80919,0.008199471,0.029138897,-0.019158997,10.065986,10.101944,2,-1,1,0.97703665,1
56,6,1,1,0,246.40562,227.56453,269.73236,0.0019648415,0.009062195,0.012802114,14.975812,14.595555,2,27,1,0.9935498,1
56,37,1,1,0,-261.19275,-98.85845,431.9229,0.01513726,0.018116273,0.017236464,18.581638,18.674166,2,28,1,0.9990017,1
56,2,0,0,0,0.0,0.0,0.0,0.0,0.0,0.0,4.524125,-1.0,2,-1,0,0.96153486,1
56,17,1,1,0,275.89856,213.85065,311.49948,-0.01849062,0.0017809641,0.0051358775,12.463494,12.325,2,29,1,0.96602905,1
56,17,1,0,0,275.89856,213.85065,311.49948,-0.01849062,0.0017809641,0.0051358775,5.9892015,5.9644446,2,-1,0,0.9424014,1
56,34,1,1,0,-307.20804,598.2186,388.42383,0.00958234,0.016655792,0.0026034082,5.16343,5.3055553,2,30,1,0.97561294,1
56,32,1,1,0,314.39114,-345.77982,376.64554,-0.010014771,0.013322885,0.00091025827,15.867063,15.890278,2,31,1,0.9561987,1
56,11,1,1,0,320.77454,-566.912,422.50568,0.008702014,0.018093942,0.014154579,22.143238,20.695555,2,32,1,0.9991067,1
56,38,1,1,0,327.84836,388.0969,412.27722,0.0050667976,0.00023024101,0.019693656,18.867264,18.928612,2,33,1,0.98881024,1
56,22,1,1,0,336.095,492.94815,457.04895,-0.0030396134,0.014825899,0.009556497,19.473276,19.2425,2,34,1,0.9994224,1
56,26,1,1,0,-357.54208,-575.2523,374.5084,-0.01664397,-0.0074565164,-0.03834738,22.061007,22.062222,2,35,1,0.9990833,1
56,10,1,1,0,363.16397,247.53125,161.8023,-0.02241463,-0.011098736,-0.0052893753,21.75575,21.749445,2,36,1,0.9858149,1
56,24,1,1,0,-361.7298,-478.30978,110.2006,0.007435524,-0.008811632,0.0017081219,10.864465,10.945556,2,37,1,0.9921157,1
57,11,1,1,0,12.391213,-65.969864,153.80876,-0.037417993,0.0038235702,-0.0048058033,24.15524,23.5325,2,-1,1,0.9274997,1
57,11,1,0,0,12.391213,-65.969864,153.80876,-0.037417993,0.0038235702,-0.0048058033,4.8607497,4.858333,2,-1,0,0.99155223,1
57,40,1,1,0,-3.5575686,551.34296,146.4836,0.01650967,-0.014258483,-0.034579992,9.026403,9.056666,2,0,1,0.96715117,1
57,40,1,0,0,-3.5575686,551.34296,146.4836,0.01650967,-0.014258483,-0.034579992,7.951618,7.5852776,2,-1,0,0.99890554,1
57,32,1,0,0,69.02936,-265.88763,376.22205,-0.010149064,0.0021552336,-0.010054253,3.889722,3.9027777,2,-1,0,0.7883522,1
57,33,1,1,0,34.09473,-168.27824,73.08104,-0.0009140087,-0.008353003,0.0007629121,9.310119,7.8097224,2,1,1,0.9917278,1
57,12,1,1,0,40.433376,239.27713,246.13368,0.011617186,-0.0060260035,-0.00020763026,13.891612,11.795834,2,2,1,0.9084182,1
57,27,1,0,0,-65.56646,414.22125,24.545294,0.01943673,0.0069000283,0.014082924,6.024292,5.8855557,2,-1,0,0.99571866,1
57,12,1,0,0,40.433376,239.27713,246.13368,0.011617186,-0.0060260035,-0.00020763026,4.0566807,4.0572224,2,-1,0,0.9940375,1
57,16,1,1,0,-57.42274,-12.752731,241.11926,-0.0062434673,-0.026602678,0.038353667,26.194614,25.909445,2,3,1,0.9940719,1
57,16,1,0,0,-57.42274,-12.752731,241.11926,-0.0062434673,-0.026602678,0.038353667,14.431394,14.579722,2,-1,0,0.98553616,1
57,16,1,0,0,-57.42274,-12.752731,241.11926,-0.0062434673,-0.026602678,0.038353667,5.3436317,5.1691666,2,-1,0,0.9956155,1
57,27,1,1,0,-65.56646,414.22125,24.545294,0.01943673,0.0069000283,0.014082924,20.227596,20.025,2,4,1,0.9998672,1
57,27,1,0,0,-65.56646,414.22125,24.545294,0.01943673,0.0069000283,0.014082924,11.203201,11.1825,2,-1,0,0.98756534,1
57,16,1,0,0,-57.42274,-12.752731,241.11926,-0.0062434673,-0.026602678,0.038353667,6.187882,6.1744447,2,-1,0,0.98882616,1
57,32,1,1,0,69.02936,-265.88763,376.22205,-0.010149064,0.0021552336,-0.010054253,8.278632,8.331111,2,5,1,0.97563523,1
57,36,1,1,0,-105.88523,-167.34888,27.689236,-0.009250667,0.0005005665,0.005732243,14.519757,14.358055,2,6,1,0.87832296,1
57,39,1,1,0,-116.30523,-527.8534,350.61557,-0.009367948,0.002538547,0.011633669,10.602931,10.609722,2,7,1,0.97855806,1
57,28,1,1,0,122.05511,-395.37677,272.63367,-0.0017141455,-0.015561513,-0.0011214503,12.651069,12.665556,2,8,1,0.9965515,1
57,17,1,1,0,124.428444,337.885,445.9847,-0.002750236,-0.01171589,-0.01042111,17.784674,18.488333,2,9,1,0.99962914,1
57,30,1,1,0,-126.5432,-203.73477,166.77554,0.0067738006,0.009033761,-0.00078035856,13.4962435,7.0469446,2,10,1,0.993594,1
57,24,1,1,0,132.61745,151.3646,327.16635,-0.0024848857,0.0038275297,-0.0010803599,4.8362155,4.874722,2,11,1,0.99086356,1
57,3,1,1,0,-135.56392,280.375,376.3827,-0.020808505,0.0033397274,0.01026896,21.451452,21.356112,2,12,1,0.98919106,1
57,23,1,1,0,-144.67334,-135.51738,339.7133,-0.019011466,0.011016132,-0.0065618283,17.202341,17.051666,2,13,1,0.995704,1
57,3,1,0,0,-135.56392,280.375,376.3827,-0.020808505,0.0033397274,0.01026896,3.7461252,3.3,2,-1,0,0.8268419,1
57,23,1,0,0,-144.67334,-135.51738,339.7133,-0.019011466,0.011016132,-0.0065618283,7.115653,7.0480556,2,-1,0,0.98216474,1
57,37,1,1,0,152.94934,-311.37454,115.93661,0.009524865,-0.0056048026,-0.006616454,15.302778,11.990833,2,14,1,0.98021644,1
57,14,1,1,0,-154.48845,-510.02695,309.64493,-0.00074065337,0.0020421848,0.017815582,16.190027,16.318611,2,15,1,0.9965178,1
57,9,1,1,0,-157.39124,-34.734997,405.1823,0.00028461491,-0.011098623,0.005966108,12.21518,10.802778,2,16,1,0.97991794,1
57,20,1,1,0,-160.86446,142.14394,66.55038,-0.00022222238,0.013716146,-0.01161692,21.7022,21.8775,2,17,1,0.99518573,1
57,22,1,0,0,176.91113,-183.20331,170.56647,-0.033211067,0.009529215,0.013147644,6.302257,6.4547224,2,-1,0,0.9811664,1
57,22,1,1,0,176.91113,-183.20331,170.56647,-0.033211067,0.009529215,0.013147644,25.771654,25.707222,2,18,1,0.9984578,1
57,10,1,1,0,175.60464,547.5999,306.5752,-0.011696391,0.023671577,-0.009296444,20.29032,20.316944,2,19,1,0.974672,1
57,1,1,1,0,183.58017,318.38364,352.64774,0.007409793,0.0002333712,-0.017977413,17.533098,17.587223,2,20,1,0.9664501,1
57,13,1,1,0,193.9814,-401.85995,384.51935,0.0047567664,0.014417865,0.0036715101,16.2667,16.348055,2,21,1,0.9919008,1
57,6,1,1,0,-195.18571,536.968,114.99056,-0.011879573,0.023994088,0.01627521,18.151348,18.139723,2,22,1,0.9907945,1
57,6,1,0,0,-195.18571,536.968,114.99056,-0.011879573,0.023994088,0.01627521,13.233209,13.235,2,-1,0,0.9992299,1
57,29,1,0,0,236.64731,-159.83304,439.19473,-0.010393171,-0.018446729,0.010919291,3.4969234,3.33,2,-1,0,0.8483393,1
57,25,1,0,0,252.80493,52.819885,389.10175,-0.025084112,-0.0053568203,-0.021264726,3.4521039,3.3480556,2,-1,0,0.7963923,1
57,7,1,1,0,217.32532,-265.9793,460.77777,-0.0024701792,-0.0031188214,-0.0061971825,12.777658,9.776111,2,23,1,0.9802168,1
57,2,1,1,0,-224.68811,362.02344,400.6338,-0.0056945845,0.0031537071,0.0020998125,6.885986,5.391667,2,24,1,0.98503816,1
57,29,1,1,0,236.64731,-159.83304,439.19473,-0.010393171,-0.018446729,0.010919291,11.05884,11.181389,2,25,1,0.9994616,1
57,21,1,1,0,235.79478,55.458214,337.2305,-0.017797614,0.0072472724,0.028416928,28.965612,28.836666,2,26,1,0.99860054,1
57,29,1,0,0,236.64731,-159.83304,439.19473,-0.010393171,-0.018446729,0.010919291,7.6567154,7.737222,2,-1,0,0.976695,1
57,21,1,0,0,235.79478,55.458214,337.2305,-0.017797614,0.0072472724,0.028416928,2.8862083,2.8225,2,-1,0,0.7803962,1
57,25,1,1,0,252.80493,52.819885,389.10175,-0.025084112,-0.0053568203,-0.021264726,27.227285,27.124722,2,27,1,0.9791759,1
57,31,1,1,0,259.5067,539.54834,166.49385,0.0065394416,8.822763e-05,-0.0026823266,6.4925346,6.4875,2,28,1,0.996329,1
57,18,1,1,0,-267.12912,267.0575,249.23979,-0.011913199,0.00808118,0.027236251,24.706814,24.617777,2,29,1,0.9957653,1
57,19,1,1,0,-285.23242,-189.90018,36.671917,-0.0015885697,0.01392602,0.020890705,26.691013,22.931667,2,30,1,0.9953169,1
57,26,1,1,0,-288.0679,-316.28653,72.36381,0.0010830631,0.014483646,0.0059850267,17.008904,16.24,2,31,1,0.97271997,1
57,15,1,1,0,296.8593,-137.26096,14.518061,-0.0075469594,0.0039866986,-0.03317567,21.140182,21.096945,2,32,1,0.9946295,1
57,38,1,0,0,357.64517,495.97192,202.12193,-0.03104579,-0.0074688694,-0.0056245695,6.241062,6.2363887,2,-1,0,0.97700775,1
57,38,1,0,0,357.64517,495.97192,202.12193,-0.03104579,-0.0074688694,-0.0056245695,3.6010282,3.7416666,2,-1,0,0.97747314,1
57,5,1,1,0,305.981,520.16797,418.6148,-0.0033352887,0.011498118,0.008440854,14.266403,14.295,2,33,1,0.99548954,1
57,19,1,0,0,-285.23242,-189.90018,36.671917,-0.0015885697,0.01392602,0.020890705,4.2224793,4.2808332,2,-1,0,0.96652603,1
57,4,1,0,0,-329.67648,110.60292,378.44,0.008040717,0.011991673,-0.007419444,3.2074723,3.1275,2,-1,0,0.9343682,1
57,4,1,1,0,-329.67648,110.60292,378.44,0.008040717,0.011991673,-0.007419444,12.29082,12.473056,2,34,1,0.9834607,1
57,38,1,1,0,357.64517,495.97192,202.12193,-0.03104579,-0.0074688694,-0.0056245695,18.908009,19.039167,2,35,1,0.99722207,1
57,35,1,1,0,355.9863,-507.33563,163.12479,0.022244025,0.007747866,-0.009138906,14.741645,12.354722,2,36,1,0.94427395,1
57,8,1,1,0,361.67667,454.04596,289.00974,0.0048748143,-0.010866344,0.004032133,7.5156946,7.557778,2,37,1,0.96667683,1
57,8,1,0,0,361.67667,454.04596,289.00974,0.0048748143,-0.010866344,0.004032133,3.5463612,2.3547223,2,-1,0,0.95909345,1
58,2,0,1,0,-9.9469595,275.9844,83.75007,0.017023891,-0.004018352,0.017744185,19.034258,18.483612,2,0,1,0.98239446,1
58,2,1,0,0,-9.9469595,275.9844,83.75007,0.017023891,-0.004018352,0.017744185,6.0508885,5.9980555,2,-1,0,0.98583037,1
58,3,1,0,0,16.833694,419.89288,444.87817,-0.012964072,0.006692207,-0.034665987,15.580667,15.246111,2,-1,0,0.9982237,1
58,3,1,1,0,16.833694,419.89288,444.87817,-0.012964072,0.006692207,-0.034665987,33.83809,26.100555,2,1,1,0.99986637,1
58,11,1,1,0,5.6783314,373.77167,450.45755,0.0042651114,0.010507274,0.0031627933,8.558361,8.564445,2,2,1,0.97468364,1
58,21,1,1,0,36.7718,-483.14072,292.45187,0.0053521413,-0.0006918762,0.014073772,12.143791,11.6175,2,3,1,0.9957151,1
58,21,1,0,0,36.7718,-483.14072,292.45187,0.0053521413,-0.0006918762,0.014073772,5.0128613,4.9652777,2,-1,0,0.99732566,1
58,38,1,1,0,-41.506584,126.92743,435.61685,-0.017120477,-0.008684173,0.0076020625,22.49284,22.385,2,4,1,0.989035,1
58,39,1,1,0,-50.579025,413.35535,457.26773,0.0065819477,-0.014860562,0.007626646,13.745966,13.683056,2,5,1,0.9636762,1
58,2,1,0,0,-9.9469595,275.9844,83.75007,0.017023891,-0.004018352,0.017744185,4.7209377,4.7480555,2,-1,0,0.9877887,1
58,29,1,0,0,62.750553,-401.81534,138.02469,-0.006979649,-0.012355375,0.0027366183,5.31684,5.1905556,2,-1,0,0.9955123,1
58,29,1,1,0,62.750553,-401.81534,138.02469,-0.006979649,-0.012355375,0.0027366183,13.933847,13.950277,2,6,1,0.9539527,1
58,2,1,0,0,-9.9469595,275.9844,83.75007,0.017023891,-0.004018352,0.017744185,6.5056663,6.3344445,2,-1,0,0.97609955,1
58,10,1,1,0,62.392464,-399.9476,194.734,0.0008677411,0.0022196188,-0.022814054,21.869062,21.973055,2,7,1,0.9680384,1
58,40,1,1,0,65.49664,445.006,351.07574,-0.004339166,-0.010704797,0.0043946067,13.898763,13.400278,2,8,1,0.9996275,1
58,31,1,0,0,-99.22306,-325.62704,316.3898,-0.008769393,-0.011003937,0.015466774,2.834618,2.8994443,2,-1,0,0.5939826,1
58,24,1,1,0,-83.24853,168.0634,451.55243,-0.008486457,-0.019871233,-0.00064837385,21.787966,21.489166,2,9,1,0.9873162,1
58,6,1,1,0,-96.82231,-433.7266,444.4224,0.0060420157,0.0005664166,-0.0052980464,9.369375,9.2722225,2,10,1,0.9631266,1
58,31,1,1,0,-99.22306,-325.62704,316.3898,-0.008769393,-0.011003937,0.015466774,21.709618,22.029722,2,11,1,0.9977943,1
58,15,1,1,0,112.47537,265.30927,150.41728,-0.0024675357,0.003174247,-0.011694748,9.6710005,4.7327776,2,12,1,0.99511045,1
58,5,0,0,0,0.0,0.0,0.0,0.0,0.0,0.0,15.049728,-1.0,2,-1,0,0.95507,1
58,25,1,1,0,-123.56365,-388.0328,149.3266,-0.023529349,0.012409524,-0.018269071,16.499853,16.391945,2,13,1,0.99889433,1
58,18,1,0,0,133.43036,434.79327,293.6391,-0.009813915,-0.024788257,0.00031646472,2.9175417,2.9880555,2,-1,0,0.5970242,1
58,25,1,0,0,-123.56365,-388.0328,149.3266,-0.023529349,0.012409524,-0.018269071,16.561277,16.40639,2,-1,0,0.96980256,1
58,18,1,0,0,133.43036,434.79327,293.6391,-0.009813915,-0.024788257,0.00031646472,9.517014,9.47,2,-1,0,0.998961,1
58,13,1,1,0,-132.27965,357.6111,392.82797,-0.0065059755,-0.00851428,-0.010390536,14.864236,12.2425,2,14,1,0.9819801,1
58,18,1,1,0,133.43036,434.79327,293.6391,-0.009813915,-0.024788257,0.00031646472,20.122194,19.813334,2,15,1,0.99517834,1
58,13,1,0,0,-132.27965,357.6111,392.82797,-0.0065059755,-0.00851428,-0.010390536,5.4263334,5.284167,2,-1,0,0.9798134,1
58,4,1,1,0,-142.4733,585.2831,122.27911,-0.0034459375,0.013181264,-0.0060959808,15.162777,9.2825,2,16,1,0.9915359,1
58,14,1,1,0,150.59631,111.2911,75.651535,-0.0036484331,0.0041844025,-0.0073055043,8.196257,8.274445,2,17,1,0.9440253,1
58,9,1,0,0,-175.99934,274.5845,253.84866,-0.013816134,-0.01885048,0.014225115,15.307729,12.920555,2,-1,0,0.98266625,1
58,9,1,1,0,-175.99934,274.5845,253.84866,-0.013816134,-0.01885048,0.014225115,16.160917,15.9675,2,18,1,0.9838244,1
58,36,1,1,0,-187.20364,-60.646294,24.49089,-0.001138125,0.009930575,0.020944841,12.7942295,12.751945,2,19,1,0.9955419,1
58,36,1,0,0,-187.20364,-60.646294,24.49089,-0.001138125,0.009930575,0.020944841,6.431007,6.4630556,2,-1,0,0.9816845,1
58,22,1,0,0,273.04965,20.869904,431.03452,-0.007446506,0.006373416,0.01752289,6.028,6.009444,2,-1,0,0.9703583,1
58,37,1,1,0,-211.0242,535.33,13.088303,-0.010783516,0.0014905637,0.015808584,19.528673,19.561111,2,20,1,0.98647946,1
58,32,1,1,0,-215.22151,471.3823,441.14694,0.012461987,0.007009726,0.03464504,35.02067,35.121666,2,21,1,0.9978143,1
58,23,1,1,0,213.97597,-184.67488,440.45404,0.0126390355,-3.6583964e-07,-0.019331418,25.742123,22.965279,2,22,1,0.94796395,1
58,1,1,0,0,-217.75284,-577.10815,95.86904,-0.0058861277,0.022019984,-0.003982612,6.666042,6.7330556,2,-1,0,0.9760181,1
58,7,0,0,0,0.0,0.0,0.0,0.0,0.0,0.0,25.007666,-1.0,2,-1,0,0.9924206,1
58,8,1,0,0,227.59854,-514.2035,84.560265,0.007731053,-0.020265866,-0.007541319,6.129368,6.2730556,2,-1,0,0.9800894,1
58,35,1,0,0,228.51921,-54.76108,291.74246,-0.00054222683,-0.009155354,-0.013069749,2.9520626,2.883889,2,-1,0,0.6703312,1
58,1,1,1,0,-217.75284,-577.10815,95.86904,-0.0058861277,0.022019984,-0.003982612,15.276695,15.425278,2,23,1,0.9949807,1
58,28,1,0,0,238.45638,-285.57944,113.03756,0.014040351,-0.0018414801,-0.0008916025,3.355611,3.3097222,2,-1,0,0.9280971,1
58,8,1,1,0,227.59854,-514.2035,84.560265,0.007731053,-0.020265866,-0.007541319,13.698881,5.9252777,2,24,1,0.9659472,1
58,35,1,1,0,228.51921,-54.76108,291.74246,-0.00054222683,-0.009155354,-0.013069749,8.619028,8.714723,2,25,1,0.99402946,1
58,8,1,0,0,227.59854,-514.2035,84.560265,0.007731053,-0.020265866,-0.007541319,7.686889,7.5536113,2,-1,0,0.9846368,1
58,28,1,1,0,238.45638,-285.57944,113.03756,0.014040351,-0.0018414801,-0.0008916025,13.692653,6.949167,2,26,1,0.98852694,1
58,33,1,1,0,248.2992,160.55005,254.98015,0.008200221,0.0109387515,-0.0047124773,12.478917,12.281944,2,28,1,0.9943889,1
58,20,1,1,0,254.44765,-255.48549,288.68945,0.012848313,0.003081185,0.020636622,22.989296,23.215279,2,29,1,0.9898725,1
58,33,1,0,0,248.2992,160.55005,254.98015,0.008200221,0.0109387515,-0.0047124773,2.9669583,2.9325,2,-1,0,0.8833018,1
58,12,1,0,0,270.9586,-368.07092,108.18807,-0.015617089,-0.013852522,0.00022711973,3.825611,3.843611,2,-1,0,0.9571542,1
58,34,1,1,0,266.1783,25.479015,306.5656,-0.004274824,-0.027176943,0.0024592022,25.242048,25.664722,2,30,1,0.9979876,1
58,12,1,1,0,270.9586,-368.07092,108.18807,-0.015617089,-0.013852522,0.00022711973,12.921785,12.801389,2,31,1,0.9044638,1
58,12,1,0,0,270.9586,-368.07092,108.18807,-0.015617089,-0.013852522,0.00022711973,8.199875,8.156111,2,-1,0,0.9936886,1
58,22,1,1,0,273.04965,20.869904,431.03452,-0.007446506,0.006373416,0.01752289,11.977326,12.013611,2,32,1,0.95340425,1
58,17,1,1,0,296.57474,519.6796,29.679567,0.014221197,-0.013673982,0.018211888,26.693111,26.6225,2,33,1,0.9999132,1
58,30,1,0,0,362.60226,140.75989,93.499245,-0.002346319,-0.005051152,-0.008982562,4.890917,4.9097223,2,-1,0,0.98010784,1
58,5,1,1,0,-379.91232,-451.43152,216.93132,-0.008065632,-0.009751944,0.010695145,5.238333,5.151389,2,34,1,0.95804274,1
58,30,1,1,0,362.60226,140.75989,93.499245,-0.002346319,-0.005051152,-0.008982562,6.304257,6.372778,2,35,1,0.8358951,1
58,39,0,0,0,0.0,0.0,0.0,0.0,0.0,0.0,2.6532016,2.5502777,2,-1,0,0.735686,1
59,30,1,1,0,-12.758667,574.4257,206.66864,0.0126554845,-0.025760155,-0.0066609327,14.513779,14.598611,2,0,1,0.9994406,1
59,30,1,0,0,-12.758667,574.4257,206.66864,0.0126554845,-0.025760155,-0.0066609327,3.2294235,3.1888888,2,-1,0,0.76495695,1
59,30,1,0,0,-12.758667,574.4257,206.66864,0.0126554845,-0.025760155,-0.0066609327,13.259945,13.170555,2,-1,0,0.9991092,1
59,30,1,0,0,-12.758667,574.4257,206.66864,0.0126554845,-0.025760155,-0.0066609327,4.0189443,3.8836112,2,-1,0,0.93993616,1
59,9,1,1,0,-13.780439,-303.44504,252.26888,-0.020626212,0.027454745,0.024284879,53.580082,47.37528,2,1,1,0.9999999,1
59,8,1,1,0,37.05579,-308.18567,46.539207,-0.015742376,0.0060364716,0.007096518,12.75893,13.031667,2,2,1,0.98677474,1
59,14,1,1,0,-30.629705,301.3723,224.54955,-0.020459514,-0.01353307,-0.016007254,18.03771,15.257778,2,3,1,0.97711754,1
59,14,1,0,0,-30.629705,301.3723,224.54955,-0.020459514,-0.01353307,-0.016007254,6.879972,7.052778,2,-1,0,0.95117295,1
59,8,1,0,0,37.05579,-308.18567,46.539207,-0.015742376,0.0060364716,0.007096518,4.483354,4.5666666,2,-1,0,0.9258999,1
59,12,1,1,0,38.72044,300.29077,374.2912,-0.0013063253,0.020057783,0.0029902176,19.470625,19.4525,2,4,1,0.9943462,1
59,28,0,0,0,0.0,0.0,0.0,0.0,0.0,0.0,9.87293,-1.0,2,-1,0,0.992323,1
59,32,1,0,0,70.09883,-355.7935,327.33347,0.00046644415,-0.013688408,-0.019743638,6.5475,6.672222,2,-1,0,0.9804993,1
59,26,1,1,0,56.67689,214.20833,242.8538,0.008149471,0.0020723294,0.010094809,15.048264,15.315833,2,5,1,0.9926547,1
59,28,0,0,0,0.0,0.0,0.0,0.0,0.0,0.0,4.121195,-1.0,2,-1,0,0.8630089,1
59,10,1,1,0,69.0232,-303.34305,386.81766,0.015938615,0.022487404,-0.0010912328,23.129625,23.012777,2,6,1,0.99753463,1
59,32,1,1,0,70.09883,-355.7935,327.33347,0.00046644415,-0.013688408,-0.019743638,17.31381,17.364721,2,7,1,0.8951157,1
59,6,1,1,0,-72.468056,-499.89932,153.50668,-0.0026065316,0.009001495,-0.028361186,18.15548,18.0975,2,8,1,0.99780625,1
59,32,1,0,0,70.09883,-355.7935,327.33347,0.00046644415,-0.013688408,-0.019743638,4.027222,4.1205554,2,-1,0,0.9314628,1
59,1,1,1,0,-73.310265,-6.7819767,395.8073,-0.014320535,-0.011831137,0.003184349,22.448826,22.449722,2,9,1,0.9992754,1
59,6,1,0,0,-72.468056,-499.89932,153.50668,-0.0026065316,0.009001495,-0.028361186,14.506825,14.630278,2,-1,0,0.9962978,1
59,31,1,1,0,89.566185,59.528847,130.96645,-0.022781515,0.0074971896,0.026488222,36.01089,35.880554,2,10,1,0.9984687,1
59,35,1,1,0,-102.15234,-595.84436,406.23108,0.020351112,-0.024752581,-0.005133669,14.126041,13.9163885,2,11,1,0.9962245,1
59,40,0,0,0,0.0,0.0,0.0,0.0,0.0,0.0,2.9168403,2.8519444,2,-1,0,0.6002095,1
59,6,0,0,0,0.0,0.0,0.0,0.0,0.0,0.0,2.8296666,2.8408334,2,-1,0,0.5275491,1
59,27,1,1,0,-133.20848,-12.895715,382.238,0.014057122,0.025600646,0.0032700547,29.841967,29.750278,2,12,1,0.99997354,1
59,4,1,1,0,-135.12117,16.139706,57.50037,-0.016085843,-0.0022426639,-0.00603252,8.975175,9.010278,2,13,1,0.9949572,1
59,4,1,0,0,-135.12117,16.139706,57.50037,-0.016085843,-0.0022426639,-0.00603252,8.810166,8.734445,2,-1,0,0.9776572,1
59,38,1,1,0,-159.23373,-148.72702,456.83536,-0.020921009,-0.003905298,0.009859969,18.89366,12.912222,2,14,1,0.98440963,1
59,38,1,0,0,-159.23373,-148.72702,456.83536,-0.020921009,-0.003905298,0.009859969,3.5966942,3.528889,2,-1,0,0.9477004,1
59,33,1,1,0,193.4506,28.348042,127.6894,-0.0013745716,-0.0088542765,-0.021815237,10.808327,10.806945,2,15,1,0.94826937,1
59,33,1,0,0,193.4506,28.348042,127.6894,-0.0013745716,-0.0088542765,-0.021815237,10.595979,10.775,2,-1,0,0.9854116,1
59,37,1,0,0,245.11172,-218.15935,316.45825,-0.018812606,-0.017616194,-0.015094985,5.3320203,5.3169446,2,-1,0,0.97555304,1
59,29,1,1,0,219.61717,-499.19196,298.1633,0.008213343,0.00718517,-0.03131186,29.467617,29.630556,2,16,1,0.99889153,1
59,20,1,0,0,-218.8508,-590.111,392.417,-0.0031708889,0.019980561,0.019803096,11.336846,9.962222,2,-1,0,0.9993661,1
59,20,1,1,0,-218.8508,-590.111,392.417,-0.0031708889,0.019980561,0.019803096,16.963522,17.323334,2,17,1,0.99650216,1
59,29,1,0,0,219.61717,-499.19196,298.1633,0.008213343,0.00718517,-0.03131186,6.435743,3.6944444,2,-1,0,0.9772569,1
59,39,1,0,0,229.02388,-475.5989,414.3433,-0.009305079,-0.014174884,0.009136242,9.153347,9.284445,2,-1,0,0.98696077,1
59,39,1,1,0,229.02388,-475.5989,414.3433,-0.009305079,-0.014174884,0.009136242,9.645563,9.765,2,18,1,0.9803961,1
59,5,1,1,0,-229.03978,98.466515,54.654064,0.010330732,-0.019015225,-0.008781019,22.164515,22.3,2,19,1,0.99900615,1
59,25,1,1,0,-231.44453,-250.36247,313.60535,0.007951982,0.0015569407,0.004170734,8.677778,8.829445,2,20,1,0.9730618,1
59,37,1,0,0,245.11172,-218.15935,316.45825,-0.018812606,-0.017616194,-0.015094985,10.138729,10.038333,2,-1,0,0.98001856,1
59,2,1,1,0,240.74713,106.874245,283.13016,0.022536114,-0.0017822821,0.0061320127,19.81184,19.827223,2,21,1,0.9754141,1
59,7,1,0,0,242.26402,-530.0357,285.03485,0.0031516661,0.0077768485,0.011927134,5.2193475,5.234722,2,-1,0,0.99682367,1
59,37,1,1,0,245.11172,-218.15935,316.45825,-0.018812606,-0.017616194,-0.015094985,12.447042,12.631945,2,22,1,0.9766094,1
59,37,1,0,0,245.11172,-218.15935,316.45825,-0.018812606,-0.017616194,-0.015094985,3.9620557,3.9441667,2,-1,0,0.98644453,1
59,22,1,1,0,255.79076,384.19177,318.72424,-0.012358364,-0.0016137322,-0.0033887972,10.690833,10.775833,2,23,1,0.9747684,1
59,16,1,1,0,257.3742,427.75983,443.4748,-0.012211756,-0.0036888397,-0.0064759497,13.522806,13.590555,2,24,1,0.982482,1
59,22,1,0,0,255.79076,384.19177,318.72424,-0.012358364,-0.0016137322,-0.0033887972,3.0879097,3.0980556,2,-1,0,0.7147171,1
59,13,1,1,0,266.74133,-61.762535,235.71153,-0.012532153,0.004080645,-0.0031942197,12.206209,9.457222,2,26,1,0.9074982,1
59,7,1,1,0,242.26402,-530.0357,285.03485,0.0031516661,0.0077768485,0.011927134,8.281299,8.337778,2,27,1,0.9804228,1
59,17,1,0,0,269.39807,-427.50452,316.84607,0.007239911,-0.0041962685,0.009210235,3.7016804,3.7247221,2,-1,0,0.93574417,1
59,21,1,1,0,268.38678,448.4728,178.7142,-0.0047411514,0.0009596493,0.0011226913,4.5296946,4.608333,2,28,1,0.9846334,1
59,17,1,1,0,269.39807,-427.50452,316.84607,0.007239911,-0.0041962685,0.009210235,11.628355,11.095555,2,29,1,0.9914225,1
59,24,1,0,0,313.8747,221.77206,220.03836,0.01905342,0.0059556323,-0.004163374,3.2864165,3.2438889,2,-1,0,0.9449111,1
59,18,1,1,0,302.59756,-519.8353,179.02824,0.010529278,-0.002062161,0.004614224,11.670555,7.0736113,2,30,1,0.98706585,1
59,19,1,1,0,-305.4117,-354.74094,27.946484,0.002050345,0.021817671,-0.025095243,23.29247,23.196388,2,31,1,0.9867324,1
59,19,1,0,0,-305.4117,-354.74094,27.946484,0.002050345,0.021817671,-0.025095243,4.4237704,4.41,2,-1,0,0.9643386,1
59,24,1,0,0,313.8747,221.77206,220.03836,0.01905342,0.0059556323,-0.004163374,6.138785,6.083889,2,-1,0,0.9911823,1
59,12,0,0,0,0.0,0.0,0.0,0.0,0.0,0.0,2.8033748,2.8247223,2,-1,0,0.56959766,1
59,24,1,1,0,313.8747,221.77206,220.03836,0.01905342,0.0059556323,-0.004163374,10.172972,10.192778,2,32,1,0.98448735,1
59,3,1,1,0,324.4085,527.7925,344.81866,-0.0011938444,-0.017047912,0.0036855533,13.815604,13.774722,2,33,1,0.99986315,1
59,23,1,1,0,324.44727,-538.0842,5.712501,0.002071198,0.016662305,-0.010036338,19.523617,17.078611,2,34,1,0.98882246,1
59,23,1,0,0,324.44727,-538.0842,5.712501,0.002071198,0.016662305,-0.010036338,4.0294514,3.8669446,2,-1,0,0.9630465,1
59,11,1,1,0,-340.27908,379.22144,328.34448,0.008946057,0.016695699,-0.021370443,21.799084,22.03389,2,35,1,0.99827516,1
59,11,1,0,0,-340.27908,379.22144,328.34448,0.008946057,0.016695699,-0.021370443,3.1425138,3.172778,2,-1,0,0.51000875,1
59,34,1,1,0,-349.0917,284.8083,99.04971,0.007643354,0.010007441,0.010977947,18.310104,18.322222,2,36,1,0.99361175,1
59,40,1,1,0,-349.75287,-46.159637,352.27362,-0.03308478,-0.02363597,0.023072919,19.523457,15.874444,2,37,1,0.9627511,1
59,40,1,0,0,-349.75287,-46.159637,352.27362,-0.03308478,-0.02363597,0.023072919,16.993979,17.154722,2,-1,0,0.9578735,1
59,3,1,0,0,324.4085,527.7925,344.81866,-0.0011938444,-0.017047912,0.0036855533,5.788465,5.9191666,2,-1,0,0.99974614,1
59,3,1,0,0,376.63876,514.42676,428.95847,-0.0011938444,-0.017047912,0.0036855533,3.6090624,3.528889,2,-1,0,0.9450907,1
60,20,1,1,0,7.751761,-58.642357,368.86835,-0.024775576,-0.0026112858,-0.006715635,8.179389,8.133056,2,0,1,0.9538357,1
60,34,1,1,0,3.809216,555.26117,111.20083,0.00711033,0.0027566482,0.02422484,3.2835,3.2133334,2,1,1,0.7574652,1
60,17,1,1,0,11.405202,566.2267,326.54633,0.012611499,0.0060321065,-0.00441311,17.054598,17.071945,2,2,1,0.98947,1
60,15,1,1,0,-23.647041,68.03719,114.29563,0.024229284,0.005230101,0.026071988,36.52218,41.185276,2,3,1,0.99996877,1
60,8,1,0,0,56.836525,540.93207,260.5672,-0.003369803,0.0015078619,0.024377648,8.248528,8.385834,2,-1,0,0.99224263,1
60,24,1,0,0,-34.61565,-359.8956,346.7729,0.01334334,0.008183364,-0.01001261,10.075874,9.821667,2,-1,0,0.9990716,1
60,24,1,1,0,-34.61565,-359.8956,346.7729,0.01334334,0.008183364,-0.01001261,11.881152,11.712222,2,4,1,0.9981022,1
60,5,1,1,0,-34.453705,190.38005,118.28791,0.0007434366,-0.0036788248,-0.009828957,10.248014,9.980833,2,5,1,0.9881196,1
60,16,1,0,0,-37.10346,-374.91574,456.4684,-0.0011415307,-0.002216821,0.02442736,5.2851043,5.165278,2,-1,0,0.99472106,1
60,16,1,1,0,-37.10346,-374.91574,456.4684,-0.0011415307,-0.002216821,0.02442736,17.860535,18.075556,2,6,1,0.9994547,1
60,37,1,1,0,-40.440926,463.89548,413.44986,0.010543441,-0.0176705,-0.0038318501,21.08123,20.532778,2,7,1,0.99669653,1
60,37,1,0,0,-40.440926,463.89548,413.44986,0.010543441,-0.0176705,-0.0038318501,5.0597916,4.946111,2,-1,0,0.99522626,1
60,24,1,0,0,-34.61565,-359.8956,346.7729,0.01334334,0.008183364,-0.01001261,3.497146,3.5983334,2,-1,0,0.606595,1
60,29,1,1,0,60.584103,-79.73895,287.04437,-0.01393652,0.006225756,-0.0030779727,11.124416,10.509444,2,8,1,0.87351215,1
60,8,1,1,0,56.836525,540.93207,260.5672,-0.003369803,0.0015078619,0.024377648,14.625937,14.413611,2,9,1,0.9961514,1
60,8,1,0,0,56.836525,540.93207,260.5672,-0.003369803,0.0015078619,0.024377648,5.858597,5.897222,2,-1,0,0.97128683,1
60,13,1,1,0,-58.105953,522.66516,351.75455,-0.028923316,-0.0015471507,-0.0049076816,17.231348,14.153889,2,10,1,0.9996115,1
60,6,1,1,0,11.006491,126.44132,294.65295,-0.0050606565,-0.01778249,-0.007851997,3.3193614,3.3183334,2,11,1,0.89763814,1
60,29,1,0,0,60.584103,-79.73895,287.04437,-0.01393652,0.006225756,-0.0030779727,5.859097,5.9666667,2,-1,0,0.9711822,1
60,10,1,1,0,-65.55644,71.977295,169.63908,-0.024822768,-0.0073965155,-5.3948246e-05,9.274305,9.201111,2,12,1,0.98355585,1
60,5,1,0,0,-34.453705,190.38005,118.28791,0.0007434366,-0.0036788248,-0.009828957,6.554764,6.393611,2,-1,0,0.74145806,1
60,10,1,0,0,-65.55644,71.977295,169.63908,-0.024822768,-0.0073965155,-5.3948246e-05,7.5530763,7.453889,2,-1,0,0.96539694,1
60,12,1,1,0,77.41659,448.19095,256.97443,0.012614611,-0.01204996,-0.0041209375,17.135166,17.376389,2,13,1,0.981365,1
60,10,1,0,0,-65.55644,71.977295,169.63908,-0.024822768,-0.0073965155,-5.3948246e-05,6.5886664,6.533889,2,-1,0,0.9871633,1
60,10,1,0,0,-65.55644,71.977295,169.63908,-0.024822768,-0.0073965155,-5.3948246e-05,6.494646,6.5608335,2,-1,0,0.96956784,1
60,19,0,0,0,0.0,0.0,0.0,0.0,0.0,0.0,2.8106596,2.4033334,2,-1,0,0.58334357,1
60,30,1,1,0,87.69085,281.97116,340.31085,-0.017225489,0.0047295536,-6.683282e-05,19.322083,19.279722,2,14,1,0.9955702,1
60,31,0,0,0,0.0,0.0,0.0,0.0,0.0,0.0,3.094111,3.0447223,2,-1,0,0.76620835,1
60,7,1,1,0,91.282425,436.76532,312.47092,-0.011439429,0.018320147,-0.00913368,27.81478,20.277222,2,15,1,0.999022,1
60,13,1,0,0,-58.105953,522.66516,351.75455,-0.028923316,-0.0015471507,-0.0049076816,8.680487,8.445,2,-1,0,0.9877145,1
60,27,1,1,0,-101.71427,305.8568,313.61285,-0.023091933,0.006731124,0.013782422,29.505798,29.545279,2,16,1,0.99939656,1
60,13,1,0,0,-58.105953,522.66516,351.75455,-0.028923316,-0.0015471507,-0.0049076816,5.5077085,5.458611,2,-1,0,0.92659193,1
60,40,1,1,0,118.92475,-112.15399,250.88884,0.005397724,-0.010146707,0.008625677,9.832007,9.880278,2,17,1,0.9755127,1
60,23,0,0,0,0.0,0.0,0.0,0.0,0.0,0.0,2.9839587,2.9444444,2,-1,0,0.66118413,1
60,39,1,1,0,132.08066,-302.73584,191.2243,0.002713811,-0.010388581,-0.0037341698,13.20741,12.969444,2,18,1,0.99597776,1
60,22,1,0,0,154.20091,322.5447,255.40771,-0.011093782,0.0020657447,0.01646511,3.6477501,3.6630557,2,-1,0,0.9491247,1
60,22,1,1,0,154.20091,322.5447,255.40771,-0.011093782,0.0020657447,0.01646511,16.071835,16.023611,2,19,1,0.9818933,1
60,33,1,1,0,-155.93932,312.5258,100.37449,0.005504622,0.024813483,-0.022892738,36.227703,36.408333,2,20,1,0.99871975,1
60,35,1,1,0,-155.01718,-107.152016,158.98425,-0.0068938513,-0.023763718,0.005648821,22.960918,22.835833,2,21,1,0.9962375,1
60,35,1,0,0,-155.01718,-107.152016,158.98425,-0.0068938513,-0.023763718,0.005648821,4.4253683,4.501389,2,-1,0,0.98456895,1
60,25,1,0,0,260.72742,-183.0621,456.93246,-0.026507258,-0.008407026,0.0010275764,6.8238335,6.7680554,2,-1,0,0.9597953,1
60,32,1,1,0,217.2168,417.46237,207.14961,-0.019867046,0.014595588,-0.0038166419,24.903048,25.081667,2,22,1,0.9779683,1
60,1,1,1,0,-214.31035,-109.8213,113.99991,-0.025122356,0.001972254,0.0006965214,24.438444,24.57611,2,23,1,0.97719723,1
60,6,0,0,0,0.0,0.0,0.0,0.0,0.0,0.0,22.732695,0.4025,2,-1,0,0.99527854,1
60,14,1,1,0,-217.49608,-74.86029,437.83142,0.0037619916,-0.0025766145,-0.004990058,5.5826807,5.455278,2,24,1,0.978327,1
60,4,1,1,0,-224.60068,521.49054,47.591568,-0.014611021,0.0048152157,0.0044026445,16.196827,16.149445,2,25,1,0.9966826,1
60,9,1,1,0,-251.91136,110.977425,412.5093,0.0073884064,0.012948706,-0.0075637936,9.532347,5.003611,2,26,1,0.9978521,1
60,25,1,1,0,260.72742,-183.0621,456.93246,-0.026507258,-0.008407026,0.0010275764,19.889124,20.021944,2,27,1,0.99993217,1
60,23,1,1,0,267.58453,-44.795128,144.78236,-0.022701293,-0.0071856678,0.020120254,30.140852,32.197224,2,28,1,0.6958998,1
60,2,1,1,0,-266.93857,587.868,121.73331,0.015641728,0.0009854691,0.0051654293,15.693785,15.691112,2,29,1,0.96526474,1
60,38,1,1,0,280.77783,-417.81467,389.40396,-0.013463231,-0.014438055,0.012041882,22.09909,20.920279,2,30,1,0.9455116,1
60,11,1,1,0,-288.58096,-425.8746,34.161285,0.023873493,0.00191843,-0.00050645537,23.850786,23.7375,2,31,1,0.9998089,1
60,21,1,0,0,-311.36874,-525.3964,197.42928,0.0120333,0.013052738,-0.031370047,4.414194,4.3575,2,-1,0,0.9779172,1
60,11,1,0,0,-288.58096,-425.8746,34.161285,0.023873493,0.00191843,-0.00050645537,2.999236,2.95,2,-1,0,0.92582035,1
60,26,1,1,0,291.54904,-295.9182,88.867325,-0.0089348685,0.0061045964,-0.019518169,21.353674,21.4575,2,32,1,0.9579749,1
60,19,1,1,0,-293.42676,570.7228,290.99063,0.011595308,0.0051624817,0.0037560225,8.84248,8.8475,2,33,1,0.9817708,1
60,19,1,0,0,-293.42676,570.7228,290.99063,0.011595308,0.0051624817,0.0037560225,6.6886177,6.548333,2,-1,0,0.9934395,1
60,3,1,1,0,299.5279,97.822716,80.89644,0.003520176,0.0026288903,0.0055672573,7.1639585,4.6586113,2,34,1,0.97866035,1
60,21,1,0,0,-311.36874,-525.3964,197.42928,0.0120333,0.013052738,-0.031370047,8.69634,8.648056,2,-1,0,0.98226964,1
60,21,1,1,0,-311.36874,-525.3964,197.42928,0.0120333,0.013052738,-0.031370047,21.298437,21.303888,2,35,1,0.9996807,1
60,36,1,1,0,-321.84253,-504.79047,249.64348,-0.004474843,0.008572804,-0.010574705,6.4810557,6.692222,2,36,1,0.98064774,1
60,36,1,0,0,-321.84253,-504.79047,249.64348,-0.004474843,0.008572804,-0.010574705,3.6779308,3.6761112,2,-1,0,0.97562146,1
60,31,1,1,0,-343.19305,-294.38422,442.68234,0.014769135,0.013981087,0.004177583,20.902,21.004723,2,37,1,0.9986759,1
60,18,1,1,0,-355.69073,315.28192,435.9705,-0.027359452,0.054811638,-0.023256011,46.90395,46.913055,2,38,1,0.9911698,1
60,28,1,1,0,-356.16412,347.8228,79.00679,-0.01127606,0.029847037,-0.020978112,22.114069,21.795834,2,39,1,0.9895215,1
60,18,1,0,0,-355.69073,315.28192,435.9705,-0.027359452,0.054811638,-0.023256011,7.38866,7.475278,2,-1,0,0.9919342,1
61,20,1,1,0,18.541002,504.1177,149.99084,-0.00085798255,0.0049232016,0.005462737,8.708889,8.981667,2,0,1,0.9999052,1
61,20,1,0,0,18.541002,504.1177,149.99084,-0.00085798255,0.0049232016,0.005462737,4.5420556,4.503611,2,-1,0,0.9722815,1
61,3,0,0,0,0.0,0.0,0.0,0.0,0.0,0.0,3.1177778,2.9647222,2,-1,0,0.52114826,1
61,9,1,1,0,-35.894287,-23.908192,438.6572,0.041901566,-0.0013061062,0.04933174,52.663036,60.836388,2,1,1,0.99996984,1
61,21,1,1,0,42.0739,-565.57605,87.47626,-0.0035009424,-0.0154821165,0.0038832047,13.95339,9.299167,2,2,1,0.99643683,1
61,23,1,1,0,-58.213844,390.439,323.5759,0.007946995,-0.017762335,0.016568286,30.568012,30.27861,2,3,1,0.9951796,1
61,11,1,0,0,-86.63507,293.90128,117.90655,0.047451723,0.048485946,0.029655462,24.48586,24.184723,2,-1,0,0.999841,1
61,11,1,0,0,-86.63507,293.90128,117.90655,0.047451723,0.048485946,0.029655462,9.272423,9.314722,2,-1,0,0.95335245,1
61,11,1,0,0,-86.63507,293.90128,117.90655,0.047451723,0.048485946,0.029655462,4.7924166,4.7008333,2,-1,0,0.9878014,1
61,33,1,1,0,71.18941,-108.356255,377.7014,-0.014194732,-0.0060298136,-0.012654781,20.300833,20.215,2,4,1,0.9943297,1
61,1,1,0,0,102.07952,380.8673,344.60425,-0.022535283,-0.031214388,0.024612205,7.5194373,7.576667,2,-1,0,0.9899129,1
61,1,1,0,0,102.07952,380.8673,344.60425,-0.022535283,-0.031214388,0.024612205,4.1984377,4.2005553,2,-1,0,0.8230227,1
61,11,1,1,0,-86.63507,293.90128,117.90655,0.047451723,0.048485946,0.029655462,37.985287,38.17611,2,5,1,0.99854267,1
61,1,1,1,0,102.07952,380.8673,344.60425,-0.022535283,-0.031214388,0.024612205,31.82954,31.9875,2,6,1,0.99949765,1
61,13,1,1,0,-98.89882,-59.233112,333.0886,0.0046331636,-0.020883298,-0.0063968436,26.589624,27.085278,2,7,1,0.9980696,1
61,31,1,0,0,106.80937,113.666885,413.2032,0.013698663,-0.02187051,-0.010662756,10.484501,5.2130556,2,-1,0,0.9858038,1
61,31,1,1,0,106.80937,113.666885,413.2032,0.013698663,-0.02187051,-0.010662756,13.088451,13.068055,2,8,1,0.9968111,1
61,31,1,0,0,106.80937,113.666885,413.2032,0.013698663,-0.02187051,-0.010662756,3.313597,3.273611,2,-1,0,0.8747942,1
61,19,1,1,0,111.39887,36.128796,402.8042,0.017547853,-0.021268409,-0.0049855784,21.82264,21.757778,2,9,1,0.9999993,1
61,19,1,0,0,111.39887,36.128796,402.8042,0.017547853,-0.021268409,-0.0049855784,10.3689375,10.392222,2,-1,0,0.9897739,1
61,17,1,0,0,-135.70299,563.988,256.90134,-0.0064268117,-0.0206205,-0.00014588397,5.0550623,4.902222,2,-1,0,0.9877858,1
61,39,1,0,0,133.25925,-122.72915,397.31512,0.010280518,-0.031713042,-0.022055019,2.8641458,2.8736112,2,-1,0,0.7647279,1
61,39,1,0,0,133.25925,-122.72915,397.31512,0.010280518,-0.031713042,-0.022055019,19.726221,14.851111,2,-1,0,0.9958686,1
61,39,1,1,0,133.25925,-122.72915,397.31512,0.010280518,-0.031713042,-0.022055019,20.317007,20.402222,2,10,1,0.9930876,1
61,17,1,1,0,-135.70299,563.988,256.90134,-0.0064268117,-0.0206205,-0.00014588397,25.42875,1.5133333,2,11,1,0.98767173,1
61,15,1,0,0,141.42818,426.57358,215.14902,0.020643972,-0.038577575,-0.032243855,8.798313,8.690278,2,-1,0,0.9728555,1
61,15,1,1,0,141.42818,426.57358,215.14902,0.020643972,-0.038577575,-0.032243855,38.41185,38.083057,2,12,1,0.99187875,1
61,40,1,1,0,149.84435,207.36922,11.362538,-0.005200122,-0.0031162747,-0.0037265294,8.741722,8.180555,2,13,1,0.9916114,1
61,12,1,0,0,157.97958,219.03183,261.98206,-0.018243354,0.009933377,-0.016934512,4.0886874,4.1302776,2,-1,0,0.9272938,1
61,12,1,1,0,157.97958,219.03183,261.98206,-0.018243354,0.009933377,-0.016934512,24.069952,24.335833,2,14,1,0.9735503,1
61,5,1,0,0,-170.15536,-180.54979,382.79648,0.007383421,0.017401855,0.0016336646,3.7440624,3.6497223,2,-1,0,0.91973644,1
61,39,1,0,0,133.25925,-122.72915,397.31512,0.010280518,-0.031713042,-0.022055019,3.9138124,3.9305556,2,-1,0,0.87509197,1
61,6,1,1,0,164.78789,-1.4463503,459.4111,-0.0004566753,-0.033606857,0.003694152,5.9658265,6.0547223,2,15,1,0.95128834,1
61,15,1,0,0,141.42818,426.57358,215.14902,0.020643972,-0.038577575,-0.032243855,7.002208,6.928056,2,-1,0,0.9901467,1
61,5,1,1,0,-170.15536,-180.54979,382.79648,0.007383421,0.017401855,0.0016336646,18.582174,17.654167,2,16,1,0.99977374,1
61,22,1,1,0,-178.77919,-545.5044,368.91165,-0.010519999,0.019668264,-0.02883997,30.339336,30.504444,2,17,1,0.9663489,1
61,22,1,0,0,-178.77919,-545.5044,368.91165,-0.010519999,0.019668264,-0.02883997,6.6958055,6.5880556,2,-1,0,0.9832156,1
61,10,1,1,0,192.264,-331.02798,35.478836,-0.009162676,-0.016115138,0.0012963102,19.934813,19.911388,2,18,1,0.9977729,1
61,14,1,1,0,198.72682,-107.76278,434.32162,0.006929972,-0.00055730884,0.022387257,18.922743,18.91639,2,19,1,0.9320111,1
61,14,1,0,0,198.72682,-107.76278,434.32162,0.006929972,-0.00055730884,0.022387257,4.302562,3.2280555,2,-1,0,0.98825103,1
61,34,1,1,0,208.88235,355.74252,400.38757,0.0037167293,0.009271699,-0.0064372276,12.00768,12.155,2,20,1,0.99911433,1
61,15,0,0,0,0.0,0.0,0.0,0.0,0.0,0.0,2.9646945,2.848611,2,-1,0,0.5724851,1
61,16,1,0,0,-242.83685,169.48293,37.50486,0.01879647,-0.0009677964,0.0082336655,10.163785,10.17,2,-1,0,0.9319081,1
61,16,1,1,0,-242.83685,169.48293,37.50486,0.01879647,-0.0009677964,0.0082336655,11.052451,11.078889,2,21,1,0.97498226,1
61,28,1,0,0,-249.59045,317.32672,93.20498,0.03370974,-0.018085886,-0.019723222,8.506166,8.538611,2,-1,0,0.979419,1
61,28,1,1,0,-249.59045,317.32672,93.20498,0.03370974,-0.018085886,-0.019723222,31.107473,30.966389,2,22,1,0.90283,1
61,8,1,1,0,-245.38953,20.939106,312.7831,-0.01503114,0.009756245,-0.010680565,18.28487,18.259445,2,23,1,0.9772703,1
61,25,1,1,0,250.37357,407.25403,416.73917,-0.0027240405,-0.013949183,0.015085256,17.611979,17.449722,2,24,1,0.9982285,1
61,8,1,0,0,-245.38953,20.939106,312.7831,-0.01503114,0.009756245,-0.010680565,4.7530766,0.8413889,2,-1,0,0.9611889,1
61,35,1,1,0,257.00415,-112.85768,326.4344,0.010412722,0.0064284657,-0.004815665,11.568737,11.575,2,25,1,0.9759459,1
61,9,0,0,0,0.0,0.0,0.0,0.0,0.0,0.0,2.969632,2.8844445,2,-1,0,0.6401338,1
61,37,1,1,0,272.49252,-559.2426,344.1215,-0.018404229,0.01905782,-0.01143357,28.135517,28.17361,2,26,1,0.9707624,1
61,3,1,0,0,298.47147,374.51532,411.16248,-0.012715842,0.0006288864,-0.02240065,3.0352638,3.0341666,2,-1,0,0.97176486,1
61,32,1,1,0,-282.67273,-279.23325,454.45316,-0.016272964,-0.02185861,-0.013206181,11.715694,11.751667,2,27,1,0.9717534,1
61,32,1,0,0,-282.67273,-279.23325,454.45316,-0.016272964,-0.02185861,-0.013206181,5.1609373,5.2258334,2,-1,0,0.98295146,1
61,24,1,1,0,-283.94736,320.61914,261.6697,-0.0082686795,0.0030167657,-0.0005639964,8.160501,4.0433335,2,28,1,0.9635146,1
61,3,1,1,0,298.47147,374.51532,411.16248,-0.012715842,0.0006288864,-0.02240065,21.840021,22.038055,2,29,1,0.98842514,1
61,7,1,1,0,-305.35526,-253.49168,396.72827,0.01280087,-0.01280618,0.015726628,23.832222,23.703611,2,30,1,0.9996426,1
61,32,1,0,0,-282.67273,-279.23325,454.45316,-0.016272964,-0.02185861,-0.013206181,3.1505277,3.1083333,2,-1,0,0.890435,1
61,38,1,1,0,305.5046,449.5365,151.35481,-0.004392475,-0.0052357926,0.0017576132,6.846889,6.802778,2,31,1,0.9835321,1
61,38,1,0,0,305.5046,449.5365,151.35481,-0.004392475,-0.0052357926,0.0017576132,3.4235418,3.458611,2,-1,0,0.95464224,1
61,30,1,1,0,312.79538,382.2178,44.53865,0.008663065,0.007900281,-0.012815498,13.473917,10.3025,2,32,1,0.9935863,1
61,36,1,0,0,-321.86572,281.208,61.173164,0.009643037,-0.023536487,-0.01400194,6.8578753,6.9583335,2,-1,0,0.98245704,1
61,29,0,0,0,0.0,0.0,0.0,0.0,0.0,0.0,8.521493,-1.0,2,-1,0,0.9777369,1
61,36,1,0,0,-321.86572,281.208,61.173164,0.009643037,-0.023536487,-0.01400194,8.22591,8.221389,2,-1,0,0.9954555,1
61,4,1,0,0,-335.90692,248.62766,265.6644,0.022690458,0.004704869,-0.0061984863,6.997806,7.119167,2,-1,0,0.9889746,1
61,36,1,1,0,-321.86572,281.208,61.173164,0.009643037,-0.023536487,-0.01400194,13.746563,13.620833,2,33,1,0.98743975,1
61,27,1,0,0,-342.94495,-527.91785,439.53232,0.013591189,-0.026131516,-0.0015565311,4.541972,4.538611,2,-1,0,0.9933134,1
61,32,1,0,0,-282.67273,-279.23325,454.45316,-0.016272964,-0.02185861,-0.013206181,9.431493,9.369445,2,-1,0,0.9948985,1
61,4,1,1,0,-335.90692,248.62766,265.6644,0.022690458,0.004704869,-0.0061984863,15.815597,15.745833,2,34,1,0.9884015,1
61,26,1,0,0,333.97943,98.57036,101.882324,0.009999545,-0.002895102,-0.0047509377,4.5327225,2.3422222,2,-1,0,0.9911147,1
61,26,1,1,0,333.97943,98.57036,101.882324,0.009999545,-0.002895102,-0.0047509377,6.750194,6.6527777,2,35,1,0.9772644,1
61,27,1,1,0,-342.94495,-527.91785,439.53232,0.013591189,-0.026131516,-0.0015565311,25.071735,24.940556,2,36,1,0.9999771,1
61,18,1,1,0,347.58438,176.48589,267.37988,-0.008088278,0.021476327,0.00342307,22.69862,22.599167,2,37,1,0.99812776,1
61,2,1,1,0,352.5075,460.68036,392.82236,0.0027420227,-0.01603636,-0.0052394806,17.252235,12.973889,2,38,1,0.9866311,1
62,9,0,0,0,-41.632248,-86.41753,150.83432,-0.01571789,0.00031070577,0.01260653,3.292236,3.172778,2,-1,0,0.6337532,1
62,4,1,1,0,-8.252443,94.406136,123.27324,-0.012665507,0.0011067784,-0.006015747,17.713814,17.815834,2,0,1,0.97734874,1
62,14,1,1,0,-2.5999074,584.7255,389.39243,-0.0070330054,-0.009560507,-0.006077897,4.888007,4.8813887,2,1,1,0.99623185,1
62,26,0,0,0,0.0,0.0,0.0,0.0,0.0,0.0,18.408499,-1.0,2,-1,0,0.9908604,1
62,12,1,1,0,-19.89502,465.00708,366.7526,0.00042987528,-0.012411058,-0.0014690026,15.425813,6.794722,2,2,1,0.9903791,1
62,3,1,0,0,-30.857578,-439.46634,459.76804,0.027240459,-0.016088735,-0.0042845034,10.433201,10.425555,2,-1,0,0.97057253,1
62,3,1,1,0,-30.857578,-439.46634,459.76804,0.027240459,-0.016088735,-0.0042845034,29.219957,29.603056,2,4,1,0.92540896,1
62,26,1,1,0,37.85518,35.864613,211.43837,-0.010500933,-0.032728177,0.00047364848,17.184778,17.243055,2,5,1,0.99074453,1
62,39,1,0,0,-36.534084,189.44899,438.333,-0.012191895,0.016296986,0.00475803,9.556917,0.25611112,2,-1,0,0.9751193,1
62,11,1,0,0,-37.266743,472.69797,382.14642,-0.014302503,0.0012261573,-0.030822398,3.5640626,2.2716668,2,-1,0,0.86140364,1
62,11,1,1,0,-37.266743,472.69797,382.14642,-0.014302503,0.0012261573,-0.030822398,16.195986,13.505278,2,6,1,0.9670223,1
62,11,1,0,0,-37.266743,472.69797,382.14642,-0.014302503,0.0012261573,-0.030822398,10.35168,10.403611,2,-1,0,0.9566526,1
62,9,1,1,0,-41.632248,-86.41753,150.83432,-0.01571789,0.00031070577,0.01260653,16.017395,16.068333,2,7,1,0.99234915,1
62,9,1,0,0,-41.632248,-86.41753,150.83432,-0.01571789,0.00031070577,0.01260653,5.834521,5.9819446,2,-1,0,0.9986324,1
62,39,1,1,0,-36.534084,189.44899,438.333,-0.012191895,0.016296986,0.00475803,12.833854,13.039722,2,8,1,0.99154776,1
62,11,1,0,0,-37.266743,472.69797,382.14642,-0.014302503,0.0012261573,-0.030822398,9.471326,9.587222,2,-1,0,0.97138715,1
62,1,1,1,0,-53.42675,-534.8578,401.50278,-0.009378915,0.03531881,0.027322806,14.953501,12.450833,2,9,1,0.9821317,1
62,1,1,0,0,-53.42675,-534.8578,401.50278,-0.009378915,0.03531881,0.027322806,9.531042,9.588056,2,-1,0,0.9925074,1
62,1,1,0,0,-53.42675,-534.8578,401.50278,-0.009378915,0.03531881,0.027322806,11.654021,11.743055,2,-1,0,0.9842784,1
62,1,1,0,0,-53.42675,-534.8578,401.50278,-0.009378915,0.03531881,0.027322806,5.633868,5.5077777,2,-1,0,0.9856735,1
62,1,1,0,0,-53.42675,-534.8578,401.50278,-0.009378915,0.03531881,0.027322806,5.439722,5.536111,2,-1,0,0.9942315,1
62,36,1,1,0,66.60123,-308.8271,65.48382,0.011544238,0.00672746,-0.014041956,19.011827,19.075556,2,10,1,0.99902296,1
62,33,1,1,0,77.20069,239.90471,431.34207,-0.021356177,0.011063827,-0.00013108365,28.36349,28.303612,2,11,1,0.9580591,1
62,25,1,1,0,87.4099,70.19373,13.314923,0.0055810562,-0.0019667668,-0.005560639,8.504424,8.476111,2,12,1,0.99537385,1
62,25,1,0,0,87.4099,70.19373,13.314923,0.0055810562,-0.0019667668,-0.005560639,4.107493,4.2605557,2,-1,0,0.9909128,1
62,30,1,1,0,-93.99951,442.6679,269.92633,0.0019021914,-0.0015743595,0.002820711,4.0505557,4.0080557,2,13,1,0.9884862,1
62,32,1,1,0,95.17094,31.290443,144.26405,0.0013578585,-5.957062e-06,-0.017577823,18.610632,18.028889,2,14,1,0.9983398,1
62,1,1,0,0,-53.42675,-534.8578,401.50278,-0.009378915,0.03531881,0.027322806,6.1817846,6.0125,2,-1,0,0.98964465,1
62,24,1,0,0,-123.54956,-178.06732,402.28317,0.011178845,0.0033043323,-0.004845625,2.7248335,2.7308333,2,-1,0,0.7363493,1
62,32,0,0,0,0.0,0.0,0.0,0.0,0.0,0.0,3.1154792,-1.0,2,-1,0,0.87763834,1
62,31,0,0,0,0.0,0.0,0.0,0.0,0.0,0.0,5.9825835,-1.0,2,-1,0,0.99238175,1
62,24,1,1,0,-123.54956,-178.06732,402.28317,0.011178845,0.0033043323,-0.004845625,14.092534,14.103611,2,15,1,0.9990415,1
62,27,1,1,0,-123.58712,-414.2274,133.10408,-0.0102378875,-0.02198718,0.008873702,14.374514,14.53,2,16,1,0.9836201,1
62,40,1,1,0,-124.568924,424.79172,268.7635,0.0041783177,-0.00066231546,0.0011997777,4.473597,4.4202776,2,17,1,0.95685095,1
62,17,1,1,0,123.78895,448.84906,361.0214,0.032367423,0.020034306,-0.008312358,32.479164,41.168888,2,18,1,0.9975721,1
62,27,1,0,0,-123.58712,-414.2274,133.10408,-0.0102378875,-0.02198718,0.008873702,14.102418,14.097777,2,-1,0,0.99951506,1
62,16,1,0,0,139.68883,254.6572,159.153,-0.010123273,0.016226167,0.014779867,6.746965,4.648611,2,-1,0,0.9626119,1
62,16,1,1,0,139.68883,254.6572,159.153,-0.010123273,0.016226167,0.014779867,14.979154,15.177222,2,19,1,0.9862309,1
62,16,1,0,0,139.68883,254.6572,159.153,-0.010123273,0.016226167,0.014779867,4.874778,4.8044443,2,-1,0,0.99523807,1
62,34,1,0,0,175.9529,-24.079426,263.25647,-0.01311613,0.0130913025,0.016044784,3.3941808,3.37,2,-1,0,0.9247453,1
62,29,1,1,0,161.67912,-218.13605,284.65128,-0.009544577,-0.0052706837,-0.007851499,14.827541,14.770833,2,20,1,0.99628806,1
62,18,1,1,0,170.54646,-120.6819,370.6646,-0.0011344117,0.008482868,-0.010589546,12.097765,11.984167,2,21,1,0.9857313,1
62,8,1,1,0,-171.0081,-431.8707,7.6826344,0.0030280303,0.010954099,-0.013912798,18.488346,18.509445,2,22,1,0.9977914,1
62,34,1,1,0,175.9529,-24.079426,263.25647,-0.01311613,0.0130913025,0.016044784,18.168299,17.990833,2,23,1,0.9076801,1
62,38,1,1,0,-189.42557,143.21938,256.30966,0.022957006,0.018787246,-0.0066574905,32.620117,32.378056,2,24,1,0.92846286,1
62,13,0,0,0,0.0,0.0,0.0,0.0,0.0,0.0,10.339069,-1.0,2,-1,0,0.99899155,1
62,22,1,1,0,196.44629,388.134,448.1631,0.002632753,-0.014156944,-0.0045785788,13.993944,8.1775,2,25,1,0.9934956,1
62,5,1,1,0,206.21693,-279.75632,7.99969,-0.00079915125,0.02131576,0.0019473042,20.184416,20.186111,2,26,1,0.942213,1
62,10,1,1,0,-210.49074,-109.44102,117.64068,0.0009471443,-0.008757958,-0.0016886678,9.298611,9.435278,2,27,1,0.98726624,1
62,23,1,0,0,224.41345,575.7593,200.15262,0.0053116144,-0.004677547,-0.02808511,5.6196246,5.514167,2,-1,0,0.98719734,1
62,23,1,1,0,224.41345,575.7593,200.15262,0.0053116144,-0.004677547,-0.02808511,18.11702,17.947222,2,28,1,0.96874285,1
62,23,1,0,0,224.41345,575.7593,200.15262,0.0053116144,-0.004677547,-0.02808511,4.6589165,3.4944444,2,-1,0,0.9788055,1
62,15,1,1,0,-232.27368,-485.7355,414.22925,-0.0050558494,-0.0009484098,0.0065029273,6.741223,6.7727776,2,29,1,0.9650212,1
62,2,1,0,0,-238.85626,-433.98828,383.32562,0.023279391,0.0045746085,0.015068638,11.2115755,11.176945,2,-1,0,0.98343706,1
62,2,1,1,0,-238.85626,-433.98828,383.32562,0.023279391,0.0045746085,0.015068638,15.952785,15.850833,2,30,1,0.99904436,1
62,6,1,1,0,235.18369,231.88824,449.78348,0.007428227,-0.001809375,0.018298147,16.10157,16.085,2,31,1,0.99654716,1
62,15,1,0,0,-232.27368,-485.7355,414.22925,-0.0050558494,-0.0009484098,0.0065029273,3.872208,3.8255556,2,-1,0,0.9903162,1
62,37,1,1,0,266.41653,364.0148,39.823017,0.01859459,-0.012577221,-0.003036742,16.817846,16.778055,2,32,1,0.9282725,1
62,37,1,0,0,266.41653,364.0148,39.823017,0.01859459,-0.012577221,-0.003036742,6.479972,6.584722,2,-1,0,0.9678037,1
62,20,1,1,0,-277.906,471.5595,395.0144,0.003235461,0.0023684192,0.012238952,12.50384,12.429444,2,33,1,0.99531823,1
62,28,1,1,0,311.78168,549.7147,7.6593943,0.0048089256,-0.010456437,0.0032830385,9.099333,4.8672223,2,34,1,0.996167,1
62,35,1,1,0,325.47168,-155.66475,173.01791,-0.013297364,0.011114996,0.010184185,15.79266,15.759722,2,35,1,0.97610396,1
62,19,1,1,0,321.66656,509.7455,322.66232,0.0039472943,0.015630689,0.0061144875,17.095015,0.29,2,36,1,0.97219646,1
62,21,1,1,0,-356.4728,-585.3337,434.17697,-0.0028396933,0.0047253314,-0.00024266841,4.4374027,4.4683332,2,37,1,0.96884745,1
63,34,1,1,0,19.11515,-323.6078,239.78368,0.0065563777,0.0024880331,-0.012305449,19.278654,15.179444,2,0,1,0.9707717,1
63,18,1,1,0,-24.185976,-487.77106,43.120243,0.007822706,-0.03011467,-0.009984593,28.985924,28.362223,2,1,1,0.99329805,1
63,18,1,0,0,-24.185976,-487.77106,43.120243,0.007822706,-0.03011467,-0.009984593,5.9307923,5.716111,2,-1,0,0.990515,1
63,16,1,0,0,40.336967,424.71393,345.32935,-0.0054631424,-0.007597108,0.0023571718,4.1792984,4.181667,2,-1,0,0.9764865,1
63,18,1,0,0,-24.185976,-487.77106,43.120243,0.007822706,-0.03011467,-0.009984593,4.162778,4.175,2,-1,0,0.98313594,1
63,35,0,0,0,0.0,0.0,0.0,0.0,0.0,0.0,36.36001,-1.0,2,-1,0,0.9939211,1
63,35,0,0,0,0.0,0.0,0.0,0.0,0.0,0.0,4.5681667,-1.0,2,-1,0,0.98697084,1
63,16,1,1,0,40.336967,424.71393,345.32935,-0.0054631424,-0.007597108,0.0023571718,8.104285,8.101389,2,2,1,0.9935422,1
63,3,1,1,0,51.32769,543.67737,74.4853,-0.021818127,-0.0076781553,0.005472954,29.134375,29.194166,2,3,1,0.9486659,1
63,24,1,1,0,47.292038,84.8132,231.68578,0.002906282,-0.0028406957,-0.008219728,5.830535,5.815,2,4,1,0.998987,1
63,17,1,0,0,-56.45997,527.2316,341.22833,-0.00095775584,0.02197259,-0.014317472,7.4984794,5.3133335,2,-1,0,0.9940526,1
63,17,1,1,0,-56.45997,527.2316,341.22833,-0.00095775584,0.02197259,-0.014317472,17.266369,17.529167,2,-1,1,0.99803644,1
63,38,1,0,0,84.13044,-209.41545,77.19629,-0.003545745,0.009540909,0.032678556,6.4380555,6.443333,2,-1,0,0.9802099,1
63,11,1,1,0,-82.2071,522.7181,193.03798,0.012427078,-0.005946793,-0.002379384,16.604221,16.690834,2,5,1,0.99367446,1
63,38,1,1,0,84.13044,-209.41545,77.19629,-0.003545745,0.009540909,0.032678556,18.64793,18.769722,2,6,1,0.96012634,1
63,38,1,0,0,84.13044,-209.41545,77.19629,-0.003545745,0.009540909,0.032678556,11.554354,11.490833,2,-1,0,0.9719304,1
63,6,1,0,0,95.35637,243.4265,287.219,-0.015587322,0.00031099815,0.0020898755,5.436778,5.4358335,2,-1,0,0.99296075,1
63,6,1,1,0,95.35637,243.4265,287.219,-0.015587322,0.00031099815,0.0020898755,16.600237,16.349167,2,7,1,0.97964144,1
63,1,1,1,0,-95.14454,-483.54376,130.46515,0.0017446995,-0.0044137137,-0.008494667,11.415159,11.376667,2,8,1,0.96615624,1
63,2,1,0,0,106.28308,525.4384,254.39117,-0.012872843,-0.019483445,-0.019604359,3.900764,3.8852777,2,-1,0,0.9807823,1
63,2,1,1,0,106.28308,525.4384,254.39117,-0.012872843,-0.019483445,-0.019604359,28.666931,28.383333,2,9,1,0.998412,1
63,13,1,0,0,-118.07167,-443.5995,237.46472,0.0055253278,-0.008384637,0.020580256,5.0924582,5.106389,2,-1,0,0.9952819,1
63,37,1,0,0,-112.43658,500.40707,377.31372,-0.017251026,-0.0035333312,0.00806509,4.571243,4.561111,2,-1,0,0.96712774,1
63,13,1,1,0,-118.07167,-443.5995,237.46472,0.0055253278,-0.008384637,0.020580256,24.40463,24.309444,2,10,1,0.98733014,1
63,37,1,1,0,-112.43658,500.40707,377.31372,-0.017251026,-0.0035333312,0.00806509,10.199692,10.149722,2,11,1,0.93368304,1
63,37,1,0,0,-112.43658,500.40707,377.31372,-0.017251026,-0.0035333312,0.00806509,3.6600835,3.721111,2,-1,0,0.86621445,1
63,8,1,1,0,-138.15315,-307.69455,338.55704,0.011913185,0.0109412195,-0.01283795,18.240168,18.173334,2,12,1,0.9972589,1
63,8,1,0,0,-138.15315,-307.69455,338.55704,0.011913185,0.0109412195,-0.01283795,4.7414236,1.4344444,2,-1,0,0.9569268,1
63,5,1,1,0,-154.22818,17.106533,184.62169,0.010559541,-0.0059135724,-0.012248555,12.221035,11.994166,2,13,1,0.99894005,1
63,39,1,1,0,-143.34666,428.88715,196.38304,-0.014011535,-0.0029324503,-0.0054612258,18.539299,17.748611,2,14,1,0.98211956,1
63,14,1,1,0,149.47583,396.19608,153.93,-0.011640456,0.0035904122,-0.004665557,13.838592,13.854167,2,15,1,0.97734994,1
63,5,1,0,0,-154.22818,17.106533,184.62169,0.010559541,-0.0059135724,-0.012248555,4.5329657,4.5858335,2,-1,0,0.9906713,1
63,24,0,0,0,0.0,0.0,0.0,0.0,0.0,0.0,2.8125072,2.7925,2,-1,0,0.5634416,1
63,33,1,0,0,-172.28691,433.70612,193.11554,0.00411541,0.0054645725,0.015166677,3.3986666,3.3627777,2,-1,0,0.9285429,1
63,20,1,1,0,168.41656,6.0760555,410.80872,0.008910154,0.015967356,0.010350915,18.17118,12.768333,2,16,1,0.98856014,1
63,33,1,1,0,-172.28691,433.70612,193.11554,0.00411541,0.0054645725,0.015166677,17.706396,17.719723,2,17,1,0.95873344,1
63,7,1,1,0,179.05873,-457.72385,283.6325,-0.0062378077,-0.0002963386,0.005234384,9.725451,9.5725,2,18,1,0.9692919,1
63,16,1,0,0,95.4817,403.80103,390.12454,-0.0054631424,-0.007597108,0.0023571718,5.479965,5.53,2,-1,0,0.93666303,1
63,15,1,1,0,183.76584,-374.94427,130.57051,0.009747515,-0.009136533,0.0076306034,11.686604,11.875556,2,19,1,0.96627796,1
63,15,1,0,0,183.76584,-374.94427,130.57051,0.009747515,-0.009136533,0.0076306034,4.6075277,4.5997224,2,-1,0,0.9347276,1
63,30,0,0,0,0.0,0.0,0.0,0.0,0.0,0.0,13.825354,-1.0,2,-1,0,0.82566,1
63,30,0,0,0,0.0,0.0,0.0,0.0,0.0,0.0,6.555673,-1.0,2,-1,0,0.9894024,1
63,25,1,0,0,-234.36507,110.70731,196.56271,0.01662334,0.008515891,-0.0027267633,3.625521,3.5363889,2,-1,0,0.9041911,1
63,36,1,1,0,-215.4793,239.61633,116.31281,0.0041284687,0.022602292,0.019025939,26.183792,26.558332,2,20,1,0.99594337,1
63,10,1,1,0,-216.95807,-76.02425,196.62836,0.0031475804,-0.0051317466,0.00083499233,6.44291,6.4194446,2,21,1,0.9877586,1
63,26,1,1,0,221.89581,306.8419,394.9527,-0.019236846,0.0054385834,0.010681804,22.483334,22.379723,2,22,1,0.9975186,1
63,12,1,1,0,227.94511,-51.678715,275.9465,-0.007266335,-0.0152514465,0.010389089,18.30529,18.6275,2,23,1,0.98568344,1
63,31,1,1,0,226.44029,134.16792,84.64242,0.01200884,-0.0020005873,0.002757864,5.9136043,5.896389,2,24,1,0.9752889,1
63,19,1,1,0,-227.28667,155.12802,297.04166,-0.0075488444,-0.014936195,0.004713318,11.859937,8.13,2,25,1,0.9642774,1
63,25,1,1,0,-234.36507,110.70731,196.56271,0.01662334,0.008515891,-0.0027267633,14.240819,14.220834,2,26,1,0.99259347,1
63,29,1,0,0,242.62627,338.92184,12.291422,-0.0213239,0.01277854,-0.0072918776,2.9734583,3.0719445,2,-1,0,0.78986794,1
63,19,1,0,0,-227.28667,155.12802,297.04166,-0.0075488444,-0.014936195,0.004713318,5.1454515,5.111111,2,-1,0,0.9668958,1
63,29,1,1,0,242.62627,338.92184,12.291422,-0.0213239,0.01277854,-0.0072918776,21.839188,19.8425,2,27,1,0.936523,1
63,29,1,0,0,242.62627,338.92184,12.291422,-0.0213239,0.01277854,-0.0072918776,3.2626665,3.3730555,2,-1,0,0.5892296,1
63,40,1,1,0,245.37341,252.72276,379.46924,0.008624681,-0.023552442,-0.0051174755,17.539633,17.542223,2,28,1,0.89037097,1
63,40,1,0,0,245.37341,252.72276,379.46924,0.008624681,-0.023552442,-0.0051174755,8.340145,8.511111,2,-1,0,0.9778521,1
63,32,1,1,0,248.71677,443.60162,26.876997,-0.0052913395,-0.013100738,0.002280864,13.092772,13.108889,2,29,1,0.9874253,1
63,21,1,1,0,-265.38168,-361.02823,334.85385,0.008873195,0.012332253,0.024529522,26.76666,26.517778,2,30,1,0.9920528,1
63,4,1,1,0,282.31592,-294.9412,431.5118,0.008771878,0.007561015,-0.016048089,10.681118,9.516111,2,31,1,0.9560375,1
63,4,1,0,0,282.31592,-294.9412,431.5118,0.008771878,0.007561015,-0.016048089,4.3929377,4.523611,2,-1,0,0.99409425,1
63,27,1,0,0,-320.5874,118.51976,227.30673,0.0054953787,0.031946383,-0.028366474,4.009021,4.021389,2,-1,0,0.9610067,1
63,28,1,1,0,303.0805,69.43461,127.33837,-0.0022550675,-0.015807122,-0.0003133301,14.534243,14.584444,2,32,1,0.99178153,1
63,27,1,1,0,-320.5874,118.51976,227.30673,0.0054953787,0.031946383,-0.028366474,35.46107,35.79,2,33,1,0.9883985,1
63,22,1,1,0,317.8599,471.77237,399.76297,0.015688943,-0.013556129,-0.0076167644,23.435598,20.949167,2,34,1,0.97522813,1
63,23,1,1,0,327.88724,397.32864,208.6356,0.012583164,0.016321154,-0.013555976,19.127714,19.077778,2,35,1,0.9799023,1
63,9,1,0,0,343.61084,443.8754,248.30806,-0.027869543,-0.0072279694,-0.006639784,9.025854,9.216945,2,-1,0,0.9963098,1
63,23,1,0,0,327.88724,397.32864,208.6356,0.012583164,0.016321154,-0.013555976,3.529139,3.6047223,2,-1,0,0.9632536,1
63,9,1,1,0,343.61084,443.8754,248.30806,-0.027869543,-0.0072279694,-0.006639784,17.833376,17.734167,2,36,1,0.6914295,1
64,14,0,0,0,0.0,0.0,0.0,0.0,0.0,0.0,5.4692707,-1.0,2,-1,0,0.99738055,1
64,29,1,1,0,-10.362424,440.82764,231.10756,0.037798308,0.034796577,-0.044090208,18.235498,17.961666,2,0,1,0.98741513,1
64,14,0,0,0,0.0,0.0,0.0,0.0,0.0,0.0,4.219542,-1.0,2,-1,0,0.98263025,1
64,14,0,0,0,0.0,0.0,0.0,0.0,0.0,0.0,4.967056,-1.0,2,-1,0,0.765233,1
64,16,1,1,0,11.138029,166.40616,201.01505,0.0017006372,0.006226488,-0.0060795443,10.082361,10.2288885,2,1,1,0.99700266,1
64,29,1,0,0,-10.362424,440.82764,231.10756,0.037798308,0.034796577,-0.044090208,5.892778,5.9566665,2,-1,0,0.986097,1
64,29,0,0,0,-10.362424,440.82764,231.10756,0.037798308,0.034796577,-0.044090208,4.33268,4.0933332,2,-1,0,0.8600627,1
64,3,1,1,0,-37.315186,-479.91266,102.692,0.0008296897,0.006661084,-0.01700952,11.861855,11.816112,2,2,1,0.99935883,1
64,38,1,1,0,-37.813946,117.72726,69.12877,-0.021809746,-0.010298702,0.00015796926,19.682627,19.7775,2,3,1,0.97183967,1
64,31,1,1,0,-38.983356,-448.57425,363.19952,-0.008110426,-0.020810649,-0.0031544561,17.83257,11.1475,2,4,1,0.99797744,1
64,38,1,0,0,-37.813946,117.72726,69.12877,-0.021809746,-0.010298702,0.00015796926,4.979083,5.062222,2,-1,0,0.91765267,1
64,31,1,0,0,-38.983356,-448.57425,363.19952,-0.008110426,-0.020810649,-0.0031544561,4.351778,4.3483334,2,-1,0,0.9534479,1
64,40,0,0,0,0.0,0.0,0.0,0.0,0.0,0.0,3.7259376,3.8322222,2,-1,0,0.5792137,1
64,2,1,1,0,55.35946,-387.52496,118.652596,0.0039060137,-0.020981118,-0.009701453,23.526335,12.325833,2,5,1,0.98536044,1
64,9,1,1,0,82.21603,421.89755,6.6363034,-0.02517858,-0.011020384,0.020765668,21.252703,21.164167,2,6,1,0.99813426,1
64,25,1,1,0,-68.507706,-36.745148,261.1177,0.0143352905,-0.02158319,-0.006231802,31.040419,31.1925,2,7,1,0.99881536,1
64,1,1,0,0,88.48891,305.76508,403.29257,0.0045688218,-0.01226337,0.004285987,5.0828953,5.2444444,2,-1,0,0.9789772,1
64,9,1,0,0,82.21603,421.89755,6.6363034,-0.02517858,-0.011020384,0.020765668,15.469972,15.368611,2,-1,0,0.9855752,1
64,30,0,0,0,0.0,0.0,0.0,0.0,0.0,0.0,2.7830832,2.7386112,2,-1,0,0.56274205,1
64,1,1,1,0,88.48891,305.76508,403.29257,0.0045688218,-0.01226337,0.004285987,16.0563,16.074722,2,9,1,0.99796623,1
64,13,1,1,0,-90.516754,30.236265,384.51184,-0.043365963,0.016372083,0.037304383,37.79551,37.640556,2,10,1,0.9996782,1
64,7,1,1,0,-98.8363,213.51181,187.38863,0.0027573542,0.013418605,0.0007752457,15.035486,13.3116665,2,11,1,0.99970347,1
64,13,1,0,0,-90.516754,30.236265,384.51184,-0.043365963,0.016372083,0.037304383,10.496403,10.531111,2,-1,0,0.9929617,1
64,5,1,1,0,121.467,239.86296,98.112015,-0.015768657,0.025799772,-0.0388113,48.39245,47.895832,2,12,1,0.99993515,1
64,27,1,1,0,-125.92283,380.063,215.01988,-0.0006572799,-0.010790341,-0.0064689657,13.391584,13.399722,2,13,1,0.9883554,1
64,6,1,1,0,127.26478,-383.9837,266.91068,-0.0063190544,0.024819147,-0.012776459,18.33127,17.366667,2,14,1,0.99602234,1
64,6,1,0,0,127.26478,-383.9837,266.91068,-0.0063190544,0.024819147,-0.012776459,9.529867,9.632778,2,-1,0,0.99122804,1
64,13,1,0,0,-90.516754,30.236265,384.51184,-0.043365963,0.016372083,0.037304383,3.3476248,3.3516667,2,-1,0,0.84408206,1
64,3,1,0,0,-37.315186,-479.91266,102.692,0.0008296897,0.006661084,-0.01700952,8.503959,8.416667,2,-1,0,0.9918833,1
64,13,1,0,0,-90.516754,30.236265,384.51184,-0.043365963,0.016372083,0.037304383,3.9688401,3.8927777,2,-1,0,0.97447115,1
64,37,1,1,0,-144.5008,-342.18173,5.3871555,-0.00037269678,0.024916911,-0.003764705,28.106945,28.058332,2,15,1,0.9999993,1
64,13,1,0,0,-90.516754,30.236265,384.51184,-0.043365963,0.016372083,0.037304383,3.2231045,3.1605556,2,-1,0,0.5237725,1
64,17,1,1,0,153.53944,271.98468,181.01439,-0.0117217,0.010013952,-0.0131763145,16.111868,15.843056,2,16,1,0.9599896,1
64,15,1,1,0,-155.34477,36.897995,198.42505,-0.023970176,-0.030523693,0.014857946,33.26647,31.40611,2,17,1,0.99867517,1
64,23,1,1,0,-161.94678,224.64705,405.4934,0.002937952,0.0063631544,-0.009427067,11.112937,11.080277,2,18,1,0.9948519,1
64,20,0,0,0,0.0,0.0,0.0,0.0,0.0,0.0,2.5979373,2.5377777,2,-1,0,0.56386983,1
64,15,1,0,0,-155.34477,36.897995,198.42505,-0.023970176,-0.030523693,0.014857946,12.706499,12.897778,2,-1,0,0.9444724,1
64,39,1,0,0,-195.86647,-140.33195,124.36706,0.025336133,0.027866988,0.015691131,3.56675,3.3983333,2,-1,0,0.9290071,1
64,18,1,1,0,-176.34181,-294.28503,16.446026,0.0065419264,-0.013918669,0.0183996,26.000334,25.279167,2,19,1,0.9939346,1
64,36,1,1,0,176.48157,298.50616,261.43677,0.0040447074,-0.010359524,-0.014357752,20.585682,19.691668,2,20,1,0.9930448,1
64,24,1,1,0,188.86911,-87.4377,348.40512,-0.010614627,-0.010027368,-0.0033072878,14.449472,14.456111,2,21,1,0.98128307,1
64,39,1,1,0,-195.86647,-140.33195,124.36706,0.025336133,0.027866988,0.015691131,34.347958,34.54972,2,22,1,0.9999956,1
64,4,1,0,0,203.24916,539.00195,374.67755,0.007919962,0.02019567,0.027935535,5.759465,5.8825,2,-1,0,0.98913974,1
64,12,1,1,0,191.83551,492.18533,419.31152,0.0145027945,0.005988531,-0.012834906,9.206326,9.175278,2,23,1,0.9877787,1
64,11,0,0,0,0.0,0.0,0.0,0.0,0.0,0.0,16.910799,-1.0,2,-1,0,0.9841186,1
64,12,1,0,0,191.83551,492.18533,419.31152,0.0145027945,0.005988531,-0.012834906,4.943903,5.0775,2,-1,0,0.91715795,1
64,4,1,1,0,203.24916,539.00195,374.67755,0.007919962,0.02019567,0.027935535,38.130417,38.175556,2,24,1,0.9921399,1
64,11,0,0,0,0.0,0.0,0.0,0.0,0.0,0.0,18.897472,-1.0,2,-1,0,0.95796585,1
64,12,1,0,0,191.83551,492.18533,419.31152,0.0145027945,0.005988531,-0.012834906,4.8071876,4.7575,2,-1,0,0.9695626,1
64,21,1,0,0,-248.84227,501.1703,74.83683,0.02536662,-0.022435214,0.016213488,4.322667,4.3275,2,-1,0,0.97863066,1
64,32,1,1,0,218.04936,-154.37831,315.34363,0.0076610222,-0.0010479089,0.009470824,12.244972,12.088333,2,25,1,0.9687844,1
64,34,1,1,0,-238.50665,306.87518,178.27086,-0.015345142,-0.007244245,0.006217437,15.482653,15.4175,2,26,1,0.9966311,1
64,21,1,1,0,-248.84227,501.1703,74.83683,0.02536662,-0.022435214,0.016213488,33.862263,33.760834,2,27,1,0.9992877,1
64,10,1,0,0,-261.13,42.740486,367.30225,0.0141800195,-0.008213991,0.0064493893,5.5746455,3.4002779,2,-1,0,0.9743804,1
64,8,1,1,0,244.1225,-577.61,353.80237,-0.00056418387,0.0043957434,-0.0101761,11.288424,11.364445,2,28,1,0.985755,1
64,10,1,1,0,-261.13,42.740486,367.30225,0.0141800195,-0.008213991,0.0064493893,14.986452,14.810278,2,29,1,0.99954647,1
64,35,1,1,0,-264.93588,-354.20923,326.53427,0.011427346,-0.003911375,-0.005863519,10.836097,10.925278,2,30,1,0.9800495,1
64,28,1,1,0,-286.46414,-170.22873,266.89676,0.011069815,-0.01316648,0.011464559,13.068146,13.090834,2,31,1,0.97050035,1
64,33,1,1,0,274.14142,-433.63855,1.0217308,0.0083495965,-0.010989761,0.003468616,13.991859,9.377222,2,32,1,0.9674421,1
64,28,1,0,0,-286.46414,-170.22873,266.89676,0.011069815,-0.01316648,0.011464559,4.2398334,4.2619443,2,-1,0,0.94278777,1
64,19,1,1,0,-288.83652,-75.743256,191.44206,-0.021066776,0.021611245,-0.021679854,29.324013,29.470556,2,33,1,0.99886745,1
64,19,1,0,0,-288.83652,-75.743256,191.44206,-0.021066776,0.021611245,-0.021679854,5.0041943,5.2580557,2,-1,0,0.9683169,1
64,30,1,1,0,296.37097,-23.994164,358.61844,0.0056960443,0.0076118642,0.002874761,10.205376,3.6680555,2,34,1,0.9594628,1
64,32,1,0,0,218.04936,-154.37831,315.34363,0.0076610222,-0.0010479089,0.009470824,8.366694,8.293612,2,-1,0,0.9812368,1
64,40,1,1,0,320.5019,424.1809,209.3968,0.0003934106,0.0010536893,0.0038021419,3.348903,3.3575,2,35,1,0.864373,1
64,22,1,1,0,-342.5207,46.057846,239.57414,0.013687971,-0.012293167,-0.0033409777,17.60675,17.465834,2,36,1,0.9927021,1
64,17,0,0,0,0.0,0.0,0.0,0.0,0.0,0.0,2.3880138,2.3930554,2,-1,0,0.5767206,1
64,26,1,1,0,359.16257,-540.67694,104.62181,0.01391425,-0.014786191,-0.013198382,14.126055,14.301945,2,37,1,0.9429514,1
65,37,1,0,0,-4.784704,-509.22348,35.364285,-0.010553199,0.031786572,-0.0064190715,14.753201,14.7925,2,-1,0,0.9990766,1
65,37,1,1,0,-4.784704,-509.22348,35.364285,-0.010553199,0.031786572,-0.0064190715,26.179895,25.744722,2,0,1,0.96238583,1
65,15,1,1,0,25.615763,-70.94833,191.46161,0.0038377726,-0.003742502,0.0008247315,7.7605414,7.7625,2,1,1,0.9879561,1
65,27,1,1,0,-33.442703,231.30357,10.3862915,-0.007572635,0.0053579626,-0.006052856,9.251014,9.086389,2,2,1,0.9972902,1
65,21,1,1,0,51.00245,-294.52942,372.58603,0.008927068,0.031155635,0.00993115,25.534819,25.398611,2,3,1,0.98840636,1
65,26,1,1,0,51.19281,52.555603,1.4743727,-0.011737979,0.005986803,-0.020136677,4.0927916,2.0077777,2,4,1,0.9624835,1
65,21,1,0,0,51.00245,-294.52942,372.58603,0.008927068,0.031155635,0.00993115,14.862696,7.633333,2,-1,0,0.99833435,1
65,3,1,0,0,-65.64344,104.25707,404.78766,0.0004569874,0.033141747,-0.0058433632,12.124313,11.850278,2,-1,0,0.9913316,1
65,29,1,0,0,-9.108335,44.729862,75.39602,-0.0010304307,-0.019046316,0.002662589,6.44075,6.3669443,2,-1,0,0.98656344,1
65,3,1,1,0,-65.64344,104.25707,404.78766,0.0004569874,0.033141747,-0.0058433632,28.625998,26.258055,2,5,1,0.999892,1
65,25,1,1,0,-76.43982,-348.9036,82.616646,0.008317361,0.02101636,0.014288563,31.10512,31.134167,2,6,1,0.99815327,1
65,8,1,0,0,96.105774,-590.7394,139.37798,-0.012839826,0.02856917,0.019906847,11.423611,11.5575,2,-1,0,0.9959275,1
65,22,1,1,0,92.55325,-590.53656,335.20007,-0.0031928641,0.010996326,0.0036173905,12.143473,11.859722,2,7,1,0.982101,1
65,36,1,1,0,-94.619865,-140.94424,251.11945,0.001046734,-0.001677646,0.009883595,11.08518,10.343333,2,8,1,0.9974099,1
65,30,1,1,0,-94.250595,185.27274,297.0075,-0.0025263499,0.011233567,0.0070925704,7.663993,7.5844445,2,9,1,0.81707686,1
65,8,1,1,0,96.105774,-590.7394,139.37798,-0.012839826,0.02856917,0.019906847,31.104544,30.87861,2,10,1,0.9874128,1
65,2,1,1,0,96.30288,-74.21114,159.26721,-0.0037716043,-0.014068092,-0.0064131897,16.57286,16.329166,2,11,1,0.98378265,1
65,39,1,1,0,96.376114,112.69085,269.21753,-0.0063446383,0.00037313998,0.0045597577,8.060611,8.158611,2,12,1,0.99586487,1
65,22,1,0,0,92.55325,-590.53656,335.20007,-0.0031928641,0.010996326,0.0036173905,3.8000486,3.961111,2,-1,0,0.9172812,1
65,1,1,1,0,-101.90573,463.21506,287.80157,0.011534704,0.008812579,-0.008830412,20.137238,19.893333,2,13,1,0.96762925,1
65,6,1,1,0,98.45146,426.51978,118.86321,0.011529962,-0.0036309594,0.0007718673,11.995994,6.454167,2,14,1,0.99014205,1
65,28,0,0,0,0.0,0.0,0.0,0.0,0.0,0.0,15.552249,-1.0,2,-1,0,0.99250233,1
65,3,1,0,0,-65.64344,104.25707,404.78766,0.0004569874,0.033141747,-0.0058433632,4.0465345,4.0505557,2,-1,0,0.95718735,1
65,2,1,0,0,96.30288,-74.21114,159.26721,-0.0037716043,-0.014068092,-0.0064131897,3.686583,3.6969445,2,-1,0,0.9248377,1
65,4,1,1,0,108.44394,427.79398,223.82608,-0.019092662,-0.0042152344,-0.029031277,34.557056,34.753887,2,15,1,0.9965044,1
65,30,1,0,0,-94.250595,185.27274,297.0075,-0.0025263499,0.011233567,0.0070925704,4.607299,4.723611,2,-1,0,0.96795356,1
65,33,0,0,0,0.0,0.0,0.0,0.0,0.0,0.0,17.851562,-1.0,2,-1,0,0.99756855,1
65,13,1,0,0,148.08221,-366.252,321.46933,-0.03781725,0.0032670414,0.011711501,6.564375,6.4002776,2,-1,0,0.9659431,1
65,32,1,1,0,-134.73651,219.69614,332.36545,0.0026900999,0.010157103,0.009811778,16.297688,16.44861,2,18,1,0.9945649,1
65,13,1,1,0,148.08221,-366.252,321.46933,-0.03781725,0.0032670414,0.011711501,18.802305,18.774723,2,19,1,0.97621936,1
65,9,1,0,0,136.3738,186.2679,127.87073,0.0074842735,0.002681677,-0.010102975,3.7263057,1.4691666,2,-1,0,0.91975427,1
65,35,1,1,0,-142.1077,572.45154,355.1675,0.015382016,-0.0065581,0.00091248396,20.332062,10.986667,2,20,1,0.96840054,1
65,9,1,1,0,136.41171,186.43723,123.86796,0.0074842735,0.002681677,-0.010102975,4.514375,4.576389,2,21,1,0.9848883,1
65,13,1,0,0,148.08221,-366.252,321.46933,-0.03781725,0.0032670414,0.011711501,13.604902,13.5211115,2,-1,0,0.89218956,1
65,20,1,1,0,-174.72865,-263.8743,267.85913,0.005325466,0.014412272,0.007597384,15.791562,15.866389,2,22,1,0.95658416,1
65,9,1,0,0,136.3738,186.2679,127.87073,0.0074842735,0.002681677,-0.010102975,3.6517708,3.7858334,2,-1,0,0.9425289,1
65,17,1,0,0,191.4884,-111.70463,292.76614,-0.013765887,0.010679751,0.0006413404,4.911125,4.9180555,2,-1,0,0.9623593,1
65,17,1,1,0,191.4884,-111.70463,292.76614,-0.013765887,0.010679751,0.0006413404,13.898924,13.754167,2,23,1,0.9885643,1
65,9,1,0,0,136.3738,186.2679,127.87073,0.0074842735,0.002681677,-0.010102975,3.740507,3.7919445,2,-1,0,0.9433216,1
65,5,1,1,0,211.52377,321.37695,74.294655,-0.0036952435,-0.0010008977,-0.00803406,7.265826,7.242778,2,24,1,0.98887396,1
65,16,1,1,0,221.62589,217.44357,116.87633,0.011347558,0.0029847247,-0.016319089,18.718203,18.554167,2,25,1,0.96787107,1
65,18,1,1,0,233.48587,562.9088,329.24118,-0.012076224,-0.0066474644,-0.0064334413,15.342826,15.636389,2,26,1,0.9704343,1
65,5,1,0,0,211.52377,321.37695,74.294655,-0.0036952435,-0.0010008977,-0.00803406,3.928847,3.8994443,2,-1,0,0.98742616,1
65,11,1,1,0,243.20177,0.9238438,209.57321,0.01916749,-0.011431853,-0.005544135,6.3845835,6.3894444,2,27,1,0.97782135,1
65,11,1,0,0,243.20177,0.9238438,209.57321,0.01916749,-0.011431853,-0.005544135,5.4457016,5.380833,2,-1,0,0.95265293,1
65,7,1,1,0,-255.02327,-570.9311,390.45462,-0.019244835,-0.010114677,-0.022529846,30.337027,27.961945,2,28,1,0.9976562,1
65,29,1,1,0,255.95538,-12.697221,246.68912,-0.0010304307,-0.019046316,0.002662589,19.516792,19.5975,2,29,1,0.9628848,1
65,12,1,0,0,277.18988,397.764,263.50864,-0.01770858,-0.010058961,-0.012535579,8.373395,8.245833,2,-1,0,0.9884171,1
65,12,1,1,0,277.18988,397.764,263.50864,-0.01770858,-0.010058961,-0.012535579,10.243659,10.3375,2,30,1,0.97586834,1
65,34,1,1,0,276.2184,-259.88364,356.838,0.0007793403,0.017074473,0.0006307997,14.828035,2.0522223,2,31,1,0.96424294,1
65,38,1,1,0,-321.54147,9.645474,177.90141,0.005369766,-0.022249334,-0.026589667,18.843187,18.848612,2,32,1,0.9769348,1
65,38,1,0,0,-321.54147,9.645474,177.90141,0.005369766,-0.022249334,-0.026589667,10.934319,11.012222,2,-1,0,0.84987634,1
65,19,1,0,0,332.32547,131.96083,218.26305,-0.021729333,0.012342351,-0.006871723,10.294846,10.33,2,-1,0,0.9910273,1
65,19,1,1,0,332.32547,131.96083,218.26305,-0.021729333,0.012342351,-0.006871723,13.527264,13.7125,2,33,1,0.95454097,1
65,40,1,1,0,331.08777,-307.45074,232.55264,-0.004287704,-0.021577291,0.013205948,14.991354,15.016666,2,34,1,0.99843544,1
65,40,1,0,0,331.08777,-307.45074,232.55264,-0.004287704,-0.021577291,0.013205948,3.2583334,3.327222,2,-1,0,0.61650324,1
65,10,1,1,0,-330.8962,-184.5878,90.617485,-0.00873593,-0.0016668801,-0.02313935,19.716146,17.86139,2,35,1,0.99150604,1
65,10,1,0,0,-330.8962,-184.5878,90.617485,-0.00873593,-0.0016668801,-0.02313935,2.757625,2.7938888,2,-1,0,0.85435545,1
65,14,1,1,0,343.67844,330.92715,434.81808,0.013824775,0.019096285,0.0086191995,26.121431,22.477222,2,36,1,0.9283391,1
65,23,1,1,0,-349.19168,-341.53494,291.20374,0.008653478,-0.007620255,-0.0029445195,11.949666,11.737778,2,37,1,0.9891127,1
65,31,1,1,0,-354.321,111.240875,177.6532,-0.015831612,0.003470742,0.020530928,14.45345,14.556389,2,38,1,0.99834275,1
65,31,1,0,0,-354.321,111.240875,177.6532,-0.015831612,0.003470742,0.020530928,10.107216,10.053333,2,-1,0,0.9698536,1
65,1,1,0,0,-346.85147,469.82526,104.09133,0.011534704,0.008812579,-0.008830412,3.4301598,3.4,2,-1,0,0.68789166,1
66,4,1,1,0,-6.5096164,445.54358,346.89594,-0.0025055055,0.009002252,0.016144225,23.003702,22.726667,2,0,1,0.99550027,1
66,28,1,0,0,70.992485,-157.10179,113.20797,-0.029061403,0.012844005,0.004347601,4.737896,4.8661113,2,-1,0,0.9730771,1
66,13,1,1,0,26.895775,63.39067,33.599743,-0.0026512071,-0.015999205,-0.009621645,22.18338,22.359722,2,1,1,0.98768044,1
66,18,1,1,0,44.260384,394.13754,252.41142,0.012590466,0.0058030966,-0.00495509,18.850555,18.44389,2,2,1,0.93237555,1
66,11,1,1,0,48.792908,-188.10866,144.57251,0.0016517142,0.00378652,0.0011358849,4.430584,4.47,2,3,1,0.92387605,1
66,28,1,1,0,70.992485,-157.10179,113.20797,-0.029061403,0.012844005,0.004347601,16.300943,16.315277,2,4,1,0.8711797,1
66,14,1,1,0,-65.96223,-85.281746,363.65527,-0.000936746,-0.0114813205,0.017117582,14.741804,14.423333,2,5,1,0.98174876,1
66,14,1,0,0,-65.96223,-85.281746,363.65527,-0.000936746,-0.0114813205,0.017117582,8.097584,8.077778,2,-1,0,0.99899024,1
66,28,1,0,0,70.992485,-157.10179,113.20797,-0.029061403,0.012844005,0.004347601,12.792632,12.692223,2,-1,0,0.9998622,1
66,7,1,0,0,-67.06331,194.32895,247.83789,-0.017920695,0.0038731426,-0.0037370084,3.2665417,3.2772222,2,-1,0,0.5970915,1
66,7,1,1,0,-67.06331,194.32895,247.83789,-0.017920695,0.0038731426,-0.0037370084,20.001493,20.025555,2,6,1,0.9958924,1
66,16,1,1,0,83.293,-477.55444,202.86012,-0.013910893,-0.024187302,-0.0093319705,31.463388,31.108055,2,7,1,0.9999373,1
66,1,1,1,0,81.22904,409.9766,185.81847,-0.007314512,0.010721832,-0.023607448,15.28375,15.15,2,8,1,0.9968728,1
66,1,1,0,0,81.22904,409.9766,185.81847,-0.007314512,0.010721832,-0.023607448,12.018194,12.135555,2,-1,0,0.9886924,1
66,24,1,1,0,-91.16131,78.81309,305.13187,0.012734318,-0.01968289,-0.013008147,30.062283,30.01389,2,9,1,0.9998336,1
66,14,1,0,0,-65.96223,-85.281746,363.65527,-0.000936746,-0.0114813205,0.017117582,4.0851803,3.9938889,2,-1,0,0.88034403,1
66,38,1,0,0,96.30781,-557.30444,81.07662,0.029936243,-0.030602124,-0.008573919,3.894771,3.8841667,2,-1,0,0.96291274,1
66,38,1,1,0,96.30781,-557.30444,81.07662,0.029936243,-0.030602124,-0.008573919,30.692133,33.87611,2,10,1,0.9926813,1
66,24,1,0,0,-91.16131,78.81309,305.13187,0.012734318,-0.01968289,-0.013008147,3.8911943,3.85,2,-1,0,0.93872255,1
66,38,1,0,0,96.30781,-557.30444,81.07662,0.029936243,-0.030602124,-0.008573919,6.306667,6.300833,2,-1,0,0.9907851,1
66,3,1,0,0,-112.80993,-491.8061,277.7914,0.017128985,-0.004560152,0.020710945,11.738368,12.006945,2,-1,0,0.99964786,1
66,3,1,1,0,-112.80993,-491.8061,277.7914,0.017128985,-0.004560152,0.020710945,21.53435,20.127777,2,11,1,0.9923508,1
66,39,1,0,0,135.73387,-450.60303,86.58889,-0.0015849716,0.008690253,0.0048148846,4.7835765,4.804167,2,-1,0,0.9819062,1
66,32,1,0,0,-132.41646,23.697935,167.46489,-0.0034035991,0.008806972,0.0045318776,7.315827,7.1477776,2,-1,0,0.9820021,1
66,32,1,1,0,-132.41646,23.697935,167.46489,-0.0034035991,0.008806972,0.0045318776,11.838472,11.911389,2,12,1,0.980031,1
66,39,1,1,0,135.73387,-450.60303,86.58889,-0.0015849716,0.008690253,0.0048148846,11.111221,11.228611,2,13,1,0.9942413,1
66,6,1,0,0,153.39275,-304.65924,338.09164,-0.007875297,0.0071524233,0.024340171,5.292743,5.284167,2,-1,0,0.9837832,1
66,6,1,1,0,153.39275,-304.65924,338.09164,-0.007875297,0.0071524233,0.024340171,22.52977,20.804445,2,14,1,0.9934803,1
66,40,1,1,0,-153.01654,507.02414,137.99133,0.0021646293,0.01564091,-0.017394962,9.241922,9.331388,2,15,1,0.99341196,1
66,40,1,0,0,-153.01654,507.02414,137.99133,0.0021646293,0.01564091,-0.017394962,7.9660974,7.855278,2,-1,0,0.9802565,1
66,40,1,0,0,-153.01654,507.02414,137.99133,0.0021646293,0.01564091,-0.017394962,4.535861,4.548611,2,-1,0,0.9911869,1
66,40,1,0,0,-153.01654,507.02414,137.99133,0.0021646293,0.01564091,-0.017394962,5.2447777,5.202778,2,-1,0,0.9673264,1
66,5,1,1,0,148.30894,151.70393,230.1468,0.006081805,-0.011471108,0.020382497,10.727529,10.848611,2,16,1,0.9998933,1
66,30,1,1,0,-179.50691,-595.24475,441.33954,-0.0011686677,0.0052161207,0.015850967,10.433312,10.462222,2,17,1,0.9860847,1
66,9,1,1,0,195.39107,406.4793,318.3719,-0.042542078,0.028963316,0.0035682323,44.310223,43.566387,2,18,1,0.99988747,1
66,9,1,0,0,195.39107,406.4793,318.3719,-0.042542078,0.028963316,0.0035682323,10.849534,10.912778,2,-1,0,0.9990879,1
66,17,1,1,0,188.96165,178.8773,298.9138,0.005486033,-0.009254276,-0.0010221105,10.999945,10.934167,2,19,1,0.9730204,1
66,9,0,0,0,0.0,0.0,0.0,0.0,0.0,0.0,3.1440554,3.095,2,-1,0,0.70324254,1
66,8,1,1,0,195.32077,-268.4262,8.325444,1.3985034e-05,-0.0034512288,0.009414586,10.566131,10.548611,2,20,1,0.97826433,1
66,20,1,0,0,199.58574,53.75491,20.926107,0.0052338564,0.012321174,-0.0061705513,4.5538607,4.65,2,-1,0,0.9939884,1
66,20,1,1,0,199.58574,53.75491,20.926107,0.0052338564,0.012321174,-0.0061705513,9.129875,9.213889,2,21,1,0.992269,1
66,27,1,1,0,-203.94072,349.4465,430.31473,0.003789729,-0.006133895,0.001896091,7.38559,7.533889,2,22,1,0.9784824,1
66,37,1,1,0,222.9576,-385.53168,92.985374,-0.0034107524,0.011093829,0.008037835,11.530272,11.475833,2,23,1,0.99665296,1
66,23,1,0,0,262.94925,-473.3814,362.43457,0.0039080055,-0.009971259,0.0008990608,4.3276877,4.21,2,-1,0,0.94979084,1
66,25,1,1,0,225.92891,449.46582,198.13354,0.0075999964,0.020392066,0.017217146,28.485334,28.63889,2,24,1,0.9990414,1
66,19,1,1,0,-226.7346,-55.463116,342.3187,0.0054648323,-0.010893147,0.0034097699,13.173015,13.123055,2,25,1,0.99014086,1
66,26,1,1,0,230.9744,434.22736,199.84123,-0.013637357,0.006384083,-0.0034352762,17.051897,16.964167,2,26,1,0.93891644,1
66,21,1,0,0,-304.69238,-87.940765,90.99234,0.025362201,0.012119272,0.00066950684,6.9253197,6.999722,2,-1,0,0.9672878,1
66,35,1,1,0,232.16048,-261.398,171.11797,0.013251171,-0.00079740764,0.015021851,19.09122,16.674444,2,27,1,0.9870346,1
66,23,1,1,0,262.94925,-473.3814,362.43457,0.0039080055,-0.009971259,0.0008990608,10.204959,10.364166,2,28,1,0.988008,1
66,33,1,1,0,-270.29504,74.55873,331.28323,0.02373778,-0.029164365,0.015257305,27.197382,27.032778,2,29,1,0.9912286,1
66,12,1,1,0,-265.898,468.868,453.59772,0.0028702726,0.02832678,0.0007784101,25.851723,25.536945,2,30,1,0.9926144,1
66,33,1,0,0,-270.29504,74.55873,331.28323,0.02373778,-0.029164365,0.015257305,9.410611,8.785,2,-1,0,0.99045455,1
66,36,1,1,0,271.03882,91.82863,186.2824,-0.0032421022,-0.014995033,-0.0060381354,16.984215,17.020834,2,31,1,0.99053967,1
66,17,0,0,0,0.0,0.0,0.0,0.0,0.0,0.0,2.6859097,2.7308333,2,-1,0,0.6366049,1
66,22,1,0,0,-292.26392,407.6042,362.35834,0.0025952475,0.017637242,0.009236678,3.3154514,3.3825,2,-1,0,0.9680349,1
66,22,1,1,0,-292.26392,407.6042,362.35834,0.0025952475,0.017637242,0.009236678,16.965889,16.147223,2,32,1,0.99989617,1
66,21,1,1,0,-304.69238,-87.940765,90.99234,0.025362201,0.012119272,0.00066950684,16.98573,16.875834,2,33,1,0.97869575,1
66,29,1,1,0,308.39725,-372.977,328.12442,-0.0074718534,0.010817099,0.022377789,27.530584,27.093056,2,34,1,0.98793876,1
66,21,1,0,0,-304.69238,-87.940765,90.99234,0.025362201,0.012119272,0.00066950684,6.537542,6.4286113,2,-1,0,0.9984699,1
66,31,1,1,0,-315.1933,566.0663,444.89355,0.020246891,0.010059404,-0.011552043,19.395514,19.456667,2,35,1,0.9965598,1
66,15,1,0,0,-319.93866,543.17883,201.83104,0.024918092,-0.027507491,-0.01048781,5.7359724,5.6147223,2,-1,0,0.9929756,1
66,15,1,1,0,-319.93866,543.17883,201.83104,0.024918092,-0.027507491,-0.01048781,27.243814,27.256945,2,-1,1,0.9940302,1
66,15,1,0,0,-319.93866,543.17883,201.83104,0.024918092,-0.027507491,-0.01048781,3.610236,3.661111,2,-1,0,0.98418045,1
66,34,1,1,0,324.16235,391.8836,97.54421,0.009124599,0.00026068167,-0.022960378,12.337542,11.443334,2,36,1,0.9570097,1
66,10,1,1,0,-333.0945,331.2424,41.470238,0.019678053,0.006209265,0.008651743,16.563986,16.492777,2,37,1,0.972818,1
66,34,1,0,0,324.16235,391.8836,97.54421,0.009124599,0.00026068167,-0.022960378,10.888903,10.879723,2,-1,0,0.9897542,1
66,2,1,1,0,346.7265,-451.3811,377.00375,0.008139196,-0.016461838,0.005082921,19.643959,16.48611,2,38,1,0.98458683,1
67,2,1,0,0,-7.1347046,-575.1526,276.34232,-0.017362365,-0.0062628766,-0.009693947,3.359257,3.1916666,2,-1,0,0.53043157,1
67,2,1,1,0,-7.1347046,-575.1526,276.34232,-0.017362365,-0.0062628766,-0.009693947,14.147375,13.951667,2,0,1,0.97996795,1
67,17,1,1,0,11.276778,-560.4886,235.08852,-0.026957754,-0.001331946,0.024127206,27.030186,26.364445,2,1,1,0.9906228,1
67,4,1,0,0,-29.017492,-297.73398,323.12024,0.02128779,0.029614225,0.035521872,9.908568,9.903889,2,-1,0,0.9840875,1
67,4,1,0,0,-29.017492,-297.73398,323.12024,0.02128779,0.029614225,0.035521872,7.9118543,7.807778,2,-1,0,0.96089333,1
67,4,1,1,0,-29.017492,-297.73398,323.12024,0.02128779,0.029614225,0.035521872,30.497534,30.540277,2,2,1,0.9985902,1
67,23,1,1,0,37.417175,555.3927,239.26788,-0.01286144,0.01525204,-0.004280246,20.941423,20.733055,2,3,1,0.9917072,1
67,18,0,1,0,-35.449436,3.4077268,76.316414,-0.018665427,-0.017691258,0.00070626626,9.282354,7.7819443,2,4,1,0.999926,1
67,16,1,0,0,54.807697,-390.71567,28.974602,-0.030763054,-0.016263451,-0.0029808744,4.030187,4.1008334,2,-1,0,0.8194851,1
67,16,1,0,0,54.807697,-390.71567,28.974602,-0.030763054,-0.016263451,-0.0029808744,6.5071387,6.5841665,2,-1,0,0.98029226,1
67,36,1,1,0,43.730804,125.19249,46.621223,0.005981207,-0.015091677,-0.0064416216,23.341211,20.189722,2,5,1,0.98979926,1
67,16,1,1,0,54.807697,-390.71567,28.974602,-0.030763054,-0.016263451,-0.0029808744,24.409966,24.257778,2,6,1,0.99948835,1
67,19,1,1,0,49.466732,342.86624,79.64819,0.011475965,-0.0014763728,0.0023941165,10.335263,10.290556,2,7,1,0.97049034,1
67,19,1,0,0,49.466732,342.86624,79.64819,0.011475965,-0.0014763728,0.0023941165,3.360083,3.291389,2,-1,0,0.83927566,1
67,22,1,0,0,107.70955,-117.48863,52.440483,0.008174449,-0.022582974,-0.006103865,4.47125,4.4694443,2,-1,0,0.967453,1
67,40,1,1,0,60.460884,-528.6336,101.03373,0.010029275,0.019713452,-0.022655774,34.272156,30.050278,2,8,1,0.99986875,1
67,37,1,0,0,-66.33683,321.9745,101.98924,0.0027715412,0.0012849027,0.014296796,4.0976458,3.9847221,2,-1,0,0.9595753,1
67,35,1,0,0,-183.52614,-402.8148,103.13715,0.026797758,0.0046846545,-0.010495178,6.234799,6.115278,2,-1,0,0.97729003,1
67,37,1,1,0,-66.33683,321.9745,101.98924,0.0027715412,0.0012849027,0.014296796,9.269743,7.9569445,2,9,1,0.99319285,1
67,37,1,0,0,-66.33683,321.9745,101.98924,0.0027715412,0.0012849027,0.014296796,5.00591,5.1352777,2,-1,0,0.97893536,1
67,40,1,0,0,60.460884,-528.6336,101.03373,0.010029275,0.019713452,-0.022655774,3.7433887,3.6427777,2,-1,0,0.9305736,1
67,5,1,1,0,-94.05001,-435.62122,149.89003,0.011025892,0.007488107,-0.007310054,18.558681,18.466944,2,10,1,0.9779239,1
67,29,1,1,0,-93.83548,73.943436,179.49648,-0.021619102,0.016980957,-0.012179145,29.613375,29.719166,2,11,1,0.89486426,1
67,24,1,1,0,97.605865,-296.23172,362.21024,-0.0053526824,0.0028989178,-0.0055765603,6.9588056,7.086111,2,12,1,0.9722686,1
67,33,1,1,0,102.799736,296.7438,81.621346,0.0071176616,0.0076621193,-0.008126946,12.811117,12.846111,2,13,1,0.99765116,1
67,22,1,1,0,107.70955,-117.48863,52.440483,0.008174449,-0.022582974,-0.006103865,19.70139,15.406389,2,14,1,0.99494296,1
67,22,1,0,0,107.70955,-117.48863,52.440483,0.008174449,-0.022582974,-0.006103865,9.196882,9.323055,2,-1,0,0.97166574,1
67,39,1,0,0,-145.9993,-485.2647,16.712664,0.019929504,-0.004648788,-0.016677115,6.9626107,7.128611,2,-1,0,0.9749039,1
67,31,1,1,0,-128.49884,-181.47498,171.76715,-0.003923584,-0.016025139,0.004485635,14.640596,14.781389,2,15,1,0.9894387,1
67,9,1,1,0,138.26724,-329.8271,449.05914,0.02508781,-0.009503858,0.018450012,8.228265,8.110556,2,16,1,0.9795719,1
67,31,1,0,0,-128.49884,-181.47498,171.76715,-0.003923584,-0.016025139,0.004485635,3.0160556,3.0416667,2,-1,0,0.7302885,1
67,39,1,1,0,-145.9993,-485.2647,16.712664,0.019929504,-0.004648788,-0.016677115,16.343287,16.44111,2,17,1,0.97688156,1
67,39,0,0,0,0.0,0.0,0.0,0.0,0.0,0.0,3.201264,0.18111111,2,-1,0,0.8693345,1
67,20,1,1,0,150.10324,-392.5144,175.88129,0.0028008723,-0.008568849,0.0141910175,18.185568,17.901112,2,18,1,0.9394712,1
67,12,1,1,0,-157.08704,-482.72275,460.295,0.014635839,0.008526313,0.0011067395,19.194744,18.691668,2,19,1,0.9984408,1
67,8,1,1,0,168.70625,-181.21054,55.22916,0.00857232,0.017402936,-0.0121700475,18.5617,12.9025,2,20,1,0.9942345,1
67,30,1,1,0,171.58064,547.75055,59.29396,0.011251658,0.0015933232,0.011030927,13.84984,13.631945,2,21,1,0.98951906,1
67,6,0,0,0,0.0,0.0,0.0,0.0,0.0,0.0,7.283507,-1.0,2,-1,0,0.99137115,1
67,6,0,0,0,0.0,0.0,0.0,0.0,0.0,0.0,14.710681,0.235,2,-1,0,0.99905115,1
67,6,1,1,0,-173.32335,-99.01394,142.72592,0.0068505644,-0.020685406,0.01992866,3.1750693,3.1494443,2,22,1,0.85889953,1
67,34,0,0,0,0.0,0.0,0.0,0.0,0.0,0.0,3.8610835,3.7180555,2,-1,0,0.93048126,1
67,35,1,1,0,-183.52614,-402.8148,103.13715,0.026797758,0.0046846545,-0.010495178,8.422083,8.4163885,2,23,1,0.9588428,1
67,13,1,1,0,-183.88136,541.9499,125.53816,-0.011570661,0.0141753685,-0.019972438,18.670027,18.837223,2,24,1,0.9679613,1
67,14,1,1,0,184.3562,-89.33603,366.73074,0.00044401677,0.003921272,0.012624518,8.583112,7.2719445,2,25,1,0.9897285,1
67,14,1,0,0,184.3562,-89.33603,366.73074,0.00044401677,0.003921272,0.012624518,4.0558467,4.0169444,2,-1,0,0.95873684,1
67,33,1,0,0,102.799736,296.7438,81.621346,0.0071176616,0.0076621193,-0.008126946,6.1097636,6.0775,2,-1,0,0.99260455,1
67,13,1,0,0,-183.88136,541.9499,125.53816,-0.011570661,0.0141753685,-0.019972438,3.5604656,3.528889,2,-1,0,0.93204623,1
67,21,1,0,0,233.33783,-428.2652,179.86664,-0.024146987,-0.029172868,-0.015711462,4.6941113,4.6338887,2,-1,0,0.9820962,1
67,21,1,0,0,233.33783,-428.2652,179.86664,-0.024146987,-0.029172868,-0.015711462,13.914202,13.928333,2,-1,0,0.99502164,1
67,26,1,1,0,224.53154,-412.6682,388.91232,-0.007950114,-0.0070293737,0.001992634,11.205568,11.401111,2,26,1,0.9932882,1
67,7,1,1,0,-223.01851,122.090195,271.00803,-0.0193029,0.014627614,-0.014299835,21.31375,14.9777775,2,27,1,0.99908054,1
67,38,1,1,0,-225.36559,-430.0492,276.18384,0.010545727,-0.007864976,-0.010530225,13.107181,13.241389,2,28,1,0.9742585,1
67,21,1,1,0,233.33783,-428.2652,179.86664,-0.024146987,-0.029172868,-0.015711462,15.579154,15.568055,2,29,1,0.99976534,1
67,15,1,1,0,230.87186,-402.39954,274.4264,-0.00065180415,0.0019834249,-0.028061466,24.613695,22.512777,2,30,1,0.99100703,1
67,15,1,0,0,230.87186,-402.39954,274.4264,-0.00065180415,0.0019834249,-0.028061466,5.49134,2.2416666,2,-1,0,0.9917401,1
67,7,1,0,0,-223.01851,122.090195,271.00803,-0.0193029,0.014627614,-0.014299835,7.1001043,7.1091666,2,-1,0,0.9812304,1
67,28,1,1,0,236.93184,-67.348274,383.10516,0.0037784283,-0.012223772,0.007842573,13.712055,12.283334,2,31,1,0.9832726,1
67,3,1,1,0,-244.76495,127.01701,215.57361,-0.0110188285,0.012244774,0.03232822,17.199291,15.257778,2,32,1,0.9632615,1
67,25,1,0,0,280.25156,-528.66754,415.14227,0.024596566,-0.016796399,-0.03848734,3.4755068,3.5172222,2,-1,0,0.9522987,1
67,3,1,0,0,-244.76495,127.01701,215.57361,-0.0110188285,0.012244774,0.03232822,16.603758,16.773333,2,-1,0,0.9808185,1
67,27,1,1,0,-262.05475,314.32275,114.88703,0.0009979933,0.01906623,0.017204633,23.041632,18.738611,2,34,1,0.99146575,1
67,1,1,1,0,272.69498,112.494064,241.20036,-0.02324163,-0.017435635,0.0016518283,26.244062,26.490278,2,35,1,0.9885422,1
67,1,1,0,0,272.69498,112.494064,241.20036,-0.02324163,-0.017435635,0.0016518283,5.5938334,5.511389,2,-1,0,0.98847055,1
67,25,1,1,0,280.25156,-528.66754,415.14227,0.024596566,-0.016796399,-0.03848734,34.64649,34.623055,2,36,1,0.9991024,1
67,25,1,0,0,280.25156,-528.66754,415.14227,0.024596566,-0.016796399,-0.03848734,3.9242985,3.9147222,2,-1,0,0.9747366,1
67,25,1,0,0,280.25156,-528.66754,415.14227,0.024596566,-0.016796399,-0.03848734,5.7869034,5.6783333,2,-1,0,0.95961064,1
67,11,1,1,0,313.42056,396.93536,148.47458,-0.00078692776,-0.0031976937,0.01321866,5.8368053,5.9308333,2,37,1,0.79804,1
67,11,1,0,0,313.42056,396.93536,148.47458,-0.00078692776,-0.0031976937,0.01321866,4.811021,4.8069444,2,-1,0,0.9866882,1
67,32,1,1,0,-324.77438,537.84735,393.92142,-0.007221568,0.011920685,-0.005621204,14.669966,14.702222,2,38,1,0.99651587,1
67,10,1,1,0,-347.86502,554.119,369.4561,0.01583636,-0.0016560915,0.016050134,19.69961,19.841944,2,39,1,0.96726304,1
68,17,1,1,0,16.299603,-98.75272,372.64682,0.007446697,-0.0024440044,0.024961669,23.049799,22.758333,2,0,1,0.9978604,1
68,17,1,0,0,16.299603,-98.75272,372.64682,0.007446697,-0.0024440044,0.024961669,3.1520138,3.2113888,2,-1,0,0.9471286,1
68,32,1,0,0,56.626503,313.69327,208.82506,0.0082212975,-0.0064616576,0.0032980582,3.4260557,3.3969445,2,-1,0,0.6848672,1
68,32,1,1,0,56.626503,313.69327,208.82506,0.0082212975,-0.0064616576,0.0032980582,12.193403,11.550555,2,1,1,0.99092007,1
68,4,1,1,0,87.12331,-323.6065,59.72406,0.0103223305,-0.0033755284,-0.013741844,20.017048,20.103056,2,2,1,0.9970853,1
68,29,1,1,0,-95.25609,-518.25885,100.72467,-0.003259366,0.0024544902,-0.009438582,11.988402,10.282778,2,3,1,0.99535,1
68,33,1,1,0,95.598656,108.7997,41.40574,-0.0014060467,-0.010130075,0.0183734,23.33282,23.57,2,4,1,0.99722487,1
68,29,1,0,0,-95.25609,-518.25885,100.72467,-0.003259366,0.0024544902,-0.009438582,4.8777776,4.727778,2,-1,0,0.97454596,1
68,6,1,1,0,98.348526,-226.77211,28.18821,0.009154292,0.017076725,-0.008536911,11.405479,11.484445,2,5,1,0.99619657,1
68,6,1,0,0,98.348526,-226.77211,28.18821,0.009154292,0.017076725,-0.008536911,6.352618,6.5266666,2,-1,0,0.9930298,1
68,6,1,0,0,98.348526,-226.77211,28.18821,0.009154292,0.017076725,-0.008536911,4.3707566,4.5066667,2,-1,0,0.9533673,1
68,34,1,0,0,100.326614,-301.2196,94.43242,-0.013828027,0.02185232,-0.0034499955,9.798424,9.9925,2,-1,0,0.9963085,1
68,34,1,1,0,100.326614,-301.2196,94.43242,-0.013828027,0.02185232,-0.0034499955,14.772313,14.7097225,2,6,1,0.9789011,1
68,15,1,1,0,-99.33393,-292.32782,202.19019,-0.009224209,0.009354668,-0.0026547487,16.77511,4.9475,2,7,1,0.9788948,1
68,20,1,0,0,-100.4251,36.84069,243.08199,-0.025122797,0.012046321,-0.009505022,13.418846,13.4375,2,-1,0,0.9667546,1
68,8,1,1,0,-100.808464,-25.308403,445.47458,-0.00963835,0.007169159,0.00731058,15.640473,10.090278,2,8,1,0.9960098,1
68,11,1,1,0,-106.15399,81.806404,280.56833,0.019338012,0.0034084367,0.000434067,21.42977,21.317778,2,9,1,0.995417,1
68,20,1,1,0,-100.4251,36.84069,243.08199,-0.025122797,0.012046321,-0.009505022,14.522312,14.639167,2,10,1,0.9797348,1
68,11,1,0,0,-106.15399,81.806404,280.56833,0.019338012,0.0034084367,0.000434067,4.937042,4.8125,2,-1,0,0.989493,1
68,4,1,0,0,87.12331,-323.6065,59.72406,0.0103223305,-0.0033755284,-0.013741844,3.8384933,3.9494445,2,-1,0,0.95785177,1
68,20,1,0,0,-100.4251,36.84069,243.08199,-0.025122797,0.012046321,-0.009505022,4.6921253,4.878889,2,-1,0,0.97321916,1
68,23,1,1,0,-134.04993,-332.7988,130.60062,0.0131422905,0.0002649983,-0.002607603,14.732333,14.735,2,11,1,0.9672788,1
68,30,1,1,0,131.00197,533.77985,267.0872,-0.0001794555,0.0030975325,-0.0044644685,6.44784,6.269722,2,12,1,0.9898526,1
68,34,1,0,0,100.326614,-301.2196,94.43242,-0.013828027,0.02185232,-0.0034499955,4.974625,4.8925,2,-1,0,0.94254583,1
68,5,1,1,0,-140.52359,21.475962,184.18784,0.010258493,0.0125956135,0.0056016897,18.200369,18.231945,2,13,1,0.9733961,1
68,21,1,0,0,-178.11577,289.52188,129.94244,-0.024129407,0.026692118,0.009834615,2.8984723,2.8238888,2,-1,0,0.68066543,1
68,5,1,0,0,-140.52359,21.475962,184.18784,0.010258493,0.0125956135,0.0056016897,3.772736,3.8175,2,-1,0,0.9271505,1
68,35,1,0,0,151.35107,389.818,0.5393602,0.00016018559,-0.006843879,0.024227433,5.6695,5.5875,2,-1,0,0.9899222,1
68,37,1,1,0,150.11818,-7.602205,436.44354,-0.0116815185,-0.0015192231,-0.009757047,16.968313,16.680555,2,14,1,0.96344703,1
68,35,1,1,0,151.35107,389.818,0.5393602,0.00016018559,-0.006843879,0.024227433,15.732001,15.382778,2,15,1,0.97561705,1
68,9,1,1,0,159.72324,-36.245598,355.32068,0.010309316,-0.0016001294,0.005977708,12.951326,12.863611,2,16,1,0.98520315,1
68,19,0,0,0,0.0,0.0,0.0,0.0,0.0,0.0,3.6761668,-1.0,2,-1,0,0.94153714,1
68,16,1,1,0,-176.4395,-561.6036,239.19427,-0.002047473,-0.0020066113,0.016246244,13.068076,13.2075,2,17,1,0.9844328,1
68,16,1,0,0,-176.4395,-561.6036,239.19427,-0.002047473,-0.0020066113,0.016246244,4.1415277,4.331389,2,-1,0,0.9631088,1
68,21,1,0,0,-178.11577,289.52188,129.94244,-0.024129407,0.026692118,0.009834615,18.994785,9.598056,2,-1,0,0.98364145,1
68,19,0,0,0,0.0,0.0,0.0,0.0,0.0,0.0,7.7282844,-1.0,2,-1,0,0.9734292,1
68,7,1,1,0,-183.83989,-522.849,278.44577,0.00847373,-0.015047829,0.008928494,14.746327,14.643056,2,18,1,0.9786697,1
68,19,0,0,0,0.0,0.0,0.0,0.0,0.0,0.0,13.491756,-1.0,2,-1,0,0.9796324,1
68,21,1,1,0,-178.11577,289.52188,129.94244,-0.024129407,0.026692118,0.009834615,22.066057,22.41639,2,19,1,0.96165997,1
68,10,1,0,0,197.19164,382.24774,72.9157,-0.003433253,0.009930852,0.010039649,5.5525765,5.4730554,2,-1,0,0.9966838,1
68,16,1,0,0,-176.4395,-561.6036,239.19427,-0.002047473,-0.0020066113,0.016246244,2.4976528,2.4577777,2,-1,0,0.56616324,1
68,14,1,1,0,-197.9939,581.0814,154.34622,0.003067487,0.005816652,0.018521711,20.594826,20.797222,2,20,1,0.97893596,1
68,10,1,1,0,197.19164,382.24774,72.9157,-0.003433253,0.009930852,0.010039649,6.226736,6.3230557,2,21,1,0.99749905,1
68,27,1,1,0,-202.14915,75.61922,212.98235,-0.015125489,0.017884258,0.0044393865,16.262724,10.982778,2,22,1,0.99534553,1
68,27,1,0,0,-202.14915,75.61922,212.98235,-0.015125489,0.017884258,0.0044393865,5.341299,5.345,2,-1,0,0.950958,1
68,3,1,0,0,-246.3934,-488.80518,248.56236,0.0077476194,0.015005174,0.00023558649,6.071174,6.256111,2,-1,0,0.9356941,1
68,3,1,1,0,-246.3934,-488.80518,248.56236,0.0077476194,0.015005174,0.00023558649,12.211993,12.354167,2,23,1,0.9759966,1
68,36,1,1,0,257.45544,477.88925,97.174545,-0.014979918,-0.0065630884,-0.007985004,17.958168,18.063889,2,24,1,0.977353,1
68,26,1,1,0,-256.96255,-293.40756,39.496433,0.006283633,0.013539795,-0.0017676918,14.473536,14.475,2,25,1,0.84216,1
68,1,1,0,0,-269.8177,120.442215,364.14047,0.013987515,0.0049923733,-0.022180647,8.794194,8.7625,2,-1,0,0.99324113,1
68,1,1,1,0,-269.8177,120.442215,364.14047,0.013987515,0.0049923733,-0.022180647,14.669027,14.788889,2,26,1,0.9958185,1
68,22,1,1,0,-274.84564,-386.72775,197.06786,0.0003232126,-0.005279814,0.01757978,11.507035,11.510834,2,27,1,0.97247666,1
68,22,1,0,0,-274.84564,-386.72775,197.06786,0.0003232126,-0.005279814,0.01757978,3.820569,3.8347223,2,-1,0,0.98997426,1
68,13,1,1,0,291.294,-172.29317,336.39154,-0.0005388555,0.0073538604,-0.00050686795,6.7362437,6.861111,2,28,1,0.9908695,1
68,28,1,0,0,-297.96497,-527.15656,166.95566,-0.02436216,-0.00045346472,-0.010139878,9.748479,6.7805557,2,-1,0,0.98564094,1
68,38,1,1,0,-301.14404,-456.32565,383.63007,-0.009655632,-0.013327003,0.028530873,20.17014,17.943611,2,29,1,0.98176885,1
68,39,1,0,0,-319.64963,-265.4679,316.9671,0.004370265,-0.013433033,-0.01628256,7.184493,7.1844444,2,-1,0,0.97471243,1
68,12,1,1,0,324.85406,511.7795,129.31895,-0.05233795,-0.0040958077,-0.000835831,24.506887,24.7675,2,30,1,0.999019,1
68,38,1,0,0,-301.14404,-456.32565,383.63007,-0.009655632,-0.013327003,0.028530873,12.744445,12.6872225,2,-1,0,0.9880854,1
68,12,1,0,0,324.85406,511.7795,129.31895,-0.05233795,-0.0040958077,-0.000835831,16.402393,16.030834,2,-1,0,0.8929811,1
68,39,1,1,0,-319.64963,-265.4679,316.9671,0.004370265,-0.013433033,-0.01628256,9.810666,9.815556,2,31,1,0.9973821,1
68,2,1,1,0,328.9301,-46.002186,48.656654,-0.0037021118,0.0039934437,-0.0041020843,6.4811664,6.400833,2,32,1,0.9940736,1
68,28,1,1,0,-297.96497,-527.15656,166.95566,-0.02436216,-0.00045346472,-0.010139878,13.532743,13.623333,2,33,1,0.9900058,1
68,24,1,1,0,332.54602,-398.3789,235.05571,0.0009541319,-0.013877467,-0.0020961415,12.931007,13.0275,2,34,1,0.94558394,1
68,18,1,1,0,356.43396,108.69977,305.2967,-0.037641924,-0.026912536,-0.0002771458,27.189283,30.72139,2,35,1,0.99574983,1
68,18,1,0,0,356.43396,108.69977,305.2967,-0.037641924,-0.026912536,-0.0002771458,11.974165,12.189722,2,-1,0,0.9533469,1
68,25,1,0,0,-345.57516,-316.11273,132.17073,-0.008062479,-0.005769604,-0.012234281,7.042028,6.9483333,2,-1,0,0.97060007,1
68,25,1,1,0,-345.57516,-316.11273,132.17073,-0.008062479,-0.005769604,-0.012234281,8.507077,7.2094445,2,36,1,0.9949916,1
68,31,1,1,0,-356.21317,-498.77936,437.35034,0.004459387,-0.0008063428,-0.00306255,5.400229,5.342222,2,37,1,0.9924344,1
68,40,1,1,0,-359.67538,-115.57007,207.945,-0.012719202,-0.038073406,-0.029251322,19.710049,16.9275,2,38,1,0.998977,1
68,33,1,0,0,-329.67334,-30.751648,220.34764,-0.0014060467,-0.010130075,0.0183734,2.7462082,2.8011112,2,-1,0,0.7044502,1
69,26,1,1,0,-7.2483964,282.5098,350.7371,0.017725693,-0.011713225,-0.0017003893,4.5394864,4.428056,2,0,1,0.9856331,1
69,7,1,1,0,-9.1890135,509.8549,287.72202,0.008222738,-0.008086474,-0.0033034368,14.941202,14.586945,2,1,1,0.9996827,1
69,25,1,1,0,-13.754423,-173.37688,259.8444,0.0054941503,-0.01616967,-0.0064429715,19.602589,19.344166,2,2,1,0.9982718,1
69,38,1,1,0,15.56276,408.05963,58.599754,0.018009715,-0.0016307711,-0.026117973,29.804848,28.627222,2,3,1,0.9938658,1
69,37,1,1,0,21.101925,363.30383,96.04867,-0.0037320154,0.014452612,0.026170658,16.879223,16.705278,2,4,1,0.99922276,1
69,37,1,0,0,21.101925,363.30383,96.04867,-0.0037320154,0.014452612,0.026170658,16.218737,16.38861,2,-1,0,0.9982565,1
69,29,1,1,0,28.43585,-305.78638,267.93784,-0.019138824,0.0030757163,-0.0057562897,22.810764,22.454721,2,5,1,0.99872357,1
69,1,1,1,0,24.525488,-4.280594,304.1927,-0.009175694,-0.009551152,0.00094375474,11.85712,11.656944,2,6,1,0.9948823,1
69,38,1,0,0,15.56276,408.05963,58.599754,0.018009715,-0.0016307711,-0.026117973,3.3075,3.3497221,2,-1,0,0.96593565,1
69,38,1,0,0,15.56276,408.05963,58.599754,0.018009715,-0.0016307711,-0.026117973,5.062646,5.3683333,2,-1,0,0.950363,1
69,29,1,0,0,28.43585,-305.78638,267.93784,-0.019138824,0.0030757163,-0.0057562897,4.8296456,4.855278,2,-1,0,0.9835636,1
69,37,1,0,0,21.101925,363.30383,96.04867,-0.0037320154,0.014452612,0.026170658,4.2623196,4.2244444,2,-1,0,0.9691649,1
69,5,1,1,0,40.14855,445.86588,271.37167,0.022310926,0.007705049,0.004825136,27.477354,27.162777,2,7,1,0.99448,1
69,15,1,1,0,-43.687737,-436.7443,240.8578,0.009609376,0.010249385,-0.033871144,36.076515,35.602222,2,8,1,0.994559,1
69,2,1,1,0,47.503597,570.72296,393.58203,-0.005049212,0.012778447,0.010787771,22.130846,22.073334,2,9,1,0.99039656,1
69,35,1,1,0,51.347572,127.94944,312.9654,-0.008050511,0.013385606,0.0049528508,16.102459,16.32611,2,10,1,0.9944102,1
69,6,1,1,0,52.66602,533.8678,142.69359,0.007920508,0.019767797,-0.012525846,26.889202,26.5725,2,11,1,0.9772125,1
69,20,1,1,0,-66.839386,270.0865,313.6147,-0.0040983604,-0.011469022,0.0157033,19.526735,19.203611,2,12,1,0.75132626,1
69,39,1,0,0,-75.423096,509.44342,221.3043,0.0012669634,0.0028497493,0.023586633,10.590701,10.5425,2,-1,0,0.9922327,1
69,39,1,1,0,-75.423096,509.44342,221.3043,0.0012669634,0.0028497493,0.023586633,13.852404,13.856112,2,13,1,0.99012357,1
69,4,1,1,0,105.138084,-464.16772,171.24025,0.009668803,-0.016756114,-0.015996387,16.086784,16.205555,2,14,1,0.9908502,1
69,18,1,1,0,-104.3827,-206.48906,401.0772,-0.018752089,-0.008585193,-0.0014943931,20.791515,20.752222,2,15,1,0.9957561,1
69,4,1,0,0,105.138084,-464.16772,171.24025,0.009668803,-0.016756114,-0.015996387,6.667993,4.635,2,-1,0,0.98347193,1
69,23,1,1,0,-105.61583,-115.51017,428.65005,-0.027670555,-0.026317893,0.049897306,52.20034,55.850555,2,16,1,0.99988186,1
69,18,1,0,0,-104.3827,-206.48906,401.0772,-0.018752089,-0.008585193,-0.0014943931,3.7770557,3.7777777,2,-1,0,0.91391337,1
69,9,1,1,0,115.78574,335.78516,153.04683,0.0006468644,-0.0044587026,-0.0050026206,6.6918473,6.8794446,2,17,1,0.9829212,1
69,23,1,0,0,-105.61583,-115.51017,428.65005,-0.027670555,-0.026317893,0.049897306,5.0612082,5.097778,2,-1,0,0.99146724,1
69,27,1,1,0,122.786354,-551.8969,340.10474,-0.0011127252,0.006486306,0.004365737,7.610764,5.5080557,2,18,1,0.9271739,1
69,28,1,1,0,-142.92467,-210.33391,60.59293,-0.023462342,0.010613152,-0.0020294185,14.364833,8.940833,2,19,1,0.9720651,1
69,34,1,1,0,164.94252,548.78064,255.89824,0.0034532715,-0.014847063,-0.012448729,19.283482,16.0775,2,20,1,0.999356,1
69,28,1,0,0,-142.92467,-210.33391,60.59293,-0.023462342,0.010613152,-0.0020294185,14.332077,14.288611,2,-1,0,0.99345887,1
69,22,1,1,0,188.58282,-576.9473,19.535288,-0.016135877,0.010358126,0.0047882735,18.598396,18.599167,2,21,1,0.9874421,1
69,8,1,0,0,-188.89871,-188.78563,329.0114,0.009092406,-0.00042648436,-0.030436983,3.4170973,3.3297222,2,-1,0,0.9183134,1
69,8,1,1,0,-188.89871,-188.78563,329.0114,0.009092406,-0.00042648436,-0.030436983,29.287579,24.429167,2,22,1,0.99024546,1
69,11,1,1,0,-199.5723,-62.020203,39.529892,0.017724903,0.013759918,0.004963177,20.362658,20.258055,2,23,1,0.98247844,1
69,30,1,1,0,-201.18675,-358.70172,20.122807,0.016502507,-0.010908557,-0.0026545385,16.96375,16.990278,2,24,1,0.9873979,1
69,17,1,1,0,196.82826,1.2982212,120.87938,0.03187337,0.0038673815,0.00027277274,9.202,9.2705555,2,25,1,0.9567557,1
69,40,1,1,0,-215.06607,-491.63474,236.37563,0.004374317,-0.0054419935,-0.0087626185,10.155264,9.984167,2,-1,1,0.97847706,1
69,21,1,1,0,-238.0874,-274.991,352.8628,0.003586657,-0.00034514468,-0.01186448,13.035881,12.979167,2,26,1,0.98625386,1
69,23,0,0,0,0.0,0.0,0.0,0.0,0.0,0.0,2.8504238,2.7966666,2,-1,0,0.5199566,1
69,31,1,1,0,258.2745,-104.08663,13.687489,0.0031037808,-0.0079997415,0.008323836,8.556758,8.523889,2,27,1,0.98871744,1
69,33,1,0,0,-265.83362,-361.01608,133.19368,-0.0044757556,0.0060528675,-0.0026481915,3.0755417,3.095,2,-1,0,0.69965583,1
69,33,1,1,0,-265.83362,-361.01608,133.19368,-0.0044757556,0.0060528675,-0.0026481915,7.911889,7.9227777,2,28,1,0.97351515,1
69,16,1,1,0,291.3172,-212.3075,63.610973,-0.02821635,-0.009490279,-0.028286153,30.503082,30.603333,2,29,1,0.99766517,1
69,19,1,1,0,275.6322,375.16656,391.23538,0.005383734,0.016124463,-0.0012319814,15.006521,11.602222,2,30,1,0.97569,1
69,31,1,0,0,258.2745,-104.08663,13.687489,0.0031037808,-0.0079997415,0.008323836,2.549833,2.605,2,-1,0,0.7880751,1
69,16,1,0,0,291.3172,-212.3075,63.610973,-0.02821635,-0.009490279,-0.028286153,9.246676,8.116667,2,-1,0,0.99445605,1
69,14,1,0,0,-315.4553,29.165068,138.20691,0.029273834,-0.018647116,0.016220404,17.184443,17.251112,2,-1,0,0.98286,1
69,10,1,1,0,-296.46732,-330.62823,348.64594,-0.023025306,-0.009126111,-0.013264529,24.310118,24.54,2,31,1,0.9994448,1
69,24,1,1,0,-299.56516,-158.94127,319.11752,-0.013611047,-0.015806118,-0.019378072,22.705362,20.322222,2,32,1,0.9980191,1
69,14,1,1,0,-315.4553,29.165068,138.20691,0.029273834,-0.018647116,0.016220404,18.827179,18.76111,2,33,1,0.98453254,1
69,3,1,0,0,324.5332,61.893627,361.07504,-0.0058920383,0.013034877,-0.01416004,4.378778,4.3908334,2,-1,0,0.97357154,1
69,3,0,0,0,0.0,0.0,0.0,0.0,0.0,0.0,2.719979,2.725,2,-1,0,0.5263676,1
69,36,1,1,0,317.3913,156.30641,355.50577,-0.012376225,0.0068719983,0.015967814,21.21968,21.168612,2,34,1,0.9962644,1
69,13,1,1,0,316.44495,-400.71442,125.5379,-0.0073265927,0.020214478,0.015716873,21.231474,18.95139,2,35,1,0.94497836,1
69,12,1,1,0,-314.19055,579.1719,136.96567,-0.007839071,0.00051165035,0.0009539231,7.6312976,7.6519446,2,36,1,0.98399574,1
69,3,1,1,0,324.5332,61.893627,361.07504,-0.0058920383,0.013034877,-0.01416004,15.943084,15.823889,2,37,1,0.99906,1
69,3,1,0,0,324.5332,61.893627,361.07504,-0.0058920383,0.013034877,-0.01416004,4.161937,4.170833,2,-1,0,0.97113895,1
69,32,1,0,0,336.79257,-380.53873,285.7547,0.0032867603,0.0070215617,0.018857062,4.9105554,4.725,2,-1,0,0.9905269,1
69,32,1,1,0,336.79257,-380.53873,285.7547,0.0032867603,0.0070215617,0.018857062,6.7932363,6.838611,2,38,1,0.97220886,1
69,13,0,0,0,0.0,0.0,0.0,0.0,0.0,0.0,2.7043195,2.8577778,2,-1,0,0.8089246,1
69,13,0,0,0,0.0,0.0,0.0,0.0,0.0,0.0,2.9938748,2.9183333,2,-1,0,0.8777767,1
69,7,1,0,0,379.8069,256.83148,232.45506,0.008222738,-0.008086474,-0.0033034368,5.455354,5.4061112,2,-1,0,0.96609336,1
70,2,1,1,0,7.781604,121.79199,111.79593,0.008503893,-0.0013139269,0.00014816588,9.951424,9.97,2,0,1,0.9968786,1
70,39,1,1,0,-26.778795,251.86292,408.8608,0.02931026,0.0024389278,0.008288412,15.404132,15.325556,2,1,1,0.9717496,1
70,39,1,0,0,-26.778795,251.86292,408.8608,0.02931026,0.0024389278,0.008288412,15.360382,15.311389,2,-1,0,0.9777704,1
70,35,1,1,0,25.326756,504.01315,330.00574,0.0054736515,0.0054312143,0.005557105,11.303639,7.6530557,2,2,1,0.99877256,1
70,31,1,1,0,-31.449932,-242.55324,276.83405,-0.005211131,-8.651787e-06,0.017053915,16.723555,16.336945,2,3,1,0.9800918,1
70,34,1,1,0,-41.283756,-568.7789,94.00121,0.012788544,0.011425091,0.026915083,35.025,34.110832,2,4,1,0.9671322,1
70,32,1,0,0,-53.76438,-288.2793,272.9151,0.005808123,-0.017996164,-0.0076666963,4.117986,4.1619444,2,-1,0,0.9878825,1
70,32,1,0,0,-53.76438,-288.2793,272.9151,0.005808123,-0.017996164,-0.0076666963,4.5731945,4.457778,2,-1,0,0.94941753,1
70,15,1,1,0,-51.82209,-318.68484,243.82979,-0.0025089986,-0.00084722735,-0.007123758,9.000472,8.927222,2,5,1,0.9901813,1
70,32,1,1,0,-53.76438,-288.2793,272.9151,0.005808123,-0.017996164,-0.0076666963,14.753889,14.821111,2,6,1,0.9990846,1
70,26,1,1,0,54.75008,-158.93921,110.615654,-0.0006948933,-0.0013574772,-0.019161351,21.136625,21.20861,2,7,1,0.979936,1
70,1,1,0,0,-66.19323,-40.38126,122.61438,0.018461173,-0.015481807,-0.022918394,6.086146,6.0630555,2,-1,0,0.9788127,1
70,1,1,1,0,-66.19323,-40.38126,122.61438,0.018461173,-0.015481807,-0.022918394,25.039602,25.273611,2,8,1,0.9996998,1
70,23,0,0,0,0.0,0.0,0.0,0.0,0.0,0.0,11.0570135,-1.0,2,-1,0,0.99803287,1
70,23,0,0,0,0.0,0.0,0.0,0.0,0.0,0.0,6.0003266,-1.0,2,-1,0,0.97746354,1
70,18,1,1,0,84.98669,-229.08821,423.48633,-0.017782021,0.004090074,-0.013109044,21.397701,21.391111,2,9,1,0.995689,1
70,38,1,1,0,92.60781,-23.266418,343.44287,-0.01714487,-0.0025876616,0.0019909907,12.120327,12.27,2,10,1,0.90481746,1
70,8,1,1,0,140.82263,474.32562,397.7243,-0.011781606,0.01307174,0.011567537,12.716033,12.766389,2,11,1,0.99729186,1
70,33,1,1,0,-130.19621,324.088,68.10494,0.0076477323,0.00564604,-0.017725183,15.852049,15.9125,2,12,1,0.98425174,1
70,33,1,0,0,-130.19621,324.088,68.10494,0.0076477323,0.00564604,-0.017725183,4.4806595,4.5713887,2,-1,0,0.98791957,1
70,29,1,1,0,-134.48453,-306.40445,82.297554,-0.019865412,0.017406818,-0.0005870767,24.85396,5.7591667,2,13,1,0.9885537,1
70,8,1,0,0,140.82263,474.32562,397.7243,-0.011781606,0.01307174,0.011567537,9.604125,9.609167,2,-1,0,0.9980813,1
70,17,1,1,0,141.08353,-363.4901,9.961371,0.0058196764,0.0016417955,0.010962598,7.964639,7.801111,2,14,1,0.98849994,1
70,17,1,0,0,141.08353,-363.4901,9.961371,0.0058196764,0.0016417955,0.010962598,5.9643683,5.878611,2,-1,0,0.98989034,1
70,36,1,1,0,-142.26862,-445.2395,129.2291,-0.017900541,0.022824058,0.012047113,23.93455,23.772223,2,15,1,0.92304295,1
70,36,1,0,0,-142.26862,-445.2395,129.2291,-0.017900541,0.022824058,0.012047113,4.1587915,4.181389,2,-1,0,0.98245126,1
70,13,1,1,0,-147.57117,-72.51512,19.064415,-0.02387254,-0.018294923,0.019108452,38.370895,36.184166,2,16,1,0.9985348,1
70,14,1,0,0,176.0414,-287.6668,272.55356,-0.017607324,-0.02224897,-0.0034176952,2.8001528,2.6983333,2,-1,0,0.5520979,1
70,5,1,1,0,-160.4917,-439.38696,147.5532,0.0004164352,0.0033140427,-0.012649525,8.298465,3.5977778,2,17,1,0.9949804,1
70,14,1,1,0,176.0414,-287.6668,272.55356,-0.017607324,-0.02224897,-0.0034176952,26.151882,26.064167,2,18,1,0.99851555,1
70,37,1,0,0,179.55373,463.4622,393.18716,0.0109569365,0.020009069,0.029386027,3.019368,2.9719443,2,-1,0,0.76408297,1
70,37,1,1,0,179.55373,463.4622,393.18716,0.0109569365,0.020009069,0.029386027,29.031347,27.509445,2,19,1,0.9999702,1
70,20,1,1,0,189.35861,189.24786,257.78412,0.023419982,0.012327486,-0.011292341,17.176111,17.251112,2,20,1,0.96800643,1
70,40,1,1,0,214.36865,380.27554,259.86496,-0.003872055,0.0042064744,-0.0018863082,5.9654303,5.8930554,2,21,1,0.9792542,1
70,12,1,1,0,228.35216,-383.919,99.29744,-0.021081218,-0.003796124,0.004196337,11.939041,11.910556,2,22,1,0.9897403,1
70,12,1,0,0,228.35216,-383.919,99.29744,-0.021081218,-0.003796124,0.004196337,10.494271,10.572778,2,-1,0,0.986788,1
70,20,1,0,0,189.35861,189.24786,257.78412,0.023419982,0.012327486,-0.011292341,4.0443335,4.0380554,2,-1,0,0.8940739,1
70,21,1,1,0,-234.19295,-489.31152,302.9418,-0.03442089,-0.0050837453,-0.019500595,30.533607,31.338612,2,23,1,0.93975705,1
70,19,1,1,0,-236.62323,97.94072,98.2558,-0.020060495,0.0095646065,-0.0040596183,19.645887,19.473055,2,24,1,0.9958224,1
70,22,1,1,0,238.13358,-404.94052,175.00198,0.0077752317,0.0028382728,0.006485317,11.870402,8.251111,2,25,1,0.9881715,1
70,4,1,1,0,-241.58945,268.90323,177.90688,-0.0033014512,-0.01421874,0.013471431,15.292904,15.294444,2,26,1,0.9512921,1
70,4,1,0,0,-241.58945,268.90323,177.90688,-0.0033014512,-0.01421874,0.013471431,4.6566114,4.613611,2,-1,0,0.9822083,1
70,24,1,1,0,255.63689,541.49426,344.97723,-0.024386717,-0.015785888,-0.021872688,36.134174,33.718334,2,27,1,0.9849408,1
70,6,1,1,0,247.1333,178.34634,441.5647,0.019864468,0.016038252,-0.0060469345,18.206102,18.24639,2,28,1,0.99030954,1
70,11,1,1,0,-247.42593,454.46048,214.73581,-0.0026932843,0.004451953,-0.004532973,6.8692775,6.637778,2,29,1,0.9792457,1
70,28,1,1,0,-261.48615,554.6785,399.45007,0.011249494,-0.030904919,-0.004936691,27.938583,27.8775,2,30,1,0.98682004,1
70,21,1,0,0,-234.19295,-489.31152,302.9418,-0.03442089,-0.0050837453,-0.019500595,3.983764,3.9969444,2,-1,0,0.97713727,1
70,10,1,0,0,-294.5238,38.036236,285.72372,-0.025396075,-0.01127406,0.018333672,2.838278,2.9352777,2,-1,0,0.6813334,1
70,16,1,1,0,282.8029,598.4623,289.2694,0.010977074,-0.009383483,0.009432485,18.322779,18.020555,2,31,1,0.9448316,1
70,10,1,1,0,-294.5238,38.036236,285.72372,-0.025396075,-0.01127406,0.018333672,25.592522,25.83,2,32,1,0.9893869,1
70,6,1,0,0,247.1333,178.34634,441.5647,0.019864468,0.016038252,-0.0060469345,4.3856254,4.3436112,2,-1,0,0.9674571,1
70,27,1,0,0,327.02972,-348.31705,118.24271,0.0017032451,0.0051227426,0.010715449,5.113278,5.144722,2,-1,0,0.97456926,1
70,19,1,0,0,-236.62323,97.94072,98.2558,-0.020060495,0.0095646065,-0.0040596183,3.5498958,3.4972222,2,-1,0,0.95932025,1
70,3,1,1,0,318.52118,-179.71759,36.192593,-0.0022353216,-0.014793494,0.022740051,26.947256,26.709444,2,33,1,0.97806233,1
70,7,1,0,0,-319.82727,300.29922,128.60884,0.014233613,-0.007741889,0.013553464,4.3879657,4.535,2,-1,0,0.9804146,1
70,7,1,1,0,-319.82727,300.29922,128.60884,0.014233613,-0.007741889,0.013553464,16.33277,16.35,2,34,1,0.95999104,1
70,27,1,1,0,327.02972,-348.31705,118.24271,0.0017032451,0.0051227426,0.010715449,9.886146,9.804167,2,35,1,0.9931023,1
70,30,1,1,0,337.89874,368.08505,151.18172,0.0066055227,-0.0056133578,0.006576118,6.2389097,3.7958333,2,36,1,0.97175294,1
70,30,1,0,0,337.89874,368.08505,151.18172,0.0066055227,-0.0056133578,0.006576118,4.4194794,4.528333,2,-1,0,0.8603981,1
70,25,1,1,0,-344.09702,-296.9252,455.06912,-0.001626941,0.022645205,0.014785065,17.443827,15.221111,2,37,1,0.96717817,1
70,25,1,0,0,-344.09702,-296.9252,455.06912,-0.001626941,0.022645205,0.014785065,11.652361,10.9275,2,-1,0,0.9720865,1
70,10,1,0,0,-294.5238,38.036236,285.72372,-0.025396075,-0.01127406,0.018333672,3.5364513,3.4886112,2,-1,0,0.9296091,1
70,27,0,0,0,0.0,0.0,0.0,0.0,0.0,0.0,2.9642153,2.866111,2,-1,0,0.6156248,1
71,3,0,0,0,0.0,0.0,0.0,0.0,0.0,0.0,3.5657222,3.5533333,2,-1,0,0.8973441,1
71,17,1,1,0,43.321205,266.532,275.1543,0.01317899,0.01408586,-0.023129646,20.631035,21.190277,2,0,1,0.9893518,1
71,1,1,1,0,51.599075,-79.11524,285.28592,-0.024570638,-0.008154856,-0.0070845787,28.533125,28.163889,2,1,1,0.9998038,1
71,30,1,0,0,52.56846,116.60615,242.29044,-0.0055551003,-0.018010294,-0.008992575,4.9854026,4.93,2,-1,0,0.9959338,1
71,30,1,1,0,52.56846,116.60615,242.29044,-0.0055551003,-0.018010294,-0.008992575,19.53154,19.105278,2,2,1,0.9917692,1
71,17,1,0,0,43.321205,266.532,275.1543,0.01317899,0.01408586,-0.023129646,10.180541,10.111667,2,-1,0,0.9829758,1
71,8,1,1,0,56.678684,147.96431,38.107716,-0.012228576,0.022261433,0.014082133,23.427383,23.080278,2,3,1,0.9734231,1
71,34,1,1,0,52.93794,287.24472,25.54449,0.0007373345,0.010054968,-0.0038990926,12.902708,12.844722,2,4,1,0.9875404,1
71,16,0,0,0,0.0,0.0,0.0,0.0,0.0,0.0,3.2139513,3.0222223,2,-1,0,0.8114016,1
71,8,1,0,0,56.678684,147.96431,38.107716,-0.012228576,0.022261433,0.014082133,9.937077,9.904166,2,-1,0,0.998774,1
71,13,1,1,0,57.55552,-499.4387,276.42538,0.0017821287,0.013908856,-0.0022394967,8.961708,9.088611,2,5,1,0.99166733,1
71,13,1,0,0,57.55552,-499.4387,276.42538,0.0017821287,0.013908856,-0.0022394967,8.89875,8.856112,2,-1,0,0.98880845,1
71,24,1,1,0,-58.073627,-251.98834,29.357944,-0.02120243,0.034781814,0.0015263916,39.411682,45.288887,2,6,1,0.9980044,1
71,4,0,0,0,0.0,0.0,0.0,0.0,0.0,0.0,17.674507,-1.0,2,-1,0,0.98990494,1
71,4,0,0,0,0.0,0.0,0.0,0.0,0.0,0.0,9.83191,-1.0,2,-1,0,0.986643,1
71,37,1,1,0,86.070045,-386.31485,343.21057,-0.022163162,-0.015240166,-0.0076712035,25.621727,25.54,2,7,1,0.9997501,1
71,13,1,0,0,57.55552,-499.4387,276.42538,0.0017821287,0.013908856,-0.0022394967,3.2422779,3.3275,2,-1,0,0.6867431,1
71,33,1,0,0,-111.51843,-360.28278,199.73033,0.026709307,-0.022033656,-0.017733507,7.152333,7.1594443,2,-1,0,0.9889565,1
71,33,1,0,0,-111.51843,-360.28278,199.73033,0.026709307,-0.022033656,-0.017733507,3.1956391,3.1988888,2,-1,0,0.89257026,1
71,33,1,1,0,-111.51843,-360.28278,199.73033,0.026709307,-0.022033656,-0.017733507,32.187256,32.486668,2,8,1,0.97305614,1
71,23,1,1,0,133.1114,28.492321,447.0866,-0.014469219,-0.020970244,-0.015510894,22.336464,22.632223,2,9,1,0.9899115,1
71,23,1,0,0,133.1114,28.492321,447.0866,-0.014469219,-0.020970244,-0.015510894,7.1082497,6.842222,2,-1,0,0.9987213,1
71,26,1,0,0,144.57831,580.88464,135.89471,-0.0035965112,-0.033390924,0.003588786,5.6199446,5.6675,2,-1,0,0.98579776,1
71,26,1,1,0,144.57831,580.88464,135.89471,-0.0035965112,-0.033390924,0.003588786,29.776962,30.025278,2,10,1,0.99933344,1
71,18,1,0,0,151.95021,441.41037,147.96187,0.012667999,0.038666725,-0.0046853707,3.1800835,3.1241667,2,-1,0,0.60765845,1
71,18,1,1,0,151.95021,441.41037,147.96187,0.012667999,0.038666725,-0.0046853707,24.683046,24.505278,2,11,1,0.99800724,1
71,18,1,0,0,151.95021,441.41037,147.96187,0.012667999,0.038666725,-0.0046853707,5.2638125,5.4230556,2,-1,0,0.9992399,1
71,10,1,1,0,170.52576,-262.0552,96.40531,-0.002059404,-0.019446021,-0.008210148,15.423569,15.219444,2,12,1,0.99041045,1
71,10,1,0,0,170.52576,-262.0552,96.40531,-0.002059404,-0.019446021,-0.008210148,4.766291,4.8686113,2,-1,0,0.94312114,1
71,18,1,0,0,151.95021,441.41037,147.96187,0.012667999,0.038666725,-0.0046853707,3.9602501,4.0794444,2,-1,0,0.97830176,1
71,20,1,1,0,-176.1016,587.0143,86.12972,-0.0062546143,0.0013399759,-0.012238164,14.829069,15.153334,2,13,1,0.9722366,1
71,29,1,0,0,-190.06386,-208.62935,394.4598,-0.0066132126,-0.031321213,0.00090205914,9.794167,9.860278,2,-1,0,0.97457165,1
71,18,1,0,0,151.95021,441.41037,147.96187,0.012667999,0.038666725,-0.0046853707,6.5208616,6.356389,2,-1,0,0.9617353,1
71,29,1,1,0,-190.06386,-208.62935,394.4598,-0.0066132126,-0.031321213,0.00090205914,21.060223,20.999722,2,14,1,0.9956623,1
71,19,1,0,0,-195.28313,453.2139,309.80505,0.0135675175,0.01299886,-0.015421054,9.690369,9.646389,2,-1,0,0.98151624,1
71,19,1,1,0,-195.28313,453.2139,309.80505,0.0135675175,0.01299886,-0.015421054,12.575069,12.523334,2,15,1,0.9969441,1
71,15,1,1,0,-198.43729,-517.0621,444.53546,0.0123941405,-0.0088105695,0.00068415457,14.106042,14.183056,2,16,1,0.99397117,1
71,3,1,1,0,-202.3597,50.27677,116.03487,-0.0025583724,-0.022002695,-0.012032388,27.507494,18.18111,2,17,1,0.99976045,1
71,21,1,1,0,207.76411,269.54465,275.34753,-0.008485053,0.007438815,0.006604356,11.942618,11.783889,2,18,1,0.94967085,1
71,2,1,1,0,206.64502,-312.82877,286.35947,0.0047050402,-0.017705698,-0.017025812,13.105909,12.951111,2,19,1,0.98041254,1
71,2,1,0,0,206.64502,-312.82877,286.35947,0.0047050402,-0.017705698,-0.017025812,8.76075,8.796667,2,-1,0,0.98063135,1
71,39,1,1,0,225.84358,-313.52765,115.46955,0.0016411933,-0.003003887,0.020411704,11.439271,11.537222,2,20,1,0.96645653,1
71,39,1,0,0,225.84358,-313.52765,115.46955,0.0016411933,-0.003003887,0.020411704,6.4314723,6.249722,2,-1,0,0.9538711,1
71,36,1,1,0,-240.1258,-263.81073,40.31632,0.0062631923,0.022290142,-0.008366134,26.363138,25.88,2,21,1,0.9798077,1
71,14,1,1,0,-258.9366,71.53284,279.8031,-0.014161968,0.018812304,-0.013451429,21.999084,22.108889,2,22,1,0.9623859,1
71,32,1,0,0,280.10678,182.2036,24.060804,-0.016620466,0.016995752,-0.0012282024,3.0606318,3.1194444,2,-1,0,0.91895914,1
71,32,1,1,0,280.10678,182.2036,24.060804,-0.016620466,0.016995752,-0.0012282024,14.022333,13.977222,2,23,1,0.99868065,1
71,25,1,0,0,-288.9154,110.72746,216.59659,0.0037780432,-0.033343714,-0.03588605,8.290438,8.393333,2,-1,0,0.98284197,1
71,25,1,0,0,-288.9154,110.72746,216.59659,0.0037780432,-0.033343714,-0.03588605,5.2111735,5.1483335,2,-1,0,0.96180916,1
71,25,1,1,0,-288.9154,110.72746,216.59659,0.0037780432,-0.033343714,-0.03588605,32.329887,32.264168,2,24,1,0.99449766,1
71,35,1,1,0,-288.6135,-421.05466,128.20184,-0.009574732,-0.027561609,-0.008401673,18.671312,18.454445,2,25,1,0.99678195,1
71,35,1,0,0,-288.6135,-421.05466,128.20184,-0.009574732,-0.027561609,-0.008401673,6.486187,6.578889,2,-1,0,0.9841433,1
71,25,1,0,0,-288.9154,110.72746,216.59659,0.0037780432,-0.033343714,-0.03588605,2.771361,2.692222,2,-1,0,0.8845559,1
71,35,1,0,0,-288.6135,-421.05466,128.20184,-0.009574732,-0.027561609,-0.008401673,4.67425,4.5416665,2,-1,0,0.99259055,1
71,40,1,0,0,-301.531,-182.45813,391.72122,-0.008558641,0.0015401627,0.018925084,7.269014,4.7780557,2,-1,0,0.9862969,1
71,40,1,0,0,-301.531,-182.45813,391.72122,-0.008558641,0.0015401627,0.018925084,4.039785,4.1091666,2,-1,0,0.98956525,1
71,5,0,0,0,0.0,0.0,0.0,0.0,0.0,0.0,14.644458,0.15277778,2,-1,0,0.98621905,1
71,11,1,1,0,-319.12576,-314.71204,318.0245,-0.012248674,0.023343693,-0.0005288422,24.897203,24.698055,2,26,1,0.9981894,1
71,40,1,1,0,-301.531,-182.45813,391.72122,-0.008558641,0.0015401627,0.018925084,8.537611,8.648056,2,27,1,0.97599006,1
71,27,1,1,0,324.19922,-313.27515,285.02484,0.00013100101,0.0022393384,-0.016982205,16.056757,16.264166,2,28,1,0.99366295,1
71,12,1,1,0,-329.06204,-23.694777,97.527115,0.009207147,-0.00017409404,-0.009719893,12.553563,12.7125,2,29,1,0.98803115,1
71,9,1,1,0,-331.67682,326.72458,21.872002,0.019125026,-0.027924094,-0.00872297,25.554298,25.635834,2,30,1,0.913916,1
71,5,1,1,0,314.78345,-194.02942,219.64143,0.016598476,0.0026116571,0.014827598,3.4239166,3.3658333,2,31,1,0.9339555,1
71,38,1,1,0,337.84747,-57.61634,127.10526,-0.029350532,0.0015416932,0.009682501,25.217882,25.108612,2,32,1,0.97977555,1
71,38,1,0,0,337.84747,-57.61634,127.10526,-0.029350532,0.0015416932,0.009682501,3.134618,3.083889,2,-1,0,0.9111919,1
71,9,1,0,0,-331.67682,326.72458,21.872002,0.019125026,-0.027924094,-0.00872297,3.5576665,3.4830556,2,-1,0,0.75447464,1
71,6,1,1,0,-339.00262,-588.8534,155.7656,-0.024870524,0.012052471,-0.0016907088,15.669681,15.958889,2,33,1,0.9399521,1
71,28,1,0,0,345.69592,-478.72394,147.19478,0.004283164,-0.008637762,0.008315285,3.3697846,3.275,2,-1,0,0.89828724,1
71,28,1,1,0,345.69592,-478.72394,147.19478,0.004283164,-0.008637762,0.008315285,13.985604,13.913055,2,34,1,0.981975,1
71,9,1,0,0,-331.67682,326.72458,21.872002,0.019125026,-0.027924094,-0.00872297,4.398958,4.4241667,2,-1,0,0.9470515,1
71,31,1,1,0,-359.51492,558.59094,69.960464,-0.012399352,0.0047972803,0.009136061,16.14614,15.245277,2,35,1,0.96475065,1
71,6,1,0,0,-339.00262,-588.8534,155.7656,-0.024870524,0.012052471,-0.0016907088,4.250639,4.2944446,2,-1,0,0.9687519,1
71,22,1,1,0,361.8263,-312.04294,20.53975,0.013101163,-0.019290077,-0.009849184,3.4067779,0.9113889,2,36,1,0.8913052,1
72,30,1,0,0,-18.975063,-146.89238,204.60555,-0.008432873,0.009202004,-0.05088074,7.2863817,7.335,2,-1,0,0.9885394,1
72,30,1,0,0,-18.975063,-146.89238,204.60555,-0.008432873,0.009202004,-0.05088074,18.487333,17.229723,2,-1,0,0.9989335,1
72,30,1,1,0,-18.975063,-146.89238,204.60555,-0.008432873,0.009202004,-0.05088074,26.228777,25.773611,2,0,1,0.9982798,1
72,34,1,1,0,-21.325924,169.40662,307.64075,-0.017365662,-0.026075475,0.011174401,21.307196,21.309444,2,1,1,0.9975025,1
72,23,1,1,0,-24.121674,511.42426,428.12018,0.0044765854,-0.016867876,0.022111788,17.816376,17.748333,2,2,1,0.9932221,1
72,23,1,0,0,-24.121674,511.42426,428.12018,0.0044765854,-0.016867876,0.022111788,3.764896,3.8402777,2,-1,0,0.951715,1
72,23,1,0,0,-24.121674,511.42426,428.12018,0.0044765854,-0.016867876,0.022111788,11.209729,7.928056,2,-1,0,0.98598874,1
72,34,1,0,0,-21.325924,169.40662,307.64075,-0.017365662,-0.026075475,0.011174401,7.373979,7.215,2,-1,0,0.961871,1
72,11,1,1,0,-30.261528,-369.6521,290.85367,0.008925908,0.0045757745,0.015061333,12.975132,13.151111,2,3,1,0.98576176,1
72,11,1,0,0,-30.261528,-369.6521,290.85367,0.008925908,0.0045757745,0.015061333,8.779326,8.825277,2,-1,0,0.98779976,1
72,34,1,0,0,-21.325924,169.40662,307.64075,-0.017365662,-0.026075475,0.011174401,10.976819,10.763889,2,-1,0,0.981975,1
72,13,1,1,0,-33.986824,144.07137,122.61474,-0.0020293526,-0.026151657,0.008429112,28.682402,25.865,2,4,1,0.9781983,1
72,19,1,0,0,-76.812805,285.19257,122.649376,-0.015146332,0.0017471181,-0.01963703,3.5775833,3.5719445,2,-1,0,0.9367843,1
72,19,1,0,0,-76.812805,285.19257,122.649376,-0.015146332,0.0017471181,-0.01963703,10.606423,10.199166,2,-1,0,0.9862388,1
72,19,1,1,0,-76.812805,285.19257,122.649376,-0.015146332,0.0017471181,-0.01963703,11.352743,11.334167,2,5,1,0.984035,1
72,21,1,0,0,90.659805,404.17435,96.06338,0.002989055,-0.023088994,0.022705106,5.5163817,5.4,2,-1,0,0.98961663,1
72,27,1,1,0,-83.52361,552.2754,451.48572,-0.00085171225,0.006611707,-0.010327579,6.6622157,6.6386113,2,6,1,0.9978181,1
72,27,1,0,0,-83.52361,552.2754,451.48572,-0.00085171225,0.006611707,-0.010327579,2.9985836,2.1858332,2,-1,0,0.76494706,1
72,36,0,0,0,0.0,0.0,0.0,0.0,0.0,0.0,2.9269583,-1.0,2,-1,0,0.5326464,1
72,8,1,0,0,-86.90603,-586.3374,135.78337,-0.006122635,-0.013699654,-0.011717768,6.709361,6.536389,2,-1,0,0.9940116,1
72,8,1,1,0,-86.90603,-586.3374,135.78337,-0.006122635,-0.013699654,-0.011717768,14.450792,14.129167,2,7,1,0.9960889,1
72,36,0,0,0,0.0,0.0,0.0,0.0,0.0,0.0,7.0785,-1.0,2,-1,0,0.9935295,1
72,21,1,1,0,90.659805,404.17435,96.06338,0.002989055,-0.023088994,0.022705106,36.666546,36.897778,2,8,1,0.9999999,1
72,1,1,1,0,-101.90472,-344.27762,26.561317,0.0015034798,0.032988872,0.018506827,32.6272,28.227777,2,9,1,0.9946385,1
72,1,1,0,0,-101.90472,-344.27762,26.561317,0.0015034798,0.032988872,0.018506827,8.280389,8.458333,2,-1,0,0.9985501,1
72,17,1,1,0,-123.70942,591.159,40.605614,0.0620568,0.0071950885,-0.019408757,40.15331,43.99861,2,10,1,0.9988121,1
72,17,1,0,0,-123.70942,591.159,40.605614,0.0620568,0.0071950885,-0.019408757,10.684951,10.5725,2,-1,0,0.9853935,1
72,2,1,1,0,-114.01318,-127.17723,5.627889,-0.010902934,-0.009163059,-0.0024004418,16.638111,16.176945,2,11,1,0.999977,1
72,6,0,0,0,0.0,0.0,0.0,0.0,0.0,0.0,25.026735,-1.0,2,-1,0,0.999305,1
72,31,1,1,0,125.47948,-560.72015,96.22561,0.00024512704,-0.015180411,0.02517788,20.142479,17.820833,2,12,1,0.98654777,1
72,31,1,0,0,125.47948,-560.72015,96.22561,0.00024512704,-0.015180411,0.02517788,12.487465,12.511389,2,-1,0,0.98346984,1
72,32,1,1,0,-138.15012,3.2782571,141.4658,0.0062958393,0.010815897,0.009897516,13.062146,12.358055,2,13,1,0.9975629,1
72,14,1,1,0,155.76744,228.44305,169.8501,-0.0013783812,-0.0028594863,0.015669413,9.760786,9.871388,2,14,1,0.9700034,1
72,14,1,0,0,155.76744,228.44305,169.8501,-0.0013783812,-0.0028594863,0.015669413,8.23166,7.296389,2,-1,0,0.9994523,1
72,40,1,1,0,202.8136,469.674,41.75575,0.014919693,-0.010457172,-0.019804846,24.246834,23.517778,2,15,1,0.9981048,1
72,10,1,1,0,204.20326,478.0646,163.14293,0.006416804,0.0019352012,-0.00566211,7.289528,7.1566668,2,16,1,0.97072047,1
72,38,1,1,0,205.05286,-519.14136,431.8361,0.0047520665,-0.027254043,-0.009080659,30.186317,29.77861,2,17,1,0.9988545,1
72,40,1,0,0,202.8136,469.674,41.75575,0.014919693,-0.010457172,-0.019804846,4.0059724,4.0227776,2,-1,0,0.84451276,1
72,3,1,0,0,-223.6036,-542.65265,218.46962,0.02857153,0.0219174,-0.014291063,8.792882,8.789444,2,-1,0,0.9727095,1
72,3,1,1,0,-223.6036,-542.65265,218.46962,0.02857153,0.0219174,-0.014291063,32.390347,32.366665,2,18,1,0.97278565,1
72,33,1,1,0,-226.85309,-353.96793,327.49683,-0.02270468,0.004247118,0.008181464,22.605639,22.489166,2,19,1,0.9796969,1
72,24,1,1,0,233.28989,232.58557,15.23844,-0.003576911,-0.00999035,0.008488163,14.269625,14.103056,2,20,1,0.9968445,1
72,20,1,1,0,-237.62492,-329.76883,424.74194,-0.009163458,-0.005372819,0.010972232,15.329486,15.573611,2,22,1,0.9985612,1
72,18,1,1,0,-240.24149,335.70566,143.18828,0.0062541417,0.0035389436,-0.0029388275,7.611591,7.6705556,2,23,1,0.9690211,1
72,15,1,1,0,245.63322,-186.52106,408.955,0.017044235,-0.018299503,-0.009653872,20.812567,20.809444,2,24,1,0.9799256,1
72,15,1,0,0,245.63322,-186.52106,408.955,0.017044235,-0.018299503,-0.009653872,6.1814995,6.1180553,2,-1,0,0.97283214,1
72,24,1,0,0,233.28989,232.58557,15.23844,-0.003576911,-0.00999035,0.008488163,2.8175972,2.871389,2,-1,0,0.82939744,1
72,9,0,0,0,0.0,0.0,0.0,0.0,0.0,0.0,5.646194,-1.0,2,-1,0,0.99401784,1
72,9,0,0,0,0.0,0.0,0.0,0.0,0.0,0.0,8.396611,-1.0,2,-1,0,0.964348,1
72,28,1,1,0,-260.22943,-397.14807,378.39258,-0.0203455,-0.0035967012,0.006667075,15.98648,16.078333,2,25,1,0.997687,1
72,25,1,1,0,-261.2076,29.053303,312.36578,0.0034718406,0.003176173,0.0102266325,11.685799,6.8447223,2,26,1,0.9916584,1
72,39,1,0,0,278.57465,-527.4014,263.97025,-0.008437611,0.002908295,0.029103557,5.1452847,5.197222,2,-1,0,0.97631466,1
72,39,1,1,0,278.57465,-527.4014,263.97025,-0.008437611,0.002908295,0.029103557,18.753216,18.848333,2,27,1,0.9922754,1
72,37,1,1,0,280.53857,372.5246,266.2636,-0.0036049641,-0.013365947,0.02022647,22.222692,22.218334,2,28,1,0.8811453,1
72,39,1,0,0,278.57465,-527.4014,263.97025,-0.008437611,0.002908295,0.029103557,4.0956807,4.158056,2,-1,0,0.9737666,1
72,5,1,1,0,-281.10928,-35.92073,137.08244,-0.0122572435,-0.012632307,0.0049117915,9.8648815,7.8069444,2,29,1,0.9568567,1
72,5,1,0,0,-281.10928,-35.92073,137.08244,-0.0122572435,-0.012632307,0.0049117915,7.7961254,7.728611,2,-1,0,0.9997551,1
72,35,1,0,0,302.0481,-309.70206,217.59596,-0.01073567,0.036682207,0.056803986,4.8297224,4.891111,2,-1,0,0.9954991,1
72,35,1,0,0,302.0481,-309.70206,217.59596,-0.01073567,0.036682207,0.056803986,6.2997985,6.338611,2,-1,0,0.9912273,1
72,35,1,0,0,302.0481,-309.70206,217.59596,-0.01073567,0.036682207,0.056803986,3.4782915,3.5633333,2,-1,0,0.93301624,1
72,26,1,0,0,298.24414,-190.02298,276.28775,0.0003069812,-0.00029166846,0.0047403974,4.1204095,4.128611,2,-1,0,0.9869949,1
72,7,1,0,0,321.4405,265.37943,438.86856,-0.018901424,-0.0031551311,0.0020139522,4.8276668,4.8255553,2,-1,0,0.9731693,1
72,26,1,1,0,298.24414,-190.02298,276.28775,0.0003069812,-0.00029166846,0.0047403974,4.1273127,4.137778,2,30,1,0.9722406,1
72,35,0,0,0,0.0,0.0,0.0,0.0,0.0,0.0,12.002208,-1.0,2,-1,0,0.90206766,1
72,35,1,1,0,302.0481,-309.70206,217.59596,-0.01073567,0.036682207,0.056803986,9.879507,9.892222,2,31,1,0.97942364,1
72,35,0,0,0,0.0,0.0,0.0,0.0,0.0,0.0,21.850334,-1.0,2,-1,0,0.9835615,1
72,22,1,0,0,323.43103,286.33582,113.82255,-0.011760718,0.015445645,0.015685417,2.8893614,2.9313889,2,-1,0,0.7503834,1
72,39,0,0,0,0.0,0.0,0.0,0.0,0.0,0.0,2.5816808,2.5463889,2,-1,0,0.5853235,1
72,7,1,1,0,321.4405,265.37943,438.86856,-0.018901424,-0.0031551311,0.0020139522,13.830694,13.838056,2,-1,1,0.9751414,1
72,22,1,1,0,323.43103,286.33582,113.82255,-0.011760718,0.015445645,0.015685417,14.705631,14.793612,2,32,1,0.9871353,1
72,22,1,0,0,323.43103,286.33582,113.82255,-0.011760718,0.015445645,0.015685417,5.5389314,5.568611,2,-1,0,0.9972867,1
72,12,1,1,0,-330.36716,-358.0159,16.251038,0.003219995,0.003276923,-0.001026375,4.268236,4.3022223,2,33,1,0.980117,1
72,4,1,1,0,-333.73123,460.47336,260.5917,0.0056892647,-0.0019338259,0.005908486,6.571097,6.2580557,2,34,1,0.9967604,1
72,16,1,1,0,-337.8353,-442.44168,455.61023,0.010155927,0.00058405433,0.0123795075,13.99868,14.009167,2,35,1,0.9844833,1
72,29,1,1,0,341.8983,-575.4148,268.49716,0.006924739,0.0011313645,-0.010517089,12.276709,12.268056,2,36,1,0.94662005,1
73,25,1,1,0,-3.6622603,-455.36942,262.87564,-0.016661692,-0.008082726,0.01573668,13.6403475,12.702222,2,0,1,0.99971634,1
73,15,1,1,0,-14.883055,-373.1935,128.55664,0.0015668877,0.002834468,0.0021222343,5.070847,5.2255554,2,1,1,0.99683434,1
73,7,1,1,0,-9.355613,575.7455,394.28632,-0.0040339297,-0.0056954017,-0.012207948,12.005612,8.448334,2,2,1,0.9840475,1
73,21,1,0,0,27.05752,-511.53726,256.96304,0.022372745,0.01131177,0.001498862,3.3609445,3.2658334,2,-1,0,0.72427905,1
73,25,1,0,0,-3.6622603,-455.36942,262.87564,-0.016661692,-0.008082726,0.01573668,3.7313747,3.8166666,2,-1,0,0.82389885,1
73,15,1,0,0,-14.883055,-373.1935,128.55664,0.0015668877,0.002834468,0.0021222343,4.399021,4.3555555,2,-1,0,0.99360836,1
73,24,1,1,0,19.236912,-86.45269,158.35803,-0.0053918404,0.006672417,0.0023709827,10.180229,10.035277,2,3,1,0.9557143,1
73,24,1,0,0,19.236912,-86.45269,158.35803,-0.0053918404,0.006672417,0.0023709827,5.559111,5.5225,2,-1,0,0.9955948,1
73,35,1,1,0,-31.943216,303.5015,356.04797,0.03271596,-0.0096366275,-0.01219225,38.59255,38.431946,2,4,1,0.99011093,1
73,21,1,1,0,27.05752,-511.53726,256.96304,0.022372745,0.01131177,0.001498862,23.650196,23.56611,2,5,1,0.99988115,1
73,25,1,0,0,-3.6622603,-455.36942,262.87564,-0.016661692,-0.008082726,0.01573668,4.3329654,4.3069444,2,-1,0,0.9843525,1
73,37,1,1,0,31.3645,382.09106,229.72737,0.013628653,0.0018879372,-0.008894039,17.93584,17.061945,2,6,1,0.9549688,1
73,6,1,1,0,31.9448,-31.565775,4.476423,0.016161894,-0.023689227,0.0066458466,30.23836,21.050833,2,7,1,0.7732866,1
73,39,1,0,0,-36.31146,54.145058,365.37918,-0.00073080114,0.006482882,-0.0027557851,3.4748402,3.3727777,2,-1,0,0.9243103,1
73,35,1,0,0,-31.943216,303.5015,356.04797,0.03271596,-0.0096366275,-0.01219225,3.9111526,3.946389,2,-1,0,0.9715023,1
73,39,1,1,0,-36.31146,54.145058,365.37918,-0.00073080114,0.006482882,-0.0027557851,8.346139,5.3213887,2,8,1,0.9813632,1
73,34,1,0,0,-51.90629,-297.319,268.6023,0.011337849,-0.011778126,-0.0036358705,3.5839584,3.496389,2,-1,0,0.9283483,1
73,10,1,1,0,43.087574,-343.9577,414.29947,-0.002935558,-0.0085723745,-0.018427614,24.293562,23.18,2,9,1,0.9930884,1
73,34,1,1,0,-51.90629,-297.319,268.6023,0.011337849,-0.011778126,-0.0036358705,14.642515,11.778334,2,10,1,0.9440622,1
73,34,1,0,0,-51.90629,-297.319,268.6023,0.011337849,-0.011778126,-0.0036358705,8.066777,8.099722,2,-1,0,0.9831015,1
73,3,0,0,0,0.0,0.0,0.0,0.0,0.0,0.0,18.34589,-1.0,2,-1,0,0.98424536,1
73,11,1,1,0,-81.85147,-287.8049,380.0666,0.021566806,-0.0013560954,0.005097108,26.833244,26.859167,2,11,1,0.971627,1
73,21,1,0,0,27.05752,-511.53726,256.96304,0.022372745,0.01131177,0.001498862,3.3537152,3.3491666,2,-1,0,0.7329793,1
73,36,1,1,0,95.64404,-128.88626,437.73804,-0.0069766287,-0.010928419,-0.009150944,15.121312,15.195278,2,13,1,0.9351137,1
73,23,1,1,0,-92.60377,-440.6759,162.9217,0.009624196,0.031934462,0.00605892,37.63424,38.029724,2,14,1,0.9958315,1
73,36,1,0,0,95.64404,-128.88626,437.73804,-0.0069766287,-0.010928419,-0.009150944,3.6353338,1.1472223,2,-1,0,0.9792685,1
73,16,1,1,0,115.51387,261.4547,289.28986,0.017228657,0.03201917,0.018609272,22.777206,22.488333,2,15,1,0.97110367,1
73,16,1,0,0,115.51387,261.4547,289.28986,0.017228657,0.03201917,0.018609272,10.752361,10.686944,2,-1,0,0.988561,1
73,28,1,1,0,122.878265,35.458202,439.7417,0.009792854,0.01981669,8.8619665e-05,21.876522,21.268333,2,16,1,0.99743456,1
73,27,1,0,0,160.24203,42.2252,146.26927,-0.029236387,-0.00734765,-0.017833794,4.275833,4.382222,2,-1,0,0.94237167,1
73,1,1,0,0,157.18767,-160.08376,359.37607,0.01204557,0.006302178,-0.0021059315,4.341944,4.461111,2,-1,0,0.9541806,1
73,27,1,1,0,160.24203,42.2252,146.26927,-0.029236387,-0.00734765,-0.017833794,31.498299,31.715,2,17,1,0.9905248,1
73,1,1,1,0,157.18767,-160.08376,359.37607,0.01204557,0.006302178,-0.0021059315,12.77082,12.909445,2,18,1,0.9994611,1
73,38,1,1,0,-167.01794,282.65015,204.96124,-0.0011860296,0.015240771,-0.0121608,15.753508,15.508611,2,19,1,0.996718,1
73,19,1,1,0,-178.46649,176.76501,231.50996,-0.001700425,0.01734553,-0.017086133,13.174465,13.119445,2,20,1,0.9982078,1
73,9,1,1,0,181.83722,-357.54315,64.74418,0.0012707616,-0.0017704911,-0.0013591003,4.8579097,4.881111,2,21,1,0.9943503,1
73,16,1,0,0,115.51387,261.4547,289.28986,0.017228657,0.03201917,0.018609272,7.052657,5.2108335,2,-1,0,0.99726033,1
73,22,1,1,0,-195.14236,-491.49686,37.984604,-0.014368993,-0.0014654865,-0.009725633,14.366611,14.300555,2,-1,1,0.9972018,1
73,22,1,0,0,-195.14236,-491.49686,37.984604,-0.014368993,-0.0014654865,-0.009725633,3.215625,3.2105556,2,-1,0,0.5295961,1
73,33,1,1,0,207.65317,406.90915,362.9334,-0.0138323195,0.00040398707,0.0090746675,13.080159,13.0836115,2,22,1,0.98629826,1
73,20,1,1,0,218.11012,-493.08954,363.21368,0.018434789,0.0041404087,-0.0036696894,20.027653,20.117777,2,23,1,0.99998784,1
73,13,1,1,0,-223.55258,-349.19412,199.46196,0.0154930055,0.008609339,-0.009904589,21.39786,21.425278,2,24,1,0.99355656,1
73,29,1,1,0,-228.6048,-243.22119,194.90924,-0.0023193301,-0.010634393,-0.012125156,14.645952,14.1027775,2,25,1,0.99128133,1
73,14,1,1,0,-232.57632,-559.0753,417.47482,-0.010847278,0.0005638279,-0.0008195289,12.762326,3.7972221,2,26,1,0.94632983,1
73,5,1,1,0,236.02777,-471.89145,20.147366,-0.002269342,0.017108334,-0.010008965,16.599007,16.632223,2,27,1,0.9792092,1
73,32,1,1,0,249.62115,-534.71405,298.98755,-0.021529961,-0.015301764,0.015462358,19.415285,20.286388,2,28,1,0.99959517,1
73,26,1,0,0,264.2729,588.42737,249.57645,0.011641085,-0.01699663,-0.0073082778,3.4194722,3.3530555,2,-1,0,0.9298981,1
73,26,1,1,0,264.2729,588.42737,249.57645,0.011641085,-0.01699663,-0.0073082778,20.050138,18.9625,2,29,1,0.96352285,1
73,32,1,0,0,249.62115,-534.71405,298.98755,-0.021529961,-0.015301764,0.015462358,3.1218195,3.1391666,2,-1,0,0.53208065,1
73,30,1,1,0,273.94073,493.94913,239.53767,-0.0053454703,-0.004588439,-0.0020764598,8.90359,7.5825,2,-1,1,0.9596692,1
73,18,1,0,0,-299.53577,95.01041,436.57404,0.01902879,0.03146476,0.011747419,10.747021,10.686389,2,-1,0,0.9929946,1
73,18,1,1,0,-299.53577,95.01041,436.57404,0.01902879,0.03146476,0.011747419,17.068132,17.00639,2,30,1,0.9600202,1
73,2,1,0,0,-312.82788,472.30734,426.6883,0.014655649,-0.013139181,-0.025353331,6.322355,6.313611,2,-1,0,0.9555074,1
73,18,1,0,0,-299.53577,95.01041,436.57404,0.01902879,0.03146476,0.011747419,9.0199375,9.118333,2,-1,0,0.97036797,1
73,17,1,1,0,301.504,422.01434,349.4185,-0.0073373974,0.012438183,0.011994578,18.93984,19.061945,2,31,1,0.99738246,1
73,4,1,1,0,309.42548,97.54354,396.50543,0.013673671,-0.009944647,0.017410684,21.826727,21.7425,2,32,1,0.9037725,1
73,2,1,1,0,-312.82788,472.30734,426.6883,0.014655649,-0.013139181,-0.025353331,22.559652,22.637222,2,33,1,0.9865182,1
73,40,1,1,0,-341.75122,-244.05113,79.81655,0.011275221,-0.026082667,-0.014845118,18.57716,18.598333,2,34,1,0.99391395,1
73,8,1,1,0,320.8734,587.0575,316.65848,-0.027638838,0.00093131117,-0.0053342087,21.397903,17.836111,2,35,1,0.993941,1
73,31,1,0,0,319.62576,419.3129,120.93086,0.0016573363,-0.0003443516,0.011049498,4.584312,4.5713887,2,-1,0,0.9683698,1
73,31,1,1,0,319.62576,419.3129,120.93086,0.0016573363,-0.0003443516,0.011049498,8.153611,8.111667,2,36,1,0.978579,1
73,27,0,0,0,0.0,0.0,0.0,0.0,0.0,0.0,2.726243,2.723611,2,-1,0,0.61815727,1
73,40,1,0,0,-341.75122,-244.05113,79.81655,0.011275221,-0.026082667,-0.014845118,12.116723,12.1725,2,-1,0,0.9873431,1
74,17,1,1,0,-7.882753,-328.9631,367.48587,0.017632993,-0.0070897457,0.006150884,9.328576,9.491944,2,0,1,0.9764664,1
74,25,1,1,0,-3.4298239,145.40681,378.0089,-0.010888171,-0.0026062569,0.0013796627,9.622167,9.4152775,2,1,1,0.99124175,1
74,38,1,1,0,6.6354895,-176.69594,165.48428,0.00664705,-0.018536117,-0.00077723427,22.72351,22.111666,2,2,1,0.8808848,1
74,8,1,0,0,11.950385,190.8223,294.62573,0.020393917,-0.0026621257,-0.020051017,13.233549,12.701389,2,-1,0,0.786059,1
74,17,1,0,0,-7.882753,-328.9631,367.48587,0.017632993,-0.0070897457,0.006150884,8.171604,8.0975,2,-1,0,0.9960348,1
74,34,1,1,0,17.187784,464.90964,228.11404,0.007899612,-0.0053183213,-0.015452794,14.6062155,14.508056,2,3,1,0.9976897,1
74,34,1,0,0,17.187784,464.90964,228.11404,0.007899612,-0.0053183213,-0.015452794,2.9810278,2.9983332,2,-1,0,0.81241405,1
74,34,1,0,0,17.187784,464.90964,228.11404,0.007899612,-0.0053183213,-0.015452794,8.990528,5.7530556,2,-1,0,0.93501544,1
74,30,1,0,0,-43.232555,-166.87192,429.0007,0.014384075,-0.00804656,-0.008252311,5.7785416,5.7119446,2,-1,0,0.9884968,1
74,33,0,0,0,0.0,0.0,0.0,0.0,0.0,0.0,3.1177778,2.9647222,2,-1,0,0.52114826,1
74,11,1,1,0,-21.738317,-41.263966,55.7294,-0.01434066,0.011765795,-0.001350967,17.563305,17.616388,2,4,1,0.996914,1
74,13,1,0,0,46.068043,352.3074,208.589,-0.029549612,0.012350873,-0.0052342704,4.8591666,4.1008334,2,-1,0,0.9917133,1
74,13,1,1,0,46.068043,352.3074,208.589,-0.029549612,0.012350873,-0.0052342704,22.401506,22.250555,2,5,1,0.99999213,1
74,22,1,1,0,-39.869423,-448.43478,266.38202,-0.014871949,-0.02837389,-0.0114258425,30.918472,30.032778,2,6,1,0.99841917,1
74,30,1,1,0,-43.232555,-166.87192,429.0007,0.014384075,-0.00804656,-0.008252311,9.514868,9.1925,2,7,1,0.9951419,1
74,40,1,0,0,82.26192,334.72522,366.6171,-0.025087139,0.0010161652,0.015580399,3.5311806,3.5594444,2,-1,0,0.5557154,1
74,35,1,0,0,-73.534225,103.44968,134.84656,0.044447646,0.0023731661,-0.0061336067,4.3495903,4.345,2,-1,0,0.9853817,1
74,36,1,0,0,62.57466,434.0538,416.00934,0.008490673,0.0033317492,-0.0049742884,6.321451,6.358889,2,-1,0,0.99106675,1
74,35,1,1,0,-73.534225,103.44968,134.84656,0.044447646,0.0023731661,-0.0061336067,35.6957,41.783333,2,8,1,0.9999707,1
74,36,1,1,0,62.57466,434.0538,416.00934,0.008490673,0.0033317492,-0.0049742884,10.59243,10.651111,2,9,1,0.9916957,1
74,8,1,1,0,11.950385,190.8223,294.62573,0.020393917,-0.0026621257,-0.020051017,14.815811,14.540556,2,10,1,0.99098366,1
74,40,1,1,0,82.26192,334.72522,366.6171,-0.025087139,0.0010161652,0.015580399,27.33119,27.386944,2,11,1,0.9994493,1
74,16,1,1,0,73.57127,-46.869343,370.95496,0.014003631,-0.002921433,0.013387646,20.240139,19.34639,2,12,1,0.983214,1
74,9,0,0,0,0.0,0.0,0.0,0.0,0.0,0.0,2.8106596,2.4033334,2,-1,0,0.58334357,1
74,21,0,0,0,0.0,0.0,0.0,0.0,0.0,0.0,3.094111,3.0447223,2,-1,0,0.76620835,1
74,23,1,0,0,-105.77059,-424.67252,347.72125,-0.009546549,-0.012219312,0.011289514,9.173299,9.166111,2,-1,0,0.9788845,1
74,20,1,1,0,109.600624,-150.13371,419.53012,0.0034701687,-0.010246299,0.01602543,18.327494,16.845556,2,13,1,0.9933056,1
74,7,1,1,0,-111.019585,-115.96502,151.60489,-0.010350551,0.010335535,0.01450637,18.632223,18.61111,2,14,1,0.99853516,1
74,23,1,1,0,-105.77059,-424.67252,347.72125,-0.009546549,-0.012219312,0.011289514,9.696291,9.990833,2,15,1,0.996873,1
74,13,0,0,0,0.0,0.0,0.0,0.0,0.0,0.0,2.9839587,2.9444444,2,-1,0,0.66118413,1
74,9,1,1,0,-123.968,145.77542,457.27753,0.014321025,-0.0228427,0.00023181841,28.512909,29.185,2,16,1,0.99949324,1
74,2,1,1,0,126.95456,406.33838,138.52258,-0.0068810065,0.0054527624,-0.0016529164,10.03509,10.067223,2,17,1,0.98849165,1
74,33,1,1,0,128.96053,-102.05696,410.45746,0.00030948964,-0.0018588293,-0.0010562114,3.7496529,3.6408334,2,18,1,0.9735947,1
74,28,1,0,0,150.18623,79.06514,78.62503,-0.018461654,-0.0024700887,0.028837053,6.416694,6.5658336,2,-1,0,0.9986492,1
74,4,1,0,0,-156.38339,-330.74573,382.20895,0.02655946,0.0040234784,0.013083135,4.6914306,4.77,2,-1,0,0.98235565,1
74,2,0,0,0,0.0,0.0,0.0,0.0,0.0,0.0,2.715375,1.6705556,2,-1,0,0.9660841,1
74,28,1,0,0,150.18623,79.06514,78.62503,-0.018461654,-0.0024700887,0.028837053,5.5618467,5.5572224,2,-1,0,0.98935145,1
74,28,1,1,0,150.18623,79.06514,78.62503,-0.018461654,-0.0024700887,0.028837053,20.319662,20.195555,2,19,1,0.9978515,1
74,4,1,1,0,-156.38339,-330.74573,382.20895,0.02655946,0.0040234784,0.013083135,20.21168,20.320278,2,20,1,0.9895054,1
74,4,1,0,0,-156.38339,-330.74573,382.20895,0.02655946,0.0040234784,0.013083135,4.9118056,4.8991666,2,-1,0,0.95226455,1
74,29,1,0,0,-194.82877,417.03275,132.35788,0.011331473,-0.023261808,-0.016554657,10.049882,10.322222,2,-1,0,0.9943761,1
74,3,1,1,0,181.13327,328.94388,407.1666,0.008686803,0.012193456,0.013490096,15.33941,15.176666,2,21,1,0.9808715,1
74,3,1,0,0,181.13327,328.94388,407.1666,0.008686803,0.012193456,0.013490096,3.684,3.6894445,2,-1,0,0.9493064,1
74,29,1,1,0,-194.82877,417.03275,132.35788,0.011331473,-0.023261808,-0.016554657,20.36086,20.25,2,22,1,0.8128212,1
74,29,1,0,0,-194.82877,417.03275,132.35788,0.011331473,-0.023261808,-0.016554657,3.7020416,3.7847223,2,-1,0,0.96341306,1
74,27,1,1,0,-213.35995,212.79523,233.61783,0.019326458,-0.004885036,-0.009357695,7.5704374,7.546389,2,23,1,0.9714608,1
74,26,1,1,0,222.69418,390.01892,356.04755,-0.013876945,-0.016933339,-0.0021942044,22.13315,22.201944,2,24,1,0.9851224,1
74,10,1,1,0,220.59763,41.915565,83.65154,-0.0059545594,-0.0018785478,0.007007424,12.233042,12.154166,2,25,1,0.99157494,1
74,24,1,1,0,-224.60002,-491.81497,456.30597,0.0004669819,0.0040127994,-0.026601026,26.566355,26.580833,2,26,1,0.9994398,1
74,19,1,1,0,233.9964,422.8711,176.09085,-0.028393988,0.011158236,0.0027458717,24.560146,24.431944,2,27,1,0.99881786,1
74,5,1,1,0,-246.73363,539.00665,460.64804,-0.014364956,0.0012562622,-0.011678984,15.668138,14.647778,2,28,1,0.92239237,1
74,15,1,1,0,252.54974,-219.90158,141.7913,0.0020270115,-0.0034112483,-0.020430561,19.782648,19.72889,2,29,1,0.9427289,1
74,31,1,0,0,-257.81955,395.1688,0.76380235,0.0024816783,-0.012312354,0.015758129,7.018257,3.9958334,2,-1,0,0.9920099,1
74,31,1,1,0,-257.81955,395.1688,0.76380235,0.0024816783,-0.012312354,0.015758129,15.700417,15.613611,2,30,1,0.9682054,1
74,39,0,0,0,0.0,0.0,0.0,0.0,0.0,0.0,2.969632,2.8844445,2,-1,0,0.6401338,1
74,12,1,0,0,283.0698,51.179237,294.26587,-0.006751338,-0.010042989,-0.01278351,5.3237567,5.2030554,2,-1,0,0.9861766,1
74,21,1,1,0,277.0366,-393.26508,399.2507,0.00892914,-0.002247032,-0.00033906355,7.339757,7.3461113,2,31,1,0.96626496,1
74,12,1,1,0,283.0698,51.179237,294.26587,-0.006751338,-0.010042989,-0.01278351,11.351272,11.55,2,32,1,0.9967133,1
74,39,1,1,0,-285.99893,-323.82996,314.21872,0.011987427,0.0072604925,-0.03612059,29.770916,29.500555,2,33,1,0.9882569,1
74,39,1,0,0,-285.99893,-323.82996,314.21872,0.011987427,0.0072604925,-0.03612059,4.8256526,4.8436112,2,-1,0,0.9933728,1
74,39,1,0,0,-285.99893,-323.82996,314.21872,0.011987427,0.0072604925,-0.03612059,4.1241803,4.0130553,2,-1,0,0.90626854,1
74,18,1,0,0,330.9695,-249.1421,395.31693,-0.0062547782,-0.01703168,-0.012535022,7.706097,7.8119445,2,-1,0,0.98119986,1
74,1,1,0,0,-344.56128,-51.21857,391.86926,0.021232307,0.015371831,-0.003020319,2.7145696,2.7055554,2,-1,0,0.9364526,1
74,18,1,1,0,330.9695,-249.1421,395.31693,-0.0062547782,-0.01703168,-0.012535022,14.141521,14.191389,2,34,1,0.9960138,1
74,1,1,1,0,-344.56128,-51.21857,391.86926,0.021232307,0.015371831,-0.003020319,11.679056,11.680555,2,35,1,0.92491746,1
74,14,1,1,0,339.47382,418.89078,389.33115,0.006452514,-0.0105521735,0.004588843,11.667757,4.661389,2,36,1,0.9560943,1
74,37,1,0,0,-339.5681,369.783,315.73627,-0.01901802,-0.007004262,0.010116214,7.92932,6.1397223,2,-1,0,0.99307513,1
74,6,1,1,0,-339.68484,-280.54544,171.85977,-0.0338587,0.008602218,0.009090005,25.982563,26.075834,2,37,1,0.9992963,1
74,32,1,1,0,346.2815,-93.272385,181.6495,-0.02236871,-0.0151088545,0.0031818957,28.125923,27.765833,2,38,1,0.9988224,1
74,1,1,0,0,-344.56128,-51.21857,391.86926,0.021232307,0.015371831,-0.003020319,9.328513,9.208333,2,-1,0,0.9803324,1
74,37,1,1,0,-339.5681,369.783,315.73627,-0.01901802,-0.007004262,0.010116214,11.412716,11.396667,2,39,1,0.9810744,1
75,3,1,0,0,-9.495263,545.6641,173.02734,-0.014585482,0.004482206,-0.017226713,2.887361,2.9405556,2,-1,0,0.52026093,1
75,3,1,1,0,-9.495263,545.6641,173.02734,-0.014585482,0.004482206,-0.017226713,24.75537,24.448055,2,0,1,0.94198835,1
75,1,1,0,0,-57.50955,341.99762,369.07352,0.009839381,-0.014189211,-0.024358645,4.4369025,4.232222,2,-1,0,0.9742836,1
75,5,1,1,0,13.041213,105.71813,6.346494,0.018375417,0.019362787,-0.04027452,20.349346,20.411945,2,1,1,0.99999094,1
75,1,1,0,0,-57.50955,341.99762,369.07352,0.009839381,-0.014189211,-0.024358645,3.1271803,3.1275,2,-1,0,0.5734022,1
75,1,1,0,0,-57.50955,341.99762,369.07352,0.009839381,-0.014189211,-0.024358645,5.5745487,5.5905557,2,-1,0,0.97724473,1
75,30,1,1,0,43.114185,491.71082,186.01743,-0.003910832,0.007831332,0.027086006,34.906715,34.24139,2,2,1,0.99858546,1
75,1,1,1,0,-57.50955,341.99762,369.07352,0.009839381,-0.014189211,-0.024358645,20.327702,20.417223,2,3,1,0.9958502,1
75,28,1,1,0,62.4303,104.58423,320.12497,-0.004101466,-0.019882336,-0.023848576,38.14763,33.299446,2,4,1,0.9965702,1
75,15,1,0,0,97.49575,-399.69318,135.17534,-0.033085372,-0.00058094517,-0.03941784,17.398722,17.378334,2,-1,0,0.9958228,1
75,27,1,0,0,-102.50431,491.15237,18.016806,0.020823652,0.026098503,-0.017555272,6.925562,7.0075,2,-1,0,0.99178576,1
75,15,1,1,0,97.49575,-399.69318,135.17534,-0.033085372,-0.00058094517,-0.03941784,41.477345,40.77139,2,5,1,0.9989747,1
75,34,1,1,0,91.34116,262.3142,136.37509,-0.0013788184,-0.0052355146,-0.010940064,12.772424,12.741667,2,6,1,0.98990196,1
75,23,1,1,0,97.54995,-82.08389,8.021824,-0.0033498956,-0.028784456,0.010619329,33.90377,33.803055,2,7,1,0.99865854,1
75,40,1,1,0,-96.67831,183.69379,17.768768,0.010114786,-0.012048661,-0.02953909,31.361097,31.505278,2,8,1,0.9929311,1
75,40,1,0,0,-96.67831,183.69379,17.768768,0.010114786,-0.012048661,-0.02953909,4.0602293,4.0313888,2,-1,0,0.957311,1
75,27,1,1,0,-102.50431,491.15237,18.016806,0.020823652,0.026098503,-0.017555272,36.585186,36.861668,2,9,1,0.9999449,1
75,37,1,1,0,142.9057,-202.25996,454.00092,-0.0064435,-0.015388207,0.0015165816,16.041721,16.126944,2,10,1,0.9999943,1
75,32,1,1,0,-142.04268,137.88002,171.29297,0.007740798,0.00869431,-0.005458614,11.168702,11.3425,2,11,1,0.98288053,1
75,20,1,0,0,-148.00726,583.757,89.65674,0.0024062246,-0.0055979663,-0.013894987,6.5462217,6.3366666,2,-1,0,0.99090487,1
75,20,1,1,0,-148.00726,583.757,89.65674,0.0024062246,-0.0055979663,-0.013894987,16.559471,16.559444,2,12,1,0.98139834,1
75,17,1,1,0,-153.2391,34.856342,3.632492,0.0049725873,-0.018110437,0.008555434,20.263645,20.527779,2,13,1,0.982063,1
75,19,1,1,0,-150.9765,218.84453,121.714195,-0.01516614,-0.0011864452,0.01160868,20.3972,15.388889,2,14,1,0.9762082,1
75,17,1,0,0,-153.2391,34.856342,3.632492,0.0049725873,-0.018110437,0.008555434,3.501,3.5469444,2,-1,0,0.95120734,1
75,4,1,1,0,-161.35193,-71.81958,422.23257,-0.00064746226,0.021849094,-0.020378454,15.987888,16.103611,2,15,1,0.9932643,1
75,4,1,0,0,-161.35193,-71.81958,422.23257,-0.00064746226,0.021849094,-0.020378454,4.9653053,4.7952776,2,-1,0,0.99178594,1
75,38,1,1,0,168.29431,-594.2165,42.95615,-0.010963125,-0.001731159,0.01511323,16.874445,13.493333,2,16,1,0.9982103,1
75,18,1,0,0,180.58754,483.59055,364.80603,0.013663515,0.00846825,0.012455963,3.5734375,3.6608334,2,-1,0,0.962033,1
75,18,1,0,0,180.58754,483.59055,364.80603,0.013663515,0.00846825,0.012455963,7.5763335,7.828889,2,-1,0,0.9725193,1
75,8,1,0,0,189.45607,341.57867,279.17908,0.02665887,0.013391868,-0.023136534,3.774146,3.7522223,2,-1,0,0.9267848,1
75,18,1,1,0,180.58754,483.59055,364.80603,0.013663515,0.00846825,0.012455963,12.394839,12.423056,2,17,1,0.99428093,1
75,8,1,1,0,189.45607,341.57867,279.17908,0.02665887,0.013391868,-0.023136534,26.14593,26.448889,2,18,1,0.98325,1
75,26,1,1,0,196.26302,-402.33563,171.6567,-0.010948741,0.009428536,-0.01203723,17.611355,17.831388,2,19,1,0.99701357,1
75,4,1,0,0,-161.35193,-71.81958,422.23257,-0.00064746226,0.021849094,-0.020378454,3.7795625,3.781389,2,-1,0,0.9615046,1
75,12,1,1,0,194.30815,-253.85614,461.37198,0.031951256,0.017181566,-0.026533546,37.627136,37.616665,2,20,1,0.98902005,1
75,8,1,0,0,189.45607,341.57867,279.17908,0.02665887,0.013391868,-0.023136534,5.863903,5.980278,2,-1,0,0.9674554,1
75,2,1,1,0,199.0273,-480.8057,169.20378,0.0070091784,0.0040084883,-0.0046704747,7.3598475,7.373611,2,21,1,0.98721665,1
75,6,1,0,0,-216.52283,-219.41542,62.428337,0.008986932,-0.022022903,0.019668223,8.203639,8.138889,2,-1,0,0.98857623,1
75,12,1,0,0,194.30815,-253.85614,461.37198,0.031951256,0.017181566,-0.026533546,7.9131184,7.9972224,2,-1,0,0.992249,1
75,9,1,1,0,213.40767,-342.31436,302.27444,-0.009198038,0.012556719,0.0189536,20.339756,20.585833,2,22,1,0.97626835,1
75,6,1,1,0,-216.52283,-219.41542,62.428337,0.008986932,-0.022022903,0.019668223,18.546326,18.628056,2,23,1,0.9827672,1
75,6,1,0,0,-216.52283,-219.41542,62.428337,0.008986932,-0.022022903,0.019668223,4.1865487,4.185278,2,-1,0,0.96498734,1
75,14,1,1,0,-222.71619,-185.2456,95.334114,0.018026251,0.027727118,-0.027121142,45.901337,46.218334,2,24,1,0.9962506,1
75,2,1,0,0,199.0273,-480.8057,169.20378,0.0070091784,0.0040084883,-0.0046704747,4.882806,4.8816667,2,-1,0,0.9949471,1
75,22,1,1,0,230.06761,-147.0218,322.8295,0.017409828,-0.0044645113,0.014841261,23.398577,23.321945,2,25,1,0.988439,1
75,7,1,0,0,-232.90747,-202.25658,335.929,-0.008754139,-0.018176898,-0.004080118,9.478549,9.454722,2,-1,0,0.98357755,1
75,5,0,0,0,0.0,0.0,0.0,0.0,0.0,0.0,2.9646945,2.848611,2,-1,0,0.5724851,1
75,7,1,1,0,-232.90747,-202.25658,335.929,-0.008754139,-0.018176898,-0.004080118,11.545841,11.5825,2,26,1,0.99813926,1
75,21,1,1,0,-240.5646,-589.48016,100.1317,0.0067091635,-0.011843923,0.011693717,18.633932,18.431667,2,27,1,0.9937517,1
75,13,1,1,0,258.20728,-18.566795,377.82217,-0.015977321,-0.0018824823,0.011910282,19.953632,19.982222,2,28,1,0.9421466,1
75,35,1,1,0,-296.91476,-85.27935,370.18332,0.03377134,-0.018446526,-0.0010145371,26.580933,31.829166,2,29,1,0.99111944,1
75,11,1,0,0,290.12564,-586.55206,261.6969,0.017335756,0.005633517,0.0027330304,3.3347223,3.2508333,2,-1,0,0.8849058,1
75,11,1,1,0,290.12564,-586.55206,261.6969,0.017335756,0.005633517,0.0027330304,9.50614,6.5144444,2,-1,1,0.9998647,1
75,36,1,1,0,-299.41223,-289.19604,438.3297,0.011425969,0.02638588,0.0011397065,19.649176,19.86111,2,30,1,0.97699773,1
75,36,1,0,0,-299.41223,-289.19604,438.3297,0.011425969,0.02638588,0.0011397065,4.605417,4.550833,2,-1,0,0.96316475,1
75,29,1,1,0,298.35327,-271.543,380.67194,0.00030422138,-0.015341601,-0.023130002,15.191139,15.244166,2,31,1,0.9807201,1
75,10,1,1,0,-298.00928,-260.75934,441.8179,-0.0090892585,-0.0068195364,0.022074599,20.408854,20.51111,2,32,1,0.9929663,1
75,29,1,0,0,298.35327,-271.543,380.67194,0.00030422138,-0.015341601,-0.023130002,10.304965,10.414722,2,-1,0,0.9804165,1
75,24,1,1,0,315.3409,-219.72653,416.60065,-0.0128708165,-0.005464434,-0.002121425,13.712298,13.614722,2,33,1,0.99135596,1
75,16,1,1,0,-321.63846,249.5029,338.6367,0.00018972842,0.008148119,-0.0037146993,8.57557,8.170555,2,34,1,0.9816564,1
75,25,1,0,0,-330.09143,158.57422,433.94504,0.033114832,0.015680386,0.015560684,10.473931,10.615556,2,-1,0,0.98139566,1
75,25,1,1,0,-330.09143,158.57422,433.94504,0.033114832,0.015680386,0.015560684,24.354921,24.205833,2,35,1,0.99816304,1
75,11,1,0,0,290.12564,-586.55206,261.6969,0.017335756,0.005633517,0.0027330304,7.251458,7.2744446,2,-1,0,0.98859113,1
75,31,1,1,0,-336.28705,-236.92258,417.80554,0.0044722445,0.006830994,-0.0008526199,4.927965,4.7930555,2,36,1,0.9623948,1
75,33,1,0,0,-355.90192,-511.77747,245.70067,0.0029868968,0.039499655,0.0017085118,14.660513,14.502222,2,-1,0,0.9926615,1
75,33,1,1,0,-355.90192,-511.77747,245.70067,0.0029868968,0.039499655,0.0017085118,24.701853,24.9975,2,37,1,0.9999504,1
75,39,1,0,0,357.5338,248.0303,175.02563,-0.0030013127,-0.023614328,0.0071952743,6.124806,6.172222,2,-1,0,0.96994185,1
75,39,1,1,0,357.5338,248.0303,175.02563,-0.0030013127,-0.023614328,0.0071952743,12.071937,12.178056,2,38,1,0.9777514,1
76,31,0,0,0,-33.752472,166.45636,119.29818,0.0076013133,0.016438603,0.0015554635,4.698292,4.362222,2,-1,0,0.9230652,1
76,29,1,0,0,-17.831188,-179.91277,344.18063,-0.010457786,-0.012008556,0.004492597,3.3554168,3.4752777,2,-1,0,0.5870628,1
76,29,1,0,0,-17.831188,-179.91277,344.18063,-0.010457786,-0.012008556,0.004492597,7.3324795,7.321944,2,-1,0,0.9456379,1
76,29,1,1,0,-17.831188,-179.91277,344.18063,-0.010457786,-0.012008556,0.004492597,8.994451,8.962778,2,0,1,0.9908887,1
76,33,1,1,0,26.168,-227.35129,332.97345,0.012369394,0.018062327,-0.020332035,30.021185,29.683332,2,1,1,0.864729,1
76,31,1,1,0,-33.752472,166.45636,119.29818,0.0076013133,0.016438603,0.0015554635,13.434271,13.384167,2,2,1,0.9835709,1
76,16,1,1,0,-34.21308,-238.03235,29.079123,-0.036152706,-0.023633154,-0.0018692141,43.747604,43.781944,2,3,1,0.998604,1
76,31,1,0,0,-33.752472,166.45636,119.29818,0.0076013133,0.016438603,0.0015554635,5.732598,5.631111,2,-1,0,0.9910066,1
76,7,1,1,0,-38.992992,245.1639,200.67032,0.0083125485,-0.0014424794,-0.008785687,13.563535,13.782778,2,-1,1,0.99416274,1
76,16,1,0,0,-34.21308,-238.03235,29.079123,-0.036152706,-0.023633154,-0.0018692141,4.2293334,4.278611,2,-1,0,0.94147015,1
76,25,1,0,0,-55.36378,220.44196,461.1499,-0.0045656594,-0.021688428,-0.007144269,4.62941,4.5805554,2,-1,0,0.9439552,1
76,25,1,1,0,-55.36378,220.44196,461.1499,-0.0045656594,-0.021688428,-0.007144269,20.235138,14.21,2,4,1,0.99582005,1
76,9,1,1,0,-65.31082,-152.89352,253.56479,-0.0047039418,0.00080405787,0.0153683275,18.71993,18.730833,2,5,1,0.99757856,1
76,35,1,1,0,-80.3857,-563.581,50.719975,0.00093922095,0.008928907,-0.0023622815,13.152778,8.506945,2,6,1,0.99243426,1
76,31,1,0,0,35.765694,223.95221,15.0036125,0.0076013133,0.016438603,0.0015554635,7.4874306,7.313889,2,-1,0,0.9297085,1
76,40,1,1,0,-107.236176,480.06003,324.84787,-0.0001879134,0.019610828,0.0036930118,21.478096,21.208334,2,7,1,0.9890087,1
76,30,1,1,0,111.17501,-446.68756,246.70956,-0.022554476,-0.007926339,0.0017483669,25.010916,25.125555,2,8,1,0.99656665,1
76,40,1,0,0,-107.236176,480.06003,324.84787,-0.0001879134,0.019610828,0.0036930118,3.118042,3.21,2,-1,0,0.6005049,1
76,4,1,1,0,118.08856,49.832924,215.06598,0.008895841,0.0034798796,0.004837716,8.113055,8.043056,2,9,1,0.9991211,1
76,36,1,0,0,124.029915,282.31506,415.61514,-0.0022442786,-0.011333556,-0.005618581,3.7018888,3.6347222,2,-1,0,0.95136917,1
76,36,1,1,0,124.029915,282.31506,415.61514,-0.0022442786,-0.011333556,-0.005618581,14.31636,14.369445,2,10,1,0.9824995,1
76,32,1,1,0,-131.39445,169.73343,228.92044,-0.014754446,-0.0015083925,-0.0075700185,19.504807,19.536667,2,11,1,0.9993556,1
76,17,1,0,0,-144.26022,-208.6138,48.674477,0.0053651934,0.024746912,-0.025650049,11.786632,12.192778,2,-1,0,0.9394122,1
76,17,1,1,0,-144.26022,-208.6138,48.674477,0.0053651934,0.024746912,-0.025650049,18.745338,18.878056,2,12,1,0.9949944,1
76,2,0,0,0,0.0,0.0,0.0,0.0,0.0,0.0,24.143528,-1.0,2,-1,0,0.9926047,1
76,37,1,1,0,-157.92586,-119.575455,138.38364,0.007603602,0.011414535,-0.008838185,16.249327,11.382778,2,13,1,0.99860305,1
76,1,1,0,0,175.65034,-422.98532,343.75058,-0.013270943,-0.012153218,-0.0045135524,7.0844793,7.215,2,-1,0,0.97737974,1
76,1,1,1,0,175.65034,-422.98532,343.75058,-0.013270943,-0.012153218,-0.0045135524,14.735063,14.75,2,14,1,0.998652,1
76,3,1,1,0,187.73541,-111.684006,371.25714,-0.0005568744,0.003273056,0.0022932275,4.052889,4.0488887,2,15,1,0.93176776,1
76,27,1,1,0,188.36234,298.44022,68.694466,0.0024308364,0.00062201696,0.0060494617,6.7112293,6.8216667,2,16,1,0.97447,1
76,20,0,0,0,0.0,0.0,0.0,0.0,0.0,0.0,20.008778,-1.0,2,-1,0,0.9937482,1
76,20,0,0,0,0.0,0.0,0.0,0.0,0.0,0.0,13.470291,-1.0,2,-1,0,0.9984566,1
76,20,0,0,0,0.0,0.0,0.0,0.0,0.0,0.0,4.9478197,-1.0,2,-1,0,0.97160786,1
76,21,1,0,0,-225.2539,47.441864,436.06198,0.018826477,-0.008005811,-0.020530002,5.2358127,5.2580557,2,-1,0,0.9726591,1
76,14,1,1,0,-204.53317,113.43054,47.457024,-0.0052455254,0.009316863,0.021197168,12.950124,11.610556,2,17,1,0.9932734,1
76,14,1,0,0,-204.53317,113.43054,47.457024,-0.0052455254,0.009316863,0.021197168,4.5849166,3.8208334,2,-1,0,0.9861616,1
76,12,1,1,0,206.6762,-62.965908,43.41199,0.019947253,0.025581246,0.0076377867,23.918034,23.956944,2,18,1,0.99347794,1
76,14,1,0,0,-204.53317,113.43054,47.457024,-0.0052455254,0.009316863,0.021197168,4.7149935,4.7605557,2,-1,0,0.9779693,1
76,19,0,0,0,0.0,0.0,0.0,0.0,0.0,0.0,34.589764,-1.0,2,-1,0,0.9999075,1
76,21,1,0,0,-225.2539,47.441864,436.06198,0.018826477,-0.008005811,-0.020530002,11.489865,10.976389,2,-1,0,0.99714917,1
76,18,1,1,0,-210.76997,-295.01492,396.29288,-0.0018091648,0.004412101,-0.0007345295,7.074236,2.7416666,2,19,1,0.9964522,1
76,12,1,0,0,206.6762,-62.965908,43.41199,0.019947253,0.025581246,0.0076377867,5.712257,5.715833,2,-1,0,0.9901105,1
76,21,1,0,0,-225.2539,47.441864,436.06198,0.018826477,-0.008005811,-0.020530002,3.7435,3.6558332,2,-1,0,0.9661382,1
76,39,1,1,0,216.01735,476.4968,185.6783,0.0060370453,0.0012807507,-0.007910474,10.444612,10.364722,2,20,1,0.98510045,1
76,21,1,1,0,-225.2539,47.441864,436.06198,0.018826477,-0.008005811,-0.020530002,12.438499,12.31,2,21,1,0.9842345,1
76,11,1,1,0,243.84729,-400.74872,295.14804,-0.013615452,0.006064744,-0.009123294,16.376972,16.618889,2,22,1,0.958375,1
76,11,1,0,0,243.84729,-400.74872,295.14804,-0.013615452,0.006064744,-0.009123294,3.2170002,3.3469443,2,-1,0,0.87707597,1
76,23,1,0,0,254.93541,156.53343,83.09832,-0.004775798,0.006484972,0.028028687,9.708278,9.510834,2,-1,0,0.9957543,1
76,23,1,1,0,254.93541,156.53343,83.09832,-0.004775798,0.006484972,0.028028687,18.464249,17.43389,2,23,1,0.9897439,1
76,13,1,1,0,-259.88382,523.1291,291.31488,-0.0020450107,-0.011475022,0.0051588495,14.567306,12.058611,2,24,1,0.9869505,1
76,6,1,1,0,-273.11273,-134.0799,314.9192,0.03979834,0.008282436,0.00075306394,33.200428,33.31389,2,25,1,0.98321176,1
76,24,1,0,0,-289.43936,570.8219,263.88934,0.016190572,-0.013792136,-0.039505716,5.728507,5.6005554,2,-1,0,0.95885545,1
76,38,1,1,0,268.12344,-149.65544,157.87381,-0.0023771166,0.021145996,-0.003933099,18.16877,18.105556,2,26,1,0.9959487,1
76,28,1,1,0,-268.10828,290.35602,131.37035,-0.010634041,-0.012431004,0.025177198,19.52886,19.595278,2,27,1,0.994747,1
76,24,1,0,0,-289.43936,570.8219,263.88934,0.016190572,-0.013792136,-0.039505716,6.127833,6.183611,2,-1,0,0.98999995,1
76,28,1,0,0,-268.10828,290.35602,131.37035,-0.010634041,-0.012431004,0.025177198,4.520528,4.413611,2,-1,0,0.9677591,1
76,5,1,1,0,273.3459,-559.79584,298.60443,0.01684695,-0.010027652,-0.0023044832,14.479729,14.4275,2,28,1,0.97907376,1
76,24,1,0,0,-289.43936,570.8219,263.88934,0.016190572,-0.013792136,-0.039505716,6.963896,7.0122223,2,-1,0,0.99705255,1
76,24,1,1,0,-289.43936,570.8219,263.88934,0.016190572,-0.013792136,-0.039505716,24.360966,24.620556,2,29,1,0.985145,1
76,8,1,1,0,300.89465,19.033442,329.06772,-0.027094165,0.0037526535,0.009879886,25.702042,25.666111,2,30,1,0.90767825,1
76,34,1,1,0,-302.8599,63.407608,278.74603,-0.020089433,0.00018053477,0.0019380619,17.237675,16.3525,2,-1,1,0.88513356,1
76,22,1,1,0,305.29123,384.46783,165.95282,0.025581669,0.020791173,0.0030044494,14.437548,14.525278,2,31,1,0.9999728,1
76,10,1,1,0,320.49332,429.64014,243.94316,0.0039282194,-0.025848871,-0.0033572658,20.377687,8.942223,2,32,1,0.9958185,1
76,15,1,1,0,321.92038,-498.57834,150.99005,0.030758837,-0.0064654434,0.0043247766,20.815306,7.7955556,2,33,1,0.99910027,1
76,22,1,0,0,305.29123,384.46783,165.95282,0.025581669,0.020791173,0.0030044494,8.183131,8.299444,2,-1,0,0.9766975,1
76,26,1,0,0,331.18112,570.15216,271.69467,0.009275578,0.00668402,0.017135847,8.48075,8.445,2,-1,0,0.9594729,1
76,26,1,1,0,331.18112,570.15216,271.69467,0.009275578,0.00668402,0.017135847,8.837903,7.5172224,2,34,1,0.9634487,1
76,22,1,0,0,305.29123,384.46783,165.95282,0.025581669,0.020791173,0.0030044494,6.1485276,6.206389,2,-1,0,0.97170794,1
77,22,1,1,0,-4.327554,473.24066,206.23169,0.043227416,0.005023626,-0.021225039,7.316528,7.341111,2,0,1,0.9973682,1
77,22,1,0,0,-4.327554,473.24066,206.23169,0.043227416,0.005023626,-0.021225039,4.327083,4.4955554,2,-1,0,0.9240974,1
77,24,1,1,0,17.081438,80.59716,208.91287,-0.0048659197,-0.0026462881,0.0149610685,8.15691,8.050278,2,1,1,0.9940607,1
77,27,1,1,0,-20.77496,568.38086,454.43192,0.010966753,0.005287189,-0.004398292,15.7849655,15.7722225,2,2,1,0.9991922,1
77,13,1,1,0,26.347462,-512.13837,399.32074,0.027168421,-0.006242651,0.012673453,14.9163885,14.930555,2,3,1,0.97712815,1
77,13,1,0,0,26.347462,-512.13837,399.32074,0.027168421,-0.006242651,0.012673453,9.1507845,9.031667,2,-1,0,0.9999732,1
77,13,1,0,0,26.347462,-512.13837,399.32074,0.027168421,-0.006242651,0.012673453,5.7808537,5.972778,2,-1,0,0.9905163,1
77,12,1,1,0,57.29281,327.527,245.39226,-0.0013085068,-0.008931196,0.0056193387,10.583085,9.830277,2,4,1,0.9849305,1
77,21,1,1,0,-59.618504,178.59302,139.17728,-0.023062004,0.011232845,0.0118539985,25.367216,24.538055,2,5,1,0.9985328,1
77,21,1,0,0,-59.618504,178.59302,139.17728,-0.023062004,0.011232845,0.0118539985,4.48275,4.3519444,2,-1,0,0.9671018,1
77,17,1,1,0,-79.609795,-210.65767,397.99762,0.023971777,0.004423065,0.025481835,30.141737,30.189444,2,6,1,0.99085945,1
77,17,1,0,0,-79.609795,-210.65767,397.99762,0.023971777,0.004423065,0.025481835,12.026313,8.1027775,2,-1,0,0.89661837,1
77,33,1,1,0,-89.02851,113.739365,43.344185,0.0041543473,0.044322196,-0.009867276,53.835217,53.7425,2,7,1,0.9988576,1
77,38,1,0,0,102.096,467.64792,153.81769,0.008052587,0.011706044,-0.019454997,6.410153,6.484722,2,-1,0,0.9468546,1
77,38,1,1,0,102.096,467.64792,153.81769,0.008052587,0.011706044,-0.019454997,7.7711945,7.793889,2,8,1,0.9454046,1
77,29,1,1,0,-103.888275,224.72887,84.887924,0.007828857,0.0032019436,0.010433243,13.56123,13.691389,2,9,1,0.99770975,1
77,38,1,0,0,102.096,467.64792,153.81769,0.008052587,0.011706044,-0.019454997,6.195229,6.1016665,2,-1,0,0.84498507,1
77,29,1,0,0,-103.888275,224.72887,84.887924,0.007828857,0.0032019436,0.010433243,4.016431,4.040278,2,-1,0,0.9813814,1
77,2,1,1,0,121.48091,-567.8163,93.54749,0.0011421366,-0.010183511,-0.00014089711,7.844618,7.8977776,2,10,1,0.99139845,1
77,2,1,0,0,121.48091,-567.8163,93.54749,0.0011421366,-0.010183511,-0.00014089711,3.933889,3.9147222,2,-1,0,0.9565761,1
77,25,1,1,0,126.23338,74.18922,4.3932905,-0.010313101,0.026919987,-0.011692159,19.405724,19.449444,2,11,1,0.99063396,1
77,3,1,0,0,132.4172,-137.26831,392.5446,0.0026056333,0.017504899,0.02718562,11.509375,7.9666667,2,-1,0,0.99788684,1
77,3,1,1,0,132.4172,-137.26831,392.5446,0.0026056333,0.017504899,0.02718562,15.311334,15.083889,2,12,1,0.9743368,1
77,5,1,0,0,164.69582,1.5348642,150.34166,0.008537224,0.0041388953,-0.026251586,3.9916182,4.0244446,2,-1,0,0.96965533,1
77,3,1,0,0,132.4172,-137.26831,392.5446,0.0026056333,0.017504899,0.02718562,5.2576246,5.296389,2,-1,0,0.98514795,1
77,39,1,1,0,-148.859,-49.517693,160.50415,-0.009050071,0.028705772,0.01573981,31.452787,31.463055,2,13,1,0.9823582,1
77,39,1,0,0,-148.859,-49.517693,160.50415,-0.009050071,0.028705772,0.01573981,3.517875,3.5616667,2,-1,0,0.77378374,1
77,14,0,0,0,0.0,0.0,0.0,0.0,0.0,0.0,2.8125072,2.7925,2,-1,0,0.5634416,1
77,3,1,0,0,132.4172,-137.26831,392.5446,0.0026056333,0.017504899,0.02718562,4.3910766,4.3366666,2,-1,0,0.93522257,1
77,34,1,0,0,-177.5627,-295.87665,358.38574,0.028518613,-0.0022668806,0.0156214405,4.1324654,4.1494446,2,-1,0,0.98301774,1
77,11,1,0,0,-168.6825,395.96365,254.80621,-0.038506582,-0.0079863835,-0.0012248942,6.967056,6.9244447,2,-1,0,0.95760924,1
77,11,1,0,0,-168.6825,395.96365,254.80621,-0.038506582,-0.0079863835,-0.0012248942,7.981736,7.9052777,2,-1,0,0.96263134,1
77,34,1,1,0,-177.5627,-295.87665,358.38574,0.028518613,-0.0022668806,0.0156214405,30.554966,29.767778,2,14,1,0.9983852,1
77,5,1,1,0,164.69582,1.5348642,150.34166,0.008537224,0.0041388953,-0.026251586,9.398271,9.450833,2,15,1,0.99829084,1
77,28,1,0,0,194.9554,175.46167,221.63464,-0.013453177,-0.009383708,-0.011138865,8.339639,8.329722,2,-1,0,0.9904599,1
77,5,1,0,0,164.69582,1.5348642,150.34166,0.008537224,0.0041388953,-0.026251586,6.1583333,6.1619444,2,-1,0,0.9598443,1
77,11,1,0,0,-168.6825,395.96365,254.80621,-0.038506582,-0.0079863835,-0.0012248942,4.934771,4.952778,2,-1,0,0.9910915,1
77,28,1,1,0,194.9554,175.46167,221.63464,-0.013453177,-0.009383708,-0.011138865,11.65691,11.815278,2,16,1,0.99195546,1
77,11,1,1,0,-168.6825,395.96365,254.80621,-0.038506582,-0.0079863835,-0.0012248942,14.144473,14.155278,2,17,1,0.9999763,1
77,26,1,1,0,193.9706,379.3499,33.060722,0.005766112,-0.014065942,0.053485215,35.480015,35.261665,2,18,1,0.997399,1
77,26,1,0,0,193.9706,379.3499,33.060722,0.005766112,-0.014065942,0.053485215,14.959305,14.229722,2,-1,0,0.99942034,1
77,11,1,0,0,-168.6825,395.96365,254.80621,-0.038506582,-0.0079863835,-0.0012248942,2.8570557,2.8655555,2,-1,0,0.7980125,1
77,26,1,0,0,193.9706,379.3499,33.060722,0.005766112,-0.014065942,0.053485215,3.6829996,3.5208333,2,-1,0,0.9137284,1
77,6,1,0,0,216.05391,53.09896,304.91165,-0.039514042,-0.015493728,-0.052656386,11.865334,11.865278,2,-1,0,0.9740297,1
77,6,1,1,0,216.05391,53.09896,304.91165,-0.039514042,-0.015493728,-0.052656386,41.966022,57.642223,2,19,1,1.0,1
77,10,1,1,0,-209.22787,139.17982,378.5431,0.004323012,0.019009061,0.0070337416,20.998419,20.526112,2,20,1,0.995522,1
77,9,1,1,0,-239.07066,-110.582535,285.54773,0.043221783,0.023507075,0.016124718,28.702957,28.709167,2,21,1,0.91061676,1
77,9,1,0,0,-239.07066,-110.582535,285.54773,0.043221783,0.023507075,0.016124718,5.58884,5.455278,2,-1,0,0.9991991,1
77,9,1,0,0,-239.07066,-110.582535,285.54773,0.043221783,0.023507075,0.016124718,17.77891,17.744444,2,-1,0,0.9553135,1
77,20,1,1,0,236.7251,114.349945,276.53055,-9.446723e-05,-0.012840955,0.020192694,17.220278,17.2125,2,22,1,0.956002,1
77,20,1,0,0,236.7251,114.349945,276.53055,-9.446723e-05,-0.012840955,0.020192694,6.6572776,6.6597223,2,-1,0,0.98863554,1
77,20,1,0,0,236.7251,114.349945,276.53055,-9.446723e-05,-0.012840955,0.020192694,4.9299865,4.8855557,2,-1,0,0.97629046,1
77,15,1,1,0,-245.61806,587.6226,164.64745,-0.010544173,-0.013389877,0.023262037,21.586445,21.665277,2,23,1,0.9931125,1
77,4,1,1,0,-256.02243,-279.98108,362.86337,0.013611127,0.015067059,-0.009255296,21.276089,21.544445,2,24,1,0.99202347,1
77,4,1,0,0,-256.02243,-279.98108,362.86337,0.013611127,0.015067059,-0.009255296,3.1412294,3.1108334,2,-1,0,0.9474589,1
77,15,1,0,0,-245.61806,587.6226,164.64745,-0.010544173,-0.013389877,0.023262037,5.2756944,5.4130554,2,-1,0,0.9895897,1
77,8,1,1,0,-268.0085,-89.76861,143.35043,0.007165711,0.0054336847,0.005635366,9.564438,9.573334,2,25,1,0.95644075,1
77,16,1,1,0,268.79883,-66.117516,114.8032,0.014555429,0.012559217,0.011503064,21.983047,17.3575,2,26,1,0.99510795,1
77,31,1,0,0,-310.43695,197.99898,274.3071,-0.022148285,-0.014844061,0.018348966,6.3487153,6.1519446,2,-1,0,0.9889221,1
77,37,1,0,0,326.02148,-205.83656,18.781382,-0.014848334,-0.008155807,0.0023158696,6.0089865,5.9308333,2,-1,0,0.9822096,1
77,31,1,1,0,-310.43695,197.99898,274.3071,-0.022148285,-0.014844061,0.018348966,14.768056,15.111111,2,27,1,0.9840014,1
77,30,1,1,0,-310.5382,-39.863182,312.85587,-0.011544229,0.003414101,-0.025515748,23.487131,23.448889,2,28,1,0.9932468,1
77,31,1,0,0,-310.43695,197.99898,274.3071,-0.022148285,-0.014844061,0.018348966,5.8214235,5.688889,2,-1,0,0.98343384,1
77,35,1,1,0,-311.18848,354.14142,342.29385,-0.0034325316,-0.00036426375,0.0042734537,4.927875,5.0225,2,29,1,0.9891706,1
77,18,1,0,0,-314.08148,-174.13182,61.29021,0.0030761824,-0.011484053,-0.013274145,4.882375,3.0911112,2,-1,0,0.9755275,1
77,18,1,1,0,-314.08148,-174.13182,61.29021,0.0030761824,-0.011484053,-0.013274145,12.480855,12.452222,2,30,1,0.9917344,1
77,36,1,0,0,-328.8297,-88.08878,391.50418,0.007437409,-0.018086242,-0.027647387,10.483069,10.561111,2,-1,0,0.97583073,1
77,23,1,0,0,317.20078,424.30286,100.80385,0.019702323,0.0016856696,-0.024499845,9.467772,9.720555,2,-1,0,0.9967893,1
77,37,1,1,0,326.02148,-205.83656,18.781382,-0.014848334,-0.008155807,0.0023158696,11.142625,9.084444,2,32,1,0.9493692,1
77,18,1,0,0,-314.08148,-174.13182,61.29021,0.0030761824,-0.011484053,-0.013274145,4.764014,4.72,2,-1,0,0.9508152,1
77,14,1,0,0,324.74692,405.1704,99.61725,0.0018571573,0.029372457,-0.008780456,11.590069,7.1405554,2,-1,0,0.99307513,1
77,36,1,1,0,-328.8297,-88.08878,391.50418,0.007437409,-0.018086242,-0.027647387,21.36973,20.4,2,33,1,0.99636203,1
77,14,1,1,0,324.74692,405.1704,99.61725,0.0018571573,0.029372457,-0.008780456,14.723583,14.723611,2,34,1,0.9939819,1
77,14,1,0,0,324.74692,405.1704,99.61725,0.0018571573,0.029372457,-0.008780456,3.7368054,3.6508334,2,-1,0,0.98201287,1
77,31,1,0,0,-310.43695,197.99898,274.3071,-0.022148285,-0.014844061,0.018348966,3.7595556,3.7725,2,-1,0,0.9594934,1
77,7,1,1,0,347.9345,-328.08575,208.34114,-0.012503958,-0.0023082122,-0.009821661,15.847028,15.964444,2,35,1,0.9587218,1
77,1,1,1,0,360.87787,390.2742,248.53214,-0.0009075144,-0.01578262,0.020669932,21.077835,17.610556,2,36,1,0.9326214,1
78,7,1,1,0,14.872488,-226.239,428.75046,-0.002909284,-0.0023494486,-0.005485567,7.774556,7.798333,2,0,1,0.9615338,1
78,26,1,1,0,-14.725466,241.70265,431.90347,0.0019534656,-0.00167613,-0.0009547303,3.9443817,3.8072221,2,1,1,0.7398891,1
78,40,1,1,0,-20.766073,418.39264,160.10799,0.013838292,0.0028612933,0.0017830458,16.512043,16.632223,2,2,1,0.9221648,1
78,11,1,1,0,27.012941,-511.75073,365.1277,0.01796541,-0.0379347,0.0050434354,47.83975,37.488335,2,3,1,0.99927783,1
78,16,1,1,0,-33.94037,45.327133,263.004,0.00077770563,0.006372924,0.010147404,13.185979,12.893333,2,4,1,0.9959637,1
78,11,1,0,0,27.012941,-511.75073,365.1277,0.01796541,-0.0379347,0.0050434354,4.7249722,4.571944,2,-1,0,0.9840816,1
78,23,1,1,0,-51.638546,295.7491,107.21193,0.001766948,0.0060873777,-0.0034451843,8.284625,8.330556,2,5,1,0.9984308,1
78,22,1,0,0,-52.783535,254.90843,273.05765,0.010965103,-0.025558257,-0.00024862017,9.05141,9.026944,2,-1,0,0.97357506,1
78,30,0,0,0,0.0,0.0,0.0,0.0,0.0,0.0,3.7259376,3.8322222,2,-1,0,0.5792137,1
78,34,1,0,0,68.74851,244.41501,246.89885,-0.013794435,0.018255148,-0.024233824,4.5698533,4.5394444,2,-1,0,0.93991214,1
78,34,1,1,0,68.74851,244.41501,246.89885,-0.013794435,0.018255148,-0.024233824,31.61432,31.271389,2,6,1,0.98963565,1
78,22,1,1,0,-52.783535,254.90843,273.05765,0.010965103,-0.025558257,-0.00024862017,17.900347,17.813334,2,7,1,0.878938,1
78,8,1,0,0,-100.01385,523.84863,235.74968,0.038165994,-0.009038094,0.028343195,8.62225,8.482778,2,-1,0,0.96356136,1
78,6,1,0,0,81.3313,8.713254,241.94533,-0.0049406076,-0.0062600216,0.0012343602,3.0426247,2.9780555,2,-1,0,0.6166503,1
78,6,1,1,0,81.3313,8.713254,241.94533,-0.0049406076,-0.0062600216,0.0012343602,9.699265,9.555,2,8,1,0.9802793,1
78,20,0,0,0,0.0,0.0,0.0,0.0,0.0,0.0,2.7830832,2.7386112,2,-1,0,0.56274205,1
78,1,1,1,0,-86.86121,-21.814528,392.94403,-0.013226779,-0.011526001,-0.034663618,31.731155,31.946667,2,9,1,0.99860007,1
78,8,1,1,0,-100.01385,523.84863,235.74968,0.038165994,-0.009038094,0.028343195,44.27828,45.7925,2,10,1,0.9908875,1
78,38,1,1,0,101.17407,-484.15494,436.02597,-0.0024515789,0.016861938,-0.006600086,16.159986,15.941389,2,11,1,0.997757,1
78,27,1,0,0,137.89917,-385.78732,91.501526,-0.009705422,-0.010507727,0.024989715,4.2466598,4.188889,2,-1,0,0.9747346,1
78,3,1,0,0,123.82066,216.88214,109.753044,0.023889353,0.020368997,0.011572492,3.3666873,3.2919445,2,-1,0,0.9097816,1
78,25,1,1,0,122.812515,431.376,170.15833,0.01770384,-0.009815818,0.0015452913,15.303437,15.378889,2,12,1,0.9580291,1
78,3,1,1,0,123.82066,216.88214,109.753044,0.023889353,0.020368997,0.011572492,30.995028,31.149723,2,13,1,0.9577341,1
78,3,1,0,0,123.82066,216.88214,109.753044,0.023889353,0.020368997,0.011572492,3.3461666,3.4277778,2,-1,0,0.7771083,1
78,31,1,1,0,-132.44629,106.21029,27.458172,-0.005493376,-0.011670441,-0.0044896076,15.097847,15.055833,2,14,1,0.98694927,1
78,10,1,1,0,134.85059,151.30235,446.50516,0.0059734816,0.0022390499,0.0016226425,7.0402007,7.0972223,2,15,1,0.99900013,1
78,27,1,1,0,137.89917,-385.78732,91.501526,-0.009705422,-0.010507727,0.024989715,29.504688,29.748333,2,16,1,0.9919652,1
78,29,1,1,0,136.98405,595.5751,110.78249,0.012067822,0.012455114,-0.010354583,13.956716,13.917222,2,17,1,0.9983707,1
78,5,0,0,0,0.0,0.0,0.0,0.0,0.0,0.0,9.836166,-1.0,2,-1,0,0.99995065,1
78,3,1,0,0,-156.8722,264.12085,12.151508,0.023889353,0.020368997,0.011572492,2.6176598,2.6247222,2,-1,0,0.6652006,1
78,3,1,0,0,-156.8722,264.12085,12.151508,0.023889353,0.020368997,0.011572492,3.4945834,3.5691667,2,-1,0,0.9253727,1
78,10,0,0,0,0.0,0.0,0.0,0.0,0.0,0.0,2.5979373,2.5377777,2,-1,0,0.56386983,1
78,28,1,1,0,181.55042,-246.41512,266.685,0.007188046,0.0026791336,0.0028141271,4.4934444,4.5891666,2,18,1,0.9550365,1
78,28,1,0,0,181.55042,-246.41512,266.685,0.007188046,0.0026791336,0.0028141271,3.423889,3.3625,2,-1,0,0.55965,1
78,35,1,0,0,188.08403,-285.63394,463.60263,-0.0024926937,-0.00019238808,-0.027223455,4.7588058,4.6866665,2,-1,0,0.98143905,1
78,35,1,1,0,188.08403,-285.63394,463.60263,-0.0024926937,-0.00019238808,-0.027223455,25.101194,25.083055,2,19,1,0.9883194,1
78,14,1,1,0,190.78406,168.35774,272.99063,0.0042341985,0.023458308,-0.0056138164,26.40066,26.122223,2,20,1,0.999369,1
78,25,1,0,0,122.812515,431.376,170.15833,0.01770384,-0.009815818,0.0015452913,3.183604,3.26,2,-1,0,0.7983112,1
78,28,1,0,0,181.55042,-246.41512,266.685,0.007188046,0.0026791336,0.0028141271,3.1858056,3.1508334,2,-1,0,0.8970852,1
78,15,1,1,0,198.47107,537.0872,130.76062,0.01014022,-0.0030765135,0.0016633571,8.198833,8.16,2,21,1,0.9682027,1
78,20,1,1,0,210.73592,-399.37927,162.83162,0.0020242676,0.010159855,0.009154015,10.300459,10.5875,2,22,1,0.9972372,1
78,20,1,0,0,210.73592,-399.37927,162.83162,0.0020242676,0.010159855,0.009154015,7.978181,7.925833,2,-1,0,0.9935289,1
78,20,1,0,0,210.73592,-399.37927,162.83162,0.0020242676,0.010159855,0.009154015,6.4821806,6.4158335,2,-1,0,0.96937627,1
78,36,1,1,0,220.06583,-338.20398,356.301,0.026086368,0.0021965047,-0.023013655,20.595625,20.713333,2,23,1,0.9767246,1
78,36,1,0,0,220.06583,-338.20398,356.301,0.026086368,0.0021965047,-0.023013655,7.5786533,7.6655555,2,-1,0,0.9880574,1
78,36,1,0,0,220.06583,-338.20398,356.301,0.026086368,0.0021965047,-0.023013655,8.784437,8.894167,2,-1,0,0.99672073,1
78,32,0,0,0,0.0,0.0,0.0,0.0,0.0,0.0,22.37237,-1.0,2,-1,0,0.96615887,1
78,4,1,1,0,250.8793,-293.4657,410.83795,-0.0045034047,-0.014135069,0.0043739206,10.615272,8.993055,2,24,1,0.9855019,1
78,4,1,0,0,250.8793,-293.4657,410.83795,-0.0045034047,-0.014135069,0.0043739206,7.7147646,7.4480557,2,-1,0,0.9752481,1
78,21,1,1,0,259.1046,289.14392,140.1448,-0.00791535,-0.021767776,0.009684828,22.284653,22.098055,2,25,1,0.9757327,1
78,2,1,1,0,-263.73367,-498.43597,276.70093,0.019727265,0.014213221,-0.010371974,27.39091,27.113611,2,26,1,0.98919487,1
78,21,1,0,0,259.1046,289.14392,140.1448,-0.00791535,-0.021767776,0.009684828,4.054833,4.140278,2,-1,0,0.94906497,1
78,37,1,1,0,259.87552,-187.99048,257.75037,0.002570243,0.00457273,-0.012278096,11.175366,7.678056,2,27,1,0.9757889,1
78,37,0,0,0,0.0,0.0,0.0,0.0,0.0,0.0,4.5617085,-1.0,2,-1,0,0.96990395,1
78,18,1,0,0,-326.52814,-98.156586,425.00043,0.03371866,0.0074154246,0.027557256,11.607562,11.746667,2,-1,0,0.9578341,1
78,13,1,1,0,-290.9692,-273.12927,397.80057,-0.025454542,-0.013063586,-0.01594162,27.269833,24.611666,2,28,1,0.99768734,1
78,30,1,1,0,-295.24783,250.4983,100.07188,-0.007811073,0.025936976,0.041488767,22.755928,22.185,2,29,1,0.8450286,1
78,30,1,0,0,-295.24783,250.4983,100.07188,-0.007811073,0.025936976,0.041488767,7.7950077,7.878889,2,-1,0,0.9941787,1
78,30,1,0,0,-295.24783,250.4983,100.07188,-0.007811073,0.025936976,0.041488767,6.46232,6.2644444,2,-1,0,0.9949873,1
78,30,1,0,0,-295.24783,250.4983,100.07188,-0.007811073,0.025936976,0.041488767,8.915091,8.697778,2,-1,0,0.99486977,1
78,5,1,1,0,-219.59184,187.83208,398.32138,-0.0012402796,-0.015260056,-0.009260183,3.483743,3.43,2,30,1,0.81392395,1
78,33,1,1,0,316.73795,12.047413,242.51169,0.004614641,0.008424977,0.002651659,6.490465,4.831111,2,31,1,0.99656856,1
78,18,1,1,0,-326.52814,-98.156586,425.00043,0.03371866,0.0074154246,0.027557256,25.105673,22.35,2,32,1,0.99477565,1
78,24,1,0,0,-322.5216,465.01254,243.6962,-0.017181255,-0.017949121,0.0039230986,10.702222,3.1991668,2,-1,0,0.9828461,1
78,12,1,1,0,324.27676,-62.85549,57.02199,-0.01173541,-0.00076600496,-0.023636837,22.072035,22.124166,2,33,1,0.96010035,1
78,39,1,1,0,335.2101,557.97723,36.484337,-0.013641849,-0.017758904,0.00903156,18.3543,18.231112,2,34,1,0.9976646,1
78,9,1,1,0,-346.9223,48.09771,414.6644,-0.0035253083,0.0063375775,-0.007458537,10.332904,5.1994443,2,35,1,0.97813565,1
78,19,1,1,0,347.41757,36.780132,19.255058,-0.0026909546,-0.002661675,0.0031670302,4.5316734,4.583611,2,36,1,0.98028874,1
78,33,1,0,0,316.73795,12.047413,242.51169,0.004614641,0.008424977,0.002651659,3.0284584,3.0369444,2,-1,0,0.8751215,1
78,19,1,0,0,347.41757,36.780132,19.255058,-0.0026909546,-0.002661675,0.0031670302,3.8696735,3.9222221,2,-1,0,0.99635303,1
78,7,0,0,0,0.0,0.0,0.0,0.0,0.0,0.0,2.3880138,2.3930554,2,-1,0,0.5767206,1
78,24,1,1,0,-322.5216,465.01254,243.6962,-0.017181255,-0.017949121,0.0039230986,11.1570425,11.1652775,2,37,1,0.98891556,1
78,17,1,1,0,-359.7037,-256.7083,134.60182,-0.019811278,-0.004943954,-0.001959005,7.1367016,7.0616665,2,-1,1,0.94359493,1
79,6,1,1,0,-12.292596,-35.583714,340.0572,-0.007835058,-0.008286231,-0.0032373467,10.826243,10.6625,2,0,1,0.981244,1
79,36,1,1,0,20.290798,395.60767,227.2604,-0.011360217,-0.009293318,0.017527567,7.9972916,8.015278,2,-1,1,0.9998275,1
79,5,1,1,0,-22.52554,-536.8051,152.3314,-0.005740391,-0.012980427,-0.009389005,17.299603,17.211945,2,1,1,0.9785896,1
79,32,1,1,0,-26.038067,115.780205,283.18723,0.015405111,0.01364263,-0.011309913,28.122887,27.952223,2,2,1,0.9902794,1
79,13,1,1,0,30.011328,-492.31488,43.194378,-0.009353638,-0.014932281,0.0062113944,17.292341,17.651667,2,3,1,0.95981455,1
79,9,1,1,0,-52.850338,-493.61044,23.0754,0.006532693,-0.00578921,0.0032067709,11.249896,11.064445,2,4,1,0.96947294,1
79,24,1,1,0,57.48193,169.23033,159.78262,0.020264959,0.045789994,-0.021021081,58.558037,58.720833,2,5,1,0.9816704,1
79,24,1,0,0,57.48193,169.23033,159.78262,0.020264959,0.045789994,-0.021021081,3.7810833,3.7625,2,-1,0,0.9674078,1
79,29,1,1,0,-75.21866,-165.81035,63.317867,0.030089581,-0.023897586,0.0072408994,32.434834,32.256943,2,6,1,1.0,1
79,29,1,0,0,-75.21866,-165.81035,63.317867,0.030089581,-0.023897586,0.0072408994,3.266639,3.2613888,2,-1,0,0.78284013,1
79,39,1,1,0,-100.45721,606.46906,182.95465,-0.0050504,-0.023491828,-0.017661784,6.5089655,6.637778,2,7,1,0.9835494,1
79,17,1,1,0,-100.06558,-83.86018,344.42102,-0.010412149,0.0115955705,-0.015954373,21.399319,21.336666,2,8,1,0.99060446,1
79,25,1,1,0,113.48317,491.77554,359.66583,0.010747183,-0.008365173,0.02287644,25.190355,23.902222,2,9,1,0.975846,1
79,2,1,1,0,124.22305,220.93109,163.17252,-0.008149962,0.011637772,-0.0030617374,14.259014,14.513889,2,10,1,0.9790515,1
79,26,1,1,0,-141.67519,320.71387,321.89944,0.0049912375,-0.009609454,0.0017094049,10.9815,10.988611,2,11,1,0.98020405,1
79,28,1,1,0,-144.47493,320.17096,57.91044,-0.016456632,-0.00028530767,-0.0029931453,10.706973,10.05,2,12,1,0.98187345,1
79,30,1,1,0,144.6811,363.14526,121.30251,-0.00096014567,-0.010004919,0.026734069,16.242813,16.2625,2,13,1,0.98116034,1
79,30,1,0,0,144.6811,363.14526,121.30251,-0.00096014567,-0.010004919,0.026734069,12.696888,12.75,2,-1,0,0.9861888,1
79,10,1,1,0,-173.61827,159.64046,31.910881,0.01149985,0.004568026,0.02721112,28.471119,28.33639,2,14,1,0.9773746,1
79,23,1,1,0,179.13408,-399.69022,9.105326,-0.004832856,-0.0033251927,0.008350636,11.67241,8.150278,2,15,1,0.98612446,1
79,37,1,0,0,198.70099,-237.48634,291.20282,-0.041352358,-0.0031801278,-0.022364108,21.487667,21.5275,2,-1,0,0.99390584,1
79,33,1,1,0,-182.11977,-336.69366,304.33032,-0.0055488474,0.008987596,0.0031596906,12.022763,12.005278,2,16,1,0.9824956,1
79,39,0,0,0,0.0,0.0,0.0,0.0,0.0,0.0,3.1440554,3.095,2,-1,0,0.70324254,1
79,37,1,1,0,198.70099,-237.48634,291.20282,-0.041352358,-0.0031801278,-0.022364108,27.592834,27.61389,2,17,1,0.9997941,1
79,11,1,1,0,199.82176,-599.91754,436.88986,0.0036214858,0.023588078,0.013674498,16.34441,16.415833,2,18,1,0.98957264,1
79,11,1,0,0,199.82176,-599.91754,436.88986,0.0036214858,0.023588078,0.013674498,7.3176737,7.268611,2,-1,0,0.9933675,1
79,18,1,1,0,-215.29565,-30.900461,101.77701,-0.020657143,0.00931068,0.0024080046,22.880194,22.971666,2,19,1,0.9999864,1
79,28,1,0,0,-144.47493,320.17096,57.91044,-0.016456632,-0.00028530767,-0.0029931453,4.2526736,4.2544446,2,-1,0,0.8480865,1
79,3,1,0,0,-244.07645,-229.15907,60.786976,0.024732621,0.0081058955,0.01006108,13.607375,13.748889,2,-1,0,0.98232865,1
79,3,1,1,0,-244.07645,-229.15907,60.786976,0.024732621,0.0081058955,0.01006108,13.956737,13.868889,2,20,1,0.99314684,1
79,15,1,1,0,-240.25279,-46.524696,458.56946,-0.015160291,0.025601417,-0.011485266,23.298077,17.604445,2,21,1,0.99285126,1
79,27,1,0,0,-245.68486,240.90575,422.31638,-0.0027944318,0.006354267,-0.019691704,9.600541,9.370277,2,-1,0,0.99457383,1
79,27,1,1,0,-245.68486,240.90575,422.31638,-0.0027944318,0.006354267,-0.019691704,9.98082,10.101111,2,22,1,0.97620606,1
79,16,1,1,0,268.68304,333.9753,225.08595,-0.019612415,-0.0044069295,0.007710625,22.06025,22.235556,2,23,1,0.9981712,1
79,4,1,1,0,-274.51205,163.51021,415.00937,-0.003431549,-0.008932434,0.024475753,13.970251,13.900833,2,24,1,0.99792224,1
79,34,1,1,0,-278.3848,73.50311,331.78137,0.020675069,-0.016346123,0.011978818,28.279661,28.386389,2,25,1,0.9724736,1
79,4,1,0,0,-274.51205,163.51021,415.00937,-0.003431549,-0.008932434,0.024475753,7.257104,7.2008333,2,-1,0,0.9912907,1
79,7,1,0,0,-318.68445,263.55994,299.58893,0.029510155,-0.0016004578,0.012536991,9.664952,9.839444,2,-1,0,0.9775753,1
79,1,0,0,0,0.0,0.0,0.0,0.0,0.0,0.0,26.65034,-1.0,2,-1,0,0.9985765,1
79,22,1,1,0,295.82556,236.41124,38.98692,0.016065475,-0.01939201,-0.026234237,33.720566,33.50639,2,26,1,0.9982337,1
79,1,0,0,0,0.0,0.0,0.0,0.0,0.0,0.0,4.673736,-1.0,2,-1,0,0.97559017,1
79,8,1,1,0,-304.635,-207.86444,277.71466,-0.032982044,-0.0074444865,0.023003777,25.413208,25.727777,2,27,1,0.9855659,1
79,12,1,1,0,-313.95645,226.5029,197.64586,0.023922982,-0.01856881,-0.0049380525,25.039436,24.905834,2,28,1,0.998705,1
79,12,1,0,0,-313.95645,226.5029,197.64586,0.023922982,-0.01856881,-0.0049380525,4.716875,4.7116666,2,-1,0,0.9752705,1
79,7,1,1,0,-318.68445,263.55994,299.58893,0.029510155,-0.0016004578,0.012536991,14.908069,14.935555,2,29,1,0.9700946,1
79,7,1,0,0,-318.68445,263.55994,299.58893,0.029510155,-0.0016004578,0.012536991,7.1075,6.817222,2,-1,0,0.99970514,1
79,14,1,1,0,-319.08548,375.9953,74.78082,-0.006852057,-0.020152085,0.004698555,20.902306,20.817778,2,30,1,0.9997491,1
79,8,1,0,0,-304.635,-207.86444,277.71466,-0.032982044,-0.0074444865,0.023003777,10.500195,10.430278,2,-1,0,0.9800702,1
79,35,1,1,0,-327.71658,293.59692,242.25932,-0.010285952,-0.02313011,-0.013615104,24.128056,21.918888,2,31,1,0.9923392,1
79,31,1,1,0,-330.51736,477.1613,70.11894,-0.0013869944,0.0065004746,-0.014109735,12.262071,12.496388,2,32,1,0.98854405,1
79,20,1,1,0,-331.6382,10.993776,205.0517,-0.009314315,-0.004878789,0.013870058,14.818403,14.973889,2,33,1,0.99657434,1
79,19,1,1,0,-343.68213,146.18735,93.259926,0.006336248,-0.0059714583,0.009693206,13.942334,12.516945,2,34,1,0.9711287,1
79,38,1,1,0,-353.82446,-71.131035,274.00217,-0.0062474636,0.02839045,0.013733621,20.545507,15.303056,2,35,1,0.99947715,1
79,38,1,0,0,-353.82446,-71.131035,274.00217,-0.0062474636,0.02839045,0.013733621,10.461264,10.563889,2,-1,0,0.99611616,1
79,21,1,0,0,362.61636,462.4718,289.10944,-0.0013291052,-0.0013400216,0.007800769,4.416375,4.307778,2,-1,0,0.9749439,1
79,21,1,1,0,362.61636,462.4718,289.10944,-0.0013291052,-0.0013400216,0.007800769,6.063507,5.898889,2,36,1,0.9907032,1
80,11,1,1,0,-32.310062,523.74475,453.96683,0.025504613,-0.0023080113,0.025396343,41.718235,41.72333,2,0,1,0.9940917,1
80,7,1,0,0,-38.5986,381.32883,372.91895,-0.0061627715,-0.009951856,-0.002336376,5.2756667,5.2727776,2,-1,0,0.9793627,1
80,38,1,0,0,-32.325012,123.67744,446.957,-0.0029804315,-0.005204686,0.034153827,8.107451,7.2733335,2,-1,0,0.9872796,1
80,38,1,1,0,-32.325012,123.67744,446.957,-0.0029804315,-0.005204686,0.034153827,28.21114,28.248056,2,1,1,0.9986707,1
80,1,1,1,0,-42.097748,385.76675,183.07344,0.019901512,-0.006386522,-0.013171021,28.398443,28.839722,2,2,1,0.998872,1
80,7,1,1,0,-38.5986,381.32883,372.91895,-0.0061627715,-0.009951856,-0.002336376,15.585486,6.3191667,2,3,1,0.9998189,1
80,32,0,0,0,0.0,0.0,0.0,0.0,0.0,0.0,18.41907,-1.0,2,-1,0,0.9580607,1
80,24,1,1,0,62.861275,-50.99402,385.02975,0.012850898,0.020874241,0.00051811023,20.814957,20.737223,2,4,1,0.9963864,1
80,24,1,0,0,62.861275,-50.99402,385.02975,0.012850898,0.020874241,0.00051811023,6.1316037,5.185,2,-1,0,0.9913857,1
80,35,1,1,0,65.2357,6.403038,419.84763,-0.002039599,-0.011594475,0.008121665,12.316585,12.35,2,6,1,0.9850225,1
80,3,1,1,0,-80.94761,-364.29327,67.36141,0.0042736977,-0.009766745,-0.009178263,6.279444,6.2777777,2,7,1,0.96427965,1
80,3,1,0,0,-80.94761,-364.29327,67.36141,0.0042736977,-0.009766745,-0.009178263,6.3016114,6.1702776,2,-1,0,0.9841049,1
80,29,1,1,0,-84.50206,-534.0631,175.06662,-0.004613023,0.020304902,-0.021371419,14.853005,14.928611,2,8,1,0.9688348,1
80,29,1,0,0,-84.50206,-534.0631,175.06662,-0.004613023,0.020304902,-0.021371419,10.281466,10.485833,2,-1,0,0.9913005,1
80,29,1,0,0,-84.50206,-534.0631,175.06662,-0.004613023,0.020304902,-0.021371419,8.018577,8.066944,2,-1,0,0.99119264,1
80,34,0,0,0,0.0,0.0,0.0,0.0,0.0,0.0,2.7440279,2.8419445,2,-1,0,0.6190281,1
80,10,1,1,0,91.06726,-468.9903,178.00575,0.008353028,0.0063146115,0.011375886,16.859444,16.914167,2,9,1,0.9959852,1
80,40,1,1,0,104.384224,-148.72464,73.51602,-0.0088993125,0.011893435,-0.014585691,22.965944,22.946112,2,10,1,0.9967487,1
80,20,1,1,0,-117.35936,-124.64261,94.56588,-0.006111629,-0.022833453,0.005800226,28.167187,19.225834,2,11,1,0.99861205,1
80,33,0,0,0,0.0,0.0,0.0,0.0,0.0,0.0,6.11241,-1.0,2,-1,0,0.9983525,1
80,15,1,1,0,130.36115,592.11847,70.314415,-0.017312504,0.009400588,0.011005176,22.104544,22.120556,2,12,1,0.99939895,1
80,6,1,1,0,134.77116,-117.32732,122.19798,0.0017174089,0.009204332,-0.009570676,12.085278,12.342778,2,13,1,0.9847941,1
80,4,1,1,0,138.29846,364.0012,263.8726,0.0042889076,0.004462254,-0.0015121266,6.9013953,6.8794446,2,14,1,0.9582215,1
80,6,1,0,0,134.77116,-117.32732,122.19798,0.0017174089,0.009204332,-0.009570676,3.289743,3.2805555,2,-1,0,0.9663865,1
80,36,1,1,0,-154.02794,411.53983,433.2224,0.001152938,0.013192639,-3.097619e-05,10.276062,10.171389,2,15,1,0.98890895,1
80,12,1,0,0,180.45638,547.7972,273.14584,-0.0397791,-0.0029592938,0.019584674,5.726896,5.6727777,2,-1,0,0.9933802,1
80,30,1,1,0,-168.28613,543.2974,385.84885,0.008841841,-0.0070978897,0.00574341,10.989492,10.831111,2,16,1,0.99411196,1
80,12,1,1,0,180.45638,547.7972,273.14584,-0.0397791,-0.0029592938,0.019584674,38.80643,42.343887,2,18,1,0.9989139,1
80,31,1,1,0,-169.03711,-224.09877,106.03286,-0.0054596164,0.0065331985,-0.0034776458,9.698319,3.9366667,2,19,1,0.9968465,1
80,9,1,1,0,-198.9422,279.72644,154.33174,-0.020932922,-0.026790526,0.013958963,35.263695,33.926388,2,20,1,0.9772111,1
80,19,0,0,0,0.0,0.0,0.0,0.0,0.0,0.0,11.24768,-1.0,2,-1,0,0.99841905,1
80,34,1,1,0,-214.97353,439.09088,447.64014,0.009910954,0.018704576,-0.0058566807,15.569896,15.608889,2,21,1,0.99874496,1
80,23,1,1,0,210.43263,291.55197,312.04727,0.022119787,-0.0033774385,-0.010667457,21.520561,20.760279,2,22,1,0.9959978,1
80,37,1,1,0,223.07703,67.54918,19.611177,0.010283215,0.021047594,-0.011142469,30.605,20.48639,2,23,1,0.998175,1
80,22,1,1,0,228.09259,-200.96425,37.16107,0.005306856,0.0046650404,0.022882957,16.6645,16.476389,2,24,1,0.9912895,1
80,22,1,0,0,228.09259,-200.96425,37.16107,0.005306856,0.0046650404,0.022882957,7.0597215,6.786111,2,-1,0,0.9952396,1
80,27,1,1,0,238.76584,34.56598,445.51617,0.001050683,-0.021815687,0.002973223,20.926222,20.96889,2,25,1,0.9916856,1
80,38,0,0,0,0.0,0.0,0.0,0.0,0.0,0.0,3.116028,2.993611,2,-1,0,0.9279891,1
80,16,1,1,0,-253.63571,223.24854,259.67886,0.004932159,-0.010449298,-0.005890944,11.865278,11.985,2,26,1,0.983697,1
80,25,1,1,0,-253.84402,-365.82675,408.5139,-0.023375945,0.01902273,0.008511289,31.856293,32.03389,2,27,1,0.96526283,1
80,14,1,1,0,-260.3615,455.19568,60.26189,-0.0011123451,-0.010785608,-0.017590957,18.093334,18.350834,2,28,1,0.99595934,1
80,8,0,0,0,0.0,0.0,0.0,0.0,0.0,0.0,3.2196667,-1.0,2,-1,0,0.9208223,1
80,17,1,1,0,271.84753,-502.4817,172.67137,-0.013727684,0.0032649783,0.0010616535,13.742069,13.842222,2,29,1,0.9543407,1
80,8,0,0,0,0.0,0.0,0.0,0.0,0.0,0.0,11.412923,-1.0,2,-1,0,0.99375737,1
80,18,1,0,0,276.87427,462.34412,278.94287,0.003067018,-0.02441253,-0.017788187,9.625556,9.382778,2,-1,0,0.99994934,1
80,18,1,0,0,276.87427,462.34412,278.94287,0.003067018,-0.02441253,-0.017788187,4.1722775,2.09,2,-1,0,0.98605454,1
80,18,1,1,0,276.87427,462.34412,278.94287,0.003067018,-0.02441253,-0.017788187,11.478702,11.688056,2,30,1,0.96670425,1
80,26,1,1,0,280.95575,88.79675,358.9371,-0.00046500424,0.017899796,-0.002737976,17.14773,17.1575,2,31,1,0.9969938,1
80,2,1,1,0,282.07022,246.89288,169.85196,0.0043179407,-0.00039026458,0.0007608608,3.709028,3.7161112,2,32,1,0.8959537,1
80,21,1,0,0,293.1703,224.81604,334.28098,-0.005695205,-0.0070610684,0.018085012,3.1740835,3.0872223,2,-1,0,0.91966426,1
80,17,1,0,0,271.84753,-502.4817,172.67137,-0.013727684,0.0032649783,0.0010616535,3.9711459,3.9577777,2,-1,0,0.91242194,1
80,21,1,0,0,293.1703,224.81604,334.28098,-0.005695205,-0.0070610684,0.018085012,8.026548,8.052778,2,-1,0,0.98158115,1
80,21,1,1,0,293.1703,224.81604,334.28098,-0.005695205,-0.0070610684,0.018085012,7.945,8.148611,2,33,1,0.99843615,1
80,39,1,1,0,318.07364,-348.50058,405.16357,-0.0010459438,0.008851599,-0.0019504046,8.860202,7.226111,2,34,1,0.95845103,1
80,13,1,1,0,316.88074,-305.93643,42.627388,0.018696854,-0.0056710527,0.010020058,21.788721,20.29889,2,35,1,0.9819215,1
80,5,1,1,0,338.3914,-552.0465,19.898773,0.012939454,0.00026562446,-0.0130392425,18.573828,18.406944,2,36,1,0.99167424,1
80,5,1,0,0,338.3914,-552.0465,19.898773,0.012939454,0.00026562446,-0.0130392425,2.8880692,2.8547223,2,-1,0,0.75703174,1
81,17,1,1,0,-12.675053,-225.37837,453.23038,0.028048994,-0.015751842,0.013426051,21.469713,21.26111,2,0,1,0.99926597,1
81,4,1,1,0,30.816635,-461.1641,260.51498,0.021704074,-0.018685343,0.008526498,16.792542,16.934444,2,1,1,0.99926454,1
81,13,1,1,0,33.962517,-284.81726,427.68338,-0.0063852,0.008688194,-0.0023836875,13.406597,13.411944,2,2,1,0.9675713,1
81,34,1,1,0,-36.93489,444.6388,368.0302,0.012222316,0.011727595,-0.009113881,21.876722,21.908333,2,3,1,0.99687386,1
81,27,1,1,0,-43.098675,241.15732,444.97818,0.0002302437,0.021319723,0.0014614312,25.313576,25.414167,2,4,1,0.9999527,1
81,1,1,1,0,-48.106922,-326.52008,195.76562,0.023511494,0.0026463226,-0.008707121,28.302923,28.463333,2,5,1,0.884902,1
81,33,1,1,0,-43.221607,-373.8617,140.91798,-0.0044788737,-0.00054670434,0.0022209424,6.5053616,1.5769445,2,6,1,0.99082375,1
81,12,1,0,0,-68.67786,549.263,381.8294,0.025946485,-0.0047360943,0.0028408004,3.3223193,3.25,2,-1,0,0.9100975,1
81,12,1,1,0,-68.67786,549.263,381.8294,0.025946485,-0.0047360943,0.0028408004,26.39032,26.5325,2,7,1,0.9932034,1
81,40,1,1,0,-73.58297,-301.46927,92.10667,-0.0027570808,0.0076313163,0.0009619847,4.9798193,2.6283333,2,8,1,0.9770781,1
81,16,1,1,0,75.44007,160.36366,48.554424,-0.0088408245,0.01635842,0.007015762,18.84739,15.053333,2,9,1,0.9927376,1
81,21,1,1,0,-76.73352,250.48622,262.83804,-0.0050249626,-0.0061996654,0.001842382,14.913952,7.481111,2,10,1,0.99843425,1
81,16,1,0,0,75.44007,160.36366,48.554424,-0.0088408245,0.01635842,0.007015762,6.9262643,6.9888887,2,-1,0,0.99342877,1
81,40,1,0,0,-73.58297,-301.46927,92.10667,-0.0027570808,0.0076313163,0.0009619847,2.9149096,2.905,2,-1,0,0.7297243,1
81,27,1,0,0,-43.098675,241.15732,444.97818,0.0002302437,0.021319723,0.0014614312,3.3324373,3.4088888,2,-1,0,0.84546965,1
81,29,1,0,0,100.554535,-90.02121,2.6443024,-0.016642045,0.026318386,0.012552402,4.813979,4.871111,2,-1,0,0.9624129,1
81,4,1,0,0,30.816635,-461.1641,260.51498,0.021704074,-0.018685343,0.008526498,15.98598,16.0375,2,-1,0,0.97840035,1
81,29,1,1,0,100.554535,-90.02121,2.6443024,-0.016642045,0.026318386,0.012552402,34.626987,34.87417,2,11,1,0.99173766,1
81,9,1,1,0,103.37646,356.07846,333.7781,-0.0030394434,0.016857265,-0.034501918,32.53049,32.23111,2,12,1,0.99774337,1
81,9,1,0,0,103.37646,356.07846,333.7781,-0.0030394434,0.016857265,-0.034501918,5.6739726,4.5180554,2,-1,0,0.9790494,1
81,11,1,1,0,110.36781,495.65097,255.86273,-0.012205145,0.0061647356,-0.027526569,26.584738,26.326944,2,13,1,0.99843305,1
81,11,1,0,0,110.36781,495.65097,255.86273,-0.012205145,0.0061647356,-0.027526569,3.210236,3.256389,2,-1,0,0.70077443,1
81,9,1,0,0,103.37646,356.07846,333.7781,-0.0030394434,0.016857265,-0.034501918,4.2399793,4.3427777,2,-1,0,0.9230692,1
81,32,1,1,0,121.67915,-33.053097,268.92673,0.012888686,0.012293761,0.0041811834,20.237577,20.231112,2,14,1,0.97679305,1
81,32,1,0,0,121.67915,-33.053097,268.92673,0.012888686,0.012293761,0.0041811834,3.3934374,3.4,2,-1,0,0.8833028,1
81,23,1,0,0,-243.04268,-527.1899,322.4002,0.02710201,0.0039550164,-0.0054963157,5.039861,5.1230555,2,-1,0,0.9613272,1
81,24,1,1,0,139.26472,14.401554,355.53693,-0.0032976817,-0.0136735765,0.0011697449,15.711354,15.658889,2,15,1,0.9939784,1
81,6,1,1,0,-155.46138,-396.7796,245.00653,0.008138472,-0.011933391,0.010754133,18.401758,18.377222,2,16,1,0.993369,1
81,37,1,1,0,160.05533,-81.273384,263.04773,0.008734572,0.015417394,0.015531115,17.128763,14.935555,2,17,1,0.99705076,1
81,36,1,1,0,164.65399,400.1657,6.504893,-0.01979906,0.011156697,-0.007267597,15.761055,15.817223,2,18,1,0.9947451,1
81,22,1,1,0,161.98178,99.45205,133.15172,0.0097029125,0.008119515,0.0125269,16.95711,14.805278,2,19,1,0.98577833,1
81,37,1,0,0,160.05533,-81.273384,263.04773,0.008734572,0.015417394,0.015531115,10.89618,11.031389,2,-1,0,0.9927067,1
81,5,1,1,0,186.37924,-98.02024,374.4589,-0.023502886,0.03934873,-0.00017858353,44.124466,43.961113,2,20,1,0.99504185,1
81,39,1,0,0,-189.74493,-314.7734,26.064262,0.019678771,0.004225236,-0.01447003,5.997111,6.041389,2,-1,0,0.97876143,1
81,39,1,1,0,-189.74493,-314.7734,26.064262,0.019678771,0.004225236,-0.01447003,18.543823,18.433332,2,21,1,0.96857876,1
81,26,1,1,0,188.9977,314.67065,297.74802,0.006062322,-0.00886286,0.0046707727,10.672381,10.741111,2,22,1,0.97779053,1
81,31,1,1,0,193.49062,-265.05817,45.714565,0.000711579,0.0042632646,0.007747654,9.351139,9.507222,2,23,1,0.9766623,1
81,26,1,0,0,188.9977,314.67065,297.74802,0.006062322,-0.00886286,0.0046707727,3.9964442,3.9925,2,-1,0,0.97485155,1
81,39,1,0,0,-189.74493,-314.7734,26.064262,0.019678771,0.004225236,-0.01447003,3.758285,3.758889,2,-1,0,0.90212655,1
81,38,1,1,0,211.27316,339.75116,211.49147,0.025864704,-0.0006334953,0.020034665,29.982632,30.189167,2,24,1,0.98283124,1
81,7,1,1,0,218.77934,-421.0485,6.3599024,-0.01496718,0.0047792676,0.0055030617,15.315534,15.405278,2,25,1,0.9575243,1
81,3,1,0,0,217.45232,-174.37827,343.39877,0.008889913,0.015173709,-0.0017379057,4.063958,4.134444,2,-1,0,0.97598016,1
81,3,1,1,0,217.45232,-174.37827,343.39877,0.008889913,0.015173709,-0.0017379057,17.674057,17.647778,2,26,1,0.97320616,1
81,14,1,1,0,220.26068,220.22955,254.72432,0.003698958,0.0010277253,0.0008179088,3.6965346,3.6808333,2,27,1,0.9541015,1
81,28,1,1,0,226.48131,487.22305,210.09929,0.0011105062,-0.0023821872,-0.0063576605,6.786486,5.77,2,28,1,0.9970727,1
81,35,1,1,0,-252.80476,-486.24915,391.15594,0.0075679184,-0.020028394,-0.004866608,13.515153,13.570278,2,29,1,0.89420325,1
81,23,1,1,0,-243.04268,-527.1899,322.4002,0.02710201,0.0039550164,-0.0054963157,20.174376,20.122778,2,30,1,0.98932636,1
81,8,1,1,0,-241.79768,-205.15015,87.63067,0.015378127,-0.014511477,0.004614229,23.363937,22.433056,2,31,1,0.979264,1
81,35,1,0,0,-252.80476,-486.24915,391.15594,0.0075679184,-0.020028394,-0.004866608,7.6373057,7.6772223,2,-1,0,0.9819604,1
81,15,1,1,0,266.21304,-531.88586,267.097,-0.009888407,-0.001038255,-0.0041039935,7.767743,7.8280554,2,32,1,0.9940058,1
81,25,1,1,0,-281.65543,40.35413,169.73328,0.0038966744,0.0041786605,0.001091493,5.184653,5.186111,2,33,1,0.9787991,1
81,10,1,1,0,289.3515,-550.1689,56.184113,0.006914166,0.0056472993,0.0028548834,5.6744585,4.320833,2,34,1,0.9880596,1
81,30,1,1,0,-305.7023,123.687935,202.84311,0.017148972,-0.0030697368,0.014970985,13.999619,14.1038885,2,35,1,0.9268535,1
81,30,1,0,0,-305.7023,123.687935,202.84311,0.017148972,-0.0030697368,0.014970985,6.949556,6.925,2,-1,0,0.9999037,1
81,19,1,1,0,354.50058,-319.41025,253.83359,-0.03533668,-0.0037521604,0.023971729,31.613459,31.84111,2,36,1,0.96114355,1
81,30,1,0,0,45.580692,581.4978,109.71263,0.017148972,-0.0030697368,0.014970985,3.2290626,3.1947222,2,-1,0,0.7949409,1
81,2,1,1,0,-356.01996,-314.04016,14.913226,0.013976946,0.005138812,0.011262064,17.631666,17.53,2,37,1,0.96138334,1
81,19,1,0,0,354.50058,-319.41025,253.83359,-0.03533668,-0.0037521604,0.023971729,3.6477084,3.6933334,2,-1,0,0.9718429,1
81,18,1,1,0,-354.04416,502.8704,383.19177,-0.008728029,-0.03392406,-0.00096146774,23.779278,23.819445,2,-1,1,0.9904639,1
82,3,0,0,0,0.0,0.0,0.0,0.0,0.0,0.0,21.33266,-1.0,2,-1,0,0.99846184,1
82,11,1,1,0,-8.192575,474.19904,124.06918,-0.021630906,-0.002877243,-0.009274782,19.836054,20.112223,2,0,1,0.99957734,1
82,2,1,1,0,-22.035688,-193.07959,88.08205,0.0119213415,-0.0015532274,-0.015149565,17.297485,15.513056,2,1,1,0.99985266,1
82,2,1,0,0,-22.035688,-193.07959,88.08205,0.0119213415,-0.0015532274,-0.015149565,6.046875,6.0516667,2,-1,0,0.9528276,1
82,17,1,1,0,-42.568012,210.45421,327.98203,-4.166679e-06,-0.0076802005,0.0059267883,11.749612,11.8225,2,2,1,0.974708,1
82,16,1,0,0,48.705547,412.80377,136.42796,-0.0010119759,-0.0013638019,-0.030548006,11.781313,8.025278,2,-1,0,0.99953276,1
82,16,1,1,0,48.705547,412.80377,136.42796,-0.0010119759,-0.0013638019,-0.030548006,24.630707,24.4575,2,3,1,0.99843544,1
82,22,0,0,0,0.0,0.0,0.0,0.0,0.0,0.0,15.2092705,-1.0,2,-1,0,0.9863358,1
82,29,1,0,0,53.203568,-89.844765,410.1013,0.0011286176,-0.0024188922,0.015379661,5.37316,5.3722224,2,-1,0,0.9493241,1
82,29,1,0,0,53.203568,-89.844765,410.1013,0.0011286176,-0.0024188922,0.015379661,3.6628962,1.2663889,2,-1,0,0.9277623,1
82,11,1,0,0,-8.192575,474.19904,124.06918,-0.021630906,-0.002877243,-0.009274782,10.327764,10.429722,2,-1,0,0.98422045,1
82,34,1,1,0,-60.924202,254.1162,82.199814,-0.00178529,0.0018320931,-0.010006744,7.4610972,7.3694444,2,4,1,0.9917635,1
82,3,0,0,0,0.0,0.0,0.0,0.0,0.0,0.0,3.0415971,2.9572222,2,-1,0,0.9342124,1
82,29,1,1,0,53.203568,-89.844765,410.1013,0.0011286176,-0.0024188922,0.015379661,9.476611,9.523056,2,5,1,0.99704653,1
82,15,1,1,0,-68.85907,-114.89738,131.40631,0.002064347,-0.023170594,0.01530859,29.863771,29.134722,2,6,1,0.9894733,1
82,27,1,1,0,-71.19668,501.4816,460.10068,0.007104486,-0.006067372,0.010448143,15.771973,15.861389,2,7,1,0.9973838,1
82,28,1,0,0,155.05453,-271.53702,114.996346,-0.013320149,0.00017581182,-0.031663757,6.4015274,6.383333,2,-1,0,0.92235005,1
82,21,1,1,0,83.27002,528.9802,372.0651,0.0015865201,0.013947485,0.031094488,18.937244,19.391666,2,8,1,0.9894394,1
82,21,1,0,0,83.27002,528.9802,372.0651,0.0015865201,0.013947485,0.031094488,11.024346,8.725555,2,-1,0,0.97565347,1
82,21,1,0,0,83.27002,528.9802,372.0651,0.0015865201,0.013947485,0.031094488,7.267375,7.251111,2,-1,0,0.99948215,1
82,19,1,1,0,-91.41841,308.9447,28.04151,0.039188497,0.007830921,0.015676143,46.50547,46.035557,2,9,1,0.9965103,1
82,8,1,1,0,96.35272,68.22843,234.01352,0.0033936491,0.006015888,0.009109152,10.459653,9.461111,2,10,1,0.9875271,1
82,38,1,1,0,-109.22859,-183.94463,350.6414,0.018097658,0.009059486,0.019957645,32.470352,32.495556,2,11,1,0.9995455,1
82,36,1,1,0,104.42299,-197.68845,294.68845,0.004303118,0.019220475,-0.010027507,24.445265,24.498333,2,12,1,0.9985933,1
82,38,1,0,0,-109.22859,-183.94463,350.6414,0.018097658,0.009059486,0.019957645,3.843979,4.068611,2,-1,0,0.93926525,1
82,20,1,1,0,110.49948,-485.1938,232.93915,0.0043700477,-0.010651139,0.023461116,17.119112,17.383055,2,13,1,0.9869849,1
82,20,1,0,0,110.49948,-485.1938,232.93915,0.0043700477,-0.010651139,0.023461116,11.675542,11.662222,2,-1,0,0.9923241,1
82,32,1,1,0,-122.00239,-32.728527,351.09586,0.00887351,0.020884784,-0.019669417,26.111607,24.467222,2,14,1,0.9580385,1
82,32,1,0,0,-122.00239,-32.728527,351.09586,0.00887351,0.020884784,-0.019669417,3.031486,3.0219445,2,-1,0,0.53736246,1
82,6,1,1,0,-124.311646,59.115536,81.25873,0.017371176,0.0039208224,0.021159282,30.721397,30.932222,2,15,1,0.9421152,1
82,6,1,0,0,-124.311646,59.115536,81.25873,0.017371176,0.0039208224,0.021159282,6.328708,6.3083334,2,-1,0,0.99510145,1
82,30,1,1,0,-125.14534,-120.69449,252.89337,-0.00060320814,-0.020132141,-0.010199355,24.490973,24.891111,2,16,1,0.99784875,1
82,18,1,1,0,137.78438,549.43146,327.85416,0.002136398,0.010228117,0.017048262,24.497715,16.803888,2,17,1,0.99443734,1
82,2,0,0,0,0.0,0.0,0.0,0.0,0.0,0.0,2.5940487,2.6733334,2,-1,0,0.52650154,1
82,5,1,1,0,-139.5007,-473.2847,209.99954,-0.0030508386,-0.0015918032,0.008451109,9.08368,6.0680556,2,18,1,0.980773,1
82,24,1,1,0,-144.29935,548.2454,299.89194,-0.0066211815,0.018935364,-0.008090094,22.595152,19.881945,2,19,1,0.99992263,1
82,26,1,1,0,144.35976,-535.6582,429.17383,0.024963686,0.007039779,-0.002194423,24.152826,24.09361,2,20,1,0.99937737,1
82,28,1,1,0,155.05453,-271.53702,114.996346,-0.013320149,0.00017581182,-0.031663757,25.730843,25.232222,2,21,1,0.99981725,1
82,32,0,0,0,0.0,0.0,0.0,0.0,0.0,0.0,4.6324162,4.541111,2,-1,0,0.9344749,1
82,12,1,1,0,152.85744,300.23297,300.39075,0.0047407886,-0.0009142874,-0.022872739,7.885916,5.9030557,2,22,1,0.9985114,1
82,12,1,0,0,152.85744,300.23297,300.39075,0.0047407886,-0.0009142874,-0.022872739,7.695792,7.636389,2,-1,0,0.9831084,1
82,12,1,0,0,152.85744,300.23297,300.39075,0.0047407886,-0.0009142874,-0.022872739,3.1156597,3.0933332,2,-1,0,0.5270561,1
82,26,1,0,0,144.35976,-535.6582,429.17383,0.024963686,0.007039779,-0.002194423,3.26591,3.301389,2,-1,0,0.9639324,1
82,1,1,1,0,219.73343,605.3971,205.53459,-0.017547192,-0.014923742,0.0027332376,3.3260624,3.368611,2,23,1,0.91367835,1
82,25,1,0,0,197.79005,-526.08466,89.94,0.04173841,-0.007931431,-0.017565744,15.079194,12.293889,2,-1,0,0.97264725,1
82,25,1,0,0,197.79005,-526.08466,89.94,0.04173841,-0.007931431,-0.017565744,11.24225,11.491111,2,-1,0,0.9802321,1
82,39,1,1,0,-223.89406,-206.8123,424.15576,-0.0050785113,-0.0057646544,-0.014516913,11.640451,11.467778,2,24,1,0.99388665,1
82,39,1,0,0,-223.89406,-206.8123,424.15576,-0.0050785113,-0.0057646544,-0.014516913,4.6735,4.615278,2,-1,0,0.97012085,1
82,37,1,1,0,-225.78613,-493.76578,158.09045,0.0030285001,-0.006210558,0.0023566019,7.079625,6.981111,2,25,1,0.9840912,1
82,25,1,1,0,197.79005,-526.08466,89.94,0.04173841,-0.007931431,-0.017565744,16.275152,16.160278,2,26,1,0.9387363,1
82,13,1,1,0,243.72713,389.22513,442.99652,-0.005539973,0.0051446715,-0.0086669605,11.949334,11.798611,2,27,1,0.9545427,1
82,7,1,1,0,-247.05261,433.7897,148.43758,-0.0077453027,0.025854174,-0.0120115,21.532715,6.3391666,2,28,1,0.99684155,1
82,7,1,0,0,-247.05261,433.7897,148.43758,-0.0077453027,0.025854174,-0.0120115,10.271673,10.284166,2,-1,0,0.9995909,1
82,35,1,1,0,281.0364,403.95868,372.55872,-0.008183274,-0.0058880537,-0.013591181,15.823034,15.876945,2,-1,1,0.9730688,1
82,40,1,0,0,292.50552,-431.58856,118.70754,0.008742501,-0.0053203804,-0.0039497027,6.9545975,6.975,2,-1,0,0.97838086,1
82,40,1,1,0,292.50552,-431.58856,118.70754,0.008742501,-0.0053203804,-0.0039497027,8.034569,7.965,2,29,1,0.97606045,1
82,4,1,1,0,-309.0801,-510.22144,34.185368,0.008288443,-0.005054613,0.032569822,31.540335,31.09639,2,30,1,0.96056014,1
82,9,1,1,0,-342.91296,-326.4802,406.1996,0.0006397413,0.0069562146,0.0073227044,11.1953945,6.6566668,2,31,1,0.93141544,1
82,23,1,1,0,352.20316,-210.07422,166.592,-0.028286293,0.009016328,-0.011023995,20.820375,20.733612,2,32,1,0.9962931,1
82,31,1,1,0,-343.92313,-264.38828,340.78055,-0.0078086667,-0.01623561,0.010000046,17.09493,14.281111,2,33,1,0.99626744,1
82,33,1,0,0,353.00574,-426.04556,436.73157,-0.0026189066,-0.0044450206,-0.011499855,4.524812,4.473889,2,-1,0,0.9889303,1
82,23,1,0,0,352.20316,-210.07422,166.592,-0.028286293,0.009016328,-0.011023995,6.3824162,5.67,2,-1,0,0.95899594,1
82,14,1,0,0,-358.8176,-344.82416,83.289314,0.008259617,-0.020437982,0.002202455,2.5079236,2.5594444,2,-1,0,0.6617726,1
82,33,1,1,0,353.00574,-426.04556,436.73157,-0.0026189066,-0.0044450206,-0.011499855,4.5689583,4.5805554,2,34,1,0.96896183,1
82,14,1,1,0,-358.8176,-344.82416,83.289314,0.008259617,-0.020437982,0.002202455,15.251771,15.265833,2,35,1,0.9993032,1
83,15,1,0,0,-28.893295,-520.22034,118.49779,0.0127964355,0.021544158,-0.009919514,4.4332914,4.3658333,2,-1,0,0.97735995,1
83,39,1,1,0,9.096682,74.41505,37.46565,-0.019949725,0.0024021661,0.006738549,17.562445,17.545,2,0,1,0.9945807,1
83,40,1,1,0,-13.839293,-84.174126,287.83603,-0.018626152,0.002013389,-0.011838213,19.176903,19.275,2,1,1,0.9908909,1
83,40,1,0,0,-13.839293,-84.174126,287.83603,-0.018626152,0.002013389,-0.011838213,6.878674,6.700278,2,-1,0,0.9280992,1
83,15,1,0,0,-28.893295,-520.22034,118.49779,0.0127964355,0.021544158,-0.009919514,6.7930555,6.6033335,2,-1,0,0.96844023,1
83,40,1,0,0,-13.839293,-84.174126,287.83603,-0.018626152,0.002013389,-0.011838213,7.6963406,7.648611,2,-1,0,0.98430717,1
83,21,0,0,0,0.0,0.0,0.0,0.0,0.0,0.0,24.339785,-1.0,2,-1,0,0.9273651,1
83,11,1,1,0,-23.775024,143.80913,394.70483,0.022291811,0.0073912847,-0.005238795,11.55989,11.301945,2,2,1,0.99979746,1
83,15,1,1,0,-28.893295,-520.22034,118.49779,0.0127964355,0.021544158,-0.009919514,22.642376,22.836111,2,3,1,0.996149,1
83,36,1,1,0,-32.9097,-449.6806,59.89226,0.011280257,0.010778477,-0.0059769424,20.405514,15.049444,2,4,1,0.9717022,1
83,14,1,1,0,46.371323,-505.21664,450.96426,0.011537194,-0.0031059866,0.015134193,15.130403,14.98,2,5,1,0.98907954,1
83,14,1,0,0,46.371323,-505.21664,450.96426,0.011537194,-0.0031059866,0.015134193,6.625806,6.706111,2,-1,0,0.97882164,1
83,26,1,1,0,-51.218525,-23.688705,24.746782,-0.008685069,0.0043146536,0.0045381626,12.7254925,9.813056,2,6,1,0.9825553,1
83,8,1,0,0,-59.889526,-337.23575,16.333933,-0.024396762,-0.00545713,0.020008488,3.7531042,3.728889,2,-1,0,0.9459405,1
83,8,1,1,0,-59.889526,-337.23575,16.333933,-0.024396762,-0.00545713,0.020008488,12.504861,12.629444,2,7,1,0.9658007,1
83,22,1,1,0,64.45866,41.716934,43.2134,-0.009036193,0.013390834,-0.0062030796,20.848612,13.967222,2,8,1,0.9930347,1
83,8,1,0,0,-59.889526,-337.23575,16.333933,-0.024396762,-0.00545713,0.020008488,12.849063,12.572778,2,-1,0,0.99382377,1
83,11,1,0,0,-23.775024,143.80913,394.70483,0.022291811,0.0073912847,-0.005238795,6.70125,6.765278,2,-1,0,0.9815615,1
83,24,1,1,0,69.88994,507.82574,430.1074,0.010425978,0.022062175,-0.01728535,35.724037,35.720554,2,9,1,0.9992426,1
83,1,1,0,0,-121.462585,-71.71364,94.256546,0.0148883,0.003152196,0.01146022,7.015813,6.947222,2,-1,0,0.9684257,1
83,34,1,1,0,80.018265,446.92636,331.06604,-0.0057459036,0.011857254,0.013607729,22.828764,22.618334,2,10,1,0.9867545,1
83,34,1,0,0,80.018265,446.92636,331.06604,-0.0057459036,0.011857254,0.013607729,7.330931,7.3275,2,-1,0,0.994488,1
83,27,1,1,0,-87.756134,51.089607,271.5841,-0.001395217,-0.017236378,0.034374844,22.907965,21.831388,2,11,1,0.99344903,1
83,35,1,0,0,117.11921,-266.7781,369.18295,-0.028044354,0.0018240684,0.018373692,14.414166,14.410277,2,-1,0,0.97639376,1
83,8,1,0,0,-59.889526,-337.23575,16.333933,-0.024396762,-0.00545713,0.020008488,3.7069793,3.7994444,2,-1,0,0.9193816,1
83,37,1,1,0,93.78452,477.49207,73.23736,-0.0044468967,0.0107447915,0.0049577593,15.315972,15.581667,2,12,1,0.9997996,1
83,35,1,1,0,117.11921,-266.7781,369.18295,-0.028044354,0.0018240684,0.018373692,15.136339,15.071667,2,13,1,0.99748814,1
83,27,1,0,0,-87.756134,51.089607,271.5841,-0.001395217,-0.017236378,0.034374844,9.642702,9.617778,2,-1,0,0.9903686,1
83,35,1,0,0,117.11921,-266.7781,369.18295,-0.028044354,0.0018240684,0.018373692,12.758694,12.799444,2,-1,0,0.9990672,1
83,1,1,1,0,-121.462585,-71.71364,94.256546,0.0148883,0.003152196,0.01146022,12.417931,12.373889,2,14,1,0.99865556,1
83,7,1,1,0,-127.33577,17.159107,210.61986,-0.00908302,-0.0064404723,0.011100177,16.394056,16.806667,2,15,1,0.9893813,1
83,3,1,1,0,-143.03053,536.0592,450.52347,0.005375194,-0.0022375737,-0.02428789,23.66918,23.678612,2,16,1,0.9738516,1
83,31,1,1,0,-148.23639,362.23132,177.2332,-0.000912129,0.00096923334,0.022376092,24.133291,23.940277,2,17,1,0.9878869,1
83,20,1,1,0,151.51166,-442.9036,306.12714,0.011257093,0.02829366,0.02151304,35.16166,33.884724,2,18,1,0.98713565,1
83,29,1,1,0,-160.97481,359.78235,0.49356142,-0.010497518,-0.011127265,0.009959386,20.342506,17.4,2,19,1,0.9913965,1
83,9,1,1,0,186.90189,-275.94452,408.25827,0.0019914042,-0.0045843613,-0.009562138,10.457771,7.6275,2,20,1,0.99574035,1
83,25,1,1,0,210.83495,305.3091,242.01851,0.000818118,0.014575237,-0.015086423,22.742418,22.648333,2,21,1,0.95723826,1
83,9,1,0,0,-112.526955,-235.00967,435.40747,0.0019914042,-0.0045843613,-0.009562138,3.2447221,3.3216667,2,-1,0,0.85166377,1
83,18,1,0,0,-239.68149,-408.71906,284.1054,0.0038376884,-0.01863248,-0.022660706,6.448535,6.366389,2,-1,0,0.9645038,1
83,2,1,1,0,-232.63106,-198.43915,353.77722,0.0069673713,-0.016486144,0.005245024,20.400972,20.361666,2,22,1,0.9708466,1
83,13,1,0,0,235.52014,450.56088,409.48965,-0.018463012,-0.013640648,-0.008723663,10.584047,10.648334,2,-1,0,0.98316056,1
83,13,1,1,0,235.52014,450.56088,409.48965,-0.018463012,-0.013640648,-0.008723663,14.193674,14.151389,2,23,1,0.9836347,1
83,18,1,1,0,-239.68149,-408.71906,284.1054,0.0038376884,-0.01863248,-0.022660706,22.11096,22.251944,2,24,1,0.97552323,1
83,32,1,1,0,245.01102,249.34062,371.8586,0.010694653,0.032572262,-0.028096085,33.566086,23.350277,2,25,1,0.99664325,1
83,32,1,0,0,245.01102,249.34062,371.8586,0.010694653,0.032572262,-0.028096085,13.527638,8.68,2,-1,0,0.98208725,1
83,17,1,1,0,-254.66252,-103.62837,462.94553,-0.002849467,0.023051068,0.0028151944,3.837444,3.8055556,2,26,1,0.9827409,1
83,6,1,1,0,-268.81454,122.57868,458.24286,0.021350378,0.002410121,-0.02922507,32.83766,33.10361,2,27,1,0.99994993,1
83,16,1,1,0,264.77356,414.84476,82.6006,0.005567508,0.0061235316,0.01335835,9.142521,7.7869444,2,28,1,0.9555453,1
83,16,1,0,0,264.77356,414.84476,82.6006,0.005567508,0.0061235316,0.01335835,6.913382,6.9772224,2,-1,0,0.993375,1
83,33,1,1,0,290.00156,437.25824,258.51758,0.019821491,0.003592651,-0.015782306,25.419312,25.337778,2,29,1,0.9993105,1
83,23,1,0,0,-326.3858,50.865253,450.733,0.027035465,0.010323683,-0.005934314,7.713597,7.6752777,2,-1,0,0.9837147,1
83,38,1,1,0,295.60733,222.21326,185.39755,0.012985136,-0.0114826495,-0.018751,19.839731,19.806944,2,30,1,0.99599373,1
83,38,1,0,0,295.60733,222.21326,185.39755,0.012985136,-0.0114826495,-0.018751,2.924854,2.8597221,2,-1,0,0.9157856,1
83,23,1,1,0,-326.3858,50.865253,450.733,0.027035465,0.010323683,-0.005934314,17.250168,17.275555,2,31,1,0.99998593,1
83,10,1,1,0,-328.51813,-417.80142,324.17474,0.016749486,0.016486477,-0.0023384085,20.954966,20.581388,2,32,1,0.9993587,1
83,19,1,1,0,-328.85837,468.1453,111.56512,-0.043824784,0.0066247326,-0.0056377486,23.246132,32.294445,2,33,1,0.9767196,1
83,23,1,0,0,-326.3858,50.865253,450.733,0.027035465,0.010323683,-0.005934314,4.641583,4.7255554,2,-1,0,0.98243576,1
83,12,0,0,0,0.0,0.0,0.0,0.0,0.0,0.0,33.243694,-1.0,2,-1,0,0.99919444,1
83,4,1,1,0,334.7098,30.779205,311.94553,0.03503594,-0.030368008,0.0015869946,19.209404,5.2408333,2,34,1,0.9610725,1
83,12,0,0,0,0.0,0.0,0.0,0.0,0.0,0.0,4.7660213,-1.0,2,-1,0,0.98904663,1
83,12,1,1,0,339.8655,-77.86998,195.39853,-0.0012771271,-0.0034194652,0.045738745,3.8090835,3.833611,2,-1,1,0.9617744,1
83,19,1,0,0,-328.85837,468.1453,111.56512,-0.043824784,0.0066247326,-0.0056377486,10.650778,10.648334,2,-1,0,0.9983537,1
83,28,1,1,0,347.58194,392.366,52.41705,0.013522512,-0.045308933,-0.0009594842,42.17895,35.609444,2,35,1,0.9966587,1
83,4,1,0,0,334.7098,30.779205,311.94553,0.03503594,-0.030368008,0.0015869946,18.822514,18.676945,2,-1,0,0.94835484,1
83,5,1,1,0,361.49136,-558.9358,65.594925,0.009096644,0.0060018725,-0.012850599,5.646021,5.2030554,2,36,1,0.99145025,1
84,31,1,0,0,16.180952,-413.22644,311.06952,0.026291601,-0.04720807,0.015330819,3.7520275,3.8030555,2,-1,0,0.953707,1
84,7,1,0,0,-22.780096,-426.8166,363.5024,0.010583209,-0.021429451,-0.028907446,8.127167,7.9294443,2,-1,0,0.9760242,1
84,7,1,1,0,-22.780096,-426.8166,363.5024,0.010583209,-0.021429451,-0.028907446,35.70029,35.490833,2,0,1,0.9999944,1
84,17,1,0,0,87.4231,451.06406,272.89053,-0.017872827,0.015929678,-0.00914421,5.473625,5.5466666,2,-1,0,0.9819578,1
84,34,1,1,0,-34.744995,-12.041934,152.05998,0.012357253,0.0049761925,-0.008237299,17.750164,17.7575,2,1,1,0.9954556,1
84,14,1,1,0,-35.658577,274.59174,54.167336,-0.011313348,-0.027340032,-0.008575702,32.761436,31.125555,2,2,1,0.9352521,1
84,14,1,0,0,-35.658577,274.59174,54.167336,-0.011313348,-0.027340032,-0.008575702,5.334438,5.168889,2,-1,0,0.98439944,1
84,14,0,0,0,0.0,0.0,0.0,0.0,0.0,0.0,2.7452223,2.6225,2,-1,0,0.7891201,1
84,6,1,0,0,-70.32525,-309.1875,355.1868,0.009054705,0.035321508,0.041473422,8.344764,8.327778,2,-1,0,0.9912237,1
84,6,1,1,0,-70.32525,-309.1875,355.1868,0.009054705,0.035321508,0.041473422,26.379965,26.616388,2,3,1,0.99880993,1
84,6,1,0,0,-70.32525,-309.1875,355.1868,0.009054705,0.035321508,0.041473422,19.436485,19.847221,2,-1,0,0.9948036,1
84,17,1,1,0,87.4231,451.06406,272.89053,-0.017872827,0.015929678,-0.00914421,26.727243,26.608055,2,4,1,0.96259356,1
84,38,1,1,0,-82.576904,456.33234,87.129974,0.0041428553,0.0032576255,-0.01708558,22.855772,12.82,2,5,1,0.9900524,1
84,27,1,1,0,-90.63464,-234.51207,108.320114,-0.015173633,-0.006335259,0.014300467,10.297118,10.284166,2,6,1,0.9866826,1
84,27,1,0,0,-90.63464,-234.51207,108.320114,-0.015173633,-0.006335259,0.014300467,7.6874375,7.712222,2,-1,0,0.9938665,1
84,36,1,1,0,93.156715,-277.8917,9.740427,0.0044333176,-0.01848849,0.020617962,22.260946,22.162222,2,7,1,0.9994616,1
84,39,1,1,0,101.777756,-446.1789,97.148476,-0.022203913,0.0045142574,0.0014158827,23.405998,23.539722,2,8,1,0.9751143,1
84,40,1,1,0,100.184784,-125.04963,163.37589,-0.010752032,-0.010787842,-0.009613731,21.892347,21.303612,2,9,1,0.9833105,1
84,27,1,0,0,-90.63464,-234.51207,108.320114,-0.015173633,-0.006335259,0.014300467,5.2735763,5.26,2,-1,0,0.9943384,1
84,36,1,0,0,93.156715,-277.8917,9.740427,0.0044333176,-0.01848849,0.020617962,6.2768054,6.1277776,2,-1,0,0.976757,1
84,31,1,0,0,99.222664,-35.77201,269.9432,0.026291601,-0.04720807,0.015330819,23.206388,23.301666,2,-1,0,0.9992161,1
84,31,1,0,0,99.222664,-35.77201,269.9432,0.026291601,-0.04720807,0.015330819,6.956417,7.022222,2,-1,0,0.95067155,1
84,26,1,1,0,116.37415,-270.4045,183.12091,-0.025471998,-0.017249888,0.015605407,31.579782,33.910557,2,10,1,0.97970045,1
84,31,1,1,0,99.222664,-35.77201,269.9432,0.026291601,-0.04720807,0.015330819,25.649597,25.706944,2,11,1,0.74769497,1
84,13,1,1,0,-123.938286,300.58728,362.30417,-0.0006804289,0.012818143,0.0013871532,13.150792,5.591944,2,12,1,0.9993252,1
84,31,1,0,0,99.222664,-35.77201,269.9432,0.026291601,-0.04720807,0.015330819,6.0687704,5.858333,2,-1,0,0.9546695,1
84,10,1,1,0,138.48994,-523.9294,41.321693,0.011621454,0.010450848,0.014447197,8.940278,8.216389,2,13,1,0.9935083,1
84,10,1,0,0,138.48994,-523.9294,41.321693,0.011621454,0.010450848,0.014447197,3.6161945,3.5886111,2,-1,0,0.9209142,1
84,35,1,1,0,149.19579,489.83447,265.04935,-0.0013626922,0.0045085265,-0.0068094167,8.5499935,8.508889,2,14,1,0.9969074,1
84,37,1,1,0,151.85396,354.72037,263.16867,-0.0026821832,0.0021631755,-0.0049892995,6.512576,6.4408336,2,15,1,0.9705154,1
84,25,1,1,0,-153.86148,446.86002,47.46169,-0.004062801,0.008232423,0.003001471,11.917549,7.1572223,2,16,1,0.99820936,1
84,8,1,0,0,-163.33066,-418.78186,75.457115,0.010606314,0.020038716,-0.004980364,10.253612,10.140278,2,-1,0,0.98568416,1
84,8,1,0,0,-163.33066,-418.78186,75.457115,0.010606314,0.020038716,-0.004980364,4.177722,4.1752777,2,-1,0,0.9765879,1
84,8,1,1,0,-163.33066,-418.78186,75.457115,0.010606314,0.020038716,-0.004980364,12.644361,12.568889,2,17,1,0.9972914,1
84,4,1,1,0,-167.03935,429.77267,51.97486,0.02193285,0.024845546,0.0018098117,37.070034,36.84861,2,18,1,0.9996992,1
84,22,1,1,0,171.81694,432.39264,92.1955,-1.5600431e-06,-0.007263108,0.00086756534,6.8102155,6.731389,2,19,1,0.985809,1
84,10,1,0,0,138.48994,-523.9294,41.321693,0.011621454,0.010450848,0.014447197,6.9783196,6.662778,2,-1,0,0.99802184,1
84,1,1,1,0,-190.03085,-61.041786,429.77618,-0.00766517,-0.0026822174,-0.027824858,13.745966,13.710278,2,20,1,0.92357844,1
84,1,1,0,0,-190.03085,-61.041786,429.77618,-0.00766517,-0.0026822174,-0.027824858,4.948493,4.9063888,2,-1,0,0.9842986,1
84,5,1,1,0,-194.92297,492.78198,323.32776,0.0065181847,0.03213999,-0.005643729,36.775417,37.24139,2,21,1,0.99618804,1
84,22,1,0,0,171.81694,432.39264,92.1955,-1.5600431e-06,-0.007263108,0.00086756534,5.4087706,5.52,2,-1,0,0.9602627,1
84,28,1,0,0,195.75763,254.90472,394.09998,0.018840862,0.0045245476,-0.00087777845,7.1693053,7.0869446,2,-1,0,0.98461294,1
84,1,1,0,0,-190.03085,-61.041786,429.77618,-0.00766517,-0.0026822174,-0.027824858,11.783486,7.6741667,2,-1,0,0.9754455,1
84,28,1,1,0,195.75763,254.90472,394.09998,0.018840862,0.0045245476,-0.00087777845,13.166708,13.395833,2,22,1,0.99995077,1
84,32,0,0,0,0.0,0.0,0.0,0.0,0.0,0.0,12.099479,-1.0,2,-1,0,0.9954648,1
84,32,0,0,0,0.0,0.0,0.0,0.0,0.0,0.0,4.9575553,-1.0,2,-1,0,0.9830463,1
84,20,1,0,0,220.34705,-366.09885,24.583147,0.013947069,-0.012162918,-0.0031236005,4.4603333,4.3730555,2,-1,0,0.8806123,1
84,20,1,1,0,220.34705,-366.09885,24.583147,0.013947069,-0.012162918,-0.0031236005,20.006563,20.200834,2,23,1,0.9996259,1
84,23,1,1,0,231.6287,555.277,76.97673,-0.020594282,-0.0077186464,-0.013409201,27.385044,27.28389,2,24,1,0.99665546,1
84,15,1,1,0,-228.9666,200.35402,364.0289,0.00175543,0.008107537,0.0020692702,6.8498816,6.9880557,2,25,1,0.9766847,1
84,29,1,1,0,-231.49623,-500.74954,6.653076,-0.005017662,0.0030491997,-0.026804628,25.95164,25.792223,2,26,1,0.9928075,1
84,24,1,0,0,-243.97676,44.394867,119.69321,0.0070715514,0.008898606,-0.014702322,4.3918195,4.4641666,2,-1,0,0.9573075,1
84,24,1,1,0,-243.97676,44.394867,119.69321,0.0070715514,0.008898606,-0.014702322,10.024659,10.091666,2,27,1,0.9857297,1
84,18,1,1,0,-261.62833,-94.44903,64.21021,-0.007354681,-0.015016503,0.001420627,6.851507,6.836389,2,28,1,0.9988275,1
84,18,1,0,0,-261.62833,-94.44903,64.21021,-0.007354681,-0.015016503,0.001420627,4.090611,4.0505557,2,-1,0,0.9544894,1
84,18,1,0,0,-261.62833,-94.44903,64.21021,-0.007354681,-0.015016503,0.001420627,6.5610557,6.5266666,2,-1,0,0.9732825,1
84,18,1,0,0,-261.62833,-94.44903,64.21021,-0.007354681,-0.015016503,0.001420627,3.38991,3.3972223,2,-1,0,0.9406592,1
84,30,1,1,0,277.8161,461.62793,119.57994,-0.01690722,-0.0066763246,0.0138509255,21.62313,21.664167,2,29,1,0.9959133,1
84,2,1,1,0,276.171,55.830776,362.528,0.024923366,-0.010534976,0.009872532,21.730856,21.787777,2,30,1,0.97482693,1
84,2,1,0,0,276.171,55.830776,362.528,0.024923366,-0.010534976,0.009872532,3.5983474,3.4725,2,-1,0,0.9621263,1
84,19,1,1,0,-298.48077,-365.41525,17.482075,-0.005653104,0.019854594,0.010094379,22.382383,22.195278,2,31,1,0.9197688,1
84,12,1,1,0,299.71747,122.843506,243.51791,0.03170665,0.007633031,-0.008616097,13.9187565,11.880555,2,32,1,0.98212105,1
84,11,1,1,0,319.29318,-150.3443,189.17711,0.007964285,0.008170653,-0.011124769,11.958542,11.546389,2,33,1,0.99268216,1
84,3,1,1,0,342.82617,-0.9992269,223.78178,-0.0010618734,0.014585435,0.008059884,7.367743,7.393889,2,34,1,0.9948323,1
84,21,1,1,0,-353.22318,225.46288,342.656,0.01334855,-0.015792113,0.004211241,20.78714,20.76111,2,35,1,0.96619886,1
84,9,1,1,0,-348.59262,-212.81859,325.8624,-0.019125056,0.03155735,0.009851241,37.644836,37.8075,2,36,1,0.9996654,1
84,12,1,0,0,299.71747,122.843506,243.51791,0.03170665,0.007633031,-0.008616097,7.745291,7.6705556,2,-1,0,0.99357253,1
85,26,1,1,0,35.38108,457.77145,381.26044,-0.008016435,0.002095518,0.006150114,12.2682295,12.628889,2,0,1,0.97997034,1
85,26,0,0,0,35.38108,457.77145,381.26044,-0.008016435,0.002095518,0.006150114,2.6952708,2.5294445,2,-1,0,0.5101132,1
85,6,1,1,0,39.6688,288.80942,455.3378,0.011183926,-0.019532774,0.023642596,39.541206,38.28417,2,1,1,0.999874,1
85,4,1,1,0,-60.118046,-353.72256,36.843845,-0.009717878,0.021374526,-0.018117232,34.365463,34.3975,2,2,1,0.9994837,1
85,6,0,0,0,0.0,0.0,0.0,0.0,0.0,0.0,3.24575,3.2772222,2,-1,0,0.87640226,1
85,18,1,0,0,111.35212,-241.18509,316.6178,-0.0153365,0.021663057,-0.008602433,11.008646,11.118333,2,-1,0,0.9896254,1
85,9,1,0,0,-93.7035,-589.75055,362.4647,-0.013355096,-0.0010159585,0.022544317,4.513333,4.0136113,2,-1,0,0.8887303,1
85,9,1,0,0,-93.7035,-589.75055,362.4647,-0.013355096,-0.0010159585,0.022544317,5.673139,5.7505555,2,-1,0,0.99160427,1
85,39,1,1,0,-102.88197,529.14105,403.70935,0.014387001,-0.024483806,-0.0033272204,29.155483,24.565556,2,3,1,0.9963312,1
85,36,1,0,0,110.79898,-152.93741,266.63098,0.005486507,0.0082626585,0.016205085,3.9934168,4.1572223,2,-1,0,0.94766945,1
85,8,1,1,0,100.75533,529.0775,310.53482,0.01824743,-0.029468678,0.021192262,32.629246,31.1025,2,4,1,0.9961288,1
85,21,1,0,0,101.97277,550.7465,425.46506,0.03359628,0.019724892,-0.0146175735,6.689264,5.420833,2,-1,0,0.96978825,1
85,22,0,0,0,0.0,0.0,0.0,0.0,0.0,0.0,5.6740136,-1.0,2,-1,0,0.9830305,1
85,21,1,1,0,101.97277,550.7465,425.46506,0.03359628,0.019724892,-0.0146175735,24.151411,24.238611,2,5,1,0.9908943,1
85,8,1,0,0,100.75533,529.0775,310.53482,0.01824743,-0.029468678,0.021192262,9.252653,9.244722,2,-1,0,0.98281884,1
85,22,0,0,0,0.0,0.0,0.0,0.0,0.0,0.0,14.369687,-1.0,2,-1,0,0.9861827,1
85,18,1,1,0,111.35212,-241.18509,316.6178,-0.0153365,0.021663057,-0.008602433,17.761347,17.463888,2,6,1,0.9641134,1
85,36,1,1,0,110.79898,-152.93741,266.63098,0.005486507,0.0082626585,0.016205085,20.311152,20.3925,2,7,1,0.9564026,1
85,9,1,1,0,-93.7035,-589.75055,362.4647,-0.013355096,-0.0010159585,0.022544317,19.720694,19.405,2,8,1,0.9613445,1
85,11,1,1,0,117.07606,124.65244,373.97025,-0.0043636737,0.0020771234,0.0066157817,7.099361,7.17,2,9,1,0.99564326,1
85,21,1,0,0,101.97277,550.7465,425.46506,0.03359628,0.019724892,-0.0146175735,10.887896,11.056111,2,-1,0,0.9930621,1
85,11,1,0,0,117.07606,124.65244,373.97025,-0.0043636737,0.0020771234,0.0066157817,3.3220832,3.3247223,2,-1,0,0.8870362,1
85,28,1,0,0,-156.3298,184.23148,74.59437,0.006555449,0.02246099,-0.0061830254,4.3518405,4.2219443,2,-1,0,0.9791398,1
85,24,1,1,0,181.0426,-451.40695,257.77765,-0.024842022,0.0034324846,-0.007826114,22.589132,22.986944,2,10,1,0.99903375,1
85,5,1,1,0,-148.83966,476.28256,217.91237,-0.003175706,-0.012403125,0.021682268,20.511147,19.474445,2,11,1,0.98790795,1
85,5,1,0,0,-148.83966,476.28256,217.91237,-0.003175706,-0.012403125,0.021682268,5.655514,5.6952777,2,-1,0,0.9831274,1
85,28,1,1,0,-156.3298,184.23148,74.59437,0.006555449,0.02246099,-0.0061830254,14.268459,14.160277,2,12,1,0.9702505,1
85,16,1,1,0,156.69695,-293.1679,161.51378,-0.014568402,-0.0051172026,0.015690284,22.230967,22.012222,2,13,1,0.96941453,1
85,2,1,1,0,153.42574,162.49898,454.22528,0.015730381,0.0059302393,-0.028057823,32.316597,32.069443,2,14,1,0.989953,1
85,28,1,0,0,-156.3298,184.23148,74.59437,0.006555449,0.02246099,-0.0061830254,4.9775977,5.06,2,-1,0,0.9796647,1
85,5,1,0,0,-148.83966,476.28256,217.91237,-0.003175706,-0.012403125,0.021682268,3.6858892,3.7183332,2,-1,0,0.953364,1
85,29,1,1,0,-168.29681,-225.99387,27.23579,0.0201891,-0.03219032,-0.042042494,55.068836,54.7775,2,15,1,0.99933547,1
85,27,1,1,0,174.87617,112.48441,340.27527,-0.022906225,-0.02968223,-0.0118735405,39.418594,45.065556,2,16,1,0.99466276,1
85,10,1,1,0,167.26787,-285.9102,461.80038,-0.0025639134,0.009542414,0.011634275,4.1639447,4.1313887,2,17,1,0.9750011,1
85,27,1,0,0,174.87617,112.48441,340.27527,-0.022906225,-0.02968223,-0.0118735405,3.21775,3.1577778,2,-1,0,0.81121594,1
85,1,1,1,0,173.58559,187.33618,72.52951,0.0025655706,-0.003935837,-0.0082825525,10.155097,10.261111,2,18,1,0.9908795,1
85,24,1,0,0,181.0426,-451.40695,257.77765,-0.024842022,0.0034324846,-0.007826114,4.6759167,4.651389,2,-1,0,0.9654065,1
85,38,1,1,0,-247.45389,181.1501,366.3412,0.018783879,-0.009224105,0.0042097606,12.541638,12.525,2,19,1,0.988782,1
85,23,1,0,0,-268.72522,87.1562,153.81516,0.028132237,0.0040877396,-0.010011352,3.8494997,3.8433332,2,-1,0,0.93501943,1
85,15,1,0,0,239.74893,459.05106,233.0307,-0.036117174,-0.0097590545,0.009773807,3.026389,3.0991666,2,-1,0,0.54954314,1
85,15,1,1,0,239.74893,459.05106,233.0307,-0.036117174,-0.0097590545,0.009773807,20.630821,22.1125,2,20,1,0.99994457,1
85,17,1,1,0,-235.17426,217.488,131.00166,0.0022553399,0.020030323,0.0014760434,19.17084,18.885555,2,21,1,0.99542904,1
85,15,1,0,0,239.74893,459.05106,233.0307,-0.036117174,-0.0097590545,0.009773807,15.00614,3.4461112,2,-1,0,0.9896652,1
85,35,1,1,0,-240.44514,361.69983,33.081486,0.0046277624,0.015494733,0.023766652,22.75228,22.590279,2,22,1,0.81258154,1
85,38,1,0,0,-247.45389,181.1501,366.3412,0.018783879,-0.009224105,0.0042097606,8.1594715,8.130278,2,-1,0,0.9772841,1
85,35,1,0,0,-240.44514,361.69983,33.081486,0.0046277624,0.015494733,0.023766652,3.7723055,3.8952777,2,-1,0,0.9905081,1
85,12,1,1,0,250.34349,-544.47296,277.403,0.015510243,-0.03884106,0.042803075,28.249609,26.9975,2,23,1,0.99023837,1
85,23,1,0,0,-268.72522,87.1562,153.81516,0.028132237,0.0040877396,-0.010011352,6.4446387,6.5208335,2,-1,0,0.96391696,1
85,34,1,1,0,270.5025,539.6301,177.1289,-0.016921394,0.033340544,-0.00446251,32.372578,32.24889,2,24,1,0.9947271,1
85,23,1,1,0,-268.72522,87.1562,153.81516,0.028132237,0.0040877396,-0.010011352,17.748806,17.801666,2,25,1,0.9957265,1
85,12,1,0,0,250.34349,-544.47296,277.403,0.015510243,-0.03884106,0.042803075,22.565584,22.845278,2,-1,0,0.9995882,1
85,12,1,0,0,250.34349,-544.47296,277.403,0.015510243,-0.03884106,0.042803075,2.8766875,2.906389,2,-1,0,0.5040581,1
85,3,1,1,0,-272.72626,-298.31924,347.80045,0.0024815372,-0.0067406963,-0.018762324,18.293957,18.232222,2,26,1,0.97311413,1
85,12,1,0,0,250.34349,-544.47296,277.403,0.015510243,-0.03884106,0.042803075,5.309334,5.3616667,2,-1,0,0.9861063,1
85,14,1,1,0,277.28418,230.75284,125.85858,-0.005894022,0.0041542593,2.7625525e-05,6.9802985,6.9869447,2,27,1,0.9538641,1
85,14,1,0,0,277.28418,230.75284,125.85858,-0.005894022,0.0041542593,2.7625525e-05,6.1539307,6.1283336,2,-1,0,0.981468,1
85,13,1,1,0,-299.21265,237.02821,5.4060235,0.0197012,0.0166066,-0.01482391,20.964659,20.70861,2,28,1,0.9954372,1
85,13,1,0,0,-299.21265,237.02821,5.4060235,0.0197012,0.0166066,-0.01482391,4.3564095,2.4291666,2,-1,0,0.98340964,1
85,33,1,1,0,300.06497,354.3266,158.39977,0.0008600484,-0.007446111,-0.020114746,13.251111,13.216945,2,29,1,0.9900246,1
85,33,1,0,0,300.06497,354.3266,158.39977,0.0008600484,-0.007446111,-0.020114746,5.873653,5.836111,2,-1,0,0.97015464,1
85,19,1,1,0,300.85693,48.077103,225.2467,0.011355408,0.0025729903,0.024437448,8.708056,5.8780556,2,30,1,0.980646,1
85,19,1,0,0,300.85693,48.077103,225.2467,0.011355408,0.0025729903,0.024437448,4.348743,3.3625,2,-1,0,0.91087383,1
85,30,1,1,0,301.77988,279.61588,97.421524,0.002714375,-0.007077442,-0.020786015,16.96186,16.9475,2,31,1,0.9933227,1
85,19,1,0,0,300.85693,48.077103,225.2467,0.011355408,0.0025729903,0.024437448,7.1608744,7.1527777,2,-1,0,0.96973485,1
85,30,1,0,0,301.77988,279.61588,97.421524,0.002714375,-0.007077442,-0.020786015,3.2576873,3.2538888,2,-1,0,0.9207976,1
85,25,1,1,0,308.30334,277.7084,134.60512,0.0093900785,0.007649138,0.017574022,9.996604,10.044444,2,32,1,0.9601493,1
85,25,1,0,0,308.30334,277.7084,134.60512,0.0093900785,0.007649138,0.017574022,6.5942707,3.5038888,2,-1,0,0.9762482,1
85,40,1,0,0,-319.41144,155.77681,372.23846,-0.018061897,-0.0058921464,0.017778125,4.0482364,4.0633335,2,-1,0,0.95246124,1
85,40,1,1,0,-319.41144,155.77681,372.23846,-0.018061897,-0.0058921464,0.017778125,25.4834,25.594444,2,33,1,0.9973646,1
85,31,1,0,0,324.36777,179.96274,274.2918,0.0043707294,-0.013986209,-0.0011066167,4.210077,4.0619445,2,-1,0,0.97310275,1
85,33,1,0,0,300.06497,354.3266,158.39977,0.0008600484,-0.007446111,-0.020114746,3.5966182,3.5291667,2,-1,0,0.8866784,1
85,31,1,1,0,324.36777,179.96274,274.2918,0.0043707294,-0.013986209,-0.0011066167,9.758799,9.891666,2,34,1,0.9957568,1
85,37,1,1,0,-332.1271,-295.20416,29.40486,-0.015066456,-0.014652265,0.015989095,22.368013,21.911945,2,35,1,0.99742055,1
85,31,1,0,0,324.36777,179.96274,274.2918,0.0043707294,-0.013986209,-0.0011066167,3.5843055,3.5416667,2,-1,0,0.9745583,1
85,7,1,0,0,354.91492,-511.85883,43.358875,-0.014029721,-0.056680758,0.02165041,14.533049,14.678611,2,-1,0,0.97704357,1
85,7,1,1,0,354.91492,-511.85883,43.358875,-0.014029721,-0.056680758,0.02165041,44.863552,44.683056,2,36,1,0.9758403,1
85,20,1,1,0,-354.87613,-120.45507,338.56665,0.0073381807,0.00091161614,0.005888824,8.316736,8.324166,2,37,1,0.9798155,1
85,24,0,0,0,0.0,0.0,0.0,0.0,0.0,0.0,2.6629999,2.6891668,2,-1,0,0.53103673,1
85,32,1,1,0,360.36307,-473.9441,266.80124,0.007592453,0.015062404,0.002626953,12.709258,11.280278,2,38,1,0.9848615,1
86,22,1,0,0,26.233784,-13.598513,291.35526,-0.0051389565,0.004287958,-0.018478887,8.861166,8.941667,2,-1,0,0.9829046,1
86,22,1,1,0,26.233784,-13.598513,291.35526,-0.0051389565,0.004287958,-0.018478887,11.374612,11.339444,2,0,1,0.9907172,1
86,3,1,1,0,31.434721,-235.02817,390.95142,0.009015977,-0.00050951075,-0.0024844971,10.770666,10.938889,2,1,1,0.9964557,1
86,31,0,0,0,0.0,0.0,0.0,0.0,0.0,0.0,5.945639,-1.0,2,-1,0,0.95431226,1
86,3,1,0,0,31.434721,-235.02817,390.95142,0.009015977,-0.00050951075,-0.0024844971,4.402069,4.3525,2,-1,0,0.96193403,1
86,33,1,1,0,-54.02889,92.97429,198.46173,-0.005682671,-0.014157569,0.0017112034,13.749139,14.017777,2,2,1,0.99346477,1
86,35,1,1,0,-63.423267,10.078125,69.80545,0.0063327504,0.0038182552,-0.00030422682,7.9139514,7.8525,2,3,1,0.9793458,1
86,33,1,0,0,-54.02889,92.97429,198.46173,-0.005682671,-0.014157569,0.0017112034,2.659528,2.755,2,-1,0,0.6407318,1
86,10,1,1,0,-78.19143,-421.0854,197.45592,-0.029539213,0.0005000121,-0.0002180216,32.892666,32.73111,2,4,1,0.9999988,1
86,1,1,1,0,-88.17152,534.7566,218.02852,-0.008745739,0.0095732715,0.0064246124,15.361367,15.436389,2,5,1,0.99722725,1
86,19,1,1,0,-90.42432,144.98624,121.111946,-0.0069207763,-0.03081447,-0.0120308455,27.705423,22.839445,2,6,1,0.9992168,1
86,19,1,0,0,-90.42432,144.98624,121.111946,-0.0069207763,-0.03081447,-0.0120308455,9.296152,9.355833,2,-1,0,0.9929322,1
86,35,1,0,0,-63.423267,10.078125,69.80545,0.0063327504,0.0038182552,-0.00030422682,6.48875,6.389167,2,-1,0,0.9653828,1
86,39,1,1,0,125.21003,-111.64857,264.70883,-0.015775837,-0.011125154,-0.00716803,15.511458,15.3525,2,-1,1,0.9905344,1
86,39,1,0,0,125.21003,-111.64857,264.70883,-0.015775837,-0.011125154,-0.00716803,8.490729,8.489722,2,-1,0,0.98856354,1
86,24,1,1,0,125.30675,335.36038,426.76416,-0.003010268,0.0048209154,0.009091678,10.24036,10.082778,2,7,1,0.98936033,1
86,1,0,0,0,0.0,0.0,0.0,0.0,0.0,0.0,2.9711947,2.9025,2,-1,0,0.6388054,1
86,36,1,1,0,-197.15916,-385.593,162.97208,0.0072548133,0.0051236884,0.0064532286,5.9148674,5.8880553,2,8,1,0.98348886,1
86,17,1,1,0,-161.23045,-300.32816,38.500793,-0.0037883876,-0.025213102,0.01306527,13.876966,13.821667,2,9,1,0.99043256,1
86,17,1,0,0,-161.23045,-300.32816,38.500793,-0.0037883876,-0.025213102,0.01306527,7.9052777,7.9205556,2,-1,0,0.9940315,1
86,17,1,0,0,-161.23045,-300.32816,38.500793,-0.0037883876,-0.025213102,0.01306527,9.997827,10.006111,2,-1,0,0.9767799,1
86,12,1,1,0,-176.76968,500.89145,130.34111,0.008601211,-0.0012313693,-0.005811819,10.659743,10.819722,2,10,1,0.997792,1
86,26,1,1,0,177.68443,283.3702,69.353676,0.003847141,-0.017666139,0.0009811455,16.41661,11.429722,2,11,1,0.9884101,1
86,21,1,1,0,203.57585,202.5526,65.21173,-0.033061385,0.02034298,-0.012500563,36.857613,39.55639,2,12,1,0.9999627,1
86,36,1,0,0,-197.15916,-385.593,162.97208,0.0072548133,0.0051236884,0.0064532286,4.104618,4.101111,2,-1,0,0.986006,1
86,8,1,1,0,-204.09566,110.929886,402.47665,0.017628772,0.0025367457,-0.0061583756,20.03591,20.045555,2,13,1,0.98727936,1
86,21,1,0,0,203.57585,202.5526,65.21173,-0.033061385,0.02034298,-0.012500563,4.9030004,4.9630556,2,-1,0,0.99966574,1
86,30,1,0,0,220.76387,-257.85822,372.65118,-0.011583593,0.012023852,0.02502121,5.504083,5.4930553,2,-1,0,0.93055767,1
86,30,1,0,0,220.76387,-257.85822,372.65118,-0.011583593,0.012023852,0.02502121,4.3201594,4.2125,2,-1,0,0.97818553,1
86,12,1,0,0,-176.76968,500.89145,130.34111,0.008601211,-0.0012313693,-0.005811819,3.2549858,3.2475,2,-1,0,0.9054331,1
86,24,0,0,0,0.0,0.0,0.0,0.0,0.0,0.0,2.9842222,2.801389,2,-1,0,0.5297802,1
86,15,1,1,0,-218.06964,152.39206,58.258904,0.017932966,-0.020340675,0.0011648131,24.95911,24.8125,2,14,1,0.98716563,1
86,30,1,1,0,220.76387,-257.85822,372.65118,-0.011583593,0.012023852,0.02502121,18.373833,18.3775,2,15,1,0.9886262,1
86,29,1,1,0,-224.46278,321.07556,322.7433,0.018512905,-0.016247794,-0.00045288543,18.486347,17.789722,2,16,1,0.99995387,1
86,29,1,0,0,-224.46278,321.07556,322.7433,0.018512905,-0.016247794,-0.00045288543,4.715868,4.6302776,2,-1,0,0.92911524,1
86,28,1,1,0,-225.17873,335.78033,456.41647,-0.0062503973,0.002694023,0.022645328,7.989465,7.9075,2,17,1,0.98158264,1
86,37,1,1,0,-229.09578,-72.296974,2.3130045,-0.0021976961,-0.013003925,-0.0036632887,12.360556,12.5575,2,18,1,0.9963264,1
86,25,1,1,0,225.47632,-310.81122,17.93089,-0.00058213715,0.002322945,-0.0025780036,3.171611,3.145,2,19,1,0.85138667,1
86,18,1,1,0,-229.70253,578.75555,140.67586,-0.027415657,0.005532214,-0.009234771,24.895868,24.747778,2,-1,1,0.99813086,1
86,9,1,1,0,-232.47305,-311.43378,240.20247,-0.023576159,-0.01226947,-0.008732304,30.259388,28.094723,2,20,1,0.9967835,1
86,20,1,1,0,-238.3132,-360.15317,277.67703,0.005522613,0.02133272,-0.0015827136,21.32875,21.491388,2,21,1,0.97403073,1
86,7,1,1,0,250.05853,48.61642,207.80595,0.004017444,-0.009641163,0.031657264,31.604967,30.961666,2,22,1,0.9836474,1
86,37,1,0,0,-229.09578,-72.296974,2.3130045,-0.0021976961,-0.013003925,-0.0036632887,3.2305207,3.036111,2,-1,0,0.96539056,1
86,4,1,1,0,259.526,-385.60114,219.14636,-0.010129339,-0.014474945,0.013904577,20.415682,20.075556,2,23,1,0.8733004,1
86,13,1,1,0,-261.20932,-571.86694,401.79526,0.004663653,-0.031316597,0.0072344113,28.978584,29.1275,2,24,1,0.97808295,1
86,14,1,1,0,-265.40997,409.3779,382.50137,0.0068787285,-0.020494206,0.008610682,20.966831,21.105833,2,25,1,0.9713572,1
86,23,1,1,0,-277.92703,-582.07806,392.29544,0.005549814,-0.010033126,-0.00255492,12.089258,11.892777,2,26,1,0.9951608,1
86,40,1,1,0,-279.46545,376.21982,11.264304,0.0077673616,-0.01814116,-0.0046649864,21.50362,20.992222,2,27,1,0.9791335,1
86,34,1,1,0,278.28293,-303.9653,106.87506,0.0060563833,-0.024416167,-0.03639189,24.129028,22.564167,2,28,1,0.98556983,1
86,34,1,0,0,278.28293,-303.9653,106.87506,0.0060563833,-0.024416167,-0.03639189,5.3740973,5.484722,2,-1,0,0.96765244,1
86,5,1,0,0,282.91888,386.33658,170.60176,0.01689353,0.01586451,0.017988244,10.421785,10.465555,2,-1,0,0.9618994,1
86,5,1,1,0,282.91888,386.33658,170.60176,0.01689353,0.01586451,0.017988244,15.078744,14.806945,2,29,1,0.9970181,1
86,5,1,0,0,282.91888,386.33658,170.60176,0.01689353,0.01586451,0.017988244,4.0508404,4.015,2,-1,0,0.8727163,1
86,34,1,0,0,278.28293,-303.9653,106.87506,0.0060563833,-0.024416167,-0.03639189,6.869167,6.880833,2,-1,0,0.9671729,1
86,34,1,0,0,278.28293,-303.9653,106.87506,0.0060563833,-0.024416167,-0.03639189,4.172618,4.2130556,2,-1,0,0.9821108,1
86,11,1,1,0,299.8291,-487.55753,266.4014,-0.0049991454,-0.013337896,-0.0020759106,13.032591,12.951667,2,30,1,0.9684447,1
86,27,1,1,0,347.5465,249.286,348.9317,-0.021238996,-0.0018671841,-0.0052796667,14.4441805,14.361111,2,31,1,0.9714474,1
86,38,1,1,0,-322.55405,-543.64777,80.6138,0.0022538726,-0.009930915,0.003731677,10.831695,9.845555,2,32,1,0.9838928,1
86,6,1,1,0,-334.55063,466.51816,33.68853,0.00023889037,0.0056521213,-0.0013758471,5.332986,5.283889,2,33,1,0.9575505,1
86,27,0,0,0,0.0,0.0,0.0,0.0,0.0,0.0,2.9038541,2.905,2,-1,0,0.56130064,1
86,27,1,0,0,347.5465,249.286,348.9317,-0.021238996,-0.0018671841,-0.0052796667,6.4808197,6.491667,2,-1,0,0.9470405,1
86,2,1,1,0,-345.81277,-401.30923,68.56102,-0.00070162513,-0.00457165,0.004528538,5.9778123,2.4627779,2,34,1,0.9644497,1
86,32,1,1,0,-352.15015,198.58037,426.4752,0.0130950995,-0.005877393,-0.008334205,9.538564,9.542222,2,35,1,0.99576896,1
86,32,1,0,0,-352.15015,198.58037,426.4752,0.0130950995,-0.005877393,-0.008334205,6.2006664,3.4480555,2,-1,0,0.96368897,1
86,16,1,1,0,-360.92148,-525.5879,74.19122,-0.012479384,-0.010162758,-0.0013608652,7.733215,7.7355556,2,36,1,0.9522386,1
86,15,0,0,0,0.0,0.0,0.0,0.0,0.0,0.0,2.8784447,2.9644444,2,-1,0,0.9260526,1
87,14,1,0,0,24.084894,373.88147,66.88957,-0.014325694,-0.008797641,0.03589836,7.2629027,7.1619444,2,-1,0,0.9975968,1
87,16,1,1,0,19.334332,118.076,321.7965,-0.0015865398,0.017354907,0.041991375,36.354076,36.28,2,0,1,0.99985933,1
87,14,1,1,0,24.084894,373.88147,66.88957,-0.014325694,-0.008797641,0.03589836,35.75787,35.424446,2,1,1,0.9966486,1
87,16,1,0,0,19.334332,118.076,321.7965,-0.0015865398,0.017354907,0.041991375,4.654639,3.3247223,2,-1,0,0.9819443,1
87,16,1,0,0,19.334332,118.076,321.7965,-0.0015865398,0.017354907,0.041991375,7.450584,7.3152776,2,-1,0,0.9948972,1
87,28,1,1,0,-29.216324,366.4392,48.869884,0.016565768,0.02540434,0.018396715,38.31294,38.005554,2,2,1,0.9997808,1
87,28,1,0,0,-29.216324,366.4392,48.869884,0.016565768,0.02540434,0.018396715,4.3813887,4.4216666,2,-1,0,0.93473405,1
87,39,1,0,0,-41.800003,527.45,131.52547,0.007400065,-0.015404652,-0.007925106,8.384778,8.210278,2,-1,0,0.9760751,1
87,4,1,1,0,35.960747,76.86743,205.7654,-0.0018126005,0.008333624,0.009638164,13.062348,13.123611,2,3,1,0.97816396,1
87,14,1,0,0,24.084894,373.88147,66.88957,-0.014325694,-0.008797641,0.03589836,4.8114448,4.9052777,2,-1,0,0.9782973,1
87,31,1,1,0,-37.28704,427.76187,59.897545,-0.0042201853,-0.007894206,0.00094930857,6.7133822,6.571111,2,4,1,0.97056466,1
87,31,1,0,0,-37.28704,427.76187,59.897545,-0.0042201853,-0.007894206,0.00094930857,6.5709233,3.1022222,2,-1,0,0.9976858,1
87,39,1,1,0,-41.800003,527.45,131.52547,0.007400065,-0.015404652,-0.007925106,13.541055,13.473889,2,5,1,0.9949282,1
87,32,1,0,0,-53.444004,-489.52115,92.21517,0.0060306434,-0.024420012,0.017189188,12.634827,12.581944,2,-1,0,0.99708456,1
87,32,1,1,0,-53.444004,-489.52115,92.21517,0.0060306434,-0.024420012,0.017189188,20.543255,20.876112,2,6,1,0.9976012,1
87,15,1,1,0,-65.500015,-359.1259,95.26147,-0.0002612429,0.0086398665,0.006656454,10.869826,11.011389,2,7,1,0.9802372,1
87,19,1,0,0,73.10946,-179.46684,56.380657,-0.031300988,-0.016262105,0.008834823,7.857306,7.7419443,2,-1,0,0.9769835,1
87,19,1,1,0,73.10946,-179.46684,56.380657,-0.031300988,-0.016262105,0.008834823,24.5207,24.223612,2,8,1,0.9994436,1
87,24,1,1,0,-68.84414,115.04633,128.62733,-0.015584576,-0.0037968892,0.015417941,17.92425,13.964723,2,9,1,0.9815584,1
87,35,1,1,0,74.63999,-109.923485,72.2818,-0.0042901062,-0.017568199,-0.0067650815,24.191736,23.586945,2,10,1,0.99842536,1
87,19,1,0,0,73.10946,-179.46684,56.380657,-0.031300988,-0.016262105,0.008834823,3.1719859,3.1747222,2,-1,0,0.9391648,1
87,24,1,0,0,-68.84414,115.04633,128.62733,-0.015584576,-0.0037968892,0.015417941,5.0309997,4.895,2,-1,0,0.9335514,1
87,22,1,1,0,84.12786,-506.89304,451.13947,0.021268783,-0.0034218223,0.015044116,19.518002,19.4225,2,11,1,0.9972148,1
87,22,1,0,0,84.12786,-506.89304,451.13947,0.021268783,-0.0034218223,0.015044116,4.7763195,4.8775,2,-1,0,0.9736135,1
87,33,1,1,0,94.52539,-248.7786,365.67374,-0.017811103,-0.01055894,0.006245322,25.053028,25.231388,2,12,1,0.9995554,1
87,21,1,1,0,95.50945,22.817377,373.31754,-0.027791562,-0.0107082315,0.009319271,38.072258,35.333057,2,13,1,0.9994187,1
87,6,1,1,0,-102.365135,-73.65518,345.16574,-0.0020949089,0.020388363,0.019105412,16.16818,15.574445,2,14,1,0.99164516,1
87,6,1,0,0,-102.365135,-73.65518,345.16574,-0.0020949089,0.020388363,0.019105412,8.292938,8.410556,2,-1,0,0.99558204,1
87,37,1,1,0,-108.487335,-286.1298,174.93947,-0.013886948,0.00081463024,-0.00664094,17.103443,16.955833,2,15,1,0.9560199,1
87,38,1,0,0,124.33023,364.43854,23.345392,-0.0066564633,0.016299233,0.0058987285,3.6989026,3.526389,2,-1,0,0.91196847,1
87,38,1,1,0,124.33023,364.43854,23.345392,-0.0066564633,0.016299233,0.0058987285,15.930271,15.8975,2,16,1,0.9946182,1
87,34,1,1,0,-112.68264,-604.0274,130.30302,0.009572428,0.006525667,-0.020851498,4.084125,4.154722,2,17,1,0.9918996,1
87,27,1,1,0,-131.37646,-39.08783,78.272675,-0.0033445416,0.00097271445,0.018060656,18.6631,16.410833,2,18,1,0.99922144,1
87,26,1,0,0,142.20915,-149.51752,294.96503,0.005560779,-0.0011647078,0.009550185,3.9031873,3.8416667,2,-1,0,0.93965673,1
87,26,1,1,0,142.20915,-149.51752,294.96503,0.005560779,-0.0011647078,0.009550185,11.607702,11.835,2,19,1,0.9966912,1
87,11,1,1,0,-177.4705,-530.13513,326.1926,0.010140798,-0.026546877,-0.0084347185,32.821404,32.780556,2,-1,1,0.9996582,1
87,8,0,0,0,0.0,0.0,0.0,0.0,0.0,0.0,3.1530974,-1.0,2,-1,0,0.71709126,1
87,13,0,0,0,0.0,0.0,0.0,0.0,0.0,0.0,2.7509513,2.7205555,2,-1,0,0.6218058,1
87,8,0,0,0,0.0,0.0,0.0,0.0,0.0,0.0,13.775458,-1.0,2,-1,0,0.8706676,1
87,18,1,0,0,221.3941,-483.68936,292.00348,-0.01770143,0.018928727,0.038956363,7.349653,7.327778,2,-1,0,0.99153334,1
87,18,1,1,0,221.3941,-483.68936,292.00348,-0.01770143,0.018928727,0.038956363,36.459232,36.300835,2,20,1,0.9789635,1
87,25,1,1,0,-219.06154,-409.58652,315.33505,0.0019357258,0.021884803,0.005380655,22.301132,9.155556,2,21,1,0.9995323,1
87,20,1,0,0,-223.77545,217.01447,304.4902,-0.017805561,-0.0043862774,0.010442856,4.385139,4.3261113,2,-1,0,0.9834806,1
87,20,1,1,0,-223.77545,217.01447,304.4902,-0.017805561,-0.0043862774,0.010442856,23.951818,21.868334,2,22,1,0.9997278,1
87,1,1,1,0,233.06927,204.09624,207.88509,-0.00677031,-0.0140489135,-0.021715885,19.595236,19.230833,2,23,1,0.993123,1
87,1,1,0,0,233.06927,204.09624,207.88509,-0.00677031,-0.0140489135,-0.021715885,6.114312,5.9722223,2,-1,0,0.99022377,1
87,5,1,1,0,-234.85634,137.87573,434.09854,-0.024289947,0.018567285,-0.021391988,36.08696,35.861946,2,24,1,0.985495,1
87,13,1,1,0,-237.21078,-126.198746,283.80325,-0.012123667,0.022101684,0.033113137,23.776606,23.395834,2,25,1,0.99795,1
87,13,1,0,0,-237.21078,-126.198746,283.80325,-0.012123667,0.022101684,0.033113137,12.241286,12.033889,2,-1,0,0.99346733,1
87,40,1,1,0,-256.33984,206.59712,359.61685,-0.010670946,-0.0024202461,-0.002605669,9.982876,9.961111,2,-1,1,0.97904015,1
87,10,1,1,0,-261.31036,-437.842,447.8092,-0.015143972,-0.026949124,-0.015616266,37.683395,23.236944,2,26,1,0.99839145,1
87,29,1,0,0,-269.56726,267.4342,252.65578,-0.011888792,-0.0076092673,0.019570425,5.2683053,5.365278,2,-1,0,0.98000735,1
87,29,1,0,0,-269.56726,267.4342,252.65578,-0.011888792,-0.0076092673,0.019570425,6.8651114,6.333889,2,-1,0,0.98691875,1
87,29,1,1,0,-269.56726,267.4342,252.65578,-0.011888792,-0.0076092673,0.019570425,10.487791,10.453333,2,27,1,0.9946775,1
87,29,1,0,0,-269.56726,267.4342,252.65578,-0.011888792,-0.0076092673,0.019570425,5.88225,5.826389,2,-1,0,0.99117064,1
87,36,1,1,0,285.059,232.81412,427.41708,0.009332127,0.0065677734,-0.010999783,9.40275,9.47,2,28,1,0.99480146,1
87,12,1,1,0,-299.7566,5.8520365,119.45622,0.010366822,0.010562993,0.0059117805,16.237467,16.303612,2,29,1,0.9939135,1
87,17,1,1,0,-312.59903,565.6159,404.78015,0.010060787,0.01215696,-0.0032695103,16.205744,16.241112,2,30,1,0.9592506,1
87,9,1,0,0,-314.77905,-381.8989,377.45172,0.025729075,0.021973627,0.030429244,9.307208,9.401667,2,-1,0,0.9768727,1
87,9,1,1,0,-314.77905,-381.8989,377.45172,0.025729075,0.021973627,0.030429244,28.73138,28.725277,2,31,1,0.9869257,1
87,2,1,1,0,-314.70938,363.342,269.71497,0.0048513478,0.007930128,-0.0007212662,9.655076,9.616111,2,32,1,0.9965303,1
87,23,1,1,0,-323.92114,-123.377235,347.8668,-0.0021758324,0.016730838,-0.0065732556,15.115369,15.251945,2,33,1,0.9996426,1
87,23,1,0,0,-323.92114,-123.377235,347.8668,-0.0021758324,0.016730838,-0.0065732556,3.04,3.0447223,2,-1,0,0.9934952,1
87,30,1,1,0,-332.50623,299.3461,398.07684,-0.006107408,0.02223798,-0.019874763,28.588165,28.235,2,34,1,0.994978,1
87,7,1,1,0,338.0628,-457.37,40.707924,0.0040911464,0.004029964,-0.0132868355,9.156188,9.197222,2,35,1,0.9864345,1
87,7,1,0,0,338.0628,-457.37,40.707924,0.0040911464,0.004029964,-0.0132868355,3.1453333,2.0825,2,-1,0,0.9674737,1
87,3,1,1,0,-358.33054,-468.36316,23.558393,-0.005733383,0.031555466,-0.0002466196,18.915026,15.244722,2,36,1,0.97481257,1
88,12,1,0,0,-25.059446,279.99338,314.9862,0.03910807,-0.004278979,-0.050440107,18.46709,18.626112,2,-1,0,0.9967155,1
88,12,1,1,0,-25.059446,279.99338,314.9862,0.03910807,-0.004278979,-0.050440107,35.01757,35.38139,2,0,1,0.98370534,1
88,8,1,1,0,19.348585,77.99383,236.75974,0.007761475,0.0029591778,0.0005578076,9.732813,9.740556,2,1,1,0.9946671,1
88,22,1,1,0,23.404552,-519.07623,66.76357,0.0050668735,-0.020995904,-0.009241762,24.370049,21.859722,2,2,1,0.9131093,1
88,6,0,0,0,0.0,0.0,0.0,0.0,0.0,0.0,3.6156669,3.525,2,-1,0,0.83962613,1
88,25,1,1,0,-26.861044,-374.46185,84.35222,0.0046510054,0.005438535,0.0049654595,9.419389,8.7913885,2,3,1,0.99628794,1
88,37,1,1,0,42.74368,-401.34818,280.837,0.004867582,1.3307182e-05,0.015365928,22.21414,18.596111,2,4,1,0.9975452,1
88,11,1,0,0,65.68986,-44.346756,181.76012,0.011574704,-0.0032180306,-0.0033607588,8.153125,7.971389,2,-1,0,0.9881835,1
88,28,1,1,0,-48.568783,-28.709938,338.84503,-0.0069215796,0.0028990589,0.0038731117,6.4404798,6.6325,2,5,1,0.9691301,1
88,12,1,0,0,-25.059446,279.99338,314.9862,0.03910807,-0.004278979,-0.050440107,7.1198745,6.9144444,2,-1,0,0.9562418,1
88,23,1,1,0,51.4342,-157.63107,267.2358,0.029357797,0.0141687915,0.0029811026,31.623251,39.820835,2,6,1,0.999998,1
88,1,1,1,0,-56.947094,-593.368,375.2649,-0.010586347,-0.013587965,0.014349142,26.25618,24.249166,2,7,1,0.99956244,1
88,11,1,1,0,65.68986,-44.346756,181.76012,0.011574704,-0.0032180306,-0.0033607588,10.569465,10.284445,2,-1,1,0.99459887,1
88,32,1,0,0,-119.29646,-180.97644,118.06883,-0.02411035,-0.029107895,0.0039090267,3.1829998,3.2805555,2,-1,0,0.5855601,1
88,7,1,1,0,74.82978,475.92828,259.55914,0.010268986,0.0115040485,0.009306233,18.31907,18.610556,2,8,1,0.9996244,1
88,35,1,0,0,81.03488,404.01416,140.17935,0.013022558,0.0050756005,0.016337581,3.5550623,3.3727777,2,-1,0,0.90978783,1
88,18,1,1,0,84.98312,308.77753,48.476936,-0.005661241,-0.009741481,0.012467777,10.782216,10.596945,2,9,1,0.9807193,1
88,35,1,1,0,81.03488,404.01416,140.17935,0.013022558,0.0050756005,0.016337581,12.705723,11.012222,2,10,1,0.95504326,1
88,35,1,0,0,81.03488,404.01416,140.17935,0.013022558,0.0050756005,0.016337581,11.263425,11.297778,2,-1,0,0.98164546,1
88,24,0,0,0,0.0,0.0,0.0,0.0,0.0,0.0,2.8104374,2.889722,2,-1,0,0.50395656,1
88,18,1,0,0,84.98312,308.77753,48.476936,-0.005661241,-0.009741481,0.012467777,6.972639,7.0466666,2,-1,0,0.9924189,1
88,40,1,1,0,90.69478,-17.647087,373.50006,-0.013233423,-0.0034440977,-0.01237653,19.50668,19.252222,2,11,1,0.9913938,1
88,11,1,0,0,65.68986,-44.346756,181.76012,0.011574704,-0.0032180306,-0.0033607588,3.348243,3.2766666,2,-1,0,0.75605875,1
88,35,1,0,0,81.03488,404.01416,140.17935,0.013022558,0.0050756005,0.016337581,3.8448334,3.8716667,2,-1,0,0.97553843,1
88,32,1,1,0,-119.29646,-180.97644,118.06883,-0.02411035,-0.029107895,0.0039090267,39.071133,38.6975,2,12,1,0.99999976,1
88,39,1,0,0,-122.34752,-453.65997,438.49088,0.010431182,-0.004725051,0.012024649,7.355653,7.3294444,2,-1,0,0.98620456,1
88,39,1,1,0,-122.34752,-453.65997,438.49088,0.010431182,-0.004725051,0.012024649,10.381556,10.260278,2,13,1,0.9913679,1
88,9,1,0,0,153.10196,-463.78806,31.588366,-0.023178907,-0.0025011566,0.009368435,4.086639,4.089722,2,-1,0,0.95956594,1
88,17,0,0,0,0.0,0.0,0.0,0.0,0.0,0.0,3.0561666,-1.0,2,-1,0,0.571749,1
88,2,1,0,0,-147.21704,414.6548,349.9888,0.013426196,-0.0075046727,-0.0039548827,2.9495416,2.8747222,2,-1,0,0.8583257,1
88,26,1,1,0,143.06924,395.40762,293.56793,-0.012909138,-0.0012647186,-0.012356168,20.29,19.971666,2,14,1,0.9945853,1
88,2,1,1,0,-147.21704,414.6548,349.9888,0.013426196,-0.0075046727,-0.0039548827,15.501667,15.59,2,15,1,0.9618679,1
88,9,1,0,0,153.10196,-463.78806,31.588366,-0.023178907,-0.0025011566,0.009368435,2.7728333,2.7775,2,-1,0,0.58499986,1
88,32,1,0,0,-119.29646,-180.97644,118.06883,-0.02411035,-0.029107895,0.0039090267,3.4008334,3.3919444,2,-1,0,0.90624464,1
88,9,1,1,0,153.10196,-463.78806,31.588366,-0.023178907,-0.0025011566,0.009368435,13.419381,13.264722,2,16,1,0.99547225,1
88,9,1,0,0,153.10196,-463.78806,31.588366,-0.023178907,-0.0025011566,0.009368435,7.127146,7.015,2,-1,0,0.9982463,1
88,13,1,0,0,-163.97601,269.3531,80.625435,-0.0016106463,-0.0028569074,0.014759521,5.9308333,5.8497224,2,-1,0,0.98780847,1
88,13,1,1,0,-163.97601,269.3531,80.625435,-0.0016106463,-0.0028569074,0.014759521,10.533999,10.345,2,17,1,0.9590179,1
88,37,0,0,0,0.0,0.0,0.0,0.0,0.0,0.0,3.0513337,2.933889,2,-1,0,0.54037434,1
88,27,1,1,0,172.57118,-370.08374,301.32642,-0.018375605,-0.042221338,0.0110505605,20.46973,20.358889,2,18,1,0.96522564,1
88,34,1,1,0,-174.01521,-402.32504,216.05228,-0.002169858,0.0013241175,-0.010633898,14.975382,12.879444,2,19,1,0.98719466,1
88,38,1,1,0,-184.76698,420.33658,265.61517,-0.0031534694,0.005858544,-0.0037296119,7.936146,7.911389,2,20,1,0.98123574,1
88,30,1,1,0,-197.28212,338.3317,262.75058,0.010625661,-0.02043628,0.011592396,19.514778,19.430277,2,21,1,0.9995054,1
88,3,1,1,0,192.32808,-414.42667,313.95865,-0.01468176,0.020487737,0.0050905654,20.567825,20.467222,2,22,1,0.9909339,1
88,24,1,1,0,-193.59796,-505.44028,250.86,0.007653703,-0.011440795,-0.012981079,19.91,19.632778,2,23,1,0.9762913,1
88,30,1,0,0,-197.28212,338.3317,262.75058,0.010625661,-0.02043628,0.011592396,6.4381456,6.266667,2,-1,0,0.9748853,1
88,17,0,0,0,0.0,0.0,0.0,0.0,0.0,0.0,15.386744,-1.0,2,-1,0,0.99818164,1
88,5,1,1,0,-209.1569,-553.41846,322.5409,0.022226984,-0.009799291,0.0009854981,17.161736,16.996666,2,24,1,0.9996708,1
88,5,1,0,0,-209.1569,-553.41846,322.5409,0.022226984,-0.009799291,0.0009854981,2.093347,2.0902777,2,-1,0,0.95104825,1
88,17,0,0,0,0.0,0.0,0.0,0.0,0.0,0.0,24.953167,-1.0,2,-1,0,0.9998965,1
88,17,0,0,0,0.0,0.0,0.0,0.0,0.0,0.0,3.1621387,-1.0,2,-1,0,0.56655085,1
88,16,1,1,0,228.08192,454.95557,364.15506,0.02076247,0.015285204,-0.012873198,20.805208,17.619167,2,25,1,0.9833521,1
88,16,1,0,0,228.08192,454.95557,364.15506,0.02076247,0.015285204,-0.012873198,9.801013,9.913055,2,-1,0,0.9387345,1
88,15,1,1,0,-241.83646,-521.73486,318.5108,-0.00087196333,0.009569755,0.00017550324,9.997792,4.5844445,2,26,1,0.95321953,1
88,21,1,1,0,-260.57065,365.08768,213.60933,0.008423871,0.024939029,0.01369099,28.468937,28.438055,2,27,1,0.8840453,1
88,21,1,0,0,-260.57065,365.08768,213.60933,0.008423871,0.024939029,0.01369099,3.5992503,3.538889,2,-1,0,0.9795728,1
88,14,1,1,0,-263.4568,269.6094,292.8987,-0.0070393453,-0.015867142,0.002063227,19.403484,19.048334,2,28,1,0.9893706,1
88,24,0,0,0,0.0,0.0,0.0,0.0,0.0,0.0,2.7265973,2.7258334,2,-1,0,0.6369733,1
88,8,1,0,0,-168.6315,106.37977,10.794125,0.007761475,0.0029591778,0.0005578076,3.2863684,3.203889,2,-1,0,0.6007084,1
88,33,1,1,0,-274.15482,331.1919,399.94672,0.0019937102,0.0074007045,-0.02593005,23.712112,23.857779,2,29,1,0.9932075,1
88,19,1,0,0,301.5483,-447.5119,86.8868,0.0013000745,0.00810694,0.01925697,2.8264441,2.8402777,2,-1,0,0.82381207,1
88,29,1,1,0,-287.3444,333.7803,315.4499,-0.00022740335,-0.013809076,-0.016516242,12.236459,12.103611,2,30,1,0.9904666,1
88,29,1,0,0,-287.3444,333.7803,315.4499,-0.00022740335,-0.013809076,-0.016516242,8.334716,7.4272223,2,-1,0,0.9314216,1
88,17,0,0,0,0.0,0.0,0.0,0.0,0.0,0.0,3.6613336,-1.0,2,-1,0,0.9501447,1
88,19,1,1,0,301.5483,-447.5119,86.8868,0.0013000745,0.00810694,0.01925697,12.02711,12.025833,2,31,1,0.97899675,1
88,19,1,0,0,301.5483,-447.5119,86.8868,0.0013000745,0.00810694,0.01925697,5.3167644,5.4166665,2,-1,0,0.9952448,1
88,17,0,0,0,0.0,0.0,0.0,0.0,0.0,0.0,3.100722,-1.0,2,-1,0,0.57436174,1
88,4,1,1,0,315.43674,472.42853,358.59705,0.017990166,0.01898894,0.023210876,25.767534,24.6525,2,32,1,0.91471744,1
88,10,0,0,0,0.0,0.0,0.0,0.0,0.0,0.0,11.239937,-1.0,2,-1,0,0.98901385,1
88,4,1,0,0,315.43674,472.42853,358.59705,0.017990166,0.01898894,0.023210876,5.434729,5.448889,2,-1,0,0.9909448,1
88,20,1,1,0,-331.25912,25.509808,305.877,0.026128767,-0.0015907167,-0.012974612,17.919313,17.95,2,33,1,0.9992306,1
88,20,1,0,0,-331.25912,25.509808,305.877,0.026128767,-0.0015907167,-0.012974612,3.322167,3.3127778,2,-1,0,0.9957971,1
88,10,0,0,0,0.0,0.0,0.0,0.0,0.0,0.0,5.176292,-1.0,2,-1,0,0.992276,1
88,36,1,1,0,-341.94583,494.42645,81.36745,0.0027465732,-0.015249728,-0.01339468,19.612284,17.64889,2,34,1,0.98141176,1
88,36,1,0,0,-341.94583,494.42645,81.36745,0.0027465732,-0.015249728,-0.01339468,3.0113542,3.0586112,2,-1,0,0.6293645,1
88,6,1,1,0,362.8715,-283.10364,288.41147,-0.012229994,-0.021614581,0.0035653326,20.261341,20.341667,2,35,1,0.9857737,1
88,5,0,0,0,0.0,0.0,0.0,0.0,0.0,0.0,6.7221947,-1.0,2,-1,0,0.96883494,1
89,12,1,0,0,5.36319,-94.2634,366.16913,0.0031218608,0.006167822,0.010106159,4.9604654,4.991389,2,-1,0,0.9847921,1
89,12,1,1,0,5.36319,-94.2634,366.16913,0.0031218608,0.006167822,0.010106159,6.972708,7.0536113,2,0,1,0.97782665,1
89,13,1,1,0,-7.5301557,84.67449,285.41354,-0.003743317,0.0113718165,-0.01399543,23.52486,23.373611,2,1,1,0.99927074,1
89,30,1,1,0,10.8491955,-175.70386,388.21387,-0.0065129027,0.011112512,0.010530525,14.707569,14.7913885,2,2,1,0.99682575,1
89,16,1,1,0,17.820333,273.99655,117.80671,-0.00066719553,-0.008524634,0.008723343,10.678763,10.501389,2,3,1,0.9944352,1
89,7,1,1,0,-30.953989,345.77356,457.2179,-0.022620268,0.013976224,0.011209365,17.948404,17.889723,2,4,1,0.9965533,1
89,32,1,0,0,-38.178463,35.156006,233.48503,0.01023701,0.018753216,0.010966868,8.117347,8.073334,2,-1,0,0.9771064,1
89,32,1,1,0,-38.178463,35.156006,233.48503,0.01023701,0.018753216,0.010966868,9.767271,9.676389,2,5,1,0.9793676,1
89,32,1,0,0,-38.178463,35.156006,233.48503,0.01023701,0.018753216,0.010966868,3.656632,3.7730556,2,-1,0,0.9751065,1
89,32,1,0,0,-38.178463,35.156006,233.48503,0.01023701,0.018753216,0.010966868,5.9136534,6.0747223,2,-1,0,0.9807226,1
89,36,0,0,0,0.0,0.0,0.0,0.0,0.0,0.0,20.125542,-1.0,2,-1,0,0.95965266,1
89,36,0,0,0,0.0,0.0,0.0,0.0,0.0,0.0,17.866951,-1.0,2,-1,0,0.99365634,1
89,2,1,1,0,71.04396,17.971138,12.383297,-0.0010948922,-0.011206644,-0.029186962,17.546408,17.700277,2,6,1,0.99703157,1
89,2,1,0,0,71.04396,17.971138,12.383297,-0.0010948922,-0.011206644,-0.029186962,11.267868,11.17,2,-1,0,0.9780878,1
89,2,1,0,0,71.04396,17.971138,12.383297,-0.0010948922,-0.011206644,-0.029186962,4.2349305,4.326389,2,-1,0,0.955239,1
89,35,1,1,0,-79.679924,487.1955,343.6357,0.0015522805,-0.004365307,-0.014607274,18.766506,17.26,2,7,1,0.9976567,1
89,5,1,1,0,84.43354,-452.73297,286.85596,0.0008908619,0.008252531,0.01351468,13.256077,11.544444,2,8,1,0.9819017,1
89,5,1,0,0,84.43354,-452.73297,286.85596,0.0008908619,0.008252531,0.01351468,3.9302013,4.0938888,2,-1,0,0.9805422,1
89,9,1,1,0,99.22737,-256.17786,179.78366,0.011697613,0.0010295939,0.0072078323,17.25182,15.072778,2,9,1,0.9911641,1
89,8,1,0,0,-107.67273,524.91956,87.02236,0.003157268,-0.023465816,0.0097830305,4.46157,4.312222,2,-1,0,0.93415755,1
89,37,1,0,0,-118.5836,194.30913,378.52356,-0.0011734269,-0.0019495749,-0.015127219,3.2905831,3.1988888,2,-1,0,0.7645069,1
89,21,1,1,0,-110.6453,-18.776857,133.46797,0.020752836,-0.01359925,-0.0046251058,24.910152,24.803333,2,10,1,0.9685761,1
89,8,1,1,0,-107.67273,524.91956,87.02236,0.003157268,-0.023465816,0.0097830305,20.179272,20.356388,2,11,1,0.9788769,1
89,29,1,1,0,-115.704,329.67453,307.4017,-0.015586182,-0.017900033,0.010428182,27.284075,27.3225,2,12,1,0.97392726,1
89,37,1,1,0,-118.5836,194.30913,378.52356,-0.0011734269,-0.0019495749,-0.015127219,14.097355,12.150556,2,13,1,0.92131233,1
89,17,0,0,0,0.0,0.0,0.0,0.0,0.0,0.0,38.354954,-1.0,2,-1,0,0.9967746,1
89,22,1,0,0,169.12186,-40.394436,75.53804,0.010411404,-0.022691093,-0.0020468778,5.7136254,5.6775,2,-1,0,0.99155456,1
89,17,0,0,0,0.0,0.0,0.0,0.0,0.0,0.0,13.2895975,-1.0,2,-1,0,0.9991035,1
89,28,1,0,0,171.18475,-434.2743,338.68625,-0.041302606,-0.01348563,-0.009855142,2.797278,2.8405557,2,-1,0,0.5210434,1
89,28,1,0,0,171.18475,-434.2743,338.68625,-0.041302606,-0.01348563,-0.009855142,13.743215,13.861111,2,-1,0,0.9770347,1
89,28,1,1,0,171.18475,-434.2743,338.68625,-0.041302606,-0.01348563,-0.009855142,21.625673,21.48639,2,14,1,0.987734,1
89,17,0,0,0,0.0,0.0,0.0,0.0,0.0,0.0,10.828604,-1.0,2,-1,0,0.9807442,1
89,19,1,1,0,161.02757,188.76213,34.263363,-0.008063367,-0.0034734213,0.012167879,12.703771,12.733889,2,15,1,0.9977769,1
89,31,1,1,0,164.17963,436.17465,108.72009,0.024786698,0.005010906,-0.005224616,17.556875,15.480278,2,16,1,0.9933376,1
89,22,1,1,0,169.12186,-40.394436,75.53804,0.010411404,-0.022691093,-0.0020468778,16.07907,15.653889,2,17,1,0.99008757,1
89,28,1,0,0,171.18475,-434.2743,338.68625,-0.041302606,-0.01348563,-0.009855142,3.071639,3.033611,2,-1,0,0.73197144,1
89,18,1,1,0,-189.79407,-424.89804,408.22327,0.006603299,-0.0073961113,-0.005343689,11.955889,12.027778,2,18,1,0.9663104,1
89,20,1,1,0,-192.60307,-287.55112,300.57492,-0.00978043,0.01050106,-0.0043148887,16.13725,10.274722,2,19,1,0.9924291,1
89,24,1,1,0,202.31676,-285.61273,109.534,0.012186458,-0.0039876527,0.002684173,10.885861,10.932222,2,20,1,0.9784872,1
89,15,1,1,0,-208.49265,-488.2109,118.21866,0.011640408,0.013177235,-0.015572274,21.42698,21.501667,2,21,1,0.9878364,1
89,1,1,1,0,227.88115,-68.467766,249.90054,-0.0028804443,-0.031013798,-0.005636944,35.358448,35.025555,2,22,1,0.92710423,1
89,4,1,1,0,-226.90979,440.0483,417.7367,-0.009167203,-0.00087092194,0.01684187,12.543222,11.489166,2,23,1,0.9925195,1
89,4,1,0,0,-226.90979,440.0483,417.7367,-0.009167203,-0.00087092194,0.01684187,5.630778,5.474167,2,-1,0,0.951464,1
89,23,1,1,0,232.25443,-306.2354,119.5753,0.023085136,0.009560375,-0.032351445,24.07225,18.418888,2,24,1,0.95933443,1
89,40,1,1,0,242.70827,-497.9672,162.3927,-0.019469384,-0.0073784497,0.0059864554,20.660118,19.839167,2,25,1,0.93661106,1
89,40,1,0,0,242.70827,-497.9672,162.3927,-0.019469384,-0.0073784497,0.0059864554,3.3210275,2.6972222,2,-1,0,0.96789575,1
89,39,1,1,0,-243.1396,263.99792,219.44133,-0.0014928767,-0.012579153,-0.009352742,13.952063,14.217778,2,26,1,0.9531253,1
89,14,1,1,0,247.78015,-347.26,428.10696,-0.0042031235,0.0065800147,-0.02345162,24.689384,24.17,2,27,1,0.99135125,1
89,23,1,0,0,232.25443,-306.2354,119.5753,0.023085136,0.009560375,-0.032351445,12.102806,12.120556,2,-1,0,0.94439465,1
89,27,1,1,0,255.47752,138.70116,304.85742,0.0059299096,0.0036685637,-0.007034017,13.010153,8.509167,2,28,1,0.9935089,1
89,25,1,1,0,269.89468,282.1446,283.87042,0.004240463,-0.006487643,0.01925497,15.046473,15.043889,2,29,1,0.99286735,1
89,26,1,0,0,-276.03006,-66.200775,74.320984,0.0065006297,-0.026607504,0.0056588356,4.0351253,4.1719446,2,-1,0,0.99393725,1
89,25,1,0,0,269.89468,282.1446,283.87042,0.004240463,-0.006487643,0.01925497,4.7487917,4.8105555,2,-1,0,0.9490328,1
89,26,1,1,0,-276.03006,-66.200775,74.320984,0.0065006297,-0.026607504,0.0056588356,18.990139,19.047222,2,30,1,0.99288553,1
89,34,1,1,0,-287.8979,-146.49008,372.48178,-0.002188563,0.033855256,-0.0074708727,22.8679,15.352222,2,31,1,0.99583554,1
89,34,1,0,0,-287.8979,-146.49008,372.48178,-0.002188563,0.033855256,-0.0074708727,3.8271945,3.8708334,2,-1,0,0.9543325,1
89,34,1,0,0,-287.8979,-146.49008,372.48178,-0.002188563,0.033855256,-0.0074708727,2.9789376,2.9375,2,-1,0,0.5258907,1
89,34,1,0,0,-287.8979,-146.49008,372.48178,-0.002188563,0.033855256,-0.0074708727,2.882736,2.8825,2,-1,0,0.7291352,1
89,23,1,0,0,232.25443,-306.2354,119.5753,0.023085136,0.009560375,-0.032351445,5.819174,5.971667,2,-1,0,0.9675802,1
89,38,1,0,0,319.95248,541.4324,165.47424,-0.0020998341,0.03284075,0.040017027,12.3712845,12.651667,2,-1,0,0.9984486,1
89,38,1,1,0,319.95248,541.4324,165.47424,-0.0020998341,0.03284075,0.040017027,22.717583,22.729166,2,32,1,0.9992023,1
89,38,1,0,0,319.95248,541.4324,165.47424,-0.0020998341,0.03284075,0.040017027,2.5682154,2.5016668,2,-1,0,0.5790573,1
89,10,1,1,0,-326.95975,-120.75392,101.69189,-0.012492399,0.006178857,-0.0056477003,13.024437,13.010834,2,33,1,0.9906666,1
89,33,1,0,0,336.38354,-102.98858,156.18643,-0.004442917,0.013613286,0.027328407,7.5548186,7.6205554,2,-1,0,0.98629326,1
89,33,1,1,0,336.38354,-102.98858,156.18643,-0.004442917,0.013613286,0.027328407,11.797889,11.839723,2,34,1,0.9857057,1
89,33,1,0,0,336.38354,-102.98858,156.18643,-0.004442917,0.013613286,0.027328407,7.401153,7.4294443,2,-1,0,0.98027736,1
89,33,1,0,0,336.38354,-102.98858,156.18643,-0.004442917,0.013613286,0.027328407,4.150861,4.1005554,2,-1,0,0.98327154,1
89,10,1,0,0,-326.95975,-120.75392,101.69189,-0.012492399,0.006178857,-0.0056477003,3.292361,3.4027777,2,-1,0,0.99174565,1
89,11,1,1,0,358.99847,-126.040375,265.72128,-0.023602378,-0.03707279,-0.02782902,51.688095,46.11972,2,35,1,0.9700075,1
90,2,1,1,0,-4.795513,459.099,272.46655,0.017387835,-0.020035109,-0.008275689,8.101277,8.012222,2,-1,1,0.9896533,1
90,38,1,1,0,-17.614435,-317.988,75.96809,-0.016789228,7.346771e-05,0.0011092229,18.195751,18.0825,2,0,1,0.97781414,1
90,35,1,0,0,-40.278725,-215.9263,196.0287,0.010269399,-0.008272988,-0.031735424,8.117611,7.9991665,2,-1,0,0.9455783,1
90,15,1,1,0,27.725206,-487.30008,287.39563,-0.006131651,0.00019708028,-0.017609362,13.348131,13.593056,2,1,1,0.9690854,1
90,35,1,0,0,-40.278725,-215.9263,196.0287,0.010269399,-0.008272988,-0.031735424,8.863958,8.884167,2,-1,0,0.9840524,1
90,15,1,0,0,27.725206,-487.30008,287.39563,-0.006131651,0.00019708028,-0.017609362,7.294424,7.1186113,2,-1,0,0.9690531,1
90,21,1,1,0,-33.674545,-196.94347,110.06246,-0.00075738813,-0.010811431,0.0006228658,10.627111,10.386389,2,2,1,0.9936044,1
90,35,1,1,0,-40.278725,-215.9263,196.0287,0.010269399,-0.008272988,-0.031735424,20.160456,18.57639,2,3,1,0.98164475,1
90,29,1,1,0,44.32408,-435.6991,41.62921,-0.0062582833,-0.0026397533,0.0013480103,7.9995832,8.0002775,2,4,1,0.9959721,1
90,12,0,0,0,0.0,0.0,0.0,0.0,0.0,0.0,2.7417846,2.8155556,2,-1,0,0.6538111,1
90,10,1,0,0,-50.04637,-225.61487,407.8853,0.0025461644,0.0043619988,-0.04152289,23.378082,23.243889,2,-1,0,0.99787676,1
90,10,1,1,0,-50.04637,-225.61487,407.8853,0.0025461644,0.0043619988,-0.04152289,23.331064,23.483334,2,5,1,0.9963808,1
90,37,1,1,0,-55.040154,26.550354,38.116154,0.0029126664,-0.0016600068,-0.018268526,20.792562,20.752222,2,6,1,0.9978168,1
90,11,1,0,0,98.92795,-334.10947,60.188927,-0.028003622,0.011875935,0.0011781553,3.33,3.3380556,2,-1,0,0.72196203,1
90,9,1,1,0,73.35276,121.89829,85.82184,-0.0018869577,0.0091488585,0.0043882844,11.82975,11.741389,2,7,1,0.9981111,1
90,11,1,1,0,98.92795,-334.10947,60.188927,-0.028003622,0.011875935,0.0011781553,27.613543,27.779444,2,8,1,0.98519856,1
90,11,1,0,0,98.92795,-334.10947,60.188927,-0.028003622,0.011875935,0.0011781553,7.1107154,6.9766665,2,-1,0,0.98150074,1
90,17,1,1,0,109.20769,-62.14577,2.1513474,-0.0075139147,0.015397213,-0.0060570743,13.040202,12.035833,2,9,1,0.992309,1
90,39,1,1,0,-121.04136,-484.96167,380.3747,0.0027681584,0.025584731,-0.0049041654,21.2882,20.8175,2,10,1,0.97187847,1
90,39,1,0,0,-121.04136,-484.96167,380.3747,0.0027681584,0.025584731,-0.0049041654,4.5495553,4.485833,2,-1,0,0.99785113,1
90,23,1,0,0,158.05238,-1.960976,439.2899,-0.041550234,-0.000990961,0.0149663305,4.2481666,4.1669445,2,-1,0,0.9573574,1
90,13,1,1,0,-149.67387,317.40182,32.286182,0.0036178834,-0.0028803695,-0.013113811,15.011479,14.869166,2,11,1,0.9895592,1
90,23,1,1,0,158.05238,-1.960976,439.2899,-0.041550234,-0.000990961,0.0149663305,9.850243,9.956944,2,12,1,0.99871683,1
90,24,1,0,0,-174.26869,156.86089,423.53537,0.018691977,-0.031778928,-0.008522061,4.411792,4.396111,2,-1,0,0.98455054,1
90,36,1,1,0,154.0991,86.10369,144.30212,-0.008154878,-0.00038865264,0.029569525,25.147041,25.258612,2,13,1,0.9661441,1
90,22,1,1,0,154.5034,465.89157,438.76797,0.0046159667,-0.0045090523,-0.026141204,22.545736,20.200556,2,14,1,0.95697033,1
90,23,1,0,0,158.05238,-1.960976,439.2899,-0.041550234,-0.000990961,0.0149663305,4.8124022,4.812778,2,-1,0,0.9715776,1
90,22,1,0,0,154.5034,465.89157,438.76797,0.0046159667,-0.0045090523,-0.026141204,5.5827017,5.5775,2,-1,0,0.94366145,1
90,24,1,1,0,-174.26869,156.86089,423.53537,0.018691977,-0.031778928,-0.008522061,35.589344,35.030834,2,15,1,0.99832934,1
90,40,1,1,0,-172.94992,365.95108,8.953491,-0.008856757,0.0067289174,-0.01653229,18.57813,18.3725,2,16,1,0.9961306,1
90,40,1,0,0,-172.94992,365.95108,8.953491,-0.008856757,0.0067289174,-0.01653229,2.9110901,1.0997223,2,-1,0,0.51872504,1
90,3,1,1,0,-177.88068,-218.34177,415.7762,-0.00012760433,0.019980974,0.011456131,15.2260895,15.429444,2,17,1,0.9928116,1
90,3,1,0,0,-177.88068,-218.34177,415.7762,-0.00012760433,0.019980974,0.011456131,8.07318,6.4852777,2,-1,0,0.9998245,1
90,34,1,1,0,-200.63602,-504.39658,158.94272,-0.026022652,-0.008743962,0.0025800662,15.19291,15.186389,2,18,1,0.9489092,1
90,34,1,0,0,-200.63602,-504.39658,158.94272,-0.026022652,-0.008743962,0.0025800662,5.054167,5.023889,2,-1,0,0.9707813,1
90,5,1,0,0,237.92801,518.6045,432.76068,0.029411836,0.010918109,-0.008596241,2.9088266,2.8341668,2,-1,0,0.7784481,1
90,33,1,0,0,241.4047,392.27972,165.42314,-0.006081792,0.0063882093,-0.0121802855,3.0349858,2.9933333,2,-1,0,0.90617335,1
90,20,1,0,0,-237.13531,350.46652,2.3885496,-0.004709192,-0.015575811,0.002111383,3.4529305,3.4488888,2,-1,0,0.77192426,1
90,25,1,0,0,-240.80382,-229.78976,380.58264,0.014699359,-0.010187964,-0.006736785,3.4282084,3.3494444,2,-1,0,0.9745486,1
90,25,1,1,0,-240.80382,-229.78976,380.58264,0.014699359,-0.010187964,-0.006736785,13.040709,13.130555,2,19,1,0.9579335,1
90,20,1,1,0,-237.13531,350.46652,2.3885496,-0.004709192,-0.015575811,0.002111383,8.752569,8.677778,2,20,1,0.99053735,1
90,28,1,0,0,240.92285,-598.31616,404.44943,-0.013116724,0.021610841,0.019999247,3.5975347,3.5763888,2,-1,0,0.9384536,1
90,28,1,1,0,240.92285,-598.31616,404.44943,-0.013116724,0.021610841,0.019999247,22.460894,22.335833,2,21,1,0.98354095,1
90,5,1,1,0,237.92801,518.6045,432.76068,0.029411836,0.010918109,-0.008596241,18.452639,18.397778,2,22,1,0.9960573,1
90,27,1,1,0,-239.75185,446.27643,375.95908,0.0017990753,0.0016003106,0.0036761002,4.2140694,4.215,2,23,1,0.9498942,1
90,33,1,1,0,241.4047,392.27972,165.42314,-0.006081792,0.0063882093,-0.0121802855,11.652847,11.748889,2,24,1,0.9928368,1
90,34,1,0,0,-200.63602,-504.39658,158.94272,-0.026022652,-0.008743962,0.0025800662,6.6910486,6.7366667,2,-1,0,0.92942023,1
90,18,0,0,0,0.0,0.0,0.0,0.0,0.0,0.0,18.75832,-1.0,2,-1,0,0.98029625,1
90,19,1,0,0,-265.8728,-574.006,444.6232,0.020608805,-0.018380443,0.047423065,3.687528,3.666111,2,-1,0,0.9115971,1
90,19,1,0,0,-265.8728,-574.006,444.6232,0.020608805,-0.018380443,0.047423065,10.529549,10.495556,2,-1,0,0.95691806,1
90,19,1,1,0,-265.8728,-574.006,444.6232,0.020608805,-0.018380443,0.047423065,35.80468,32.4825,2,25,1,0.998944,1
90,5,1,0,0,237.92801,518.6045,432.76068,0.029411836,0.010918109,-0.008596241,12.820535,12.858889,2,-1,0,0.96555394,1
90,30,1,1,0,-277.1402,113.24112,90.45138,-0.015256969,-0.010366263,-0.004529864,19.321856,16.765556,2,26,1,0.9913639,1
90,4,1,1,0,-280.5824,240.98662,461.15637,0.008157251,0.0074193743,0.002837427,9.501222,9.183333,2,27,1,0.9472548,1
90,14,1,1,0,279.17566,-58.465946,370.81805,-0.0048962603,-0.0060790484,0.008895471,8.399549,8.444167,2,28,1,0.99252665,1
90,12,1,1,0,286.63007,494.79446,277.21616,0.022012707,0.0015123475,0.005606431,21.884943,21.893612,2,29,1,0.9713187,1
90,31,1,1,0,-302.27628,553.93097,356.27692,0.012097696,0.008940051,0.015453686,18.12423,18.130278,2,30,1,0.99587667,1
90,8,1,1,0,301.09494,-350.75238,298.706,0.010749864,-0.013968785,0.005733553,12.954055,11.423611,2,31,1,0.9585232,1
90,1,1,1,0,307.8452,534.2437,64.57249,-0.002696421,-0.006289125,0.008341204,10.366743,10.536111,2,32,1,0.9921405,1
90,14,0,0,0,0.0,0.0,0.0,0.0,0.0,0.0,2.9275763,2.879722,2,-1,0,0.8084943,1
90,6,1,0,0,-326.4958,-204.62134,139.74649,-0.0065721003,-0.009130892,-0.011078537,4.724806,4.786111,2,-1,0,0.962991,1
90,26,1,1,0,322.90433,534.6617,198.2183,-0.005831207,-0.008672208,0.0010927576,11.56143,8.519722,2,33,1,0.9931119,1
90,6,1,1,0,-326.4958,-204.62134,139.74649,-0.0065721003,-0.009130892,-0.011078537,7.8636737,7.841111,2,34,1,0.97348875,1
90,6,1,0,0,-326.4958,-204.62134,139.74649,-0.0065721003,-0.009130892,-0.011078537,6.92327,6.9844446,2,-1,0,0.99837327,1
90,32,1,1,0,-334.87668,131.92511,115.061455,0.0036852695,-0.03243715,0.0055791796,16.690409,16.828888,2,35,1,0.998099,1
90,1,1,0,0,310.6436,470.2183,33.05024,-0.002696421,-0.006289125,0.008341204,5.83193,5.791389,2,-1,0,0.96433496,1
90,32,1,0,0,-334.87668,131.92511,115.061455,0.0036852695,-0.03243715,0.0055791796,15.021097,15.222777,2,-1,0,0.98647505,1
90,7,1,1,0,-358.6517,436.1487,207.00905,-0.017993629,-0.012304776,-0.009496592,20.635616,18.013334,2,36,1,0.98527396,1
91,35,1,1,0,-4.9501834,367.24152,374.6001,0.011173438,-0.013346566,0.0014827813,4.461875,4.451389,2,0,1,0.8697853,1
91,6,1,0,0,38.211018,457.09378,87.42897,0.0055690804,0.011324744,-0.004532275,5.2336593,5.24,2,-1,0,0.93391234,1
91,6,1,1,0,38.211018,457.09378,87.42897,0.0055690804,0.011324744,-0.004532275,12.993125,6.6186113,2,1,1,0.98416364,1
91,20,1,1,0,-39.91972,-215.7297,434.77902,-0.021470536,0.01542304,0.013777411,28.860786,24.377777,2,2,1,0.9795076,1
91,29,1,1,0,-40.350544,239.86877,256.95447,-0.007430079,0.007971583,0.019548783,23.207396,23.421944,2,3,1,0.9987631,1
91,29,1,0,0,-40.350544,239.86877,256.95447,-0.007430079,0.007971583,0.019548783,3.6840765,3.7394445,2,-1,0,0.9202057,1
91,21,1,1,0,-50.996838,118.47007,400.04788,0.0052034725,-0.0076887985,0.035635993,33.20883,33.12472,2,4,1,0.9999999,1
91,11,1,1,0,-56.269463,301.52386,206.33905,0.015934812,0.0055052796,0.009452899,18.554277,18.755278,2,5,1,0.9684322,1
91,30,1,1,0,-61.112488,327.53384,307.84036,-0.0043380456,-0.027710501,0.02152923,26.856346,26.629168,2,6,1,0.99973387,1
91,40,1,1,0,60.057796,-373.10233,129.26878,0.020430062,0.008369864,-0.014021755,24.071562,24.091667,2,7,1,0.9963295,1
91,20,1,0,0,-39.91972,-215.7297,434.77902,-0.021470536,0.01542304,0.013777411,4.6826735,4.419722,2,-1,0,0.9844914,1
91,12,1,1,0,72.39198,-347.12015,133.29767,0.0032047704,-0.018653402,-0.006898596,26.95375,19.721945,2,8,1,0.993767,1
91,32,1,1,0,76.063095,497.3533,221.78163,0.0076548676,0.019429984,-0.00073504174,25.914604,20.189722,2,9,1,0.99981,1
91,23,0,0,0,0.0,0.0,0.0,0.0,0.0,0.0,2.8122222,2.7925,2,-1,0,0.5267985,1
91,27,1,1,0,-97.17958,65.07339,36.932087,0.0077394475,0.017904444,0.019164778,30.835373,31.065277,2,10,1,0.9877145,1
91,19,1,0,0,103.37505,597.69257,336.93353,-0.016311813,-0.005517111,0.008356485,8.492236,8.4991665,2,-1,0,0.9805946,1
91,19,1,1,0,103.37505,597.69257,336.93353,-0.016311813,-0.005517111,0.008356485,13.198904,13.261666,2,-1,1,0.9552799,1
91,28,1,0,0,-137.19632,333.40344,31.538416,-0.013582918,-0.0012999142,-0.011599159,4.439792,4.5216665,2,-1,0,0.96632284,1
91,39,0,0,0,0.0,0.0,0.0,0.0,0.0,0.0,2.8107777,2.828889,2,-1,0,0.55298346,1
91,28,1,1,0,-137.19632,333.40344,31.538416,-0.013582918,-0.0012999142,-0.011599159,19.173464,15.583889,2,11,1,0.9829597,1
91,8,1,1,0,138.18686,-358.76068,461.49506,0.012062839,-0.002949956,0.0084538935,10.226438,10.165556,2,12,1,0.7970874,1
91,38,1,1,0,155.39865,456.62808,334.76767,-0.010607139,0.002497095,0.002735439,11.111689,11.056666,2,13,1,0.97995603,1
91,27,1,0,0,-97.17958,65.07339,36.932087,0.0077394475,0.017904444,0.019164778,5.4170694,5.4808335,2,-1,0,0.98075324,1
91,22,1,0,0,179.49669,280.3413,104.587845,-0.010250064,-0.012736782,-0.04137947,2.8474932,2.86,2,-1,0,0.57128257,1
91,22,1,1,0,179.49669,280.3413,104.587845,-0.010250064,-0.012736782,-0.04137947,40.28461,39.939724,2,14,1,0.9959084,1
91,18,1,0,0,-214.75684,-45.229992,406.38422,0.022902863,0.0031682532,0.007910593,3.8454168,3.7769444,2,-1,0,0.97676533,1
91,12,0,0,0,0.0,0.0,0.0,0.0,0.0,0.0,3.026132,3.0558333,2,-1,0,0.71441185,1
91,17,1,1,0,187.94675,-311.73468,29.755247,0.0145505555,0.009239683,-0.004655575,19.087736,15.199722,2,15,1,0.9901255,1
91,10,1,1,0,-190.74507,-210.96945,342.25235,-0.011235265,0.0056006787,-0.0028274073,10.732014,10.490556,2,16,1,0.9461595,1
91,7,1,0,0,246.16217,219.8463,186.48544,-0.018134933,0.021576364,0.03580055,4.6489096,4.643611,2,-1,0,0.993951,1
91,18,1,1,0,-214.75684,-45.229992,406.38422,0.022902863,0.0031682532,0.007910593,17.65746,17.75639,2,17,1,0.99705964,1
91,31,1,0,0,-212.61949,496.02554,260.60745,-0.008746427,-0.014321943,0.017465297,7.9912357,7.946111,2,-1,0,0.98243785,1
91,31,1,1,0,-212.61949,496.02554,260.60745,-0.008746427,-0.014321943,0.017465297,16.938334,17.035278,2,18,1,0.9752574,1
91,33,0,0,0,0.0,0.0,0.0,0.0,0.0,0.0,11.600846,-1.0,2,-1,0,0.99647033,1
91,16,1,1,0,232.8,-361.26923,426.9494,0.010753201,-0.0013498852,-0.003952699,12.135063,12.245556,2,19,1,0.99084157,1
91,9,1,1,0,234.77441,-355.17563,89.34724,0.021886675,0.023231378,-0.0075713783,17.419611,12.893333,2,20,1,0.9817691,1
91,9,1,0,0,234.77441,-355.17563,89.34724,0.021886675,0.023231378,-0.0075713783,13.590244,13.558056,2,-1,0,0.90392643,1
91,7,1,1,0,246.16217,219.8463,186.48544,-0.018134933,0.021576364,0.03580055,38.161224,38.252777,2,21,1,0.942859,1
91,37,1,1,0,-244.78816,-527.8291,104.014435,-0.002452211,-0.008415915,0.008712797,9.281007,7.0808334,2,22,1,0.99762374,1
91,2,1,1,0,-261.03644,313.26926,241.34282,0.002075864,0.017595131,0.0050026104,19.682112,19.471945,2,-1,1,0.9943392,1
91,39,1,1,0,266.48682,394.86752,305.08466,0.0039597037,-0.010116651,-0.0099396575,15.735748,14.280278,2,23,1,0.9965365,1
91,23,1,1,0,-276.62946,-540.89813,250.17476,0.02466303,0.004261374,0.007071507,21.032604,21.131666,2,24,1,0.99497646,1
91,39,1,0,0,266.48682,394.86752,305.08466,0.0039597037,-0.010116651,-0.0099396575,6.4273057,6.5425,2,-1,0,0.9740161,1
91,15,1,0,0,-330.04947,44.794758,421.60852,-0.017030288,0.030287132,-0.0087217735,4.7874446,4.853889,2,-1,0,0.97358465,1
91,5,1,0,0,-302.63013,133.32271,83.15119,0.02484007,-0.009093329,0.016748654,4.688861,4.716944,2,-1,0,0.98305184,1
91,5,1,1,0,-302.63013,133.32271,83.15119,0.02484007,-0.009093329,0.016748654,29.47373,29.386667,2,25,1,0.9994593,1
91,36,1,1,0,-309.54468,478.23627,451.3401,0.002037155,0.005926559,0.017587522,11.813172,11.8675,2,26,1,0.98286694,1
91,34,1,1,0,-309.78442,-87.18791,415.3747,-0.008177034,0.024399413,0.012363806,22.219334,22.259167,2,27,1,0.992296,1
91,34,1,0,0,-309.78442,-87.18791,415.3747,-0.008177034,0.024399413,0.012363806,2.8751807,2.8827777,2,-1,0,0.5021807,1
91,3,1,1,0,314.9055,496.06433,4.64784,0.0075814375,-0.01016841,-0.016592309,17.112722,17.181389,2,28,1,0.9833605,1
91,25,1,1,0,-326.36035,-238.91266,315.52435,-0.006488921,-0.016623193,-0.009223402,15.393104,12.742222,2,29,1,0.99963176,1
91,25,1,0,0,-326.36035,-238.91266,315.52435,-0.006488921,-0.016623193,-0.009223402,4.6047287,4.603611,2,-1,0,0.98828095,1
91,15,1,1,0,-330.04947,44.794758,421.60852,-0.017030288,0.030287132,-0.0087217735,29.164497,25.412777,2,30,1,0.9577261,1
91,15,1,0,0,-330.04947,44.794758,421.60852,-0.017030288,0.030287132,-0.0087217735,6.592889,6.655,2,-1,0,0.9989905,1
91,13,1,1,0,-349.03928,381.69418,308.21066,-0.00255717,0.026694153,0.014782689,21.157349,20.758888,2,-1,1,0.9439211,1
91,26,1,1,0,349.7793,190.57698,179.25664,-0.015921975,-0.00094680843,-0.007371868,8.461334,8.4075,2,31,1,0.9702087,1
91,26,1,0,0,349.7793,190.57698,179.25664,-0.015921975,-0.00094680843,-0.007371868,5.199562,5.22,2,-1,0,0.9650015,1
91,13,1,0,0,-349.03928,381.69418,308.21066,-0.00255717,0.026694153,0.014782689,7.2058473,7.221667,2,-1,0,0.9989899,1
91,1,1,1,0,-359.20233,-484.7151,417.84625,-0.015122357,0.01733393,-0.0026274088,11.809153,11.783334,2,32,1,0.98107636,1
91,14,1,1,0,-360.80167,243.9959,358.7812,-0.018851424,0.020775292,-0.018481826,9.622556,9.535,2,33,1,0.9852441,1
91,24,1,1,0,362.5062,-349.4296,155.2152,0.0044689975,0.0011011781,0.013624804,8.645562,8.694722,2,35,1,0.9846326,1
91,39,1,0,0,348.0366,274.66574,410.26282,0.0039597037,-0.010116651,-0.0099396575,3.6346042,3.6230555,2,-1,0,0.8864725,1
91,1,0,0,0,0.0,0.0,0.0,0.0,0.0,0.0,2.700639,2.7030556,2,-1,0,0.56951493,1
92,5,1,1,0,-7.0230327,373.48474,448.40115,0.013363964,0.016312376,0.023382455,21.654488,22.284721,2,0,1,0.92558056,1
92,39,1,1,0,7.7625546,16.063848,463.46597,-0.004197566,0.0101011945,-0.017095214,19.744528,19.19139,2,1,1,0.995194,1
92,13,0,0,0,0.0,0.0,0.0,0.0,0.0,0.0,9.59423,-1.0,2,-1,0,0.98632693,1
92,33,0,0,0,0.0,0.0,0.0,0.0,0.0,0.0,2.5469167,2.54,2,-1,0,0.56398654,1
92,27,1,1,0,-30.855633,349.6187,37.90317,-0.0017055197,-0.018618563,0.011351009,26.02243,26.098333,2,3,1,0.9908472,1
92,13,0,0,0,0.0,0.0,0.0,0.0,0.0,0.0,5.7555485,-1.0,2,-1,0,0.998094,1
92,40,1,0,0,43.511456,-179.84425,455.7774,-9.346971e-05,0.023208342,-0.0062915864,13.8920555,13.706388,2,-1,0,0.98489803,1
92,40,1,1,0,43.511456,-179.84425,455.7774,-9.346971e-05,0.023208342,-0.0062915864,15.745673,15.991111,2,4,1,0.99545336,1
92,18,1,0,0,-55.32687,126.91908,355.57138,-0.01881569,-0.00040362065,0.0012932227,3.8650556,3.963889,2,-1,0,0.98347396,1
92,3,1,1,0,-49.050495,493.8229,309.82513,0.016313212,-0.0008877376,0.015135909,27.674353,27.556389,2,5,1,0.86287576,1
92,18,1,1,0,-55.32687,126.91908,355.57138,-0.01881569,-0.00040362065,0.0012932227,22.866724,22.544445,2,6,1,0.999985,1
92,12,0,0,0,0.0,0.0,0.0,0.0,0.0,0.0,4.710319,-1.0,2,-1,0,0.9620033,1
92,11,1,1,0,62.111206,-56.440147,169.91437,0.009220456,0.0005574279,0.001831839,11.161299,6.4744444,2,7,1,0.8817235,1
92,12,0,0,0,0.0,0.0,0.0,0.0,0.0,0.0,17.89384,-1.0,2,-1,0,0.9481967,1
92,40,1,0,0,43.511456,-179.84425,455.7774,-9.346971e-05,0.023208342,-0.0062915864,4.811264,4.726389,2,-1,0,0.95215,1
92,31,1,1,0,81.18009,-468.1052,113.950294,0.015552072,0.0046653594,0.010213536,14.717702,7.8058333,2,8,1,0.9941316,1
92,9,1,1,0,89.65073,343.08322,23.213076,-0.01413708,0.022542385,0.008895587,31.048828,30.980833,2,9,1,0.99641776,1
92,33,1,1,0,91.12158,-141.09193,390.85336,-0.010221917,-0.002901826,-0.016656045,19.746452,19.493334,2,10,1,0.99857664,1
92,31,1,0,0,81.18009,-468.1052,113.950294,0.015552072,0.0046653594,0.010213536,7.434667,7.278611,2,-1,0,0.9852663,1
92,38,0,0,0,0.0,0.0,0.0,0.0,0.0,0.0,19.485971,-1.0,2,-1,0,0.9981054,1
92,25,1,1,0,-117.02097,280.8343,256.8861,-0.028141102,0.0034719245,0.0006931349,25.012194,25.140556,2,11,1,0.95088065,1
92,25,1,0,0,-117.02097,280.8343,256.8861,-0.028141102,0.0034719245,0.0006931349,5.5218883,5.6241665,2,-1,0,0.99363315,1
92,10,1,0,0,135.75977,91.915,183.37227,-0.008409148,0.016647456,0.01063986,6.1314726,6.195,2,-1,0,0.9734616,1
92,10,1,1,0,135.75977,91.915,183.37227,-0.008409148,0.016647456,0.01063986,16.146702,16.19111,2,12,1,0.5708778,1
92,26,1,1,0,-133.10968,-52.78685,264.7812,-0.024123056,-0.008137601,-0.015673218,25.531784,25.748611,2,13,1,0.9996401,1
92,17,1,1,0,-141.19467,-520.73096,205.63358,0.01111893,0.006661111,-0.012173265,11.047056,11.161389,2,14,1,0.98946816,1
92,17,1,0,0,-141.19467,-520.73096,205.63358,0.01111893,0.006661111,-0.012173265,8.247806,8.162222,2,-1,0,0.9779492,1
92,26,1,0,0,-133.10968,-52.78685,264.7812,-0.024123056,-0.008137601,-0.015673218,4.8136663,4.7397223,2,-1,0,0.9782098,1
92,21,1,1,0,-146.06273,-187.88765,258.17938,0.0026592002,0.018879816,0.00286872,19.380375,19.744444,2,15,1,0.98453784,1
92,4,1,0,0,156.07697,-159.6362,102.65438,-0.0071549485,0.039116856,0.009582048,2.8398612,2.7925,2,-1,0,0.8484003,1
92,4,1,1,0,156.07697,-159.6362,102.65438,-0.0071549485,0.039116856,0.009582048,35.24814,35.10889,2,16,1,0.99611473,1
92,30,1,0,0,-181.48373,582.70557,360.15674,-0.004745133,-0.013990706,-0.020753235,4.570479,4.6819444,2,-1,0,0.9672669,1
92,30,1,1,0,-181.48373,582.70557,360.15674,-0.004745133,-0.013990706,-0.020753235,15.600395,15.178056,2,17,1,0.9780929,1
92,22,1,1,0,-180.90291,-204.89792,383.2639,-0.0026546791,0.0012849808,0.0062131877,7.0271873,7.0594444,2,18,1,0.8927285,1
92,23,1,1,0,182.74316,294.7857,259.66565,0.003267977,-0.017044205,-0.0010403771,19.18947,17.256666,2,19,1,0.9992341,1
92,2,1,1,0,-210.18826,-372.8623,230.20918,0.034272328,0.0005204918,0.011810677,3.0585485,3.0130556,2,20,1,0.7858261,1
92,6,1,0,0,-203.36382,-143.62784,316.20212,0.005172735,0.01671065,-0.018970262,5.185944,5.1797223,2,-1,0,0.9746947,1
92,6,1,1,0,-203.36382,-143.62784,316.20212,0.005172735,0.01671065,-0.018970262,14.575389,14.501389,2,21,1,0.9530481,1
92,6,1,0,0,-203.36382,-143.62784,316.20212,0.005172735,0.01671065,-0.018970262,6.3318195,6.2219443,2,-1,0,0.96353215,1
92,35,1,0,0,214.09918,-371.94766,430.33273,-0.0061169364,-0.02638047,0.007949233,13.108819,13.148334,2,-1,0,0.9904281,1
92,35,1,1,0,214.09918,-371.94766,430.33273,-0.0061169364,-0.02638047,0.007949233,15.280854,13.206111,2,22,1,0.9937777,1
92,16,1,1,0,218.50636,534.6874,336.79004,0.012444516,0.002016644,-0.025459355,15.381077,15.131667,2,-1,1,0.7416276,1
92,16,1,0,0,218.50636,534.6874,336.79004,0.012444516,0.002016644,-0.025459355,14.00452,14.080277,2,-1,0,0.9959527,1
92,35,1,0,0,214.09918,-371.94766,430.33273,-0.0061169364,-0.02638047,0.007949233,4.6042085,4.6916666,2,-1,0,0.94733375,1
92,8,1,1,0,-246.93454,212.03625,340.62204,0.019326977,0.013870902,0.00069632725,22.272223,21.252777,2,23,1,0.97979337,1
92,7,1,1,0,-252.59822,120.16804,285.19464,-0.008954955,0.016369311,-0.00036130336,20.116262,12.4275,2,24,1,0.9986895,1
92,36,1,1,0,256.3323,317.34076,145.6986,-0.004274719,0.005933969,0.0011352765,5.830514,5.9119444,2,25,1,0.97858536,1
92,21,0,0,0,0.0,0.0,0.0,0.0,0.0,0.0,2.3154166,2.1533334,2,-1,0,0.5941901,1
92,1,1,1,0,267.87872,-219.00781,345.78915,0.0024563726,0.011156331,-0.014573963,20.81727,21.062778,2,26,1,0.99236524,1
92,19,1,1,0,-276.8365,-134.65143,156.84033,0.0129735395,-0.0022451736,-0.010242329,15.020234,15.035556,2,27,1,0.95145625,1
92,28,1,0,0,-296.50183,108.283936,19.126116,0.04099102,-0.0017263507,0.022190852,5.5028267,5.762778,2,-1,0,0.9218038,1
92,28,1,0,0,-296.50183,108.283936,19.126116,0.04099102,-0.0017263507,0.022190852,17.736319,17.91,2,-1,0,0.9781902,1
92,28,1,1,0,-296.50183,108.283936,19.126116,0.04099102,-0.0017263507,0.022190852,20.313276,20.394167,2,28,1,0.9581493,1
92,32,1,1,0,-312.78223,186.75934,184.55959,0.0081424955,0.008034379,-0.015450707,18.368694,18.578611,2,29,1,0.9889526,1
92,37,1,0,0,-336.91025,-63.437214,295.46515,0.010881949,0.0063681975,0.0028317093,5.070097,5.012778,2,-1,0,0.92641664,1
92,37,1,1,0,-336.91025,-63.437214,295.46515,0.010881949,0.0063681975,0.0028317093,7.4219856,7.3766665,2,30,1,0.98875636,1
92,14,1,1,0,343.73636,302.65744,366.05743,-0.0017250353,0.0012025386,-0.013686745,13.18936,12.895,2,31,1,0.98266935,1
92,15,1,1,0,351.01868,585.8132,128.98418,-0.010438838,0.016152535,0.0051980633,9.068973,9.028334,2,32,1,0.9766782,1
92,34,1,1,0,-356.31204,-345.2302,309.33072,0.0048194695,0.02438911,-0.00013752586,17.687632,17.529722,2,33,1,0.9936608,1
92,29,1,1,0,-356.67978,-246.605,352.73273,-0.013653197,-0.00033896908,0.010593434,13.152244,7.345,2,34,1,0.93506193,1
92,20,1,1,0,360.3867,368.61295,288.78336,-0.00981398,-0.013454255,-0.0017833209,13.674827,13.691112,2,35,1,0.9924527,1
92,33,0,0,0,0.0,0.0,0.0,0.0,0.0,0.0,7.121778,7.1455555,2,-1,0,0.94783884,1
93,35,1,1,0,9.860742,14.134701,363.1862,-0.014864395,0.012359986,0.016102199,25.640118,25.435833,2,0,1,0.98866373,1
93,37,1,1,0,10.418656,126.49139,150.96503,-0.005859091,0.00976527,-0.0048776483,13.761083,13.698334,2,1,1,0.97784585,1
93,31,0,0,0,0.0,0.0,0.0,0.0,0.0,0.0,2.5760555,2.5222223,2,-1,0,0.55834293,1
93,16,1,0,0,-22.189253,-58.393677,292.51328,-0.006016952,-0.00167822,-0.024059096,3.200243,3.1430554,2,-1,0,0.60723555,1
93,16,1,1,0,-22.189253,-58.393677,292.51328,-0.006016952,-0.00167822,-0.024059096,19.52046,19.491388,2,2,1,0.9986216,1
93,16,1,0,0,-22.189253,-58.393677,292.51328,-0.006016952,-0.00167822,-0.024059096,9.631354,9.683333,2,-1,0,0.9972996,1
93,30,1,1,0,-26.923653,-237.56696,93.21133,0.0029482099,0.004570021,0.009673785,13.124785,13.164166,2,3,1,0.9894644,1
93,39,1,1,0,41.78612,139.8042,269.64438,-0.0049757776,0.0042398754,0.025443997,17.699036,17.703333,2,4,1,0.99465394,1
93,19,1,1,0,43.289394,76.920586,328.5786,-0.012909764,-0.013147659,-0.00044580622,19.403547,18.875,2,5,1,0.92429924,1
93,39,1,0,0,41.78612,139.8042,269.64438,-0.0049757776,0.0042398754,0.025443997,13.409077,13.279722,2,-1,0,0.9957182,1
93,23,1,1,0,-45.16052,98.237564,212.91228,-0.015166494,-0.013312304,-0.009072791,16.410006,16.374722,2,6,1,0.9838867,1
93,23,1,0,0,-45.16052,98.237564,212.91228,-0.015166494,-0.013312304,-0.009072791,7.0068607,6.841944,2,-1,0,0.99137187,1
93,9,1,1,0,64.75706,406.79587,90.5283,-0.0016661934,0.019960005,0.015211632,28.719444,28.461945,2,7,1,0.9999107,1
93,39,1,0,0,41.78612,139.8042,269.64438,-0.0049757776,0.0042398754,0.025443997,5.1430416,5.1891665,2,-1,0,0.9855654,1
93,29,1,1,0,-77.75686,-304.54214,76.24737,-2.7169343e-05,0.0038450765,0.004573667,4.438931,4.4630556,2,8,1,0.9843291,1
93,7,1,1,0,-90.183205,479.9144,428.68182,-0.017173365,0.00384922,-0.03229522,33.21374,31.172777,2,9,1,0.99994445,1
93,40,1,0,0,133.72714,-104.498375,270.5458,-4.507849e-05,-0.0006539328,0.006057978,4.640729,4.6566668,2,-1,0,0.98161113,1
93,7,1,0,0,-90.183205,479.9144,428.68182,-0.017173365,0.00384922,-0.03229522,7.4440484,7.447222,2,-1,0,0.97763443,1
93,4,1,0,0,-99.97321,-133.78108,40.289642,0.008065151,-0.0032395623,0.00069474604,2.678347,2.7333333,2,-1,0,0.7349395,1
93,32,1,0,0,-143.70853,-533.75195,240.95235,0.033951383,0.0042090677,-0.005437422,3.4514792,3.5283334,2,-1,0,0.9520677,1
93,4,1,1,0,-99.97321,-133.78108,40.289642,0.008065151,-0.0032395623,0.00069474604,9.306222,9.368333,2,10,1,0.9846132,1
93,12,1,1,0,-117.555786,-17.534016,265.42508,0.02406154,-0.005412287,-0.00292539,23.94338,24.168888,2,11,1,0.9991682,1
93,11,1,0,0,112.826355,64.096085,76.06016,0.023996012,-0.0024282571,0.0006826545,3.1408057,3.1822221,2,-1,0,0.8969367,1
93,11,1,1,0,112.826355,64.096085,76.06016,0.023996012,-0.0024282571,0.0006826545,22.35425,22.50639,2,12,1,0.9957634,1
93,1,1,1,0,119.196075,202.28584,170.08609,0.028603727,-0.001403015,-0.009513729,33.17944,33.84139,2,13,1,0.99938047,1
93,11,1,0,0,112.826355,64.096085,76.06016,0.023996012,-0.0024282571,0.0006826545,4.6457434,4.5616665,2,-1,0,0.9829317,1
93,8,1,1,0,124.31624,228.98483,370.378,-0.016961616,0.01616382,0.0015809878,17.56132,17.669167,2,14,1,0.9916032,1
93,8,1,0,0,124.31624,228.98483,370.378,-0.016961616,0.01616382,0.0015809878,9.742535,9.81,2,-1,0,0.99927145,1
93,40,1,1,0,133.72714,-104.498375,270.5458,-4.507849e-05,-0.0006539328,0.006057978,6.4384093,6.367778,2,15,1,0.9936096,1
93,32,1,1,0,-143.70853,-533.75195,240.95235,0.033951383,0.0042090677,-0.005437422,35.912243,35.922222,2,16,1,0.99980533,1
93,15,1,0,0,139.11876,-137.97165,31.96365,-0.011859226,-0.026167786,-0.01289614,9.110014,9.2275,2,-1,0,0.9880001,1
93,21,1,1,0,-138.51793,-369.7014,275.4831,0.006633522,-0.01269138,0.009035518,17.48564,17.563055,2,17,1,0.9899397,1
93,15,1,1,0,139.11876,-137.97165,31.96365,-0.011859226,-0.026167786,-0.01289614,18.803349,18.694445,2,18,1,0.9916827,1
93,33,1,1,0,141.9214,596.17065,346.77524,0.008746054,0.0080264425,-0.008950807,12.245202,12.2086115,2,19,1,0.9957885,1
93,25,1,1,0,-148.84587,-203.22354,288.29813,-0.00781609,-0.008646996,-2.3733071e-05,11.391625,7.176111,2,20,1,0.97779775,1
93,26,1,1,0,-165.59012,53.86791,0.7876444,-0.023048423,-0.009078183,0.011473907,28.872812,28.741112,2,21,1,0.9981871,1
93,22,1,1,0,170.29146,-87.485405,430.2894,-0.012245126,-0.00013301207,0.0062707667,9.673396,9.848611,2,22,1,0.9892853,1
93,36,1,1,0,173.68137,187.1035,344.44043,-0.013828836,0.013472326,0.0016039738,16.151367,16.310833,2,23,1,0.99449813,1
93,24,1,0,0,-184.61551,-257.4296,76.654366,0.024090132,0.019016467,0.048530474,18.517576,18.733055,2,-1,0,0.9913299,1
93,24,1,0,0,-184.61551,-257.4296,76.654366,0.024090132,0.019016467,0.048530474,9.373944,9.356389,2,-1,0,0.99858767,1
93,24,1,1,0,-184.61551,-257.4296,76.654366,0.024090132,0.019016467,0.048530474,23.490854,23.319723,2,24,1,0.9849198,1
93,24,1,0,0,-184.61551,-257.4296,76.654366,0.024090132,0.019016467,0.048530474,7.583014,7.397222,2,-1,0,0.96318406,1
93,27,1,0,0,213.06625,540.18964,428.8585,-0.020724123,0.015059541,0.011588761,11.405682,11.428056,2,-1,0,0.99883896,1
93,20,1,1,0,-190.78523,-554.49133,272.08917,0.00027040637,0.018226458,0.02457929,33.15559,32.931667,2,25,1,0.9985657,1
93,3,1,1,0,-202.0,-158.74814,180.74591,-0.002518767,-0.034831647,-0.015667422,39.908646,38.77611,2,26,1,0.9931592,1
93,27,1,1,0,213.06625,540.18964,428.8585,-0.020724123,0.015059541,0.011588761,14.685363,14.6875,2,27,1,0.96663195,1
93,5,1,1,0,-220.3638,25.528923,277.1589,0.0004811998,-0.023671048,-0.0013898462,18.078522,18.1,2,28,1,0.99818236,1
93,5,1,0,0,-220.3638,25.528923,277.1589,0.0004811998,-0.023671048,-0.0013898462,3.2041943,3.1536112,2,-1,0,0.7913643,1
93,34,1,1,0,-241.5086,-395.68436,27.287773,-0.002897547,-0.01387648,-0.009495669,17.714285,10.608055,2,29,1,0.99956185,1
93,17,1,1,0,263.70746,202.31044,99.17257,0.011703638,-0.0015999578,0.0073353793,7.998125,7.9052777,2,30,1,0.9409668,1
93,17,1,0,0,263.70746,202.31044,99.17257,0.011703638,-0.0015999578,0.0073353793,5.5550694,5.5519443,2,-1,0,0.9921897,1
93,6,1,1,0,-274.6976,597.63934,18.411222,-0.0012908502,-0.01583341,0.0002172326,14.081888,5.071944,2,31,1,0.9931165,1
93,2,1,1,0,-277.65735,-355.14105,115.73189,0.0018085449,-0.016413983,0.0019205818,18.050083,17.581388,2,32,1,0.99912304,1
93,10,1,1,0,278.95956,-121.176216,414.09418,0.012987792,0.017626846,-0.017132081,23.39386,23.503334,2,33,1,0.9967425,1
93,18,1,1,0,-307.42697,-543.6792,361.29044,0.016432704,-0.0074782455,-0.011724223,21.49757,21.353056,2,34,1,0.96659386,1
93,14,1,1,0,-312.85568,187.27386,449.1418,-0.0013449497,0.003193454,0.00226363,3.613125,3.658611,2,35,1,0.91704494,1
93,38,1,1,0,-328.63412,-567.46576,13.72096,0.015391606,-0.011607589,-0.0038460782,18.40977,18.514723,2,36,1,0.9824756,1
93,31,1,1,0,-341.08774,-456.2432,400.08273,0.013955824,-0.0082643675,-0.006010902,12.761222,12.707778,2,37,1,0.99124944,1
93,13,1,1,0,-337.0395,-333.1043,397.87296,-0.0068553956,-0.005469829,0.02585965,10.361291,10.470278,2,38,1,0.9799789,1
93,13,1,0,0,-337.0395,-333.1043,397.87296,-0.0068553956,-0.005469829,0.02585965,9.445431,7.4480557,2,-1,0,0.9938519,1
93,28,1,1,0,359.04773,-339.0415,353.8913,0.00038101038,0.006186152,0.011590376,10.904145,11.023334,2,39,1,0.9953684,1
94,10,1,1,0,-3.9226737,-261.35294,338.2421,-0.016490294,0.0102160415,0.013152906,9.541624,9.445,2,0,1,0.98840183,1
94,27,1,1,0,-11.272234,147.59924,170.416,0.024846207,-0.010478705,-0.0077639786,22.333202,22.114721,2,1,1,0.998958,1
94,10,1,0,0,-3.9226737,-261.35294,338.2421,-0.016490294,0.0102160415,0.013152906,6.019222,5.929167,2,-1,0,0.97780466,1
94,10,1,0,0,-3.9226737,-261.35294,338.2421,-0.016490294,0.0102160415,0.013152906,3.8720415,4.0488887,2,-1,0,0.7110453,1
94,24,1,1,0,-38.64632,158.66028,381.10263,0.023083894,0.0040140115,-0.0043578283,26.986845,26.897778,2,2,1,1.0,1
94,40,1,0,0,-35.86939,387.27313,93.93571,0.004841163,0.0019361582,0.009859561,5.334521,5.1633334,2,-1,0,0.95449567,1
94,40,1,1,0,-35.86939,387.27313,93.93571,0.004841163,0.0019361582,0.009859561,5.1700625,5.2916665,2,3,1,0.98648846,1
94,19,1,1,0,-2.5845478,-159.9142,356.31598,0.0049473178,0.010037489,0.0021353597,6.34768,6.470278,2,4,1,0.9976828,1
94,35,1,1,0,51.45144,-145.71521,386.8051,0.01483609,0.006711287,-0.015153741,15.638721,15.343611,2,5,1,0.90652376,1
94,30,1,1,0,-52.89812,-4.9569955,363.39883,-0.0047204825,0.015139108,0.014036671,12.81716,12.591389,2,6,1,0.9932909,1
94,35,1,0,0,51.45144,-145.71521,386.8051,0.01483609,0.006711287,-0.015153741,11.8799305,11.967222,2,-1,0,0.97726953,1
94,26,1,1,0,67.3606,122.3928,429.06317,-0.0067775315,-0.014696974,0.005113758,10.445944,10.386945,2,7,1,0.99403304,1
94,26,1,0,0,67.3606,122.3928,429.06317,-0.0067775315,-0.014696974,0.005113758,8.495139,8.324445,2,-1,0,0.9741184,1
94,16,1,1,0,66.94456,343.43698,17.644636,0.009542076,-0.0017980349,0.00957971,12.622868,12.530556,2,8,1,0.958742,1
94,23,0,0,0,0.0,0.0,0.0,0.0,0.0,0.0,41.704315,-1.0,2,-1,0,0.69644505,1
94,20,1,0,0,-80.36285,39.604626,288.7116,-0.02264844,-0.019670611,-0.013160433,11.321604,11.513056,2,-1,0,0.9804325,1
94,20,1,1,0,-80.36285,39.604626,288.7116,-0.02264844,-0.019670611,-0.013160433,26.74397,26.315834,2,9,1,0.9955246,1
94,33,1,0,0,-108.84957,274.59387,248.83514,0.0034536847,0.003304101,-0.032190003,8.613764,8.377222,2,-1,0,0.9969211,1
94,33,1,0,0,-108.84957,274.59387,248.83514,0.0034536847,0.003304101,-0.032190003,3.8708124,3.978889,2,-1,0,0.9756729,1
94,33,1,1,0,-108.84957,274.59387,248.83514,0.0034536847,0.003304101,-0.032190003,12.271141,12.318334,2,-1,1,0.98486024,1
94,25,1,0,0,119.07907,43.306698,306.45004,-0.0010525297,-0.013798419,-0.014847334,3.1199167,3.2577777,2,-1,0,0.6674914,1
94,25,1,1,0,119.07907,43.306698,306.45004,-0.0010525297,-0.013798419,-0.014847334,17.128798,17.221111,2,10,1,0.9915086,1
94,36,1,1,0,-122.835365,454.08224,352.38266,0.010730351,0.0026560405,-0.0014634867,13.265764,12.992222,2,11,1,0.99999607,1
94,9,1,1,0,127.59608,334.91495,425.145,-0.00026419773,-0.005063167,0.013757139,12.800944,12.876389,2,12,1,0.9947995,1
94,9,1,0,0,127.59608,334.91495,425.145,-0.00026419773,-0.005063167,0.013757139,3.2800348,3.120278,2,-1,0,0.7941736,1
94,37,1,1,0,-148.4398,523.83264,283.43423,0.023794586,0.0036049164,0.023085808,33.74864,33.725277,2,13,1,0.9990571,1
94,32,1,1,0,153.88107,573.6524,22.778412,0.006324664,0.011185132,-0.0070716594,16.022715,16.105,2,14,1,0.99618644,1
94,22,1,0,0,-160.92165,69.804146,397.49353,-0.003618085,0.015047539,0.01819229,6.3086395,5.657778,2,-1,0,0.949805,1
94,22,1,1,0,-160.92165,69.804146,397.49353,-0.003618085,0.015047539,0.01819229,15.50475,15.607778,2,15,1,0.993371,1
94,14,1,1,0,-166.61497,323.49716,173.77951,0.0019972885,-0.0006956262,0.022966797,18.98082,18.870832,2,16,1,0.9757116,1
94,14,1,0,0,-166.61497,323.49716,173.77951,0.0019972885,-0.0006956262,0.022966797,8.301548,8.350833,2,-1,0,0.99709535,1
94,32,1,0,0,153.88107,573.6524,22.778412,0.006324664,0.011185132,-0.0070716594,3.0361876,3.0825,2,-1,0,0.5914644,1
94,4,1,1,0,-177.38588,399.69888,439.36618,0.00068203156,0.013752128,0.0045424593,13.772292,13.888611,2,17,1,0.9996893,1
94,4,1,0,0,-177.38588,399.69888,439.36618,0.00068203156,0.013752128,0.0045424593,3.879493,3.8566666,2,-1,0,0.9709872,1
94,5,1,0,0,-185.35838,-298.27502,463.33466,-0.008976362,-0.03346779,0.0058779907,3.2867918,3.386111,2,-1,0,0.703397,1
94,29,1,1,0,-189.49203,80.03824,313.00455,0.0052876747,0.005100334,-0.013988136,14.035868,13.349722,2,18,1,0.9876583,1
94,5,1,1,0,-185.35838,-298.27502,463.33466,-0.008976362,-0.03346779,0.0058779907,4.234493,4.348611,2,19,1,0.95694757,1
94,13,1,1,0,-193.21808,363.1791,248.21185,-0.011812188,0.01802646,-0.0031328418,21.509903,21.001389,2,20,1,0.99843866,1
94,39,1,1,0,219.75731,509.70743,229.12453,-0.019450929,0.0016447661,0.009189765,10.97991,10.955277,2,21,1,0.99276066,1
94,39,1,0,0,219.75731,509.70743,229.12453,-0.019450929,0.0016447661,0.009189765,5.1426735,5.1425,2,-1,0,0.95721924,1
94,3,1,1,0,225.03853,478.96478,119.22014,0.0070569688,-0.008681766,0.013092899,18.099133,17.106667,2,22,1,0.9974377,1
94,7,1,1,0,228.46175,281.8132,379.1775,0.0030023244,0.006728793,0.009840505,12.44714,8.033611,2,23,1,0.9994188,1
94,12,1,0,0,246.11073,-420.28107,370.01373,-0.0047293524,-0.016286898,0.001514188,5.9030066,5.6622224,2,-1,0,0.98654556,1
94,12,1,1,0,246.11073,-420.28107,370.01373,-0.0047293524,-0.016286898,0.001514188,11.276055,11.123611,2,24,1,0.9979366,1
94,28,1,0,0,-281.51605,470.47086,281.50302,0.044857774,0.04811715,0.01135924,5.592923,5.157778,2,-1,0,0.96352226,1
94,28,1,0,0,-281.51605,470.47086,281.50302,0.044857774,0.04811715,0.01135924,16.968874,17.300556,2,-1,0,0.9883293,1
94,28,1,0,0,-281.51605,470.47086,281.50302,0.044857774,0.04811715,0.01135924,7.2455764,7.240556,2,-1,0,0.9589011,1
94,18,1,0,0,-271.63046,536.6719,399.1571,-0.012700697,-0.00958926,-0.011675854,7.188507,7.21,2,-1,0,0.93486613,1
94,18,1,1,0,-271.63046,536.6719,399.1571,-0.012700697,-0.00958926,-0.011675854,13.07118,13.203333,2,25,1,0.9971021,1
94,28,1,1,0,-281.51605,470.47086,281.50302,0.044857774,0.04811715,0.01135924,36.97404,36.9,2,26,1,0.99485505,1
94,21,1,0,0,-289.90894,504.7775,218.2467,0.004801828,0.024826454,-0.011690481,4.776299,4.715,2,-1,0,0.9915793,1
94,34,1,1,0,-285.29468,502.76944,210.30722,-0.016125295,-0.009751948,-0.025643066,21.32916,21.276945,2,27,1,0.9767959,1
94,34,1,0,0,-285.29468,502.76944,210.30722,-0.016125295,-0.009751948,-0.025643066,2.7466738,2.7391667,2,-1,0,0.610688,1
94,34,1,0,0,-285.29468,502.76944,210.30722,-0.016125295,-0.009751948,-0.025643066,10.267208,10.106112,2,-1,0,0.9730266,1
94,21,1,1,0,-289.90894,504.7775,218.2467,0.004801828,0.024826454,-0.011690481,22.3192,22.641666,2,28,1,0.98740757,1
94,2,1,1,0,287.17126,292.6009,280.3675,0.01665933,0.0048181415,-0.017397622,23.865255,24.1325,2,29,1,0.98504883,1
94,34,1,0,0,-285.29468,502.76944,210.30722,-0.016125295,-0.009751948,-0.025643066,4.809861,4.7527776,2,-1,0,0.9833695,1
94,1,1,1,0,295.5069,-196.90228,168.8466,0.00016921025,-0.022615608,-0.011216732,11.262472,10.964167,2,-1,1,0.98059493,1
94,1,1,0,0,295.5069,-196.90228,168.8466,0.00016921025,-0.022615608,-0.011216732,8.035639,8.02,2,-1,0,0.9590534,1
94,1,1,0,0,295.5069,-196.90228,168.8466,0.00016921025,-0.022615608,-0.011216732,3.3811598,3.3858333,2,-1,0,0.90797603,1
94,6,1,0,0,317.16797,-100.411644,279.08667,-0.026587628,0.00616439,-0.009061819,10.107895,10.293889,2,-1,0,0.9915948,1
94,6,1,1,0,317.16797,-100.411644,279.08667,-0.026587628,0.00616439,-0.009061819,17.334839,16.840555,2,30,1,0.99796546,1
94,17,1,1,0,-328.3505,-81.30288,186.96117,-0.009576102,0.015955346,-0.017217856,19.022675,18.81611,2,31,1,0.9691376,1
94,31,1,1,0,338.86237,-101.658936,420.14978,0.00908188,0.020792626,0.008104539,13.39093,13.381945,2,32,1,0.99446255,1
94,11,1,1,0,-342.433,479.15222,248.25256,0.004523129,0.015380221,-0.009921,17.451473,17.708055,2,33,1,0.99708086,1
94,31,1,0,0,338.86237,-101.658936,420.14978,0.00908188,0.020792626,0.008104539,9.076889,8.757778,2,-1,0,0.9889023,1
94,8,0,0,0,0.0,0.0,0.0,0.0,0.0,0.0,14.169362,-1.0,2,-1,0,0.9833525,1
94,15,1,1,0,356.0868,71.626396,449.79077,-0.0126259215,0.00045114596,0.011835848,16.798403,16.240833,2,34,1,0.965862,1
94,38,0,0,0,0.0,0.0,0.0,0.0,0.0,0.0,9.047264,-1.0,2,-1,0,0.98437774,1
94,37,0,0,0,0.0,0.0,0.0,0.0,0.0,0.0,2.7480974,2.7280555,2,-1,0,0.60371274,1
95,18,1,0,0,18.274702,434.02786,224.5052,0.003690163,-0.008218086,0.0460209,3.820486,3.7994444,2,-1,0,0.92822015,1
95,18,1,1,0,18.274702,434.02786,224.5052,0.003690163,-0.008218086,0.0460209,18.311773,17.05861,2,0,1,0.99925107,1
95,18,1,0,0,18.274702,434.02786,224.5052,0.003690163,-0.008218086,0.0460209,5.937972,5.9733334,2,-1,0,0.9922042,1
95,28,1,0,0,-19.089018,-204.41644,104.996765,-0.027394217,0.012764531,-0.010638927,13.909312,12.053611,2,-1,0,0.9884886,1
95,18,1,0,0,18.274702,434.02786,224.5052,0.003690163,-0.008218086,0.0460209,17.546715,17.699167,2,-1,0,0.9987471,1
95,30,1,1,0,-29.727047,16.961966,450.2412,0.002605521,-0.0010432644,-0.002254722,3.219854,3.3291667,2,1,1,0.9223361,1
95,33,1,0,0,39.590733,381.78186,285.44574,0.010610109,0.010828862,0.016365351,3.0701041,3.0883334,2,-1,0,0.76881206,1
95,33,1,1,0,39.590733,381.78186,285.44574,0.010610109,0.010828862,0.016365351,18.928083,17.087223,2,2,1,0.99338865,1
95,36,1,1,0,60.738945,-433.68115,211.10571,-0.01404365,-0.016346745,0.009602145,27.141438,26.971111,2,3,1,0.9712198,1
95,28,1,1,0,-19.089018,-204.41644,104.996765,-0.027394217,0.012764531,-0.010638927,15.360395,15.391666,2,4,1,0.9925293,1
95,28,1,0,0,-19.089018,-204.41644,104.996765,-0.027394217,0.012764531,-0.010638927,4.195722,4.3919444,2,-1,0,0.9837704,1
95,27,1,1,0,-79.00284,209.47926,84.85652,-0.010310448,0.009368721,0.015164555,21.687387,21.538334,2,5,1,0.97821116,1
95,22,1,1,0,-89.91901,364.21368,85.823944,0.017582819,0.025223438,-0.034124862,47.370514,47.486946,2,6,1,0.99910754,1
95,15,1,1,0,108.753334,525.558,200.84074,0.007612145,0.012444222,0.00079641887,16.561985,10.606389,2,7,1,0.99219465,1
95,13,1,1,0,-114.493645,332.3192,333.7618,-0.02091918,0.0048684864,-0.011968892,19.210758,19.19861,2,8,1,0.99938023,1
95,13,1,0,0,-114.493645,332.3192,333.7618,-0.02091918,0.0048684864,-0.011968892,8.611944,8.681666,2,-1,0,0.9692411,1
95,25,1,1,0,-134.17046,-567.29144,312.3826,0.007769948,-0.018297045,0.00023956898,20.051313,20.357222,2,9,1,0.9873247,1
95,7,1,0,0,183.05412,462.22763,72.061,-0.019920925,0.0023998034,-0.00558716,8.885042,8.884167,2,-1,0,0.9954607,1
95,5,1,0,0,-149.3744,101.27503,460.41977,0.0085012065,-0.0041793687,0.008405574,5.625271,5.582222,2,-1,0,0.97553855,1
95,5,1,1,0,-149.3744,101.27503,460.41977,0.0085012065,-0.0041793687,0.008405574,5.799257,5.7672224,2,10,1,0.9696966,1
95,14,1,0,0,-149.79779,-572.55396,61.124443,-0.0049164793,0.009703834,0.029121561,8.761277,8.558333,2,-1,0,0.9725861,1
95,14,1,1,0,-149.79779,-572.55396,61.124443,-0.0049164793,0.009703834,0.029121561,20.730959,20.709444,2,11,1,0.99831426,1
95,19,1,0,0,-153.48671,-217.2958,1.0325949,-0.02458801,-0.023982938,0.0075264815,4.9727364,4.971667,2,-1,0,0.98947996,1
95,6,0,0,0,0.0,0.0,0.0,0.0,0.0,0.0,6.807826,-1.0,2,-1,0,0.97366446,1
95,19,1,1,0,-153.48671,-217.2958,1.0325949,-0.02458801,-0.023982938,0.0075264815,24.22072,24.256666,2,12,1,0.99559146,1
95,6,0,0,0,0.0,0.0,0.0,0.0,0.0,0.0,3.4626665,-1.0,2,-1,0,0.9725433,1
95,7,1,0,0,183.05412,462.22763,72.061,-0.019920925,0.0023998034,-0.00558716,2.984993,3.0247223,2,-1,0,0.714725,1
95,2,1,1,0,-171.1433,-426.78384,135.89458,-0.0014038899,-0.009691875,-0.01684025,19.54991,19.446388,2,13,1,0.9347276,1
95,11,1,1,0,173.67575,-358.11038,86.97954,0.012486516,0.00014520924,0.01282331,16.827486,17.0175,2,14,1,0.99423367,1
95,23,1,1,0,186.69658,-316.86063,351.0344,-0.033777617,-0.0042258888,-0.017163914,38.890877,37.974445,2,15,1,0.99517286,1
95,39,1,0,0,-180.76358,-147.21536,5.191579,0.0040012333,0.032899287,0.01656379,11.132243,11.150278,2,-1,0,0.99655044,1
95,17,1,1,0,185.08652,-405.09824,299.722,-0.01496665,0.0098584145,-0.035712812,43.009167,43.119446,2,16,1,0.9950092,1
95,32,1,0,0,186.53253,-40.062775,305.60724,-0.014213245,0.021834312,0.0112521835,9.539966,9.649167,2,-1,0,0.9241436,1
95,39,1,1,0,-180.76358,-147.21536,5.191579,0.0040012333,0.032899287,0.01656379,21.411064,21.505833,2,17,1,0.99238634,1
95,7,1,1,0,183.05412,462.22763,72.061,-0.019920925,0.0023998034,-0.00558716,10.421812,10.406389,2,18,1,0.9791198,1
95,32,1,1,0,186.53253,-40.062775,305.60724,-0.014213245,0.021834312,0.0112521835,13.896986,13.893333,2,19,1,0.9303099,1
95,6,0,0,0,0.0,0.0,0.0,0.0,0.0,0.0,18.436647,-1.0,2,-1,0,0.99978685,1
95,16,1,1,0,185.34343,-84.272156,318.90564,0.0070532677,-0.006487991,0.0035774438,10.634618,10.6925,2,20,1,0.99087036,1
95,20,1,1,0,-188.36862,-514.80664,458.7127,-0.004210602,0.010769065,-0.0314018,25.794569,23.813055,2,21,1,0.9999999,1
95,20,1,0,0,-188.36862,-514.80664,458.7127,-0.004210602,0.010769065,-0.0314018,5.6805,5.5775,2,-1,0,0.958493,1
95,40,1,1,0,-195.54126,469.2167,37.353607,-0.0166841,-0.006922533,0.021739509,16.100084,16.032223,2,22,1,0.99264365,1
95,40,1,0,0,-195.54126,469.2167,37.353607,-0.0166841,-0.006922533,0.021739509,11.2375345,11.258889,2,-1,0,0.97721636,1
95,8,1,1,0,-213.68953,33.835995,249.2128,0.002539684,-0.00385084,-0.003002914,5.9434376,5.873889,2,23,1,0.98997855,1
95,8,1,0,0,-213.68953,33.835995,249.2128,0.002539684,-0.00385084,-0.003002914,5.667007,5.5380554,2,-1,0,0.9876266,1
95,31,1,1,0,-223.37035,355.92856,158.01617,0.02157264,0.007890026,-0.01761558,25.36114,25.131666,2,24,1,0.9996635,1
95,26,1,1,0,-221.89944,-173.67548,390.95547,0.013905329,-0.00019884726,-0.019734701,21.294535,21.027779,2,25,1,0.9918737,1
95,34,1,1,0,219.23726,-454.71323,328.67004,0.0066251564,-0.022344397,-0.009097075,11.392471,11.124444,2,26,1,0.98758715,1
95,34,1,0,0,219.23726,-454.71323,328.67004,0.0066251564,-0.022344397,-0.009097075,6.9845834,6.990556,2,-1,0,0.9769965,1
95,1,1,1,0,-221.12648,-322.84375,96.50954,0.0057063205,0.00080285483,-0.0034892748,6.5835347,6.640278,2,27,1,0.9728572,1
95,26,1,0,0,-221.89944,-173.67548,390.95547,0.013905329,-0.00019884726,-0.019734701,3.8384583,3.7761111,2,-1,0,0.988735,1
95,34,1,0,0,219.23726,-454.71323,328.67004,0.0066251564,-0.022344397,-0.009097075,3.237889,3.1858332,2,-1,0,0.7923535,1
95,3,1,1,0,-246.07477,16.954912,141.28625,-0.003258525,0.008727719,-0.012159896,12.07675,12.201667,2,28,1,0.9963929,1
95,10,1,1,0,270.82925,238.36972,438.24194,0.01661369,-0.009987396,-0.0062915343,21.29798,12.457222,2,29,1,0.99585694,1
95,24,1,1,0,286.9678,332.88647,225.79623,-0.024050536,-0.026120067,-0.020515786,31.435993,31.455833,2,30,1,0.99556893,1
95,21,0,0,0,0.0,0.0,0.0,0.0,0.0,0.0,15.887993,-1.0,2,-1,0,0.9672143,1
95,35,1,1,0,313.10675,289.06705,163.37479,0.0039122263,-0.011714398,-0.0051946007,11.29634,8.558611,2,31,1,0.9981091,1
95,4,1,1,0,-313.65088,-242.28934,414.87875,-0.00074862054,0.009168872,0.002299318,3.4651458,3.1802778,2,32,1,0.92455196,1
95,29,1,1,0,318.23947,11.435107,205.99593,-0.0070557403,-0.003936139,0.0023119824,8.197751,8.230556,2,33,1,0.9736251,1
95,12,1,0,0,-322.3236,458.51648,420.00333,-0.018979156,0.020204417,0.0068201786,8.306368,4.6502776,2,-1,0,0.98985976,1
95,37,1,1,0,326.34363,-596.334,37.83904,-0.00090911024,0.022844518,0.0045010434,22.33731,22.267221,2,34,1,0.98808634,1
95,12,1,1,0,-322.3236,458.51648,420.00333,-0.018979156,0.020204417,0.0068201786,12.689888,12.724167,2,35,1,0.9368805,1
96,16,0,0,0,0.0,0.0,0.0,0.0,0.0,0.0,22.757313,-1.0,2,-1,0,0.8398098,1
96,6,1,1,0,-30.577482,-200.64903,258.38095,-0.022745477,0.008670587,0.019331232,14.410882,10.557222,2,0,1,0.9435011,1
96,16,0,0,0,0.0,0.0,0.0,0.0,0.0,0.0,4.0925555,-1.0,2,-1,0,0.9081453,1
96,32,1,1,0,39.47659,-552.8991,145.76588,-0.01586389,0.003950853,0.0031422137,10.724452,10.553889,2,1,1,0.99655825,1
96,24,1,0,0,57.724987,571.38434,54.72927,-0.020142129,-0.021075029,0.005687319,8.826014,8.7525,2,-1,0,0.99814177,1
96,6,1,0,0,-30.577482,-200.64903,258.38095,-0.022745477,0.008670587,0.019331232,9.8127575,9.947778,2,-1,0,0.9938508,1
96,6,1,0,0,-30.577482,-200.64903,258.38095,-0.022745477,0.008670587,0.019331232,10.104397,10.149722,2,-1,0,0.995324,1
96,8,1,1,0,58.891487,236.39774,31.110395,-0.018371018,0.008367747,-0.0045605674,24.701862,24.444723,2,2,1,0.99465406,1
96,24,1,1,0,57.724987,571.38434,54.72927,-0.020142129,-0.021075029,0.005687319,27.44898,26.868334,2,3,1,0.9873526,1
96,27,1,1,0,-54.53579,0.20021823,298.57285,-0.0098137995,-0.014142085,0.03218418,20.479624,20.446667,2,4,1,0.98407924,1
96,2,0,0,0,0.0,0.0,0.0,0.0,0.0,0.0,14.11102,-1.0,2,-1,0,0.9761155,1
96,2,0,0,0,0.0,0.0,0.0,0.0,0.0,0.0,3.3713403,0.3061111,2,-1,0,0.7835347,1
96,23,1,1,0,66.491035,515.4293,249.74762,-0.0032090538,-0.016320232,0.015397001,19.667715,18.75389,2,5,1,0.967688,1
96,33,1,1,0,-66.49429,588.07214,63.857224,-0.019908076,-0.0020304266,0.029277232,26.852251,26.866945,2,6,1,0.99950016,1
96,16,0,0,0,0.0,0.0,0.0,0.0,0.0,0.0,8.026333,-1.0,2,-1,0,0.9931136,1
96,33,1,0,0,-66.49429,588.07214,63.857224,-0.019908076,-0.0020304266,0.029277232,5.693299,5.8108335,2,-1,0,0.97949994,1
96,23,1,0,0,66.491035,515.4293,249.74762,-0.0032090538,-0.016320232,0.015397001,3.2210696,3.2277777,2,-1,0,0.8873163,1
96,5,1,1,0,99.66296,-422.62775,6.566296,-0.0066776546,-0.0018157737,-0.0046636704,7.105917,7.292778,2,7,1,0.99054,1
96,39,1,1,0,104.052826,295.0452,65.1338,0.002048793,0.018157331,-0.01971005,29.095121,27.673334,2,8,1,0.966595,1
96,39,1,0,0,104.052826,295.0452,65.1338,0.002048793,0.018157331,-0.01971005,7.4770627,7.4055557,2,-1,0,0.9927032,1
96,12,1,1,0,-110.46855,340.6935,122.89444,0.0057027903,-0.005835626,-0.012487036,15.637096,15.615556,2,9,1,0.9910539,1
96,21,1,1,0,-109.4547,-326.71243,388.642,-0.0023790952,-0.022070317,0.002433672,20.023361,20.1725,2,10,1,0.9998975,1
96,37,1,0,0,172.0098,-310.92764,350.2937,-0.012165823,0.019912856,0.018033093,5.238709,5.201389,2,-1,0,0.9774409,1
96,37,1,0,0,172.0098,-310.92764,350.2937,-0.012165823,0.019912856,0.018033093,3.339111,3.3383334,2,-1,0,0.88968587,1
96,1,1,0,0,-137.25958,-149.81853,120.09423,-0.004791727,-0.01565001,0.039999474,4.718139,4.608889,2,-1,0,0.9766543,1
96,22,1,1,0,148.72365,414.58932,123.67648,-0.0076104794,0.020254401,-0.02626451,17.3665,17.53861,2,11,1,0.9940216,1
96,28,1,0,0,162.15675,-321.78625,351.07303,-0.030162532,-0.029940315,0.013726471,4.353903,4.2680554,2,-1,0,0.93179196,1
96,1,1,0,0,-137.25958,-149.81853,120.09423,-0.004791727,-0.01565001,0.039999474,3.763278,3.7083333,2,-1,0,0.9490593,1
96,37,1,0,0,172.0098,-310.92764,350.2937,-0.012165823,0.019912856,0.018033093,5.4659514,5.474167,2,-1,0,0.9789019,1
96,11,1,0,0,166.85458,-393.9001,161.43042,-0.05298821,-0.010241158,-0.00474803,12.29,12.243333,2,-1,0,0.9660483,1
96,7,1,1,0,136.31546,455.11627,462.0445,0.010641024,0.0010794505,-0.034960076,28.196527,28.193056,2,12,1,0.9952968,1
96,1,1,1,0,-137.25958,-149.81853,120.09423,-0.004791727,-0.01565001,0.039999474,15.811064,15.74,2,13,1,0.9973937,1
96,1,1,0,0,-137.25958,-149.81853,120.09423,-0.004791727,-0.01565001,0.039999474,15.080473,14.139722,2,-1,0,0.98922414,1
96,1,1,0,0,-137.25958,-149.81853,120.09423,-0.004791727,-0.01565001,0.039999474,5.5434585,5.4583335,2,-1,0,0.99293065,1
96,7,1,0,0,136.31546,455.11627,462.0445,0.010641024,0.0010794505,-0.034960076,8.546632,8.534722,2,-1,0,0.9850825,1
96,3,1,1,0,-204.86513,334.6452,280.66675,0.033681855,-0.013181078,-0.021418983,21.093224,21.344444,2,14,1,0.99998176,1
96,28,1,0,0,162.15675,-321.78625,351.07303,-0.030162532,-0.029940315,0.013726471,6.287937,6.192222,2,-1,0,0.98018575,1
96,15,1,1,0,146.32945,56.492065,300.8133,0.0017963727,-0.009052153,-0.0014442949,7.8719034,7.977778,2,15,1,0.9891745,1
96,38,1,0,0,159.73148,402.50394,332.70203,-0.02667147,0.013934642,-0.0066228556,6.891799,6.7569447,2,-1,0,0.99017316,1
96,22,1,0,0,148.72365,414.58932,123.67648,-0.0076104794,0.020254401,-0.02626451,14.136445,14.200833,2,-1,0,0.99788696,1
96,38,1,1,0,159.73148,402.50394,332.70203,-0.02667147,0.013934642,-0.0066228556,26.270624,26.12139,2,16,1,0.9439829,1
96,28,1,1,0,162.15675,-321.78625,351.07303,-0.030162532,-0.029940315,0.013726471,21.306978,21.11111,2,17,1,1.0,1
96,11,1,0,0,166.85458,-393.9001,161.43042,-0.05298821,-0.010241158,-0.00474803,10.358986,10.408611,2,-1,0,0.9963065,1
96,11,1,1,0,166.85458,-393.9001,161.43042,-0.05298821,-0.010241158,-0.00474803,25.613207,32.164722,2,18,1,0.986969,1
96,28,1,0,0,162.15675,-321.78625,351.07303,-0.030162532,-0.029940315,0.013726471,9.35818,9.355,2,-1,0,0.9986014,1
96,14,1,1,0,-170.54839,436.6791,355.72757,0.006584772,0.001050941,0.00617669,9.113507,8.735,2,19,1,0.9895392,1
96,37,1,1,0,172.0098,-310.92764,350.2937,-0.012165823,0.019912856,0.018033093,14.811479,14.693334,2,20,1,0.96874744,1
96,14,1,0,0,-170.54839,436.6791,355.72757,0.006584772,0.001050941,0.00617669,4.248028,4.161667,2,-1,0,0.92663,1
96,13,1,0,0,180.19757,504.26636,82.64507,0.0072558373,0.021556322,-0.022689601,7.670639,7.5852776,2,-1,0,0.9733569,1
96,10,1,0,0,-204.17088,-453.0404,4.5961614,0.0100250775,-0.0054292483,0.0066532125,5.570611,5.554167,2,-1,0,0.97955704,1
96,13,1,1,0,180.19757,504.26636,82.64507,0.0072558373,0.021556322,-0.022689601,18.61275,18.733334,2,21,1,0.999972,1
96,13,1,0,0,180.19757,504.26636,82.64507,0.0072558373,0.021556322,-0.022689601,3.1371527,3.175,2,-1,0,0.89736265,1
96,3,1,0,0,-204.86513,334.6452,280.66675,0.033681855,-0.013181078,-0.021418983,20.111603,20.248333,2,-1,0,0.9484723,1
96,10,1,1,0,-204.17088,-453.0404,4.5961614,0.0100250775,-0.0054292483,0.0066532125,7.8829722,7.892778,2,22,1,0.9712761,1
96,4,1,1,0,-202.56917,320.03198,215.17792,-0.0077233487,-0.010148595,-0.000110774374,11.776569,4.1394444,2,23,1,0.98261654,1
96,3,1,0,0,-204.86513,334.6452,280.66675,0.033681855,-0.013181078,-0.021418983,4.2692637,4.2130556,2,-1,0,0.9807366,1
96,10,1,0,0,-204.17088,-453.0404,4.5961614,0.0100250775,-0.0054292483,0.0066532125,3.5545833,3.6441667,2,-1,0,0.95404744,1
96,29,1,0,0,-218.78333,-564.6776,92.33453,-0.023362564,0.022632392,-0.0014548213,3.0165,3.0283334,2,-1,0,0.51727736,1
96,40,1,1,0,-218.13795,-292.41855,337.34497,0.0014003683,0.015636839,-0.007706098,17.381464,17.22139,2,24,1,0.9746611,1
96,29,1,1,0,-218.78333,-564.6776,92.33453,-0.023362564,0.022632392,-0.0014548213,30.450483,30.276667,2,25,1,0.99377984,1
96,20,1,0,0,239.30266,-142.7903,371.67172,-0.00787882,-0.005746602,0.015601596,4.807083,4.785278,2,-1,0,0.9602972,1
96,20,1,1,0,239.30266,-142.7903,371.67172,-0.00787882,-0.005746602,0.015601596,12.899341,12.808611,2,26,1,0.9937203,1
96,35,1,0,0,-251.21985,365.08365,40.54031,-0.015401824,-0.008605272,0.011025145,4.742986,4.929167,2,-1,0,0.9850075,1
96,36,1,1,0,251.75931,145.29721,78.320724,-0.019929098,0.0059531685,0.009745719,21.606762,21.658611,2,27,1,0.9945825,1
96,31,1,1,0,-251.11064,353.8072,434.8942,-0.0051962733,0.0042644027,0.01508947,11.810423,11.781111,2,28,1,0.9870345,1
96,31,1,0,0,-251.11064,353.8072,434.8942,-0.0051962733,0.0042644027,0.01508947,5.9881945,5.9308333,2,-1,0,0.98569435,1
96,35,1,1,0,-251.21985,365.08365,40.54031,-0.015401824,-0.008605272,0.011025145,11.881528,11.7725,2,29,1,0.9950657,1
96,35,1,0,0,-251.21985,365.08365,40.54031,-0.015401824,-0.008605272,0.011025145,10.21018,10.324166,2,-1,0,0.98875695,1
96,25,1,1,0,-253.4298,449.14496,161.79631,-0.00082737824,-0.0018555253,0.030814994,23.021566,22.961666,2,30,1,0.9894796,1
96,25,1,0,0,-253.4298,449.14496,161.79631,-0.00082737824,-0.0018555253,0.030814994,4.4832497,3.6705556,2,-1,0,0.88913476,1
96,25,1,0,0,-253.4298,449.14496,161.79631,-0.00082737824,-0.0018555253,0.030814994,3.2913613,3.3244445,2,-1,0,0.7140686,1
96,26,1,1,0,-270.25403,253.14479,115.02599,0.0010530882,-0.0043859403,0.008732487,9.938354,9.832778,2,31,1,0.9873154,1
96,26,1,0,0,-270.25403,253.14479,115.02599,0.0010530882,-0.0043859403,0.008732487,5.4660354,5.6144443,2,-1,0,0.9828777,1
96,30,1,1,0,277.21103,-431.83514,453.92004,0.015613623,0.011134401,0.0009269997,16.294514,16.4075,2,32,1,0.99014693,1
96,18,1,1,0,-297.66223,-410.77454,331.06012,0.0038729142,-0.019737482,0.01119624,23.861439,23.852222,2,33,1,0.96889657,1
96,9,1,1,0,-314.74252,47.107292,352.08398,-0.001107914,0.0021186133,0.026071144,22.417799,22.485,2,34,1,0.9972358,1
96,17,1,1,0,346.1279,-345.8094,132.81157,0.010545019,-0.0030045859,-0.0148564065,18.247923,18.019167,2,35,1,0.9919815,1
96,19,1,1,0,348.0006,-240.02425,178.93196,0.007970648,-0.0044281036,-0.023314197,21.549173,21.62,2,36,1,0.99991214,1
97,23,1,1,0,-45.175,548.8286,328.60907,0.029346297,0.02006138,0.011740259,37.03928,36.948334,2,0,1,0.99594796,1
97,23,1,0,0,-45.175,548.8286,328.60907,0.029346297,0.02006138,0.011740259,6.2464514,6.339722,2,-1,0,0.9975805,1
97,26,1,1,0,51.883595,509.00522,428.46805,-0.0051645236,0.0021654419,-0.021444628,22.203043,22.116112,2,1,1,0.99216944,1
97,35,1,0,0,-54.708786,593.6075,389.46347,0.008856093,-0.007294457,-0.018476691,8.463972,8.614722,2,-1,0,0.9829669,1
97,35,1,1,0,-54.708786,593.6075,389.46347,0.008856093,-0.007294457,-0.018476691,11.488334,11.708889,2,2,1,0.9918922,1
97,16,1,1,0,-58.662266,-129.44237,176.7834,0.0030678164,0.015295564,-0.0041406793,14.975674,14.978333,2,3,1,0.97743016,1
97,1,1,1,0,-67.04276,549.26514,381.92142,0.011184653,0.002466965,0.016216684,22.880367,22.579166,2,4,1,0.99777955,1
97,10,1,1,0,-83.13178,339.93292,36.381035,-0.017598543,0.020881802,0.016816154,20.347528,20.239721,2,5,1,0.9928343,1
97,10,1,0,0,-83.13178,339.93292,36.381035,-0.017598543,0.020881802,0.016816154,15.727194,15.796667,2,-1,0,0.98588943,1
97,15,1,1,0,93.06354,-204.99074,148.70717,-0.012629317,-0.02002092,-0.0021310449,26.995256,25.645,2,6,1,0.9960589,1
97,22,1,0,0,112.19738,-105.68824,249.27026,0.015421655,0.0036373003,-0.005401065,3.7437081,3.7841666,2,-1,0,0.96916044,1
97,24,1,0,0,126.250145,-192.66925,4.4285693,-0.015962658,-0.002120724,0.03768727,9.055347,9.216389,2,-1,0,0.98864913,1
97,24,1,0,0,126.250145,-192.66925,4.4285693,-0.015962658,-0.002120724,0.03768727,6.638444,6.706389,2,-1,0,0.99465203,1
97,22,1,1,0,112.19738,-105.68824,249.27026,0.015421655,0.0036373003,-0.005401065,12.454889,2.4083333,2,7,1,0.9993219,1
97,24,1,0,0,126.250145,-192.66925,4.4285693,-0.015962658,-0.002120724,0.03768727,7.9580407,7.878611,2,-1,0,0.96385664,1
97,24,1,1,0,126.250145,-192.66925,4.4285693,-0.015962658,-0.002120724,0.03768727,15.772604,14.958889,2,8,1,0.9450615,1
97,24,1,0,0,126.250145,-192.66925,4.4285693,-0.015962658,-0.002120724,0.03768727,4.589563,4.588611,2,-1,0,0.9858118,1
97,19,1,1,0,126.72065,-302.57428,201.83119,0.0020084362,0.017459322,-0.012981668,19.162014,14.806111,2,9,1,0.9961443,1
97,19,1,0,0,126.72065,-302.57428,201.83119,0.0020084362,0.017459322,-0.012981668,5.011208,5.3247223,2,-1,0,0.9901176,1
97,34,0,0,0,0.0,0.0,0.0,0.0,0.0,0.0,14.87886,-1.0,2,-1,0,0.999133,1
97,13,1,1,0,132.19733,-118.29708,271.1933,-0.003656102,-0.022034928,1.34240745e-05,18.009438,18.299723,2,10,1,0.99725693,1
97,13,1,0,0,132.19733,-118.29708,271.1933,-0.003656102,-0.022034928,1.34240745e-05,4.3826876,4.5119443,2,-1,0,0.9377443,1
97,40,1,1,0,136.15375,211.07217,104.80653,-0.0075598657,-0.020378849,0.0224843,18.032951,18.020277,2,11,1,0.9948495,1
97,40,1,0,0,136.15375,211.07217,104.80653,-0.0075598657,-0.020378849,0.0224843,11.136708,10.791111,2,-1,0,0.9827477,1
97,36,1,1,0,-139.1043,365.12827,290.10715,-0.011633535,0.017102882,0.013364648,21.194416,21.473888,2,12,1,0.9999658,1
97,21,1,1,0,139.40004,413.5926,215.57675,0.020334478,-0.0064744344,0.0011157284,13.677778,6.4866667,2,13,1,0.99925715,1
97,36,1,0,0,-139.1043,365.12827,290.10715,-0.011633535,0.017102882,0.013364648,5.6791115,5.693333,2,-1,0,0.9720589,1
97,34,0,0,0,0.0,0.0,0.0,0.0,0.0,0.0,7.476695,-1.0,2,-1,0,0.9914234,1
97,17,1,1,0,166.8523,-222.0849,380.1329,-0.0018791738,-0.01449531,-0.010967675,13.0784445,12.816944,2,14,1,0.9881439,1
97,11,1,0,0,-160.4014,75.19692,253.50987,-0.006108851,-0.019810706,-0.011683517,11.191799,11.252222,2,-1,0,0.9773745,1
97,11,1,1,0,-160.4014,75.19692,253.50987,-0.006108851,-0.019810706,-0.011683517,11.594848,11.392777,2,15,1,0.99743783,1
97,31,1,1,0,-161.6999,-264.3627,348.0034,-0.007705833,0.009593831,-0.0037367712,14.177367,14.133333,2,16,1,0.978333,1
97,2,1,1,0,165.40913,-226.32933,305.25925,-0.011561438,-0.0164132,0.005090166,20.425653,20.223612,2,17,1,0.9917796,1
97,17,1,0,0,166.8523,-222.0849,380.1329,-0.0018791738,-0.01449531,-0.010967675,6.083548,5.995278,2,-1,0,0.9747732,1
97,27,0,0,0,0.0,0.0,0.0,0.0,0.0,0.0,16.001812,-1.0,2,-1,0,0.9879765,1
97,33,1,1,0,-187.32188,57.932182,33.57662,0.009361497,0.011727102,-0.009161455,17.80748,17.86111,2,18,1,0.9543523,1
97,8,1,1,0,-185.47221,370.00867,246.41641,-0.009651173,0.012689469,-0.033782884,30.30191,29.990833,2,19,1,0.9711222,1
97,8,1,0,0,-185.47221,370.00867,246.41641,-0.009651173,0.012689469,-0.033782884,5.7090073,5.9063888,2,-1,0,0.9668419,1
97,4,1,0,0,247.97168,-392.28873,393.42517,-0.025204163,-0.015749933,0.013648233,5.881451,5.8341665,2,-1,0,0.94642955,1
97,14,1,1,0,-188.82043,237.15318,204.46664,-0.020356765,-0.01211567,0.0069642104,17.744717,17.735,2,20,1,0.99995875,1
97,30,1,0,0,-256.79077,222.18971,368.48462,0.0077675325,-0.054973148,0.029152337,2.8116736,2.921111,2,-1,0,0.59456825,1
97,39,1,1,0,206.18872,-191.01244,45.505756,-0.014513432,0.012902753,0.0030672497,14.561348,14.502222,2,21,1,0.9957313,1
97,28,1,1,0,-229.08174,119.44113,26.968643,-0.009417045,0.007747221,-0.011901086,10.46482,10.313611,2,22,1,0.99345136,1
97,28,1,0,0,-229.08174,119.44113,26.968643,-0.009417045,0.007747221,-0.011901086,3.0672917,3.1861112,2,-1,0,0.7270558,1
97,25,1,0,0,267.01074,-65.171425,333.7804,-0.024238942,0.009307586,-0.024900813,3.362271,3.4866667,2,-1,0,0.74178016,1
97,4,1,1,0,247.97168,-392.28873,393.42517,-0.025204163,-0.015749933,0.013648233,22.872437,17.53861,2,23,1,0.9955779,1
97,3,1,1,0,217.86711,17.916544,224.01184,0.015389135,-0.015446677,-0.005379272,2.8948054,2.7863889,2,24,1,0.5229024,1
97,30,1,0,0,-256.79077,222.18971,368.48462,0.0077675325,-0.054973148,0.029152337,19.838911,19.980556,2,-1,0,0.97186303,1
97,30,1,1,0,-256.79077,222.18971,368.48462,0.0077675325,-0.054973148,0.029152337,44.676895,44.288055,2,25,1,0.9897105,1
97,25,1,1,0,267.01074,-65.171425,333.7804,-0.024238942,0.009307586,-0.024900813,25.429235,25.038889,2,26,1,0.99815935,1
97,5,1,1,0,263.89822,-462.2059,135.16559,-0.0055805603,-0.0012920792,-0.000272252,4.958062,4.918611,2,27,1,0.9763338,1
97,7,0,0,0,0.0,0.0,0.0,0.0,0.0,0.0,22.269228,-1.0,2,-1,0,0.939376,1
97,12,1,1,0,-266.90027,-310.3084,128.53613,-0.010727421,0.023462133,-0.006148573,14.768223,14.939445,2,28,1,0.9819027,1
97,20,1,0,0,287.1784,-419.5958,141.77562,-0.016438244,-0.03458798,-0.012387974,17.17732,17.400555,2,-1,0,0.99388885,1
97,20,1,1,0,287.1784,-419.5958,141.77562,-0.016438244,-0.03458798,-0.012387974,20.725922,20.900833,2,29,1,0.9850434,1
97,6,1,1,0,286.81757,53.62986,295.91895,0.0042037084,0.0136629045,-0.009083488,16.559292,16.34111,2,30,1,0.9946907,1
97,12,1,0,0,-266.90027,-310.3084,128.53613,-0.010727421,0.023462133,-0.006148573,8.006278,8.0825,2,-1,0,0.9996016,1
97,32,1,1,0,293.75827,-206.8751,425.1353,-0.005761708,-0.00059367163,-0.02604551,25.836016,25.685833,2,31,1,0.9850876,1
97,3,0,0,0,0.0,0.0,0.0,0.0,0.0,0.0,22.875652,-1.0,2,-1,0,0.94897985,1
97,29,1,1,0,327.84885,129.83717,247.45076,-0.020950392,0.0030742837,-0.0061036693,15.9387,16.002222,2,32,1,0.99830914,1
97,29,1,0,0,327.84885,129.83717,247.45076,-0.020950392,0.0030742837,-0.0061036693,2.9125834,2.8133333,2,-1,0,0.79638004,1
97,9,1,1,0,348.2786,-445.48026,314.27725,-0.014389176,0.02399264,-0.010057804,23.379265,23.454445,2,33,1,0.97645926,1
97,18,1,1,0,350.1517,-548.3181,308.3499,0.005525994,0.034446623,-0.002959789,19.709028,9.864445,2,34,1,0.99704,1
97,18,1,0,0,350.1517,-548.3181,308.3499,0.005525994,0.034446623,-0.002959789,10.492737,10.454722,2,-1,0,0.97521055,1
97,34,0,0,0,0.0,0.0,0.0,0.0,0.0,0.0,2.6102986,2.5980556,2,-1,0,0.53151876,1
98,25,1,1,0,-7.141356,23.691185,263.5162,-0.029341452,-0.007334961,-0.0025313024,26.586111,26.946112,2,0,1,0.99999964,1
98,8,1,0,0,22.02695,547.05786,445.49005,-0.020328589,0.016472014,-0.01131904,14.856097,14.473611,2,-1,0,0.9955598,1
98,11,1,1,0,20.883,554.7005,323.1147,-0.007012262,0.011247002,0.013736883,24.141077,20.930555,2,1,1,0.9994238,1
98,8,1,1,0,22.02695,547.05786,445.49005,-0.020328589,0.016472014,-0.01131904,16.983292,17.02389,2,2,1,0.9977235,1
98,2,1,0,0,34.88504,88.498,344.42096,-0.007367985,0.010597578,-0.027443707,4.175375,3.9766667,2,-1,0,0.95867395,1
98,14,0,0,0,0.0,0.0,0.0,0.0,0.0,0.0,21.238134,-1.0,2,-1,0,0.98183227,1
98,2,1,1,0,34.88504,88.498,344.42096,-0.007367985,0.010597578,-0.027443707,23.025843,23.388334,2,3,1,0.98128384,1
98,19,1,1,0,33.68855,-327.03577,5.796678,0.0060767955,-0.016370015,-0.0012212945,18.610855,18.855833,2,4,1,0.96637917,1
98,2,1,0,0,34.88504,88.498,344.42096,-0.007367985,0.010597578,-0.027443707,10.081152,10.071667,2,-1,0,0.99770975,1
98,14,0,0,0,0.0,0.0,0.0,0.0,0.0,0.0,3.8393056,-1.0,2,-1,0,0.9703438,1
98,38,1,1,0,-41.884174,-177.84782,83.634544,-0.006736054,0.007210933,-0.0015007843,6.7551107,1.8919444,2,5,1,0.99476695,1
98,34,1,1,0,-49.73218,450.0136,89.392426,-0.0045860237,-0.0016669569,-0.006097221,8.157368,7.9466667,2,6,1,0.997912,1
98,10,1,1,0,-55.812546,-388.6418,76.10809,0.013676504,-0.0026900852,-0.013136243,19.59146,17.824444,2,7,1,0.98753613,1
98,27,1,1,0,-61.050365,46.785183,56.43482,-0.02117385,-0.022687223,0.008677812,19.53382,17.754168,2,8,1,0.99768484,1
98,6,1,0,0,72.04738,-332.33084,204.33937,-0.007220818,0.041558314,0.011823103,17.471104,17.234167,2,-1,0,0.9936119,1
98,6,1,1,0,72.04738,-332.33084,204.33937,-0.007220818,0.041558314,0.011823103,29.203068,28.936945,2,9,1,0.98961174,1
98,27,1,0,0,-61.050365,46.785183,56.43482,-0.02117385,-0.022687223,0.008677812,5.4960766,5.503611,2,-1,0,0.92325366,1
98,15,1,1,0,74.08891,-218.05963,369.4296,0.0050568776,0.004831081,0.0005709161,9.019757,2.71,2,10,1,0.9870013,1
98,25,1,0,0,-7.141356,23.691185,263.5162,-0.029341452,-0.007334961,-0.0025313024,9.82084,9.972777,2,-1,0,0.99624085,1
98,24,1,1,0,-100.248856,280.4079,240.40982,-0.0010075484,-0.006192785,-0.011565669,14.707014,13.767222,2,11,1,0.9896944,1
98,4,1,1,0,105.57165,-484.31027,89.70379,-0.0026845273,-0.016883606,0.0018705232,18.54553,18.74361,2,12,1,0.99544686,1
98,23,1,1,0,-123.5533,-417.73877,59.362972,0.007909959,0.006675145,-0.012355003,9.641027,9.535556,2,13,1,0.99889386,1
98,23,1,0,0,-123.5533,-417.73877,59.362972,0.007909959,0.006675145,-0.012355003,7.3896394,7.3816667,2,-1,0,0.97943324,1
98,26,1,1,0,-126.03138,601.928,441.13013,0.0035729385,-0.019441485,0.0057316753,14.596126,14.411389,2,14,1,0.9938694,1
98,12,1,1,0,133.00131,-583.5858,240.02213,0.028028497,0.0045461175,-0.04384863,22.128223,20.57361,2,15,1,0.99391526,1
98,12,0,0,0,0.0,0.0,0.0,0.0,0.0,0.0,5.408535,0.79388887,2,-1,0,0.9664579,1
98,12,0,0,0,0.0,0.0,0.0,0.0,0.0,0.0,8.3237915,-1.0,2,-1,0,0.995635,1
98,12,0,0,0,0.0,0.0,0.0,0.0,0.0,0.0,4.144333,-1.0,2,-1,0,0.91846883,1
98,29,0,0,0,0.0,0.0,0.0,0.0,0.0,0.0,25.671215,-1.0,2,-1,0,0.96549433,1
98,31,1,1,0,-143.12756,225.12646,4.3837056,-0.0025461223,-0.0004640049,0.006478085,12.421152,6.76,2,16,1,0.991078,1
98,12,0,0,0,0.0,0.0,0.0,0.0,0.0,0.0,3.460264,-1.0,2,-1,0,0.6148353,1
98,5,1,1,0,154.08203,158.56068,186.52037,0.0058118803,0.011767003,-0.00026743286,14.373911,1.0925,2,17,1,0.98374754,1
98,37,1,1,0,-166.02065,262.76062,400.70633,-0.012081936,-0.0017314556,-0.01019308,9.013937,9.070278,2,18,1,0.9567988,1
98,21,1,1,0,177.78258,557.72626,251.46687,-0.020754032,0.003973107,0.0010850191,23.13927,23.146389,2,19,1,0.99725515,1
98,37,1,0,0,-166.02065,262.76062,400.70633,-0.012081936,-0.0017314556,-0.01019308,7.671271,7.6386113,2,-1,0,0.9538062,1
98,29,0,0,0,0.0,0.0,0.0,0.0,0.0,0.0,2.8263958,2.8105555,2,-1,0,0.5571477,1
98,33,1,1,0,227.34117,346.07178,29.78924,-0.009673393,0.007243136,0.015197243,15.203667,14.089723,2,20,1,0.9704962,1
98,33,1,0,0,227.34117,346.07178,29.78924,-0.009673393,0.007243136,0.015197243,6.206959,6.136389,2,-1,0,0.95959,1
98,13,1,0,0,267.21652,-46.37974,453.9102,0.0037951374,-0.0047891014,0.0037106015,4.017361,3.9966667,2,-1,0,0.9776397,1
98,36,1,1,0,250.40083,377.386,255.17491,-0.008527588,0.0009838088,-0.0027221937,8.38327,8.284722,2,21,1,0.9891924,1
98,35,1,1,0,265.18127,-564.2408,257.1604,-0.004173218,-0.011402271,-0.015636727,10.646168,10.571667,2,22,1,0.97444326,1
98,39,1,0,0,-289.31137,328.07526,184.42924,-0.01363765,-0.022051098,-0.0041372385,5.0116806,5.0894446,2,-1,0,0.93492365,1
98,22,1,1,0,-261.4453,-311.4637,399.2709,-0.016486676,0.0036730047,-0.0059331027,15.20057,13.166667,2,23,1,0.98625165,1
98,35,1,0,0,265.18127,-564.2408,257.1604,-0.004173218,-0.011402271,-0.015636727,7.69666,6.6033335,2,-1,0,0.988187,1
98,13,1,1,0,267.21652,-46.37974,453.9102,0.0037951374,-0.0047891014,0.0037106015,6.7759657,6.699167,2,24,1,0.9819647,1
98,18,0,0,0,0.0,0.0,0.0,0.0,0.0,0.0,5.276771,-1.0,2,-1,0,0.9884211,1
98,17,1,1,0,-276.71765,-361.54156,93.04659,-0.020796154,-0.004322067,-0.013098438,19.97793,18.776945,2,25,1,0.99742943,1
98,20,1,1,0,-279.74,149.82716,158.74919,0.012843504,-0.014326344,0.0029604053,16.85415,16.776388,2,26,1,0.9966323,1
98,17,1,0,0,-276.71765,-361.54156,93.04659,-0.020796154,-0.004322067,-0.013098438,4.512528,4.4405556,2,-1,0,0.99306375,1
98,39,1,0,0,-289.31137,328.07526,184.42924,-0.01363765,-0.022051098,-0.0041372385,10.285104,10.248055,2,-1,0,0.9816209,1
98,24,0,0,0,0.0,0.0,0.0,0.0,0.0,0.0,2.8340971,2.807778,2,-1,0,0.68278825,1
98,28,1,1,0,310.04312,-466.08466,440.73566,-0.018707585,0.012652032,0.015015164,22.722576,22.504444,2,27,1,0.95499086,1
98,28,1,0,0,310.04312,-466.08466,440.73566,-0.018707585,0.012652032,0.015015164,4.2051873,4.140278,2,-1,0,0.9793674,1
98,14,0,0,0,0.0,0.0,0.0,0.0,0.0,0.0,3.024139,2.9536111,2,-1,0,0.55787,1
98,1,1,1,0,-326.12775,-119.44816,344.68668,-0.012701295,0.023126233,0.008879411,21.523924,17.03861,2,28,1,0.9862504,1
98,39,1,1,0,-289.31137,328.07526,184.42924,-0.01363765,-0.022051098,-0.0041372385,12.959015,12.811111,2,29,1,0.9790617,1
98,40,1,1,0,-328.34442,565.05066,59.431873,-0.0015657237,0.002214637,-0.008983162,9.882791,6.403333,2,30,1,0.96692586,1
98,1,1,0,0,-326.12775,-119.44816,344.68668,-0.012701295,0.023126233,0.008879411,3.7513888,3.8341668,2,-1,0,0.97618014,1
98,16,1,1,0,334.82678,294.60782,1.2123873,-0.01545596,-0.031154754,-0.0069580777,14.103097,14.144444,2,31,1,0.99026877,1
98,30,1,1,0,-342.0624,-388.67853,111.04404,0.0048086783,-0.010979416,0.021171216,12.533048,12.765833,2,32,1,0.9836628,1
98,30,1,0,0,-342.0624,-388.67853,111.04404,0.0048086783,-0.010979416,0.021171216,9.984917,9.996111,2,-1,0,0.99975675,1
98,9,1,1,0,345.27942,445.36044,57.066544,-0.0010802926,-0.011279936,0.013811539,17.076368,17.228056,2,33,1,0.8836112,1
98,3,1,1,0,346.43277,250.33508,202.70908,0.013818208,-0.008741511,-0.003604638,15.071881,15.247778,2,34,1,0.9671879,1
98,7,1,1,0,-356.04016,172.68556,62.894646,0.0071213446,0.002804927,0.012675261,11.799264,11.819167,2,35,1,0.9750621,1
99,29,1,1,0,-31.728657,-532.2119,294.2596,-0.0062880535,-0.0062529864,0.014704645,13.593166,13.340555,2,0,1,0.983125,1
99,20,1,1,0,-33.483253,-152.63235,32.535603,9.992817e-05,-0.0045262054,0.005949393,8.649702,8.794723,2,1,1,0.9880185,1
99,29,1,0,0,-31.728657,-532.2119,294.2596,-0.0062880535,-0.0062529864,0.014704645,6.2966185,6.2469444,2,-1,0,0.96336347,1
99,32,1,1,0,41.428776,-549.2769,401.7254,-0.0058249263,0.0058147586,0.006104413,12.119354,12.116111,2,2,1,0.99025553,1
99,11,1,1,0,-46.09743,125.18561,359.403,-0.006463514,-0.015018978,-0.0019092205,17.227257,17.100834,2,3,1,0.9842466,1
99,37,1,1,0,54.669094,243.28975,227.84879,0.0059718634,-0.0015314822,-0.012570564,10.922688,9.1027775,2,4,1,0.99079376,1
99,40,1,1,0,56.327538,124.8794,359.55258,0.0020088537,0.005834636,0.0038682744,9.109625,8.286667,2,5,1,0.8876801,1
99,37,1,0,0,54.669094,243.28975,227.84879,0.0059718634,-0.0015314822,-0.012570564,3.9037848,4.0852776,2,-1,0,0.9123938,1
99,4,1,1,0,73.186935,-564.27124,201.7631,0.0077873957,-0.013631447,0.0075757173,3.4183333,3.3475,2,6,1,0.9511905,1
99,31,0,0,0,0.0,0.0,0.0,0.0,0.0,0.0,2.608604,2.585,2,-1,0,0.50864375,1
99,3,1,0,0,68.03998,-505.18478,58.155785,0.011888417,0.0039156065,0.0070902323,3.4947498,3.4947221,2,-1,0,0.92940366,1
99,3,1,0,0,68.03998,-505.18478,58.155785,0.011888417,0.0039156065,0.0070902323,4.269438,4.3530555,2,-1,0,0.9868069,1
99,3,1,0,0,68.03998,-505.18478,58.155785,0.011888417,0.0039156065,0.0070902323,3.8437083,3.815,2,-1,0,0.9509856,1
99,17,1,1,0,74.30552,106.8362,454.98904,-0.014905998,-0.0056748763,-0.009115581,18.569387,18.249722,2,7,1,0.990595,1
99,4,0,0,0,0.0,0.0,0.0,0.0,0.0,0.0,19.822374,-1.0,2,-1,0,0.9839136,1
99,23,1,1,0,80.631355,291.657,200.80806,0.0039809207,0.003507938,-0.0021531144,6.2675834,6.3236113,2,8,1,0.98364073,1
99,1,1,1,0,-99.99937,16.991575,428.90744,0.0018239636,0.013005386,-0.025226219,30.444965,28.614166,2,9,1,0.9970752,1
99,3,1,1,0,105.5427,-377.28928,48.94689,0.011888417,0.0039156065,0.0070902323,14.330833,14.245,2,-1,1,0.9989324,1
99,10,1,1,0,109.95389,-533.145,9.244598,0.006944811,-0.0097437855,-0.013516349,13.185201,9.128056,2,10,1,0.9903961,1
99,10,1,0,0,109.95389,-533.145,9.244598,0.006944811,-0.0097437855,-0.013516349,9.674382,9.724167,2,-1,0,0.99788445,1
99,8,1,0,0,224.50406,-183.43082,407.36444,-0.026843663,0.027492763,-0.013471195,6.4915276,6.615278,2,-1,0,0.972493,1
99,22,1,1,0,-121.14851,116.78952,354.75842,0.0036878174,0.0007620816,0.0007888496,4.088042,4.021389,2,11,1,0.89770234,1
99,25,1,1,0,127.55698,277.01746,443.3342,0.010484317,-0.015309735,0.01657269,17.5298,14.069445,2,12,1,0.9949443,1
99,13,1,1,0,-142.1984,-385.9876,55.20451,0.00847722,0.0066508097,-0.037768774,20.527613,20.5225,2,13,1,0.9928814,1
99,13,1,0,0,-142.1984,-385.9876,55.20451,0.00847722,0.0066508097,-0.037768774,5.020153,5.077778,2,-1,0,0.99080175,1
99,13,1,0,0,-142.1984,-385.9876,55.20451,0.00847722,0.0066508097,-0.037768774,14.575362,14.531944,2,-1,0,0.995414,1
99,14,1,1,0,-157.84445,11.611961,188.8722,-0.0113012,-0.0063084755,-0.0030811052,15.578221,15.443055,2,14,1,0.9898099,1
99,39,1,1,0,169.73494,40.848694,301.96066,-0.011298487,-0.01653027,-0.011504013,22.60977,22.467777,2,15,1,0.99999714,1
99,8,1,0,0,224.50406,-183.43082,407.36444,-0.026843663,0.027492763,-0.013471195,12.993694,12.877222,2,-1,0,0.99639916,1
99,8,1,0,0,224.50406,-183.43082,407.36444,-0.026843663,0.027492763,-0.013471195,7.2010694,6.9066668,2,-1,0,0.99029166,1
99,5,1,1,0,-189.04433,-516.858,108.31112,0.024502033,0.008336124,-0.004108301,19.99239,19.763056,2,16,1,0.96514076,1
99,5,1,0,0,-189.04433,-516.858,108.31112,0.024502033,0.008336124,-0.004108301,5.1720834,5.1766667,2,-1,0,0.95286846,1
99,7,1,0,0,-229.89603,-119.30237,252.89635,0.0044003054,-0.020787252,-0.0061839693,3.715486,3.7080555,2,-1,0,0.9706894,1
99,16,1,1,0,201.13496,-363.2691,29.500202,-0.0032475977,0.0369652,-0.018863164,26.06673,25.84111,2,17,1,0.9863456,1
99,16,1,0,0,201.13496,-363.2691,29.500202,-0.0032475977,0.0369652,-0.018863164,11.928291,11.825556,2,-1,0,0.996525,1
99,31,1,0,0,-202.44159,-339.3753,83.63788,-0.0055751596,-0.014051882,0.025214244,15.373778,15.240833,2,-1,0,0.99997354,1
99,31,1,1,0,-202.44159,-339.3753,83.63788,-0.0055751596,-0.014051882,0.025214244,15.776007,15.821944,2,18,1,0.99939024,1
99,9,1,1,0,251.41693,-523.2744,462.51755,-0.011182913,-0.03201026,0.01228279,3.0428402,2.9955556,2,19,1,0.77601665,1
99,8,1,1,0,224.50406,-183.43082,407.36444,-0.026843663,0.027492763,-0.013471195,14.055105,14.0002775,2,20,1,0.9578315,1
99,7,1,1,0,-229.89603,-119.30237,252.89635,0.0044003054,-0.020787252,-0.0061839693,23.710243,24.022778,2,21,1,0.94144875,1
99,30,1,0,0,284.5758,476.87177,95.38503,-0.025330143,-0.0031503742,0.012010912,4.624277,4.6141667,2,-1,0,0.98439205,1
99,28,1,1,0,236.6268,-475.75717,407.03488,0.0013467789,-0.02401542,0.018500634,24.670242,22.465555,2,22,1,0.9947535,1
99,28,1,0,0,236.6268,-475.75717,407.03488,0.0013467789,-0.02401542,0.018500634,6.880333,6.983611,2,-1,0,0.9841038,1
99,6,1,1,0,-247.86284,293.87924,185.13126,0.0075505087,0.0081357565,-0.008185586,14.716465,14.669167,2,23,1,0.9905055,1
99,27,1,1,0,-250.57285,344.54068,388.8825,0.013819611,-0.0001816208,0.01393991,20.406506,20.804722,2,24,1,0.9771114,1
99,19,1,0,0,-278.73953,390.37256,12.454128,0.012643979,0.034681603,0.011390836,5.973597,6.084722,2,-1,0,0.97180486,1
99,19,1,1,0,-278.73953,390.37256,12.454128,0.012643979,0.034681603,0.011390836,27.287146,27.365833,2,25,1,0.9966163,1
99,12,1,0,0,-326.09113,-70.06332,206.89273,0.011552816,0.023027869,0.03528478,2.9410622,2.9875,2,-1,0,0.94808203,1
99,30,1,1,0,284.5758,476.87177,95.38503,-0.025330143,-0.0031503742,0.012010912,22.182339,22.105,2,26,1,0.9953844,1
99,12,1,0,0,-326.09113,-70.06332,206.89273,0.011552816,0.023027869,0.03528478,3.2045414,3.1916666,2,-1,0,0.9017318,1
99,38,1,1,0,-287.8231,-211.49493,364.8907,0.005524045,0.0067003667,0.003959863,10.357541,10.253612,2,27,1,0.99013805,1
99,26,1,1,0,-291.65082,-483.26074,55.564342,0.008440337,-0.028070891,0.0129480995,30.184965,29.895277,2,28,1,0.99984455,1
99,12,1,1,0,-326.09113,-70.06332,206.89273,0.011552816,0.023027869,0.03528478,7.0746393,6.965,2,29,1,0.9979242,1
99,2,1,1,0,302.0991,530.19476,234.61319,-0.015197417,-0.003955293,0.008907804,16.128908,16.159445,2,30,1,0.99869007,1
99,2,1,0,0,302.0991,530.19476,234.61319,-0.015197417,-0.003955293,0.008907804,2.4268472,2.4283333,2,-1,0,0.98639405,1
99,35,1,1,0,-305.11304,456.42847,27.59455,0.009584432,-0.0027532196,-0.009202202,11.3006935,11.317223,2,31,1,0.99090266,1
99,21,1,1,0,304.4939,71.11891,342.3413,0.010699902,-0.011966704,-0.002669533,6.4515414,2.1797223,2,32,1,0.971676,1
99,24,1,1,0,306.48178,545.99084,427.7297,0.0073839175,-0.011059831,0.01169555,17.464783,17.571945,2,33,1,0.95517105,1
99,21,1,0,0,304.4939,71.11891,342.3413,0.010699902,-0.011966704,-0.002669533,6.1078053,6.0075,2,-1,0,0.99366695,1
99,33,1,1,0,311.37784,-404.13022,78.377014,-0.012271266,-0.00575511,-0.008947129,16.251701,15.707778,2,34,1,0.9917276,1
99,12,0,0,0,0.0,0.0,0.0,0.0,0.0,0.0,25.533257,-1.0,2,-1,0,0.9658024,1
99,36,1,1,0,-323.6927,260.5327,47.95339,-0.0090984125,0.012494698,-0.008079512,16.25918,6.9769444,2,35,1,0.959937,1
99,18,1,1,0,333.31412,-517.7349,343.31052,0.0003352267,0.0058693527,-0.015174345,14.236903,8.950556,2,36,1,0.98722374,1
99,34,1,1,0,357.14963,484.73953,319.70786,-0.007690479,-0.022826603,-0.027539948,25.258034,25.144444,2,37,1,0.98672605,1
99,34,1,0,0,357.14963,484.73953,319.70786,-0.007690479,-0.022826603,-0.027539948,8.378035,8.325,2,-1,0,0.88246185,1
99,20,0,0,0,0.0,0.0,0.0,0.0,0.0,0.0,2.3311458,2.3780556,2,-1,0,0.5350379,1
99,2,0,0,0,0.0,0.0,0.0,0.0,0.0,0.0,2.4608958,2.4244444,2,-1,0,0.5716226,1
100,40,1,1,0,-49.926537,287.329,9.43489,0.0057549137,0.00018038746,-0.015972275,14.667694,14.671111,2,0,1,0.98386765,1
100,40,1,0,0,-49.926537,287.329,9.43489,0.0057549137,0.00018038746,-0.015972275,3.724132,3.7191668,2,-1,0,0.9748897,1
100,40,1,0,0,-49.926537,287.329,9.43489,0.0057549137,0.00018038746,-0.015972275,5.609646,5.6572223,2,-1,0,0.97658575,1
100,7,1,1,0,-52.43502,-151.1065,40.184948,-0.022962114,-0.010043184,0.008123032,31.347605,31.051945,2,1,1,0.9937236,1
100,24,1,1,0,-56.967342,-74.50978,293.62476,-0.013355721,0.0190471,-0.0050687506,27.880053,27.905,2,2,1,0.9999838,1
100,14,1,1,0,-58.80581,475.0801,344.1853,-0.02052382,0.005826337,0.0052628377,22.037308,13.81,2,3,1,0.9994755,1
100,18,1,1,0,-67.24982,-576.1956,312.19482,0.003096292,-0.01220321,-0.0069247633,15.545313,15.4975,2,4,1,0.9909793,1
100,18,1,0,0,-67.24982,-576.1956,312.19482,0.003096292,-0.01220321,-0.0069247633,3.3729722,3.3225,2,-1,0,0.89926547,1
100,40,0,0,0,0.0,0.0,0.0,0.0,0.0,0.0,2.6692362,2.6722221,2,-1,0,0.5758827,1
100,27,1,0,0,101.51727,303.76923,23.292303,0.0008460964,0.013612612,-0.0072390097,4.0119863,3.9805555,2,-1,0,0.97163546,1
100,27,1,1,0,101.51727,303.76923,23.292303,0.0008460964,0.013612612,-0.0072390097,14.991083,13.761666,2,5,1,0.994094,1
100,34,0,0,0,0.0,0.0,0.0,0.0,0.0,0.0,10.563409,-1.0,2,-1,0,0.9984409,1
100,34,0,0,0,0.0,0.0,0.0,0.0,0.0,0.0,3.5789514,-1.0,2,-1,0,0.9567777,1
100,34,0,0,0,0.0,0.0,0.0,0.0,0.0,0.0,3.2137847,-1.0,2,-1,0,0.7726165,1
100,6,1,1,0,-131.15138,-230.62018,452.5752,-0.025351755,-0.018171975,0.0127709,25.257166,24.860277,2,6,1,0.99929667,1
100,8,1,1,0,-135.4369,277.49158,259.9457,-0.002081698,-0.001624888,-0.0071569975,8.352958,7.4644446,2,7,1,0.98984003,1
100,6,1,0,0,-131.15138,-230.62018,452.5752,-0.025351755,-0.018171975,0.0127709,5.979771,5.941111,2,-1,0,0.97768444,1
100,21,1,1,0,-161.61389,-280.68912,308.48462,0.0021221237,-0.007258582,0.021216515,18.954557,18.957777,2,8,1,0.9983765,1
100,21,1,0,0,-161.61389,-280.68912,308.48462,0.0021221237,-0.007258582,0.021216515,3.2805555,3.323611,2,-1,0,0.8710827,1
100,3,1,1,0,161.47926,425.87744,68.871796,0.012046007,0.0019182524,0.017167976,12.12327,10.973611,2,9,1,0.97881657,1
100,3,1,0,0,161.47926,425.87744,68.871796,0.012046007,0.0019182524,0.017167976,5.072396,5.213611,2,-1,0,0.9690722,1
100,21,1,0,0,-161.61389,-280.68912,308.48462,0.0021221237,-0.007258582,0.021216515,3.8427012,3.8255556,2,-1,0,0.9246954,1
100,32,1,1,0,166.26048,541.02795,209.98099,-0.00027734684,0.034649927,-0.008712336,33.45187,33.625,2,10,1,0.9959604,1
100,1,1,1,0,-197.23524,366.11908,459.09106,0.019141281,-0.016025236,-0.0013561641,24.587715,24.745,2,11,1,0.9999945,1
100,23,1,1,0,199.90462,-580.6338,100.0238,-0.0044053793,-0.016085904,-0.00061900023,16.741028,16.629444,2,12,1,0.9825469,1
100,39,1,1,0,-219.3322,-494.71744,79.08219,0.014765344,0.005686284,0.004305847,15.735063,15.748611,2,13,1,0.9989089,1
100,28,1,1,0,-218.84431,498.54868,403.149,0.0041154735,0.013270119,0.0184208,11.95332,11.649445,2,14,1,0.9861944,1
100,36,1,1,0,228.1766,151.5771,228.39098,0.00482404,-0.016037533,-0.01976125,22.100035,21.77,2,15,1,0.99996185,1
100,36,1,0,0,228.1766,151.5771,228.39098,0.00482404,-0.016037533,-0.01976125,5.6155486,5.6380553,2,-1,0,0.99645317,1
100,26,1,1,0,-241.1513,514.2021,358.56754,0.027599964,-0.01704199,0.016230363,27.958172,28.065556,2,16,1,0.951546,1
100,10,0,0,0,0.0,0.0,0.0,0.0,0.0,0.0,11.7676325,-1.0,2,-1,0,0.9149955,1
100,26,1,0,0,-241.1513,514.2021,358.56754,0.027599964,-0.01704199,0.016230363,10.657153,10.619166,2,-1,0,0.94433933,1
100,12,1,0,0,-242.92804,13.188584,366.10904,-0.0035937538,0.01227598,-0.02051452,6.9466944,6.848889,2,-1,0,0.9690827,1
100,12,1,1,0,-242.92804,13.188584,366.10904,-0.0035937538,0.01227598,-0.02051452,9.796716,9.880278,2,17,1,0.9945643,1
100,28,1,0,0,-218.84431,498.54868,403.149,0.0041154735,0.013270119,0.0184208,8.456036,8.413333,2,-1,0,0.9964168,1
100,12,1,0,0,-242.92804,13.188584,366.10904,-0.0035937538,0.01227598,-0.02051452,5.939306,4.3047223,2,-1,0,0.98635346,1
100,13,1,1,0,-247.57864,-599.7068,220.66985,-0.0005833535,-0.009907828,-0.014302808,3.6668055,3.6755555,2,18,1,0.98143554,1
100,30,1,1,0,250.32277,242.8683,223.5048,-0.00017386487,-0.012629914,-0.007425817,13.510388,13.444445,2,19,1,0.9991726,1
100,2,1,1,0,-261.08447,80.62682,353.7759,-0.0014498754,0.010634533,-0.027006,30.494865,30.548056,2,20,1,0.96124035,1
100,33,1,1,0,258.3972,-255.72614,318.22626,-0.0066515408,0.0041405186,-0.002861603,8.315868,8.455556,2,21,1,0.9861427,1
100,22,1,1,0,-269.73926,-244.80754,422.95804,0.006620504,-0.020970533,-0.0062201344,19.90225,19.603611,2,22,1,0.98406595,1
100,22,1,0,0,-269.73926,-244.80754,422.95804,0.006620504,-0.020970533,-0.0062201344,3.9315696,4.0119443,2,-1,0,0.90277773,1
100,31,1,0,0,-293.4082,264.15106,134.53003,0.014975077,0.019276887,-0.01803782,4.672535,4.7066665,2,-1,0,0.9883321,1
100,31,1,1,0,-293.4082,264.15106,134.53003,0.014975077,0.019276887,-0.01803782,23.205486,23.088333,2,23,1,0.98555374,1
100,38,1,1,0,-302.2065,-316.24075,253.86768,0.013841412,-0.003985387,-0.017914077,21.863853,22.021389,2,24,1,0.98946536,1
100,29,1,1,0,302.9896,23.99969,114.60166,0.005828827,-0.011285217,0.0006025133,10.394515,7.820833,2,25,1,0.95228404,1
100,35,1,1,0,-309.09982,-203.91136,274.63498,-0.0029946219,0.013839109,-0.011510517,10.548638,10.724167,2,26,1,0.98120385,1
100,11,1,1,0,-320.15518,299.34918,286.2805,-0.019964106,0.0040767924,-0.008294087,9.824638,8.372778,2,27,1,0.9740778,1
100,11,1,0,0,-320.15518,299.34918,286.2805,-0.019964106,0.0040767924,-0.008294087,7.241285,7.215,2,-1,0,0.8827941,1
100,20,1,1,0,-324.8818,-99.06378,248.29326,0.011227613,0.0060211085,-0.0011668456,6.7685556,6.7155557,2,28,1,0.99380547,1
100,20,1,0,0,-324.8818,-99.06378,248.29326,0.011227613,0.0060211085,-0.0011668456,4.445271,4.4475,2,-1,0,0.945622,1
100,4,1,1,0,-324.90994,487.5143,118.377716,0.0002276614,-0.020103699,-0.0012867505,16.516117,16.336111,2,29,1,0.99263906,1
100,15,1,0,0,339.06845,-554.4277,77.982346,-0.016213033,-0.008988279,0.0095766345,3.8864026,3.9652777,2,-1,0,0.9325464,1
100,9,1,0,0,-344.98425,-57.4169,57.867935,0.024263252,-0.008961361,0.024679543,3.5980484,3.6616666,2,-1,0,0.9733017,1
100,11,1,0,0,-320.15518,299.34918,286.2805,-0.019964106,0.0040767924,-0.008294087,5.2901325,5.207222,2,-1,0,0.9911329,1
100,15,1,1,0,339.06845,-554.4277,77.982346,-0.016213033,-0.008988279,0.0095766345,15.38641,15.751667,2,30,1,0.98110825,1
100,25,1,1,0,-336.37616,119.892494,128.05919,-0.0211682,-0.0067323362,0.004852212,17.304138,17.263334,2,31,1,0.99885607,1
100,5,1,1,0,337.73343,577.4976,454.41885,0.0013992877,-0.021960868,0.020048691,23.858562,23.852222,2,32,1,0.9998702,1
100,16,1,0,0,-352.8628,551.24097,376.32202,-0.029626504,0.003744418,-0.017074693,3.4871252,3.448611,2,-1,0,0.8902268,1
100,9,1,1,0,-344.98425,-57.4169,57.867935,0.024263252,-0.008961361,0.024679543,27.94632,27.831667,2,33,1,0.9950462,1
100,17,1,1,0,-343.84534,-302.3282,274.87698,-0.0033104175,-0.022324225,-0.012597898,24.566896,24.931944,2,34,1,0.98568195,1
100,16,1,1,0,-352.8628,551.24097,376.32202,-0.029626504,0.003744418,-0.017074693,21.900612,19.85389,2,35,1,0.97937405,1
100,28,0,0,0,0.0,0.0,0.0,0.0,0.0,0.0,2.7064307,2.653889,2,-1,0,0.54056126,1
100,37,1,1,0,358.36682,-511.591,331.67633,0.00042442975,0.006621453,-0.0060496633,7.494868,7.502222,2,36,1,0.98803335,1
100,10,1,1,0,379.86197,425.46832,305.99997,-0.007568948,4.520308e-05,0.006237397,6.574173,6.5241666,2,37,1,0.9729425,1
100,16,1,0,0,-352.8628,551.24097,376.32202,-0.029626504,0.003744418,-0.017074693,5.734146,5.8430557,2,-1,0,0.9881941,1
101,33,1,1,0,8.4312725,434.91794,13.802194,-0.004527703,-0.020675154,-0.0066390974,24.985237,25.18111,2,0,1,0.9998443,1
101,20,1,1,0,-16.01892,428.2309,289.41556,0.023013085,0.005687335,-0.008704122,22.876049,22.567223,2,1,1,0.999961,1
101,34,1,1,0,-10.190433,-364.92957,172.03139,-0.014218052,-0.032022137,-0.0070530316,34.53905,12.653889,2,2,1,0.9973941,1
101,22,1,1,0,-11.086825,-289.6257,53.530926,-0.01157623,-0.0020846466,0.0007860163,11.189242,11.139444,2,3,1,0.9763714,1
101,8,1,1,0,26.763107,181.33037,356.80634,0.025763366,-0.022918096,0.014095914,30.544182,27.436388,2,4,1,0.996101,1
101,19,1,0,0,107.49949,123.875656,65.20548,-0.018322738,-0.0035973084,0.015128557,5.5755277,5.5088887,2,-1,0,0.9927971,1
101,8,1,0,0,26.763107,181.33037,356.80634,0.025763366,-0.022918096,0.014095914,3.3438334,3.4019444,2,-1,0,0.55966836,1
101,2,1,1,0,37.167866,-332.92963,260.61777,-0.0025036,-0.001846689,0.00653958,7.913278,8.030833,2,5,1,0.97744954,1
101,18,1,0,0,-77.7152,276.0555,215.8501,0.021007014,-0.0045709466,0.0008419485,3.5397775,3.4844444,2,-1,0,0.96171486,1
101,18,1,0,0,-77.7152,276.0555,215.8501,0.021007014,-0.0045709466,0.0008419485,6.1201944,6.141389,2,-1,0,0.9873683,1
101,14,1,1,0,55.450344,44.727314,158.08037,-0.00076955516,-0.019481614,0.004559677,24.689425,24.770277,2,6,1,0.99927646,1
101,9,1,0,0,70.52596,513.23615,315.35364,-0.013952113,-0.016010597,-0.019366924,11.108305,11.288055,2,-1,0,0.99429095,1
101,9,1,1,0,70.52596,513.23615,315.35364,-0.013952113,-0.016010597,-0.019366924,16.167402,16.205,2,7,1,0.99123293,1
101,9,1,0,0,70.52596,513.23615,315.35364,-0.013952113,-0.016010597,-0.019366924,5.7567296,5.810278,2,-1,0,0.9814352,1
101,13,1,1,0,71.2807,97.30448,297.90366,-0.0066015176,0.027707627,-0.008150574,25.956875,25.890278,2,8,1,0.99889636,1
101,18,1,1,0,-77.7152,276.0555,215.8501,0.021007014,-0.0045709466,0.0008419485,11.05875,10.953611,2,9,1,0.97937036,1
101,13,1,0,0,71.2807,97.30448,297.90366,-0.0066015176,0.027707627,-0.008150574,5.2948265,5.404444,2,-1,0,0.94747305,1
101,13,1,0,0,71.2807,97.30448,297.90366,-0.0066015176,0.027707627,-0.008150574,7.197514,7.0505557,2,-1,0,0.9864002,1
101,15,1,0,0,119.20266,-382.96564,354.00095,0.029102698,-0.021533906,-0.015992632,4.239792,4.1369443,2,-1,0,0.8356046,1
101,12,1,1,0,103.21207,126.602974,378.56186,-0.018249175,0.026860408,0.017512454,36.574505,36.039444,2,10,1,0.9944816,1
101,19,1,1,0,107.49949,123.875656,65.20548,-0.018322738,-0.0035973084,0.015128557,18.027334,17.921389,2,11,1,0.9991375,1
101,35,1,1,0,106.034355,-298.2996,431.1458,-0.0019845036,-0.0228766,0.033762958,37.754654,35.651943,2,12,1,0.9514351,1
101,35,1,0,0,106.034355,-298.2996,431.1458,-0.0019845036,-0.0228766,0.033762958,5.5831666,5.581111,2,-1,0,0.98102474,1
101,1,1,0,0,115.400116,58.322212,119.54265,-0.002444591,-0.015699381,-0.030997243,10.532417,10.726111,2,-1,0,0.98940724,1
101,1,1,1,0,115.400116,58.322212,119.54265,-0.002444591,-0.015699381,-0.030997243,21.166353,21.198889,2,13,1,0.9999145,1
101,23,1,1,0,-112.229126,-448.92902,139.3793,-0.0069512986,-0.025342911,-0.0045785285,24.661432,22.445833,2,14,1,0.9635383,1
101,1,1,0,0,115.400116,58.322212,119.54265,-0.002444591,-0.015699381,-0.030997243,7.3792987,7.358889,2,-1,0,0.99380326,1
101,1,1,0,0,115.400116,58.322212,119.54265,-0.002444591,-0.015699381,-0.030997243,3.8716943,3.8930554,2,-1,0,0.9730968,1
101,25,1,1,0,-138.58684,-434.74252,167.54507,0.00058320386,0.00634498,-0.017426044,18.342667,18.2725,2,15,1,0.98494714,1
101,15,1,1,0,137.2767,-405.71136,303.931,0.029102698,-0.021533906,-0.015992632,34.420288,33.061943,2,16,1,0.99356693,1
101,15,1,0,0,137.2767,-405.71136,303.931,0.029102698,-0.021533906,-0.015992632,6.8149858,6.896111,2,-1,0,0.9919355,1
101,18,1,0,0,-77.7152,276.0555,215.8501,0.021007014,-0.0045709466,0.0008419485,4.687222,4.57,2,-1,0,0.9350754,1
101,3,1,0,0,166.2134,-292.1487,46.30499,-0.010206792,-0.01770443,-0.031391874,11.454264,11.175,2,-1,0,0.9927947,1
101,3,1,1,0,166.2134,-292.1487,46.30499,-0.010206792,-0.01770443,-0.031391874,28.188889,27.891388,2,17,1,0.99687755,1
101,26,1,1,0,172.35283,-548.2058,405.96664,-0.006745125,0.019504622,-0.014273608,24.621992,24.59361,2,18,1,0.9951484,1
101,28,1,1,0,176.2068,263.4284,381.6008,0.011989272,0.0013517869,-0.009905134,18.560202,12.367778,2,19,1,0.9994357,1
101,30,1,0,0,-216.06836,-583.8267,64.14882,0.01731357,0.023160886,-0.0061857793,4.3687015,4.404722,2,-1,0,0.9853566,1
101,29,1,1,0,192.05255,-317.5105,179.73062,0.016017476,-0.00978546,-0.022111038,27.839714,27.884167,2,20,1,0.9985898,1
101,10,0,0,0,0.0,0.0,0.0,0.0,0.0,0.0,14.618417,-1.0,2,-1,0,0.9951488,1
101,10,1,1,0,-198.55379,-7.2212677,123.90504,-0.011271249,0.03698363,0.0025334011,11.947048,11.929444,2,21,1,0.9939031,1
101,10,1,0,0,-198.55379,-7.2212677,123.90504,-0.011271249,0.03698363,0.0025334011,4.133,4.163611,2,-1,0,0.98623276,1
101,17,0,0,0,0.0,0.0,0.0,0.0,0.0,0.0,6.518444,-1.0,2,-1,0,0.96473473,1
101,17,0,0,0,0.0,0.0,0.0,0.0,0.0,0.0,4.0974307,-1.0,2,-1,0,0.96742356,1
101,30,1,1,0,-216.06836,-583.8267,64.14882,0.01731357,0.023160886,-0.0061857793,24.404678,24.670834,2,22,1,0.9567841,1
101,4,1,1,0,-198.00536,224.69685,131.95255,-0.032335825,-0.014245876,-0.03417293,28.327908,28.618334,2,23,1,0.92312825,1
101,4,1,0,0,-198.00536,224.69685,131.95255,-0.032335825,-0.014245876,-0.03417293,5.9220414,5.931667,2,-1,0,0.96821916,1
101,39,1,1,0,217.82956,-182.15724,29.284586,-0.0034148814,-0.0018332169,0.020762902,13.814382,13.727222,2,24,1,0.9739446,1
101,39,1,0,0,217.82956,-182.15724,29.284586,-0.0034148814,-0.0018332169,0.020762902,9.182764,7.5266666,2,-1,0,0.98070955,1
101,21,1,1,0,-221.27477,-335.2787,435.6803,-0.0071517844,-0.0131370975,0.011718897,15.444861,15.118333,2,25,1,0.98182553,1
101,21,1,0,0,-221.27477,-335.2787,435.6803,-0.0071517844,-0.0131370975,0.011718897,4.5339026,1.7941667,2,-1,0,0.99538946,1
101,7,1,1,0,-232.02518,-70.134544,400.74533,0.013495837,0.02028997,0.010765319,20.170069,20.093334,2,26,1,0.9975783,1
101,36,1,0,0,-302.34357,-323.8557,401.42255,0.04346303,-0.027132098,0.0023847104,4.8251524,4.9477777,2,-1,0,0.97566366,1
101,5,1,1,0,-277.04092,-196.1451,52.128536,-0.0049433843,0.00609445,0.0036247643,5.5012155,5.3930554,2,27,1,0.98795795,1
101,40,1,1,0,287.04617,-345.35092,152.2707,0.011426532,-0.019455723,0.0032664293,13.941957,14.103611,2,28,1,0.99281913,1
101,36,1,1,0,-302.34357,-323.8557,401.42255,0.04346303,-0.027132098,0.0023847104,13.82499,25.9275,2,29,1,0.9966467,1
101,36,1,0,0,-302.34357,-323.8557,401.42255,0.04346303,-0.027132098,0.0023847104,18.651623,19.000555,2,-1,0,0.9987783,1
101,32,1,1,0,292.1876,-481.5797,241.45435,-0.0019057391,0.002837752,-0.0029947197,3.7059374,3.7580554,2,30,1,0.50872123,1
101,40,1,0,0,287.04617,-345.35092,152.2707,0.011426532,-0.019455723,0.0032664293,8.470827,8.525556,2,-1,0,0.9715713,1
101,37,1,1,0,301.13797,225.73412,321.71237,-0.00615077,-0.012689063,0.017996345,10.146105,10.202222,2,31,1,0.9768571,1
101,37,1,0,0,301.13797,225.73412,321.71237,-0.00615077,-0.012689063,0.017996345,3.2906392,3.2658334,2,-1,0,0.89908427,1
101,24,1,1,0,-314.64536,-271.56027,209.95273,0.033123296,-0.027013898,-0.021899775,28.596094,43.490555,2,32,1,0.98589015,1
101,37,1,0,0,301.13797,225.73412,321.71237,-0.00615077,-0.012689063,0.017996345,6.1213336,5.9730554,2,-1,0,0.97039133,1
101,38,0,0,0,0.0,0.0,0.0,0.0,0.0,0.0,15.847124,-1.0,2,-1,0,0.99714667,1
101,38,0,0,0,0.0,0.0,0.0,0.0,0.0,0.0,3.2405694,-1.0,2,-1,0,0.931275,1
101,27,0,0,0,0.0,0.0,0.0,0.0,0.0,0.0,10.369757,-1.0,2,-1,0,0.9800801,1
101,37,1,0,0,301.13797,225.73412,321.71237,-0.00615077,-0.012689063,0.017996345,5.005451,5.0569444,2,-1,0,0.99660003,1
101,16,1,1,0,-345.6407,92.66449,164.87973,0.023633532,-0.0016760088,0.008315794,13.853125,13.803889,2,33,1,0.99640805,1
101,31,1,0,0,341.441,375.2615,188.18726,-0.00038804338,0.007331879,0.01969957,3.9029167,3.9508333,2,-1,0,0.98693484,1
101,31,1,0,0,341.441,375.2615,188.18726,-0.00038804338,0.007331879,0.01969957,7.4502153,7.465833,2,-1,0,0.99578035,1
101,31,1,1,0,341.441,375.2615,188.18726,-0.00038804338,0.007331879,0.01969957,9.430473,9.497222,2,34,1,0.9841045,1
101,16,1,0,0,-345.6407,92.66449,164.87973,0.023633532,-0.0016760088,0.008315794,7.6315002,7.632222,2,-1,0,0.94688964,1
101,4,1,0,0,-198.00536,224.69685,131.95255,-0.032335825,-0.014245876,-0.03417293,8.175,8.185,2,-1,0,0.9784331,1
101,11,1,1,0,-362.50082,-349.3154,449.1446,0.034900047,0.023645082,-0.0207247,33.06101,32.843056,2,35,1,0.9985404,1
101,11,1,0,0,-362.50082,-349.3154,449.1446,0.034900047,0.023645082,-0.0207247,12.913305,12.859167,2,-1,0,0.9642161,1
101,6,1,1,0,-357.24637,-139.20248,258.72055,-0.0051790066,0.022610184,-0.013234382,19.877666,19.823889,2,36,1,0.9660528,1
101,6,1,0,0,-357.24637,-139.20248,258.72055,-0.0051790066,0.022610184,-0.013234382,3.8385763,3.7858334,2,-1,0,0.9596337,1
101,37,0,0,0,0.0,0.0,0.0,0.0,0.0,0.0,2.865,2.7997222,2,-1,0,0.504035,1
102,9,1,1,0,4.8731775,85.71159,252.92184,0.012033262,-0.0054673473,0.028184075,33.612854,33.614723,2,0,1,1.0,1
102,26,1,0,0,26.595947,-384.86047,314.6632,0.005735583,-0.0075943344,-0.007053551,7.2675767,7.0877776,2,-1,0,0.9548476,1
102,18,1,1,0,-25.198189,427.77255,101.52467,-0.02245038,0.016625514,0.004253137,32.306164,35.69389,2,1,1,0.99899286,1
102,13,1,1,0,25.308962,593.7557,50.50447,-0.0063505247,0.005965751,0.005363089,12.988611,13.131389,2,2,1,0.9992188,1
102,26,1,1,0,26.595947,-384.86047,314.6632,0.005735583,-0.0075943344,-0.007053551,9.88693,6.586389,2,3,1,0.9999701,1
102,40,1,1,0,-42.025578,58.053574,50.334003,0.010595804,-0.00657656,0.0006076689,7.454514,7.0111113,2,4,1,0.99984217,1
102,40,1,0,0,-42.025578,58.053574,50.334003,0.010595804,-0.00657656,0.0006076689,4.029389,3.983611,2,-1,0,0.9749323,1
102,40,1,0,0,-42.025578,58.053574,50.334003,0.010595804,-0.00657656,0.0006076689,6.222319,6.1552777,2,-1,0,0.95392585,1
102,30,1,1,0,60.364693,-353.93167,46.301907,-0.028502453,-0.022857944,-0.018846745,41.18751,41.41528,2,5,1,0.9951004,1
102,6,1,0,0,84.934875,-156.59499,101.366486,0.02225906,-0.031151745,0.016562302,5.2242565,5.1280556,2,-1,0,0.9937213,1
102,12,0,0,0,0.0,0.0,0.0,0.0,0.0,0.0,3.6301665,3.6597223,2,-1,0,0.977765,1
102,17,1,0,0,-66.2876,103.53624,290.15704,-0.021921666,0.023002211,-0.0014253833,10.056021,3.6077778,2,-1,0,0.9929012,1
102,17,1,1,0,-66.2876,103.53624,290.15704,-0.021921666,0.023002211,-0.0014253833,24.717361,24.908333,2,6,1,0.9865013,1
102,12,1,0,0,-81.32101,422.2885,344.70392,0.004741725,0.015952362,-0.047640923,11.196604,11.216945,2,-1,0,0.98865277,1
102,15,1,1,0,-75.51399,-409.12906,454.6824,0.0075981226,-0.02268863,-0.0067930697,29.161709,28.698334,2,7,1,0.9872473,1
102,29,1,1,0,-75.49052,188.70659,345.21414,-0.032017134,0.015150115,0.007438823,38.788517,35.76278,2,8,1,0.99854726,1
102,12,1,0,0,-81.32101,422.2885,344.70392,0.004741725,0.015952362,-0.047640923,4.6020207,4.6338887,2,-1,0,0.8911589,1
102,12,1,1,0,-81.32101,422.2885,344.70392,0.004741725,0.015952362,-0.047640923,44.57862,44.607777,2,9,1,0.9947379,1
102,5,1,1,0,80.959305,-47.0665,169.72987,-0.0013784014,0.022700226,-0.005983704,27.170464,27.255833,2,10,1,0.99961936,1
102,29,1,0,0,-75.49052,188.70659,345.21414,-0.032017134,0.015150115,0.007438823,4.360854,4.3275,2,-1,0,0.9628639,1
102,5,1,0,0,80.959305,-47.0665,169.72987,-0.0013784014,0.022700226,-0.005983704,4.352271,4.312222,2,-1,0,0.9416568,1
102,6,1,1,0,84.934875,-156.59499,101.366486,0.02225906,-0.031151745,0.016562302,37.847786,34.255554,2,11,1,0.99916965,1
102,6,1,0,0,84.934875,-156.59499,101.366486,0.02225906,-0.031151745,0.016562302,5.58557,5.55,2,-1,0,0.99104255,1
102,6,1,0,0,84.934875,-156.59499,101.366486,0.02225906,-0.031151745,0.016562302,5.155958,5.08,2,-1,0,0.9846351,1
102,19,1,0,0,-94.38692,258.32144,513.75995,0.007916674,0.00034458298,-0.0031901826,4.6510487,4.7075,2,-1,0,0.9641617,1
102,10,1,1,0,128.94415,232.0865,352.5864,0.002891258,0.00328227,0.013482152,16.67709,14.943889,2,12,1,0.9962057,1
102,24,1,1,0,135.58733,315.00943,294.29672,0.01356087,-0.0042339,-0.015633183,15.714042,15.588333,2,13,1,0.99439347,1
102,24,1,0,0,135.58733,315.00943,294.29672,0.01356087,-0.0042339,-0.015633183,4.87325,4.799722,2,-1,0,0.9711576,1
102,4,1,1,0,-149.9539,-489.50146,450.87903,0.0045620017,-0.010798079,-0.02563963,15.950389,16.040833,2,14,1,0.92890835,1
102,4,1,0,0,-149.9539,-489.50146,450.87903,0.0045620017,-0.010798079,-0.02563963,5.1787987,5.0658336,2,-1,0,0.97194874,1
102,11,1,1,0,-160.58911,134.64244,449.567,0.0027853283,-0.015660493,0.007628879,13.108832,13.153334,2,15,1,0.99883646,1
102,8,1,1,0,189.684,26.132694,269.3654,-0.012514805,0.0057966905,0.0073875543,15.100445,14.979722,2,16,1,0.9913664,1
102,1,0,0,0,0.0,0.0,0.0,0.0,0.0,0.0,20.652613,-1.0,2,-1,0,0.9999807,1
102,16,1,1,0,199.74513,52.15078,245.0745,0.012613627,-0.0044757673,0.0023208766,9.999971,9.996667,2,17,1,0.9969041,1
102,31,1,1,0,-204.41748,-570.28094,211.16226,0.0102468645,0.008911593,0.0011750748,13.974943,14.073334,2,18,1,0.9671756,1
102,19,1,1,0,201.11621,301.41913,292.54092,0.007916674,0.00034458298,-0.0031901826,9.354167,9.1027775,2,19,1,0.9652625,1
102,37,1,1,0,212.92267,-521.13715,333.0552,0.004252304,0.0031223262,-0.028685724,18.06677,15.37,2,20,1,0.9963491,1
102,37,1,0,0,212.92267,-521.13715,333.0552,0.004252304,0.0031223262,-0.028685724,9.048382,8.994166,2,-1,0,0.97651255,1
102,20,1,1,0,-225.18256,-518.61505,438.84338,-0.021497946,-0.024001868,0.004237691,34.514168,34.823334,2,21,1,0.9999509,1
102,38,1,0,0,-232.94266,-451.107,132.27008,-0.028635127,-0.010642288,-0.0015504061,3.9446805,3.9866667,2,-1,0,0.9714329,1
102,38,1,0,0,-232.94266,-451.107,132.27008,-0.028635127,-0.010642288,-0.0015504061,6.4960904,6.4463887,2,-1,0,0.941008,1
102,3,1,0,0,-250.31064,-535.28143,338.00644,0.024226485,-0.0076030702,-0.0077153496,3.6248403,3.5755556,2,-1,0,0.95949614,1
102,7,1,0,0,245.8892,-524.0647,128.50217,0.0009873168,-0.015091172,0.00581087,4.7517085,4.571111,2,-1,0,0.9738202,1
102,3,1,1,0,-250.31064,-535.28143,338.00644,0.024226485,-0.0076030702,-0.0077153496,26.516085,26.48639,2,22,1,0.99985504,1
102,7,1,1,0,245.8892,-524.0647,128.50217,0.0009873168,-0.015091172,0.00581087,17.703375,13.360556,2,23,1,0.99093574,1
102,21,1,1,0,-249.87817,125.966255,2.1521523,0.01051918,-0.02004226,-0.0030585066,14.744687,14.817223,2,24,1,0.94767064,1
102,38,1,1,0,-232.94266,-451.107,132.27008,-0.028635127,-0.010642288,-0.0015504061,20.003271,20.374166,2,25,1,0.9865452,1
102,28,1,1,0,-268.05432,-433.24,277.16962,-0.0051985118,-0.005302728,0.005780556,12.580556,3.4294446,2,26,1,0.9884441,1
102,14,1,1,0,269.16208,483.32773,210.57274,0.0007805565,-0.036946,-0.0021292006,29.895952,29.956667,2,27,1,0.99738556,1
102,32,1,1,0,-269.0374,-535.1914,126.18008,-0.0030105568,0.003757792,-0.016851835,16.229778,16.139166,2,28,1,0.99869484,1
102,33,0,0,0,0.0,0.0,0.0,0.0,0.0,0.0,8.618806,-1.0,2,-1,0,0.95891833,1
102,36,1,1,0,-291.5523,537.2028,443.2611,0.0047674165,0.005404651,0.014127324,10.093451,10.091666,2,29,1,0.9737954,1
102,40,0,0,0,0.0,0.0,0.0,0.0,0.0,0.0,2.705007,-1.0,2,-1,0,0.6377218,1
102,14,0,0,0,0.0,0.0,0.0,0.0,0.0,0.0,2.951486,2.8255556,2,-1,0,0.79844254,1
102,22,1,1,0,-301.5147,379.09018,280.82043,0.009908466,-0.03121946,-0.013649109,22.848139,22.804445,2,30,1,0.9697647,1
102,23,1,1,0,-310.08023,110.69774,186.07607,-0.00065474294,-0.020362686,-0.0054054293,22.33078,21.9575,2,31,1,0.98689085,1
102,34,1,1,0,309.48364,326.1215,191.38635,0.001580988,-0.0040546497,-0.0037426539,5.042611,5.125278,2,32,1,0.9929778,1
102,2,1,1,0,-314.2311,399.1155,203.47038,-0.00697475,0.017333623,-0.0092303455,12.0882435,7.923611,2,33,1,0.98975277,1
102,2,1,0,0,-314.2311,399.1155,203.47038,-0.00697475,0.017333623,-0.0092303455,6.513202,6.643889,2,-1,0,0.97583836,1
102,39,1,1,0,337.68256,-37.02928,50.939842,-0.016450245,0.01374939,0.0073774713,17.280167,17.375834,2,34,1,0.98928684,1
102,39,1,0,0,337.68256,-37.02928,50.939842,-0.016450245,0.01374939,0.0073774713,4.4330554,4.4322224,2,-1,0,0.9942986,1
102,27,1,1,0,343.2089,24.842216,387.8646,0.022495613,0.009121022,0.013417551,20.05905,17.623611,2,35,1,0.9833409,1
102,35,1,1,0,346.12253,-472.7108,190.42506,0.0032297133,-0.008542454,-0.007945272,10.099986,9.970834,2,36,1,0.9836617,1
102,25,1,1,0,352.52008,591.185,283.5195,-0.0024418985,0.013422085,0.00968837,5.1572495,5.1169443,2,37,1,0.9936342,1
103,17,1,1,0,17.615221,338.98892,294.9169,0.0019582761,-0.0059385905,-0.0037695104,8.372611,8.4372225,2,0,1,0.9960899,1
103,10,1,0,0,-55.195858,-431.929,311.76,0.00836792,0.014945779,0.01018158,7.466361,7.4341664,2,-1,0,0.9979138,1
103,15,1,1,0,39.93484,392.0129,300.0909,0.0049749725,-0.01261193,-0.00020660624,12.557105,12.442778,2,1,1,0.99456215,1
103,15,1,0,0,39.93484,392.0129,300.0909,0.0049749725,-0.01261193,-0.00020660624,7.3792496,7.422222,2,-1,0,0.998314,1
103,10,1,1,0,-55.195858,-431.929,311.76,0.00836792,0.014945779,0.01018158,12.900271,10.926945,2,2,1,0.99697304,1
103,28,1,1,0,-56.52594,499.1489,81.44851,0.010534414,0.01765308,-0.0070933322,21.71161,20.615278,2,3,1,0.9973627,1
103,9,1,1,0,-59.36794,-278.3627,9.188134,-0.019029932,-0.0074577155,-0.0129488455,15.82434,15.541111,2,4,1,0.991372,1
103,9,1,0,0,-59.36794,-278.3627,9.188134,-0.019029932,-0.0074577155,-0.0129488455,3.7564166,3.8683333,2,-1,0,0.9718374,1
103,9,1,0,0,-59.36794,-278.3627,9.188134,-0.019029932,-0.0074577155,-0.0129488455,6.26509,6.397222,2,-1,0,0.9897266,1
103,8,1,1,0,88.09211,-189.75168,16.152626,-0.0064463485,-0.0047836513,-0.015246465,10.632001,10.580277,2,5,1,0.9794245,1
103,8,1,0,0,88.09211,-189.75168,16.152626,-0.0064463485,-0.0047836513,-0.015246465,7.7955556,7.9641666,2,-1,0,0.9777371,1
103,27,1,1,0,108.56584,-130.81064,32.1769,0.0074976096,0.005987502,0.017840076,17.799068,17.876944,2,6,1,0.99113834,1
103,6,1,1,0,-111.75338,-298.1822,258.6305,0.011835009,-0.00742986,0.0010614541,11.819751,11.861667,2,7,1,0.9798534,1
103,6,1,0,0,-111.75338,-298.1822,258.6305,0.011835009,-0.00742986,0.0010614541,3.7234304,3.7225,2,-1,0,0.96876144,1
103,7,1,0,0,132.55508,-11.07016,160.22456,-0.009413964,0.030755559,-0.028803267,11.813854,11.878333,2,-1,0,0.96669376,1
103,40,1,0,0,-108.051285,-359.87424,53.67289,0.000443584,-0.01133268,-0.009130464,3.0841112,3.172778,2,-1,0,0.5075254,1
103,7,1,1,0,132.55508,-11.07016,160.22456,-0.009413964,0.030755559,-0.028803267,17.19891,16.912777,2,8,1,0.9887582,1
103,40,1,1,0,-130.41563,-358.22284,41.232643,0.000443584,-0.01133268,-0.009130464,15.800694,15.746111,2,9,1,0.9981857,1
103,7,0,0,0,0.0,0.0,0.0,0.0,0.0,0.0,18.77018,-1.0,2,-1,0,0.993513,1
103,36,1,1,0,-142.06229,-362.19476,432.55917,-0.02714864,-0.012746894,-0.0102610495,17.438263,17.507223,2,10,1,0.99527395,1
103,36,1,0,0,-142.06229,-362.19476,432.55917,-0.02714864,-0.012746894,-0.0102610495,17.34066,17.418612,2,-1,0,0.91563797,1
103,35,1,1,0,148.27083,-298.30106,358.6116,-0.0004067101,-0.0287871,0.010706353,22.106821,21.672222,2,11,1,0.9984762,1
103,35,1,0,0,148.27083,-298.30106,358.6116,-0.0004067101,-0.0287871,0.010706353,9.394744,9.413889,2,-1,0,0.9899907,1
103,24,1,1,0,-161.29807,171.2119,125.62601,0.006199064,0.0034489825,-0.0065937922,9.870339,9.853333,2,12,1,0.9929093,1
103,13,1,0,0,-175.17336,579.11615,281.34045,0.013326742,-0.012498731,-0.021996833,5.6743054,5.5544443,2,-1,0,0.9832892,1
103,13,1,1,0,-175.17336,579.11615,281.34045,0.013326742,-0.012498731,-0.021996833,25.07757,24.756111,2,13,1,0.9972787,1
103,22,1,0,0,-196.35202,359.78687,118.78896,0.016584225,0.018854676,-0.029548766,10.703486,10.6075,2,-1,0,0.99542445,1
103,26,0,0,0,0.0,0.0,0.0,0.0,0.0,0.0,7.4135766,-1.0,2,-1,0,0.9882309,1
103,22,1,0,0,-196.35202,359.78687,118.78896,0.016584225,0.018854676,-0.029548766,9.343521,9.3575,2,-1,0,0.9858556,1
103,22,1,1,0,-196.35202,359.78687,118.78896,0.016584225,0.018854676,-0.029548766,18.842506,18.828888,2,14,1,0.95710444,1
103,1,1,0,0,207.99504,301.9833,25.854673,-0.008574675,0.010232028,-0.007178966,7.0263753,7.046389,2,-1,0,0.99535567,1
103,1,1,1,0,207.99504,301.9833,25.854673,-0.008574675,0.010232028,-0.007178966,7.9194174,7.8630557,2,15,1,0.98747545,1
103,20,1,1,0,-210.0812,-173.38237,269.2294,-0.017720066,0.0071147014,0.00553757,16.764132,16.685,2,16,1,0.99919575,1
103,1,1,0,0,207.99504,301.9833,25.854673,-0.008574675,0.010232028,-0.007178966,3.5496597,3.5383334,2,-1,0,0.9562279,1
103,20,1,0,0,-210.0812,-173.38237,269.2294,-0.017720066,0.0071147014,0.00553757,3.8593194,3.81,2,-1,0,0.96419626,1
103,32,1,1,0,218.8741,574.43445,31.502604,-0.011824908,0.017753623,0.0049025198,22.519201,22.397223,2,17,1,0.9978829,1
103,3,1,0,0,-238.60474,292.32196,341.16934,0.040756427,-0.022567827,0.02277399,6.629028,6.687778,2,-1,0,0.98868215,1
103,11,1,1,0,217.23561,336.83072,72.64455,0.0174297,0.009982408,0.0009958233,17.193735,17.306667,2,18,1,0.88091195,1
103,26,0,0,0,0.0,0.0,0.0,0.0,0.0,0.0,4.332972,-1.0,2,-1,0,0.9605038,1
103,14,1,1,0,-222.39189,-52.956825,337.697,-0.0029046482,-0.0038363812,0.009994066,9.731367,9.911389,2,19,1,0.99916136,1
103,3,1,0,0,-238.60474,292.32196,341.16934,0.040756427,-0.022567827,0.02277399,3.4139724,3.3283334,2,-1,0,0.93248606,1
103,33,1,1,0,-234.90826,14.01752,295.6629,0.011000673,-0.0022230407,0.021852475,26.219889,26.156944,2,20,1,0.99955624,1
103,14,1,0,0,-222.39189,-52.956825,337.697,-0.0029046482,-0.0038363812,0.009994066,6.3979797,6.316389,2,-1,0,0.9641554,1
103,3,1,1,0,-238.60474,292.32196,341.16934,0.040756427,-0.022567827,0.02277399,23.858425,23.9175,2,21,1,0.98037845,1
103,3,1,0,0,-238.60474,292.32196,341.16934,0.040756427,-0.022567827,0.02277399,12.075542,11.935278,2,-1,0,0.9910092,1
103,3,1,0,0,-238.60474,292.32196,341.16934,0.040756427,-0.022567827,0.02277399,7.396722,7.526389,2,-1,0,0.9871495,1
103,4,1,1,0,-243.22142,-507.99612,380.99985,-0.00734557,-0.00757916,0.011361307,14.522466,14.4597225,2,-1,1,0.9984175,1
103,39,1,1,0,-263.09033,251.39032,449.9499,0.031378776,0.016799362,-0.007850576,17.22089,17.236944,2,22,1,0.9286393,1
103,34,1,1,0,253.49948,120.99755,330.38028,-0.0077576214,-0.011024555,0.006580262,12.945341,12.867778,2,23,1,0.62106115,1
103,26,0,0,0,0.0,0.0,0.0,0.0,0.0,0.0,30.316736,-1.0,2,-1,0,0.9903239,1
103,39,1,0,0,-263.09033,251.39032,449.9499,0.031378776,0.016799362,-0.007850576,14.697541,14.58,2,-1,0,0.9999883,1
103,26,0,0,0,0.0,0.0,0.0,0.0,0.0,0.0,34.052876,-1.0,2,-1,0,0.99931073,1
103,18,1,1,0,268.3238,285.52563,100.416824,0.0008352866,0.0011961875,0.0048059435,4.2728195,4.3297224,2,24,1,0.98719037,1
103,29,1,1,0,-284.68802,252.76831,277.0435,-0.0138339205,-0.024051217,-0.018343015,27.222008,20.463612,2,25,1,0.99885523,1
103,5,1,1,0,287.04407,-537.34106,336.3082,0.00753264,0.010831107,0.014201694,16.49625,16.508612,2,26,1,0.9957004,1
103,29,1,0,0,-284.68802,252.76831,277.0435,-0.0138339205,-0.024051217,-0.018343015,6.496028,6.391111,2,-1,0,0.9830825,1
103,19,1,1,0,-296.43875,-3.6770144,237.5596,0.0120180985,-0.008345054,0.010211536,17.619404,17.497223,2,27,1,0.994588,1
103,37,1,1,0,295.3021,-231.21301,110.06215,-0.005503354,-0.009823208,-0.02046087,14.989222,14.7919445,2,28,1,0.9845279,1
103,37,1,0,0,295.3021,-231.21301,110.06215,-0.005503354,-0.009823208,-0.02046087,5.446979,5.4038887,2,-1,0,0.9859293,1
103,12,1,1,0,305.15698,-489.67877,128.41025,-0.016414057,-0.022264132,0.009297689,31.410898,31.537777,2,29,1,0.99058354,1
103,23,1,1,0,298.89743,548.37775,69.72204,0.030272178,-0.0015320487,0.016544392,25.491638,22.004723,2,30,1,0.99838114,1
103,26,0,0,0,0.0,0.0,0.0,0.0,0.0,0.0,2.8791525,2.7980556,2,-1,0,0.5069822,1
103,2,1,1,0,-309.824,55.56237,92.48364,-0.0072700693,-0.024091601,0.005032195,25.745495,21.4875,2,31,1,0.99763596,1
103,30,1,1,0,316.52426,-400.15308,114.51841,0.009676371,0.014488648,0.0009003795,19.237514,19.136667,2,32,1,0.95912987,1
103,31,1,1,0,-322.70572,573.82324,65.33426,-0.011817462,-0.00071120216,-0.0030713417,13.673583,6.921389,2,33,1,0.99527806,1
103,21,1,1,0,-326.27277,-165.86371,394.41666,-0.011695201,0.0014972524,0.036209032,29.327036,29.208889,2,34,1,0.99973935,1
103,21,1,0,0,-326.27277,-165.86371,394.41666,-0.011695201,0.0014972524,0.036209032,7.198798,7.2047224,2,-1,0,0.9895369,1
103,25,1,1,0,-336.04037,299.90207,305.36972,0.0071868994,0.000512292,-0.0038203127,7.9892917,7.9402776,2,35,1,0.98790854,1
103,16,1,1,0,-355.99753,389.05334,93.506294,0.040393274,0.022131689,-0.0124472175,24.882547,32.43861,2,36,1,0.9684203,1
103,23,1,0,0,298.89743,548.37775,69.72204,0.030272178,-0.0015320487,0.016544392,4.026167,4.07,2,-1,0,0.9747274,1
103,38,1,1,0,-353.929,-314.62885,55.85533,-0.023414511,-0.0056584845,-0.0058223954,22.977304,23.0625,2,37,1,0.98311555,1
104,39,1,0,0,21.63407,-61.244846,422.9079,-0.022943627,-0.0075215427,-0.0074113184,2.9459305,2.8197222,2,-1,0,0.8655649,1
104,39,1,1,0,21.63407,-61.244846,422.9079,-0.022943627,-0.0075215427,-0.0074113184,23.051966,23.136944,2,0,1,0.9954032,1
104,20,1,0,0,-55.56368,-179.06987,332.8124,0.029029517,0.020592894,-0.004844389,7.521535,7.4144444,2,-1,0,0.9854123,1
104,5,1,1,0,21.486088,-94.272354,216.52708,0.003923547,-0.025799843,-0.009190601,13.502014,10.821944,2,1,1,0.99142283,1
104,37,1,1,0,22.457499,-386.2582,75.83814,-0.0011640121,-0.0007882873,-0.007229085,6.722847,6.752222,2,2,1,0.9814587,1
104,5,1,0,0,21.486088,-94.272354,216.52708,0.003923547,-0.025799843,-0.009190601,4.4264445,2.2272222,2,-1,0,0.96917355,1
104,5,1,0,0,21.486088,-94.272354,216.52708,0.003923547,-0.025799843,-0.009190601,8.393466,8.373611,2,-1,0,0.99253315,1
104,5,1,0,0,21.486088,-94.272354,216.52708,0.003923547,-0.025799843,-0.009190601,6.4575553,6.3780556,2,-1,0,0.9911476,1
104,20,1,0,0,-55.56368,-179.06987,332.8124,0.029029517,0.020592894,-0.004844389,10.216056,10.469722,2,-1,0,0.82488996,1
104,20,1,1,0,-55.56368,-179.06987,332.8124,0.029029517,0.020592894,-0.004844389,19.88318,19.995832,2,3,1,0.99233186,1
104,40,1,1,0,-55.986973,-121.55039,453.0898,0.009890303,-0.0022904214,0.004876963,12.959465,12.978611,2,4,1,0.98364383,1
104,9,1,0,0,-67.79576,24.627073,271.40158,-0.014716588,-0.020991325,0.0084342705,14.855638,14.873333,2,-1,0,0.9950107,1
104,9,1,1,0,-67.79576,24.627073,271.40158,-0.014716588,-0.020991325,0.0084342705,17.981222,17.883055,2,5,1,0.99724257,1
104,2,1,1,0,-72.85623,-209.89417,387.74738,0.0055482117,0.0034041998,-0.006222155,11.066146,11.1038885,2,6,1,0.9748829,1
104,4,1,0,0,-103.66988,515.9071,10.531811,0.023031278,0.022968035,0.021620672,6.4798894,6.545,2,-1,0,0.9779457,1
104,25,1,1,0,86.13561,-540.7941,356.16818,0.010567597,0.016916947,-0.008421629,23.618137,23.630833,2,7,1,0.99783,1
104,11,1,1,0,94.04595,-451.2041,202.42815,-0.0064989342,-0.0057841153,-0.009454798,11.742257,11.553611,2,8,1,0.9954341,1
104,4,1,1,0,-103.66988,515.9071,10.531811,0.023031278,0.022968035,0.021620672,31.282764,29.9425,2,9,1,0.8368929,1
104,18,1,1,0,106.75609,-481.82074,433.54468,0.013973639,-0.0229688,-0.0071904073,23.033428,10.970555,2,10,1,0.993182,1
104,23,1,1,0,-116.41797,569.4536,423.4563,-0.011085215,0.0076030917,-0.011755231,18.98179,18.938889,2,11,1,0.99564606,1
104,28,1,0,0,118.74689,-146.70885,31.435673,0.011049885,-0.021451812,-0.034774423,9.51725,8.206667,2,-1,0,0.9861568,1
104,28,1,0,0,118.74689,-146.70885,31.435673,0.011049885,-0.021451812,-0.034774423,9.594063,9.611667,2,-1,0,0.96749306,1
104,28,1,1,0,118.74689,-146.70885,31.435673,0.011049885,-0.021451812,-0.034774423,22.944729,14.89,2,12,1,0.9937484,1
104,16,1,1,0,-143.36671,319.51154,387.62686,-0.006152894,-0.003729349,0.0025565329,6.9547153,4.4825,2,13,1,0.9856547,1
104,22,1,0,0,144.39468,-251.51088,389.8152,0.005466475,-0.0023014422,0.0022483552,4.695285,4.7994447,2,-1,0,0.97261995,1
104,22,1,1,0,144.39468,-251.51088,389.8152,0.005466475,-0.0023014422,0.0022483552,5.1059933,5.194722,2,14,1,0.990249,1
104,17,1,1,0,-167.77602,-498.119,305.74823,0.020365374,0.011609303,-0.006074944,26.423597,26.220556,2,15,1,0.99999297,1
104,3,1,1,0,-167.986,-14.494059,213.75139,0.0013535568,-0.001884081,0.014400744,16.488953,16.537222,2,16,1,0.9999273,1
104,34,1,1,0,-167.71024,39.71374,402.83,-0.0073849163,0.0010548928,0.015910475,7.1841526,7.258333,2,17,1,0.986785,1
104,34,1,0,0,-167.71024,39.71374,402.83,-0.0073849163,0.0010548928,0.015910475,3.8809793,3.8575,2,-1,0,0.95487607,1
104,2,1,0,0,-72.85623,-209.89417,387.74738,0.0055482117,0.0034041998,-0.006222155,2.9019933,2.9416666,2,-1,0,0.62796783,1
104,32,1,0,0,-194.8475,-426.05286,221.08408,0.0043199644,-0.017352587,-0.0013053606,5.8295693,5.846389,2,-1,0,0.977988,1
104,27,1,1,0,184.42404,-569.8116,291.4123,-0.0019649542,-0.001611697,0.011779476,13.023305,12.820556,2,18,1,0.990939,1
104,27,1,0,0,184.42404,-569.8116,291.4123,-0.0019649542,-0.001611697,0.011779476,5.943458,6.1655555,2,-1,0,0.98292696,1
104,32,1,1,0,-194.8475,-426.05286,221.08408,0.0043199644,-0.017352587,-0.0013053606,13.578807,13.640833,2,19,1,0.996216,1
104,24,1,0,0,196.3406,226.05963,446.87888,0.00091280276,0.0018227049,0.034487456,3.6863751,3.596111,2,-1,0,0.9243244,1
104,24,1,1,0,196.3406,226.05963,446.87888,0.00091280276,0.0018227049,0.034487456,11.083562,10.48,2,20,1,0.9717766,1
104,24,1,0,0,196.3406,226.05963,446.87888,0.00091280276,0.0018227049,0.034487456,7.142972,7.143889,2,-1,0,0.98193264,1
104,24,1,0,0,196.3406,226.05963,446.87888,0.00091280276,0.0018227049,0.034487456,6.95525,6.9688888,2,-1,0,0.990048,1
104,21,1,1,0,208.7085,-126.758446,131.28583,0.010127576,0.0061413497,0.00383625,11.491619,11.436944,2,21,1,0.99059033,1
104,13,1,1,0,219.78694,-234.51006,459.86227,0.0071205567,0.015387888,0.01192207,19.776285,19.511389,2,22,1,0.9591293,1
104,38,1,1,0,239.73296,239.00224,38.873726,-0.010844317,-0.002708448,-0.016085526,19.484417,19.699444,2,23,1,0.9674239,1
104,31,1,1,0,238.50851,-493.66617,431.93338,-0.0018114795,-0.029832935,0.010002509,26.14507,21.476389,2,24,1,0.9716647,1
104,36,1,1,0,-240.8889,-151.2226,356.12506,0.0026725708,-0.0009918715,-0.005909856,6.6144376,6.7341666,2,25,1,0.9804952,1
104,31,1,0,0,238.50851,-493.66617,431.93338,-0.0018114795,-0.029832935,0.010002509,4.948625,5.055278,2,-1,0,0.9932094,1
104,8,1,0,0,258.32962,442.33105,210.17079,0.017635781,-0.020326208,-0.0039372384,3.3825696,3.3477778,2,-1,0,0.8949745,1
104,8,1,1,0,258.32962,442.33105,210.17079,0.017635781,-0.020326208,-0.0039372384,14.185958,14.009444,2,26,1,0.99958307,1
104,12,1,1,0,-259.798,181.31435,68.47475,-0.025570469,0.0107453745,0.03287914,20.050117,20.187778,2,27,1,0.99031025,1
104,12,1,0,0,-259.798,181.31435,68.47475,-0.025570469,0.0107453745,0.03287914,17.629204,17.831667,2,-1,0,0.9725728,1
104,8,1,0,0,258.32962,442.33105,210.17079,0.017635781,-0.020326208,-0.0039372384,12.54961,12.549723,2,-1,0,0.9850788,1
104,33,1,1,0,-272.39752,78.01133,447.32587,0.026496148,0.026990173,0.03398445,45.65438,45.786945,2,28,1,0.9990307,1
104,30,1,0,0,-272.36154,444.17487,241.94135,-0.0021498476,-0.0010016569,-0.01184576,5.0708194,4.717222,2,-1,0,0.8903498,1
104,30,1,1,0,-272.36154,444.17487,241.94135,-0.0021498476,-0.0010016569,-0.01184576,7.303202,7.325278,2,-1,1,0.9570787,1
104,14,1,1,0,280.74344,-361.7952,60.38741,0.013772623,0.049930654,0.0064068013,33.085392,25.580278,2,29,1,0.94656646,1
104,14,1,0,0,280.74344,-361.7952,60.38741,0.013772623,0.049930654,0.0064068013,8.854569,8.840834,2,-1,0,0.9848914,1
104,10,1,1,0,-294.4122,-377.82092,308.9391,-0.012566369,-0.015525648,0.0039070346,17.686792,12.980833,2,30,1,0.9966607,1
104,19,1,1,0,-294.48877,-557.8884,305.91852,-0.013660105,-0.010723439,0.010668474,17.108875,17.104445,2,31,1,0.9763832,1
104,19,1,0,0,-294.48877,-557.8884,305.91852,-0.013660105,-0.010723439,0.010668474,3.8262224,3.4230556,2,-1,0,0.9937771,1
104,14,1,0,0,280.74344,-361.7952,60.38741,0.013772623,0.049930654,0.0064068013,8.655535,8.870277,2,-1,0,0.9972855,1
104,1,1,1,0,303.78607,314.3229,44.97539,0.020047748,0.015866866,0.018071245,24.555403,24.592777,2,32,1,0.99964476,1
104,6,1,1,0,307.61414,-150.29117,71.181335,0.030610232,0.022258786,0.040023103,41.447258,45.913334,2,33,1,0.99997556,1
104,26,1,1,0,320.1108,381.59528,401.33255,-0.015550602,-2.3898649e-05,0.0040704925,13.499104,13.392222,2,34,1,0.98129636,1
104,6,1,0,0,307.61414,-150.29117,71.181335,0.030610232,0.022258786,0.040023103,2.6125765,2.59,2,-1,0,0.97145385,1
104,15,1,1,0,-327.73395,64.326546,28.72448,0.005023442,0.0071244026,0.014860197,18.65645,18.693333,2,35,1,0.9973876,1
104,29,1,1,0,-330.82297,285.52612,102.178276,0.00085178483,0.00018451952,-0.01820148,11.679042,11.058056,2,36,1,0.96804225,1
104,7,1,1,0,333.94366,135.47604,408.51117,0.020707946,-0.01608297,0.017614327,8.129786,7.873611,2,37,1,0.9999374,1
104,7,1,0,0,333.94366,135.47604,408.51117,0.020707946,-0.01608297,0.017614327,6.408132,4.1658335,2,-1,0,0.999181,1
104,7,1,0,0,333.94366,135.47604,408.51117,0.020707946,-0.01608297,0.017614327,7.576778,7.848889,2,-1,0,0.9953328,1
104,35,1,1,0,351.0774,203.54909,66.44693,-0.023713855,0.0064131357,0.023147358,33.259098,33.515556,2,38,1,0.9933777,1
104,6,1,0,0,379.38913,-157.59802,87.942795,0.030610232,0.022258786,0.040023103,6.8901105,6.9808335,2,-1,0,0.98039895,1
105,27,1,0,0,-10.957923,-568.0626,404.1109,-0.003587659,0.007620435,0.013087419,5.176757,2.5272222,2,-1,0,0.97430885,1
105,27,1,1,0,-10.957923,-568.0626,404.1109,-0.003587659,0.007620435,0.013087419,11.15857,11.098056,2,0,1,0.9863836,1
105,37,1,1,0,-28.058456,83.974785,368.83295,-0.00849011,-0.0028670197,-0.0007267516,8.201409,7.562778,2,1,1,0.98698944,1
105,40,1,0,0,-94.81962,33.48335,513.139,0.012915277,0.009892971,0.03179245,5.3116045,5.4227777,2,-1,0,0.999511,1
105,22,0,0,0,0.0,0.0,0.0,0.0,0.0,0.0,21.909716,-1.0,2,-1,0,0.98539424,1
105,21,1,1,0,-31.417595,402.14822,226.6835,-0.022231227,0.0017560138,-0.00937988,18.64145,18.046389,2,2,1,0.9644304,1
105,40,1,0,0,-52.350266,72.96075,309.1037,0.012915277,0.009892971,0.03179245,3.6173887,3.603889,2,-1,0,0.90155065,1
105,35,1,1,0,-39.815685,488.8365,182.7953,0.00724347,-0.010651395,0.002355117,13.726292,13.766111,2,3,1,0.99335456,1
105,34,0,0,0,0.0,0.0,0.0,0.0,0.0,0.0,7.747646,-1.0,2,-1,0,0.9608142,1
105,40,1,1,0,-52.350266,72.96075,309.1037,0.012915277,0.009892971,0.03179245,36.88518,36.663055,2,4,1,0.9999994,1
105,25,1,1,0,-76.12066,-22.791426,195.31113,0.017947663,0.018769875,0.0014812064,3.2371666,3.218889,2,5,1,0.5162715,1
105,11,1,1,0,-55.672855,-107.71243,53.322414,-0.003649244,-0.029432377,0.017662013,38.228653,37.101944,2,6,1,0.99999714,1
105,9,1,1,0,-57.594128,-271.49112,136.69258,-0.021888947,-0.016645912,0.028310977,45.86889,46.150555,2,7,1,0.9999974,1
105,38,1,1,0,-65.249146,-200.51767,442.8937,0.012318362,0.010370891,0.007082723,19.553364,19.533056,2,8,1,0.99735624,1
105,25,0,0,0,0.0,0.0,0.0,0.0,0.0,0.0,16.396915,-1.0,2,-1,0,0.9890615,1
105,10,1,1,0,-79.830666,414.5819,289.63446,0.011805958,-0.0016292763,-0.0007730523,15.301376,15.286944,2,9,1,0.9941255,1
105,20,1,1,0,77.8211,121.45169,174.00043,0.0009345228,-0.01630346,0.0060918257,18.992777,18.612778,2,10,1,0.99986804,1
105,17,1,1,0,-89.02127,-63.40925,389.35266,0.012158904,0.0008430227,-0.010896761,19.760506,19.392221,2,11,1,0.997821,1
105,8,1,0,0,103.262955,129.8668,454.59485,0.0030966154,0.004301468,-0.022378722,8.269153,8.367778,2,-1,0,0.95156014,1
105,8,1,1,0,103.262955,129.8668,454.59485,0.0030966154,0.004301468,-0.022378722,17.33909,17.639166,2,12,1,0.99860835,1
105,30,1,0,0,-159.62639,-109.146194,204.12195,0.008499554,0.008104131,0.015516535,4.0273194,4.0183334,2,-1,0,0.9733189,1
105,15,1,1,0,-112.956535,-84.314095,294.5358,0.0158297,-0.0013292362,0.0076497076,17.889542,17.880278,2,13,1,0.9984289,1
105,29,1,1,0,111.750885,313.68402,53.26108,-0.009414335,0.0129709095,0.0056235413,17.851418,17.572779,2,14,1,0.96399504,1
105,12,1,1,0,114.9804,216.39713,31.851482,-0.01326595,-0.003294435,0.01349247,20.588924,20.563055,2,15,1,0.99611825,1
105,24,1,1,0,-113.05915,-66.8523,57.658066,-7.5901895e-05,-0.005586675,-0.00087016186,8.546791,8.361389,2,16,1,0.9974242,1
105,12,1,0,0,114.9804,216.39713,31.851482,-0.01326595,-0.003294435,0.01349247,6.248917,6.245278,2,-1,0,0.9677491,1
105,34,1,1,0,-37.65798,-345.74103,222.23518,0.00094728894,0.00024278038,0.008525105,3.516528,3.458611,2,17,1,0.93603164,1
105,23,1,1,0,-155.66928,238.30603,80.526245,0.042245455,0.007382154,-0.020756375,38.553486,46.693054,2,18,1,0.991994,1
105,31,1,1,0,-148.01146,104.35814,420.20627,0.01594262,0.0030548442,-0.0043050563,15.065278,15.0633335,2,19,1,0.9901964,1
105,23,1,0,0,-155.66928,238.30603,80.526245,0.042245455,0.007382154,-0.020756375,5.673736,5.4827776,2,-1,0,0.96895236,1
105,30,1,0,0,-159.62639,-109.146194,204.12195,0.008499554,0.008104131,0.015516535,3.9722846,4.136389,2,-1,0,0.95468456,1
105,1,1,1,0,-150.83453,-70.80864,422.70804,0.0007758115,0.009439807,0.00022725914,11.011411,10.681945,2,20,1,0.999108,1
105,30,1,1,0,-159.62639,-109.146194,204.12195,0.008499554,0.008104131,0.015516535,12.488807,12.305555,2,21,1,0.9105616,1
105,26,1,1,0,159.83952,-77.964874,413.6592,0.002683698,0.014405674,0.020571958,27.074306,27.1075,2,22,1,0.9721255,1
105,7,1,1,0,-168.61433,329.08026,457.00256,0.020192051,0.0036627974,0.0047852346,20.051653,19.924166,2,23,1,0.9242188,1
105,36,1,1,0,168.47366,-453.1875,137.31776,-0.0034113398,-0.02299651,0.0076033594,23.649181,23.234167,2,24,1,0.99947953,1
105,33,1,1,0,172.62671,21.331495,267.14197,0.0026061141,0.004634647,0.0026772264,6.0403676,6.024722,2,25,1,0.99262506,1
105,6,1,1,0,-176.77196,-269.34943,187.42331,-0.0018375985,-0.008869883,0.0025099455,9.8615,9.712222,2,26,1,0.99485576,1
105,2,1,0,0,-200.11876,268.10068,107.351685,0.0037463245,-0.019850772,0.012188968,6.9588685,6.7258334,2,-1,0,0.99273974,1
105,2,1,1,0,-200.11876,268.10068,107.351685,0.0037463245,-0.019850772,0.012188968,18.770006,18.818333,2,27,1,0.9966138,1
105,3,1,1,0,-216.47781,-44.326694,393.10062,0.0017575164,-0.0018507199,-0.011443601,10.504389,10.5402775,2,28,1,0.9998342,1
105,32,1,1,0,220.79091,-483.75626,157.11137,-0.002098555,0.015356614,0.0174099,16.962952,16.9775,2,29,1,0.9994466,1
105,32,1,0,0,220.79091,-483.75626,157.11137,-0.002098555,0.015356614,0.0174099,4.3516665,4.3391666,2,-1,0,0.9880949,1
105,6,1,0,0,-176.77196,-269.34943,187.42331,-0.0018375985,-0.008869883,0.0025099455,3.266986,3.2972221,2,-1,0,0.9252093,1
105,39,1,1,0,-276.1298,-519.78424,409.5192,0.017930327,-0.0025044132,0.008131014,13.845902,13.861389,2,30,1,0.99985886,1
105,13,1,1,0,-290.82877,-572.1025,291.82916,-0.0009105904,-0.008356645,0.04886479,36.013794,35.981945,2,31,1,0.82022107,1
105,13,1,0,0,-290.82877,-572.1025,291.82916,-0.0009105904,-0.008356645,0.04886479,2.952986,3.001111,2,-1,0,0.57762986,1
105,13,1,0,0,-290.82877,-572.1025,291.82916,-0.0009105904,-0.008356645,0.04886479,8.673937,7.9205556,2,-1,0,0.9894649,1
105,4,1,1,0,300.43515,338.1679,339.67743,-0.010518087,0.009869012,-0.012751915,16.095749,16.009722,2,32,1,0.97409123,1
105,16,1,1,0,312.0667,-586.5632,368.87308,0.027214738,-0.013660296,0.0064984215,30.821945,26.826944,2,33,1,0.99934036,1
105,5,1,1,0,-316.60657,-324.9042,338.53494,-0.005562579,0.00554321,0.022062454,13.275049,13.1461115,2,34,1,0.9904627,1
105,5,1,0,0,-316.60657,-324.9042,338.53494,-0.005562579,0.00554321,0.022062454,10.812083,7.135,2,-1,0,0.9769582,1
105,19,1,1,0,-318.36993,-329.66708,141.2964,0.004531638,0.01759677,0.008451288,20.986279,19.464167,2,35,1,0.9902773,1
105,28,1,1,0,-323.958,106.32874,211.69276,0.02025405,-0.0005688795,0.0052254163,10.768723,10.779722,2,36,1,0.9904943,1
105,18,1,1,0,343.36536,548.31274,116.03135,0.017980153,0.007924569,0.00916548,17.989807,17.9725,2,37,1,0.99991393,1
105,14,1,1,0,348.79337,518.8867,363.65182,-0.018227017,0.019883959,-0.014184033,28.097986,28.04861,2,38,1,0.9652617,1
106,20,1,1,0,-7.3536425,-378.80994,18.208378,0.022962406,0.0113937175,-0.0023223734,6.5779996,6.605278,2,0,1,0.9915228,1
106,12,1,0,0,-7.8268375,275.08667,153.56744,-0.0063989093,-0.017467216,0.005025824,3.927271,4.087222,2,-1,0,0.94175273,1
106,33,1,1,0,28.444979,-473.2709,212.0645,0.0049961824,-0.01442399,-0.0046499004,21.375036,20.6625,2,2,1,0.99999976,1
106,29,1,1,0,31.87148,-401.68307,263.0433,0.008292758,-0.006830645,-0.010149735,16.207006,16.358334,2,3,1,0.9779141,1
106,30,1,1,0,-38.16868,-74.73413,68.73927,-0.0059699095,-0.008633214,0.015935676,18.85779,19.0425,2,4,1,0.9894365,1
106,32,1,1,0,45.702812,-173.97618,139.10088,0.0030800912,-0.008466558,0.0068422244,12.714514,10.111111,2,5,1,0.985037,1
106,13,1,0,0,47.73025,38.14748,33.70818,-0.020865327,-0.0029599047,-0.014251478,8.502652,8.606667,2,-1,0,0.9797562,1
106,13,1,1,0,47.73025,38.14748,33.70818,-0.020865327,-0.0029599047,-0.014251478,21.710938,21.781666,2,6,1,0.9910656,1
106,33,1,0,0,28.444979,-473.2709,212.0645,0.0049961824,-0.01442399,-0.0046499004,3.618396,3.504722,2,-1,0,0.9374998,1
106,40,1,1,0,-64.89984,-333.39395,3.0769608,-0.010827517,-0.0070592775,0.009371037,19.036945,17.088333,2,7,1,0.99303365,1
106,31,1,1,0,80.765854,-20.461256,118.232796,-0.00020673039,-0.013098781,-0.027203942,15.233069,15.1252775,2,8,1,0.9978295,1
106,31,1,0,0,80.765854,-20.461256,118.232796,-0.00020673039,-0.013098781,-0.027203942,14.401749,5.113611,2,-1,0,0.99063873,1
106,24,1,1,0,92.565765,-548.4429,344.7559,-0.024735885,-0.00992224,0.010654145,28.599556,28.7275,2,9,1,0.99748045,1
106,17,1,1,0,-85.767296,241.48012,62.828186,0.00554617,0.020928416,-0.009041449,28.181889,27.939167,2,10,1,0.9908412,1
106,38,1,1,0,-85.893036,219.60818,413.4062,-0.020250987,-0.0044009252,0.014405335,20.364145,20.254168,2,11,1,0.99297744,1
106,10,1,1,0,-92.258865,164.40599,7.534796,0.00031712686,-0.020077018,-0.01281796,26.590849,26.801666,2,12,1,0.9961277,1
106,38,1,0,0,-85.893036,219.60818,413.4062,-0.020250987,-0.0044009252,0.014405335,8.063965,8.073055,2,-1,0,0.9878622,1
106,35,1,1,0,-101.6083,-342.72443,272.37476,-0.025232315,-0.006496485,0.0030459363,30.573374,30.285833,2,13,1,0.987455,1
106,19,0,0,0,0.0,0.0,0.0,0.0,0.0,0.0,4.480604,-1.0,2,-1,0,0.9754299,1
106,5,1,1,0,-137.89969,-271.52063,250.91551,-0.022770701,-0.006176515,0.009733806,27.749006,27.860834,2,14,1,0.99648464,1
106,16,1,0,0,-167.2593,30.916245,273.74478,0.004260532,-0.03716695,0.008243382,4.887757,4.7508335,2,-1,0,0.94918257,1
106,16,1,0,0,-167.2593,30.916245,273.74478,0.004260532,-0.03716695,0.008243382,8.301215,8.120277,2,-1,0,0.9910802,1
106,18,1,1,0,166.46147,269.39938,152.72137,-0.008748091,0.0059629143,-0.0053482647,7.843729,7.1222224,2,15,1,0.9811303,1
106,16,1,1,0,-167.2593,30.916245,273.74478,0.004260532,-0.03716695,0.008243382,23.938131,23.659445,2,16,1,0.99289674,1
106,18,1,0,0,166.46147,269.39938,152.72137,-0.008748091,0.0059629143,-0.0053482647,5.898465,5.9380555,2,-1,0,0.9722634,1
106,1,1,1,0,179.11465,-241.0228,435.9198,-0.013167776,0.013227525,0.0032244,17.58125,17.711111,2,17,1,0.9766027,1
106,7,1,0,0,-176.08679,114.55141,166.40552,0.00012455299,0.008107979,-0.014779521,7.9993052,6.831389,2,-1,0,0.9746119,1
106,7,1,1,0,-176.08679,114.55141,166.40552,0.00012455299,0.008107979,-0.014779521,9.119437,9.030833,2,18,1,0.9905626,1
106,22,1,1,0,194.93185,31.803133,172.24368,-0.014382207,-0.017437557,0.01101799,21.363014,21.478056,2,19,1,0.9993563,1
106,23,1,1,0,-196.47728,575.2597,275.9142,0.000838096,-0.012431166,0.036256485,27.999014,28.209444,2,20,1,0.9999368,1
106,23,1,0,0,-196.47728,575.2597,275.9142,0.000838096,-0.012431166,0.036256485,6.9538264,7.0855556,2,-1,0,0.9851547,1
106,14,1,1,0,-201.6445,566.9825,330.94525,-0.033260506,-0.004714012,-0.025317572,43.00762,43.073612,2,21,1,0.9872425,1
106,12,1,1,0,206.21678,324.29364,43.170597,-0.0063989093,-0.017467216,0.005025824,17.755262,17.49639,2,22,1,0.6277615,1
106,6,1,0,0,-215.14311,-377.7973,50.88331,0.013436901,0.011134007,-0.0006030151,3.4489167,3.3619444,2,-1,0,0.97513914,1
106,6,1,1,0,-215.14311,-377.7973,50.88331,0.013436901,0.011134007,-0.0006030151,13.655708,13.63,2,23,1,0.99181855,1
106,27,1,1,0,221.96753,-268.5954,404.63147,-0.02227184,-0.013447446,0.0006398026,26.543522,26.019722,2,24,1,0.9773697,1
106,3,1,1,0,218.95416,-266.8424,55.08425,-0.006450529,-0.007703766,-0.015805226,16.198895,15.995277,2,25,1,0.9844882,1
106,8,1,1,0,-217.20097,457.64172,81.538635,-0.01074595,-0.0063571357,0.013892292,10.841708,10.624444,2,26,1,0.9877901,1
106,3,1,0,0,218.95416,-266.8424,55.08425,-0.006450529,-0.007703766,-0.015805226,6.007639,6.016111,2,-1,0,0.9874598,1
106,9,1,1,0,-231.53291,204.87979,324.0223,0.006360682,-0.0079423,-0.013569304,16.805723,16.740833,2,27,1,0.97312397,1
106,25,1,1,0,-231.48177,-413.01126,99.511536,-0.00823657,-0.004945289,-0.01870467,17.255556,14.466666,2,28,1,0.9928383,1
106,25,1,0,0,-231.48177,-413.01126,99.511536,-0.00823657,-0.004945289,-0.01870467,7.3843884,7.4419446,2,-1,0,0.9643725,1
106,8,1,0,0,-217.20097,457.64172,81.538635,-0.01074595,-0.0063571357,0.013892292,2.7450972,2.7108333,2,-1,0,0.90912044,1
106,2,1,1,0,-242.44084,-97.467285,87.627014,-0.017880704,0.011373443,-0.004425465,22.360937,22.136944,2,29,1,0.9933763,1
106,11,1,0,0,-263.2092,-530.9294,355.62988,0.012503598,0.0105578415,-0.023614092,5.3324237,5.2577777,2,-1,0,0.94721407,1
106,11,1,1,0,-263.2092,-530.9294,355.62988,0.012503598,0.0105578415,-0.023614092,19.675745,19.415,2,30,1,0.98914576,1
106,37,1,1,0,-260.92075,433.48145,63.303402,0.00409443,-0.0032251577,-0.03316411,17.629478,16.0575,2,31,1,0.96773183,1
106,37,1,0,0,-260.92075,433.48145,63.303402,0.00409443,-0.0032251577,-0.03316411,11.215306,11.364722,2,-1,0,0.9924285,1
106,37,1,0,0,-260.92075,433.48145,63.303402,0.00409443,-0.0032251577,-0.03316411,3.071486,3.0197222,2,-1,0,0.7314748,1
106,11,1,0,0,-263.2092,-530.9294,355.62988,0.012503598,0.0105578415,-0.023614092,3.4907498,3.5775,2,-1,0,0.96195626,1
106,39,1,1,0,-295.0482,-345.09055,39.610558,0.018292716,0.0012468785,0.026211053,29.341105,27.872778,2,32,1,0.99969536,1
106,28,1,1,0,-304.02722,-157.53299,241.50644,-0.012879823,0.012545546,0.009008896,21.304571,20.897778,2,33,1,0.9874164,1
106,26,1,1,0,317.66953,134.66891,455.39285,0.005816123,-0.00023990926,-0.0064593763,8.479292,8.4152775,2,34,1,0.9755942,1
106,15,1,1,0,327.60464,595.4069,132.47612,-0.011056734,-0.022259545,0.002937026,20.49116,20.385279,2,35,1,0.998684,1
106,21,1,1,0,339.80347,518.1624,454.16315,0.0075854585,0.005682587,-0.0058836285,10.247402,8.424167,2,36,1,0.9838313,1
106,36,1,1,0,351.22577,-328.61395,170.34557,0.0024933529,-0.015717626,0.017574372,12.065424,11.997778,2,37,1,0.98478544,1
106,36,1,0,0,351.22577,-328.61395,170.34557,0.0024933529,-0.015717626,0.017574372,8.928535,8.7902775,2,-1,0,0.9862627,1
106,34,1,1,0,357.78806,259.56903,128.28705,0.006766729,-0.0056822454,0.0020176873,8.6679735,4.5605555,2,-1,1,0.9680714,1
106,36,1,0,0,351.22577,-328.61395,170.34557,0.0024933529,-0.015717626,0.017574372,3.405347,3.3605556,2,-1,0,0.9291638,1
107,5,1,1,0,-15.555075,-438.814,49.751793,-0.0020850303,0.031277325,0.0044162967,23.799944,22.891666,2,0,1,0.9971275,1
107,5,1,0,0,-15.555075,-438.814,49.751793,-0.0020850303,0.031277325,0.0044162967,11.537855,11.785,2,-1,0,0.99451417,1
107,13,1,1,0,29.957375,-160.45042,312.86002,-0.00020539574,0.0069837943,0.030055145,32.51372,31.027779,2,1,1,0.9560746,1
107,13,1,0,0,29.957375,-160.45042,312.86002,-0.00020539574,0.0069837943,0.030055145,3.444868,3.3988888,2,-1,0,0.8731091,1
107,5,1,0,0,-15.555075,-438.814,49.751793,-0.0020850303,0.031277325,0.0044162967,5.848736,5.615278,2,-1,0,0.9140369,1
107,4,1,1,0,-54.156204,512.9095,18.696936,0.005154509,0.014564663,0.00845167,20.358181,19.796112,2,2,1,0.9890956,1
107,29,1,1,0,-64.21202,-145.4978,114.925186,0.015233314,0.0035705215,0.014667166,24.037104,23.636667,2,3,1,0.9923528,1
107,10,1,1,0,-68.96982,338.83978,244.23784,-0.071052,-0.0029478576,-0.015598843,35.03119,35.593887,2,4,1,0.9949734,1
107,33,1,1,0,-70.791275,-418.39902,395.3551,0.00858923,-0.004532392,0.00037746324,11.9019375,11.88,2,5,1,0.99031097,1
107,34,1,1,0,83.56507,-450.51352,319.08636,-0.013113184,-0.0230075,0.00593847,28.653646,28.369722,2,6,1,0.9892769,1
107,25,1,1,0,80.87438,48.33442,149.91211,0.004553993,0.015435631,0.00032130137,18.817896,11.896667,2,7,1,0.9987618,1
107,22,1,1,0,83.29274,167.63406,126.16124,-0.0062449602,-0.023726845,-0.004377088,24.818182,24.527779,2,8,1,0.9999343,1
107,22,1,0,0,83.29274,167.63406,126.16124,-0.0062449602,-0.023726845,-0.004377088,5.5142775,5.457222,2,-1,0,0.99823004,1
107,10,1,0,0,-68.96982,338.83978,244.23784,-0.071052,-0.0029478576,-0.015598843,4.720486,4.659167,2,-1,0,0.9543074,1
107,22,1,0,0,83.29274,167.63406,126.16124,-0.0062449602,-0.023726845,-0.004377088,4.7205067,4.7708335,2,-1,0,0.93343693,1
107,8,1,1,0,87.56363,-505.4343,43.625088,-0.0035544056,0.008693698,0.013839388,14.464063,13.303611,2,9,1,0.9779041,1
107,8,1,0,0,87.56363,-505.4343,43.625088,-0.0035544056,0.008693698,0.013839388,4.4248333,4.4683332,2,-1,0,0.9492118,1
107,10,1,0,0,-68.96982,338.83978,244.23784,-0.071052,-0.0029478576,-0.015598843,6.385604,6.396389,2,-1,0,0.97249275,1
107,10,1,0,0,-68.96982,338.83978,244.23784,-0.071052,-0.0029478576,-0.015598843,29.468653,29.405556,2,-1,0,0.9941336,1
107,30,1,1,0,-112.45853,-234.55931,262.11133,0.0008689762,0.011128794,-0.0074356915,14.147541,12.16,2,10,1,0.99094373,1
107,7,1,1,0,123.94493,253.99046,243.9687,0.021962047,-0.02055685,0.007912678,27.701035,27.566668,2,11,1,0.9499978,1
107,10,1,0,0,-68.96982,338.83978,244.23784,-0.071052,-0.0029478576,-0.015598843,4.1367226,4.196111,2,-1,0,0.96360105,1
107,7,1,0,0,123.94493,253.99046,243.9687,0.021962047,-0.02055685,0.007912678,3.6231318,3.7141666,2,-1,0,0.9742304,1
107,16,1,1,0,145.7347,-297.45334,25.808775,-0.0068231556,-0.01122411,-0.009949855,9.050417,9.011666,2,12,1,0.9666453,1
107,2,1,0,0,176.91127,-181.51447,116.811554,-0.016661137,-0.011620974,0.012862628,5.123889,5.132222,2,-1,0,0.9678413,1
107,2,1,1,0,176.91127,-181.51447,116.811554,-0.016661137,-0.011620974,0.012862628,20.799751,20.78389,2,13,1,0.9999677,1
107,40,1,1,0,177.0828,588.7835,327.00336,0.0034522065,0.012057111,-0.0053855074,10.731597,10.596389,2,14,1,0.98529863,1
107,40,1,0,0,177.0828,588.7835,327.00336,0.0034522065,0.012057111,-0.0053855074,4.0381737,2.3544445,2,-1,0,0.9916785,1
107,19,1,1,0,186.38507,436.36804,94.50545,-0.009982259,0.0048222984,0.012259287,8.319729,8.268611,2,15,1,0.9898184,1
107,38,1,1,0,-185.42639,-118.038315,433.4072,-0.013604725,0.004230005,-0.0065009743,11.628278,7.9922223,2,16,1,0.9845686,1
107,6,1,1,0,189.95743,232.70795,228.40219,0.026609998,-0.0006668931,0.013691425,10.336103,7.5391665,2,17,1,0.9586423,1
107,12,1,1,0,203.77446,-473.51526,422.21985,-0.003645746,0.034747012,-0.001942895,22.56264,22.449444,2,18,1,0.9908737,1
107,12,1,0,0,203.77446,-473.51526,422.21985,-0.003645746,0.034747012,-0.001942895,11.407729,11.571389,2,-1,0,0.999015,1
107,38,1,0,0,-185.42639,-118.038315,433.4072,-0.013604725,0.004230005,-0.0065009743,4.226535,4.2069445,2,-1,0,0.9173886,1
107,6,1,0,0,189.95743,232.70795,228.40219,0.026609998,-0.0006668931,0.013691425,5.297063,5.2005553,2,-1,0,0.96169084,1
107,1,1,1,0,211.60188,198.23668,334.14203,0.0041704294,0.00570184,-0.011104606,6.9757776,7.046389,2,19,1,0.9598095,1
107,27,0,0,0,0.0,0.0,0.0,0.0,0.0,0.0,21.837633,-1.0,2,-1,0,0.9904937,1
107,39,1,0,0,-141.29938,199.58076,407.1296,0.0074181915,0.0003309138,0.018461911,3.5848126,3.7333333,2,-1,0,0.9575799,1
107,31,1,1,0,228.21141,-250.21233,443.9553,0.010918582,0.01190865,-0.02160155,22.403276,17.769722,2,20,1,0.99877626,1
107,31,1,0,0,228.21141,-250.21233,443.9553,0.010918582,0.01190865,-0.02160155,4.0346665,4.0372224,2,-1,0,0.97243255,1
107,1,1,0,0,211.60188,198.23668,334.14203,0.0041704294,0.00570184,-0.011104606,4.5856595,4.502222,2,-1,0,0.99280316,1
107,23,1,1,0,235.09656,-402.9661,95.34232,0.0018455446,-0.018091332,0.012340119,21.402895,21.583334,2,21,1,0.98370415,1
107,20,1,1,0,-236.76239,143.44322,264.0869,-0.013238851,0.01902833,-0.0068331403,20.061861,19.874722,2,22,1,0.992993,1
107,20,1,0,0,-236.76239,143.44322,264.0869,-0.013238851,0.01902833,-0.0068331403,6.459361,6.4027777,2,-1,0,0.98055226,1
107,9,1,1,0,-245.97841,387.86792,282.38766,0.016915232,-0.01674126,-0.00065758056,25.6008,25.375555,2,23,1,0.98853546,1
107,11,1,1,0,248.24692,189.86824,426.97974,-0.015956111,-0.003999464,-0.009425007,17.716827,17.732222,2,24,1,0.99847764,1
107,36,1,1,0,-254.21614,-182.17256,368.2737,-0.006622052,0.008560712,-0.010909889,15.406022,15.550834,2,25,1,0.90739864,1
107,18,1,1,0,262.0918,362.6366,432.1421,0.0144940205,-0.005317311,-0.01617686,22.106792,22.349722,2,26,1,0.99080646,1
107,14,1,1,0,278.05438,-408.64963,242.06117,-0.022782737,-0.008297501,0.013497895,23.833605,23.572222,2,27,1,0.951676,1
107,37,1,1,0,-287.60794,-300.60516,245.93182,0.0107393535,0.03743947,-0.0015256717,40.624393,33.54361,2,28,1,0.99840915,1
107,21,1,1,0,295.8029,-301.48248,449.26233,-0.016303008,0.0033856153,0.0077006025,20.131266,18.914722,2,29,1,0.92497045,1
107,28,1,1,0,296.55634,136.14632,392.1457,-0.0040696445,0.0010567164,0.010578301,11.8006315,11.759722,2,30,1,0.9936973,1
107,32,1,1,0,299.07724,266.30374,362.74567,0.011458339,0.018860454,-0.00759987,19.995764,20.025,2,31,1,0.975721,1
107,17,1,1,0,305.10028,-244.39626,402.3273,-0.020255288,0.01662764,0.010390424,27.213192,27.326666,2,32,1,0.96066874,1
107,15,1,1,0,-303.5196,-257.5872,172.18077,0.0085577555,0.008875021,-0.008887967,14.396881,14.440833,2,33,1,0.99278283,1
107,26,1,1,0,325.02124,-547.03845,125.91229,-0.007921938,-0.018547947,-0.00094242545,18.524452,18.504723,2,34,1,0.9946276,1
107,26,1,0,0,325.02124,-547.03845,125.91229,-0.007921938,-0.018547947,-0.00094242545,5.513049,5.544722,2,-1,0,0.98085314,1
107,39,1,1,0,-327.6156,548.70557,378.63898,0.0074181915,0.0003309138,0.018461911,19.817417,19.810556,2,35,1,0.9869353,1
107,24,1,1,0,-329.8858,470.37888,174.47646,-0.0066727805,0.0010373244,-0.0063098515,10.603478,3.682778,2,36,1,0.9738075,1
107,3,1,1,0,-337.59775,-469.80353,313.70248,-0.0020515865,0.0002077032,-0.018597605,6.492896,6.5308332,2,37,1,0.9948364,1
107,3,1,0,0,-337.59775,-469.80353,313.70248,-0.0020515865,0.0002077032,-0.018597605,6.268791,6.261389,2,-1,0,0.98475814,1
107,6,0,0,0,0.0,0.0,0.0,0.0,0.0,0.0,3.0872917,3.0144444,2,-1,0,0.879456,1
107,35,1,1,0,359.50046,-327.38266,351.08743,-0.010837946,0.00293155,-0.0015124411,9.739577,9.6475,2,38,1,0.98894286,1
108,14,1,1,0,16.482635,-47.33078,93.009865,-0.01020837,0.0011679435,0.001112595,14.852376,13.926389,2,0,1,0.99512273,1
108,29,1,0,0,-79.95695,505.1146,398.48895,0.038611054,0.018444512,-0.009171545,8.4928055,8.382222,2,-1,0,0.97029424,1
108,10,1,1,0,-37.014782,-376.17868,370.43484,-0.03247663,0.0068646097,-0.0056517697,27.89041,29.831112,2,1,1,0.99998486,1
108,29,1,1,0,-79.95695,505.1146,398.48895,0.038611054,0.018444512,-0.009171545,20.559896,20.393333,2,2,1,0.9808584,1
108,26,1,1,0,-44.720173,436.64798,61.538452,-0.014627159,0.01628173,0.013709404,16.212936,13.800278,2,3,1,0.9986307,1
108,10,1,0,0,-37.014782,-376.17868,370.43484,-0.03247663,0.0068646097,-0.0056517697,3.9947498,4.088333,2,-1,0,0.9358471,1
108,38,1,1,0,-48.89272,456.7332,1.8242341,0.005207865,0.037837725,-0.008748394,16.192757,16.414722,2,4,1,0.99704874,1
108,26,1,0,0,-44.720173,436.64798,61.538452,-0.014627159,0.01628173,0.013709404,5.4176106,5.447222,2,-1,0,0.9858671,1
108,19,1,1,0,67.406364,549.27106,154.58153,0.016135473,0.0033319679,-0.0047753197,14.814986,13.192223,2,5,1,0.9003995,1
108,29,1,0,0,-79.95695,505.1146,398.48895,0.038611054,0.018444512,-0.009171545,3.8035834,3.653889,2,-1,0,0.96198076,1
108,12,1,0,0,-76.88522,-47.25677,462.9264,0.0055820225,0.0062485365,-0.024541156,5.7642503,5.7555556,2,-1,0,0.98549867,1
108,12,1,1,0,-76.88522,-47.25677,462.9264,0.0055820225,0.0062485365,-0.024541156,17.075388,17.4225,2,6,1,0.96506095,1
108,12,1,0,0,-76.88522,-47.25677,462.9264,0.0055820225,0.0062485365,-0.024541156,5.682625,5.7658334,2,-1,0,0.9953942,1
108,29,1,0,0,-79.95695,505.1146,398.48895,0.038611054,0.018444512,-0.009171545,14.580638,14.789722,2,-1,0,0.9981761,1
108,30,1,1,0,-82.39764,-291.9011,273.22043,0.0012313387,-0.00617611,-0.0052953474,9.932326,10.003889,2,7,1,0.9878729,1
108,22,1,0,0,-104.90667,-267.8347,340.63785,-0.0034525683,0.00069259986,0.012626101,4.2803335,4.2975,2,-1,0,0.9354519,1
108,29,0,0,0,0.0,0.0,0.0,0.0,0.0,0.0,2.9851112,2.9822223,2,-1,0,0.55952483,1
108,33,1,1,0,-102.2983,137.15666,163.29604,0.00086990546,0.0011480122,-0.009969356,12.006181,10.880278,2,9,1,0.99902046,1
108,22,1,1,0,-104.90667,-267.8347,340.63785,-0.0034525683,0.00069259986,0.012626101,12.196645,12.216389,2,10,1,0.9921063,1
108,22,1,0,0,71.893486,392.3304,247.05339,-0.0034525683,0.00069259986,0.012626101,3.0436947,3.1675,2,-1,0,0.83574563,1
108,25,1,1,0,-117.41368,508.2914,38.505405,-0.017513296,-0.00060907664,0.02550404,23.158985,23.220833,2,11,1,0.9973343,1
108,40,0,0,0,0.0,0.0,0.0,0.0,0.0,0.0,2.9934583,2.9288888,2,-1,0,0.5885604,1
108,18,1,0,0,124.633896,-493.182,425.13947,0.022485755,-0.0008650017,0.0010718795,2.8328195,2.797778,2,-1,0,0.60534114,1
108,21,1,1,0,-122.79678,-284.24976,135.64087,-0.024020348,0.016517978,-0.002715503,18.143618,11.166667,2,12,1,0.9779075,1
108,25,1,0,0,-117.41368,508.2914,38.505405,-0.017513296,-0.00060907664,0.02550404,6.487264,6.412778,2,-1,0,0.96339315,1
108,18,1,1,0,124.633896,-493.182,425.13947,0.022485755,-0.0008650017,0.0010718795,18.68239,18.768333,2,13,1,0.99688464,1
108,1,1,0,0,137.33725,91.48552,337.35803,-0.006769082,-0.027253985,0.009867772,3.8975,3.9011111,2,-1,0,0.95031714,1
108,18,1,0,0,124.633896,-493.182,425.13947,0.022485755,-0.0008650017,0.0010718795,6.631236,6.7075,2,-1,0,0.9849598,1
108,1,1,1,0,137.33725,91.48552,337.35803,-0.006769082,-0.027253985,0.009867772,31.998283,32.326946,2,14,1,0.99987686,1
108,21,1,0,0,-122.79678,-284.24976,135.64087,-0.024020348,0.016517978,-0.002715503,14.69173,14.782222,2,-1,0,0.922045,1
108,3,1,0,0,-150.58372,-159.85638,40.73436,0.019952632,0.011457772,-0.0009453584,6.828417,6.8775,2,-1,0,0.9758922,1
108,36,1,1,0,141.75485,507.02188,16.007473,0.027461387,0.016214626,0.00035885465,25.492521,25.3075,2,15,1,0.99973494,1
108,16,1,0,0,163.60254,-339.70493,264.55234,0.0067646857,-0.0030284028,0.020579727,7.7419443,7.66,2,-1,0,0.97606343,1
108,5,1,0,0,159.07655,-554.239,162.56557,-0.011857261,0.015546717,0.0020663647,6.4828544,6.4119444,2,-1,0,0.96330476,1
108,3,1,1,0,-150.58372,-159.85638,40.73436,0.019952632,0.011457772,-0.0009453584,11.881972,11.9580555,2,16,1,0.98695123,1
108,17,1,0,0,-187.07759,145.04478,66.93979,-0.004903957,0.008187678,0.009738721,3.6050138,3.6275,2,-1,0,0.93860996,1
108,13,1,0,0,-156.85805,526.3063,37.19708,0.019335223,0.014450734,-0.010727507,11.790257,11.831944,2,-1,0,0.99570185,1
108,13,1,1,0,-156.85805,526.3063,37.19708,0.019335223,0.014450734,-0.010727507,15.223001,15.461389,2,17,1,0.9616483,1
108,37,1,1,0,-156.63487,-407.22458,308.0433,-0.013632216,-0.003227717,0.007034593,17.836895,14.339723,2,18,1,0.96869296,1
108,5,1,1,0,159.07655,-554.239,162.56557,-0.011857261,0.015546717,0.0020663647,15.236827,14.5325,2,19,1,0.98490196,1
108,16,1,1,0,163.60254,-339.70493,264.55234,0.0067646857,-0.0030284028,0.020579727,14.220485,14.128612,2,20,1,0.9833957,1
108,36,1,0,0,141.75485,507.02188,16.007473,0.027461387,0.016214626,0.00035885465,3.3749933,3.5433333,2,-1,0,0.8796015,1
108,16,1,0,0,163.60254,-339.70493,264.55234,0.0067646857,-0.0030284028,0.020579727,7.5044174,6.8244443,2,-1,0,0.9864582,1
108,39,1,1,0,-169.03241,588.6233,256.183,0.010987334,0.0050604274,0.0073810224,14.247014,13.080833,2,21,1,0.9865833,1
108,34,1,1,0,-183.71852,71.33516,379.00085,-0.0018459529,-0.014488484,-0.005681894,14.441646,8.212222,2,22,1,0.96318364,1
108,17,1,1,0,-187.07759,145.04478,66.93979,-0.004903957,0.008187678,0.009738721,14.933327,14.767222,2,23,1,0.9955573,1
108,34,1,0,0,-183.71852,71.33516,379.00085,-0.0018459529,-0.014488484,-0.005681894,4.00582,4.0147223,2,-1,0,0.97378653,1
108,23,1,1,0,-225.73314,-390.99707,6.330611,0.015706727,0.0040261094,-0.015306152,19.973923,19.83,2,24,1,0.9953127,1
108,4,1,1,0,257.30014,377.3729,339.27728,-0.013521982,0.011218963,-0.007296975,12.831347,12.862223,2,26,1,0.9976478,1
108,27,1,1,0,-261.8374,-594.0988,180.68495,0.019049281,-0.011668712,0.0089103,17.113382,17.122223,2,27,1,0.9390993,1
108,24,1,0,0,-301.87305,-88.13986,292.76282,0.002097127,0.030408198,0.0061664875,3.213222,3.1744444,2,-1,0,0.91646475,1
108,27,1,0,0,-261.8374,-594.0988,180.68495,0.019049281,-0.011668712,0.0089103,5.092361,5.0569444,2,-1,0,0.9738588,1
108,28,1,1,0,-262.79587,282.64688,329.00528,-0.012990461,-0.008219356,0.0047848583,12.825298,12.86,2,28,1,0.9843827,1
108,6,1,1,0,284.78827,558.55963,191.88309,0.01240287,0.018468445,-0.01402877,18.47082,17.053612,2,29,1,0.9910547,1
108,20,1,1,0,285.1031,-346.48212,95.09577,0.01005146,0.0055062636,0.020931996,14.715521,14.860556,2,-1,1,0.93543905,1
108,8,1,1,0,-285.45245,-230.56918,338.09375,-0.0044320174,-0.0047018016,-0.0180074,19.4542,19.485556,2,30,1,0.93046147,1
108,11,1,1,0,-287.16873,-377.79355,323.4795,0.005855875,0.0033975067,0.008277154,8.28875,8.366944,2,31,1,0.9933903,1
108,32,1,1,0,291.7871,-309.1744,76.920715,-0.015497602,-0.016818892,-0.017601337,23.531137,23.518888,2,32,1,0.97438395,1
108,6,1,0,0,284.78827,558.55963,191.88309,0.01240287,0.018468445,-0.01402877,2.8675554,2.8075,2,-1,0,0.5967573,1
108,20,1,0,0,285.1031,-346.48212,95.09577,0.01005146,0.0055062636,0.020931996,5.5074162,5.588889,2,-1,0,0.96824706,1
108,24,1,1,0,-301.87305,-88.13986,292.76282,0.002097127,0.030408198,0.0061664875,16.441916,16.38139,2,33,1,0.905406,1
108,15,1,1,0,299.286,-115.47382,397.6648,0.0038866731,-0.024168465,-0.004133728,24.156172,17.843056,2,34,1,0.9829324,1
108,24,1,0,0,-301.87305,-88.13986,292.76282,0.002097127,0.030408198,0.0061664875,6.485833,6.39,2,-1,0,0.979809,1
108,2,1,1,0,-303.04944,215.36429,249.91647,0.0047755106,-0.018097375,-0.017235996,20.476505,5.5088887,2,35,1,0.9825958,1
108,2,1,0,0,-303.04944,215.36429,249.91647,0.0047755106,-0.018097375,-0.017235996,5.4038887,5.3886113,2,-1,0,0.97237676,1
108,31,1,1,0,-339.46686,-392.80984,304.3493,-0.011530089,-0.0064142672,0.015987128,15.459333,15.423056,2,36,1,0.98736733,1
108,7,1,1,0,342.39493,489.87567,250.44473,0.00019961999,0.008878285,-0.014870562,19.317509,15.330833,2,37,1,0.9783155,1
108,40,1,1,0,-356.78534,-114.9086,103.22324,-0.01163813,-0.0058311042,0.026363764,14.864048,13.751945,2,38,1,0.8943601,1
108,15,1,0,0,378.9539,-228.2007,469.77982,0.0038866731,-0.024168465,-0.004133728,2.8827221,2.8819444,2,-1,0,0.52611303,1
109,40,1,0,0,-11.450517,469.4638,158.99644,-0.009839889,0.024488619,-0.004042277,3.3952222,3.521389,2,-1,0,0.795045,1
109,40,1,0,0,-11.450517,469.4638,158.99644,-0.009839889,0.024488619,-0.004042277,4.9291525,4.7811112,2,-1,0,0.9489455,1
109,39,1,1,0,24.841825,11.093835,81.38288,0.009183035,0.013188579,0.02600435,32.227856,31.473612,2,0,1,0.9998404,1
109,40,1,0,0,57.84056,530.3316,126.30734,-0.009839889,0.024488619,-0.004042277,6.6565695,6.4544444,2,-1,0,0.87325555,1
109,39,1,0,0,24.841825,11.093835,81.38288,0.009183035,0.013188579,0.02600435,4.524528,4.453611,2,-1,0,0.9940607,1
109,12,1,1,0,43.482986,72.84275,436.2708,-0.0050880117,-0.019674245,-0.010007005,16.125284,16.1275,2,-1,1,0.9999534,1
109,12,1,0,0,43.482986,72.84275,436.2708,-0.0050880117,-0.019674245,-0.010007005,10.221264,10.1875,2,-1,0,0.99251574,1
109,4,1,1,0,-58.030506,-476.65155,209.30173,0.004730273,0.018598627,-0.002929359,23.22834,21.473888,2,1,1,0.9884254,1
109,40,1,1,0,57.84056,530.3316,126.30734,-0.009839889,0.024488619,-0.004042277,9.553763,9.425555,2,2,1,0.9892448,1
109,16,1,0,0,82.276726,-507.53284,284.68573,0.02391114,-0.011559291,-0.0057383436,7.7577367,7.6555557,2,-1,0,0.98199147,1
109,16,1,1,0,82.276726,-507.53284,284.68573,0.02391114,-0.011559291,-0.0057383436,14.635188,14.913333,2,3,1,0.9987859,1
109,35,1,1,0,-85.778305,-12.00418,357.53702,-0.025068343,-0.024162248,-0.008006862,13.733563,14.120277,2,4,1,0.96887016,1
109,8,1,0,0,-99.13203,-337.91943,426.31094,0.011722418,0.022205086,-0.02024024,5.104111,5.0855556,2,-1,0,0.9815005,1
109,23,1,1,0,90.813484,263.3548,351.3957,-0.0029339376,0.008212605,0.012225738,15.046237,15.127222,2,5,1,0.9879737,1
109,27,1,0,0,98.49055,133.33691,66.81012,-0.0030455887,-0.014022372,0.01886921,5.191403,5.2905555,2,-1,0,0.9988865,1
109,8,1,1,0,-99.13203,-337.91943,426.31094,0.011722418,0.022205086,-0.02024024,30.21645,30.659721,2,6,1,0.9986333,1
109,27,1,1,0,98.49055,133.33691,66.81012,-0.0030455887,-0.014022372,0.01886921,28.412834,28.266111,2,7,1,0.9960733,1
109,39,0,0,0,0.0,0.0,0.0,0.0,0.0,0.0,2.9712777,2.8758333,2,-1,0,0.58079326,1
109,30,1,1,0,98.37813,194.57462,72.48082,0.0075634555,-0.0060570138,0.020560043,22.32488,22.399166,2,8,1,0.9920665,1
109,15,1,1,0,-108.601494,-540.44055,287.2625,-0.011188716,-0.012664683,0.0034918543,11.8295765,11.755555,2,9,1,0.9922672,1
109,15,1,0,0,-108.601494,-540.44055,287.2625,-0.011188716,-0.012664683,0.0034918543,3.6033475,3.6613889,2,-1,0,0.8499297,1
109,16,1,0,0,82.276726,-507.53284,284.68573,0.02391114,-0.011559291,-0.0057383436,4.024,3.9405556,2,-1,0,0.96938765,1
109,16,1,0,0,82.276726,-507.53284,284.68573,0.02391114,-0.011559291,-0.0057383436,4.2307363,4.2619443,2,-1,0,0.9757782,1
109,13,1,1,0,-123.900604,-176.85602,83.76282,-0.0068704756,0.007238844,-0.010752412,15.96348,15.965555,2,10,1,0.97906905,1
109,35,1,0,0,-85.778305,-12.00418,357.53702,-0.025068343,-0.024162248,-0.008006862,7.919042,7.956389,2,-1,0,0.972117,1
109,35,1,0,0,-85.778305,-12.00418,357.53702,-0.025068343,-0.024162248,-0.008006862,4.469278,4.418889,2,-1,0,0.97850466,1
109,35,1,0,0,-85.778305,-12.00418,357.53702,-0.025068343,-0.024162248,-0.008006862,11.313285,11.245277,2,-1,0,0.9975733,1
109,1,1,0,0,144.68231,-273.39645,448.5912,-0.0060807797,-0.016369177,-0.010022319,4.2941804,4.095278,2,-1,0,0.93320566,1
109,1,1,1,0,144.68231,-273.39645,448.5912,-0.0060807797,-0.016369177,-0.010022319,20.251272,12.629723,2,11,1,0.9951102,1
109,20,1,1,0,146.39697,149.39601,58.30703,0.0048465966,0.00922142,0.00490744,11.217535,10.751667,2,12,1,0.99083745,1
109,37,1,0,0,175.57924,511.3572,73.143585,-0.015326637,-0.0132495845,-0.008376091,4.523306,4.2780557,2,-1,0,0.9851608,1
109,36,1,1,0,-166.87442,179.18266,283.45593,-0.006356299,-0.021207422,-0.007173933,24.007528,24.288055,2,13,1,0.9788244,1
109,37,1,1,0,175.57924,511.3572,73.143585,-0.015326637,-0.0132495845,-0.008376091,21.911606,21.690834,2,14,1,0.9787465,1
109,5,1,1,0,181.72398,275.08075,28.7863,-0.0026047796,-0.0030515657,-0.010787719,7.734382,7.9086113,2,15,1,0.942247,1
109,32,1,1,0,-185.64656,594.8282,5.897146,-0.0006768536,-0.023381162,-0.0065924875,13.209353,13.081111,2,16,1,0.99338865,1
109,32,1,0,0,-185.64656,594.8282,5.897146,-0.0006768536,-0.023381162,-0.0065924875,12.104611,7.8233333,2,-1,0,0.9931593,1
109,24,1,1,0,205.28926,-318.5951,269.257,-0.018355018,-0.010835406,-0.014353335,23.893528,23.734444,2,17,1,0.99283534,1
109,26,1,1,0,-207.06548,-73.77874,24.636948,-0.026796045,0.006949906,-0.013230942,33.25542,29.825556,2,18,1,0.9977175,1
109,31,1,1,0,209.54204,454.80035,188.9455,0.010559451,0.011466711,0.013174994,10.224485,5.8472223,2,19,1,0.98251677,1
109,31,1,0,0,209.54204,454.80035,188.9455,0.010559451,0.011466711,0.013174994,8.156132,8.128889,2,-1,0,0.9981622,1
109,18,1,1,0,216.72388,242.70694,70.98714,0.0041648354,-0.01169725,0.007554849,12.315132,12.364445,2,20,1,0.9961146,1
109,6,1,1,0,228.81197,90.34359,261.84323,-0.015198854,-0.004241839,0.023289109,21.566494,21.555277,2,21,1,0.93500453,1
109,6,1,0,0,228.81197,90.34359,261.84323,-0.015198854,-0.004241839,0.023289109,3.9458818,3.928611,2,-1,0,0.9749843,1
109,22,1,1,0,-235.30873,-180.12207,456.6897,0.0011001686,-0.02506247,-0.011743769,22.361181,22.411388,2,22,1,0.9992574,1
109,22,1,0,0,-235.30873,-180.12207,456.6897,0.0011001686,-0.02506247,-0.011743769,3.509618,3.5158334,2,-1,0,0.97536916,1
109,7,1,1,0,236.4905,-364.97897,191.6773,0.027135866,0.011717241,-0.0058146566,27.501333,29.663889,2,23,1,0.9303291,1
109,19,1,1,0,236.71066,-461.36792,53.292534,0.0103538735,-0.004085487,0.00057020265,11.165354,11.378889,2,24,1,0.99354327,1
109,25,1,1,0,239.55449,-64.77966,371.60437,0.0014624926,0.010343376,0.028121168,28.063911,27.685556,2,25,1,0.9562546,1
109,3,1,1,0,240.90279,-131.112,186.47704,0.026714033,-0.0038447669,0.0027672397,23.081123,23.033611,2,26,1,0.99891365,1
109,34,1,0,0,267.56686,80.03501,10.355351,-0.009475208,0.01292596,0.016452556,9.640382,9.8133335,2,-1,0,0.99559784,1
109,3,1,0,0,240.90279,-131.112,186.47704,0.026714033,-0.0038447669,0.0027672397,2.3495557,2.3141668,2,-1,0,0.9962171,1
109,2,1,1,0,251.42043,190.86575,72.55618,0.010029877,-0.032152712,0.00035502532,34.78297,34.99361,2,27,1,0.9875745,1
109,29,1,1,0,249.51624,-496.03143,80.50588,0.018702673,0.006869853,-0.00607715,21.015057,19.241667,2,28,1,0.97589284,1
109,14,1,1,0,268.29666,-536.84906,58.58515,-0.014384206,-0.00024400043,0.014748344,18.256243,18.116945,2,29,1,0.9999541,1
109,34,1,1,0,267.56686,80.03501,10.355351,-0.009475208,0.01292596,0.016452556,12.854035,12.919444,2,30,1,0.9973001,1
109,38,1,0,0,-301.9218,-81.957245,282.6187,0.011315319,0.015493765,-0.009426776,8.777527,8.715555,2,-1,0,0.985729,1
109,38,1,1,0,-301.9218,-81.957245,282.6187,0.011315319,0.015493765,-0.009426776,13.286417,13.203055,2,32,1,0.9841905,1
109,11,1,0,0,-337.1513,-136.35582,318.4207,0.0035075052,0.007612104,-0.028281167,2.8949165,2.986389,2,-1,0,0.88297296,1
109,28,1,1,0,-323.84387,-148.90398,106.674515,-0.014027121,-0.013943278,-0.017563585,21.578827,21.59639,2,33,1,0.961743,1
109,11,1,0,0,-337.1513,-136.35582,318.4207,0.0035075052,0.007612104,-0.028281167,11.332909,11.393056,2,-1,0,0.9387477,1
109,10,1,1,0,343.13303,-436.5321,189.11737,-0.023460766,0.0067079314,0.0017236023,13.690292,13.523611,2,34,1,0.993061,1
109,11,1,1,0,-337.1513,-136.35582,318.4207,0.0035075052,0.007612104,-0.028281167,13.627743,13.447778,2,35,1,0.9956179,1
109,33,1,1,0,344.33292,-335.07764,51.545353,-0.0060878014,-0.0031363382,0.01868148,9.873986,9.894722,2,36,1,0.96350515,1
109,21,1,1,0,348.84445,143.56018,462.3425,-0.004901585,-0.028762408,-0.036195014,23.132605,22.925556,2,37,1,0.99226075,1
109,33,1,0,0,344.33292,-335.07764,51.545353,-0.0060878014,-0.0031363382,0.01868148,3.1847222,3.2052777,2,-1,0,0.9434525,1
109,21,1,0,0,348.84445,143.56018,462.3425,-0.004901585,-0.028762408,-0.036195014,14.726847,14.149445,2,-1,0,0.9800285,1
109,21,1,0,0,348.84445,143.56018,462.3425,-0.004901585,-0.028762408,-0.036195014,5.4249926,5.4708333,2,-1,0,0.98688704,1
109,17,1,1,0,-351.52524,103.501595,186.5739,-0.022102041,-0.0061980584,-0.016206615,27.034903,27.161945,2,38,1,0.98096484,1
